Symbol,Date,Open,High,Low,Close,Percent Change,Volume,Turnover,Daily_Return,Log_Return,SMA_5,SMA_20,EMA_12,EMA_26,RSI_14,MACD,MACD_Signal,ATR_14,BB_Middle,BB_Std,BB_Upper,BB_Lower,OBV
BEDC,2023-06-08,202.8,223.0,202.8,223.0,0.00 %,3223.0,717242.3,,,,,223.0,223.0,,0.0,0.0,20.19999999999999,,,,,0.0
BEDC,2023-06-11,227.4,245.3,227.4,245.3,10.00 %,2858.0,699718.8,0.10000000000000009,0.09531017980432493,,,226.43076923076922,224.65185185185186,99.9999999955157,1.778917378917356,0.35578347578347125,20.34999999999999,,,,,2858.0
BEDC,2023-06-12,250.2,269.8,250.2,269.8,9.99 %,12422.0,3350734.6,0.0998777007745617,0.09519899250921184,,,233.10295857988163,227.99615912208503,99.99999999554707,5.106799457796598,1.3059866721860967,20.646428571428565,,,,,15280.0
BEDC,2023-06-13,275.1,296.7,254.6,296.7,9.97 %,78893.0,21901591.2,0.09970348406226837,0.09504058352312063,,,242.88711879836137,233.08533252044913,99.99999999560912,9.801786277912242,3.005146593331326,22.178826530612238,,,,,94173.0
BEDC,2023-06-14,302.6,326.3,279.3,319.0,7.52 %,35632.0,11237285.0,0.07516009437141902,0.07246957548806852,270.76,,254.5967928293827,239.4493819633788,99.99999999560258,15.147410866003895,5.4335994478658405,23.951767492711365,,,,,129805.0
BEDC,2023-06-15,320.0,320.0,300.1,300.3,-5.86 %,28590.0,8734924.0,-0.05862068965517242,-0.060409127795559986,286.21999999999997,,261.6280554710161,243.95683515127666,94.05079607435061,17.67122031973946,7.881123622240565,23.662355528946268,,,,,101215.0
BEDC,2023-06-18,299.0,299.0,277.2,289.1,-3.73 %,49791.0,14354572.3,-0.037296037296037254,-0.03800932596698417,294.98,,265.8545084754752,247.30077328821912,90.5752003181671,18.55373518725608,10.015645935243668,23.62218727687868,,,,,51424.0
BEDC,2023-06-19,283.5,287.0,278.4,284.6,-1.56 %,17866.0,5032991.0,-0.015565548253199557,-0.015687963366548353,297.93999999999994,,268.73843024847906,250.06367897057328,89.14970476725905,18.674751277905784,11.747467003776093,22.699173899958776,,,,,33558.0
BEDC,2023-06-20,284.0,284.0,274.0,278.0,-2.32 %,13448.0,3727304.7,-0.023190442726633953,-0.02346357196511501,294.2,,270.1632871333285,252.13303608386414,86.98734115506988,18.03025104946434,13.004023812913744,21.834947192818866,,,,,20110.0
BEDC,2023-06-21,272.5,276.0,267.3,271.0,-2.52 %,14784.0,4001340.1,-0.025179856115107868,-0.02550229281093612,284.6,,270.29201218973947,253.53058896654088,84.64238096317038,16.76142322319859,13.755503694970715,21.03959382190323,,,,,5326.0
BEDC,2023-06-22,269.0,270.0,261.0,264.0,-2.58 %,9747.0,2575265.4,-0.02583025830258301,-0.02616971773338472,277.34,,269.32401031439497,254.30610089494525,82.25444071685698,15.017909419449722,14.007984839866518,20.251051406053,,,,,-4421.0
BEDC,2023-06-25,258.8,270.4,252.1,270.0,2.27 %,22187.0,5730320.7,0.022727272727272707,0.022472855852058576,273.52,,269.428008727565,255.46861193976412,82.70484037455778,13.95939678780087,13.99826722945339,20.11169059133493,,,,,17766.0
BEDC,2023-06-26,265.0,280.0,260.0,269.0,-0.37 %,16541.0,4378570.3,-0.0037037037037036535,-0.0037105793965356015,270.4,,269.36216123101656,256.4709369812631,82.32978209250763,12.891224249753463,13.776858633513406,20.103712691953863,,,,,1225.0
BEDC,2023-06-27,274.2,274.2,255.1,268.0,-0.37 %,9935.0,2626895.0,-0.0037174721189591198,-0.0037243990909824397,268.4,,269.15259796470633,257.3249416493177,81.92965895770077,11.827656315388651,13.387018169888456,20.032018928242874,,,,,-8710.0
BEDC,2023-06-28,263.0,273.0,256.1,263.0,-1.87 %,8720.0,2278987.5,-0.018656716417910446,-0.018832948333092125,266.8,,268.20604443167457,257.7453163419608,79.84029772693422,10.460728089713768,12.80176015385352,19.80830329051124,,,,,-17430.0
BEDC,2023-07-02,257.8,258.0,247.4,247.4,-5.93 %,11249.0,2832487.5,-0.05931558935361214,-0.061147572219377,263.48,,265.00511451910927,256.97899661292666,73.5390082561411,8.026117906182606,11.846631704319337,19.507710198331868,,,,,-28679.0
BEDC,2023-07-03,243.0,252.3,237.0,237.1,-4.16 %,10062.0,2425419.6,-0.04163298302344387,-0.04252446688702779,256.9,,260.7120199777078,255.50647834530247,69.63141106336138,5.205541632405357,10.51841368993654,19.207159469879596,,,,,-38741.0
BEDC,2023-07-04,234.0,239.8,229.5,230.0,-2.99 %,12012.0,2788389.0,-0.029945170814002497,-0.030402684148164386,249.1,,255.98709382729123,253.61710957898376,66.98899447781855,2.3699842483074747,8.888727801610727,18.570933793459627,,,,,-50753.0
BEDC,2023-07-05,226.5,249.9,222.0,223.5,-2.83 %,17941.0,4100656.3,-0.02826086956521734,-0.0286678948695718,240.2,,250.98907939232336,251.3862125731331,64.57304928927553,-0.3971331808097318,7.031555605126636,19.23729566535537,,,,,-68694.0
BEDC,2023-07-06,219.3,227.9,219.3,224.0,0.22 %,6690.0,1491582.0,0.0022371364653244186,0.0022346378014163628,232.4,263.64,246.83691333196595,249.35760423438248,64.67857618174077,-2.5206909024165327,5.121106303618002,18.4774888321157,263.64,27.382772148310966,318.40554429662194,208.87445570337806,-62004.0
BEDC,2023-07-09,224.0,240.7,218.0,229.0,2.23 %,6683.0,1514040.3,0.022321428571428603,0.022075951699199826,228.71999999999997,263.94,244.0927728193558,247.84963355035416,65.77641739811583,-3.756860730998369,3.3455128966947285,18.779096772678862,263.94,26.943437830114814,317.82687566022963,210.05312433977036,-55321.0
BEDC,2023-07-10,227.0,234.6,222.1,227.4,-0.70 %,7595.0,1728960.0,-0.006986899563318771,-0.007011422237803978,226.78000000000003,263.04499999999996,241.52465392407026,246.33484587995756,65.0793429693113,-4.810191955887291,1.714371926178325,18.33058986034466,263.04499999999996,27.876352457159605,318.7977049143192,207.29229508568073,-62916.0
BEDC,2023-07-11,222.9,230.0,222.9,228.0,0.26 %,10400.0,2354488.0,0.0026385224274405594,0.002635047638005032,226.38000000000002,260.955,239.44393793575176,244.97670914810885,65.22815997384205,-5.5327712123570905,0.2649432984712421,17.528404870320042,260.955,28.89171206965396,318.7384241393079,203.17157586069206,-52516.0
BEDC,2023-07-12,224.0,244.0,224.0,240.6,5.53 %,11187.0,2654362.7,0.0552631578947369,0.05379017458613779,229.8,258.15,239.6217936379438,244.65250847047116,68.28478260484754,-5.030714832527366,-0.7941883277284796,17.704947379582894,258.15,27.946518472554697,314.04303694510935,202.25696305489058,-41329.0
BEDC,2023-07-13,236.0,244.9,232.1,236.2,-1.83 %,8649.0,2065752.0,-0.018287614297589405,-0.01845689977731662,232.24,254.01,239.0953638474909,244.02639673191774,66.09963865734261,-4.931032884426855,-1.6215572390681547,17.354593995326972,254.01,24.360708225812257,302.7314164516245,205.28858354837547,-49978.0
BEDC,2023-07-16,231.5,232.2,227.2,232.2,-1.69 %,5089.0,1164075.0,-0.01693480101608802,-0.017079834499470765,232.88000000000002,250.60499999999996,238.0345386401846,243.15036734436828,64.09170238059103,-5.115828704183684,-2.320411532091261,16.757837281375046,250.60499999999996,22.214823761102434,295.0346475222048,206.1753524777951,-55067.0
BEDC,2023-07-17,228.0,238.7,224.6,235.0,1.21 %,5512.0,1274761.0,0.012058570198105079,0.011986444880367835,234.4,247.9,237.56768654169466,242.54663642997065,64.89558982218531,-4.9789498882759915,-2.8521192033282072,16.56799176127683,247.9,20.509022404785632,288.91804480957126,206.88195519042876,-49555.0
BEDC,2023-07-18,230.3,244.0,226.0,235.0,0.00 %,7115.0,1665004.0,0.0,0.0,235.8,245.42,237.1726578429724,241.98762632404691,64.89558982162653,-4.814968481074516,-3.244689058877469,16.67027806404277,245.42,18.762072604620514,282.944145209241,207.89585479075896,-49555.0
BEDC,2023-07-19,230.3,238.0,226.3,232.0,-1.28 %,4989.0,1146294.8,-0.012765957446808529,-0.012848142477849024,234.08,243.11999999999998,236.37686432866894,241.24780215189529,63.13915600159409,-4.870937823226342,-3.5699388117472437,16.315258202325428,243.11999999999998,17.322227886370953,277.7644557727419,208.47554422725807,-54544.0
BEDC,2023-07-20,230.0,236.6,226.0,236.0,1.72 %,12037.0,2764530.8,0.01724137931034475,0.01709443335930004,234.03999999999996,241.36999999999998,236.3188852011814,240.85907606656968,64.51810081009012,-4.540190865388297,-3.7639892224754545,15.907025473587897,241.36999999999998,16.08085164018633,273.53170328037265,209.2082967196273,-42507.0
BEDC,2023-07-23,231.5,240.6,231.4,235.0,-0.42 %,5756.0,1356088.0,-0.004237288135593209,-0.004246290881451097,234.6,239.92,236.11597978561502,240.42507043200897,63.8747680931511,-4.3090906463939405,-3.8730095072591517,15.427952225474476,239.92,15.217185575595265,270.3543711511905,209.48562884880945,-48263.0
BEDC,2023-07-24,236.0,243.6,233.0,236.4,0.60 %,6918.0,1637562.5,0.005957446808510625,0.005939771387784158,234.88000000000002,238.24,236.15967520321271,240.126917066675,64.40982127418033,-3.9672418634622773,-3.891855978499777,15.08309849508344,238.24,13.476740196196888,265.1934803923938,211.28651960760624,-41345.0
BEDC,2023-07-25,231.7,239.5,228.6,231.0,-2.28 %,9807.0,2278757.5,-0.022842639593908642,-0.023107575010149605,234.08,236.34,235.36587901810307,239.4508491358102,60.67680875683941,-4.084970117707115,-3.930478806341245,14.784305745434624,236.34,11.436018814071138,259.2120376281423,213.46796237185774,-51152.0
BEDC,2023-07-26,230.0,232.0,226.6,231.0,0.00 %,5915.0,1354934.2,0.0,0.0,233.88000000000002,234.49,234.6942053230103,238.82486031093535,60.67680875613808,-4.130654987925055,-3.970514042658007,14.113998192189294,234.49,8.713504340662059,251.91700868132412,217.0629913186759,-51152.0
BEDC,2023-07-27,227.1,231.0,226.4,226.5,-1.95 %,3740.0,854366.0,-0.01948051948051943,-0.01967276559870478,231.98000000000002,232.66500000000002,233.43355835023948,237.9119076953105,57.45834526200976,-4.478349345071024,-4.072081103140611,13.4344268927472,232.66500000000002,5.744496221785259,244.15399244357053,221.1760075564295,-54892.0
BEDC,2023-07-30,224.0,226.6,223.3,224.2,-1.02 %,4962.0,1114022.4,-0.010154525386313562,-0.010206434285029271,229.82,231.50500000000002,232.0130109117411,236.8962108289912,55.82837074146393,-4.883199917250096,-4.234304865962508,12.710539257550971,231.50500000000002,4.891504450521706,241.28800890104344,221.7219910989566,-59854.0
BEDC,2023-07-31,222.1,225.5,222.1,222.6,-0.71 %,5047.0,1126835.7,-0.007136485280999083,-0.007162071796615055,227.06,230.77999999999997,230.56485538685786,235.83723224906592,54.666583864344744,-5.272376862208063,-4.441919265211619,12.045500739154475,230.77999999999997,5.089162892595254,240.95832578519048,220.60167421480946,-64901.0
BEDC,2023-08-01,227.0,227.0,215.0,218.0,-2.07 %,5789.0,1263971.0,-0.020664869721473522,-0.020881376052355474,224.45999999999998,230.17999999999998,228.63180071195666,234.51595578617216,51.35757053730898,-5.884155074215499,-4.730366427012395,12.042250686357727,230.17999999999998,5.838222512483,241.85644502496598,218.50355497503398,-70690.0
BEDC,2023-08-02,218.0,218.0,212.2,217.0,-0.46 %,5621.0,1203932.0,-0.004587155963302725,-0.0045977092486294314,221.66,229.85499999999996,226.84229291011718,233.21847757978904,50.63994699902857,-6.376184669671858,-5.059530075544288,11.596375637332176,229.85499999999996,6.384972076763754,242.62494415352748,217.08505584647244,-76311.0
BEDC,2023-08-03,213.0,217.0,212.1,214.1,-1.34 %,6941.0,1483273.0,-0.013364055299539213,-0.013454157944822482,219.18,229.35999999999999,224.88194015471453,231.80229405536022,48.52247428119105,-6.920353900645694,-5.431694840564569,11.11806309180845,229.35999999999999,7.195129931894378,243.75025986378876,214.96974013621121,-83252.0
BEDC,2023-08-06,209.9,210.0,206.1,207.5,-3.08 %,5060.0,1050285.3,-0.030826716487622585,-0.0313118559248841,215.84,228.285,222.2077955155277,230.00212412533355,44.011961419840226,-7.794328609805859,-5.904221594412827,10.895344299536418,228.285,8.700409851205164,245.68581970241033,210.88418029758967,-88312.0
BEDC,2023-08-07,203.4,208.0,203.4,207.0,-0.24 %,6245.0,1280241.8,-0.002409638554216831,-0.002412546405383878,212.72000000000003,227.26500000000001,219.86813466698496,228.29826307901257,43.68069055951059,-8.430128412027614,-6.409402957935785,10.44567684956953,227.26500000000001,9.919957289806224,247.10491457961245,207.42508542038757,-94557.0
BEDC,2023-08-08,210.0,214.2,200.1,201.1,-2.85 %,5131.0,1047159.6,-0.02850241545893728,-0.028916496486762797,209.34,225.92000000000002,216.98072933360265,226.28357692501163,39.867422301240026,-9.302847591408977,-6.988091884630424,10.706699931743135,225.92000000000002,11.51107475891214,248.9421495178243,202.89785048217573,-99688.0
BEDC,2023-08-09,197.3,209.0,197.3,205.0,1.94 %,4027.0,812190.6,0.019393336648433568,0.01920768235980177,206.94,224.14000000000001,215.1375402053561,224.70701567130706,43.385708906857886,-9.569475465950973,-7.504368600894534,10.777649936618625,224.14000000000001,11.868507643516597,247.8770152870332,200.40298471296683,-95661.0
BEDC,2023-08-10,202.0,213.0,202.0,203.8,-0.59 %,4690.0,962863.1,-0.00585365853658526,-0.005870858349783633,204.88000000000002,222.51999999999998,213.3933032506859,223.15834784380283,42.56056424649768,-9.765044593116926,-7.956503799339012,10.79353208400301,222.51999999999998,12.337687235288108,247.1953744705762,197.84462552942375,-100351.0
BEDC,2023-08-13,203.8,210.0,200.3,201.6,-1.08 %,10515.0,2149226.6,-0.010794896957801892,-0.010853584591411015,203.7,220.99,211.57894890442654,221.56143318870633,41.02025518167578,-9.982484284279792,-8.361699896327169,10.715422649431366,220.99,12.955953721826399,246.90190744365282,195.0780925563472,-110866.0
BEDC,2023-08-14,200.0,208.0,200.0,202.0,0.20 %,4015.0,811154.5,0.001984126984126977,0.0019821612039912025,202.7,219.34,210.10526445759172,220.11243813769104,41.43526528304423,-10.007173680099328,-8.690794653081602,10.521463888757697,219.34,13.17726910450849,245.69453820901697,192.98546179098304,-106851.0
BEDC,2023-08-15,200.0,202.0,198.1,198.1,-1.93 %,4555.0,910254.4,-0.019306930693069324,-0.01949574369669953,202.1,217.49500000000003,208.2583006948853,218.48188716452873,38.58452143134779,-10.223586469643436,-8.99735301639397,10.048502182417861,217.49500000000003,13.449690859292232,244.3943817185845,190.59561828141557,-111406.0
BEDC,2023-08-16,195.0,198.0,192.2,196.0,-1.06 %,6020.0,1175079.0,-0.010600706713780883,-0.01065729447398798,200.3,215.69500000000002,206.37240828028757,216.81656218937843,37.10421806256657,-10.444153909090858,-9.286713194933348,9.752180597959445,215.69500000000002,13.81042607673839,243.3158521534768,188.07414784652323,-117426.0
BEDC,2023-08-17,199.9,199.9,188.6,188.9,-3.62 %,4100.0,780133.0,-0.0362244897959183,-0.036896884723053296,197.32,213.34,203.68434546793566,214.74866869386892,32.556449246831676,-11.064323225933265,-9.642235201133332,9.86273912667663,213.34,14.17668211499,241.69336422998,184.98663577002,-121526.0
BEDC,2023-08-20,186.0,189.0,181.0,182.0,-3.65 %,5320.0,974911.0,-0.03652726310217047,-0.037211087430668525,193.4,210.69,200.34829231902248,212.32284138321194,28.855001504006495,-11.97454906418946,-10.108697973744558,9.729686331914014,210.69,14.852215854527499,240.394431709055,180.985568290945,-126846.0
BEDC,2023-08-21,179.0,180.0,170.0,172.6,-5.16 %,6815.0,1191248.3,-0.05164835164835169,-0.05302990842746782,187.52,207.5,196.0793242699421,209.3804086881592,24.73001594661568,-13.301084418217101,-10.747175262639066,9.891851593920157,207.5,15.857092054379255,239.2141841087585,175.7858158912415,-133661.0
BEDC,2023-08-22,171.0,179.5,171.0,178.0,3.13 %,5301.0,924083.6,0.03128621089223649,0.030806771642757677,183.5,204.85,193.29788976687408,207.0559339705178,30.846037285294983,-13.75804420364372,-11.349349050839997,9.792433622925861,204.85,16.149058959058994,237.14811791811798,172.551882081882,-128360.0
BEDC,2023-08-23,176.0,191.7,175.1,191.7,7.70 %,4836.0,892551.0,0.0769662921348313,0.07414809975951352,182.64000000000001,202.88500000000002,193.05206057197037,205.91845738010906,43.40933037446868,-12.866396808138688,-11.652758602299738,10.278688364145442,202.88500000000002,15.160415040840158,233.20583008168035,172.5641699183197,-123524.0
BEDC,2023-08-24,191.7,194.2,182.0,183.9,-4.07 %,4344.0,820506.0,-0.04068857589984343,-0.04153951844132332,181.64000000000001,200.755,191.6440512532057,204.28746053713803,39.05860322855037,-12.643409283932328,-11.850888738626256,10.415924909563623,200.755,14.652015309560174,230.05903061912034,171.45096938087966,-127868.0
BEDC,2023-08-27,182.0,182.0,172.0,178.0,-3.21 %,2044.0,360001.0,-0.032082653616095747,-0.032608581318190305,180.84,198.445,189.5449664450202,202.34024123809078,36.11042676675381,-12.795274793070575,-12.039765949515122,10.521930273166221,198.445,14.400931073700797,227.2468621474016,169.6431378525984,-129912.0
BEDC,2023-08-28,174.5,181.0,174.5,181.0,1.69 %,3818.0,683200.5,0.016853932584269593,0.016713480973740532,182.52,196.36499999999998,188.2303562227094,200.75948262786184,38.646321930802344,-12.529126405152454,-12.137638040642589,10.234649539368634,196.36499999999998,13.716462448651667,223.79792489730332,168.93207510269664,-126094.0
BEDC,2023-08-29,177.5,180.4,175.0,178.0,-1.66 %,3730.0,663613.0,-0.016574585635359074,-0.016713480973740556,182.52,194.36499999999998,186.6564552653695,199.073595025798,37.06210001955388,-12.417139760428512,-12.193538384599773,9.932174572270876,194.36499999999998,13.305886113414862,220.9767722268297,167.75322777317027,-129824.0
BEDC,2023-08-30,175.0,181.5,172.0,175.0,-1.69 %,3100.0,545342.5,-0.016853932584269704,-0.016997576368571136,179.18,192.265,184.86315445531264,197.29036576462778,35.4951278729134,-12.42721130931514,-12.240272969542847,9.901304959965813,192.265,12.852084614854412,217.96916922970883,166.56083077029115,-132924.0
BEDC,2023-09-03,172.0,175.8,172.0,175.0,0.00 %,2825.0,488258.5,0.0,0.0,177.4,190.31,183.34574607757224,195.63922755984055,35.49512787237468,-12.293481482268305,-12.250914672087939,9.465497462825399,190.31,12.318616634569125,214.94723326913825,165.67276673086175,-132924.0
BEDC,2023-09-04,171.5,182.0,171.5,182.0,4.00 %,3035.0,530730.5,0.040000000000000036,0.03922071315328133,178.2,189.035,183.13870821948422,194.62891440725974,42.1176519408406,-11.490206187775527,-12.098772975225458,9.539390501195014,189.035,11.752414085715113,212.53982817143023,165.53017182856976,-129889.0
BEDC,2023-09-05,178.4,181.0,175.5,176.1,-3.24 %,2889.0,511975.0,-0.03241758241758241,-0.03295467157463489,177.21999999999997,187.49,182.05583003187124,193.2564022289442,38.527290664353586,-11.200572197072972,-11.91913281959496,9.322291179681084,187.49,11.28832186493306,210.06664372986614,164.91335627013387,-132778.0
BEDC,2023-09-07,172.9,180.0,172.8,179.0,1.65 %,5225.0,922847.1,0.016467915956842827,0.016333790338594664,177.42,186.38500000000002,181.58570233466028,192.20037243420762,41.18140317532053,-10.61467009954734,-11.658240275585436,9.170698952561008,186.38500000000002,10.962917158840034,208.31083431768008,164.45916568231996,-127553.0
BEDC,2023-09-10,177.0,188.5,176.0,188.0,5.03 %,4040.0,737353.0,0.05027932960893855,0.04905615698919421,180.01999999999998,185.53500000000003,182.57251736009718,191.88923373537742,48.59861960759592,-9.316716375280237,-11.189935495524397,9.40850617023522,185.53500000000003,10.066007152789552,205.66701430557913,165.40298569442092,-123513.0
BEDC,2023-09-11,184.4,204.0,181.0,201.0,6.91 %,10997.0,2166116.2,0.06914893617021267,0.06686294522912646,185.21999999999997,185.395,185.40751468931302,192.56410531053464,57.02802811433935,-7.156590621221625,-10.383266520663842,10.379327158075561,185.395,9.81494429831152,205.02488859662304,165.76511140337698,-112516.0
BEDC,2023-09-12,202.0,210.0,187.4,197.5,-1.74 %,9425.0,1872759.2,-0.01741293532338306,-0.01756632371789917,188.32,185.19,187.26789704480333,192.9297271393839,54.43954019202864,-5.66183009458058,-9.43897923544719,11.252232361070163,185.19,9.496309532489587,204.18261906497918,166.19738093502082,-121941.0
BEDC,2023-09-13,193.6,212.0,190.0,212.0,7.34 %,6910.0,1403050.0,0.07341772151898729,0.07084769033083585,195.5,185.69,191.07283596098742,194.34233994387398,62.11213938773903,-3.2695039828865617,-8.205084184935066,12.019930049565152,185.69,10.624247341762981,206.93849468352596,164.44150531647404,-115031.0
BEDC,2023-09-17,207.9,210.0,193.1,195.0,-8.02 %,19419.0,3878204.1,-0.08018867924528306,-0.0835867161082657,198.7,185.53500000000003,191.67701504391243,194.39105550358704,51.22110851344795,-2.7140404596746066,-7.106875439882974,12.511363617453355,185.53500000000003,10.454929585204741,206.4448591704095,164.62514082959055,-134450.0
BEDC,2023-09-18,191.1,212.1,188.0,212.0,8.72 %,5990.0,1198863.1,0.08717948717948709,0.08358671610826557,203.5,186.335,194.80362811407974,195.6954217625806,58.969086381811564,-0.8917936485008511,-5.86385908160655,13.33912335906383,186.335,11.820778984038402,209.9765579680768,162.6934420319232,-128460.0
BEDC,2023-09-19,211.0,228.5,199.0,225.0,6.13 %,25367.0,5520671.6,0.061320754716981174,0.059514127532407715,208.3,188.14000000000001,199.4492237888367,197.8661312616487,63.715414183828905,1.5830925271880005,-4.374468759847639,14.493471690559272,188.14000000000001,14.650539778092941,217.4410795561859,158.83892044381412,-103093.0
BEDC,2023-09-21,227.0,242.7,225.1,231.0,2.67 %,36575.0,8624137.4,0.026666666666666616,0.026317308317373358,215.0,190.59,204.3031893597849,200.32049190893397,65.68821154725663,3.982697450850935,-2.7030355177079244,14.722509426947894,190.59,17.40743640244802,225.40487280489606,155.77512719510395,-66518.0
BEDC,2023-09-24,232.6,232.6,221.5,222.5,-3.68 %,14329.0,3247245.6,-0.03679653679653683,-0.03749060891549867,217.1,193.085,207.10269868904876,201.9634184341981,60.656775175048566,5.139280254850661,-1.1345723631962075,14.463758753594474,193.085,18.248958874412775,229.58291774882557,156.58708225117445,-80847.0
BEDC,2023-09-25,223.0,241.7,218.1,234.0,5.17 %,18268.0,4252748.7,0.051685393258426915,0.05039401375140647,224.9,195.88500000000002,211.2407450445797,204.33649855018345,64.60670304488515,6.904246494396261,0.47319140832228646,15.116347414052012,195.88500000000002,20.02254715906171,235.93009431812345,155.8399056818766,-62579.0
BEDC,2023-09-26,230.0,245.0,230.0,244.0,4.27 %,18323.0,4393785.9,0.042735042735042805,0.041847109935500504,231.3,198.5,216.28063042233669,207.27453569461431,67.64830957226044,9.00609472772237,2.1797720722023035,15.108036884476869,198.5,22.68539989555088,243.87079979110177,153.12920020889823,-44256.0
BEDC,2023-09-27,239.8,241.7,232.0,235.4,-3.52 %,20680.0,4867173.4,-0.03524590163934427,-0.03588203046702553,233.38000000000002,201.075,219.22207189582338,209.35790342093918,62.66104104569219,9.864168474884195,3.7166513527386824,14.88603424987138,201.075,23.834691103515617,248.7443822070312,153.40561779296877,-64936.0
BEDC,2023-10-01,231.0,235.0,218.7,222.0,-5.69 %,21698.0,4890317.1,-0.0569243840271878,-0.05860881295389694,231.58,203.275,219.6494454503121,210.29435501938815,55.76275701591742,9.355090430923951,4.844339168375736,15.015603232023427,203.275,23.622421886620334,250.51984377324067,156.03015622675935,-86634.0
BEDC,2023-10-02,217.6,231.5,216.0,224.9,1.31 %,14128.0,3136281.9,0.01306306306306304,0.012978477092990532,232.06000000000003,205.47000000000003,220.457223073341,211.37625464758162,56.869398294490914,9.08096842575938,5.691665019852465,15.050203001164611,205.47000000000003,23.48287393870387,252.43574787740778,158.50425212259228,-72506.0
BEDC,2023-10-03,220.5,223.0,216.0,218.0,-3.07 %,5150.0,1128100.0,-0.030680302356602906,-0.03116079617618096,228.86000000000004,207.47000000000003,220.07918875436548,211.86690245146445,53.44368520590243,8.21228630290102,6.195789276462176,14.61090278679571,207.47000000000003,22.71083905377166,252.89167810754336,162.0483218924567,-77656.0
BEDC,2023-10-04,216.1,229.5,216.0,222.5,2.06 %,6874.0,1526069.6,0.020642201834862428,0.020432038817205934,224.56000000000003,209.84500000000003,220.45162125369384,212.65453930691154,55.333429608071214,7.797081946782299,6.516047810526201,14.531552587738874,209.84500000000003,21.592700399123757,253.03040079824754,166.6595992017525,-70782.0
BEDC,2023-10-05,220.2,229.5,219.7,220.0,-1.12 %,6336.0,1413138.6,-0.011235955056179803,-0.011299555253933394,221.48000000000002,212.09500000000003,220.38214106081787,213.1986475063996,54.021521365286645,7.183493554418277,6.649536959304617,14.193584545757528,212.09500000000003,20.060893483801355,252.21678696760273,171.97321303239733,-77118.0
BEDC,2023-10-08,216.0,218.0,210.8,212.9,-3.23 %,11767.0,2513150.5,-0.03227272727272723,-0.03280497445292771,219.66,213.64000000000001,219.23104243607665,213.1765254688885,50.369082659023256,6.054516967188135,6.530532960881322,13.836899935346276,213.64000000000001,18.769443252265155,251.17888650453034,176.1011134954697,-88885.0
BEDC,2023-10-09,216.0,217.0,207.0,207.1,-2.72 %,5508.0,1155393.7,-0.027242837012682042,-0.027620803497895342,216.1,215.19,217.36472821514178,212.72641247119304,47.54132777636305,4.638315743948738,6.152089517494805,13.562835654250113,215.19,16.668624797252484,248.52724959450495,181.85275040549504,-94393.0
BEDC,2023-10-10,204.0,212.0,204.0,211.0,1.88 %,4205.0,868891.4,0.0188314823756639,0.01865636507452799,214.7,216.79000000000002,216.3855392589661,212.59853006591948,49.59064938316963,3.7870091930466288,5.67907345260517,13.165490250375106,216.79000000000002,14.392355426991196,245.57471085398242,188.00528914601762,-90188.0
BEDC,2023-10-11,206.8,217.2,206.0,209.0,-0.95 %,6959.0,1462506.4,-0.009478672985781977,-0.009523881511255479,212.0,217.84,215.2493024498944,212.33197228325878,48.54334576633428,2.9173301666356224,5.126724795411261,13.025098089634026,217.84,12.866578492562178,243.57315698512437,192.10684301487564,-97147.0
BEDC,2023-10-12,205.1,211.0,205.0,209.0,0.00 %,6219.0,1279421.0,0.0,0.0,209.8,218.24,214.28787130375682,212.0851595215359,48.543345765782256,2.2027117822209163,4.541922192773192,12.523305368945882,218.24,12.432529488148603,243.10505897629722,193.3749410237028,-97147.0
BEDC,2023-10-16,204.9,205.5,201.2,205.0,-1.91 %,4810.0,977672.2,-0.019138755980861233,-0.019324272826402814,208.21999999999997,218.615,212.85896802625578,211.56033289031103,46.27644674275276,1.2986351359447497,3.8932647814075034,12.185926414021178,218.615,11.874620215533554,242.36424043106712,194.8657595689329,-101957.0
BEDC,2023-10-17,203.5,217.0,203.5,208.0,1.46 %,5415.0,1132039.0,0.014634146341463428,0.014528100562909808,208.4,218.41500000000002,212.1114344837549,211.29660452806579,48.22913899727126,0.8148299556891061,3.2775778162638245,12.279788813019666,218.41500000000002,12.024635895570931,242.46427179114187,194.36572820885817,-96542.0
BEDC,2023-10-18,207.0,213.0,206.1,211.0,1.44 %,4389.0,924837.0,0.014423076923076872,0.014320053774748471,208.4,219.215,211.9404445631772,211.27463382228314,50.179270250697286,0.6658107408940737,2.7552244011898743,11.895518183518263,219.215,10.860758672734077,240.93651734546816,197.49348265453185,-92153.0
BEDC,2023-10-19,207.1,211.1,205.8,210.6,-0.19 %,3502.0,728082.9,-0.0018957345971564177,-0.0018975337761913884,208.71999999999997,219.14499999999998,211.73422232268842,211.22466094655846,49.90932012764331,0.509561376129966,2.306091796177893,11.424409741838387,219.14499999999998,10.914089156006709,240.9731783120134,197.31682168798656,-95655.0
BEDC,2023-10-29,206.4,207.0,200.0,207.0,-1.71 %,2520.0,510918.6,-0.017094017094017033,-0.017241806434505992,208.32,218.24499999999998,211.0058804268902,210.91172309866525,47.435923629020984,0.09415732822495215,1.8637049025873047,11.365523331707074,218.24499999999998,11.145566737260928,240.53613347452182,195.95386652547813,-98175.0
BEDC,2023-10-30,203.0,206.2,200.1,206.2,-0.39 %,1661.0,336288.0,-0.0038647342995169476,-0.0038722216825095622,208.56,217.00499999999997,210.26651420736863,210.56270657283818,46.879928232261264,-0.2961923654695511,1.4317254489759337,11.046557379442284,217.00499999999997,11.030793023932725,239.06658604786543,194.9434139521345,-99836.0
BEDC,2023-10-31,202.5,204.0,200.0,202.0,-2.04 %,1355.0,273590.0,-0.020368574199805978,-0.020578874181654754,207.35999999999999,215.97999999999996,208.99474279085035,209.9284320118872,43.96634024668617,-0.9336892210368433,0.9586425149733784,10.70037470948212,215.97999999999996,11.438236890268353,238.85647378053667,193.10352621946325,-101191.0
BEDC,2023-11-01,201.1,203.0,196.5,199.9,-1.04 %,5037.0,1003540.9,-0.010396039603960405,-0.01045045589485039,205.14000000000001,214.275,207.59555159225798,209.18558519619185,42.54263440550942,-1.5900336039338754,0.4489072911919277,10.40034794451911,214.275,11.148607418347042,236.5722148366941,191.97778516330592,-106228.0
BEDC,2023-11-02,196.0,203.7,193.4,193.4,-3.25 %,2890.0,567410.0,-0.03251625812906456,-0.033056658487160454,201.7,211.74499999999998,205.41162057806443,208.01628258906652,38.39799076677987,-2.604662011002091,-0.1618065692468761,10.393180234196315,211.74499999999998,9.694571188367135,231.13414237673425,192.3558576232657,-109118.0
BEDC,2023-11-05,192.2,194.0,188.1,193.0,-0.21 %,4632.0,883891.8,-0.0020682523267838704,-0.002070394114308402,198.9,209.625,203.50214048913142,206.9039653602468,38.15166624686408,-3.401824871115366,-0.8098102296205741,10.072238788896579,209.625,8.848542847628574,227.32208569525716,191.92791430474284,-113750.0
BEDC,2023-11-06,190.0,200.7,190.0,198.5,2.85 %,3640.0,714806.9,0.02849740932642497,0.02809891122235965,197.36,208.45,202.73258041388044,206.2814494076359,43.517085052196556,-3.5488689937554625,-1.357621982447552,10.117078875403966,208.45,8.677405627320645,225.80481125464127,191.0951887453587,-110110.0
BEDC,2023-11-07,195.0,205.0,195.0,201.9,1.71 %,4070.0,816959.0,0.017128463476070666,0.016983425191546844,197.34,207.3,202.6044911194373,205.95689759966288,46.601048780184236,-3.352406480225568,-1.7565788820031552,10.108716098589396,207.3,7.868993114216245,223.0379862284325,191.56201377156754,-106040.0
BEDC,2023-11-08,197.9,202.9,192.3,202.9,0.50 %,3560.0,709851.5,0.004952947003467045,0.00494072151297723,197.94,206.54500000000002,202.64995402413925,205.73046074042858,47.50883613379673,-3.080506716289335,-2.0213644488603912,10.14380780583301,206.54500000000002,7.5042777274385495,221.5535554548771,191.53644454512292,-102480.0
BEDC,2023-11-09,206.0,209.0,195.0,198.0,-2.41 %,6945.0,1373764.0,-0.02414982750123218,-0.02444621613723387,198.85999999999999,205.32000000000002,201.93457648196397,205.15783401891534,43.597759413141105,-3.2232575369513654,-2.2617430664785863,10.419250105416367,205.32000000000002,6.7215756298187115,218.76315125963745,191.8768487403626,-109425.0
BEDC,2023-11-20,200.0,201.0,193.2,195.5,-1.26 %,2010.0,394277.0,-0.012626262626262652,-0.012706651269114801,199.35999999999999,204.095,200.94464163858493,204.44243890640308,41.7110638718632,-3.4977972678181573,-2.5089539067465005,10.232160812172342,204.095,6.110084416679704,216.3151688333594,191.8748311666406,-111435.0
BEDC,2023-11-21,192.0,195.0,184.1,191.9,-1.84 %,10250.0,1935557.2,-0.018414322250639326,-0.018585976411766174,198.04000000000002,203.04500000000002,199.55315830957187,203.51336935778065,39.087890126741044,-3.9602110482087767,-2.799205335038956,10.315577897017176,203.04500000000002,6.318183866304158,215.68136773260832,190.4086322673917,-121685.0
BEDC,2023-11-22,188.1,199.9,185.0,199.0,3.70 %,3740.0,730656.0,0.03699843668577385,0.036330421710838175,197.45999999999998,202.64000000000001,199.4680570311762,203.17904570164873,46.26534959662619,-3.7109886704725454,-2.981562002125674,10.643036618658808,202.64000000000001,6.304167376886081,215.24833475377218,190.03166524622785,-117945.0
BEDC,2023-11-23,195.1,207.9,190.2,207.9,4.47 %,2431.0,486571.0,0.04472361809045222,0.043752370139474805,198.46,202.485,200.76527902637986,203.52874602004513,53.63978665288498,-2.7634669936652756,-2.9379430004335947,11.147105431611752,202.485,6.1233182438768265,214.73163648775366,190.23836351224637,-115514.0
BEDC,2023-11-26,203.8,220.2,200.5,218.0,4.86 %,7908.0,1680095.5,0.0485810485810485,0.047437867925121696,202.46,202.935,203.41677456078295,204.60069075930105,60.298593121893106,-1.1839161985180908,-2.587137640050494,11.758026472210913,202.935,6.907758795655253,216.7505175913105,189.1194824086895,-107606.0
BEDC,2023-11-27,218.0,222.3,212.6,215.2,-1.28 %,10676.0,2322656.5,-0.012844036697247763,-0.012927234501459717,206.4,203.245,205.22957847450866,205.3858247771306,57.8192055054394,-0.15624630262195183,-2.1009593725647857,11.611024581338707,203.245,7.3210205644615,217.88704112892302,188.602958871077,-118282.0
BEDC,2023-11-28,211.0,219.5,211.0,216.0,0.37 %,2918.0,626630.0,0.003717472118959231,0.0037105793965357746,211.21999999999997,203.79500000000002,206.8865664015073,206.17205997882465,58.34620291869417,0.7145064226826605,-1.5378662135152965,11.388808539814514,203.79500000000002,7.8536263832974536,219.50225276659492,188.0877472334051,-115364.0
BEDC,2023-11-29,216.0,220.0,211.5,214.8,-0.56 %,4768.0,1021448.5,-0.005555555555555536,-0.00557104504945536,214.37999999999997,204.13500000000002,208.10401772435236,206.81116664705985,57.191940635890795,1.2928510772925108,-0.9717227553537351,11.182465072684908,204.13500000000002,8.18543475358932,220.50586950717866,187.76413049282138,-120132.0
BEDC,2023-11-30,210.8,215.0,203.1,209.9,-2.28 %,4590.0,956840.8,-0.02281191806331473,-0.023076135808122338,214.78000000000003,204.08,208.38032268983662,207.039969117648,52.61475063911165,1.3403535721886044,-0.5093074898452672,11.233717567493128,204.08,8.140451300046315,220.36090260009263,187.7990973999074,-124722.0
BEDC,2023-12-03,206.0,209.9,203.1,207.0,-1.38 %,2371.0,489439.9,-0.013816102906145766,-0.013912433561218213,212.58,203.9,208.16796535293867,207.03700844226668,50.06115810214098,1.1309569106719835,-0.18125460974181706,10.917023455529334,203.9,8.02771514979951,219.95543029959902,187.844569700401,-127093.0
BEDC,2023-12-04,203.0,215.9,203.0,212.9,2.85 %,5989.0,1267549.5,0.02850241545893728,0.028103778634064793,212.12000000000003,204.195,208.8959706832558,207.47130411320987,54.86107774152789,1.424666570045929,0.13992962621573216,11.05866463727724,204.195,8.252876691446152,220.7007533828923,187.6892466171077,-121104.0
BEDC,2023-12-05,217.0,217.0,206.0,211.0,-0.89 %,4758.0,995417.8,-0.008924377642085535,-0.00896443842336734,211.12000000000003,204.435,209.21966750121643,207.73268899371283,53.09135361750304,1.4869785075036077,0.40933940247330725,11.054474306043153,204.435,8.383020119014033,221.20104023802807,187.66895976197193,-125862.0
BEDC,2023-12-06,207.0,211.0,204.1,208.0,-1.42 %,3239.0,673675.3,-0.014218009478673022,-0.014320053774748558,209.76,204.73499999999999,209.03202634718315,207.75248980899337,50.33061186660382,1.2795365381897739,0.5833788296166006,10.757726141325787,204.73499999999999,8.398638674151414,221.5322773483028,187.93772265169716,-129101.0
BEDC,2023-12-07,204.0,217.2,204.0,217.1,4.38 %,6421.0,1372117.0,0.043749999999999956,0.04281999718292814,211.2,205.59499999999997,210.27325306300114,208.44489797129017,57.54267378013574,1.8283550917109608,0.8323740820354727,10.93217427408823,205.59499999999997,8.750727789281834,223.09645557856365,188.0935444214363,-122680.0
BEDC,2023-12-10,221.4,238.1,221.4,238.0,9.63 %,1490.0,352477.4,0.09626900046061726,0.09191259678722856,217.4,207.825,214.53890643792403,210.63416478823163,68.76155634549711,3.9047416496923972,1.4468475955668576,11.651304683081927,207.825,10.898666021703512,229.62233204340703,186.02766795659295,-121190.0
BEDC,2023-12-11,242.7,242.7,222.1,232.1,-2.48 %,18892.0,4357950.2,-0.024789915966386578,-0.02510236039108336,221.24,209.78000000000003,217.24061313978189,212.22422665577005,63.64855487209416,5.016386484011832,2.160755373255853,12.290497205718932,209.78000000000003,11.584681355361715,232.94936271072345,186.6106372892766,-140082.0
BEDC,2023-12-12,228.1,248.0,225.0,240.0,3.40 %,24646.0,5956494.5,0.034037052994398964,0.033470610061599945,227.04000000000002,211.85500000000002,220.74205727212313,214.28169134793524,67.16882806362125,6.460365924187897,3.020677483442262,13.055461691024723,211.85500000000002,13.078285538692757,238.01157107738553,185.6984289226145,-115436.0
BEDC,2023-12-13,240.0,261.1,237.0,242.1,0.88 %,25137.0,6209954.3,0.008750000000000036,0.008711940602021536,233.85999999999999,213.865,224.02789461487342,216.34230680364374,68.0544372586426,7.685587811229681,3.953659548999746,13.844357284522959,213.865,14.481649913270465,242.82829982654093,184.9017001734591,-90299.0
BEDC,2023-12-14,245.0,259.7,240.0,258.0,6.57 %,24189.0,6115050.0,0.06567534076827752,0.06360872097760457,242.04000000000002,216.61999999999998,229.25437236643137,219.42806185522568,73.81397711455081,9.82631051120569,5.128189741440935,14.262617478485604,216.61999999999998,17.26040799664148,251.14081599328293,182.09918400671702,-66110.0
BEDC,2023-12-17,253.0,283.8,248.0,283.8,10.00 %,46849.0,13021690.4,0.10000000000000009,0.09531017980432493,251.2,220.91,237.6460073869804,224.19635356965338,80.08748695280833,13.449653817327004,6.792482556618149,15.801001944308062,220.91,22.312231717390418,265.53446343478083,176.28553656521916,-19261.0
BEDC,2023-12-18,289.0,303.0,274.4,283.0,-0.28 %,49797.0,14416097.3,-0.0028188865398167673,-0.0028228670827046545,261.38,225.285,244.62354471206032,228.55217923116055,79.45186323870749,16.07136548089977,8.648259141474474,16.715216091143205,225.285,25.42850193240471,276.1420038648094,174.42799613519057,-69058.0
BEDC,2023-12-19,282.0,305.0,282.0,297.9,5.27 %,45660.0,13549777.9,0.05265017667844507,0.05131096207599883,272.96,230.58500000000004,252.8199224486664,233.68905484366718,82.27371456048692,19.130867604999224,10.744780834179425,17.16412922749012,230.58500000000004,28.91197666602603,288.4089533320521,172.761046667948,-23398.0
BEDC,2023-12-20,302.1,309.0,281.1,292.0,-1.98 %,50025.0,14803256.8,-0.019805303793219098,-0.020004057450954748,282.94,235.23500000000004,258.8476266873331,238.00838411450664,77.72218756633248,20.839242572826464,12.763673181908834,17.930977139812253,235.23500000000004,30.970177080879623,297.1753541617593,173.2946458382408,-73423.0
BEDC,2023-12-21,292.0,297.8,280.4,282.0,-3.42 %,20811.0,5947751.4,-0.03424657534246578,-0.03484673133016819,287.74,238.94,262.40953027389725,241.2670223282469,70.5937411858201,21.14250794565035,14.439440134657138,17.893050201254237,238.94,31.94494276753426,302.8298855350685,175.05011446493148,-94234.0
BEDC,2023-12-24,278.0,310.0,278.0,280.0,-0.71 %,26036.0,7537356.2,-0.007092198581560294,-0.0071174677688639896,286.98,242.04000000000002,265.1157563856054,244.1361317854138,69.22621658572464,20.979624600191585,15.74747702776403,18.90068947259322,242.04000000000002,32.80271811587355,307.6454362317471,176.43456376825293,-120270.0
BEDC,2023-12-27,285.6,297.0,275.0,289.1,3.25 %,38620.0,11226559.0,0.03249999999999997,0.03198304585305074,288.2,245.73499999999999,268.8056400185892,247.46678869019794,71.8940757540011,21.338851328391257,16.865751887889473,19.122068795979423,245.73499999999999,33.768207953947396,313.2714159078948,178.1985840921052,-81650.0
BEDC,2023-12-28,294.0,299.0,284.0,288.0,-0.38 %,25958.0,7501311.0,-0.003804911795226684,-0.0038121688863545665,286.21999999999997,249.33499999999998,271.75861847726776,250.46924878722032,71.09177474177638,21.289369690047437,17.75047544832107,18.827635310552324,249.33499999999998,34.26560766163405,317.8662153232681,180.80378467673188,-107608.0
BEDC,2024-01-01,293.0,304.9,284.2,285.0,-1.04 %,45820.0,13562480.4,-0.01041666666666663,-0.010471299867295366,284.82,252.84499999999997,273.79575409614966,253.02708221038918,68.83561077855124,20.768671885760483,18.354114735808952,18.961375645512874,252.84499999999997,34.13705310563321,321.1191062112664,184.57089378873354,-153428.0
BEDC,2024-01-02,280.1,300.0,280.1,290.9,2.07 %,27347.0,7895181.9,0.020701754385964888,0.020490385232505397,286.6,256.89500000000004,276.42717654289584,255.83248352813814,70.79839883677369,20.594693014757695,18.8022303915987,19.028420242261955,256.89500000000004,33.57418298570901,324.04336597141804,189.74663402858204,-126081.0
BEDC,2024-01-03,286.0,319.9,286.0,318.0,9.32 %,50155.0,15161340.9,0.09315916122378831,0.08907181727902094,294.2,262.44500000000005,282.82299553629645,260.43748474827606,77.73491140571285,22.385510788020383,19.51888647088304,20.090675939243244,262.44500000000005,34.063060328563296,330.57112065712664,194.31887934287346,-75926.0
BEDC,2024-01-04,323.8,336.0,315.0,327.4,2.96 %,71396.0,23327193.3,0.02955974842767284,0.02913128215685758,301.86,268.16999999999996,289.6809962230201,265.3976710632186,79.54951347946857,24.283325159801507,20.471774208666734,20.155627657868727,268.16999999999996,34.90926735651139,337.9885347130228,198.35146528697717,-4530.0
BEDC,2024-01-07,322.0,333.0,311.0,317.0,-3.18 %,48808.0,15548315.5,-0.03176542455711662,-0.032280891059753854,307.66,273.46999999999997,293.883919881017,269.2200657992765,72.50848685233917,24.66385408174051,21.31019018328149,20.287368539449535,273.46999999999997,33.80177665838181,341.0735533167636,205.86644668323635,-53338.0
BEDC,2024-01-08,311.0,340.0,311.0,338.5,6.78 %,37130.0,12082153.9,0.06782334384858046,0.0656223184750491,318.36,279.995,300.7479322070144,274.3519127771078,77.03405042182546,26.396019429906573,22.32735603260651,20.90969935806028,279.995,33.086576623028606,346.1681532460572,213.8218467539428,-16208.0
BEDC,2024-01-09,345.2,352.0,322.0,328.0,-3.10 %,42063.0,13960548.5,-0.03101920236336775,-0.0315104839681859,325.78000000000003,285.54,304.9405580213199,278.32584516398873,70.8959892166374,26.614712857331142,23.184827397551437,21.55900654677026,285.54,31.232125835595753,348.0042516711915,223.07574832880852,-58271.0
BEDC,2024-01-10,333.0,339.1,321.5,338.9,3.32 %,51452.0,17176972.0,0.033231707317073145,0.032691470228861895,329.96,290.585,310.1650875565014,282.81281959628586,73.27646752524822,27.352267960215556,24.01831551008426,21.2762203648581,290.585,31.29794469458374,353.1808893891675,227.98911061083248,-6819.0
BEDC,2024-01-11,339.0,372.3,339.0,372.3,9.86 %,43939.0,15590304.8,0.09855414576571264,0.0939949022656656,338.94,297.59499999999997,319.7243048555012,289.44149962619065,78.9563269151628,30.282805229310554,25.27121345392952,22.142204624511095,297.59499999999997,33.15490715446221,363.9048143089244,231.28518569107555,37120.0
BEDC,2024-01-14,372.3,388.0,364.9,377.0,1.26 %,23177.0,8765965.8,0.012624227773301078,0.012545206569339523,350.93999999999994,304.445,328.53595026234717,295.92731446869504,79.61297641643792,32.60863579365213,26.738697921874042,22.210618579903162,304.445,34.743594260024636,373.9321885200493,234.95781147995072,60297.0
BEDC,2024-01-16,384.0,385.0,365.0,377.0,0.00 %,18711.0,7020565.8,0.0,0.0,358.64,311.19,335.9919579142938,301.93269858212506,79.61297641586869,34.05925933216872,28.20281020393298,22.05271725276722,311.19,35.09585220656729,381.38170441313457,240.99829558686542,60297.0
BEDC,2024-01-17,370.0,370.0,339.3,339.3,-10.00 %,98055.0,34381413.8,-0.09999999999999998,-0.10536051565782628,360.9,315.255,336.5008874659409,304.700646835301,61.701843023989284,31.800240630639905,28.922296289274367,23.17038030614099,315.255,33.27174358299517,381.7984871659903,248.71151283400965,-37758.0
BEDC,2024-01-18,340.0,356.0,330.0,341.0,0.50 %,34469.0,11667257.5,0.005010315355142847,0.004997805493332234,361.32,318.115,337.1930586250269,307.38948781046383,62.11573813030562,29.803570814563045,29.098551194332103,23.372495998559494,318.115,32.88173825280931,383.87847650561866,252.35152349438138,-3289.0
BEDC,2024-01-21,340.0,354.0,331.0,348.8,2.29 %,25005.0,8426918.4,0.0228739002932552,0.02261621475130784,356.62,321.40500000000003,338.97874191348427,310.4569331578369,64.03621119448167,28.521808755647385,28.983202706595158,23.345889141519528,321.40500000000003,32.472652056444254,386.3503041128885,256.45969588711154,21716.0
BEDC,2024-01-22,341.9,345.0,325.0,333.0,-4.53 %,26526.0,8781917.9,-0.045298165137614754,-0.04635620205438082,347.82000000000005,323.15999999999997,338.0589354652559,312.1267899609601,57.65988759430938,25.932145504295818,28.372991266135294,23.37832563141099,323.15999999999997,32.08159662649613,387.3231932529922,258.9968067470077,-4810.0
BEDC,2024-01-23,326.4,339.0,323.2,331.0,-0.60 %,11015.0,3607877.7,-0.006006006006005982,-0.006024114603380902,338.62,325.11,336.97294539367806,313.5248055194075,56.88770373866648,23.448139874270566,27.388020987762353,22.83701665773878,325.11,31.262738877219423,387.63547775443885,262.5845222455612,-15825.0
BEDC,2024-01-24,335.0,337.0,318.1,323.7,-2.21 %,8854.0,2860495.8,-0.022054380664652595,-0.022301214444864263,335.5,327.195,334.9309537946507,314.278523629081,54.04283273469753,20.652430165569683,26.04090282332382,22.55580118218601,327.195,29.58163503897122,386.35827007794245,268.03172992205754,-24679.0
BEDC,2024-01-25,330.0,336.0,317.5,333.0,2.87 %,31828.0,10513895.6,0.02873030583873959,0.028325329048245175,333.9,329.84499999999997,334.633883980089,315.6652996565565,56.99351785136443,18.968584323532525,24.626439123365564,22.266101097744155,329.84499999999997,27.42671527044858,384.6984305408971,274.99156945910283,7149.0
BEDC,2024-01-28,333.0,352.0,321.0,337.0,1.20 %,15752.0,5204375.2,0.012012012012011963,0.011940440371917849,331.53999999999996,332.24,334.9979018293061,317.2456478301449,58.23556463610712,17.752253999161212,23.251602098524693,22.88995101933386,332.24,25.71973233878781,383.67946467757565,280.80053532242437,22901.0
BEDC,2024-01-29,330.3,364.0,330.0,356.0,5.64 %,84807.0,29493310.1,0.05637982195845703,0.05484780049966879,336.14,335.64,338.2289938555667,320.1163405834675,63.611418503376214,18.112653272099237,22.223812333239604,23.6835259465243,335.64,24.000820161423466,383.6416403228469,287.63835967715306,107708.0
BEDC,2024-01-30,355.0,372.3,352.0,367.7,3.29 %,56140.0,20514030.9,0.03286516853932575,0.032336657455195775,343.47999999999996,339.775,342.7629948008642,323.64105609580326,66.47328145856335,19.121938705060927,21.60343760760387,23.441845521772564,339.775,21.84420614499872,383.4634122899974,296.08658771000256,163848.0
BEDC,2024-01-31,370.0,380.0,345.3,354.0,-3.73 %,40295.0,14775064.0,-0.037258634756594966,-0.037970475173451784,349.53999999999996,342.92999999999995,344.49176483150046,325.8898667553734,60.47560144184274,18.601898076127043,21.003129701308502,24.24599941307452,342.92999999999995,18.751451873611177,380.4329037472223,305.4270962527776,123553.0
BEDC,2024-02-01,353.0,353.0,334.0,338.0,-4.52 %,61243.0,20712209.3,-0.04519774011299438,-0.0462510176507557,350.53999999999996,343.92999999999995,343.49303178050036,326.78691366238274,54.31223553663837,16.706118118117615,20.143727384670328,23.942713740712055,343.92999999999995,17.864286631210323,379.6585732624206,308.2014267375793,62310.0
BEDC,2024-02-04,331.5,341.0,318.5,336.5,-0.44 %,34706.0,11410255.4,-0.004437869822485174,-0.004447746398236254,350.43999999999994,344.385,342.4171807373465,327.50640153924326,53.759082168939656,14.910779198103228,19.097137747356907,23.839662759232624,344.385,17.533945273156284,379.4528905463126,309.3171094536874,27604.0
BEDC,2024-02-05,342.0,348.8,330.1,339.6,0.92 %,13025.0,4414188.5,0.009212481426448704,0.009170305352409723,347.15999999999997,345.515,341.98376831621624,328.4022236474475,54.78401405535955,13.581544668768743,17.994019131639273,23.47254399071601,345.515,16.36550528269227,378.2460105653845,312.7839894346155,40629.0
BEDC,2024-02-06,332.9,342.9,328.0,341.9,0.68 %,12175.0,4116262.0,0.006772673733804302,0.006749842208063179,342.0,345.685,341.9708808829522,329.4020589328217,55.57085569232487,12.568821950130484,16.908979695337514,22.860219419950578,345.685,16.3063524915562,378.2977049831124,313.0722950168876,52804.0
BEDC,2024-02-07,347.0,351.0,336.0,340.2,-0.50 %,21244.0,7279492.6,-0.004972214097689331,-0.004984616683494164,339.24,346.29499999999996,341.69843767019034,330.20190641927934,54.81162496775747,11.496531250911005,15.826490006452214,22.298775175668396,346.29499999999996,15.831230792992253,377.95746158598445,314.63253841401547,31560.0
BEDC,2024-02-08,340.7,360.0,340.0,352.9,3.73 %,39196.0,13785707.0,0.03733098177542615,0.03665105071946293,342.21999999999997,346.995,343.42175495169954,331.8832466845179,59.286720027318715,11.538508267181612,14.968893658598095,22.134576948834937,346.995,15.796517770829864,378.58803554165974,315.4019644583403,70756.0
BEDC,2024-02-11,354.1,369.3,354.1,356.0,0.88 %,31147.0,11257865.5,0.008784358175120577,0.008746000170806218,346.12,346.18,345.356869574515,333.6696728560351,60.31970287926082,11.687196718479868,14.312554270574449,21.724964309632444,346.18,14.812036357387363,375.80407271477475,316.55592728522527,101903.0
BEDC,2024-02-12,363.1,368.2,351.0,368.0,3.37 %,38845.0,14103200.5,0.03370786516853941,0.03315220731690055,351.8,345.73,348.8404281015127,336.2126600518843,64.11522465766312,12.6277680496284,13.97559702638524,21.401752573230127,345.73,13.937306996537142,373.6046139930743,317.85538600692576,140748.0
BEDC,2024-02-13,371.0,386.0,352.8,371.5,0.95 %,93283.0,34952646.6,0.009510869565217295,0.009465925988882832,357.71999999999997,345.45500000000004,352.3265160858954,338.8265370850781,65.16192461943172,13.49997900081729,13.88047342127165,22.244484532285117,345.45500000000004,13.328816230453361,372.11263246090675,318.79736753909333,234031.0
BEDC,2024-02-14,375.0,387.0,373.0,387.0,4.17 %,52274.0,19922002.0,0.04172274562584111,0.040875828871967876,367.08000000000004,347.84000000000003,357.66089822652685,342.3949417454427,69.41642497502119,15.265956481084174,14.157570033234155,21.762735637121896,347.84000000000003,16.140547176531136,380.1210943530623,315.5589056469378,286305.0
BEDC,2024-02-15,390.0,407.0,390.0,402.1,3.90 %,69757.0,27878950.3,0.03901808785529726,0.038276120873446624,376.91999999999996,350.895,364.4976831147535,346.8175386531877,72.8898381877604,17.680144461565817,14.862084918900488,21.636825948756044,350.895,20.0794861278327,391.05397225566537,310.7360277443346,356062.0
BEDC,2024-02-18,410.0,412.9,388.0,388.0,-3.51 %,63536.0,25134632.0,-0.03506590400397913,-0.03569547427995492,383.32,352.85499999999996,368.11342417402216,349.8680913455442,65.41854265594861,18.245332828477956,15.538734500815982,21.869909809559186,352.85499999999996,21.711129210128092,396.27725842025615,309.4327415797438,292526.0
BEDC,2024-02-20,388.0,393.0,380.0,382.0,-1.55 %,27042.0,10442715.2,-0.015463917525773141,-0.015584731016698203,386.12,355.30499999999995,370.2498204549418,352.24823272735574,62.48352141975295,18.00158772758607,16.03130514617,21.2363448231621,355.30499999999995,22.113641300764467,399.5322826015289,311.077717398471,265484.0
BEDC,2024-02-21,374.5,389.0,372.4,375.0,-1.83 %,20549.0,7762990.6,-0.01832460732984298,-0.018494582636164415,386.82,357.505,370.98061730802766,353.93354882162566,59.149321598969756,17.047068486401997,16.234457814216398,20.90517733579338,357.505,21.754139956869945,401.0132799137399,313.9967200862601,244935.0
BEDC,2024-02-22,370.0,382.5,356.2,360.2,-3.95 %,29633.0,10815528.7,-0.03946666666666665,-0.040266593228555095,381.46,359.33000000000004,369.3220607991003,354.3977303903941,52.74128225670385,14.924330408706226,15.972432333114364,21.29052181180814,359.33000000000004,20.24778350442418,399.8255670088484,318.8344329911517,215302.0
BEDC,2024-02-25,360.0,360.0,348.0,348.0,-3.39 %,17922.0,6298383.5,-0.033870072182121014,-0.034456952967381334,370.64,360.08000000000004,366.04174375308486,353.9238244355501,48.1139643039452,12.117919317534756,15.201529729998445,20.641198825250417,360.08000000000004,19.484585000238145,399.04917000047635,321.11082999952373,197380.0
BEDC,2024-02-26,341.2,360.0,337.2,350.0,0.57 %,20656.0,7118113.6,0.005747126436781658,0.0057306747089850745,363.04,360.73,363.5737831756872,353.6331707736575,48.905387213832384,9.940612402029672,14.149346264404691,20.795398909161104,360.73,18.88162849800748,398.49325699601496,322.9667430039851,218036.0
BEDC,2024-02-27,355.0,357.8,343.2,354.9,1.40 %,5966.0,2096021.4,0.014000000000000012,0.013902905168991434,357.62,360.675,362.2393549948123,353.72700997560884,50.88212237978765,8.512345019203451,13.021946015364444,20.352870415649598,360.675,18.897726819575272,398.47045363915055,322.8795463608495,224002.0
BEDC,2024-02-28,361.0,361.0,342.3,348.0,-1.94 %,3505.0,1219407.5,-0.019442096365173245,-0.0196335798779764,352.21999999999997,359.69,360.0486849956104,353.30278701445263,48.06233761211555,6.745897981157782,11.766736408523112,20.2348082431032,359.69,19.02527128238511,397.74054256477024,321.63945743522976,220497.0
BEDC,2024-02-29,343.1,350.0,331.1,336.0,-3.45 %,9560.0,3240647.0,-0.03448275862068961,-0.03509131981127006,347.38,358.79,356.348887303978,352.02109908745615,43.54289495481588,4.327788216521867,10.278946770122865,20.139464797167253,358.79,19.721612510135344,398.2332250202707,319.34677497972933,210937.0
BEDC,2024-03-03,329.3,345.0,327.0,334.0,-0.60 %,5781.0,1930748.5,-0.005952380952380931,-0.005970166986503796,344.58,358.59000000000003,352.9105969495199,350.68620285875573,42.82018839367573,2.2243940907641786,8.668036234251128,19.986645883083877,358.59000000000003,19.962356679772387,398.5147133595448,318.66528664045524,205156.0
BEDC,2024-03-04,334.0,361.3,334.0,361.3,8.17 %,1580.0,569871.0,0.08173652694610789,0.07856764517689423,346.84,359.83000000000004,354.20127434190147,351.47241005440344,54.0349442487508,2.728864287498027,7.480201844900508,20.509028320006458,359.83000000000004,19.276440488188253,398.38288097637655,321.2771190236235,206736.0
BEDC,2024-03-05,368.0,370.0,343.2,347.0,-3.96 %,20010.0,7089799.7,-0.039579296983116574,-0.0403838582067354,345.26000000000005,360.2,353.0933859816089,351.1411204207439,48.65215631092385,1.952265560864987,6.3746145880934035,20.958383440005996,360.2,18.935708400572327,398.07141680114466,322.3285831988553,186726.0
BEDC,2024-03-06,342.0,364.5,338.0,360.0,3.75 %,19431.0,6773298.5,0.03746397694524495,0.03677925150329649,347.66,361.105,354.1559419844383,351.79733372291105,53.214957913959545,2.3586082615272517,5.571413322780173,21.354213194291283,361.105,18.441128947058292,397.9872578941166,324.2227421058834,206157.0
BEDC,2024-03-07,366.0,370.0,357.0,360.0,0.00 %,18190.0,6579599.4,0.0,0.0,352.46000000000004,362.095,355.0550278329863,352.40493863232507,53.21495791356782,2.6500892006612276,4.987148498356384,20.757483680413333,362.095,17.779393009588357,397.6537860191767,326.53621398082333,206157.0
BEDC,2024-03-10,367.0,367.0,353.0,363.7,1.03 %,6009.0,2162866.0,0.01027777777777783,0.010225320542787717,358.4,362.635,356.38502355098836,353.2416098447454,54.5481379247196,3.1434137062429386,4.618401539933695,20.274806274669526,362.635,17.648953301301024,397.93290660260203,327.33709339739795,212166.0
BEDC,2024-03-12,360.0,363.0,353.6,363.0,-0.19 %,19018.0,6828247.6,-0.0019246631839427986,-0.0019265177280925598,358.73999999999995,362.985,357.4027122354517,353.96445355994945,54.233269900245006,3.4382586755022544,4.382372967047407,19.548034397907415,362.985,17.579721421657485,398.144442843315,327.825557156685,193148.0
BEDC,2024-03-13,370.2,370.2,351.1,356.0,-1.93 %,6279.0,2241593.5,-0.019283746556473802,-0.019472103412820296,360.53999999999996,362.385,357.1869103530745,354.11523477773096,51.05926308631601,3.0716755753435336,4.120233488706632,19.516031940914026,362.385,17.604313915088486,397.59362783017696,327.176372169823,186869.0
BEDC,2024-03-14,348.9,363.0,348.9,354.9,-0.31 %,5093.0,1798200.7,-0.0030898876404494846,-0.0030946711995797193,359.52,361.55499999999995,356.83507799106303,354.17336553493607,50.55851910497695,2.6617124561269634,3.828529282190699,19.129172516563028,361.55499999999995,17.54316406076976,396.64132812153946,326.46867187846044,181776.0
BEDC,2024-03-17,347.9,354.0,341.0,344.0,-3.07 %,12580.0,4323498.1,-0.03071287686672297,-0.03119440227905238,356.32,359.405,354.86045060782254,353.41978290271857,45.76860858085103,1.4406677051039765,3.3509569667733548,18.755660193951382,359.405,16.883142479998416,393.1712849599968,325.63871504000315,169196.0
BEDC,2024-03-18,340.0,357.8,340.0,345.5,0.44 %,8288.0,2867769.8,0.0043604651162789665,0.004350985834326132,352.68,356.575,353.4203812835421,352.833132317332,46.51950139447661,0.5872489662100975,2.7982153666607035,18.687398751526285,356.575,13.814708980302655,384.20441796060527,328.9455820393947,177484.0
BEDC,2024-03-19,344.0,370.2,344.0,357.8,3.56 %,13722.0,4862667.3,0.03560057887120127,0.034981527866894305,351.64,355.065,354.0941687783818,353.2010484419741,52.34620861025921,0.8931203364077192,2.417196360610107,19.224013126417265,355.065,11.685450918035816,378.43590183607165,331.69409816392835,191206.0
BEDC,2024-03-20,357.0,357.0,346.2,346.7,-3.10 %,6474.0,2271459.7,-0.03102291783119071,-0.03151431838364114,349.78000000000003,353.3,352.95660435093845,352.71948929812413,47.33426749522867,0.23711505281431755,1.981180099050949,18.679440760244606,353.3,9.938283236260725,373.1765664725215,333.42343352747855,184732.0
BEDC,2024-03-21,340.1,361.9,340.1,350.0,0.95 %,4609.0,1603123.6,0.009518315546582112,0.009473301792481667,348.8,352.05,352.5017421431018,352.5180456464112,48.900698729295634,-0.0163035033094161,1.581683378578876,18.90233784879856,352.05,8.538981820231673,369.12796364046335,334.9720363595367,189341.0
BEDC,2024-03-25,343.0,346.6,338.2,344.5,-1.57 %,3867.0,1320653.5,-0.01571428571428568,-0.01583906402974607,348.9,351.265,351.2707048903169,351.9241163392697,46.42245106506621,-0.6534114489527951,1.1346644130725418,18.39502800245581,351.265,8.471703675048273,368.20840735009654,334.32159264990344,185474.0
BEDC,2024-03-26,344.0,360.5,338.0,350.5,1.74 %,15803.0,5571600.4,0.01741654571843254,0.01726661602093155,349.9,351.39,351.15213490719117,351.81862624006453,49.43315953061766,-0.6664913328733633,0.7744332638833609,18.68824028799468,351.39,8.439375132763715,368.2687502655274,334.5112497344726,201277.0
BEDC,2024-03-27,351.0,360.0,349.9,355.0,1.28 %,9878.0,3504805.9,0.012838801711840153,0.012757083000770941,349.34000000000003,351.64,351.7441141522387,352.0542835556153,51.62859420004345,-0.31016940337661936,0.5575127304313648,18.07479455313792,351.64,8.470033865584128,368.58006773116824,334.69993226883173,211155.0
BEDC,2024-03-28,350.1,376.3,350.1,366.0,3.10 %,29424.0,10716959.9,0.030985915492957705,0.030515543925950413,353.2,352.195,353.9373273595866,353.0872995885327,56.59004705803532,0.8500277710539308,0.616015738555878,18.655166370770925,352.195,9.039415153411232,370.27383030682245,334.11616969317754,240579.0
BEDC,2024-03-31,362.3,383.0,362.3,376.9,2.98 %,51661.0,19528755.5,0.029781420765027322,0.029346566871723496,358.58,353.64,357.4700462273425,354.85120332271543,60.87275026195763,2.6188429046270585,1.016581171770114,18.801225915715857,353.64,10.521876958830694,374.68375391766136,332.5962460823386,292240.0
BEDC,2024-04-01,375.0,394.0,366.1,386.9,2.65 %,29945.0,11513491.7,0.026532236667551112,0.026186361433377568,367.06,356.185,361.997731423136,357.22518826177355,64.34788864333014,4.772543161362421,1.7677735696885755,19.45113835030758,356.185,12.072163500337277,380.32932700067454,332.04067299932547,322185.0
BEDC,2024-04-02,386.9,393.0,368.1,375.0,-3.08 %,8878.0,3335212.5,-0.030757301628327682,-0.031240235736056412,371.96,358.235,363.9980804349612,358.5418409831237,57.7721715845709,5.456239451837519,2.505466746118364,19.84034275385704,358.235,11.577622472044501,381.39024494408903,335.079755055911,313307.0
BEDC,2024-04-03,368.0,371.0,360.0,362.0,-3.47 %,12129.0,4403649.5,-0.03466666666666662,-0.03528181414463971,373.36,358.27,363.69068344496714,358.7980009102997,51.57199800784062,4.892682534667415,2.9829099038281743,19.494603985724396,358.27,11.588428893100781,381.4468577862015,335.09314221379844,301178.0
BEDC,2024-04-04,357.0,368.0,356.0,363.0,0.28 %,6599.0,2382563.0,0.0027624309392264568,0.0027586224390796607,372.76,359.07,363.58442445343377,359.1092601021294,51.99875338543172,4.475164351304386,3.2813607933234166,18.959275129601227,359.07,11.318596714207708,381.7071934284154,336.4328065715846,307777.0
BEDC,2024-04-07,357.0,366.0,354.0,364.9,0.52 %,10051.0,3624367.3,0.005234159779614167,0.0052205091775510215,370.36,359.31499999999994,363.786820691367,359.538203798268,52.84893602480898,4.248616893098983,3.4748120132785303,18.462184048915425,359.31499999999994,11.392577223323949,382.1001544466478,336.52984555335206,317828.0
BEDC,2024-04-09,370.0,384.0,358.2,361.9,-0.82 %,12336.0,4540522.1,-0.008221430528912,-0.008255412872705174,365.36,359.40999999999997,363.49654058500283,359.713151665063,51.30381772013065,3.7833889199398527,3.536527394610795,18.986313759707183,359.40999999999997,11.406503223573806,382.22300644714755,336.5969935528524,305492.0
BEDC,2024-04-10,365.0,379.0,365.0,371.0,2.51 %,17983.0,6643646.5,0.025145067698259194,0.024834132037738394,364.56,359.775,364.65091895654086,360.54921450468794,55.54913832989201,4.101704451852925,3.6495628060592216,18.851577062585243,359.775,11.664876429057824,383.1047528581156,336.44524714188435,323475.0
BEDC,2024-04-14,365.0,378.0,365.0,368.0,-0.81 %,14735.0,5474104.9,-0.008086253369272267,-0.008119124438504242,365.76,360.025,365.1661621939961,361.1011245413777,53.88143319988515,4.0650376526184,3.7326577753710577,18.433607272400582,360.025,11.790534785421787,383.60606957084354,336.4439304291564,308740.0
BEDC,2024-04-15,363.6,381.4,363.6,372.0,1.09 %,44923.0,16924891.9,0.010869565217391353,0.010810916104215676,367.56,360.825,366.21752185645823,361.9084486494238,55.78738351364947,4.30907320703443,3.8479408617037323,18.38834961008625,360.825,12.04316250649386,384.91132501298773,336.73867498701225,353663.0
BEDC,2024-04-16,370.0,382.0,365.0,365.0,-1.88 %,10548.0,3917366.0,-0.018817204301075252,-0.018996500690655036,367.58000000000004,361.33000000000004,366.0302108016185,362.13745245317017,51.75630059942093,3.8927583484483534,3.8569043590526566,18.28918178079438,361.33000000000004,11.993291984751444,385.3165839695029,337.34341603049717,343115.0
BEDC,2024-04-18,361.0,370.0,361.0,366.0,0.27 %,13042.0,4767786.3,0.00273972602739736,0.0027359798188748455,368.4,362.43,366.0255629859849,362.42356708626863,52.286710642689776,3.6019958997162576,3.805922667185377,17.625668796451922,362.43,11.309572098561246,385.0491441971225,339.81085580287754,356157.0
BEDC,2024-04-21,366.0,374.0,361.0,372.9,1.89 %,12258.0,4522903.1,0.01885245901639343,0.018676953783408858,368.78,363.8,367.0831686804487,363.1995991539524,55.89032852781533,3.8835695264962737,3.8214520390475566,17.29526388241964,363.8,10.798830346015603,385.3976606920312,342.2023393079688,368415.0
BEDC,2024-04-22,379.9,379.9,363.0,365.0,-2.12 %,18736.0,6946110.2,-0.021185304371144964,-0.0214129336022835,368.17999999999995,364.15999999999997,366.7626811911489,363.33296217958554,51.1289878633441,3.42971901156335,3.7431054335507157,17.267030747961094,364.15999999999997,10.70791148735245,385.57582297470486,342.7441770252951,349679.0
BEDC,2024-04-24,358.1,372.0,358.1,371.8,1.86 %,4426.0,1624934.4,0.018630136986301338,0.018458721704852105,368.14,365.415,367.5376533155875,363.96015016628286,54.70584244535831,3.5775031493046185,3.7099849767014965,17.026528551678158,365.415,10.001435423289827,385.41787084657966,345.4121291534204,354105.0
BEDC,2024-04-25,365.0,376.9,363.0,366.0,-1.56 %,6365.0,2330008.0,-0.015599784830554131,-0.015722741885977463,368.34,366.21500000000003,367.3010912670356,364.1112501539656,51.259725649805645,3.189841113069974,3.6059562039751922,16.803205083701144,366.21500000000003,9.320225601511906,384.85545120302385,347.5745487969762,347740.0
BEDC,2024-04-28,359.1,367.0,359.1,363.0,-0.82 %,10426.0,3775518.1,-0.008196721311475419,-0.00823049913651548,367.73999999999995,367.14,366.6393849182609,364.0289353277459,49.52203405226069,2.6104495905149747,3.4068548812831487,16.167261863436774,367.14,7.854425504129454,382.8488510082589,351.43114899174105,337314.0
BEDC,2024-04-29,370.2,375.0,361.3,364.0,0.28 %,8459.0,3081419.8,0.0027548209366390353,0.0027510333718897976,365.96000000000004,367.815,366.23332570006687,364.02679197013504,50.12892213088555,2.2065337299318344,3.166790651012886,15.99102887319129,367.815,6.867181678858141,381.5493633577163,354.0806366422837,345773.0
BEDC,2024-04-30,363.0,382.0,362.0,373.0,2.47 %,18319.0,6819674.1,0.024725274725274637,0.024424552007074794,367.56000000000006,368.71500000000003,367.27435251544125,364.6914740464213,55.333825935488406,2.5828784690199313,3.0500082146142953,16.277383953677628,368.71500000000003,6.251170416719183,381.2173408334384,356.21265916656165,364092.0
BEDC,2024-05-02,373.0,379.5,367.5,371.0,-0.54 %,9899.0,3683570.5,-0.00536193029490617,-0.005376357036380406,367.4,368.96500000000003,367.8475290515272,365.1587722652049,53.98544438015939,2.688756786322301,2.9777579289558966,15.971856528414941,368.96500000000003,6.23684088384847,381.43868176769695,356.4913182323031,354193.0
BEDC,2024-05-05,365.1,370.9,360.0,361.0,-2.70 %,9493.0,3479280.5,-0.02695417789757415,-0.027324104274554246,366.4,368.16999999999996,366.7940630435999,364.8507150603749,47.723501628855175,1.94334798322501,2.7708759398097196,15.616723919242446,368.16999999999996,6.18530516627258,380.5406103325451,355.7993896674548,344700.0
BEDC,2024-05-06,358.0,366.0,337.2,362.1,0.30 %,15200.0,5474381.8,0.0030470914127425086,0.003042458438714715,366.21999999999997,366.93,366.0718994984307,364.64695838923603,48.43208241916876,1.4249411091946627,2.5016889736867083,16.558386496439415,366.93,4.48495731364109,375.8999146272822,357.9600853727178,359900.0
BEDC,2024-05-07,356.0,369.0,356.0,361.0,-0.30 %,4790.0,1719886.9,-0.0030378348522508425,-0.0030424584387146723,365.62,366.23,365.2916072679029,364.3768133233667,47.73528412185618,0.9147939445361999,2.1843099678566067,16.30421603240803,366.23,4.24525741578011,374.72051483156025,357.7394851684398,355110.0
BEDC,2024-05-08,355.0,365.0,355.0,362.0,0.28 %,6513.0,2330334.0,0.0027700831024930483,0.00276625349289011,363.41999999999996,366.23,364.785206149764,364.20075307719145,48.46122298055024,0.5844530725725576,1.864338588799797,15.853914887236026,366.23,4.24525741578011,374.72051483156025,357.7394851684398,361623.0
BEDC,2024-05-09,355.1,367.0,355.1,361.5,-0.14 %,5964.0,2142501.9,-0.0013812154696132284,-0.0013821702269516474,361.52,366.15500000000003,364.2797898190311,364.0006972936958,48.1014699280474,0.27909252533532936,1.5472893761069035,15.571492395290594,366.15500000000003,4.317952121809145,374.79090424361834,357.5190957563817,355659.0
BEDC,2024-05-12,365.0,365.0,358.0,363.0,0.41 %,3901.0,1410311.9,0.004149377593360981,0.004140792666031387,361.91999999999996,366.06000000000006,364.08289907764174,363.9265715682368,49.3170346054355,0.15632750940494589,1.269097002766512,14.959242938484124,366.06000000000006,4.367632141817372,374.7952642836348,357.3247357163653,359560.0
BEDC,2024-05-13,360.0,365.0,359.3,365.0,0.55 %,5638.0,2034736.0,0.005509641873278293,0.00549451931764078,362.5,366.21500000000003,364.2239915272353,364.0060847854044,50.96611834231421,0.21790674183085912,1.0588589505793815,14.297868442878116,366.21500000000003,4.266056357108459,374.74711271421694,357.6828872857831,365198.0
BEDC,2024-05-14,360.0,379.9,360.0,374.1,2.49 %,15570.0,5805413.0,0.02493150684931522,0.024625787771609103,365.12,366.37,365.74337744612217,364.7537822087078,57.70872132262662,0.9895952374143917,1.0450062079463835,14.698020696958249,366.37,4.49901743658067,375.3680348731613,357.3719651268387,380768.0
BEDC,2024-05-15,381.0,381.5,363.1,365.0,-2.43 %,10011.0,3719103.4,-0.02432504677893621,-0.024625787771609054,365.71999999999997,366.21999999999997,365.62901168518033,364.7720205636183,50.265125726380596,0.8569911215620323,1.0074031906695133,14.962447790032659,366.21999999999997,4.49181712145005,375.2036342429001,357.23636575709986,370757.0
BEDC,2024-05-16,360.0,368.0,360.0,364.0,-0.27 %,5690.0,2065880.0,-0.002739726027397249,-0.0027434859457508326,366.21999999999997,365.82,365.3783945028449,364.7148338552021,49.50938617398032,0.6635606476428393,0.9386346820641787,14.465130090744612,365.82,4.30221485185243,374.42442970370485,357.21557029629514,365067.0
BEDC,2024-05-19,358.0,370.3,358.0,364.0,0.00 %,12518.0,4561298.8,0.0,0.0,366.41999999999996,365.77,365.16633381009956,364.6618831992612,49.50938617317869,0.5044506108383757,0.8517978678190181,14.310477941405713,365.77,4.318028302474795,374.4060566049496,357.1339433950504,365067.0
BEDC,2024-05-20,361.4,375.0,361.4,368.0,1.10 %,8924.0,3302587.3,0.01098901098901095,0.01092907053219023,367.02,365.87,365.60228245469966,364.909151110427,52.80141560736488,0.6931313442726719,0.820064563109749,14.259729517019593,365.87,4.346698686774233,374.56339737354847,357.17660262645154,373991.0
BEDC,2024-05-21,375.0,388.0,368.2,386.0,4.89 %,37257.0,14227375.8,0.048913043478260976,0.047754431295900034,369.4,366.525,368.7403928462843,366.47143621335834,64.13408404537768,2.268956632925949,1.1098429770729892,14.669748837232481,366.525,6.0965801457541895,378.71816029150835,354.3318397084916,411248.0
BEDC,2024-05-22,386.0,391.9,376.1,377.0,-2.33 %,21606.0,8305489.5,-0.023316062176165775,-0.02359218201682007,371.8,367.125,370.01110163916366,367.25132982718367,56.79161511948286,2.759771811979988,1.439828744054389,14.750481063144443,367.125,6.514750469828438,380.1545009396569,354.0954990603431,389642.0
BEDC,2024-05-26,377.0,384.0,371.0,372.0,-1.33 %,11998.0,4489716.6,-0.01326259946949604,-0.013351333174864225,373.4,367.135,370.31708600236925,367.6030831733182,53.15098375633177,2.714002829051026,1.6946635610537166,14.625446701491269,367.135,6.52245312261893,380.1799062452379,354.0900937547621,377644.0
BEDC,2024-05-27,368.0,377.0,368.0,375.5,0.94 %,10223.0,3816592.9,0.009408602150537737,0.00936461693104298,375.7,367.61,371.11445738662013,368.18803997529466,55.310614931554156,2.926417411325474,1.941014331108068,14.223629079956178,367.61,6.776421971568841,381.1628439431377,354.0571560568623,387867.0
BEDC,2024-05-29,383.0,386.5,373.0,379.0,0.93 %,16037.0,6120687.5,0.009320905459387463,0.009277733878236893,377.9,368.40999999999997,372.3276177886786,368.9889259030506,57.424231902114016,3.338691885628009,2.2205498420120566,14.171941288530736,368.40999999999997,7.138325028355346,382.6866500567107,354.13334994328926,403904.0
BEDC,2024-05-30,374.0,402.0,373.1,394.0,3.96 %,66774.0,26408855.8,0.0395778364116095,0.03881470421550747,379.5,369.90999999999997,375.66183043657423,370.84159805838016,65.05278795728009,4.820232378194078,2.740486349248461,15.22394548220711,369.90999999999997,9.05700659274184,388.0240131854836,351.7959868145163,470678.0
BEDC,2024-06-02,398.0,419.0,398.0,413.0,4.82 %,57153.0,23500538.7,0.048223350253807196,0.04709668366309903,386.7,371.90999999999997,381.4061642155628,373.9644426466483,71.91674197635962,7.441721568914488,3.680733393181667,15.922235090620887,371.90999999999997,13.23026434871037,398.3705286974207,345.44947130257924,527831.0
BEDC,2024-06-03,415.0,418.0,398.9,400.0,-3.15 %,39757.0,16125322.4,-0.03147699757869249,-0.031983045853050764,392.3,373.36,384.26675433624547,375.89300245060025,62.82460386458545,8.37375188564522,4.619337091674378,16.149218298433684,373.36,14.639398894760438,402.6387977895209,344.08120221047915,488074.0
BEDC,2024-06-04,392.0,412.0,388.0,398.0,-0.50 %,25796.0,10234864.4,-0.0050000000000000044,-0.005012541823544286,396.8,375.21,386.37956136143845,377.53055782462985,61.535659401204654,8.849003536808596,5.465270380701222,16.709988419974135,375.21,15.3174101150126,405.84482023002516,344.5751797699748,462278.0
BEDC,2024-06-05,390.1,404.0,380.0,386.0,-3.02 %,30366.0,11765925.9,-0.03015075376884424,-0.030614635819606863,398.2,376.405,386.32116730583255,378.15792391169435,54.33283618168746,8.163243394138192,6.004864983388616,17.230703532833125,376.405,15.172394426440714,406.7497888528814,346.06021114711854,431912.0
BEDC,2024-06-06,378.3,416.0,378.3,397.0,2.85 %,27406.0,11044221.5,0.02849740932642497,0.02809891122235965,398.8,378.205,387.9640646433968,379.55363325156884,59.06311570526463,8.410431391827956,6.485978265076485,18.692796137630758,378.205,15.382610653794254,408.9702213075885,347.4397786924115,459318.0
BEDC,2024-06-09,398.0,430.0,398.0,421.0,6.05 %,76200.0,31816995.9,0.06045340050377823,0.05869655299519091,400.4,381.155,393.0465162367204,382.62373449219336,67.0761443237933,10.422781744527015,7.273338960966591,19.714739270657134,381.155,17.60775771013599,416.37051542027194,345.939484579728,535518.0
BEDC,2024-06-10,421.0,438.6,418.1,429.0,1.90 %,51228.0,22118690.5,0.019002375296912177,0.018824085245635617,406.2,384.53,398.5778214310711,386.05901341869753,69.23768936813764,12.51880801237354,8.322432771247982,19.770829322753055,384.53,19.954740895597453,424.4394817911949,344.62051820880504,586746.0
BEDC,2024-06-11,431.0,437.0,417.0,424.6,-1.03 %,41137.0,17534137.1,-0.01025641025641022,-0.010309369658861213,411.5200000000001,387.61,402.5812335185986,388.91390131360885,66.64604528881493,13.667332204989748,9.391412657996336,19.787198656842122,387.61,21.173441656444226,429.95688331288846,345.26311668711156,545609.0
BEDC,2024-06-12,420.0,428.0,409.0,410.9,-3.23 %,35731.0,14886391.8,-0.03226566179934065,-0.032797673379791746,416.5,389.905,403.8610437465065,390.5425012163045,59.21397844261691,13.318542530201967,10.176838632437462,19.7309701813534,389.905,21.081108404892888,432.06721680978575,347.7427831902142,509878.0
BEDC,2024-06-13,406.0,426.0,406.0,416.0,1.24 %,25782.0,10686905.5,0.012411779021659797,0.012335384371899238,420.3,392.0,405.7285754778132,392.42824186694867,60.95934484811972,13.300333610864527,10.801537628122876,19.750186596971012,392.0,21.505470540255356,435.0109410805107,348.9890589194893,535660.0
BEDC,2024-06-16,424.3,424.3,410.1,412.0,-0.96 %,22474.0,9389108.4,-0.009615384615384581,-0.009661910911736859,418.5,394.35,406.69341001968803,393.8780017286562,58.832824863637434,12.815408291031815,11.204311760704664,19.353744697187366,394.35,20.96082812747072,436.2716562549415,352.42834374505856,513186.0
BEDC,2024-06-18,417.0,417.0,402.0,403.0,-2.18 %,23879.0,9713056.9,-0.021844660194174748,-0.022086787402843398,413.3,396.3,406.1251930935822,394.55370530431134,54.24744161465202,11.571487789270861,11.277746966417904,19.042762933102555,396.3,19.768954928049705,435.83790985609943,356.7620901439006,489307.0
BEDC,2024-06-19,403.0,411.0,402.0,406.0,0.74 %,14188.0,5753190.0,0.007444168734491274,0.007416597655049619,409.58000000000004,398.4,406.1059326176465,395.40157898547346,55.492675290145215,10.704353632173024,11.163068299568929,18.32542272359523,398.4,18.336073160501375,435.0721463210027,361.72785367899723,503495.0
BEDC,2024-06-20,404.0,411.9,401.0,402.0,-0.99 %,14548.0,5889215.0,-0.009852216748768461,-0.00990107098271157,407.8,400.1,405.47425067647015,395.8903509124754,53.405564962587576,9.583899763994737,10.847234592454091,17.795035386195572,400.1,16.888208281142713,433.87641656228544,366.3235834377146,488947.0
BEDC,2024-06-23,397.0,408.0,395.0,401.0,-0.25 %,16746.0,6711616.1,-0.0024875621890547706,-0.002490661312451919,404.8,400.85,404.78590441855164,396.26884343747724,52.87020555854836,8.517060981074394,10.381199870178152,17.452532858610173,400.85,16.558937799645236,433.9678755992905,367.73212440070955,472201.0
BEDC,2024-06-24,397.4,418.7,397.4,415.0,3.49 %,25934.0,10663105.9,0.034912718204488824,0.034317092924129156,405.4,402.75,406.3573037387745,397.65633651618265,59.0580596171346,8.700967222591828,10.045153340660889,17.727351940138018,402.75,15.842929686535824,434.43585937307165,371.06414062692835,498135.0
BEDC,2024-06-25,423.3,442.0,413.5,441.9,6.48 %,51494.0,22272944.2,0.06481927710843371,0.06280509190599597,413.17999999999995,406.245,411.8254108558861,400.93364492239135,67.80477363910518,10.891765933494753,10.214475859227662,18.49682680155673,406.245,16.40255034726673,439.05010069453346,373.43989930546655,549629.0
BEDC,2024-06-26,450.0,450.7,428.0,432.0,-2.24 %,37134.0,16158001.3,-0.022403258655804392,-0.022658023892583874,418.37999999999994,409.07000000000005,414.9291938011344,403.2348564096216,62.511728345443565,11.69433739151276,10.510448165684682,18.79705345858839,409.07000000000005,15.678147715510084,440.4262954310202,377.7137045689799,512495.0
BEDC,2024-06-27,432.0,432.0,421.1,425.8,-1.44 %,24796.0,10530688.4,-0.014351851851851838,-0.014455835784731202,423.14,411.41,416.60162552403676,404.9063485274274,59.385183782868786,11.69527699660938,10.747413931869623,18.232978211546364,411.41,14.393818117507193,440.1976362350144,382.62236376498566,487699.0
BEDC,2024-06-30,426.0,432.0,415.0,423.9,-0.45 %,21403.0,8985955.5,-0.004462188821042878,-0.004472174100787784,427.71999999999997,412.90500000000003,417.72445236649264,406.3132856735439,58.42087140351066,11.411166692948768,10.880164484085451,18.144908339293053,412.90500000000003,14.038761191406834,440.9825223828137,384.82747761718633,466296.0
BEDC,2024-07-01,418.1,428.0,418.1,428.0,0.97 %,14897.0,6318530.2,0.009672092474640293,0.009625617223205391,430.32,413.65500000000003,419.3053058485707,407.91970895698506,59.932841225428504,11.385596891585635,10.98125096558549,17.555986315057833,413.65500000000003,14.439072539098554,442.53314507819715,384.7768549218029,481193.0
BEDC,2024-07-02,436.5,463.0,423.0,432.0,0.93 %,36607.0,15916599.7,0.009345794392523255,0.00930239266231341,428.34,415.255,421.2583357180213,409.7034342194306,61.40730355410268,11.55490149859071,11.095981072186534,19.159130149696562,415.255,14.61817452063233,444.49134904126464,386.01865095873535,517800.0
BEDC,2024-07-03,427.0,437.9,425.2,432.0,0.00 %,16484.0,7090063.7,0.0,0.0,428.34,416.95500000000004,422.91089945371033,411.355031684658,61.40730355349428,11.555867769052327,11.187958411559693,18.697763710432522,416.95500000000004,14.482275010286104,445.9195500205723,387.9904499794278,517800.0
BEDC,2024-07-04,432.0,440.0,427.0,431.0,-0.23 %,26081.0,11251773.0,-0.0023148148148147696,-0.002317498140362479,429.38,419.20500000000004,424.1553764608318,412.8102145228315,60.75901960633258,11.34516193800033,11.219399116847821,18.29078058825877,419.20500000000004,12.820192748361244,444.84538549672254,393.56461450327754,491719.0
BEDC,2024-07-07,426.0,433.0,425.1,426.0,-1.16 %,17967.0,7711464.2,-0.011600928074245953,-0.011668743834377378,429.8,420.65500000000003,424.4391646976269,413.7872356692884,57.490892220857276,10.651929028338486,11.105905099145954,17.548581974811714,420.65500000000003,11.7738548442983,444.20270968859666,397.1072903114034,473752.0
BEDC,2024-07-08,432.0,432.0,420.1,420.8,-1.22 %,14027.0,5920657.4,-0.012206572769953072,-0.012281684845870338,428.36,420.645,423.8792932056843,414.30669969378556,54.22426259867005,9.57259351189873,10.79924278169651,17.145111833753734,420.645,11.773631331781704,444.1922626635634,397.0977373364366,459725.0
BEDC,2024-07-09,422.0,429.2,420.0,426.0,1.24 %,13640.0,5792149.0,0.012357414448669113,0.012281684845870229,427.16,420.495,424.20555578942515,415.1728700868385,56.86379767720103,9.032685702586662,10.44593136587454,16.577603845628467,420.495,11.680324211428395,443.8556484228568,397.1343515771432,473365.0
BEDC,2024-07-10,420.0,434.0,417.6,429.0,0.70 %,10233.0,4365537.5,0.007042253521126751,0.00701757265864654,426.56000000000006,420.715,424.94316259105204,416.19710193225785,58.35573269883509,8.746060658794192,10.10595722445847,16.564917856655004,420.715,11.802509768772694,444.32001953754536,397.1099804624546,483598.0
BEDC,2024-07-11,436.0,439.5,429.0,436.0,1.63 %,21751.0,9410739.9,0.01631701631701632,0.01618532442101735,427.56000000000006,421.96999999999997,426.644214500121,417.66398327060915,61.68563225296635,8.980231229511844,9.880812025469146,16.131709438322503,421.96999999999997,12.03609046510032,446.04218093020063,397.8978190697993,505349.0
BEDC,2024-07-14,444.7,453.5,430.0,440.0,0.92 %,17652.0,7724345.4,0.00917431192660545,0.009132483563272472,430.36,423.16999999999996,428.6989507308716,419.3185030283418,63.48252944572854,9.380447702529807,9.780739160881279,16.658015907013752,423.16999999999996,12.593068268731004,448.35613653746196,397.98386346253795,523001.0
BEDC,2024-07-15,448.8,448.8,431.5,444.0,0.91 %,29251.0,12963462.8,0.009090909090909038,0.009049835519917856,435.0,424.77,431.05295831073755,421.1467620632794,65.23822109395175,9.906196247458126,9.805830578196648,16.70387191365563,424.77,13.120979584734636,451.01195916946926,398.5280408305307,552252.0
BEDC,2024-07-16,448.0,473.0,440.0,467.9,5.38 %,47518.0,21783663.1,0.05382882882882867,0.0524300354399457,443.38,428.015,436.7217339552395,424.6099648734069,73.4514070725943,12.111769081832563,10.267018278923832,17.867881062680226,428.015,15.298272176256004,458.611544352512,397.418455647488,599770.0
BEDC,2024-07-17,470.0,491.6,463.1,479.5,2.48 %,63196.0,30105687.2,0.024791622141483227,0.024489296451322314,453.48,431.68999999999994,443.3030056544334,428.6758934013027,76.36966882895473,14.62711225313069,11.139037073765204,18.62731812963164,431.68999999999994,18.2708251765331,468.23165035306613,395.14834964693375,662966.0
BEDC,2024-07-18,489.0,490.0,467.0,473.0,-1.36 %,38664.0,18423138.3,-0.013555787278414999,-0.013648505831559927,460.88,435.23999999999995,447.87177401528976,431.95916055676173,71.61903813633732,15.912613458528028,12.093752350717768,18.939652548943666,435.23999999999995,19.07824332638897,473.39648665277787,397.08351334722204,624302.0
BEDC,2024-07-21,465.0,475.0,460.0,466.0,-1.48 %,30513.0,14176004.4,-0.014799154334038,-0.014909754366287038,466.08000000000004,438.48999999999995,450.6607318590913,434.48070421922387,66.79983617349122,16.180027639867433,12.9110074085477,18.658248795447694,438.48999999999995,18.4649853563542,475.41997071270833,401.56002928729157,593789.0
BEDC,2024-07-22,470.0,475.0,456.7,466.0,0.00 %,42725.0,19803787.6,0.0,0.0,470.48,441.03999999999996,453.02061926538494,436.81546686965174,66.79983617279969,16.205152395733194,13.5698364059848,18.63265959577286,441.03999999999996,18.571523192351677,478.1830463847033,403.89695361529664,593789.0
BEDC,2024-07-23,466.0,480.0,465.0,476.0,2.15 %,37007.0,17631396.7,0.02145922746781115,0.021232220105774118,472.1,442.74500000000006,456.55590860917187,439.71802487930717,70.12991440768312,16.8378837298647,14.22344587076078,18.373183910360517,442.74500000000006,20.152640547890368,483.0502810957808,402.4397189042193,630796.0
BEDC,2024-07-24,470.0,485.0,452.0,471.0,-1.05 %,44409.0,20856822.1,-0.010504201680672232,-0.010559760215002217,470.4,444.69500000000005,458.7780765154531,442.03520822158066,66.5363308631304,16.742868293872448,14.727330355383115,19.41795648819191,444.69500000000005,20.930070912944693,486.55514182588945,402.83485817411065,586387.0
BEDC,2024-07-25,474.0,492.0,464.0,491.9,4.44 %,65918.0,31561397.1,0.0443736730360933,0.04341734978487626,474.17999999999995,448.0,463.8737570515372,445.72889650146357,72.8085094671359,18.144860550073645,15.410836394321223,20.030959596178203,448.0,22.914164775707132,493.82832955141424,402.17167044858576,652305.0
BEDC,2024-07-28,491.0,504.0,474.0,482.0,-2.01 %,41998.0,20439687.3,-0.02012604187843048,-0.02033132975069372,477.37999999999994,450.90500000000003,466.6624098128392,448.41564490876254,66.45456692715979,18.246764904076656,15.97802209627231,20.7430339107369,450.90500000000003,23.376246941125174,497.6574938822504,404.1525061177497,610307.0
BEDC,2024-07-29,480.0,497.0,472.0,484.0,0.41 %,41922.0,20378514.8,0.004149377593360981,0.004140792666031387,480.9799999999999,453.70500000000004,469.3297313800947,451.05152306366904,67.07960385881927,18.278208316425662,16.43805934030298,21.047102917112838,453.70500000000004,23.837574828074263,501.38014965614855,406.02985034385154,652229.0
BEDC,2024-07-30,484.0,494.0,476.0,487.9,0.81 %,33257.0,16098974.9,0.0080578512396694,0.008025560105159778,483.35999999999996,456.5,472.18669578315706,453.7810398737676,68.31922058862051,18.405655909389452,16.831578654120275,20.829452708747635,456.5,24.428542408632413,505.3570848172648,407.6429151827352,685486.0
BEDC,2024-07-31,497.6,513.0,478.2,493.1,1.07 %,39097.0,19373457.7,0.010657921705267581,0.01060152640828903,487.7799999999999,459.555,475.4041272011329,456.69355543867374,69.94429309648011,18.710571762459153,17.20737727578805,21.82734894383709,459.555,25.01680435227134,509.5886087045427,409.5213912954573,724583.0
BEDC,2024-08-01,495.0,499.9,480.3,484.0,-1.85 %,29462.0,14438177.5,-0.018454674508213365,-0.01862708651344874,486.2,462.20500000000004,476.72656917018935,458.716255035809,63.77869455017855,18.010314134380337,17.367964647506508,21.66825259070587,462.20500000000004,24.637038334478355,511.47907666895674,412.93092333104335,695121.0
BEDC,2024-08-05,485.0,508.9,466.0,501.0,3.51 %,39258.0,19467966.1,0.03512396694214881,0.034521194368233137,490.0,465.95500000000004,480.46094314400636,461.84838429241574,69.23471632116214,18.61255885159062,17.61688348832333,23.18480597708402,465.95500000000004,24.543934291920895,515.0428685838418,416.86713141615826,734379.0
BEDC,2024-08-06,510.0,510.0,455.0,473.0,-5.59 %,29120.0,14154806.0,-0.055888223552894245,-0.05751071259293187,487.8,468.56500000000005,479.3131057372361,462.674429900385,54.63679535999175,16.63867583685112,17.42124195802889,25.457319835863732,468.56500000000005,22.147954045935357,512.8609080918708,424.2690919081293,705259.0
BEDC,2024-08-07,463.6,509.2,463.6,489.0,3.38 %,31360.0,15132139.0,0.03382663847780121,0.033267100982939,488.02,471.71500000000003,480.8033971622767,464.62447212998615,59.84675516107142,16.17892503229058,17.172778572881228,26.89608270473061,471.71500000000003,20.16702036806934,512.0490407361387,431.38095926386137,736619.0
BEDC,2024-08-08,482.0,502.8,482.0,490.0,0.20 %,32211.0,15827970.1,0.002044989775051187,0.002042901629800331,487.4,474.76500000000004,482.21825913731107,466.5041408610983,60.15477003073875,15.714118276212787,16.881046513547542,26.460648225821284,474.76500000000004,17.846104543239264,510.45720908647854,439.07279091352154,768830.0
BEDC,2024-08-11,499.0,520.0,490.0,510.0,4.08 %,49760.0,25016762.0,0.04081632653061229,0.040005334613699206,492.6,478.46500000000003,486.4923731161863,469.7260563528688,65.80457795953998,16.76631676331749,16.85810056350153,26.71345906683405,478.46500000000003,17.038911350194862,512.5428227003897,444.3871772996103,818590.0
BEDC,2024-08-12,510.0,534.0,506.0,523.0,2.55 %,37230.0,19450874.4,0.025490196078431282,0.025170738346551355,497.0,482.61500000000007,492.1089310983115,473.67227440080444,68.89220356824184,18.436656697507033,17.17381179030263,26.805354847774478,482.61500000000007,17.28328291791947,517.181565835839,448.0484341641611,855820.0
BEDC,2024-08-13,520.0,550.8,511.1,538.0,2.87 %,45412.0,24137448.2,0.028680688336520044,0.028277096096861482,510.0,487.31500000000005,499.1690955447251,478.437291111856,72.03037003236764,20.731804432869126,17.88541031881593,27.7264009300763,487.31500000000005,18.932157966353085,525.1793159327062,449.4506840672939,901232.0
BEDC,2024-08-14,538.0,545.0,515.0,539.9,0.35 %,28158.0,15125657.2,0.0035315985130111027,0.003525377062456831,520.1800000000001,490.9150000000001,505.43538853784435,482.99008436282963,72.41003877463487,22.445304175014712,18.797389090055685,27.888800863642278,490.9150000000001,21.690581875667775,534.2961637513356,447.53383624866456,929390.0
BEDC,2024-08-15,538.0,550.0,531.1,536.0,-0.72 %,26108.0,14148703.3,-0.0072235599185034305,-0.007249776153439313,529.38,493.73999999999995,510.137636455099,486.9167447803978,70.30057208368852,23.22089167470125,19.682089606984796,27.2467436590964,493.73999999999995,23.71085472054367,541.1617094410873,446.3182905589126,903282.0
BEDC,2024-08-18,525.3,534.4,509.0,510.0,-4.85 %,26931.0,13981724.0,-0.04850746268656714,-0.049723435352430505,529.38,495.59,510.116461615853,488.62661553740537,58.14027007227804,21.489846078447613,20.04364090127736,27.229119112018083,495.59,23.449473117182457,542.4889462343649,448.69105376563505,876351.0
BEDC,2024-08-21,502.0,512.1,499.0,500.0,-1.96 %,15024.0,7555830.0,-0.019607843137254943,-0.019802627296179754,524.78,497.28999999999996,508.56008290572174,489.46908846056056,54.25320144668003,19.090994445161186,19.85311161005413,26.219896318302506,497.28999999999996,22.40037358710523,542.0907471742104,452.4892528257895,861327.0
BEDC,2024-08-22,496.0,520.0,496.0,504.0,0.80 %,18653.0,9452302.9,0.008000000000000007,0.007968169649176881,517.98,499.18999999999994,507.85853168945687,490.5454522782968,55.53381962738022,17.31307941116006,19.345105170275314,26.061332295566615,499.18999999999994,21.185295297490644,541.5605905949812,456.81940940501863,879980.0
BEDC,2024-08-25,504.0,505.0,482.0,495.0,-1.79 %,17632.0,8640307.5,-0.017857142857142905,-0.018018505502678365,509.0,500.14,505.880296044925,490.8754187762008,52.006203578457594,15.004877268724215,18.477059589965094,25.842665703026142,500.14,20.50577325637534,541.1515465127507,459.1284534872493,862348.0
BEDC,2024-08-27,504.9,504.9,470.0,470.0,-5.05 %,14146.0,6804082.0,-0.0505050505050505,-0.05182506786458602,495.8,500.09,500.3602504995519,489.3290914594452,43.701851013007214,11.03115904010673,16.98787947999342,26.48961815280999,500.09,20.58164486290954,541.2532897258191,458.9267102741809,848202.0
BEDC,2024-08-28,475.0,489.0,465.0,474.0,0.85 %,12540.0,5992336.5,0.008510638297872353,0.008474626990972236,488.6,499.195,496.3048273457747,488.19360320319,45.209365934978095,8.111224142584717,15.212548412511682,26.311788284752133,499.195,21.332048412505028,541.85909682501,456.53090317498993,860742.0
BEDC,2024-08-29,479.5,499.8,466.0,477.0,0.63 %,11100.0,5283822.5,0.006329113924050667,0.006309169193264756,484.0,498.945,493.3348539079632,487.3644474103611,46.369283302155,5.9704064976020845,13.364120029529762,26.84666055012698,498.945,21.572118335329485,542.0892366706589,455.800763329341,871842.0
BEDC,2024-09-01,467.5,496.2,462.0,470.0,-1.47 %,7623.0,3596030.0,-0.014675052410901501,-0.01478379618423698,477.2,498.245,489.74487638366116,486.07819204663065,44.02719527754182,3.6666843370305173,11.424632891029914,27.371899082260768,498.245,22.29754470787704,542.840089415754,453.6499105842459,864219.0
BEDC,2024-09-02,471.0,492.0,462.2,490.0,4.26 %,14712.0,7060023.0,0.042553191489361764,0.04167269640056808,476.2,498.35,489.78412617079016,486.3686963394728,51.55605148911479,3.41542983131734,9.822792279087398,27.54533486209929,498.35,22.25116200395141,542.8523240079029,453.8476759920972,878931.0
BEDC,2024-09-03,490.0,499.0,480.0,481.0,-1.84 %,9819.0,4760636.9,-0.01836734693877551,-0.018538120998911112,478.4,497.745,488.43272214451474,485.9710151291415,48.401020363610186,2.4617070153732357,8.350575226344567,26.93495380052077,497.745,22.563722047378512,542.872444094757,452.61755590524297,869112.0
BEDC,2024-09-04,484.0,491.0,456.0,469.2,-2.45 %,14192.0,6635577.5,-0.02453222453222459,-0.02483815332644084,477.43999999999994,497.00499999999994,485.4738418145894,484.728717712168,44.55146826156706,0.7451241024213573,6.8294850015599255,27.511028529055,497.00499999999994,23.26986926884745,543.5447385376948,450.465261462305,854920.0
BEDC,2024-09-05,466.0,478.5,455.0,458.7,-2.24 %,7844.0,3621498.5,-0.02237851662404089,-0.022632715176194057,473.7799999999999,494.89,481.3547892277295,482.8006645483037,41.396390045231044,-1.4458753205742028,5.1744129371331,27.224526491265358,494.89,24.762129404220456,544.4142588084409,445.3657411915591,847076.0
BEDC,2024-09-08,450.0,469.0,450.0,460.0,0.28 %,9245.0,4287843.4,0.002834096359276339,0.002830087880014499,471.7799999999999,494.23999999999995,478.06943703884804,481.11172643361454,41.94457817836577,-3.042289394766499,3.5310724707531804,26.637060313317836,494.23999999999995,25.5258259312694,545.2916518625387,443.18834813746116,856321.0
BEDC,2024-09-09,452.2,464.0,447.2,452.1,-1.72 %,12231.0,5576420.0,-0.01717391304347826,-0.017323095182581218,464.2,492.395,474.0741390328714,478.9627096607542,39.524969009788656,-4.888570627882757,1.8471438510259928,25.934413148080846,492.395,27.202969555387927,546.8009391107759,437.9890608892241,844090.0
BEDC,2024-09-10,449.0,470.0,441.7,441.7,-2.30 %,5209.0,2359992.8,-0.023003760230037695,-0.023272475698078783,456.34,489.9799999999999,469.0935022585835,476.20250894514277,36.536891128448374,-7.109006686559269,0.05591374350894052,26.103383637503644,489.9799999999999,29.47579917223437,548.9315983444686,431.0284016555312,838881.0
BEDC,2024-09-11,441.7,449.0,428.6,436.0,-1.29 %,8059.0,3508509.9,-0.012904686438759305,-0.012988675253446425,449.7,486.2799999999999,464.00219421880143,473.22454531957663,34.97619230648408,-9.2223511007752,-1.7997392253478877,25.695999091967668,486.2799999999999,31.411422662528405,549.1028453250567,423.4571546749431,830822.0
BEDC,2024-09-12,432.0,468.1,432.0,459.0,5.28 %,12820.0,5754509.5,0.05275229357798161,0.0514079667115108,449.76000000000005,483.0799999999999,463.2326258774474,472.1708752959043,45.15629108912313,-8.938249418456905,-3.227441263969691,26.439142013969978,483.0799999999999,30.72622058728904,544.532441174578,421.62755882542183,843642.0
BEDC,2024-09-15,460.0,477.0,443.1,445.8,-2.88 %,13756.0,6373394.9,-0.02875816993464053,-0.029179789108776683,446.91999999999996,478.46999999999997,460.5506834347632,470.2174771258373,41.17232389218305,-9.666793691074133,-4.51531174939058,26.97206044154355,478.46999999999997,28.91590529357801,536.301810587156,420.63818941284393,829886.0
BEDC,2024-09-16,440.0,472.0,440.0,453.9,1.82 %,16410.0,7440932.4,0.018169582772543658,0.018006488510651363,447.28000000000003,474.16999999999996,459.52750136787654,469.008775116516,44.41321766503628,-9.481273748639467,-5.508504149240357,27.331198981433296,474.16999999999996,25.491693177434147,525.1533863548683,423.1866136451317,846296.0
BEDC,2024-09-18,460.0,489.3,450.0,486.0,7.07 %,42014.0,19813096.1,0.07072042300066106,0.06833171443807395,456.14,471.66999999999996,463.6001934651263,470.2673843671445,54.99479765513831,-6.667190902018149,-5.740241499795916,28.18611333990235,471.66999999999996,21.19918320173839,514.0683664034767,429.2716335965232,888310.0
BEDC,2024-09-22,477.0,510.0,477.0,502.0,3.29 %,50410.0,25282333.8,0.03292181069958855,0.0323914957912355,469.34,471.27,469.507856008953,472.6179484880967,59.167213930577375,-3.1100924791437023,-5.214211695665473,28.529962387052183,471.27,20.501889514969726,512.2737790299394,430.26622097006054,938720.0
BEDC,2024-09-23,512.0,512.0,463.2,478.0,-4.78 %,29242.0,14052144.2,-0.047808764940239,-0.048989387200273175,473.14,470.16999999999996,470.8143396998833,473.0166189704599,51.46041329574477,-2.2022792705765823,-4.611825210647695,29.977822216548457,470.16999999999996,19.442089448026923,509.0541788960538,431.2858211039461,909478.0
BEDC,2024-09-24,470.0,484.6,459.0,462.0,-3.35 %,8854.0,4151467.0,-0.03347280334728031,-0.0340458414097171,476.37999999999994,468.07,469.4582874383628,472.2005731207962,47.0595840936127,-2.742285682433419,-4.23791730500484,29.66512062965214,468.07,17.794117892684852,503.6582357853697,432.4817642146303,900624.0
BEDC,2024-09-25,453.0,471.2,453.0,462.9,0.19 %,10397.0,4807522.5,0.001948051948051921,0.0019461569554859697,478.18,466.465,468.44932014015313,471.511641778515,47.33242643273795,-3.0623216383618796,-4.002798171676249,28.846183441819846,466.465,16.648005254299708,499.7610105085994,433.16898949140057,911021.0
BEDC,2024-09-26,471.0,472.0,445.0,447.0,-3.43 %,9569.0,4369776.4,-0.03434867141931297,-0.03495245342365596,470.38,465.31499999999994,465.1494247339757,469.6959646097361,43.105750730918025,-4.546539875760402,-4.11154651249308,28.71431319597557,465.31499999999994,17.176951356237844,499.66890271247564,430.96109728752424,901452.0
BEDC,2024-09-29,442.0,446.9,423.1,425.1,-4.90 %,11584.0,4983563.2,-0.04899328859060392,-0.05023415924882428,455.0,462.87,458.98797477490257,466.39255982382974,38.063949899030874,-7.404585048927174,-4.770154219779899,28.370433681977314,462.87,19.232869342813178,501.3357386856264,424.4042613143736,889868.0
BEDC,2024-09-30,417.1,438.5,417.1,431.0,1.39 %,8400.0,3587860.0,0.013879087273582558,0.013783654739003217,445.6,460.57,454.68213250184067,463.77088872576826,40.09674440546763,-9.08875622392759,-5.633874620609437,27.872545561836077,460.57,20.181286276878037,500.9325725537561,420.2074274462439,898268.0
BEDC,2024-10-01,427.3,448.0,427.3,445.0,3.25 %,12093.0,5344605.0,0.03248259860788871,0.0319661920624925,442.2,459.32,453.19257365540363,462.3804525238595,44.73210578650894,-9.187878868455869,-6.344675470178723,27.360220878847787,459.32,20.34007193486846,500.0001438697369,418.63985613026307,910361.0
BEDC,2024-10-02,445.0,468.1,445.0,450.8,1.30 %,19379.0,8826598.9,0.013033707865168553,0.012949499999381036,439.78000000000003,457.35999999999996,452.8244854007262,461.52264122579584,46.576485219846774,-8.698155825069648,-6.8153715411569085,27.05591938750152,457.35999999999996,19.077608809664124,495.5152176193282,419.2047823806717,929740.0
BEDC,2024-10-06,442.0,460.0,442.0,459.8,2.00 %,5747.0,2606013.5,0.01996450754214729,0.019767830163459937,442.34,456.3,453.89764149292216,461.3950381720332,49.39838096669766,-7.497396679111034,-6.951776568747734,26.40906800267998,456.3,18.26670828526001,492.83341657052006,419.76658342947997,935487.0
BEDC,2024-10-07,451.0,477.0,451.0,473.0,2.87 %,7323.0,3432193.3,0.028708133971291794,0.028303776162851724,451.91999999999996,456.49000000000007,456.8364658786264,462.2546649741048,53.29500034582366,-5.418199095478371,-6.645061074093862,26.379848859631412,456.49000000000007,18.427008210200217,493.3440164204005,419.6359835795996,942810.0
BEDC,2024-10-08,465.0,470.0,453.8,466.0,-1.48 %,5886.0,2709382.0,-0.014799154334038,-0.014909754366287038,458.91999999999996,456.855,458.2462403588377,462.5320971982452,51.04994206647677,-4.285856839407472,-6.173220227156584,25.867002512514883,456.855,18.545008549609822,493.9450170992197,419.76498290078035,936924.0
BEDC,2024-10-09,457.0,474.3,448.0,470.0,0.86 %,2505.0,1162805.0,0.008583690987124415,0.008547060578458348,463.91999999999996,457.355,460.0545110728627,463.0852751835604,52.286818071672215,-3.030764110697703,-5.544729003864807,25.89793090447811,457.355,18.767734770634682,494.8904695412694,419.81953045873064,939429.0
BEDC,2024-10-15,479.4,479.4,459.1,472.8,0.60 %,1257.0,588927.6,0.005957446808510625,0.005939771387784158,468.32,458.39,462.0153555231915,463.8048844292226,53.1786834374354,-1.789528906031137,-4.793688984298074,25.498078697015384,458.39,19.03160529224573,496.45321058449144,420.32678941550853,940686.0
BEDC,2024-10-16,481.0,481.0,464.0,474.8,0.42 %,7414.0,3512636.8,0.004230118443316444,0.004221196643624561,471.32,460.0450000000001,463.98222390423894,464.6193374344654,53.84236705241467,-0.6371135302264861,-3.9623738934837562,24.8910730758,460.0450000000001,18.9428357516931,497.9306715033863,422.15932849661385,948100.0
BEDC,2024-10-17,466.0,502.0,466.0,475.5,0.15 %,13515.0,6469359.9,0.0014743049705139288,0.0014732192499320525,471.82,462.0200000000001,465.754189457433,465.42531243931984,54.08766818432803,0.32887701811313264,-3.104123711164379,25.684567856100003,462.0200000000001,18.353935473577607,498.72787094715534,425.31212905284485,961615.0
BEDC,2024-10-20,469.0,484.0,460.0,464.0,-2.42 %,17814.0,8325803.4,-0.024185068349106165,-0.02448232975918969,471.41999999999996,462.2700000000001,465.48431415628943,465.31973374011096,49.43917965808534,0.16458041617846675,-2.4503828856958103,25.56424158066429,462.2700000000001,18.344685161758417,498.9593703235169,425.5806296764833,943801.0
BEDC,2024-10-21,464.0,473.0,451.9,453.0,-2.37 %,12732.0,5864111.6,-0.023706896551724088,-0.023992426743221194,468.02,462.63,463.5636504399372,464.4071608704731,45.41827590999322,-0.8435104305359005,-2.1290083946638285,25.245367182045417,462.63,18.073100103973566,498.7762002079471,426.4837997920529,931069.0
BEDC,2024-10-22,448.0,475.0,448.0,470.0,3.75 %,12681.0,5868573.2,0.03752759381898452,0.03684056922107022,467.46000000000004,463.43500000000006,464.55385806456223,464.82144525043805,51.92566303831134,-0.26758718587581143,-1.7567241529062252,25.3706980976136,463.43500000000006,18.022274960078402,499.47954992015684,427.3904500798433,943750.0
BEDC,2024-10-23,461.2,477.9,461.2,470.0,0.00 %,5492.0,2558372.3,0.0,0.0,466.5,462.63500000000005,465.3917260546296,465.20504189855376,51.92566303791917,0.18668415607584166,-1.368042491109812,24.75136251921263,462.63500000000005,17.308904766343666,497.25280953268737,428.01719046731273,943750.0
BEDC,2024-10-24,465.0,501.0,460.3,466.0,-0.85 %,4974.0,2323022.2,-0.008510638297872353,-0.008547060578458408,464.6,460.83500000000004,465.4853066616096,465.2639276838461,50.289534402122555,0.22137897776354976,-1.0501581973351395,25.890550910697442,460.83500000000004,14.670567563370211,490.17613512674046,431.4938648732596,938776.0
BEDC,2024-10-27,460.0,487.0,460.0,464.0,-0.43 %,3699.0,1717467.5,-0.0042918454935622075,-0.0043010818993905854,464.6,460.13500000000005,465.25679794443886,465.1703034109686,49.45053609025139,0.08649453347027247,-0.8228276511740571,25.969797274219054,460.13500000000005,14.132578078953857,488.40015615790776,431.86984384209234,935077.0
BEDC,2024-10-28,456.0,483.9,456.0,478.9,3.21 %,21732.0,10386357.7,0.032112068965517215,0.031607255122308386,469.78000000000003,460.98,467.3557521068329,466.18731797311904,55.417929403614934,1.1684341337138449,-0.42457529419647677,26.10766889748912,460.98,14.742048704295849,490.4640974085917,431.4959025914083,956809.0
BEDC,2024-10-29,475.0,493.0,475.0,491.4,2.61 %,17042.0,8319990.3,0.026101482564209633,0.025766652738515045,474.06000000000006,462.40500000000003,471.05486716732014,468.05492404918425,59.714529888547546,2.9999431181358887,0.2603283882699963,25.52854969052561,462.40500000000003,16.23885771844277,494.8827154368856,429.9272845631145,973851.0
BEDC,2024-10-30,485.0,496.0,471.5,483.9,-1.53 %,8171.0,3927974.7,-0.015262515262515208,-0.015380186287805816,476.84,464.25,473.03104144927084,469.2286333788743,56.213913719017235,3.8024080703965524,0.9687443246953076,25.455081855488068,464.25,16.4907470067893,497.2314940135786,431.2685059864214,965680.0
BEDC,2024-11-05,475.0,488.0,467.2,481.0,-0.60 %,4904.0,2321512.3,-0.0059929737549080375,-0.006011003693511687,479.84,467.04499999999996,474.2570350724599,470.1005864619206,54.87437436659086,4.156448610539314,1.6062851818641088,25.122576008667494,467.04499999999996,14.064792737067341,495.17458547413463,438.9154145258653,960776.0
BEDC,2024-11-06,475.0,493.0,474.0,489.9,1.85 %,10779.0,5238681.9,0.018503118503118365,0.018334018538767805,485.02,469.98999999999995,476.6636450613122,471.5672096869635,58.168863010455865,5.096435374348687,2.3043152203610244,24.68524915090553,469.98999999999995,12.157298003119656,494.30459600623925,445.67540399376065,971555.0
BEDC,2024-11-10,481.0,509.0,481.0,505.0,3.08 %,26227.0,13101055.1,0.03082261686058385,0.030357140630830764,490.23999999999995,472.98999999999995,481.02308428264877,474.0437126731143,63.09214997145249,6.979371609534439,3.2393264981957075,24.922017068697993,472.98999999999995,13.037189719770273,499.0643794395405,446.9156205604594,997782.0
BEDC,2024-11-11,495.0,519.0,495.0,514.4,1.86 %,38142.0,19430577.6,0.01861386138613863,0.018442743648049823,494.84,476.1700000000001,486.15799439301054,477.0330672899207,65.79130354906444,9.124927103089817,4.416446619174529,24.856158706648138,476.1700000000001,14.955270150116396,506.0805403002329,446.25945969976726,1035924.0
BEDC,2024-11-12,505.0,520.0,505.0,517.9,0.68 %,31766.0,16351259.4,0.006804043545878713,0.006781000506436165,501.64,479.075,491.04137987100887,480.06024749066734,66.76588434534871,10.981132380341535,5.729383771407931,24.152147370458987,479.075,17.097518287130065,513.2700365742601,444.87996342573985,1067690.0
BEDC,2024-11-13,528.2,530.9,508.0,523.0,0.98 %,26855.0,14054457.4,0.009847460899787608,0.009799290635077127,510.03999999999996,481.575,495.9580906600844,483.2409698987661,68.18807584226862,12.717120761318313,7.126931169390008,24.062708272569058,481.575,19.630370535683134,520.8357410713662,442.3142589286337,1094545.0
BEDC,2024-11-14,513.0,545.6,513.0,536.1,2.50 %,44813.0,24091696.2,0.02504780114722749,0.024739246768569104,519.28,485.08000000000004,502.1337690200714,487.1564536099686,71.55522431733807,14.97731541010279,8.697008017532564,24.672514824528413,485.08000000000004,22.71838115062455,530.5167623012492,439.64323769875097,1139358.0
BEDC,2024-11-17,526.0,576.0,526.0,576.0,7.44 %,75113.0,42792984.3,0.0744264129826524,0.07178694986239911,533.4799999999999,490.38,513.497804555445,493.73745704626725,78.88573937465073,19.760347509177734,10.909675915861598,26.48162090849067,490.38,30.16063310796815,550.7012662159362,430.0587337840637,1214471.0
BEDC,2024-11-19,565.0,573.0,538.0,545.0,-5.38 %,73746.0,40662447.4,-0.05381944444444442,-0.05532186603264714,539.6,493.99000000000007,518.3442961622995,497.5346824502475,64.89298501552162,20.809613712052055,12.88966347509969,27.304362272169907,493.99000000000007,32.197791686285846,558.3855833725718,429.59441662742836,1140725.0
BEDC,2024-11-20,535.0,566.0,535.0,556.9,2.18 %,34268.0,18820050.3,0.021834862385321063,0.02159989593237881,547.4,498.09499999999997,524.2759429065611,501.9321133798588,67.29146322364932,22.343829526702336,14.780496685420221,27.568336395586343,498.09499999999997,34.75451466318369,567.6040293263674,428.5859706736326,1174993.0
BEDC,2024-11-21,550.0,580.0,543.0,549.0,-1.42 %,33826.0,18739317.5,-0.014185670676961748,-0.014287249086092286,552.6,501.77,528.0796439978594,505.4186234998693,64.15777366315172,22.661020497990137,16.356601447934203,28.242026653044462,501.77,36.09951304526174,573.9690260905235,429.5709739094765,1141167.0
BEDC,2024-11-24,539.0,558.0,539.0,549.0,0.00 %,30806.0,16877902.7,0.0,0.0,555.1800000000001,506.02,531.2981603058811,508.6468736109901,64.15777366274443,22.651286694890985,17.61553849732556,27.581881892112715,506.02,36.420910708573125,578.8618214171462,433.1781785828537,1141167.0
BEDC,2024-11-25,540.0,560.0,540.0,554.4,0.98 %,25138.0,13913705.7,0.00983606557377037,0.009788006366162724,550.86,511.09,534.8522894895916,512.0359940842501,65.43386810353456,22.81629540534152,18.655689878928754,27.04031889981895,511.09,35.70240888231131,582.4948177646226,439.68518223537734,1166305.0
BEDC,2024-11-26,547.0,571.0,547.0,563.0,1.55 %,32452.0,18280327.7,0.015512265512265477,0.01539318026399687,554.46,515.74,539.1827064911929,515.8111056335649,67.42310670790192,23.371600857627982,19.598872074668602,26.823153264117597,515.74,36.122880924914085,587.9857618498281,443.49423815017184,1198757.0
BEDC,2024-11-27,555.0,588.0,555.0,572.4,1.67 %,36092.0,20725613.9,0.016696269982237943,0.016558419542605396,557.5600000000001,520.8599999999999,544.2930593387017,520.0028755866342,69.48988560158233,24.29018375206749,20.537134410148383,27.264356602394912,520.8599999999999,36.55299541328909,593.965990826578,447.7540091734217,1234849.0
BEDC,2024-11-28,565.0,587.9,565.0,576.0,0.63 %,31073.0,17922798.7,0.0062893081761006275,0.006269613013595395,562.96,526.3599999999999,549.1710502096706,524.1508107283651,70.26786793675822,25.020239481305566,21.43375542437982,26.95261684508099,526.3599999999999,36.13724423710728,598.6344884742144,454.08551152578536,1265922.0
BEDC,2024-12-01,565.0,579.0,557.9,569.0,-1.22 %,40024.0,22695776.2,-0.01215277777777779,-0.01222722656956033,566.96,531.6099999999999,552.2216578697213,527.4729728966342,66.70605287302794,24.74868497308705,22.09674133412127,26.534572784718065,531.6099999999999,34.17467360179429,599.9593472035884,463.2606527964113,1225898.0
BEDC,2024-12-02,558.0,614.0,558.0,575.0,1.05 %,36829.0,21317624.1,0.010544815465729274,0.010489606671019443,571.0799999999999,536.415,555.7260181974565,530.9934934228095,68.19424234856498,24.732524774647004,22.623898022226417,28.639246157238205,536.415,33.112921233730965,602.6408424674619,470.18915753253805,1262727.0
BEDC,2024-12-03,564.0,596.0,564.0,576.0,0.17 %,24536.0,14158058.9,0.0017391304347826875,0.001737619898540878,573.68,540.645,558.8450923209247,534.3273087248236,68.44738292367074,24.517783596101026,23.00267513700134,28.879300003149762,540.645,32.45694273308301,605.558885466166,475.731114533834,1287263.0
BEDC,2024-12-04,570.0,589.0,565.1,574.9,-0.19 %,28513.0,16422084.7,-0.0019097222222222987,-0.001911548066646088,574.1800000000001,545.1949999999999,561.3150781177055,537.3326932637256,67.80806812395059,23.982384853979966,23.198617080397067,28.523635717210492,545.1949999999999,30.396476163489215,605.9879523269784,484.4020476730215,1258750.0
BEDC,2024-12-05,566.0,596.7,566.0,580.0,0.89 %,47867.0,27744636.8,0.00887110801878599,0.008831990911219905,574.9799999999999,550.145,564.1896814842124,540.4932345034496,69.24247219641408,23.696446980762857,23.298183060470226,28.67909030883832,550.145,27.294986526344868,604.7349730526897,495.55502694731024,1306617.0
BEDC,2024-12-08,580.0,590.0,567.0,572.0,-1.38 %,35155.0,20362793.5,-0.01379310344827589,-0.01388911216066715,575.5799999999999,554.25,565.3912689481797,542.8270689846755,64.3953551522207,22.564199963504166,23.151386441077015,28.273441001064153,554.25,23.693736680700923,601.6374733614018,506.8625266385982,1271462.0
BEDC,2024-12-09,562.0,585.0,562.0,570.0,-0.35 %,24184.0,13834779.9,-0.0034965034965035446,-0.003502630551202112,574.5799999999999,557.5,566.1003044946136,544.8398786895143,63.20416436051654,21.260425805099317,22.773194313881476,27.896766643845286,557.5,20.872696847409536,599.2453936948191,515.7546063051809,1247278.0
BEDC,2024-12-10,562.0,583.4,560.0,567.9,-0.37 %,24372.0,13894613.1,-0.0036842105263158453,-0.0036910139452090355,572.9599999999999,560.175,566.3771807262116,546.5480358236243,61.909205423332594,19.829144902587245,22.184384431622632,27.575569026427765,560.175,18.33196446244307,596.8389289248861,523.5110710751138,1222906.0
BEDC,2024-12-11,557.0,609.0,557.0,601.0,5.83 %,79857.0,47616595.2,0.058284909315020395,0.05664958765182086,578.1800000000001,564.33,571.7037683067945,550.581514651504,71.7381061145573,21.12225365529048,21.9719582763562,29.320171238825782,564.33,17.650677637197596,599.6313552743952,529.0286447256049,1302763.0
BEDC,2024-12-12,610.0,659.9,610.0,637.0,5.99 %,121223.0,76266227.5,0.05990016638935103,0.058174721036955715,589.58,570.03,581.7493424134415,556.9828839365778,78.29738586919889,24.766458476863704,22.530858316457703,31.433016150338226,570.03,21.57281671577118,613.1756334315423,526.8843665684576,1423986.0
BEDC,2024-12-16,640.0,640.0,620.0,630.0,-1.10 %,76011.0,47769340.1,-0.01098901098901095,-0.011049836186584935,601.1800000000001,574.725,589.1725205036812,562.391559200535,74.66850611404065,26.780961303146228,23.38087891379541,30.61637213959978,574.725,23.893004371454683,622.5110087429094,526.9389912570906,1347975.0
BEDC,2024-12-17,641.0,641.0,616.1,635.0,0.79 %,36960.0,23182016.8,0.007936507936507908,0.007905179507113247,614.1800000000001,577.675,596.2229019646534,567.7699622227176,75.54053120993083,28.45293974193578,24.395291079423487,30.208059843914082,577.675,27.438004281415555,632.551008562831,522.7989914371689,1384935.0
BEDC,2024-12-18,627.0,665.0,627.0,660.0,3.94 %,72549.0,47368977.9,0.03937007874015741,0.038614836127779516,632.6,583.425,606.0347632008605,574.6018168728867,79.36541769891328,31.43294632797381,25.802822129133553,30.76462699792022,583.425,31.914802290829808,647.2546045816596,519.5953954183403,1457484.0
BEDC,2024-12-19,649.0,693.6,649.0,693.6,5.09 %,78407.0,51843856.0,0.050909090909091015,0.049655590445860966,651.12,590.26,619.5063380930359,583.4164971045248,83.1738070861234,36.08984098851113,27.86022590100907,31.752867926640207,590.26,39.63859628933721,669.5371925786744,510.98280742132556,1535891.0
BEDC,2024-12-22,679.8,711.7,672.0,711.7,2.61 %,108511.0,75455381.4,0.02609573241061125,0.025761048838893276,666.0600000000001,598.395,633.689978386415,592.9189788004859,84.80115438900715,40.770999585929076,30.442380637993075,32.32052021759448,598.395,46.777676580986316,691.9503531619727,504.83964683802736,1644402.0
BEDC,2024-12-23,701.0,742.0,684.2,715.0,0.46 %,115382.0,81747576.5,0.004636785162287493,0.004626068388782243,683.0600000000001,606.6949999999999,646.1992124808127,601.9620174078573,85.08439486145735,44.23719507295539,33.20134352498554,34.14048305919487,606.6949999999999,51.98882951881481,710.6726590376295,502.7173409623703,1759784.0
BEDC,2024-12-24,729.3,743.0,718.0,743.0,3.92 %,65038.0,47749638.9,0.03916083916083912,0.038413502023751475,704.6600000000001,616.125,661.0916413299185,612.4092753776457,87.25471172516453,48.68236595227279,36.297548010442995,33.70187712639524,616.125,58.678301153964206,733.4816023079284,498.7683976920716,1824822.0
BEDC,2024-12-26,728.2,728.2,690.0,707.0,-4.85 %,56131.0,39802903.5,-0.048452220726783346,-0.04966537882118645,714.0600000000001,623.325,668.1544657407003,619.4159957200422,72.62326724800263,48.73847002065804,38.785732412486006,35.08031447450987,623.325,60.61913780664128,744.5632756132826,502.0867243867175,1768691.0
BEDC,2024-12-29,692.9,730.0,690.0,699.0,-1.13 %,48538.0,34108651.0,-0.011315417256011262,-0.011379923662762446,715.1400000000001,629.655,672.8999325498233,625.3111071481874,69.82132877272392,47.58882540163597,40.546351010316,35.43172058347345,629.655,61.62317126569847,752.901342531397,506.40865746860305,1720153.0
BEDC,2024-12-31,712.0,712.0,662.0,680.0,-2.72 %,49737.0,34168529.7,-0.027181688125894166,-0.027557944063657906,708.8,634.855,673.9922506190813,629.3621362483216,63.55016961928304,44.63011437075977,41.363103682404756,36.4723119703682,634.855,61.244054276394984,757.34310855279,512.36689144721,1670416.0
BEDC,2025-01-01,690.5,720.0,680.0,714.0,5.00 %,30674.0,21615584.3,0.050000000000000044,0.04879016416943205,708.6,642.105,680.1472889853765,635.6316076373348,68.92833590327743,44.51568134804165,41.993619215532135,36.724289686770476,642.105,61.61922525520833,765.3434505104167,518.8665494895833,1701090.0
BEDC,2025-01-02,699.8,762.9,699.8,750.0,5.04 %,58877.0,44029950.1,0.050420168067226934,0.04919024419077178,710.0,650.855,690.8938599107031,644.1033404049397,73.40316929422646,46.79051950576343,42.9529992735784,38.6082689948583,650.855,63.96900956095834,778.7930191219167,522.9169808780833,1759967.0
BEDC,2025-01-05,765.0,795.6,736.0,787.9,5.05 %,58799.0,46024489.0,0.05053333333333332,0.04929797172128627,726.18,661.45,705.8178814629026,654.7549448193886,77.13635221721954,51.062936643514035,44.57498674756553,40.107678352368424,661.45,68.31876909404725,798.0875381880945,524.8124618119056,1818766.0
BEDC,2025-01-06,803.6,819.6,766.6,819.6,4.02 %,116717.0,91687884.7,0.040233532174133835,0.03944523811310234,750.3,673.6850000000001,723.3228227763022,666.965689647582,79.7025787047821,56.35713312872019,46.931416023796466,41.028558470056396,673.6850000000001,73.70219074798277,821.0893814959657,526.2806185040345,1935483.0
BEDC,2025-01-07,803.3,803.3,738.0,750.0,-8.49 %,129519.0,97968841.5,-0.08491947291361646,-0.08874320983438863,764.3,682.1850000000001,727.4270038876404,673.1163793033168,62.98658541085446,54.31062458432359,48.407257735901894,43.92651857933809,682.1850000000001,72.11480083865855,826.4146016773171,537.955398322683,1805964.0
BEDC,2025-01-08,760.0,765.0,724.1,737.0,-1.73 %,44425.0,32682162.3,-0.01733333333333331,-0.0174853143410195,768.9,690.4350000000001,728.899772520311,677.848499354923,60.43693271499339,51.05127316538801,48.936060821799124,43.71033868081394,690.4350000000001,68.17664575435755,826.7882915087151,554.081708491285,1761539.0
BEDC,2025-01-09,747.0,750.0,688.0,737.0,0.00 %,78226.0,57018890.1,0.0,0.0,766.3,698.7850000000001,730.14596136334,682.2300919952991,60.43693271479073,47.915869368040944,48.73202253104749,45.01674306075581,698.7850000000001,62.65288899962518,824.0907779992505,573.4792220007497,1761539.0
BEDC,2025-01-12,722.3,749.0,722.3,738.2,0.16 %,17589.0,12935616.6,0.0016282225237449488,0.0016268984065616297,756.36,707.3,731.3850442305185,686.3760111067584,60.60764006480389,45.009033123760105,47.98742464959002,43.70840427070183,707.3,55.03819726239289,817.3763945247857,597.2236054752142,1779128.0
BEDC,2025-01-13,723.5,750.0,705.6,742.5,0.58 %,51602.0,37447700.5,0.005824979680303377,0.005808080080956423,740.9399999999999,714.375,733.0950374258234,690.5333436173688,61.25281036595878,42.561693808454606,46.902278481362934,43.757803965651696,714.375,49.46721269263377,813.3094253852676,615.4405746147324,1830730.0
BEDC,2025-01-15,741.0,800.0,730.0,800.0,7.74 %,106874.0,81076822.9,0.07744107744107742,0.0745888569910726,750.9399999999999,722.525,743.3881085910814,698.6419848308971,68.64748162632607,44.74612376018433,46.47104753712722,45.63224653953372,722.525,49.47588327978686,821.4767665595737,623.5732334404263,1937604.0
BEDC,2025-01-16,784.0,850.0,765.1,847.0,5.88 %,92323.0,72754521.9,0.05875000000000008,0.057088966984127174,772.9399999999999,733.375,759.3283995770689,709.6314674360158,73.15694888797698,49.69693214105314,47.11622445791241,48.437086072424165,733.375,51.854095661204866,837.0831913224097,629.6668086775903,2029927.0
BEDC,2025-01-19,845.0,861.9,762.3,861.9,1.76 %,130052.0,102956375.6,0.0175914994096813,0.017438560001299237,797.92,744.72,775.1086457959814,720.9106179963109,74.41338038159212,54.19802779967051,48.53258512626404,52.09157992439387,744.72,53.97609217343402,852.6721843468681,636.767815653132,2159979.0
BEDC,2025-01-20,859.0,859.0,775.8,775.8,-9.99 %,63781.0,49752885.5,-0.09989557953358863,-0.10524449964748682,805.4399999999999,750.51,775.215007981215,724.9764981447323,57.62767487903492,50.23850983648265,48.87377006830776,54.520752786937166,750.51,50.50948738394319,851.5289747678863,649.4910252321137,2096198.0
BEDC,2025-01-21,791.3,791.3,740.0,740.0,-4.61 %,63259.0,47705333.6,-0.046145913895333845,-0.047244568807651356,804.9399999999999,752.83,769.7973144456433,726.0893501340114,52.34086138466995,43.70796431163194,47.8406089169726,54.29069901644165,752.83,48.794424832516256,850.4188496650326,655.2411503349675,2032939.0
BEDC,2025-01-22,740.0,788.0,736.2,753.5,1.82 %,41653.0,31756559.4,0.018243243243243334,0.018078831868334803,795.64,754.92,767.2900353001597,728.1197686426032,54.05268288015109,39.17026665755657,46.106540465089395,54.11279194383867,754.92,47.82557782960991,850.5711556592198,659.2688443407801,2074592.0
BEDC,2025-01-23,768.5,780.0,760.1,768.0,1.92 %,69557.0,53647343.3,0.01924353019243541,0.019060715081122122,779.8399999999999,757.5699999999999,767.3992606385967,731.0738598542622,55.88547338892754,36.32540078433453,44.15031252893843,52.140449662135914,757.5699999999999,46.957686439907796,851.4853728798155,663.6546271201844,2144149.0
BEDC,2025-01-26,779.0,812.5,741.0,787.0,2.47 %,92301.0,72392752.8,0.02473958333333326,0.02443851526973099,764.86,759.77,770.4147590018896,735.2165369020946,58.23630676755731,35.198222099794975,42.35989444310974,53.52327468626906,759.77,47.2688291638955,854.3076583277909,665.232341672209,2236450.0
BEDC,2025-01-27,771.3,836.0,771.3,836.0,6.23 %,115088.0,94215841.7,0.06226175349428198,0.0604003646672983,776.9,766.22,780.504796078522,742.6819786130507,63.62053753539204,37.8228174654713,41.45247904758205,54.32161220867842,766.22,48.47505706952746,863.1701141390549,669.2698858609451,2351538.0
BEDC,2025-01-28,850.0,850.0,793.8,812.0,-2.87 %,98142.0,80930947.8,-0.028708133971291905,-0.029128272923023713,791.3,771.87,785.3502120664416,747.8166468639358,59.569654577866146,37.53356520250577,40.6686962785668,54.45578276520139,771.87,46.783725240382644,865.4374504807653,678.3025495192347,2253396.0
BEDC,2025-02-02,795.8,893.2,795.8,893.2,10.00 %,202412.0,174259077.2,0.10000000000000009,0.09531017980432493,819.24,782.53,801.9424871331429,758.5857841332739,67.18307363049723,43.35670299986896,41.206297622827236,57.5232268534013,782.53,48.98645462616454,880.502909252329,684.5570907476709,2455808.0
BEDC,2025-02-03,911.0,982.5,911.0,982.5,10.00 %,182171.0,173908301.0,0.09997760859829818,0.09528982377741342,862.14,795.955,829.7205660357363,775.1720223456241,73.16739866584689,54.54854369011218,43.87474683628423,59.79299636387263,795.955,63.776257543971084,923.5075150879422,668.4024849120578,2637979.0
BEDC,2025-02-04,962.9,1080.0,940.0,943.0,-4.02 %,104561.0,102554899.1,-0.04020356234096689,-0.041034061109958775,893.3399999999999,805.605,847.1481712610076,787.6037243940964,67.31964080370486,59.544446866911244,47.00868684240964,65.52206805216744,805.605,70.68414900847111,946.9732980169422,664.2367019830579,2533418.0
BEDC,2025-02-05,955.0,1028.0,905.6,1028.0,9.01 %,101311.0,96891173.1,0.09013785790031803,0.08630416338165282,931.74,817.61,874.9715295285449,805.4108559204597,72.42666164635683,69.56067360808527,51.519084195544764,69.58477747701262,817.61,86.20428552052589,990.0185710410518,645.2014289589482,2634729.0
BEDC,2025-02-06,1007.5,1007.5,925.2,946.9,-7.89 %,69332.0,65415036.2,-0.07889105058365764,-0.08217695502565606,958.7199999999999,823.975,886.037448062615,815.8915332596848,62.40605229772852,70.14591480293018,55.24445031702185,71.95729337151172,823.975,90.92914462428608,1005.8332892485722,642.1167107514278,2565397.0
BEDC,2025-02-09,928.0,928.0,882.0,903.0,-4.64 %,46470.0,41777217.9,-0.04636181222938007,-0.04747093757246899,960.68,831.625,888.6470714375973,822.344012277486,57.74843071855092,66.30305916011139,57.456172085639764,71.45320098783232,831.625,90.81394441383466,1013.2528888276693,649.9971111723307,2518927.0
BEDC,2025-02-10,921.0,950.0,877.9,943.3,4.46 %,111749.0,102295584.4,0.04462901439645628,0.043661812238822116,952.8399999999999,841.9399999999999,897.0552142933516,831.3037150717463,60.65170842738867,65.75149922160529,59.11523751283288,71.49940091727288,841.9399999999999,91.21568078489388,1024.3713615697877,659.5086384302122,2630676.0
BEDC,2025-02-11,924.5,1010.8,849.0,849.0,-10.00 %,113139.0,103868963.7,-0.09996819675606905,-0.10532517934446012,934.04,847.54,889.6621044020667,832.6145509923577,51.69961906392267,57.04755340970894,58.70170069220809,77.94944370889624,847.54,87.80838828170458,1023.1567765634092,671.9232234365908,2517537.0
BEDC,2025-02-12,865.9,925.9,865.9,910.0,7.18 %,29452.0,26671171.2,0.07184923439340407,0.06938541319954847,910.4399999999999,856.1299999999999,892.7910114171333,838.3468064744053,56.202904792429486,54.44420494272799,57.85020154231208,77.87448344397508,856.1299999999999,84.90434307903928,1025.9386861580783,686.3213138419213,2546989.0
BEDC,2025-02-13,891.8,929.9,853.6,887.9,-2.43 %,58684.0,51893580.4,-0.024285714285714355,-0.02458547547261468,898.64,863.4,892.0385481221897,842.017413402227,54.230177314408934,50.021134719962674,56.2843881778422,77.76202034083401,863.4,80.78779871398656,1024.975597427973,701.8244025720269,2488305.0
BEDC,2025-02-16,887.0,902.0,840.0,868.0,-2.24 %,35784.0,30688381.8,-0.0224124338326388,-0.022667409377930936,891.64,866.8,888.3403099495451,843.9420494465065,52.44509322349608,44.398260503038614,53.90716264288149,76.63616174506016,866.8,79.39809755111145,1025.5961951022227,708.0038048977771,2452521.0
BEDC,2025-02-17,885.3,950.0,837.9,950.0,9.45 %,80105.0,69770262.3,0.09447004608294929,0.09027026993423633,892.9799999999999,871.95,897.8264161111537,851.7981939319504,58.506131670010255,46.028222179203226,52.33137455014584,79.16929304898444,871.95,81.36236359967224,1034.6747271993445,709.2252728006556,2532626.0
BEDC,2025-02-18,931.0,931.0,855.0,865.0,-8.95 %,45378.0,39147792.3,-0.08947368421052626,-0.09373247766270713,896.18,872.1050000000001,892.7761982478993,852.7761054925468,51.21876586112209,40.00009275535251,49.86511819118718,80.30005783119985,872.1050000000001,81.34516111509681,1034.7953222301937,709.4146777698065,2487248.0
BEDC,2025-02-20,865.0,865.0,815.0,815.0,-5.78 %,28307.0,23390304.5,-0.05780346820809246,-0.05954139369101658,877.18,874.0649999999999,880.8106292866839,849.9778754560618,47.47291207456644,30.832753830622096,46.05864531907416,78.13576798611415,874.0649999999999,79.35037740764558,1032.765754815291,715.3642451847088,2458941.0
BEDC,2025-02-23,801.0,855.0,798.0,830.0,1.84 %,40602.0,33714149.8,0.018404907975460016,0.018237587549780793,865.6,878.5649999999999,872.9936093964249,848.498032829687,48.68537593143312,24.495576566737896,41.74603156860691,76.62607027282029,878.5649999999999,73.69798451146114,1025.9609690229222,731.1690309770777,2499543.0
BEDC,2025-02-24,814.0,860.0,765.2,785.0,-5.42 %,79266.0,63617240.0,-0.054216867469879526,-0.055741983008235185,849.0,880.14,859.456131027744,843.7944748423027,45.3066470938967,15.661656185441302,36.52915649197379,77.92420811047599,880.14,71.17805989576597,1022.4961197915319,737.7838802084681,2420277.0
BEDC,2025-02-25,769.3,851.0,769.3,851.0,8.41 %,49460.0,39824027.3,0.08407643312101909,0.08072841079096568,829.2,884.29,858.1551877927064,844.3282174465767,50.70962327877222,13.82697034612977,31.988719262804985,78.19390753115628,884.29,66.56588267904982,1017.4217653580996,751.1582346419003,2469737.0
BEDC,2025-02-27,852.0,852.0,765.9,790.0,-7.17 %,81222.0,64453879.1,-0.0716803760282021,-0.07437918311230694,814.2,884.4399999999999,847.6697742861362,840.3039050431265,46.169912934402475,7.3658692430096835,27.064149258845926,78.75862842178799,884.4399999999999,66.33810050752348,1017.116201015047,751.7637989849529,2388515.0
BEDC,2025-03-02,805.8,805.8,760.0,763.0,-3.42 %,22390.0,17292728.9,-0.03417721518987338,-0.03477491417661013,803.8,880.79,834.6436551651922,834.5776898547467,44.280324730566704,0.06596531044544918,21.66451246916583,76.40444067737457,880.79,70.98884938383658,1022.7676987676731,738.8123012323268,2366125.0
BEDC,2025-03-03,765.0,790.0,686.7,714.0,-6.42 %,96820.0,69979222.3,-0.06422018348623848,-0.06637506894487256,780.6,875.89,816.0830928320856,825.6460091247656,41.000754318771044,-9.562916292679915,15.419026716796681,78.32555205756209,875.89,78.92553385778132,1033.7410677155626,718.0389322844374,2269305.0
BEDC,2025-03-04,715.0,732.0,690.1,702.3,-1.64 %,41374.0,29282243.3,-0.016386554621848792,-0.016522299174609668,764.0600000000001,866.345,798.5780016271494,816.5092677081162,40.234489090591104,-17.931266080966793,8.748968157243986,75.72372691059338,866.345,87.76981542648345,1041.884630852967,690.8053691470332,2227931.0
BEDC,2025-03-05,715.0,729.3,668.5,676.0,-3.74 %,47637.0,32846908.5,-0.037448383881532044,-0.03816758712201061,729.0600000000001,851.0199999999999,779.7198475306649,806.1011738038113,38.492989092271,-26.381326273146442,1.7229092711659009,74.65774641697958,851.0199999999999,93.02217958495629,1037.0643591699124,664.9756408300873,2180294.0
BEDC,2025-03-06,682.0,743.6,679.0,743.6,10.00 %,65792.0,47512396.1,0.10000000000000009,0.09531017980432493,719.78,841.05,774.1629479105626,801.4714572257511,45.073810286896595,-27.30850931518853,-4.083374446104986,74.15362167290962,841.05,93.3302314647414,1027.7104629294827,654.3895370705171,2246086.0
BEDC,2025-03-09,758.4,817.9,758.4,817.9,9.99 %,54311.0,44376440.4,0.099919311457773,0.09523682389363947,730.76,830.5449999999998,780.8917251550914,802.6883863201399,51.24793359212674,-21.796661165048477,-7.626031789893684,74.16407726770178,830.5449999999998,82.3594910326489,995.2639820652977,665.826017934702,2300397.0
BEDC,2025-03-10,834.2,867.0,804.0,820.0,0.26 %,85540.0,70639866.2,0.002567551045359995,0.002564260517370308,751.96,824.2,786.9083828235389,803.9707280742036,51.41416789071969,-17.062345250664748,-9.513294482047897,73.36664317715166,824.2,77.6788801480282,979.5577602960565,668.8422397039436,2385937.0
BEDC,2025-03-11,804.0,830.0,789.2,799.0,-2.56 %,35598.0,28949394.4,-0.025609756097561,-0.025943394492024152,771.3,819.0,788.7686316199175,803.6025259946331,49.5930700295279,-14.833894374715555,-10.57741446058143,71.04045437878368,819.0,75.578805160394,970.157610320788,667.842389679212,2350339.0
BEDC,2025-03-12,784.0,820.0,783.1,810.0,1.38 %,32806.0,26399242.8,0.013767209011264159,0.01367330190020986,798.1,812.335,792.034995986084,804.0764129579936,50.58050131293769,-12.041416971909598,-10.870214962847065,68.60185049458485,812.335,69.68841385994463,951.7118277198892,672.9581722801108,2383145.0
BEDC,2025-03-16,824.0,824.0,800.0,801.0,-1.11 %,19928.0,16163374.8,-0.011111111111111072,-0.011173300598125189,809.5799999999999,809.9350000000001,793.4142273728404,803.8485305166608,49.72227440191172,-10.434303143820443,-10.783032599041741,65.41600403068594,809.9350000000001,69.18395977011453,948.3029195402291,671.567080459771,2363217.0
BEDC,2025-03-17,795.0,834.7,795.0,824.0,2.87 %,38875.0,31874188.1,0.02871410736579283,0.028309582841112547,810.8,805.635,798.119730853942,805.3412319598712,51.96534866109117,-7.221501105929178,-10.07072630041923,63.579146599922666,805.635,65.19485187133621,936.0247037426724,675.2452962573276,2402092.0
BEDC,2025-03-18,835.0,901.0,803.7,884.0,7.28 %,119190.0,100463246.7,0.07281553398058249,0.0702865327281717,823.6,805.4399999999999,811.3320799533356,811.1678073702511,57.315283880963385,0.1642725830844256,-8.0237265237185,65.98777898564248,805.4399999999999,64.94118310561527,935.3223662112305,675.5576337887694,2521282.0
BEDC,2025-03-19,866.4,960.0,798.0,948.0,7.24 %,120276.0,102624580.1,0.07239819004524883,0.06989743961737833,853.4,809.4399999999999,832.3579138066686,821.3035253428251,62.15693598436685,11.054388463843566,-4.208103526206086,72.8457947723823,809.4399999999999,71.16304037763294,951.7660807552659,667.113919244734,2641558.0
BEDC,2025-03-20,929.1,929.1,853.2,853.2,-10.00 %,17151.0,14647065.6,-0.09999999999999998,-0.10536051565782628,862.0400000000002,804.6,835.5643886056428,823.6662271692825,52.63344776626989,11.898161436360283,-0.9868505336928122,74.41395228864071,804.6,64.03481783167653,932.6696356633531,676.5303643366469,2624407.0
BEDC,2025-03-23,854.0,854.0,780.0,791.21,-7.27 %,41296.0,33147974.2,-0.07265588373183307,-0.07543056733924243,860.082,800.9105,828.740636512467,821.2620621937801,47.50758060312545,7.47857431868681,0.7062344367831123,74.38438426802352,800.9105,62.47845266253345,925.8674053250669,675.953594674933,2583111.0
BEDC,2025-03-24,800.0,815.0,784.0,805.13,1.76 %,17492.0,14034578.9,0.01759330645467072,0.017440335805623458,856.308,800.4169999999999,825.1082308951643,820.0670946238705,48.71538038989701,5.041136271293794,1.5732148036852487,71.28549967745042,800.4169999999999,62.40023752484494,925.2174750496898,675.61652495031,2600603.0
BEDC,2025-03-25,790.0,793.0,764.0,768.68,-4.53 %,20393.0,15854030.9,-0.04527219206836164,-0.04632899699935013,833.244,797.351,816.4269646036006,816.2606431702505,45.74710009668562,0.16632143335004912,1.291836129618209,69.13153541477539,797.351,62.376648540596314,922.1042970811926,672.5977029188074,2580210.0
BEDC,2025-03-26,780.0,795.0,754.6,771.88,0.42 %,13805.0,10708446.8,0.0041629806941771985,0.0041543394639289265,798.0200000000001,796.695,809.5735854338159,812.9731881206023,46.05784515504677,-3.3996026867864657,0.35354836633727404,67.07928288514857,796.695,62.58202924330362,921.8590584866073,671.5309415133928,2594015.0
BEDC,2025-03-27,757.1,800.0,757.1,781.76,1.28 %,15234.0,11917266.0,0.012799917085557277,0.012718690541220466,783.732,793.2330000000001,805.2945722901519,810.6611001116688,47.06595534188617,-5.366527821516911,-0.790466871233563,65.35219125049511,793.2330000000001,61.322276204871606,915.8775524097433,670.5884475902568,2609249.0
BEDC,2025-03-30,797.3,810.0,769.1,800.7,2.42 %,24321.0,19401561.0,0.02422738436348748,0.023938557009212463,785.63,793.7679999999999,804.5877150147439,809.9232408441378,49.032399479167104,-5.335525829393873,-1.699478662865625,63.60560616117403,793.7679999999999,61.33925888042007,916.44651776084,671.0894822391598,2633570.0
BEDC,2025-04-01,816.7,816.7,783.0,791.19,-1.19 %,16471.0,13097689.9,-0.011877107530910425,-0.01194820387928151,782.842,795.1775,802.5265280893987,808.5355933742017,48.06684370572005,-6.009065284803,-2.5613959872531007,61.469491435375886,795.1775,60.91747280887677,917.0124456177535,673.3425543822465,2617099.0
BEDC,2025-04-02,775.4,819.0,775.4,806.75,1.97 %,25749.0,20752780.3,0.019666578192343076,0.019475689732764496,790.456,799.8149999999999,803.1762929987219,808.4033271983349,49.80840581508275,-5.227034199612945,-3.094523629725069,60.1930991899919,799.8149999999999,57.86637943072147,915.5477588614428,684.082241138557,2642848.0
BEDC,2025-04-03,790.7,822.0,788.0,792.55,-1.76 %,27692.0,22154692.0,-0.017601487449643738,-0.017758235688169675,794.5899999999999,804.3275,801.5414786912262,807.2290066651249,48.219208715985445,-5.687527973898682,-3.6131244985597917,58.32216353356391,804.3275,53.1919025173965,910.711305034793,697.943694965207,2615156.0
BEDC,2025-04-07,800.0,800.0,776.2,777.64,-1.88 %,11202.0,8757349.0,-0.01881269320547596,-0.01899190309146254,793.766,809.4095,797.8643281233452,805.0372283936341,46.54010895439094,-7.172900270288892,-4.325079652905612,55.85629470973792,809.4095,44.41783206099938,898.2451641219988,720.5738358780012,2603954.0
BEDC,2025-04-08,779.0,780.0,764.0,777.7,0.01 %,11667.0,8980962.6,7.715652487028102e-05,7.715354845871472e-05,789.1659999999999,811.1144999999999,794.7621237966767,803.0122485126242,46.54817530769441,-8.250124715947436,-5.1100886655139774,53.00941651618521,811.1144999999999,42.3658215614673,895.8461431229346,726.3828568770653,2615621.0
BEDC,2025-04-09,762.2,800.0,762.2,772.61,-0.65 %,3741.0,2902595.8,-0.006544940208306538,-0.006566452244170966,785.45,808.85,791.3541047510342,800.7602301042816,45.91524297847632,-9.406125353247376,-5.969296003060657,51.92302962217198,808.85,43.186491674562326,895.2229833491247,722.4770166508754,2611880.0
BEDC,2025-04-10,775.0,788.0,750.0,756.05,-2.14 %,30261.0,23241593.8,-0.021433841135890086,-0.02166688189804853,775.31,805.6524999999999,785.9227040201058,797.4483612076681,43.827263589682985,-11.525657187562274,-7.080568239960981,50.92852750630256,805.6524999999999,44.659781491784,894.9720629835679,716.332937016432,2581619.0
BEDC,2025-04-13,771.0,772.1,746.1,757.93,0.25 %,14120.0,10709533.2,0.0024866080285694814,0.0024835215343676055,768.3860000000001,803.5989999999999,781.6161341708588,794.5210751922853,44.13784055380523,-12.904941021426453,-8.245442796254075,49.147918398709514,803.5989999999999,45.90853009832308,895.4160601966461,711.7819398033538,2595739.0
BEDC,2025-04-15,770.0,790.0,755.0,768.54,1.40 %,26631.0,20588148.5,0.013998654229282481,0.013901577978053978,766.566,801.5260000000001,779.6044212214958,792.5965511039678,45.953981635237795,-12.992129882472,-9.19478021349766,48.13735279880169,801.5260000000001,46.536054884462374,894.5981097689248,708.4538902310753,2622370.0
BEDC,2025-04-16,783.0,798.6,758.0,759.36,-1.19 %,15399.0,11793159.0,-0.011944726364275016,-0.012016637823700865,762.8979999999999,799.444,776.4898948797272,790.1345843555258,44.60282345656013,-13.6446894757986,-10.084762065957849,47.598970456030145,799.444,47.48267500112365,894.4093500022473,704.4786499977527,2606971.0
BEDC,2025-04-17,773.0,773.0,728.0,746.4,-1.71 %,26009.0,19599243.8,-0.017067003792667568,-0.017214323714264734,757.656,795.564,771.860680282846,786.8949855143758,42.69428970591394,-15.034305231529743,-11.074670699072227,47.41332970917085,795.564,48.52946195759771,892.6229239151954,698.5050760848045,2580962.0
BEDC,2025-04-20,735.0,740.0,718.0,728.18,-2.44 %,20779.0,15113781.4,-0.024410503751339796,-0.024713379151118323,752.082,787.7729999999999,765.1405756239466,782.5457273281257,40.096679641819236,-17.40515170417916,-12.340766900093614,46.05523472994436,787.7729999999999,46.02787977781853,879.8287595556369,695.7172404443629,2560183.0
BEDC,2025-04-21,742.7,800.0,729.0,773.23,6.19 %,41075.0,31189699.4,0.061866571452113606,0.06002827599253543,755.1419999999999,779.0345,766.3851024510317,781.8556734519683,48.44842442958333,-15.470571000936616,-12.966727720262217,47.89557510637691,779.0345,26.422008664016094,831.8785173280322,726.1904826719677,2601258.0
BEDC,2025-04-22,757.8,790.0,757.8,771.09,-0.28 %,12881.0,10000731.9,-0.0027676111894261446,-0.002771448106305287,755.652,774.9290000000001,767.1089328431806,781.0582161592299,48.10532253848396,-13.949283316049332,-13.16323883941964,46.77446259877856,774.9290000000001,19.854496216203735,814.6379924324076,735.2200075675926,2588377.0
BEDC,2025-04-23,781.0,781.0,760.0,760.22,-1.41 %,18308.0,14052427.2,-0.014096927725687047,-0.014197233193081726,755.824,773.3795,766.0490970211528,779.5146445918796,46.31128812909627,-13.465547570726812,-13.223700585681074,44.93342955600867,773.3795,19.725863459169016,812.8312269183381,733.9277730816619,2570069.0
BEDC,2025-04-24,750.0,779.9,750.0,765.46,0.69 %,17324.0,13191973.4,0.006892741574807237,0.0068690952281850225,759.6360000000001,771.396,765.9584667102062,778.4735598072959,47.3310038267423,-12.515093097089789,-13.081979087962818,43.85961315915091,771.396,18.308788341274123,808.0135766825482,734.7784233174517,2587393.0
BEDC,2025-04-27,750.2,826.0,750.2,823.89,7.63 %,85562.0,67332321.2,0.07633318527421418,0.0735600655492214,778.778,774.1565,774.8710102932513,781.8377405623111,57.11269890047181,-6.966730269059781,-11.858929324182212,46.1410693620687,774.1565,21.721756077824683,817.6000121556494,730.7129878443507,2672955.0
BEDC,2025-04-28,807.5,807.5,747.0,791.3,-3.96 %,29155.0,23092203.5,-0.039556251441333234,-0.04035986323742297,782.392,775.1274999999999,777.3985471712126,782.5386486688066,51.380864389766934,-5.140101497593946,-10.51516375886456,48.337421550492365,775.1274999999999,22.04626639232486,819.2200327846497,731.0349672153502,2643800.0
BEDC,2025-04-29,775.5,870.0,755.0,862.62,9.01 %,97542.0,78399024.9,0.09013016555036013,0.08629710704740842,800.698,779.1705,790.509539914103,788.4706006192653,60.680754075661554,2.0389392948377463,-8.0043431481241,53.09903429688577,779.1705,29.48572348119951,838.141946962399,720.199053037601,2741342.0
BEDC,2025-04-30,845.4,845.4,776.4,776.4,-10.00 %,39162.0,30559357.4,-0.0999513111219309,-0.10530641836770097,803.934,777.9555,788.3388414657794,787.5764820548752,48.58229727278954,0.762359410904196,-6.251002636318441,55.46481756139393,777.9555,29.049306264916584,836.0541125298332,719.8568874701668,2702180.0
BEDC,2025-05-04,790.0,790.0,725.0,728.62,-6.15 %,20105.0,14812730.4,-0.06154044307058215,-0.06351551719320812,796.566,774.827,779.151327394121,783.2093352359956,43.416295149530924,-4.0580078418745416,-5.8124036774296615,56.14590202129436,774.827,30.861721325245973,836.550442650492,713.103557349508,2682075.0
BEDC,2025-05-05,726.0,749.7,700.0,710.18,-2.53 %,14445.0,10415377.7,-0.025308116713787743,-0.02563387507057578,773.824,769.9984999999999,768.5403539488717,777.7997548481441,41.5787119187203,-9.25940089927235,-6.5018031217982,55.68548044834477,769.9984999999999,33.07912321038276,836.1567464207654,703.8402535792344,2667630.0
BEDC,2025-05-06,707.5,714.0,691.2,706.43,-0.53 %,19522.0,13705491.2,-0.005280351460193233,-0.005294341786925283,756.85,765.6925,758.9849148798145,772.5131063408741,41.196843943161404,-13.528191461059578,-7.907080789650475,53.33651755917729,765.6925,35.50529298939009,836.7030859787802,694.6819140212198,2648108.0
BEDC,2025-05-07,715.0,725.0,700.1,715.26,1.25 %,10702.0,7588400.6,0.01249946916184208,0.012421995713819302,727.378,762.5735,752.2580048983045,768.2721355008093,42.53515951853492,-16.014130602504792,-9.52849075222134,51.30533773352177,762.5735,37.10442011900611,836.7823402380122,688.3646597619877,2658810.0
BEDC,2025-05-08,706.1,744.0,706.1,717.78,0.35 %,11520.0,8315090.6,0.0035231943628890594,0.0035170024529026494,715.654,759.5775,746.9536964524115,764.5319773155642,42.93432901388678,-17.578280863152713,-11.138448774407614,50.34781360969878,759.5775,38.221066232467415,836.0196324649348,683.1353675350651,2670330.0
BEDC,2025-05-11,720.0,729.0,695.0,701.05,-2.33 %,49596.0,35118759.1,-0.023307977374683042,-0.023583904243727253,710.14,755.9995,739.8915893058866,759.8296086255224,40.90295493268761,-19.938019319635828,-12.898362883453258,49.180112637577444,755.9995,40.23335137537065,836.4662027507413,675.5327972492587,2620734.0
BEDC,2025-05-13,715.0,719.8,690.0,694.34,-0.96 %,10011.0,6983877.2,-0.009571357249839374,-0.009617457084126764,706.972,752.914,732.8836524895963,754.9785265051133,40.08380124729793,-22.094874015517007,-14.737665109866008,47.795818877750484,752.914,42.5299980075902,837.9739960151804,667.8540039848195,2610723.0
BEDC,2025-05-14,681.1,720.0,675.0,678.74,-2.25 %,13081.0,8959125.1,-0.022467379093815687,-0.022723615908408833,701.434,748.9545,724.5538597988892,749.3312282454754,38.16990434742309,-24.777368446586138,-16.745605777210034,47.596117529339736,748.9545,45.61295008575566,840.1804001715113,657.7285998284888,2597642.0
BEDC,2025-05-15,692.3,692.3,675.3,677.68,-0.16 %,15400.0,10472228.8,-0.0015617172997024475,-0.0015629380513093583,693.9179999999999,744.4114999999999,717.3424967529063,744.0237298569217,38.037005288232955,-26.681233104015405,-18.73273124257111,45.410680562958326,744.4114999999999,48.020811636856905,840.4531232737138,648.3698767262861,2582242.0
BEDC,2025-05-18,675.0,685.0,665.0,667.75,-1.47 %,5902.0,3961484.0,-0.014652933537952939,-0.014761348133225162,683.912,739.831,709.7128818678439,738.3738239415942,36.74625570364931,-28.660942073750334,-20.718373408806954,43.59563195131845,739.831,50.80814117317254,841.4472823463451,638.2147176536549,2576340.0
BEDC,2025-05-19,675.0,680.0,652.2,670.75,0.45 %,15403.0,10230896.8,0.004492699363534358,0.004482637315663371,677.8520000000001,736.0485000000001,703.7185923497141,733.3646517977725,37.436988397703985,-29.646059448058395,-22.503910616657244,42.467372526224274,736.0485000000001,53.05943224594958,842.1673644918992,629.929635508101,2591743.0
BEDC,2025-05-20,680.0,696.0,673.1,691.29,3.06 %,14281.0,9782872.9,0.030622437569884475,0.03016292804107645,677.242,734.204,701.8065012189888,730.2480109238635,42.09900354173197,-28.441509704874647,-23.691430434300727,41.237560202922545,734.204,53.98056671763697,842.1651334352739,626.242866564726,2606024.0
BEDC,2025-05-21,704.0,718.0,682.1,683.46,-1.13 %,14280.0,9919943.0,-0.01132665017575829,-0.011391285206934228,678.1859999999999,729.7155,698.9839625699136,726.7822323369106,40.849356795962045,-27.79826976699701,-24.512798300839982,40.856305902713785,729.7155,54.29603179015266,838.3075635803053,621.1234364196947,2591744.0
BEDC,2025-05-22,685.1,688.9,671.0,676.88,-0.96 %,5743.0,3889142.4,-0.00962748368595101,-0.009674127523630316,678.0260000000001,725.005,695.5833529437731,723.0857706823247,39.78070376214297,-27.50241773855157,-25.1107221883823,39.216569766805655,725.005,54.603396318114406,834.2117926362288,615.7982073637712,2586001.0
BEDC,2025-05-25,668.0,680.0,668.0,672.96,-0.58 %,5009.0,3380373.2,-0.005791277626758018,-0.005808112101910438,679.068,720.642,692.1028371062695,719.3727506317821,39.12404445973037,-27.269913525512607,-25.542560455808363,37.27252906917668,720.642,55.125195939495924,830.8923918789919,610.3916081210082,2580992.0
BEDC,2025-05-26,686.4,698.9,669.1,673.37,0.06 %,6488.0,4379012.7,0.0006092486923441331,0.0006090631757062599,679.592,716.0375,689.2208621668434,715.9651394738723,39.237021233154735,-26.744277307028938,-25.78290382605248,36.73877699280691,716.0375,55.030574169460216,826.0986483389205,605.9763516610795,2587480.0
BEDC,2025-05-27,666.0,740.7,665.0,740.7,10.00 %,103061.0,73891602.5,0.09998960452648631,0.09530072932920226,689.4739999999999,711.8779999999999,697.1407295257906,717.7973513646966,54.25200541273296,-20.656621838906062,-24.757647428623194,39.521721493320705,711.8779999999999,49.29447824313164,810.4669564862633,613.2890435137366,2690541.0
BEDC,2025-05-28,755.5,814.7,751.0,808.48,9.15 %,115485.0,90524396.0,0.09150803294181187,0.087560256524355,714.4780000000001,712.737,714.2698480602844,724.5145845969413,63.91813184838446,-10.244736536656887,-21.855065250229934,41.98445567236923,712.737,50.87564861605876,814.4882972321175,610.9857027678825,2806026.0
BEDC,2025-06-02,792.4,792.4,747.0,756.3,-6.45 %,68333.0,51577373.1,-0.06454086681179505,-0.0667178186816147,730.362,707.4209999999999,720.7360252817791,726.8690598119827,54.39039381812126,-6.133034530203531,-18.710659106224657,43.37699455291428,707.4209999999999,38.42006396059584,784.2611279211916,630.5808720788083,2737693.0
BEDC,2025-06-03,741.3,754.0,727.0,742.36,-1.84 %,11847.0,8782250.9,-0.018431839217241786,-0.018603822151879973,744.242,705.7189999999999,724.0627906230438,728.0165368629469,52.153760722990526,-3.953746239903012,-15.75927653296033,42.371494941991834,705.7189999999999,35.87303648027621,777.4650729605523,633.9729270394475,2725846.0
BEDC,2025-06-04,750.0,750.0,732.0,739.85,-0.34 %,13180.0,9764310.3,-0.003381108895953444,-0.0033868377615605795,757.538,706.2805000000001,726.4915920656524,728.8930896879137,51.74118417422751,-2.4014976222613313,-13.087720750820532,40.6306738747067,706.2805000000001,36.335269146475376,778.9510382929508,633.6099617070494,2712666.0
BEDC,2025-06-05,742.0,787.0,720.6,771.66,4.30 %,57209.0,43037021.8,0.04299520173008031,0.042096575557507086,763.7299999999999,709.3545,733.4405779017059,732.0610089702905,56.443839302710565,1.379568931415406,-10.194262814373346,42.47134002651337,709.3545,39.172403884010734,787.6993077680215,631.0096922319785,2769875.0
BEDC,2025-06-08,756.3,800.0,699.9,784.14,1.62 %,71845.0,53371162.0,0.01617292590000785,0.016043537330949206,758.8620000000001,713.24,741.2404889937511,735.9187120095282,58.1662201057229,5.321776984222879,-7.091054854654102,46.587672881762415,713.24,42.57343092883222,798.3868618576645,628.0931381423355,2841720.0
BEDC,2025-06-09,768.5,768.5,705.8,725.59,-7.47 %,60310.0,43586836.5,-0.07466778891524462,-0.07760245882894624,752.72,713.7565,738.832721456251,735.1536222310447,48.48028143756204,3.6790992252063006,-4.937024038682021,48.855696247350814,713.7565,42.661797316364584,799.0800946327291,628.4329053672708,2781410.0
BEDC,2025-06-10,728.0,728.0,705.0,709.84,-2.17 %,11637.0,8312821.5,-0.0217064733527198,-0.021945524480970806,746.216,713.3594999999999,734.3723027706739,733.2785391028192,46.24920972102647,1.0937636678546596,-3.7308664973746852,47.008860801111474,713.3594999999999,42.659328772440915,798.6781575448817,628.0408424551181,2769773.0
BEDC,2025-06-11,721.9,721.9,690.0,692.52,-2.44 %,11211.0,7811146.8,-0.024399864758255396,-0.024702474016206982,736.75,712.933,727.933486959801,730.259388058166,43.85887928530904,-2.325901098364966,-3.4498734175727415,45.92965645817494,712.933,42.83116869265143,798.5953373853029,627.2706626146971,2758562.0
BEDC,2025-06-12,695.0,723.9,681.0,690.68,-0.27 %,24077.0,16804252.3,-0.002656962975798538,-0.0026604989666458513,720.554,712.75,722.2021812736779,727.3275815353389,43.60106596554239,-5.1254002616610705,-3.7849787863904076,45.713252425448154,712.75,42.922511453468125,798.5950229069363,626.9049770930637,2734485.0
BEDC,2025-06-15,681.2,713.0,681.2,703.86,1.91 %,41900.0,28997927.3,0.01908264319221642,0.018902853201454503,704.498,714.006,719.3803072315736,725.5892421623508,46.04754394527526,-6.208934930777218,-4.2697700152677704,44.71944868077328,714.006,42.236987457358964,798.4799749147179,629.532025085282,2776385.0
BEDC,2025-06-16,712.0,712.0,692.9,697.38,-0.92 %,15003.0,10508180.6,-0.00920637626800791,-0.009249016862012446,698.856,714.991,715.9956445805624,723.4996686688435,45.013689718857215,-7.504024088281085,-4.916620829870434,42.88948806071805,714.991,41.56968795698996,798.13037591398,631.85162408602,2761382.0
BEDC,2025-06-17,690.0,736.0,683.2,729.46,4.60 %,34277.0,24668118.1,0.04600074564799694,0.04497407849907071,702.78,718.0764999999999,718.0670838758605,723.9411746933736,50.89195907511824,-5.874090817513093,-5.108114827398966,43.59738177066676,718.0764999999999,40.14445878717498,798.3654175743499,637.7875824256499,2795659.0
BEDC,2025-06-18,714.9,771.0,675.0,761.05,4.33 %,118031.0,85109797.4,0.04330600718339572,0.04239452434293347,716.486,722.5915,724.6798402026512,726.6899765679385,55.89239979693999,-2.0101363652872806,-4.488519134976629,47.340425929904846,722.5915,39.61604768869645,801.8235953773928,643.3594046226071,2913690.0
BEDC,2025-06-19,745.9,745.9,685.0,685.0,-9.99 %,82486.0,56814933.2,-0.09992773142369094,-0.10528022046345052,715.35,722.277,718.5752494022433,723.6018301554986,44.2189679487358,-5.026580753255303,-4.596131458632364,49.39110979205449,722.277,39.90155795664887,802.0801159132977,642.4738840867024,2831204.0
BEDC,2025-06-22,685.0,685.0,646.0,649.96,-5.12 %,27976.0,18330898.1,-0.051153284671532795,-0.05250801572764971,704.5699999999999,720.602,708.0190571865137,718.1468797736098,40.066755782236406,-10.127822587096148,-5.702469684325122,48.648887664050605,720.602,42.25077309787141,805.1035461957428,636.1004538042572,2803228.0
BEDC,2025-06-23,650.0,659.8,622.0,635.01,-2.30 %,18249.0,11612020.5,-0.02300141547172141,-0.023270075734386834,692.096,718.5085,696.7868945424347,711.9885923829721,38.4095664895596,-15.201697840537463,-7.602315315567591,47.87396711661842,718.5085,45.447570171276304,809.4036403425526,627.6133596574474,2784979.0
BEDC,2025-06-24,640.1,652.0,628.2,634.16,-0.13 %,16885.0,10825826.2,-0.0013385615974551568,-0.00133945827128834,673.036,716.5685,687.1519876897523,706.223511465715,38.312539780917454,-19.071523775962646,-9.896157007646602,46.15439803685995,716.5685,48.236742195457026,813.041984390914,620.095015609086,2768094.0
BEDC,2025-06-25,646.0,646.0,626.0,632.15,-0.32 %,7663.0,4832023.0,-0.0031695471174466583,-0.0031745807709936806,647.2560000000001,714.5074999999999,678.6901434297904,700.7365846904769,38.06765049658762,-22.046441260686493,-12.32621385825458,44.28622674851282,714.5074999999999,50.98209230235385,816.4716846047077,612.5433153952922,2760431.0
BEDC,2025-06-26,629.0,640.0,616.5,618.94,-2.09 %,9369.0,5852744.6,-0.020896939017638116,-0.021118370304496144,634.0440000000001,708.4195,669.4978136713611,694.6775784171083,36.42001767455353,-25.179764745747207,-14.896924035753106,42.80149626647619,708.4195,54.81554048519124,818.0505809703825,598.7884190296174,2751062.0
BEDC,2025-06-29,631.3,660.0,630.0,633.1,2.29 %,16955.0,10829809.3,0.022877823375448303,0.022620050096670348,630.672,699.6505,663.8981500296132,690.1162763121373,39.44550851172846,-26.218126282524054,-17.161164485107296,42.6771036760136,699.6505,51.91751671489654,803.485533429793,595.8154665702069,2768017.0
BEDC,2025-06-30,638.0,656.0,633.1,650.78,2.79 %,12868.0,8299946.1,0.02792607802874736,0.027543255915083976,633.826,694.3745,661.8799731019805,687.2024780667938,43.08708912631497,-25.322504964813334,-18.793432581048506,41.2644534134412,694.3745,51.21450179854488,796.8035035970897,591.9454964029103,2780885.0
BEDC,2025-07-01,663.7,663.7,647.0,652.94,0.33 %,7489.0,4904531.4,0.003319094010264756,0.003313597975619633,637.582,689.9035,660.5045926247527,684.6645167285128,43.53386305062358,-24.15992410376009,-19.866730885590826,39.5098495981954,689.9035,50.70554389651679,791.3145877930335,588.4924122069665,2788374.0
BEDC,2025-07-02,665.9,671.0,640.2,665.46,1.92 %,25454.0,16751681.9,0.019174809323980746,0.018993289403920845,644.244,686.184,661.2669629901754,683.2419599338082,46.17155523548269,-21.974996943632732,-20.288384097199206,38.88771748403858,686.184,49.56448732923626,785.3129746584725,587.0550253415274,2813828.0
BEDC,2025-07-03,660.0,715.0,660.0,710.59,6.78 %,61465.0,42675726.8,0.06781775012773128,0.06561708002850958,662.574,683.1305,668.8551225301485,685.267740679452,54.43422643717036,-16.412618149303512,-19.513230907620066,40.03859480660726,683.1305,45.75631028956874,774.6431205791374,591.6178794208626,2875293.0
BEDC,2025-07-06,696.4,724.0,675.7,710.42,-0.02 %,85454.0,59668374.5,-0.00023923781646251197,-0.00023926643839398146,678.038,679.4445000000001,675.2497190639717,687.1308709994926,54.4003514906292,-11.881151935520847,-17.986815113200223,40.62869517756388,679.4445000000001,39.76855706855988,758.9816141371198,599.9073858628803,2789839.0
BEDC,2025-07-07,696.3,739.5,683.0,714.12,0.52 %,134452.0,96080834.9,0.005208186706455509,0.0051946710099402965,690.7059999999999,678.871,681.2297622848992,689.130065740271,55.05591770494255,-7.900303455371841,-15.969512781634547,41.76235980773789,678.871,39.14590089449496,757.1628017889899,600.5791982110101,2924291.0
BEDC,2025-07-08,700.0,715.0,680.0,686.13,-3.92 %,13973.0,9719695.9,-0.039195093261636726,-0.03998390129938353,697.344,677.6855,681.9836450102993,688.9078386483991,49.28368180915558,-6.924193638099837,-14.160448952927606,41.279334107185186,677.6855,38.51256493186474,754.7106298637295,600.6603701362706,2910318.0
BEDC,2025-07-09,690.0,715.0,685.1,686.8,0.10 %,28865.0,20025627.6,0.0009764913354610716,0.0009760148779428217,701.6120000000001,677.3995,682.7246227010224,688.7517024522214,49.42038296568026,-6.027079751198926,-12.533775112581871,40.46652452810053,677.3995,38.41772568886376,754.2349513777275,600.5640486222725,2939183.0
BEDC,2025-07-10,673.1,701.0,673.1,678.1,-1.27 %,15256.0,10414284.0,-0.012667443214909646,-0.012748359333523949,695.114,676.7705,682.0131422854805,687.9626874557605,47.625272899987166,-5.9495451702799755,-11.216929124121494,39.5689156332362,676.7705,38.29162165813884,753.3537433162776,600.1872566837224,2923927.0
BEDC,2025-07-13,691.0,693.0,665.0,670.74,-1.09 %,15080.0,10219169.3,-0.01085385636336822,-0.010913189179507048,687.178,675.1144999999999,680.2788127030989,686.6869328294079,46.0997225959718,-6.408120126308972,-10.255167324558991,38.74256451657647,675.1144999999999,37.77105317079608,750.6566063415921,599.5723936584077,2908847.0
BEDC,2025-07-14,684.0,684.0,650.1,653.24,-2.61 %,13497.0,8870084.2,-0.02609058651638485,-0.02643698430174681,675.0020000000001,672.9075,676.1189953641606,684.2093822494518,42.60513508980571,-8.090386885291196,-9.822211236705432,38.396667051106725,672.9075,37.69107179983855,748.2896435996771,597.525356400323,2895350.0
BEDC,2025-07-15,643.0,675.0,643.0,670.46,2.64 %,13126.0,8728796.4,0.02636090870124308,0.02601944776123413,671.868,669.9575000000001,675.2483806927512,683.1909094902331,46.87283643109661,-7.942528797481941,-9.446274748860734,37.93976226174196,669.9575000000001,35.26253116194168,740.4825623238835,599.4324376761167,2908476.0
BEDC,2025-07-16,665.0,686.5,657.1,664.05,-0.96 %,14300.0,9608276.3,-0.009560600184947754,-0.009606596123516994,667.318,665.1075,673.5255528938665,681.7730643428084,45.51609968667268,-8.247511448941964,-9.20652208887698,37.32977924304611,665.1075,27.996316463525506,721.1001329270509,609.114867072949,2894176.0
BEDC,2025-07-17,676.8,708.9,670.0,694.84,4.64 %,46219.0,31937623.0,0.04636699043746728,0.045324155387463115,670.6659999999999,665.5995,676.8046986025024,682.7409855026003,52.61159597780461,-5.936286900097912,-8.552475051121167,37.86693786854282,665.5995,28.44713443619816,722.4937688723963,608.7052311276037,2940395.0
BEDC,2025-07-20,699.0,753.7,685.0,719.52,3.55 %,70081.0,50340751.8,0.03551896839560187,0.03490271978867464,680.422,669.0775000000001,683.3762834328866,685.4653569468522,57.400530789727654,-2.0890735139656726,-7.259794743690069,40.06929944936119,669.0775000000001,30.604821064138953,730.287142128278,607.8678578717222,3010476.0
BEDC,2025-07-21,720.0,770.0,720.0,765.1,6.33,72353.0,54123511.2,0.06334778741383151,0.06142222121540898,702.794,675.5820000000001,695.9491629047502,691.3642193952335,64.52979062974684,4.584943509516734,-4.890847093048708,40.81292091726396,675.5820000000001,36.2810679352998,748.1441358705997,603.0198641294005,3082829.0
BEDC,2025-07-22,780.4,817.0,755.0,805.2,5.24,91463.0,71410206.4,0.05241144948372756,0.05108414952783018,729.742,684.134,712.7569839963271,699.7964994400311,69.3842405773386,12.960484556296024,-1.3205807631797621,42.32628370888796,684.134,45.091901291748194,774.3178025834964,593.9501974165037,3174292.0
BEDC,2025-07-23,789.1,789.1,752.2,762.37,-5.32,35267.0,26947089.9,-0.053191753601589675,-0.05465869162272805,749.4060000000001,690.6450000000001,720.3897556891998,704.4315735555844,59.94724240433111,15.958182133615423,2.135171816179275,43.088692015395964,690.6450000000001,46.56799482589671,783.7809896517936,597.5090103482066,3139025.0
BEDC,2025-07-24,760.0,768.9,745.0,755.43,-0.91,32595.0,24669212.3,-0.009103191363773577,-0.00914487859435752,761.524,697.4695,725.7805625062459,708.2092347736892,58.557445830978956,17.57132773255671,5.222402999454762,41.718071157153396,697.4695,45.495516201853825,788.4605324037077,606.4784675962924,3106430.0
BEDC,2025-07-27,752.0,800.7,752.0,774.91,2.58 %,64694.0,50103767.9,0.02578663807367998,0.02545977002903993,772.6020000000001,704.5600000000001,733.338937505285,713.1500321978604,61.27154880559876,20.188905307424648,8.21570346104874,42.216780360213875,704.5600000000001,45.98345961206241,796.5269192241249,612.5930807758753,3171124.0
BEDC,2025-07-28,772.0,810.0,765.2,802.89,3.61 %,105914.0,84125072.4,0.036107418926068835,0.0354708246843207,780.1600000000001,712.1655,744.0391009660104,719.7974372202411,64.8339798653721,24.2416637457693,11.420895517992854,42.40129604877002,712.1655,49.09428120570336,810.3540624114066,613.9769375885933,3277038.0
BEDC,2025-07-29,806.0,842.5,806.0,822.5,2.44 %,93954.0,77653749.3,0.024424267334254957,0.02413076437761543,783.62,720.6435,756.1100085097012,727.4050344631862,67.11696361030269,28.704974046514963,14.877711223697277,42.20191775957217,720.6435,52.82704294253106,826.2975858850622,614.9894141149379,3370992.0
BEDC,2025-07-30,838.9,872.0,787.5,853.95,3.82 %,77813.0,63450415.3,0.03823708206686938,0.0375241614256737,801.9359999999999,730.068,771.162314892824,736.7787356140614,70.43228133580632,34.38357927876268,18.77888483471036,45.22320934817416,730.068,58.92556103387778,847.9191220677556,612.2168779322444,3448805.0
BEDC,2025-07-31,836.9,836.9,778.0,793.3,-7.1,17173.0,13689534.3,-0.07102289361203828,-0.07367118375724345,809.51,734.2035,774.5681126016203,740.9654959389458,58.23803893515706,33.60261666267456,21.743631200303202,47.41798010901887,734.2035,60.37124588088169,854.9459917617634,613.4610082382366,3431632.0
BEDC,2025-08-03,778.0,780.0,765.0,767.46,-3.26 %,30894.0,23866374.0,-0.032572797176351864,-0.033115099468600376,808.0200000000001,737.0554999999999,773.4745568167556,742.9280517953201,53.95217469149427,30.54650502143545,23.504205964529653,46.0524101012318,737.0554999999999,60.53564460842251,858.1267892168449,615.9842107831549,3400738.0
BEDC,2025-08-04,782.0,812.0,745.1,759.99,-0.97 %,22920.0,17587909.3,-0.009733406301305592,-0.009781085540282708,799.4399999999999,739.349,771.4000096141779,744.1918998104816,52.74376126790957,27.20810980369629,24.24498673236298,47.54152366542952,739.349,60.48987404603017,860.3287480920603,618.3692519079398,3377818.0
BEDC,2025-08-05,745.0,790.0,745.0,756.2,-0.5,62214.0,48026873.9,-0.004986907722470013,-0.004999383842241564,786.1800000000001,742.8525,769.0615465966121,745.0813887134088,52.106087803954104,23.98015788320322,24.192020962531032,47.35998626075599,742.8525,59.26198585184759,861.3764717036952,624.3285282963047,3315604.0
BEDC,2025-08-06,755.0,760.0,735.0,741.23,-1.98 %,12158.0,9076901.0,-0.01979635017191228,-0.01999492295915619,763.6360000000001,745.574,764.7797701971333,744.7961006605638,49.55747594167623,19.98366953656955,23.35035067733874,45.7628443849877,745.574,57.78375972901352,861.141519458027,630.0064805419729,3303446.0
BEDC,2025-08-07,735.0,775.0,735.0,760.57,2.61 %,16475.0,12614090.2,0.026091766388300464,0.025757183673246267,757.0899999999999,749.6975,764.1321132437282,745.9645376486701,52.77142804273134,18.16757559505811,22.313795660882615,45.351212643202864,749.6975,55.61728677450199,860.9320735490039,638.4629264509961,3319921.0
BEDC,2025-08-11,752.0,765.0,741.6,749.63,-1.44 %,16227.0,12178583.0,-0.01438394888044503,-0.014488400702825846,753.524,753.642,761.9010188985393,746.2360533783982,50.799690121824376,15.664965520141095,20.984029632734313,43.78326888297409,753.642,52.42885169947558,858.4997033989512,648.7842966010489,3303694.0
BEDC,2025-08-12,735.1,750.0,735.0,739.95,-1.29 %,18402.0,13642566.6,-0.012913037098301716,-0.012997135120239903,749.5160000000001,757.9775000000001,758.5239390679949,745.7704197948132,49.05322224553727,12.753519273181723,19.337927560823797,41.7273211056188,757.9775000000001,46.99265529117358,851.9628105823472,663.992189417653,3285292.0
BEDC,2025-08-13,730.0,750.0,728.0,729.81,-1.37 %,3254.0,2384549.6,-0.013703628623555786,-0.013798390055171778,744.238,760.9449999999999,754.106409980611,744.5881664766788,47.221796459203965,9.51824350393224,17.373990749445486,40.31822674093174,760.9449999999999,42.86813164258015,846.6812632851602,675.2087367148397,3282038.0
BEDC,2025-08-14,743.0,760.0,716.1,755.24,3.48,11814.0,8881857.1,0.034844685603102166,0.03425135323764609,747.04,765.5045,754.2808084451324,745.37719118211,52.05624475563191,8.903617263022397,15.67991605216087,40.57406768800805,765.5045,36.37811856408203,838.260737128164,692.748262871836,3293852.0
BEDC,2025-08-17,765.0,766.0,745.0,760.05,0.64,66989.0,50897513.0,0.006368836396377198,0.006348641059696939,746.936,768.765,755.1683763766505,746.464065909361,52.93441591169974,8.704310467289474,14.284794935186593,39.17591999600748,768.765,32.41803063922233,833.6010612784446,703.9289387215554,3360841.0
BEDC,2025-08-18,760.0,765.0,751.3,754.66,-0.71 %,13071.0,9914927.1,-0.007091638707979686,-0.007116903896345354,747.942,770.5219999999999,755.0901646263966,747.0711721382972,51.78964540833136,8.018992488099343,13.031634445769143,37.35621142486409,770.5219999999999,30.50434440153824,831.5306888030764,709.5133111969235,3347770.0
BEDC,2025-08-19,769.0,774.9,741.1,742.7,-1.58,2812.0,2104424.4,-0.01584819653883862,-0.01597512201843224,748.492,769.4019999999999,753.1839854531048,746.7473816095345,49.24476447574716,6.43660384357031,11.712628325329378,37.10219632308809,769.4019999999999,31.118925634263448,831.6398512685269,707.164148731473,3344958.0
BEDC,2025-08-20,730.0,744.9,730.0,738.03,-0.63 %,5425.0,4005116.7,-0.006287868587585899,-0.006307720494479643,750.136,766.0435,750.852603075704,746.1016496384578,48.24781631453983,4.750953437246153,10.320293347712735,35.51632515715322,766.0435,30.6735598941205,827.390619788241,704.696380211759,3339533.0
BEDC,2025-08-21,739.9,740.0,715.0,730.61,-1.01,14777.0,10745976.8,-0.010053791851279748,-0.010104672533024951,745.21,764.4554999999999,747.7383564486727,744.9541200356091,46.63244485535195,2.7842364130635815,8.813081960782904,34.765159074499415,764.4554999999999,31.679382050546987,827.8142641010938,701.096735898906,3324756.0
BEDC,2025-08-24,745.2,745.2,708.0,716.24,-1.97,8801.0,6343692.5,-0.019668496188116835,-0.019864495321845716,736.448,762.496,742.8924554565691,742.8271481811195,43.588713352704936,0.06530727544964066,7.063527023716252,34.93907628346375,762.496,33.43065381855557,829.3573076371111,695.6346923628888,3315955.0
BEDC,2025-08-25,702.0,729.5,702.0,722.69,0.90 %,6382.0,4609283.1,0.009005361331397399,0.008965054867164379,730.054,759.885,739.7843853863277,741.3355075751106,45.31407964568066,-1.5511221887828697,5.3405971812164275,34.40771369178777,759.885,34.43424511792549,828.753490235851,691.016509764149,3322337.0
BEDC,2025-08-26,725.0,738.9,710.5,724.63,0.27 %,2887.0,2082351.0,0.0026844151710967434,0.002680818563778369,726.4399999999999,755.972,737.4529414807388,740.0980625695469,45.85053816582276,-2.6451210888080823,3.7434535272115257,33.9785912852315,755.972,33.7294819658336,823.4309639316672,688.5130360683328,3325224.0
BEDC,2025-08-27,712.0,743.0,712.0,730.68,0.83 %,14428.0,10557125.1,0.008349088500338109,0.008314427651639695,724.97,751.3810000000001,736.410950483702,739.400428305136,47.577630656091216,-2.9894778214339794,2.396867257482425,33.76583476485782,751.3810000000001,30.2690096685552,811.9190193371105,690.8429806628897,3339652.0
BEDC,2025-08-28,716.2,730.0,711.2,713.53,-2.35 %,10001.0,7208059.0,-0.023471287020309872,-0.023751125124634804,721.554,744.3599999999999,732.8908042554401,737.4841002825333,43.35614299503006,-4.593296027093174,0.9988346005673052,32.7454179959394,744.3599999999999,19.647492943037033,783.654985886074,705.0650141139258,3329651.0
BEDC,2025-08-31,715.0,718.0,692.0,695.94,-2.47 %,7602.0,5325202.5,-0.02465208190265289,-0.02496103256200827,717.494,739.492,727.2060651392186,734.4067595208642,39.486282085989245,-7.200694381645576,-0.641071195875271,32.26360242480087,739.492,18.931844406473363,777.3556888129467,701.6283111870532,3322049.0
BEDC,2025-09-01,684.1,704.9,681.0,690.71,-0.75 %,4443.0,3044554.8,-0.007515015662269753,-0.007543395665988407,711.0980000000001,735.6545,721.5912858870312,731.1699625193187,38.3891135797014,-9.578676632287511,-2.428592283157719,31.666202251600808,735.6545,20.663757103463283,776.9820142069266,694.3269857930734,3317606.0
BEDC,2025-09-02,691.2,704.0,669.0,673.88,-2.44,19923.0,13702588.5,-0.02436623184838793,-0.02466800053784818,700.948,731.3489999999999,714.2510880582572,726.9262615919617,35.017205801416736,-12.675173533704537,-4.477908533267083,31.904330662200753,731.3489999999999,24.024058095329885,779.3971161906597,683.3008838093401,3297683.0
BEDC,2025-09-03,663.0,675.0,653.7,657.53,-2.43,7333.0,4849457.6,-0.024262479966759676,-0.024561663130554943,686.318,726.4155000000001,705.5247668185253,721.785797770335,32.070158946402955,-16.26103095180963,-6.834533016975593,31.146878472043554,726.4155000000001,28.38720625006256,783.1899125001252,669.641087499875,3290350.0
BEDC,2025-09-04,646.0,669.9,644.9,647.58,-1.51,7108.0,4612794.0,-0.015132389396681378,-0.015248052322138307,673.1279999999999,721.7330000000001,696.610187307983,716.2890720095694,30.39375045233956,-19.678884701586412,-9.403403353897758,30.707815724040444,721.7330000000001,33.14075771772061,788.0145154354412,655.4514845645589,3283242.0
BEDC,2025-09-07,648.0,648.0,633.0,636.88,-1.65,26539.0,16883587.4,-0.016523055066555603,-0.01666108328498731,661.316,715.5485,687.4209277221394,710.406918527379,28.658818661639458,-22.98599080523968,-12.119920844166144,29.585828886608986,715.5485,36.84579877142953,789.2400975428591,641.8569024571409,3256703.0
BEDC,2025-09-08,627.0,633.0,620.0,623.58,-2.09,9876.0,6192672.2,-0.020883054892601338,-0.021104189951937358,647.89,709.246,677.5992465341179,703.9752949327584,26.624442836084285,-26.376048398640478,-14.971146355061013,28.67826968042263,709.246,41.22905916946728,791.7041183389346,626.7878816610654,3246827.0
BEDC,2025-09-18,611.2,611.2,577.0,577.0,-7.47,600.0,366024.0,-0.07469771320440044,-0.07763479832028579,628.5139999999999,701.0985,662.1224393750229,694.5697175303319,21.001580938503267,-32.44727815530905,-18.466372715110623,29.95696470324959,701.0985,50.00815978417381,801.1148195683476,601.0821804316523,3246227.0
BEDC,2025-09-21,565.5,634.7,565.5,634.7,10.0,11389.0,6990758.5,0.10000000000000009,0.09531017980432493,623.9480000000001,696.3430000000001,657.9036025480963,690.1349236391962,38.36593751449889,-32.23132109109997,-21.219362390308493,32.76003865301748,696.3430000000001,51.63007070547266,799.6031414109455,593.0828585890547,3257616.0
BEDC,2025-09-23,647.0,698.1,647.0,698.1,9.99,15314.0,10455481.5,0.09988971167480698,0.0952099126639313,634.052,693.4860000000001,664.0876636945429,690.7249292955521,51.08791446195344,-26.637265601009176,-22.30294303244863,34.948607320659086,693.4860000000001,49.74598702672048,792.977974053441,593.9940259465592,3272930.0
BEDC,2025-09-24,712.0,728.0,655.8,690.0,-1.16,71618.0,51361374.4,-0.011602922217447409,-0.011670761385050726,644.676,689.9835,668.0741769723056,690.6712308292149,49.677098146993124,-22.59705385690927,-22.36176519734076,37.60942108346915,689.9835,47.21431387273547,784.412127745471,595.5548722545291,3201312.0
BEDC,2025-09-25,699.0,699.0,660.0,681.7,-1.2,14580.0,9718944.2,-0.012028985507246293,-0.0121019192225654,656.3,686.3355,670.1704574381047,690.0066952122361,48.20800538526123,-19.836237774131405,-21.856659712698892,37.70874814893564,686.3355,44.70608453525307,775.7476690705062,596.9233309294939,3186732.0
BEDC,2025-09-28,669.1,715.0,642.8,714.9,4.87,32788.0,21792401.0,0.048701774974328815,0.04755299440406648,683.88,684.9455,677.0519255245501,691.8506437150334,54.06029579669669,-14.798718190483214,-20.445071408255757,40.17240899544024,684.9455,43.27049419821097,771.4864883964219,598.4045116035782,3219520.0
BEDC,2025-10-07,700.7,700.7,643.5,643.5,-9.99,48660.0,31596250.7,-0.09987410826689047,-0.10522064573662478,685.64,680.2189999999999,671.8900908284655,688.2691145509568,42.847098540204925,-16.379023722491297,-19.631861871102867,42.402951210051654,680.2189999999999,42.31918003632513,764.8573600726502,595.5806399273497,3170860.0
BEDC,2025-10-08,654.0,654.0,623.5,644.0,0.08,11670.0,7356780.9,0.0007770007770007137,0.000776699068172198,674.8199999999999,675.8885,667.5993076240862,684.9899208805156,42.93636061682481,-17.390613256429333,-19.18361214816816,41.55274040933368,675.8885,41.31066222442577,758.5098244488515,593.2671755511485,3182530.0
BEDC,2025-10-09,631.2,667.0,579.6,609.0,-5.43,47500.0,28797098.1,-0.05434782608695654,-0.055880458394456614,658.62,670.5264999999999,658.584029528073,679.3610378523292,38.413666753872086,-20.777008324256258,-19.502291383385778,44.827544665809846,670.5264999999999,42.73273886980979,755.9919777396195,585.0610222603804,3135030.0
BEDC,2025-10-12,596.9,605.0,565.1,594.0,-2.46,15489.0,9137805.3,-0.024630541871921152,-0.024938948347252066,641.0799999999999,664.092,648.6480249852925,673.037998011416,36.63272746482055,-24.38997302612347,-20.479827711933318,44.761291475394856,664.092,44.130709632082315,752.3534192641646,575.8305807358354,3119541.0
BEDC,2025-10-13,582.2,607.0,570.0,604.0,1.68,15238.0,8996626.1,0.01683501683501687,0.016694878572170054,618.9,658.0604999999999,641.7790980644783,667.9240722327926,38.67400191553405,-26.14497416831432,-21.61285700320952,44.206913512866656,658.0604999999999,43.66227463213794,745.3850492642758,570.735950735724,3134779.0
BEDC,2025-10-14,592.0,597.9,553.8,573.0,-5.13,52642.0,29945253.9,-0.05132450331125826,-0.05268848122007537,604.8,650.1764999999999,631.1976983622509,660.8926594748079,34.91873145867491,-29.694961112557053,-23.22927782507903,44.63499111909047,650.1764999999999,44.09322543441518,738.3629508688302,561.9900491311696,3082137.0
BEDC,2025-10-15,561.6,595.0,539.5,550.0,-4.01,14876.0,8179488.1,-0.04013961605584637,-0.04096743848822291,586.0,642.0,618.7057447680585,652.6783884025999,32.404645048691876,-33.97264363454144,-25.377950986971516,45.41106318201258,642.0,46.80564529603888,735.6112905920778,548.3887094079222,3067261.0
BEDC,2025-10-16,539.1,561.0,514.0,527.0,-4.18,22448.0,11833979.9,-0.041818181818181865,-0.042717729685154325,569.6,633.553,604.5971686498956,643.3688781505555,30.07289664846317,-38.77170950065988,-28.05670268970919,45.52455866901168,633.553,51.561430107557435,736.6758602151149,530.4301397848851,3044813.0
BEDC,2025-10-19,519.0,537.0,501.0,521.5,-1.04,8996.0,4727001.5,-0.010436432637571103,-0.010491274100535134,555.1,625.0925,591.812988857604,634.341553843107,29.525760946001512,-42.52856498550307,-30.95107514886797,44.844233049796564,625.0925,55.426761242578664,735.9460224851573,514.2389775148426,3035817.0
BEDC,2025-10-26,511.1,554.4,511.1,548.0,5.08,26502.0,14314889.0,0.05081495685522541,0.04956601250718849,543.9,618.7985,585.0725290333572,627.9458831880621,35.60487960323802,-42.873354154704884,-33.335530950035356,44.73393068909681,618.7985,56.72701763014042,732.2525352602809,505.3444647397191,3062319.0
BEDC,2025-10-28,537.1,566.0,537.1,565.0,3.1,10140.0,5651419.3,0.031021897810219023,0.030550444198425453,542.3,614.1719999999999,581.98444764361,623.2832251741315,39.22657301133854,-41.298777530521534,-34.92818026613259,43.602935639875604,614.1719999999999,57.17341833588647,728.5188366717729,499.82516332822695,3072459.0
BEDC,2025-10-29,553.7,594.0,543.0,580.1,2.67,40102.0,23264219.2,0.026725663716814285,0.026374771325577823,548.32,610.798,581.6945326215161,620.0844677538255,42.32918537273162,-38.38993513230935,-35.62053123936794,44.131297379884494,610.798,57.0891844858807,724.9763689717614,496.6196310282386,3112561.0
BEDC,2025-10-30,580.1,607.0,570.0,587.0,1.19,72524.0,42921703.0,0.011894500948112396,0.011824317356077809,560.32,608.304,582.5107583720521,617.6337664387273,43.742538709480755,-35.1230080666752,-35.521026604829395,43.62191899560703,608.304,56.97921970240123,722.2624394048024,494.3455605951975,3185085.0
BEDC,2025-11-02,598.7,598.7,566.1,584.0,-0.51,14435.0,8329571.2,-0.005110732538330498,-0.005123836999869395,572.82,606.325,582.7398724686594,615.1423763321549,43.246288897491276,-32.40250386349544,-34.8973220565626,42.834639067349386,606.325,57.107929903775315,720.5408598075506,492.10914019244944,3170650.0
BEDC,2025-11-03,595.6,595.6,560.0,569.0,-2.57,19181.0,10864983.9,-0.025684931506849362,-0.026020548701896185,577.0200000000001,605.925,580.6260459350195,611.724422529773,40.756578807943065,-31.098376594753518,-34.13753296420079,42.31787913396729,605.925,57.351638117290264,720.6282762345804,491.2217237654194,3151469.0
BEDC,2025-11-04,580.3,580.3,550.0,565.1,-0.69,17444.0,9805824.3,-0.006854130052724061,-0.006877727490533263,577.0400000000001,602.4449999999999,578.2374234834781,608.2707616016418,40.110015880523015,-30.03333811816367,-33.316693994993365,41.45945919582677,602.4449999999999,57.624679243311434,717.6943584866228,487.19564151337704,3134025.0
BEDC,2025-11-05,576.4,576.4,554.0,570.9,1.03,11029.0,6219331.0,0.010263670146876569,0.010211356334415767,575.2,596.0849999999999,577.1085891014045,605.5025570385571,41.593964539599405,-28.393967937152638,-32.33214878342522,40.09806925326772,596.0849999999999,53.374390419295565,702.8337808385911,489.3362191614088,3145054.0
BEDC,2025-11-06,570.9,580.0,560.1,566.0,-0.86,4047.0,2292111.0,-0.008582939218777286,-0.00861998476703048,571.0,589.885,575.3995753934961,602.5764417023677,40.676971459264195,-27.17686630887158,-31.301092288514493,38.655350020891454,589.885,48.905906165764556,687.6968123315291,492.0731876684709,3141007.0
BEDC,2025-11-09,577.3,577.3,554.0,560.1,-1.04,15272.0,8563832.8,-0.010424028268551155,-0.01047873898739623,566.22,583.8050000000001,573.0457945637274,599.4300386133035,39.54643722029339,-26.38424404957607,-30.31772264072681,37.55853930511349,583.8050000000001,44.225373462465924,672.2557469249319,495.3542530750682,3125735.0
BEDC,2025-11-10,570.0,606.0,560.1,605.0,8.02,66340.0,39148944.7,0.08016425638278868,0.07711311881505474,573.4200000000001,578.3100000000001,577.9618261693079,599.8426283456514,50.76186233498949,-21.880802176343536,-28.630338547850158,38.154357926176814,578.3100000000001,32.29894735126619,642.9078947025324,513.7121052974677,3192075.0
BEDC,2025-11-11,593.0,621.0,592.0,620.0,2.48,26923.0,16366212.7,0.024793388429751984,0.024491020008295696,584.4,577.135,584.4292375278759,601.3357669867144,53.8426668964451,-16.906529458838463,-26.28557673004782,37.50047521716419,577.135,30.159161565197042,637.4533231303941,516.8166768696059,3218998.0
BEDC,2025-11-12,607.6,682.0,595.5,682.0,10.0,98551.0,64388731.0,0.10000000000000009,0.09531017980432493,606.6200000000001,579.0350000000001,599.4401240620489,607.3108953580688,63.89768207656176,-7.870771296019939,-22.602615643242242,41.00044127308104,579.0350000000001,35.34451904207571,649.7240380841515,508.34596191584865,3317549.0
BEDC,2025-11-13,669.0,716.0,613.8,716.0,4.99,93062.0,59092369.6,0.04985337243401755,0.04865050911718347,636.6200000000001,584.385,617.3724126678875,615.3619401463601,68.01286610793188,2.01047252152739,-17.679998010288315,45.37183832500383,584.385,46.467037269783255,677.3190745395665,491.4509254604335,3410611.0
BEDC,2025-11-16,701.7,701.7,644.4,644.4,-10.0,16065.0,10363458.8,-0.09999999999999998,-0.10536051565782628,653.4799999999999,586.905,621.5305030266741,617.5129075429261,54.04248446450514,4.017595483747982,-13.340479311481056,47.24527844464642,586.905,48.34463422029973,683.5942684405994,490.2157315594005,3394546.0
BEDC,2025-11-17,631.6,631.6,580.0,580.0,-9.99,119206.0,69975305.7,-0.09993792675356916,-0.10529154776235423,648.4799999999999,585.705,615.1411948687243,614.7341736508574,45.0743141163003,0.4070212178668271,-10.59097920561148,48.47061569860024,585.705,48.19560446216571,682.0962089243314,489.31379107566863,3275340.0
BEDC,2025-11-18,583.4,595.1,570.1,585.0,0.86,20964.0,12241192.9,0.008620689655172376,0.008583743691391435,641.4799999999999,586.3050000000001,610.5040879658436,612.5316422693124,45.82598612419229,-2.0275543034688326,-8.878294225182952,46.79414314870022,586.3050000000001,48.103719902112495,682.5124398042251,490.0975601957751,3296304.0
BEDC,2025-11-19,595.0,595.0,570.0,570.0,-2.56,15549.0,8953588.0,-0.02564102564102566,-0.025975486403260677,619.0799999999999,587.3050000000001,604.2726898172523,609.3811502493634,43.885631204917296,-5.108460432111087,-8.124327466568579,45.23741863807878,587.3050000000001,47.51353795997013,682.3320759199403,492.2779240800598,3280755.0
BEDC,2025-11-20,581.4,581.4,559.0,567.1,-0.51,24685.0,14037917.7,-0.0050877192982455854,-0.005100705808613483,589.3,589.3100000000001,598.5538144607519,606.249213193855,43.50212600133554,-7.695398733103048,-8.038541719875473,43.606174449644584,589.3100000000001,45.644125695714095,680.5982513914282,498.0217486085719,3256070.0
BEDC,2025-11-23,570.0,590.0,567.0,575.0,1.39,8995.0,5215094.8,0.013930523717157417,0.013834385777368067,575.4200000000001,591.985,594.9301506975594,603.9344566609768,44.914342325568974,-9.004305963417437,-8.231694568583867,42.134304846098544,591.985,42.9490551945568,677.8831103891137,506.08688961088643,3265065.0
BEDC,2025-11-24,577.0,588.0,575.0,580.9,1.03,19985.0,11609213.0,0.010260869565217323,0.01020858420113631,575.6,593.63,592.7716659748579,602.2282006120156,45.99994995699337,-9.456534637157688,-8.476662582298632,40.05328307137722,593.63,41.79012852462984,677.2102570492597,510.0497429507403,3285050.0
BEDC,2025-11-25,590.5,590.5,565.0,565.0,-2.74,23873.0,13613641.7,-0.027371320364950935,-0.027752893852045872,571.6,593.63,588.4991019787259,599.4705561222366,43.511287050879005,-10.971454143510755,-8.975620894541056,39.013762851993135,593.63,41.79012852462984,677.2102570492597,510.0497429507403,3261177.0
BEDC,2025-11-26,571.0,580.0,570.0,578.0,2.3,23377.0,13485499.0,0.023008849557522026,0.02274813752593643,573.2,593.525,586.8838555204604,597.8801445576265,46.07985284935991,-10.996289037166093,-9.379754523066063,37.298494076850766,593.525,41.82853313481534,677.1820662696307,509.8679337303693,3284554.0
BEDC,2025-11-27,573.0,580.0,571.0,575.0,-0.52,13670.0,7854447.1,-0.00519031141868509,-0.005203827875026998,574.78,592.925,585.0555700557742,596.1853190348394,45.56495327728814,-11.129748979065198,-9.729753414265891,35.27717307136143,592.925,42.0127158069257,676.9504316138514,508.89956838614853,3270884.0
BEDC,2025-11-30,572.0,574.0,565.0,566.0,-1.57,7962.0,4532727.9,-0.01565217391304352,-0.01577596259416755,572.9799999999999,592.025,582.1239438933474,593.9493694767032,43.97733428326978,-11.825425583355809,-10.148887848083875,33.47166070912133,592.025,42.404938577827195,676.8348771556543,507.2151228443456,3262922.0
BEDC,2025-12-01,566.0,570.0,556.0,556.0,-1.77,16304.0,9162316.9,-0.017667844522968212,-0.017825783952600573,568.0,591.375,578.1048756020632,591.1383050710215,42.21719550781329,-13.033429468958275,-10.725796172258756,32.08082780132695,591.375,42.87349659785333,677.1219931957066,505.62800680429336,3246618.0
BEDC,2025-12-02,553.0,567.0,545.0,560.0,0.72,10758.0,6013929.3,0.007194244604316502,0.007168489478612497,567.0,591.12,575.3195101248227,588.8317639546495,43.19654440973666,-13.512253829826818,-11.28308770377237,31.36076867266074,591.12,43.052790116808126,677.2255802336163,505.01441976638375,3257376.0
BEDC,2025-12-03,571.0,571.2,541.0,561.0,0.18,33611.0,18633132.9,0.0017857142857142794,0.001784121793501392,563.6,590.625,573.1165085671577,586.7701518098606,43.454568963090516,-13.65364324270297,-11.75719881155849,31.27785662461355,590.625,43.353369018600915,677.3317380372018,503.91826196279817,3290987.0
BEDC,2025-12-07,561.0,566.9,549.8,551.2,-1.75,12011.0,6642285.4,-0.0174688057040997,-0.017623185823247376,558.84,589.885,569.7447380183642,584.135325749871,41.46666173894573,-14.390587731506798,-12.283876595548152,30.265152579998297,589.885,43.91844445284607,677.7218889056921,502.04811109430784,3278976.0
BEDC,2025-12-08,546.0,557.0,540.2,550.0,-0.22,13124.0,7159286.7,-0.002177068214804123,-0.0021794414729322713,555.64,589.38,566.707086015539,581.6067831017324,41.21801225419752,-14.899697086193441,-12.80704069367721,29.30335596714127,589.38,44.33504732209569,678.0500946441914,500.7099053558086,3265852.0
BEDC,2025-12-09,553.0,558.5,540.0,553.9,0.71,6865.0,3785136.1,0.007090909090909037,0.00706588681254156,555.22,586.825,564.7367650900715,579.5544287979004,42.42632807596825,-14.817663707828956,-13.20916529650756,28.53168768377404,586.825,44.856858596626395,676.5387171932529,497.1112828067472,3272717.0
BEDC,2025-12-10,548.0,562.0,548.0,554.9,0.18,8920.0,4951657.0,0.0018053800324968616,0.001803752292797363,554.2,583.5699999999999,563.2234166146759,577.7281748128707,42.75128218631694,-14.50475819819485,-13.46828387684502,27.493709992075896,583.5699999999999,44.684473931402245,672.9389478628044,494.20105213719546,3281637.0
BEDC,2025-12-11,550.0,557.4,550.0,554.9,0.0,10649.0,5894147.4,0.0,0.0,552.98,577.2149999999999,561.9428909816488,576.0371989008062,42.75128218605709,-14.094307919157359,-13.593488685307488,26.058444992641903,577.2149999999999,38.56854833996871,654.3520966799373,500.0779033200625,3281637.0
BEDC,2025-12-14,555.0,559.0,545.0,545.1,-1.77,5693.0,3128836.7,-0.01766083979095323,-0.01781865326162027,551.76,568.67,559.3516769844721,573.7455545377835,40.17413020002925,-14.393877553311427,-13.753566458908276,25.197127493167482,568.67,21.24157046428942,611.1531409285788,526.1868590714212,3275944.0
BEDC,2025-12-15,539.0,549.0,539.0,542.1,-0.55,3854.0,2091413.1,-0.005503577325261411,-0.005518777803942682,550.1800000000001,563.5550000000001,556.6975728330149,571.4014393868366,39.39129382862064,-14.70386655382174,-13.94362647789097,24.111618386512664,563.5550000000001,12.608579994337195,588.7721599886745,538.3378400113256,3272090.0
BEDC,2025-12-16,545.0,555.9,540.0,544.0,0.35,4823.0,2640248.1,0.0035048883969746036,0.003498760589650003,548.2,561.755,554.7441000894742,569.3717031359598,40.18624889410142,-14.62760304648566,-14.08042179160991,23.52507421604747,561.755,12.706627984511233,587.1682559690224,536.3417440309776,3276913.0
BEDC,2025-12-17,548.0,551.0,541.0,544.0,0.0,10301.0,5610647.8,0.0,0.0,546.0200000000001,559.705,553.0911616141705,567.4923177184813,40.18624889380266,-14.401156104310871,-14.144568654150103,22.558997486329798,559.705,12.049392865243522,583.8037857304871,535.606214269513,3276913.0
BEDC,2025-12-18,540.0,547.0,537.0,542.9,-0.2,23664.0,12794090.5,-0.00202205882352946,-0.0020241059445372726,543.6200000000001,558.35,551.5232905966058,565.6706645541493,39.83542795485705,-14.14737395754355,-14.145129714828792,21.661926237306243,558.35,12.35072978879074,583.0514595775815,533.6485404224186,3253249.0
BEDC,2025-12-21,541.0,541.0,530.0,530.0,-2.38,7954.0,4256150.5,-0.023761282004052253,-0.024048134365237825,540.6,556.495,548.2120151202048,563.0283931056938,35.87960047148388,-14.816377985488998,-14.279379368960834,21.03607436321294,556.495,13.681738693753449,583.8584773875069,529.1315226124931,3245295.0
BEDC,2025-12-22,530.0,540.0,520.0,523.0,-1.32,10742.0,5629744.0,-0.013207547169811318,-0.013295542481244614,536.78,553.895,544.3332435632502,560.0633269497165,33.911668730815734,-15.730083386466276,-14.569520172461923,20.96206905155487,553.895,14.869413148082524,583.633826296165,524.156173703835,3234553.0
BEDC,2025-12-23,533.4,543.0,519.8,524.0,0.19,10254.0,5359159.5,0.0019120458891013214,0.0019102202561192452,532.78,551.05,541.2050522458271,557.3919693978856,34.46466802736555,-16.186917152058527,-14.892999568381244,21.1219212621581,551.05,14.87394401382073,580.7978880276414,521.3021119723585,3244807.0
BEDC,2025-12-24,525.0,528.0,519.0,522.0,-0.38,4047.0,2112005.0,-0.003816793893129722,-0.0038240964384033942,528.3799999999999,548.9,538.2504288233922,554.7703420350792,33.85452562868896,-16.519913211687026,-15.218382297042401,20.256069743432523,548.9,15.8285218912924,580.5570437825847,517.2429562174152,3240760.0
BEDC,2025-12-28,522.0,547.9,520.0,526.0,0.77,18592.0,9852570.8,0.00766283524904221,0.007633624855071205,525.0,546.3,536.3657474659473,552.6392055880364,36.284042924895644,-16.273458122089096,-15.429397462051742,20.802064761758768,546.3,15.04851802460347,576.3970360492069,516.202963950793,3259352.0
BEDC,2025-12-29,530.0,547.0,526.3,539.8,2.62,22454.0,12180820.9,0.026235741444866845,0.025897487846194344,526.96,544.54,536.8940940096477,551.6881533222559,43.934995340069705,-14.79405931260817,-15.302329832163029,20.816202993061715,544.54,13.493288780176696,571.5265775603533,517.5534224396466,3281806.0
BEDC,2025-12-31,540.0,548.9,539.0,540.0,0.04,7177.0,3896022.3,0.0003705075954056891,0.0003704389744157712,530.36,543.24,537.3719257004711,550.8223641872739,44.0398726585979,-13.450438486802796,-14.931951563090982,20.03647420784302,543.24,12.535398299467762,568.3107965989356,518.1692034010645,3288983.0
BEDC,2026-01-01,537.0,542.7,530.0,539.0,-0.19,13156.0,7064911.1,-0.0018518518518518823,-0.0018535686493229438,533.36,542.39,537.6223986696294,549.9466335067351,43.60069742762131,-12.324234837105678,-14.41040821789392,19.51244033585424,542.39,12.196414486060066,566.7828289721201,517.9971710278799,3275827.0
BEDC,2026-01-04,537.0,537.0,530.0,532.0,-1.3,8127.0,4335284.2,-0.012987012987012991,-0.013072081567352775,535.36,540.99,536.7574142589172,548.6172532469769,40.55217979977708,-11.859838988059778,-13.900294371927092,18.76155174043608,540.99,11.664020251227448,564.3180405024549,517.6619594975451,3267700.0
BEDC,2026-01-05,539.0,547.0,530.0,532.0,0.0,24030.0,12925654.8,0.0,0.0,536.5600000000001,539.54,536.0255043729298,547.3863455990527,40.55217979934087,-11.36084122612283,-13.392403742766241,18.635726616119218,539.54,10.817403132282372,561.1748062645647,517.9051937354352,3267700.0
BEDC,2026-01-06,522.0,542.0,522.0,534.0,0.38,9341.0,4997314.2,0.003759398496240518,0.003752349618550372,535.4,538.68,535.713888315556,546.3947644435673,41.89830483077896,-10.680876128011278,-12.850098219815248,18.733174714967845,538.68,10.521286693375975,559.722573386752,517.637426613248,3277041.0
BEDC,2026-01-07,530.0,539.9,528.0,533.2,-0.15,10485.0,5585702.8,-0.0014981273408238849,-0.0014992506556411496,534.04,537.8399999999999,535.3271362670089,545.4173744847845,41.49356597404315,-10.090238217775664,-12.298126219407333,18.245090806755854,537.8399999999999,10.236744959625787,558.3134899192515,517.3665100807483,3266556.0
BEDC,2026-01-08,523.0,539.8,523.0,539.8,1.24,6117.0,3256324.2,0.0123780945236307,0.01230211227935047,534.2,537.135,536.0152691490075,545.0012726710968,46.11802156780574,-8.986003522089277,-11.635701679943724,18.141870034844718,537.135,9.53388831043216,556.2027766208643,518.0672233791357,3272673.0
BEDC,2026-01-12,547.0,547.0,530.0,537.0,-0.52,4964.0,2649916.0,-0.005187106335679759,-0.0052006060750394685,535.2,536.24,536.1667662030063,544.4085858065711,44.51063778795105,-8.24181960356475,-10.95692526466793,18.06030788949867,536.24,8.569861510887918,553.3797230217758,519.1002769782242,3267709.0
BEDC,2026-01-13,527.0,537.0,514.0,530.0,-1.3,66857.0,34851711.3,-0.013035381750465591,-0.013121087962697212,534.8,534.9950000000001,535.2180329410053,543.3412831542324,40.69220758355494,-8.123250213227152,-10.390190254379776,18.413143040248766,534.9950000000001,7.452126153691949,549.899252307384,520.0907476926162,3200852.0
BEDC,2026-01-14,532.0,556.0,530.1,531.0,0.19,43261.0,23357323.4,0.0018867924528302993,0.0018850146957714257,534.2,534.29,534.5691047962353,542.4271140316968,41.46475496200195,-7.858009235461509,-9.883754050596123,18.95506139451671,534.29,7.10469822315635,548.4993964463126,520.0806035536873,3244113.0
BEDC,2026-01-18,540.0,540.0,525.1,529.0,-0.38,17309.0,9165669.3,-0.0037664783427495685,-0.003773589383639491,533.36,533.635,533.7123194429682,541.4325129923118,40.333161805013255,-7.7201935493435485,-9.451041950345608,18.66541415205123,533.635,6.948932140606561,547.5328642812132,519.7371357187868,3226804.0
BEDC,2026-01-20,539.5,542.9,529.0,532.0,0.57,22259.0,11936668.7,0.005671077504725952,0.0056550574833450565,531.8,533.0350000000001,533.4488856825116,540.7338083262147,42.8524884253408,-7.284922643703112,-9.01781808901711,18.32502742690471,533.0350000000001,6.511146313500384,546.0572926270008,520.0127073729993,3249063.0
BEDC,2026-01-21,539.9,539.9,528.5,530.0,-0.38,11527.0,6125663.7,-0.003759398496240629,-0.0037664827954768934,530.4,532.335,532.9182878852021,539.9387114131617,41.591673698946,-7.020423527959679,-8.618339176805625,17.83038261069723,532.335,6.003005826033408,544.3410116520669,520.3289883479332,3237536.0
BEDC,2026-01-22,526.0,535.9,526.0,528.5,-0.28,22141.0,11693988.5,-0.002830188679245338,-0.0028342012358752488,530.1,531.615,532.2385512874787,539.0913994566312,40.6262283849577,-6.85284816915248,-8.265240975274995,17.26392670993314,531.615,5.51269109944679,542.6403821988936,520.5896178011064,3215395.0
BEDC,2026-01-25,527.0,538.9,527.0,536.0,1.42,21079.0,11290718.7,0.014191106906338735,0.014091355760509704,531.1,531.915,532.8172357047897,538.8624069042882,47.22285445433338,-6.045171199498441,-7.821227020119685,16.88078908779506,531.915,5.582988729875682,543.0809774597514,520.7490225402486,3236474.0
BEDC,2026-01-26,540.0,550.4,537.0,546.0,1.87,32125.0,17475418.4,0.018656716417910557,0.01848481467410316,534.5,533.0649999999999,534.8453532886682,539.3911175039705,54.48413836443212,-4.545764215302256,-7.1661344591562,16.703589867238268,533.0649999999999,6.003005826033211,545.0710116520663,521.0589883479336,3268599.0
BEDC,2026-01-27,550.3,555.0,537.0,538.0,-1.47,33545.0,18420798.4,-0.0146520146520146,-0.014760415583120573,535.7,533.765,535.33068355195,539.2880717629356,48.71031933967471,-3.9573882109856413,-6.524385209522089,16.79619059100696,533.765,5.698871079342395,545.1627421586848,522.3672578413152,3235054.0
BEDC,2026-01-28,537.0,548.5,535.0,543.0,0.93,28880.0,15649675.5,0.009293680297397744,0.009250759772150997,538.3,534.8149999999999,536.5105783901115,539.5630294101255,52.125120897277355,-3.0524510200140185,-5.8299983716204755,16.560748405935037,534.8149999999999,5.340439071246689,545.4958781424933,524.1341218575066,3263934.0
BEDC,2026-01-29,550.0,554.5,545.0,550.0,1.29,43787.0,24136366.8,0.012891344383057168,0.012808958292581241,542.6,536.015,538.585874022402,540.3361383427089,56.49242169827129,-1.7502643203068828,-5.014051561357758,16.19926637693968,536.015,5.920372943445641,547.8557458868912,524.1742541131088,3307721.0
BEDC,2026-02-01,555.0,561.0,543.0,552.9,0.53,19415.0,10674315.9,0.005272727272727318,0.005258875117370732,545.98,536.6700000000001,540.7880472497247,541.2667947617674,58.1939124085529,-0.4787475120426734,-4.106990751494742,16.327890207158273,536.6700000000001,6.989322683848157,550.6486453676964,522.6913546323037,3327136.0
BEDC,2026-02-02,551.0,551.0,533.0,540.1,-2.32,14863.0,8080097.9,-0.023150660155543457,-0.023422845745041807,544.8,536.675,540.6821938266902,541.180365520155,49.071837262516425,-0.4981716934647693,-3.385226939888747,16.583040906646968,536.675,6.991865574403826,550.6587311488076,522.6912688511923,3312273.0
BEDC,2026-02-03,545.0,549.0,530.0,535.0,-0.94,14287.0,7668504.8,-0.009442695797074685,-0.009487560702838961,544.2,536.475,539.8080101610456,540.7225606668102,45.979243998432416,-0.9145505057646233,-2.891091653063923,16.75568084188647,536.475,6.979057016683059,550.4331140333661,522.5168859666339,3297986.0
BEDC,2026-02-04,535.0,542.0,530.0,535.0,0.0,19914.0,10633278.3,0.0,0.0,542.6,536.625,539.0683162901155,540.2986672840835,45.979243997820525,-1.2303509939680453,-2.5589435212447476,16.415989353180294,536.625,6.909709034928725,550.4444180698574,522.8055819301426,3297986.0
BEDC,2026-02-05,535.1,545.0,534.0,538.0,0.56,16212.0,8737246.0,0.005607476635514086,0.0055918132657779345,540.2,536.925,538.90395993779,540.1283956334107,48.206087275439465,-1.2244356956207412,-2.292041956119946,16.029132970810274,536.925,6.828105616918621,550.5812112338372,523.2687887661627,3314198.0
BEDC,2026-02-08,540.0,549.9,538.0,540.0,0.37,16845.0,9131800.8,0.0037174721189590088,0.0037105793965355534,537.62,537.225,539.0725814858223,540.1188848457507,49.69488123543177,-1.0463033599284017,-2.0428942368816374,15.734194901466681,537.225,6.824636099803562,550.8742721996072,523.5757278003929,3331043.0
BEDC,2026-02-09,549.5,549.5,531.2,532.0,-1.48,14026.0,7507513.1,-0.014814814814814836,-0.014925650216675706,536.0,537.165,537.984492026465,539.5174859682877,44.21949981100362,-1.532993941822724,-1.9409141778698549,15.917466694219058,537.165,6.867028392789256,550.8990567855785,523.4309432144214,3317017.0
BEDC,2026-02-10,539.0,539.0,528.1,533.9,0.36,11909.0,6318844.8,0.0035714285714285587,0.0035650661644961446,535.78,536.8700000000001,537.3561086377781,539.1013758965627,45.74834670738802,-1.7452672587845655,-1.901784794052797,15.559076216060554,536.8700000000001,6.874598552873057,550.6191971057463,523.120802894254,3328926.0
BEDC,2026-02-11,531.0,539.0,524.0,528.1,-1.09,6621.0,3510954.9,-0.01086345757632512,-0.01092289579325303,534.4,536.425,535.9320919242738,538.286459163484,41.96698327779734,-2.3543672392102053,-1.9923012830842788,15.519142200627657,536.425,7.148343569630776,550.7216871392615,522.1283128607384,3322305.0
BEDC,2026-02-12,525.0,530.0,519.0,519.5,-1.63,20791.0,10880740.5,-0.016284794546487458,-0.016418849173605442,530.7,535.9,533.4040777820778,536.8948695958185,37.07376240804166,-3.490791813740657,-2.2919993892155546,15.196346329154254,535.9,7.982019267012402,551.8640385340248,519.9359614659752,3301514.0
BEDC,2026-02-16,517.0,520.0,505.0,511.0,-1.64,16163.0,8258018.6,-0.016361886429258954,-0.0164972203355777,524.9,534.9,529.957296584835,534.9767311072394,32.980668744354944,-5.019434522404367,-2.8374864158533173,15.182321591357521,534.9,9.696825307936871,554.2936506158737,515.5063493841262,3285351.0
BEDC,2026-02-17,508.0,540.0,508.0,522.0,2.15,17349.0,9024794.8,0.021526418786692814,0.02129799767893434,522.9,534.55,528.733097110245,534.0154917659625,41.91759285433101,-5.2823946557174395,-3.326468063826142,16.383584334831983,534.55,10.041204582802749,554.6324091656054,514.4675908343945,3302700.0
BEDC,2026-02-22,515.0,520.0,513.0,514.1,-1.51,7617.0,3930535.5,-0.015134099616858188,-0.015249788821179696,518.9399999999999,533.655,526.4818514009766,532.5402701536689,37.998598412757566,-6.058418752692319,-3.872858201599378,15.856185453772556,533.655,11.029552407772833,555.7141048155456,511.5958951844543,3295083.0
BEDC,2026-02-23,507.1,535.5,507.1,514.9,0.16,6660.0,3433950.6,0.0015561174868701233,0.0015549079906365686,516.3,532.9,524.7000281085186,531.2335834756193,38.62437857781635,-6.533555367100689,-4.40499763469964,16.752172207074516,532.9,11.783931968218413,556.4678639364369,509.33213606356315,3301743.0
BEDC,2026-02-24,525.1,534.0,509.0,509.0,-1.15,5807.0,2970400.7,-0.011458535637987932,-0.011524690501572907,514.2,531.925,522.2846391687465,529.5866513663142,35.757959272441084,-7.302012197567706,-4.984400547273253,17.34130276371205,531.925,12.919176892471592,557.7633537849431,506.08664621505676,3295936.0
BEDC,2026-02-25,518.0,519.0,509.0,510.0,0.2,8148.0,4173449.7,0.0019646365422396617,0.001962709167848689,514.0,530.625,520.3946946812471,528.1357883021428,36.61655110561179,-7.741093620895754,-5.535739161997753,16.816923994875477,530.625,13.767806651752096,558.1606133035042,503.0893866964958,3304084.0
BEDC,2026-02-26,510.0,515.0,507.0,513.9,0.76,14763.0,7547934.8,0.00764705882352934,0.007617968279812389,512.38,529.02,519.3955108841321,527.0812854649471,39.98534197356994,-7.68577458081495,-5.965746245761193,16.18714370952723,529.02,13.752151984709931,556.5243039694199,501.5156960305801,3318847.0
BEDC,2026-03-01,510.0,517.9,510.0,517.9,0.78,5407.0,2771995.1,0.0077836154893948795,0.007753479431661918,513.14,528.0150000000001,519.1654322865734,526.4011902453213,43.313166731039274,-7.235757958747968,-6.219748588358549,15.595204873132428,528.0150000000001,13.795738281689776,555.6064765633796,500.42352343662054,3324254.0
BEDC,2026-03-03,508.0,525.0,500.0,522.9,0.97,4326.0,2239218.3,0.009654373431164265,0.009608067764239097,514.74,527.01,519.7399811655621,526.141842819742,47.25061794101354,-6.401861654179925,-6.256171201522824,16.266975953622968,527.01,13.37227689938129,553.7545537987626,500.2654462012374,3328580.0
BEDC,2026-03-09,533.3,543.9,533.3,543.9,4.02,20.0,10772.0,0.04016064257028118,0.03937516523483019,521.72,526.705,523.456907140091,527.4572618701314,59.86111636602126,-4.000354730040499,-5.80500790722636,16.60504909979276,526.705,12.880849718622121,552.4666994372443,500.9433005627558,3328600.0
BEDC,2026-03-10,554.7,555.6,515.0,541.0,-0.53,35598.0,19176908.8,-0.0053318624747196175,-0.005346127582433541,527.92,526.1099999999999,526.1558445031538,528.4604276575291,57.805932536184244,-2.304583154375223,-5.104922956656132,18.318974164093277,526.1099999999999,11.8399368775008,549.7898737550015,502.4301262449983,3293002.0
BEDC,2026-03-11,539.0,539.0,520.4,521.0,-3.7,11828.0,6235954.5,-0.0369685767097967,-0.03766923709311463,529.3399999999999,525.155,525.3626376565148,527.907803386601,46.06088408071125,-2.5451657300861825,-4.592971511342142,18.48190458094376,525.155,11.414786117370396,547.9845722347408,502.3254277652592,3281174.0
BEDC,2026-03-12,520.0,531.4,520.0,528.0,1.34,16744.0,8825918.8,0.013435700575815668,0.013346241952894486,531.36,524.805,525.7683857093588,527.9146327653713,49.89787913237445,-2.1462470560124984,-4.103626620276214,17.97605425373349,524.805,11.202371694377819,547.2097433887556,502.4002566112443,3297918.0
BEDC,2026-03-15,530.0,541.0,526.2,540.0,2.27,23188.0,12381504.3,0.022727272727272707,0.022472855852058576,534.78,525.055,527.9578648309958,528.8098451531216,55.713861941673315,-0.8519803221257689,-3.453297360646125,17.749193235609667,525.055,11.493864496011804,548.0427289920235,502.06727100797633,3321106.0
BEDC,2026-03-16,545.0,545.4,529.0,532.0,-1.48,6037.0,3231293.1,-0.014814814814814836,-0.014925650216675706,532.4,524.7549999999999,528.5797317800734,529.046152919557,51.42780062478433,-0.4664211394836002,-2.85592211641362,17.652822290208977,524.7549999999999,11.213078595060214,547.1811571901203,502.32884280987946,3315069.0
BEDC,2026-03-17,540.0,540.0,525.0,538.5,1.22,14882.0,7898396.7,0.012218045112782017,0.012144007254798932,531.9,524.68,530.1059268908314,529.7464378884787,54.49116651655757,0.35948900235268866,-2.2128398926603583,17.46333498376548,524.68,11.110289209369837,546.9005784187397,502.4594215812603,3329951.0
BEDC,2026-03-19,538.0,545.7,526.0,533.5,-0.93,30241.0,16199507.9,-0.00928505106778088,-0.009328425854635206,534.4,524.7549999999999,530.6280919845497,530.0244795263692,51.78558086722349,0.6036124581804643,-1.6495494224921938,17.623096770639382,524.7549999999999,11.167220593752223,547.0894411875043,502.4205588124954,3299710.0
BEDC,2026-03-22,533.5,544.0,525.0,537.4,0.73,29570.0,15701751.7,0.007310215557638111,0.007283625439582668,536.28,524.93,531.6699239869266,530.5708143762678,53.715973284754035,1.099109610658843,-1.0998176158619866,17.721447001308,524.93,11.344096540308481,547.618193080617,502.241806919383,3329280.0
BEDC,2026-03-23,543.0,543.0,529.0,534.0,-0.63,7114.0,3779662.4,-0.006326758466691396,-0.00634685722119593,535.08,525.225,532.0283972197071,530.8248281261739,51.76996135415913,1.2035690935332468,-0.6391402739829399,17.45562935835743,525.225,11.506422691607632,548.2378453832152,502.21215461678474,3322166.0
BEDC,2026-03-24,534.0,538.9,527.6,533.0,-0.19,13192.0,6991725.1,-0.0018726591760299671,-0.0018744147943503039,535.28,525.9,532.1778745705215,530.9859519686795,51.18264707602316,1.1919226018419522,-0.27292769881796153,17.015941547046182,525.9,11.548798069156426,548.9975961383128,502.80240386168714,3308974.0
BEDC,2026-03-25,523.2,535.0,523.2,535.0,0.38,13610.0,7196568.4,0.0037523452157599557,0.003745322730162113,534.58,527.1,532.6120477135181,531.2832888598884,52.34703403659229,1.3287588536296653,0.04740961167156385,16.64337429368574,527.1,11.159418962427617,549.4188379248552,504.7811620751448,3322584.0
BEDC,2026-03-26,529.0,534.0,525.2,531.0,-0.75,6859.0,3623726.0,-0.00747663551401867,-0.007504725654067693,534.08,527.55,532.3640403729769,531.2623044998967,49.789196794278084,1.1017358730802016,0.2582748639532914,16.154561844136754,527.55,11.124345042815742,549.7986900856314,505.30130991436846,3315725.0
BEDC,2026-03-29,534.0,539.0,520.0,522.0,-1.69,8164.0,4290900.0,-0.016949152542372836,-0.017094433359300068,531.0,527.9449999999999,530.7695726232881,530.5762078702747,44.51827734994446,0.19336475301338396,0.2452928417653099,16.357807426698415,527.9449999999999,10.755780575556228,549.4565611511124,506.4334388488875,3307561.0
BEDC,2026-03-30,514.5,526.9,510.0,510.5,-2.2,12709.0,6565769.2,-0.022030651340996132,-0.022276950277918435,526.3,527.725,527.6511768350899,529.0890813613655,38.85761314206141,-1.437904526275588,-0.0913466318428697,16.396535467648526,527.725,11.07685472173195,549.8787094434639,505.5712905565361,3294852.0
BEDC,2026-03-31,510.0,515.0,482.0,509.0,-0.29,14663.0,7366528.2,-0.002938295788442735,-0.0029426210541975356,521.5,527.725,524.7817650143069,527.6010012605236,38.175753845053954,-2.8192362462167466,-0.6369245547176452,17.582497219959347,527.725,11.07685472173195,549.8787094434639,505.5712905565361,3280189.0
BEDC,2026-04-01,500.0,515.0,488.1,493.1,-3.12,13072.0,6454224.9,-0.03123772102161093,-0.031736023320442244,513.12,526.88,519.9076473197981,525.0453715375219,31.804831718961253,-5.137724217723758,-1.5370844873188678,18.248033132819394,526.88,12.981103675405304,552.8422073508106,500.9177926491894,3267117.0
BEDC,2026-04-02,535.0,542.0,530.0,535.0,0.0,19914.0,10633278.3,0.08497262218616908,0.08155475366592607,513.92,527.935,522.2295477321369,525.7827514236313,53.72221905874227,-3.5532036914944456,-1.9403083281539835,20.437459337618005,527.935,12.725576194173803,553.3861523883476,502.4838476116523,3287031.0
BEDC,2026-04-05,366.1,370.0,354.2,358.0,-2.16,57202.0,20666016.9,-0.3308411214953271,-0.4017337604953062,481.12,519.9399999999999,496.9634634656543,513.3543994663253,21.81961339897923,-16.39093600067099,-4.830433862657385,31.891926527788147,519.9399999999999,40.11540457493346,600.1708091498668,439.70919085013304,3229829.0
BEDC,2026-04-06,424.0,465.0,424.0,448.0,4.14,12704.0,5710032.5,0.25139664804469275,0.22426024601428488,468.62,516.1949999999999,489.4306229324767,508.51333283919007,41.0040262675422,-19.082709906713376,-7.680889071468584,37.25678891866042,516.1949999999999,43.20195506053761,602.5989101210752,429.7910898789247,3242533.0
BEDC,2026-04-07,456.9,465.5,441.5,445.0,-0.67,13043.0,5884898.5,-0.006696428571428603,-0.006718950248744981,455.82,511.25,482.59514248132643,503.8086415177686,40.645986067258995,-21.21349903644216,-10.387411064463299,36.30987542447039,511.25,45.46477526034612,602.1795505206923,420.32044947930774,3229490.0
BEDC,2026-04-08,446.0,453.0,445.5,446.6,0.36,9183.0,4126485.6,0.0035955056179775013,0.003589057239817262,446.52,506.53000000000003,477.05742825343003,499.57096436830426,40.94217318208549,-22.513536114874228,-12.812636074545484,34.28774146557965,506.53000000000003,47.08495233981043,600.6999046796209,412.3600953203792,3238673.0
BEDC,2026-04-09,455.0,455.0,446.0,454.7,1.81,8728.0,3931305.2,0.018137035378414712,0.017974521424907398,430.46000000000004,503.21500000000003,473.61782390674847,496.2471892299113,42.50634937744523,-22.629365323162858,-14.77598192426896,32.48147421803825,503.21500000000003,48.33003070991347,599.875061419827,406.5549385801731,3247401.0
BEDC,2026-04-10,447.0,455.9,444.0,450.8,-0.86,13033.0,5839964.6,-0.008577083791510787,-0.00861407866534354,449.02,499.355,470.10738945955643,492.88073076843636,41.930508342938346,-22.773341308879935,-16.375453801191156,31.011368916749802,499.355,49.319094999595116,597.9931899991902,400.7168100008098,3234368.0
BEDC,2026-04-13,459.8,467.0,442.1,464.0,2.93,21661.0,9877968.8,0.02928127772848277,0.0288607700606341,452.21999999999997,495.555,469.16779108116316,490.74141737818184,44.66299745593782,-21.573626297018677,-17.41508830035666,30.57484256555339,495.555,48.94908713734201,593.453174274684,397.65682572531597,3256029.0
BEDC,2026-04-15,464.0,475.0,460.0,475.0,2.37,10726.0,5051282.3,0.0237068965517242,0.023430251808386003,458.21999999999997,492.70500000000004,470.0650539917535,489.57538646127944,46.90515542531054,-19.510332469525963,-17.834137134190524,29.462353810871008,492.70500000000004,48.371408203391304,589.4478164067826,395.96218359321745,3266755.0
BEDC,2026-04-16,465.5,470.0,427.5,438.0,-7.79,712762.0,311128051.4,-0.07789473684210524,-0.08109589365819506,456.5,487.68,465.1319687622529,485.75498746414763,40.90188843797287,-20.62301870189475,-18.39191344773137,30.750757110094508,487.68,48.583358641023246,584.8467172820465,390.51328271795353,2553993.0
BEDC,2026-04-17,442.0,442.0,410.0,427.6,-2.37,349240.0,146266574.6,-0.0237442922374429,-0.024030731225555945,451.08000000000004,482.38500000000005,459.3578197219063,481.44721061495153,39.3763646100847,-22.08939089304522,-19.131408936794138,30.83998874508776,482.38500000000005,49.09491639456855,580.5748327891372,384.19516721086296,2204753.0
BEDC,2026-04-20,425.0,431.0,406.0,416.0,-2.71,229272.0,94525516.3,-0.027128157156220856,-0.027502918889626967,444.12,476.31500000000005,452.6873859185361,476.5992690879181,37.6879188082686,-23.91188316938201,-20.087503783311714,30.422846691867203,476.31500000000005,49.43859854724863,575.1921970944973,377.4378029055028,1975481.0
BEDC,2026-04-21,435.0,435.0,402.0,404.0,-2.88,81215.0,33115801.5,-0.028846153846153855,-0.029270382300113224,432.12,469.81500000000005,445.197018854146,471.221545451776,35.96963280916553,-26.02452659763003,-21.274908346175376,30.606929071019547,469.81500000000005,49.99801338158859,569.8110267631772,369.8189732368229,1894266.0
BEDC,2026-04-22,404.1,406.3,393.6,399.9,-1.01,99682.0,39597068.7,-0.010148514851485158,-0.010200362108377402,417.1,463.16,438.2282467227389,465.9384680109037,35.376172830169736,-27.710221288164803,-22.56197093457326,29.327862708803863,463.16,50.003267261673805,563.1665345233477,363.1534654766524,1794584.0
BEDC,2026-04-23,380.0,408.0,380.0,395.0,-1.23,103390.0,40983156.9,-0.012253063265816433,-0.012328750951650787,408.5,456.16,431.5777472269329,460.6837666767627,34.6405799890955,-29.106019449829773,-23.870780637624563,29.23301537246073,456.16,49.21008026817575,554.5801605363515,357.73983946364854,1691194.0
BEDC,2026-04-24,414.7,414.7,385.0,386.9,-2.05,63573.0,24665092.0,-0.020506329113924138,-0.020719503194654678,400.36,448.95500000000004,424.7042476535586,455.21830247848396,33.40406443996024,-30.51405482492538,-25.199435475084726,29.266371417284965,448.95500000000004,48.21480963792536,545.3846192758508,352.52538072414933,1627621.0
BEDC,2026-04-27,406.0,406.0,386.0,387.0,0.03,36717.0,14284293.4,0.00025846471956580963,0.0002584313233145574,394.56,442.20500000000004,418.9035941683957,450.16509488748517,33.43565488564086,-31.26150071908944,-26.41184852388567,28.604487744621753,442.20500000000004,46.88187254882813,535.9687450976563,348.44125490234376,1664338.0
BEDC,2026-04-28,388.0,394.0,376.0,379.0,-2.07,82583.0,31500429.4,-0.02067183462532296,-0.02088848794735542,389.56,435.63,412.76457968095025,444.89360637730107,32.122859912830265,-32.12902669635082,-27.555284158378704,27.84702433429163,435.63,46.01277968931263,527.6555593786253,343.60444062137475,1581755.0
BEDC,2026-04-29,379.0,380.0,365.0,365.0,-3.69,85926.0,31744613.5,-0.03693931398416883,-0.03763885149993481,382.58000000000004,428.43,405.41618280695786,438.97556146046395,29.90965698764444,-33.55937865350609,-28.756103057404182,26.929379738985087,428.43,45.18673652627663,518.8034730525533,338.05652694744674,1495829.0
BEDC,2026-04-30,346.8,366.0,346.8,365.9,0.25,71340.0,25828440.7,0.002465753424657491,0.0024627184426695794,376.76000000000005,422.07,399.3367700674259,433.562556907837,30.24239144070242,-34.225786840411104,-29.85003981400557,26.377281186200438,422.07,44.55261939254831,511.1752387850966,332.9647612149034,1567169.0
BEDC,2026-05-01,539.0,547.0,530.0,532.0,0.0,24030.0,12925654.8,0.4539491664389179,0.3742834173164834,405.78000000000003,421.91999999999996,419.7464977493604,440.8542193591083,64.10760553827741,-21.107721609747898,-28.101576173154037,37.4289039586147,421.91999999999996,44.155676752532216,510.23135350506436,333.60864649493556,1591199.0
BEDC,2026-05-02,535.1,545.0,534.0,538.0,0.56,16212.0,8737246.0,0.011278195488721776,0.011215070820140003,435.98,430.91999999999996,437.9393442494588,448.05020311028545,64.77288726125056,-10.110858860826625,-24.503432710688557,35.68398224728508,430.91999999999996,48.565502159458795,528.0510043189175,333.7889956810824,1607411.0
BEDC,2026-05-04,470.0,483.5,430.2,430.2,-10.0,24011.0,10688545.8,-0.20037174721189588,-0.2236083433281547,446.21999999999997,430.03000000000003,436.74867590338823,446.7279658428569,47.6748954819749,-9.979289939468686,-21.598604156444583,40.83512637247901,430.03000000000003,48.398837524103925,526.8276750482079,333.2323249517922,1583400.0
BEDC,2026-05-05,358.0,363.0,345.0,357.0,-0.28,60577.0,21359663.8,-0.1701534170153417,-0.1865144350539906,444.62,425.63,424.47964884132847,440.0814498544972,39.96112730988703,-15.60180101316871,-20.39924352778941,44.00404591730194,425.63,50.90165026794726,527.4333005358945,323.82669946410545,1522823.0
BEDC,2026-05-06,362.0,365.0,360.0,361.0,-0.82,19261.0,6965920.6,0.011204481792717047,0.011142176553241803,443.64,421.35,414.7135490195856,434.22356468009,40.527402240269886,-19.510015660504394,-20.221397954332406,41.43232835178037,421.35,52.61554203045261,526.5810840609053,316.1189159390948,1542084.0
BEDC,2026-05-07,359.6,359.6,350.0,354.7,0.48,23449.0,8255312.7,-0.01745152354570645,-0.01760559655330485,408.17999999999995,416.35,405.4806953242648,428.3329302593426,39.889262119031976,-22.85223493507783,-20.747565350481494,39.258590612367485,416.35,54.01243034320336,524.3748606864067,308.3251393135933,1518635.0
BEDC,2026-05-08,356.7,360.0,352.0,360.0,1.49,28371.0,10125593.8,0.014942204680011395,0.014831669670579655,372.58000000000004,411.81000000000006,398.4836652743779,423.27123172161356,40.73471165243015,-24.787566447235633,-21.555565569832325,37.02583414005552,411.81000000000006,54.775041377393784,521.3600827547876,302.2599172452125,1547006.0
BEDC,2026-05-11,378.0,384.0,363.0,380.0,5.56,68460.0,25645885.3,0.05555555555555558,0.05406722127027579,362.54,407.61,395.6400244629352,420.06595529779037,43.939025746332064,-24.425930834855194,-22.1296386228369,36.095417415765844,407.61,53.77393126981702,515.157862539634,300.062137460366,1615466.0
BEDC,2026-05-12,399.0,399.0,364.0,368.5,-3.03,53780.0,20105073.6,-0.03026315789473688,-0.0307305410910402,364.84000000000003,402.28499999999997,391.46463608402206,416.24625490536147,42.51559777404426,-24.781618821339407,-22.660034662537402,36.01717331463971,402.28499999999997,51.99298814061345,506.27097628122687,298.29902371877307,1561686.0
BEDC,2026-05-13,386.9,386.9,358.5,360.2,-2.25,26901.0,9725156.2,-0.022523744911804644,-0.022781278887535623,364.68,398.395,386.65469207109555,412.0946804679273,41.47136261087528,-25.439988396831723,-23.21602540939627,35.47308950645116,398.395,52.09055349253265,502.5761069850653,294.2138930149347,1534785.0
BEDC,2026-05-14,377.0,377.0,355.0,361.9,0.47,9618.0,3455601.3,0.00471960022209883,0.004708497827841044,366.12,395.11,382.8462779063116,408.37655598882156,41.786737763288855,-25.530278082509938,-23.678875944019005,34.51072597027608,395.11,52.22331501905514,499.5566300381103,290.6633699618897,1544403.0
BEDC,2026-05-15,343.9,370.0,343.9,361.5,-0.11,11512.0,4184508.5,-0.0011052777010223114,-0.0011058889708773039,366.41999999999996,392.385,379.56223515149446,404.9042185081681,41.72976061512944,-25.341983356673666,-24.011497426549937,33.909959829542075,392.385,52.497090395568904,497.3791807911378,287.3908192088622,1532891.0
BEDC,2026-05-18,379.5,379.5,352.3,364.2,0.75,15477.0,5604262.0,0.007468879668049766,0.007441125694688175,363.26,390.395,377.19881435895684,401.88909121126676,42.30165267779641,-24.69027685230992,-24.147253311701935,33.43067698457478,390.395,52.7871742297164,495.9693484594328,284.82065154056716,1548368.0
BEDC,2026-05-19,367.0,369.9,364.0,366.0,0.49,14297.0,5244785.8,0.0049423393739704835,0.0049301661078588075,362.76,388.7,375.47591984219423,399.2306400104322,42.705367439507754,-23.754720168237952,-24.06874668300914,31.464200057105153,388.7,53.00970119754665,494.7194023950933,282.68059760490667,1562665.0
BEDC,2026-05-20,369.9,375.0,365.0,375.0,2.46,32988.0,12235440.2,0.024590163934426146,0.024292692569044483,365.71999999999997,387.7,375.40270140493357,397.4357777874372,44.785629593813994,-22.033076382503623,-23.661612622908038,29.931042910169072,387.7,53.07320664100149,493.84641328200297,281.553586717997,1595653.0
BEDC,2026-05-21,375.5,377.0,366.5,369.8,-1.39,27693.0,10247575.3,-0.013866666666666583,-0.013963707017386258,367.3,386.845,374.5407473426361,395.38868313651597,43.7961973674029,-20.847935793879856,-23.0988772571024,28.543111273728424,386.845,53.224296737096,493.293593474192,280.39640652580806,1567960.0
BEDC,2026-05-22,374.0,377.3,366.9,376.9,1.92,42044.0,15725238.1,0.019199567333693768,0.019017581320065154,370.38,386.34,374.90370928992286,394.0191510523296,45.564550000294425,-19.11544176240676,-22.302190158163274,27.247174754176395,386.34,53.27064363873188,492.88128727746374,279.7987127225362,1610004.0
BEDC,2026-05-25,395.7,395.7,377.3,381.1,1.11,46312.0,17678587.6,0.011143539400371605,0.011081907606724936,373.76,386.445,375.8569847837809,393.0621769003052,46.63420030722074,-17.2051921165243,-21.28279054983548,26.643805128878085,386.445,53.25748254817323,492.9599650963464,279.93003490365356,1656316.0
BEDC,2026-05-26,400.0,400.0,375.0,376.9,-1.1,27283.0,10287653.9,-0.01102072946733157,-0.011081907606724947,375.94,387.03999999999996,376.0174486631992,391.86497861139367,45.667804974195036,-15.847529948194449,-20.195738429507273,26.526390476815365,387.03999999999996,53.07143547294013,493.1828709458802,280.8971290541197,1629033.0
BEDC,2026-05-27,395.0,395.0,370.0,378.6,0.45,23336.0,8792011.5,0.004510480233483882,0.004500338502132927,376.65999999999997,387.675,376.4147642534763,390.88238760314226,46.15419701766132,-14.467623349665985,-19.050115413539014,26.417362585614267,387.675,52.88081808229882,493.43663616459764,281.9133638354024,1652369.0
BEDC,2026-06-01,380.0,380.0,366.0,368.9,-2.56,30421.0,11332929.7,-0.025620707871104154,-0.025954634172592615,376.48,379.52,375.2586466760184,389.2540625955021,43.74766530822762,-13.995415919483719,-18.039175514727955,25.53040811521325,379.52,40.60331332086286,460.7266266417257,298.31337335827425,1621948.0
BEDC,2026-06-02,387.3,387.3,365.3,370.0,0.3,13299.0,4903069.2,0.0029818378964490133,0.002977401035640292,375.1,371.12,374.4496241104771,387.827835736576,44.10359962669302,-13.378211626098903,-17.106982737002145,25.278236106983734,371.12,16.03855880126586,403.1971176025317,339.0428823974683,1635247.0
BEDC,2026-06-03,380.0,380.0,367.1,368.0,-0.54,24743.0,9156093.7,-0.00540540540540535,-0.005420067469339145,372.48,368.01,373.4573742473268,386.3591071634963,43.56386815664879,-12.901732916169465,-16.26593277283561,24.394076385056323,368.01,7.99117276160917,383.9923455232183,352.02765447678166,1610504.0
BEDC,2026-06-04,424.0,465.0,424.0,448.0,4.14,12704.0,5710032.5,0.21739130434782616,0.1967102942460543,386.7,372.56,384.92547051696886,390.9250992254595,63.045217351536,-5.999628708490661,-14.21267195996662,29.58021378612373,372.56,19.298824616529178,411.15764923305835,333.96235076694165,1623208.0
BEDC,2026-06-05,373.5,373.5,350.1,353.0,-1.12,30774.0,10898633.8,-0.2120535714285714,-0.23832517548168836,381.58000000000004,372.15999999999997,380.0138596682044,388.11583261616624,43.7374038867584,-8.101972947961826,-12.990532157565662,34.46019851568632,372.15999999999997,19.631081692603168,411.4221633852063,332.8978366147936,1592434.0
BEDC,2026-06-07,350.7,350.7,326.1,329.9,-1.23,21623.0,7112112.3,-0.06543909348441934,-0.06767847869876112,373.78,370.92,372.30403510386526,383.80354871867246,40.49023897061126,-11.4995136148072,-12.692328449013969,33.92018433599444,370.92,21.487465134243916,413.8949302684878,327.9450697315122,1570811.0
BEDC,2026-06-08,360.0,360.0,356.5,359.0,-0.55,17576.0,6295443.7,0.08820854804486222,0.08453281025374326,371.58,370.87,370.25726047250134,381.96624881358565,45.93561988895656,-11.708988341084307,-12.495660427428037,33.647314026280554,370.87,21.515358039771463,413.9007160795429,327.8392839204571,1588387.0
BEDC,2026-06-09,359.0,360.0,354.5,358.8,-0.06,12824.0,4570557.5,-0.0005571030640668662,-0.0005572583036378338,369.73999999999995,369.81,368.49460501519343,380.25023038294967,45.90453013410682,-11.755625367756238,-12.347653415493678,31.636791595831944,369.81,21.564051469751423,412.93810293950287,326.68189706049714,1575563.0
BEDC,2026-06-10,350.0,365.0,350.0,362.0,0.89,10057.0,3640064.3,0.008918617614269708,0.008879081641129924,352.53999999999996,369.485,367.495435012856,378.89836146569417,46.528118275064266,-11.402926452838187,-12.15870802296258,30.44844933898681,369.485,21.633703602933167,412.75240720586635,326.2175927941337,1585620.0
BEDC,2026-06-11,360.0,364.9,354.1,357.0,-1.38,8261.0,2960570.4,-0.013812154696132617,-0.013908430046132,353.34,369.325,365.8807527031858,377.2762606163835,45.64277098494208,-11.395507913197719,-12.00606800100961,29.04498867191632,369.325,21.717658955949474,412.76031791189894,325.88968208810104,1577359.0
BEDC,2026-06-12,355.0,362.8,355.0,359.0,0.56,5863.0,2109025.4,0.0056022408963585235,0.005586606708639776,359.16,369.17999999999995,364.8221753642341,375.9224635336885,46.084702379664385,-11.100288169454359,-11.82491203469856,27.527489481065157,369.17999999999995,21.77943501274313,412.7388700254862,325.6211299745137,1583222.0
BEDC,2026-06-15,360.0,368.0,358.4,363.0,1.11,45145.0,16387587.0,0.011142061281337101,0.011080445776571959,359.96000000000004,369.255,364.5418406928135,374.9652440126745,47.012568028114806,-10.423403319860995,-11.544610291731047,26.246954518131933,369.255,21.754164150694315,412.76332830138864,325.74667169861135,1628367.0
BEDC,2026-06-16,362.0,382.0,355.0,377.0,3.86,182697.0,67785493.0,0.038567493112947604,0.037842353183159934,363.6,369.895,366.4584805862268,375.1159666784023,50.2403426207904,-8.657486092175475,-10.967185451819933,26.30074348112251,369.895,21.785883285442672,413.46676657088534,326.3232334291146,1811064.0
BEDC,2026-06-17,385.0,388.0,374.6,375.0,-0.53,94723.0,36052195.9,-0.0053050397877983935,-0.005319161477599933,366.2,370.34499999999997,367.77256049603807,375.1073765540762,49.77387827749888,-7.334816058038143,-10.240711573063576,25.37926180389947,370.34499999999997,21.79414395031218,413.93328790062435,326.7567120993756,1716341.0
BEDC,2026-06-18,375.0,375.0,362.0,365.5,-2.53,67618.0,24703598.7,-0.02533333333333332,-0.025659746780577607,367.9,369.87,367.4229358043399,374.39571903155206,47.5170742696559,-6.972783227212176,-9.587125903893297,24.49502881790665,369.87,21.79087447825191,413.4517489565038,326.2882510434962,1648723.0
BEDC,2026-06-19,363.9,364.0,357.5,360.0,-1.5,54811.0,19723689.0,-0.015047879616963078,-0.015162247739677523,368.1,369.38,366.2809456805953,373.3293694736593,46.210726152437196,-7.048423793063989,-9.079385481727435,23.316812473770465,369.38,21.902429569644735,413.1848591392895,325.5751408607105,1593912.0
BEDC,2026-06-22,360.0,365.0,357.0,361.9,0.53,25876.0,9358600.5,0.005277777777777715,0.005263899119541004,367.88,368.63,365.6069540374268,372.48274951264756,46.755305497710076,-6.875795475220741,-8.638667480426097,22.22275443992972,368.63,21.888187152953627,412.40637430590726,324.8536256940927,1619788.0
BEDC,2026-06-23,379.9,379.9,350.0,351.0,-3.01,39263.0,13882750.0,-0.030118817352859817,-0.03058170710383085,362.68,367.125,363.35973033936114,370.89143473393295,44.002948029007214,-7.531704394571818,-8.417274863255242,22.77112912279188,367.125,22.0200596347152,411.1651192694304,323.0848807305696,1580525.0
BEDC,2026-06-24,359.0,359.0,342.0,346.0,-1.42,30077.0,10439535.7,-0.014245014245014231,-0.01434744840814154,356.88,365.58000000000004,360.68900259484406,369.0476247536416,42.75948022098825,-8.358622158797573,-8.40554432236371,22.358905614021033,365.58000000000004,22.379210277224004,410.338420554448,320.82157944555206,1550448.0
BEDC,2026-06-25,363.3,363.3,340.0,346.9,0.26,13260.0,4587200.9,0.0026011560693641744,0.002597778917979782,353.16,363.995,358.56761758025266,367.40705995707555,43.07132682770801,-8.839442376822888,-8.492323933255546,22.42612664159096,363.995,22.53059849231013,409.05619698462027,318.93380301537974,1563708.0
BEDC,2026-06-26,354.0,354.0,340.0,342.5,-1.27,21011.0,7250799.3,-0.012683770539060224,-0.01276489627342402,349.66,362.675,356.09567641405994,365.56209255284773,41.87033852620106,-9.466416138787793,-8.687142374361995,21.824260452905893,362.675,22.996633048765787,408.6682660975316,316.6817339024684,1542697.0
BEDC,2026-06-29,330.0,345.0,330.0,331.4,-3.24,38469.0,12875429.4,-0.032408759124087694,-0.03294555270981755,343.56,360.745,352.29634158112765,363.0315671785627,38.921852873855826,-10.735225597435033,-9.096759018976604,21.336813277698333,360.745,23.949540705421597,408.6440814108432,312.8459185891568,1504228.0
BEDC,2026-06-30,314.9,339.8,314.9,325.0,-1.93,41942.0,13784301.3,-0.01931200965600477,-0.019500922662724993,338.36,358.59499999999997,348.0969044148003,360.21441405422473,37.29127531447376,-12.11750963942444,-9.700909143066172,21.5913266150056,358.59499999999997,25.16330818767719,408.92161637535435,308.2683836246456,1462286.0
BEDC,2026-07-01,325.0,337.5,325.0,337.4,3.82,21748.0,7259219.7,0.03815384615384598,0.037443987782130275,336.64,353.065,346.4512268125233,358.5244574576155,42.332173566982675,-12.073230645092167,-10.175373443471372,20.9419461425052,353.065,14.281024399370276,381.62704879874053,324.50295120125946,1484034.0
BEDC,2026-07-02,338.0,340.0,330.1,340.0,0.77,18690.0,6229242.9,0.007705986959098965,0.00767644749833912,335.25999999999993,352.415,345.45873037982744,357.15227542371804,43.36027844263813,-11.693545043890595,-10.479007763555217,20.153235703754827,352.415,14.576920294212783,381.5688405884256,323.26115941157445,1502724.0
BEDC,2026-07-03,340.0,340.0,333.0,334.0,-1.76,21770.0,7313873.0,-0.01764705882352946,-0.017804624633506707,333.55999999999995,352.62,343.69584878293097,355.4372920589982,41.52064817406855,-11.74144327606723,-10.73149486605762,19.21371886777234,352.62,14.269201283317567,381.1584025666351,324.0815974333649,1480954.0
BEDC,2026-07-04,456.9,465.5,441.5,445.0,-0.67,13043.0,5884898.5,0.3323353293413174,0.2869332891895398,356.28000000000003,356.91999999999996,359.2811028163262,362.07156672129463,68.30849342642297,-2.7904639049684192,-9.14328867383978,27.234167520074315,356.91999999999996,25.123015239765724,407.1660304795314,306.6739695204685,1493997.0
BEDC,2026-07-05,359.6,359.6,350.0,354.7,0.48,23449.0,8255312.7,-0.20292134831460673,-0.22680192038666405,362.21999999999997,356.71500000000003,358.57631776766067,361.5255247419395,48.746017318993836,-2.949206974278809,-7.904472333927587,32.074584125783296,356.71500000000003,25.123595011790187,406.96219002358043,306.46780997641963,1470548.0
BEDC,2026-07-06,350.7,350.7,326.1,329.9,-1.23,21623.0,7112112.3,-0.06991824076684527,-0.07248278354504047,360.71999999999997,355.11,354.16457657263595,359.1828932795736,44.939514888118,-5.0183167069376395,-7.327241208529598,31.826399545370204,355.11,25.784836425200552,406.6796728504011,303.5403271495989,1448925.0
BEDC,2026-07-07,332.9,336.0,328.0,331.1,0.36,17683.0,5873320.0,0.0036374658987572417,0.0036308663186648917,358.93999999999994,353.815,350.6161801768458,357.1026789625682,45.16265499726969,-6.486498785722404,-7.159092723968159,30.12451386355805,353.815,26.32955663569458,406.4741132713892,301.1558867286108,1466608.0
BEDC,2026-07-08,321.6,325.0,320.0,323.0,0.31,14378.0,4631334.4,-0.024463908184838457,-0.02476812133054409,356.73999999999995,352.015,346.36753707271566,354.57655459497056,43.870257096743096,-8.209017522254896,-7.369077683625507,28.765620016161048,352.015,27.173463739089705,406.3619274781794,297.6680725218206,1452230.0
BEDC,2026-07-09,319.0,324.9,315.0,317.9,-1.0,9244.0,2937694.7,-0.015789473684210575,-0.015915455305899568,331.32,349.76,341.98791598460554,351.8597727731209,43.03521080065099,-9.871856788515345,-7.869633504603476,27.4180757292924,349.76,28.070407718349365,405.90081543669874,293.61918456330125,1442986.0
BEDC,2026-07-10,318.0,325.0,318.0,318.1,0.06,14329.0,4584155.9,0.0006291286568105292,0.0006289308383416158,324.0,346.815,338.3128519869739,349.3590488640008,43.080966204719154,-11.046196877026887,-8.504946179088158,25.96678460577152,346.815,28.151736882018092,403.1184737640362,290.5115262359638,1457315.0
BEDC,2026-07-13,315.0,320.0,310.1,310.1,-2.51,26916.0,8442380.2,-0.025149324111914506,-0.02547097264869518,320.04,343.57000000000005,333.9724132197471,346.4509711703711,41.640200414785205,-12.478557950623951,-9.299668533395318,24.819157133930695,343.57000000000005,28.470559124169128,400.51111824833833,286.62888175166177,1430399.0
BEDC,2026-07-14,306.0,314.0,303.1,309.0,-0.35,28196.0,8687502.1,-0.003547242824895269,-0.0035535492086578714,315.62,340.745,330.1305034936322,343.676825157751,41.43500731386783,-13.546321664118807,-10.148999159540015,23.82493162436422,340.745,28.97860326808619,398.7022065361724,282.7877934638276,1402203.0
BEDC,2026-07-15,315.0,315.0,310.0,312.0,0.97,13993.0,4380708.8,0.009708737864077666,0.00966191091173689,313.42,338.345,327.3411952638426,341.3303936645842,42.270534778966734,-13.9891984007416,-10.917039007780332,22.551722222623916,338.345,29.286021005191408,396.91704201038283,279.7729579896172,1416196.0
BEDC,2026-07-16,315.0,316.7,308.0,308.0,-1.28,11679.0,3632804.5,-0.012820512820512775,-0.012903404835907841,311.44,335.65,324.365626761713,338.8614756153558,41.421985690030745,-14.495848853642826,-11.632800976952831,21.56231349243649,335.65,29.48368862163577,394.6173772432715,276.68262275672845,1404517.0
BEDC,2026-07-17,317.0,331.0,315.0,330.0,7.14,41743.0,13674421.9,0.0714285714285714,0.06899287148695142,313.82000000000005,334.6,325.2324534137571,338.20507001421834,47.64684398495094,-12.972616600461208,-11.900764101654506,21.665005385833886,334.6,29.281501255745237,393.1630025114905,276.03699748850954,1446260.0
BEDC,2026-07-20,346.5,346.5,325.1,334.0,1.21,18469.0,6125551.8,0.0121212121212122,0.012048338516174574,318.6,334.0,326.5813067347176,337.8935833464985,48.71397046208483,-11.312276611780874,-11.78306660367978,21.646076429702894,334.0,29.15829754615677,392.31659509231355,275.68340490768645,1464729.0
BEDC,2026-07-21,334.0,343.0,330.0,334.5,0.15,39992.0,13342398.9,0.0014970059880239361,0.001495886591582708,323.7,333.38,327.79956723706874,337.6422068023134,48.85430894413518,-9.842639565244667,-11.394981195992758,21.02849954186697,333.38,29.0009727604674,391.3819455209348,275.3780544790652,1504721.0
BEDC,2026-07-22,330.0,335.0,327.1,330.1,-1.32,17694.0,5868292.5,-0.01315396113602385,-0.013241240709135745,327.32,332.76,328.1534799698274,337.08352481695687,47.61941652992796,-8.930044847129466,-10.901993926220099,20.09074957459076,332.76,28.928194223860125,390.6163884477202,274.90361155227976,1487027.0
BEDC,2026-07-23,340.0,340.0,325.0,330.0,-0.03,23206.0,7615549.3,-0.00030293850348384055,-0.0003029843986214573,331.71999999999997,332.68999999999994,328.43755997446937,336.55881927496006,47.589974094728696,-8.121259300490692,-10.345847001074219,19.727124604977135,332.68999999999994,28.933351726096408,390.5567034521928,274.8232965478071,1463821.0
BEDC,2026-07-24,313.5,339.5,313.5,334.0,1.21,32031.0,10684695.5,0.0121212121212122,0.012048338516174574,332.52,333.14,329.2933199783971,336.36927710644454,48.949642835937134,-7.075957128047435,-9.691869026468863,20.175187133193056,333.14,28.87738871414986,390.8947774282997,275.3852225717003,1495852.0
BEDC,2026-07-27,334.0,334.9,325.0,325.4,-2.57,18773.0,6167402.0,-0.02574850299401199,-0.02608579819176301,330.8,332.54,328.69434767402834,335.55673806152276,46.17595387598325,-6.862390387494429,-9.125973298673976,19.441245195107836,332.54,28.908865877383235,390.3577317547665,274.7222682452335,1477079.0
BEDC,2026-07-28,330.0,330.0,320.2,325.0,-0.12,11775.0,3824236.4,-0.0012292562999384193,-0.0012300124551998207,328.9,331.79,328.12598649340856,334.77475746437295,46.0452647572027,-6.648770970964392,-8.63053283313206,18.752584824028705,331.79,28.89971589735986,389.58943179471976,273.9905682052803,1465304.0
BEDC,2026-07-29,322.0,328.9,321.5,322.1,-0.89,11327.0,3658059.3,-0.008923076923076811,-0.00896312599258423,327.3,331.195,327.1989116482688,333.8358865410861,45.049770350122124,-6.636974892817307,-8.23182124506911,17.941685908026656,331.195,28.974225842266137,389.14345168453224,273.24654831546775,1453977.0
BEDC,2026-07-30,321.1,325.0,318.0,320.0,-0.65,11462.0,3678181.1,-0.006519714374418006,-0.006541060543381035,325.3,324.945,326.09138677930434,332.8110060565612,44.30282090287446,-6.719619277256868,-7.929380851506663,17.16013691459618,324.945,11.105023756496362,347.1550475129927,302.73495248700726,1442515.0
BEDC,2026-07-31,317.4,323.9,315.0,318.1,-0.59,25955.0,8272496.6,-0.005937499999999929,-0.005955197038673735,322.12,323.115,324.86194265941134,331.72130190422337,43.59847033258612,-6.859359244812026,-7.715376530167736,16.570127134982165,323.115,8.698534359349047,340.5120687186981,305.7179312813019,1416560.0
BEDC,2026-08-01,523.0,539.8,523.0,539.8,1.24,6117.0,3256324.2,0.6969506444514302,0.5288329018288057,365.0,333.61,357.929336096425,347.1345388002068,81.18575811421853,10.794797296218178,-4.013341764890553,31.22226091105486,333.61,49.279587959665655,432.16917591933134,235.0508240806687,1422677.0
BEDC,2026-08-02,540.0,549.9,538.0,540.0,0.37,16845.0,9131800.8,0.0003705075954056891,0.0003704389744157712,408.0,344.055,385.9402074662058,361.42086925945074,81.19793131311235,24.519338206755037,1.6931942294385651,29.842099417408082,344.055,67.49255300051273,479.0401060010255,209.06989399897455,1439522.0
BEDC,2026-08-03,324.9,325.5,320.0,325.0,2.17,18635.0,6029654.3,-0.39814814814814814,-0.5077439572285826,408.58000000000004,344.15500000000003,376.56479093294337,358.723027092084,46.424003789361954,17.841763840859358,4.922908151722724,43.424806601878934,344.15500000000003,67.46118942731496,479.07737885462996,209.2326211453701,1420887.0
BEDC,2026-08-04,446.0,453.0,445.5,446.6,0.36,9183.0,4126485.6,0.3741538461538463,0.3178381570763201,433.9,350.59000000000003,387.3394384817213,365.2324324926704,57.50798749783495,22.10700598905089,8.359727719188358,49.46589184460187,350.59000000000003,70.87672693524522,492.34345387049046,208.8365461295096,1430070.0
BEDC,2026-08-05,356.7,360.0,352.0,360.0,1.49,28371.0,10125593.8,-0.19390953873712502,-0.21555930795590192,442.28000000000003,352.685,383.1333710229949,364.8448449006208,49.63276090957579,18.288526122374094,10.345487399825506,52.6897567128446,352.685,70.48399053014315,493.65298106028627,211.7170189397137,1401699.0
BEDC,2026-08-06,360.0,360.0,356.5,359.0,-0.55,17576.0,6295443.7,-0.002777777777777768,-0.0027816429618768026,406.12,355.13,379.4205447117649,364.41189342650074,49.54838253360216,15.008651285264136,11.278120176913232,49.17620266192713,355.13,69.77358194075157,494.67716388150313,215.58283611849686,1384123.0
BEDC,2026-08-07,327.0,330.0,320.1,321.1,-3.02,21763.0,7076026.2,-0.10557103064066842,-0.11156978739281051,362.34000000000003,355.735,370.44815321764725,361.20360502453775,46.333384953860104,9.244548193109495,10.871405780152486,48.442188186075185,355.735,69.40402138357109,494.5430427671422,216.92695723285783,1362360.0
BEDC,2026-08-10,320.0,323.0,318.1,319.1,-1.21,13199.0,4216552.2,-0.006228589224540615,-0.006248067811270396,361.16,356.09000000000003,362.54843733800925,358.0848194671646,46.16316041298792,4.463617870844644,9.589848198290918,45.33203188706982,356.09000000000003,69.18636084024405,494.46272168048813,217.71727831951193,1349161.0
BEDC,2026-08-11,328.6,328.6,316.0,318.0,-0.34,14377.0,4580234.3,-0.0034471952366029734,-0.003453150504021018,335.44000000000005,356.59000000000003,355.6948315937001,355.115573580708,46.06292365428462,0.5792580129921134,7.787730161231157,42.99402960942197,356.59000000000003,68.8558746490441,494.3017492980882,218.87825070191184,1334784.0
BEDC,2026-08-12,323.0,325.0,315.2,316.0,-0.63,10321.0,3265859.9,-0.0062893081761006275,-0.006309169193264721,326.64000000000004,355.89,349.58793442543856,352.2181236858407,45.86791115992086,-2.630189260402119,5.704146276904503,40.623027494463265,355.89,69.21066924140216,494.31133848280433,217.46866151719567,1324463.0
BEDC,2026-08-13,314.0,324.0,312.5,319.0,0.95,22277.0,7056354.7,0.009493670886076,0.00944888919793251,318.64000000000004,355.14,344.8820983599865,349.75752193133394,46.23560103832497,-4.875423571347426,3.588232307254117,38.54281124485875,355.14,69.54085054654934,494.22170109309866,216.0582989069013,1346740.0
BEDC,2026-08-14,322.7,322.7,315.0,319.4,0.13,8965.0,2850534.8,0.0012539184952977678,0.0012531329960674502,318.3,354.385,340.9617755353732,347.508816603087,46.28798782141889,-6.547041067713792,1.5611776322605353,36.339753298797405,354.385,69.85797829582258,494.1009565916452,214.66904340835484,1355705.0
BEDC,2026-08-17,317.0,319.0,314.3,316.9,-0.78,8609.0,2714056.2,-0.007827175954915444,-0.007857969084036975,317.86,353.725,337.2599639145465,345.24149685471014,45.986394998254816,-7.981532940163618,-0.3473644822242954,34.108342348883305,353.725,70.16118941409613,494.0473788281923,213.40262117180777,1347096.0
BEDC,2026-08-18,315.0,316.0,308.0,313.5,-1.07,24233.0,7520623.1,-0.010728936573051406,-0.010786906623899646,316.96000000000004,352.9,333.6045848507701,342.89027486547235,45.5517037290533,-9.285690014702254,-2.1350295887198874,32.30774646682021,352.9,70.55077305705477,494.0015461141095,211.79845388589044,1322863.0
BEDC,2026-08-19,329.0,329.0,308.0,311.9,-0.51,9325.0,2910918.6,-0.005103668261563055,-0.005116736459217866,316.14,351.795,330.2654179506516,340.59469894951144,45.33453043287272,-10.329280998859815,-3.773879870747873,31.50005029061877,351.795,71.03379088412149,493.862581768243,209.72741823175704,1313538.0
BEDC,2026-08-20,310.0,312.9,305.0,307.0,-1.57,17068.0,5229091.8,-0.015710163513946718,-0.015834876026560363,313.73999999999995,350.875,326.6861228813206,338.10620273102916,44.63272618444659,-11.420079849708543,-5.303119866540007,29.81433241271743,350.875,71.51119069584512,493.89738139169026,207.85261860830977,1296470.0
BEDC,2026-08-21,307.2,312.0,306.1,308.0,0.33,16674.0,5137787.9,0.0032573289902280145,0.003252035386377316,311.46,350.025,323.8113347457328,335.87611363984183,44.82046475738655,-12.064778894109054,-6.655451672053817,28.106165811809042,350.025,71.93471363894122,493.8944272778824,206.15557272211754,1313144.0
BEDC,2026-08-24,312.0,312.0,299.0,302.0,-1.95,22965.0,6941729.8,-0.01948051948051943,-0.01967276559870478,308.48,349.02000000000004,320.4557447848508,333.36677188874245,43.85951619129559,-12.911027103891627,-7.906566758421381,27.027153968108397,349.02000000000004,72.48370125324114,493.98740250648234,204.05259749351777,1290179.0
BEDC,2026-08-25,304.0,305.0,298.0,298.0,-1.32,13742.0,4130918.2,-0.013245033112582738,-0.013333530869465144,305.38,347.92,317.0010148179507,330.7470110080949,43.194630517586525,-13.745996190144183,-9.074452644765941,25.59664297038637,347.92,73.1114981237249,494.1429962474498,201.69700375255022,1276437.0
BEDC,2026-08-26,300.0,300.0,280.4,288.5,-3.19,33606.0,9665059.6,-0.03187919463087252,-0.03239840055725024,300.7,346.44,312.6162433074968,327.61760278527305,41.582350502776976,-15.001359477776248,-10.259834011368003,25.16831132964449,346.44,74.04061047830912,494.5212209566182,198.35877904338176,1242831.0
BEDC,2026-08-27,285.0,295.0,282.1,289.0,0.17,12811.0,3687990.0,0.0017331022530329143,0.0017316021642778939,297.1,333.9,308.9829751063434,324.75703961599356,41.705680302819225,-15.774064509650145,-11.362680111024432,24.292003377527024,333.9,59.34930496645043,452.59860993290084,215.2013900670991,1255642.0
BEDC,2026-08-31,285.0,289.0,272.7,278.0,-3.81,23583.0,6551442.1,-0.03806228373702425,-0.03880557442179512,291.1,320.8,304.21636355152134,321.29355519999405,39.718992883804965,-17.077191648472706,-12.505582418514088,23.721145993417952,320.8,35.64433962593781,392.08867925187565,249.51132074812438,1232059.0
BEDC,2026-09-02,549.5,549.5,531.2,532.0,-1.48,14026.0,7507513.1,0.9136690647482015,0.6490223756510074,337.1,331.15,339.2599999282104,336.90143999999447,72.4059844591116,2.358559928215925,-9.532753949168086,41.41963556531667,331.15,59.19868864124315,449.5473772824863,212.75262271751367,1246085.0
BEDC,2026-09-03,533.3,543.9,533.3,543.9,4.02,20.0,10772.0,0.022368421052631593,0.022121917087270692,386.28000000000003,336.015,370.74307686233186,352.23466666666155,73.14081172610423,18.508410195670308,-3.9245211202004078,39.31109016779405,336.015,71.83523014144532,479.68546028289063,192.34453971710934,1246105.0
BEDC,2026-09-04,455.0,455.0,446.0,454.7,1.81,8728.0,3931305.2,-0.16400073542930682,-0.17912754559795013,419.52,340.75,383.65952657581926,359.82469135801995,60.19980606403427,23.83483521779931,1.627350147399535,43.4960122986659,340.75,76.47089229518488,493.69178459036976,187.80821540963024,1237377.0
BEDC,2026-09-06,359.0,360.0,354.5,358.8,-0.06,12824.0,4570557.5,-0.2109082911809984,-0.23687273064632375,433.48,340.74,379.8349840256932,359.74878829446294,49.96435526143656,20.086195731230248,5.319119264165678,47.54629713447548,340.74,76.46839319545985,493.6767863909197,187.8032136090803,1224553.0
