Symbol,Date,Open,High,Low,Close,Percent Change,Volume,Turnover,Daily_Return,Log_Return,SMA_5,SMA_20,EMA_12,EMA_26,RSI_14,MACD,MACD_Signal,ATR_14,BB_Middle,BB_Std,BB_Upper,BB_Lower,OBV
CHDC,2021-06-09,416.0,457.0,416.0,457.0,0.00 %,261.0,116377.0,,,,,457.0,457.0,,0.0,0.0,41.0,,,,,0.0
CHDC,2021-06-10,479.0,502.0,479.0,502.0,9.85 %,590.0,295490.0,0.09846827133479219,0.09391672879752455,,,463.9230769230769,460.3333333333333,99.99999999777778,3.589743589743591,0.7179487179487183,41.285714285714285,,,,,590.0
CHDC,2021-06-13,527.0,552.0,527.0,552.0,9.96 %,1281.0,705911.0,0.09960159362549792,0.09494792658536604,,,477.4733727810651,467.12345679012344,99.99999999779527,10.349915990941668,2.644342172547308,41.90816326530612,,,,,1871.0
CHDC,2021-06-14,579.0,607.0,579.0,607.0,9.96 %,1780.0,1077600.0,0.0996376811594204,0.09498074478240305,,,497.4005461993628,477.48468221307724,99.99999999782825,19.915863986285558,6.098646535294958,42.8432944606414,,,,,3651.0
CHDC,2021-06-15,637.0,667.0,637.0,667.0,9.88 %,3300.0,2199900.0,0.098846787479407,0.09426125485612553,557.0,,523.4927698609993,491.5228539009974,99.99999999787427,31.969915960001856,11.272900420236338,44.06877342773844,,,,,6951.0
CHDC,2021-06-16,700.0,733.0,700.0,733.0,9.90 %,28761.0,21060729.0,0.09895052473763122,0.09435565597102781,612.2,,555.7246514208455,509.41004990833096,99.99999999793374,46.314601512514514,18.281240638691976,45.635289611471414,,,,,35712.0
CHDC,2021-06-17,769.0,806.0,680.0,685.0,-6.55 %,139756.0,102121340.0,-0.06548431105047747,-0.06772686362442619,648.8,,575.6131665868693,522.4167128780842,92.911546363002,53.19645370878504,25.26428325271059,51.37562606779488,,,,,-104044.0
CHDC,2021-06-20,700.0,700.0,619.0,635.0,-7.30 %,66666.0,42432744.0,-0.07299270072992703,-0.07579383936953367,665.4,,584.7496024965817,530.7562156278558,86.06762848187866,53.993386868725906,31.010103975913655,53.49165277723811,,,,,-170710.0
CHDC,2021-06-21,623.0,635.0,593.0,612.0,-3.62 %,30308.0,18343968.0,-0.03622047244094484,-0.03689271638036552,666.4,,588.9419713432615,536.7742737294961,83.03756166984508,52.16769761376531,35.24162270348399,52.670820436006814,,,,,-201018.0
CHDC,2021-06-22,601.0,645.0,590.0,638.0,4.25 %,24901.0,15317442.0,0.042483660130719025,0.041606000832463866,660.6,,596.4893603673751,544.2724756754594,83.73467795742084,52.21688469191565,38.636675101170326,52.83719040486347,,,,,-176117.0
CHDC,2021-06-23,635.0,635.0,599.0,610.0,-4.39 %,21451.0,13049725.0,-0.043887147335423204,-0.044879326177432954,636.0,,598.5679203108558,549.141181180981,79.92516163962647,49.42673912987482,40.79468790691122,51.848819661658936,,,,,-197568.0
CHDC,2021-06-24,598.0,605.0,588.0,588.0,-3.61 %,20819.0,12393797.0,-0.0360655737704918,-0.036732009268730006,616.6,,596.942086416878,552.019612204612,76.96242820775288,44.922474212266025,41.62024516798219,49.716761114397585,,,,,-218387.0
CHDC,2021-06-27,588.0,610.0,573.0,574.0,-2.38 %,15787.0,9164421.0,-0.023809523809523836,-0.02409755157906053,604.4,,593.4125346604353,553.6477890783444,75.05572576938948,39.76474558209088,41.24914525080393,48.80842103479776,,,,,-234174.0
CHDC,2021-06-28,570.0,600.0,563.0,592.0,3.14 %,18982.0,11084026.0,0.03135888501742157,0.03087723856443923,600.4,,593.1952216357529,556.4886935910597,75.88301307646294,36.70652804469319,40.34062180958178,47.96496238945507,,,,,-215192.0
CHDC,2021-06-29,600.0,605.0,577.0,585.0,-1.18 %,14902.0,8803154.0,-0.011824324324324342,-0.011894787652149207,589.8,,591.9344183071755,558.6006422139442,74.84345316350709,33.333776093231336,38.939252666311695,46.53889364735114,,,,,-230094.0
CHDC,2021-06-30,580.0,590.0,560.0,578.0,-1.20 %,9389.0,5324284.0,-0.011965811965811923,-0.01203797855947898,583.4,,589.7906616445331,560.0376316795779,73.7553176658414,29.753029964955203,37.1020081260404,45.35754410111178,,,,,-239483.0
CHDC,2021-07-01,567.0,590.0,567.0,579.0,0.17 %,14450.0,8400640.0,0.0017301038062282892,0.001728608900617689,581.6,,588.1305598530664,561.4422515551647,73.81388922757561,26.6883082979017,35.019268160412665,43.760576665318084,,,,,-225033.0
CHDC,2021-07-04,590.0,625.0,581.0,621.0,7.25 %,41720.0,25388266.0,0.07253886010362698,0.07002860436048355,591.0,,593.1873967987485,565.8539366251525,76.2148514498988,27.333460173595995,33.482106563049335,43.92053547493822,,,,,-183313.0
CHDC,2021-07-05,625.0,669.0,620.0,654.0,5.31 %,51282.0,33328063.0,0.0531400966183575,0.05177626952371995,603.4,,602.5431819066333,572.383274652919,77.92730580852891,30.159907253714323,32.81766670118233,44.28335436958549,,,,,-132031.0
CHDC,2021-07-06,663.0,663.0,630.0,643.0,-1.68 %,26520.0,17217690.0,-0.016819571865443472,-0.016962627219579363,615.0,605.6,608.7673077671512,577.6141431971473,75.96401569046687,31.153164570003923,32.48476627494665,43.47740048604366,605.6,61.27367426468513,728.1473485293702,483.05265147062977,-158551.0
CHDC,2021-07-07,635.0,645.0,625.0,635.0,-1.24 %,21037.0,13344093.0,-0.01244167962674958,-0.012519725344927709,626.4,614.5,612.8031065722049,581.8649474047661,74.49407923511241,30.938159167438812,32.175444853445086,41.80044330846912,614.5,50.5407599967851,715.5815199935702,513.4184800064298,-179588.0
CHDC,2021-07-08,623.0,636.0,617.0,623.0,-1.89 %,18339.0,11462081.0,-0.018897637795275646,-0.01907848010523856,635.2,620.55,614.3718594072502,584.9119883377464,72.23609528500052,29.459871069503833,31.632330096656837,40.17184021500704,620.55,43.05256884566273,706.6551376913254,534.4448623086745,-197927.0
CHDC,2021-07-11,610.0,644.0,610.0,635.0,1.93 %,30632.0,19366527.0,0.019261637239165408,0.01907848010523858,638.0,624.7,617.5454194984425,588.6222114238393,73.11373105565454,28.923208074603167,31.090505692246104,39.73099448536368,624.7,39.988287758976874,704.6765755179538,544.7234244820463,-167295.0
CHDC,2021-07-12,635.0,645.0,616.0,620.0,-2.36 %,20503.0,12839503.0,-0.023622047244094446,-0.023905520853554366,631.2,625.35,617.9230472679128,590.9464920591104,70.12952132766979,26.976555208802438,30.26771559555737,38.964494879266276,625.35,39.79060322818895,704.9312064563779,545.7687935436221,-187798.0
CHDC,2021-07-13,613.0,620.0,608.0,610.0,-1.61 %,15988.0,9810703.0,-0.016129032258064502,-0.01626052087178029,624.6,622.5,616.7041169190031,592.3578630176949,68.13296705042904,24.346253901308273,29.08342325670755,37.038459530747254,622.5,38.6761180221485,699.852236044297,545.147763955703,-203786.0
CHDC,2021-07-14,610.0,628.0,604.0,620.0,1.64 %,10935.0,6746705.0,0.016393442622950838,0.016260520871780326,621.6,616.85,617.2111758545411,594.4054287200879,69.08092997610633,22.805747134453213,27.827888032256688,36.10714099283674,616.85,28.634309564061915,674.1186191281239,559.5813808718761,-192851.0
CHDC,2021-07-15,620.0,630.0,611.0,619.0,-0.16 %,12077.0,7453652.0,-0.001612903225806428,-0.0016142053545411135,620.8,613.55,617.4863795692271,596.2272488148963,68.86033098950658,21.25913075433084,26.514136576671522,34.885202350491255,613.55,23.75416860923131,661.0583372184626,566.0416627815373,-204928.0
CHDC,2021-07-18,620.0,626.0,614.0,620.1,0.18 %,12597.0,7791193.0,0.001777059773828693,0.001775482671236104,617.8199999999999,612.8050000000001,617.8884750201152,597.9956007545335,68.97768472332288,19.892874265581668,25.189884114453555,33.25054503974188,612.8050000000001,23.27484467696493,659.3546893539299,566.2553106460703,-192331.0
CHDC,2021-07-19,625.0,644.0,620.0,642.0,3.53 %,28160.0,17844606.0,0.03531688437348812,0.03470754833412888,622.22,614.3050000000001,621.5979404016359,601.2551858838273,71.29693347434983,20.342754517808658,24.22045819512458,32.58979182261746,614.3050000000001,24.169739127133436,662.6444782542669,565.9655217457332,-164171.0
CHDC,2021-07-20,631.4,700.0,630.0,690.0,7.48 %,85932.0,59293080.0,0.07476635514018692,0.0721032939013439,638.22,616.905,632.1213341859997,607.8288758183586,75.60224680442609,24.292458367641075,24.234858229627882,35.26194954957336,616.905,29.138895600933576,675.1827912018671,558.6272087981329,-78239.0
CHDC,2021-07-22,700.0,759.0,690.0,759.0,10.00 %,105781.0,78166684.5,0.10000000000000009,0.09531017980432493,666.02,624.355,651.641128926615,619.0267368688505,80.19990152611942,32.61439205776446,25.9107649952552,37.671810296032405,624.355,43.02122456599644,710.3974491319929,538.3125508680072,27542.0
CHDC,2021-07-25,760.0,810.0,758.0,806.0,6.19 %,106809.0,84892159.0,0.06192358366271411,0.06008196511099838,703.42,635.255,675.3886475532896,632.8766082118987,82.6045696542862,42.51203934139096,29.231019864482356,38.69525241774438,635.255,58.24752513378166,751.7500502675633,518.7599497324367,134351.0
CHDC,2021-07-26,822.1,840.0,777.0,836.0,3.72 %,87376.0,70532485.6,0.037220843672456594,0.036544870578073346,746.6,648.355,700.098086391245,647.9227853813877,83.94489157365018,52.17530100985732,33.819876093557355,40.43130581647692,648.355,71.6632804381567,791.6815608763134,505.0284391236866,221727.0
CHDC,2021-07-27,836.0,850.0,805.0,827.0,-1.08 %,54095.0,44868020.5,-0.010765550239234423,-0.01082391806101028,783.6,660.105,719.621457715669,661.1877642420257,81.90599328003998,58.4336934736433,38.74263956957455,40.757641115300004,660.105,80.64013285155096,821.3852657031019,498.8247342968981,167632.0
CHDC,2021-07-28,816.0,830.0,785.0,817.0,-1.21 %,48150.0,38921256.0,-0.01209189842805325,-0.012165600163688476,809.0,671.705,734.6027719132584,672.7294113352089,79.59277243873197,61.87336057804953,43.36878377126955,41.06066674992143,671.705,85.7897888353914,843.2845776707828,500.12542232921726,119482.0
CHDC,2021-07-29,817.0,818.0,787.0,800.0,-2.08 %,51189.0,41059604.5,-0.020807833537331732,-0.021027367192075617,817.2,682.8050000000001,744.6638839266033,682.1568623474155,75.67972969378008,62.50702157918772,47.19643133285319,40.342047696355614,682.8050000000001,87.37476737413499,857.55453474827,508.0554652517301,68293.0
CHDC,2021-08-01,800.0,880.0,800.0,877.0,9.63 %,78768.0,65684547.0,0.09624999999999995,0.0918952647042557,831.4,697.705,765.0232863994335,696.589687358718,80.38387446370302,68.43359904071542,51.44386487442564,43.17475857518736,697.705,93.90607555592865,885.5171511118574,509.89284888814274,147061.0
CHDC,2021-08-02,890.0,894.5,844.0,845.0,-3.65 %,78313.0,67466456.0,-0.036488027366020526,-0.03717036501500919,833.2,708.905,777.327396184136,707.5830438506649,73.97962360704881,69.74435233347106,55.103962366234725,43.69799010553112,708.905,97.56294311069672,904.0308862213934,513.7791137786065,68748.0
CHDC,2021-08-03,845.0,912.8,835.0,912.8,8.02 %,65324.0,56854735.8,0.08023668639053239,0.07718017119069188,850.36,721.845,798.1693352327304,722.7842998617268,77.9821851176304,75.3850353710036,59.160176967188505,46.133847955136034,721.845,106.63804236269232,935.1210847253847,508.5689152746154,134072.0
CHDC,2021-08-04,931.0,1000.0,913.0,975.0,6.81 %,91969.0,89763361.7,0.06814198071866784,0.0659206724499813,881.96,738.4449999999999,825.3740528892334,741.4669443164137,80.8868851175365,83.90710857281977,64.10956328831476,49.06714452976918,738.4449999999999,118.85893662568864,976.1628732513773,500.72712674862265,226041.0
CHDC,2021-08-05,975.0,992.0,937.0,941.0,-3.49 %,59129.0,56473288.0,-0.034871794871794926,-0.0354943314124676,910.1600000000001,753.745,843.1626601370438,756.247170663346,75.05785332842436,86.91548947369779,68.67074852539137,49.490919920499955,753.745,124.40751151378532,1002.5600230275707,504.92997697242936,166912.0
CHDC,2021-08-08,925.0,955.0,908.0,940.0,-0.11 %,58440.0,54918125.0,-0.0010626992561104665,-0.0010632643213300003,922.76,769.595,858.0607124236524,769.85849135495,74.88691870459249,88.20222106870233,72.57704303405356,49.312997069035674,769.595,127.03906765450665,1023.6731353090133,515.5168646909867,108472.0
CHDC,2021-08-09,926.0,970.0,926.0,949.0,0.96 %,46679.0,44545092.0,0.009574468085106425,0.009528923345878326,943.5600000000001,785.295,872.0513720507828,783.1282327360649,75.42926813216474,88.9231393147179,75.84626229018643,48.93349727839028,785.295,128.91860130779384,1043.1322026155876,527.4577973844123,155151.0
CHDC,2021-08-10,949.0,970.0,930.1,935.0,-1.48 %,29357.0,27671512.8,-0.01475237091675452,-0.014862269321240908,948.0,801.045,881.7357763506623,794.3779932741342,72.79563818983733,87.35778307652811,78.14856644745477,48.28824747279098,801.045,126.88743654370039,1054.8198730874008,547.2701269125992,125794.0
CHDC,2021-08-11,940.0,1028.5,932.0,1009.0,7.91 %,67588.0,66611564.0,0.07914438502673793,0.07616849106492192,954.8,820.9950000000001,901.3148876813295,810.2759196982724,77.30602507112587,91.03896798305709,80.72664675457524,51.731944081877344,820.9950000000001,126.63562513223361,1074.2662502644673,567.7237497355329,193382.0
CHDC,2021-08-12,1009.0,1085.0,991.0,1050.0,4.06 %,62758.0,66066316.0,0.04063429137760166,0.039830422797960174,976.6,842.4950000000001,924.1895203457403,828.0332589798818,79.3489577209954,96.15626136585854,83.8125696768319,54.751090933171824,842.4950000000001,127.21600972982519,1096.9270194596504,588.0629805403497,256140.0
CHDC,2021-08-15,1050.0,1060.8,990.0,1030.0,-1.90 %,88109.0,89168384.8,-0.01904761904761909,-0.019231361927887644,994.6,863.0450000000001,940.4680556771649,842.9937583147054,75.76594503724588,97.47429736245954,86.54491521395744,55.89744158080241,863.0450000000001,122.31460933958289,1107.6742186791657,618.4157813208343,168031.0
CHDC,2021-08-16,1010.0,1049.0,990.0,1038.0,0.78 %,59174.0,59814463.3,0.007766990291262044,0.007736982502152401,1012.4,883.9400000000002,955.4729701883704,857.4386651062086,76.22833812978595,98.03430508216172,88.8427931875983,56.11905289645938,883.9400000000002,114.04324387566439,1112.026487751329,655.8535122486714,227205.0
CHDC,2021-08-17,1038.0,1141.8,1023.4,1141.8,10.00 %,70567.0,78415315.3,0.09999999999999987,0.09531017980432474,1053.76,908.9300000000001,984.1386670824672,878.5024676909339,81.23206676773192,105.6361993915333,92.2014744283853,60.56769197528371,908.9300000000001,112.99235698418796,1134.914713968376,682.9452860316242,297772.0
CHDC,2021-08-18,1164.6,1255.9,1164.6,1238.0,8.43 %,88969.0,109698032.9,0.08425293396391664,0.08089120971438263,1099.56,936.3300000000002,1023.1942567620877,905.1319145286425,84.49041057807217,118.06234223344518,97.37364798939727,64.39142826276345,936.3300000000002,123.10023771835648,1182.530475436713,690.1295245632872,386741.0
CHDC,2021-08-19,1238.0,1326.0,1197.0,1315.0,6.22 %,104850.0,137877750.0,0.06219709208400648,0.06033949136732353,1152.56,964.1300000000001,1068.0874480294588,935.4925134524467,86.50931110665425,132.59493457701205,104.41790530692023,69.00632624399464,964.1300000000001,142.23922436293205,1248.6084487258643,679.651551274136,491591.0
CHDC,2021-08-24,1320.0,1415.0,1301.0,1364.0,3.73 %,96331.0,130980058.5,0.03726235741444861,0.03658489379154243,1219.3600000000001,992.0300000000001,1113.6124560249266,967.2338087522655,87.61422362353491,146.37864727266106,112.81005370006841,72.2201600837093,992.0300000000001,162.82548972830784,1317.6809794566157,666.3790205433844,587922.0
CHDC,2021-08-25,1364.0,1364.0,1275.0,1350.0,-1.03 %,71923.0,94442287.1,-0.01026392961876832,-0.010316966970932267,1281.76,1017.7300000000001,1149.97977048263,995.5868599558014,85.46056838264231,154.3929105268287,121.12662506542047,73.41872007773007,1017.7300000000001,176.86123344231484,1371.4524668846298,664.0075331153705,515999.0
CHDC,2021-08-26,1323.0,1404.0,1300.0,1330.0,-1.48 %,48706.0,65183408.7,-0.014814814814814836,-0.014925650216675706,1319.4,1042.88,1177.6751904083792,1020.358203662779,82.34646401337211,157.31698674560016,128.36469740145643,75.60309721503508,1042.88,183.9339400866236,1410.7478801732473,675.012119826753,467293.0
CHDC,2021-08-29,1303.4,1330.0,1260.0,1260.0,-5.26 %,54903.0,70702190.0,-0.052631578947368474,-0.05406722127027582,1323.8,1065.0300000000002,1190.340545730167,1038.1094478359064,72.4022154727296,152.23109789426053,133.13797750001726,75.20287598538972,1065.0300000000002,181.96429117592845,1428.958582351857,701.1014176481433,412390.0
CHDC,2021-08-31,1285.2,1285.2,1221.1,1224.0,-2.86 %,47528.0,59588804.0,-0.02857142857142858,-0.028987536873252298,1305.6,1086.23,1195.5189233101412,1051.87911836658,67.8633094184818,143.6398049435611,135.23834298872603,74.40981341500475,1086.23,173.9859071727852,1434.2018143455705,738.2581856544296,364862.0
CHDC,2021-09-01,1200.0,1247.0,1190.0,1206.0,-1.47 %,41831.0,51000053.8,-0.014705882352941124,-0.014815085785140587,1274.0,1102.68,1197.1313966470425,1063.2954799690556,65.64730349056285,133.83591667798692,134.95785772657823,73.16625531393298,1102.68,168.63327261124704,1439.946545222494,765.413454777506,323031.0
CHDC,2021-09-02,1190.0,1210.0,1153.0,1180.0,-2.16 %,38383.0,45443664.1,-0.021558872305140975,-0.02179465982742032,1240.0,1119.43,1194.4957971628821,1071.9402592306071,62.47393662948356,122.555537932275,132.4773937677176,72.0115227915092,1119.43,157.99310144833348,1435.416202896667,803.443797103333,284648.0
CHDC,2021-09-05,1160.0,1160.0,1062.0,1062.0,-10.00 %,52972.0,58110220.0,-0.09999999999999998,-0.10536051565782628,1186.4,1126.8899999999999,1174.1118283685926,1071.2039437320436,50.53448062491374,102.90788463654894,126.56349194148387,75.29641402068711,1126.8899999999999,151.09491579450187,1429.0798315890036,824.7001684109962,231676.0
CHDC,2021-09-06,1050.0,1168.2,1017.0,1160.0,9.23 %,50341.0,56031694.8,0.09227871939736354,0.08826608229852625,1166.4,1136.1399999999999,1171.9407778503476,1077.7814293815218,57.755302377248434,94.15934846882578,120.08266324695227,80.71809873349517,1136.1399999999999,146.9117615584633,1429.9635231169264,842.3164768830733,282017.0
CHDC,2021-09-07,1182.0,1183.0,1088.8,1109.0,-4.40 %,75336.0,83599653.5,-0.043965517241379315,-0.0449612967500433,1143.4,1144.54,1162.2575812579864,1080.0939160940015,53.3875981814447,82.16366516398489,112.4988636303588,81.68109168110266,1144.54,139.7975995577375,1424.135199115475,864.944800884525,206681.0
CHDC,2021-09-08,1087.0,1100.0,1070.1,1080.0,-2.61 %,10209.0,11081086.5,-0.026149684400360695,-0.026497667232101667,1118.2,1151.54,1149.6025687567578,1080.0869593462976,51.02465157168431,69.51560941046023,103.9022127863791,78.62529941816676,1151.54,132.32193755343445,1416.183875106869,886.8961248931311,196472.0
CHDC,2021-09-09,1089.9,1122.0,1060.0,1098.0,1.67 %,21737.0,23889270.2,0.016666666666666607,0.016529301951210506,1101.8,1158.99,1141.663712024949,1081.4138512465718,52.43195586059629,60.2498607783773,95.17174238477874,77.43777803115485,1158.99,124.2677156702215,1407.525431340443,910.454568659557,218209.0
CHDC,2021-09-12,1119.0,1155.0,1100.0,1139.0,3.73 %,43308.0,48712789.0,0.0373406193078325,0.036660341377706275,1117.2,1169.19,1141.253910174957,1085.6794918949738,55.564091597112046,55.57441827998309,87.25227756381962,75.97793674321522,1169.19,112.75360141290048,1394.697202825801,943.6827971741991,261517.0
CHDC,2021-09-13,1139.0,1157.0,1109.5,1120.0,-1.67 %,36653.0,41536110.9,-0.01668129938542584,-0.01682199915804194,1109.2,1174.74,1137.9840778403482,1088.2217517546055,53.79629586566154,49.76232608574264,79.75428726820422,73.94379840441414,1174.74,107.04079104420292,1388.8215820884059,960.6584179115941,224864.0
CHDC,2021-09-14,1108.6,1142.0,1107.0,1129.0,0.80 %,32044.0,36065628.1,0.008035714285714368,0.008003599860521873,1113.2,1178.69,1136.6019120187561,1091.242362735746,54.53419389350868,45.35954928301021,72.87533967116542,71.16209851838455,1178.69,103.59763205991412,1385.8852641198282,971.4947358801718,256908.0
CHDC,2021-09-15,1113.0,1119.0,1093.0,1100.0,-2.57 %,13973.0,15427111.0,-0.025686448184233823,-0.026022105363200092,1117.2,1182.19,1130.9708486312552,1091.8910766071722,51.67065120154277,39.07977202408301,66.11622614174894,68.65052005278565,1182.19,99.40753916130086,1381.0050783226018,983.3749216773983,242935.0
CHDC,2021-09-16,1078.0,1100.0,1021.0,1035.0,-5.91 %,29509.0,31022274.0,-0.05909090909090908,-0.06090875308699246,1104.6,1182.04,1116.206102687985,1087.6769227844188,45.85828919529482,28.529179903566273,58.59881689411241,69.38976862044382,1182.04,99.63855943517092,1381.3171188703418,982.7628811296581,213426.0
CHDC,2021-09-20,1015.0,1018.0,931.5,960.0,-7.25 %,48667.0,46169578.0,-0.07246376811594202,-0.07522342123758752,1068.8,1172.95,1092.1743945821413,1078.219372948536,40.234376319979624,13.955021633605384,49.67005784201101,71.82621371898354,1172.95,111.13267320024235,1395.2153464004848,950.6846535995153,164759.0
CHDC,2021-09-21,940.8,980.0,905.2,950.0,-1.04 %,22974.0,21898832.9,-0.01041666666666663,-0.010471299867295366,1034.8,1158.55,1070.3014108002733,1068.7216416190147,39.53813414712012,1.579769181258598,40.052000109860536,72.03862702477043,1158.55,120.52231721705607,1399.594634434112,917.5053655658878,141785.0
CHDC,2021-09-22,967.5,1035.0,967.5,1024.0,7.79 %,19431.0,19701795.4,0.07789473684210524,0.07500982100486656,1013.8,1144.0,1063.1781168310004,1065.4089274250136,46.8656212460435,-2.230810594013292,31.595437969085776,72.96443938014397,1144.0,118.18362162775722,1380.3672432555145,907.6327567444855,161216.0
CHDC,2021-09-23,1044.0,1044.4,980.0,1015.0,-0.88 %,23233.0,23385790.4,-0.0087890625,-0.008827914123565388,996.8,1126.55,1055.7660988570003,1061.6749328009384,46.13333008012108,-5.908833943938134,24.094583586480994,72.35269371013369,1126.55,109.43177398678581,1345.4135479735717,907.6864520264284,137983.0
CHDC,2021-09-26,994.7,1035.3,955.0,960.0,-5.42 %,15730.0,15281727.1,-0.054187192118226646,-0.055710607014005833,981.8,1107.05,1041.0328528790003,1054.1434562971654,41.831639520450366,-13.110603418165056,16.653546185551786,72.92035844512414,1107.05,102.01520784461088,1311.0804156892218,903.0195843107782,122253.0
CHDC,2021-09-27,960.0,980.0,905.1,922.0,-3.96 %,18953.0,17674938.0,-0.039583333333333304,-0.04038806090528806,974.2,1086.65,1022.720106282231,1044.355052127005,39.11768189326994,-21.634945844773938,8.995847779486642,73.06176141332955,1086.65,95.68274056539902,1278.0154811307982,895.2845188692021,103300.0
CHDC,2021-09-28,903.6,915.0,845.9,870.0,-5.64 %,28135.0,24535322.0,-0.05639913232104121,-0.05805201190796442,958.2,1067.15,999.2247053157339,1031.4398630805601,35.704025597587844,-32.215157764826245,0.7536466706240645,73.27877845523459,1067.15,98.20240912469976,1263.5548182493997,870.7451817506005,75165.0
CHDC,2021-09-29,852.7,917.4,852.7,906.5,4.20 %,22115.0,19587058.5,0.04195402298850581,0.04109781854627641,934.7,1051.275,984.9593660363902,1022.185058407926,39.682909522554745,-37.22569237153584,-6.8422211378079165,72.66600856557497,1051.275,97.16961229022037,1245.6142245804408,856.9357754195594,97280.0
CHDC,2021-09-30,920.0,920.0,862.4,864.1,-4.68 %,13440.0,11884372.8,-0.04677330391616108,-0.04790252734755217,904.5199999999999,1034.1799999999998,966.3656174154071,1010.475054081413,36.83153063038194,-44.10943666600588,-14.295664243447508,71.58986509660534,1034.1799999999998,98.58114797892273,1231.3422959578452,837.0177040421544,83840.0
CHDC,2021-10-03,869.0,869.0,785.0,829.0,-4.06 %,17166.0,14090686.1,-0.04062029857655369,-0.041468347712058685,878.3199999999999,1016.6299999999999,945.2324455053445,997.0324574827898,34.614194198704325,-51.800011977445365,-21.796533790247082,72.47630330399068,1016.6299999999999,102.42376420384262,1221.4775284076852,811.7824715923147,66674.0
CHDC,2021-10-04,812.5,828.0,775.0,800.0,-3.50 %,11095.0,8856603.0,-0.0349819059107358,-0.03560842746736765,853.9199999999998,1003.53,922.8889923506761,982.4374606322128,32.85432673606395,-59.54846828153677,-29.34692068850502,71.15656735370564,1003.53,112.56807110179635,1228.6661422035927,778.3938577964072,55579.0
CHDC,2021-10-05,784.0,830.0,784.0,830.0,3.75 %,12010.0,9826091.0,0.03750000000000009,0.0368139731227164,845.9199999999998,987.03,908.5983781428798,971.1457968816786,36.453676927959755,-62.5474187387988,-35.98702029856378,69.35966968558381,987.03,112.61126474455627,1212.2525294891125,761.8074705108875,67589.0
CHDC,2021-10-06,844.9,913.0,829.1,908.0,9.40 %,10083.0,8875409.0,0.09397590361445785,0.0898186778106497,846.2199999999999,976.9799999999999,908.5063199670521,966.4683304459987,44.7468568831295,-57.96201047894658,-40.38201833464034,70.39826470804212,976.9799999999999,110.09413484067125,1197.1682696813423,756.7917303186574,77672.0
CHDC,2021-10-10,926.1,926.1,860.0,860.0,-5.29 %,11906.0,10573632.0,-0.052863436123347984,-0.05431198935373984,845.4,965.9799999999999,901.0438092028903,958.5817874499988,41.18481440502648,-57.537978247108526,-43.81321031713398,70.09124580032483,965.9799999999999,110.24968122641634,1186.4793624528327,745.4806375471672,65766.0
CHDC,2021-10-11,860.0,877.2,825.2,831.0,-3.37 %,8577.0,7155464.0,-0.03372093023255818,-0.034302594392105264,845.8,952.6299999999999,890.2678385562917,949.1312846759248,39.156737129964554,-58.86344611963307,-46.823257477633796,68.79901395744447,952.6299999999999,109.58551623467923,1171.8010324693582,733.4589675306414,57189.0
CHDC,2021-10-17,823.0,847.5,800.3,820.0,-1.32 %,8851.0,7157873.0,-0.013237063778580027,-0.013325454597149396,849.8,936.68,879.4574018553238,939.56600432956,38.38461858133062,-60.108602474236136,-49.48032647695427,67.25622724619845,936.68,104.11016735827728,1144.9003347165544,728.4596652834454,48338.0
CHDC,2021-10-18,804.0,804.0,759.1,779.0,-5.00 %,25182.0,19433063.2,-0.050000000000000044,-0.05129329438755058,839.6,919.6299999999999,864.0024169545047,927.6722262310741,35.56929329197756,-63.66980927656937,-52.31822303687729,66.80221101432713,919.6299999999999,100.36310970408277,1120.3562194081655,718.9037805918343,23156.0
CHDC,2021-10-19,760.0,760.0,708.0,735.9,-5.53 %,16941.0,12422438.3,-0.05532734274711171,-0.05691680593819498,805.18,899.975,844.2943528076579,913.4668761398834,32.84230612788936,-69.17252333222552,-55.68908309594694,67.10205308473233,899.975,95.58045866675582,1091.1359173335118,708.8140826664884,6215.0
CHDC,2021-10-20,750.6,809.4,741.5,809.4,9.99 %,84960.0,64151764.3,0.0998777007745617,0.09519899250921184,795.06,885.4449999999999,838.925990837249,905.7582186480402,41.13105300083629,-66.83222781079121,-57.917712038915795,67.55904929296574,885.4449999999999,85.08456149774291,1055.6141229954858,715.2758770045141,91175.0
CHDC,2021-10-21,825.0,825.5,766.1,790.0,-2.40 %,10993.0,8770167.5,-0.02396837163330856,-0.024260286980697956,786.8599999999999,873.1949999999999,831.398915323826,897.1835357852224,39.736975291341295,-65.78462046139634,-59.49109372341191,66.9762600577539,873.1949999999999,79.89798413239896,1032.9909682647979,713.399031735202,80182.0
CHDC,2021-10-24,774.2,858.8,774.2,835.0,5.70 %,25013.0,20821632.0,0.05696202531645578,0.05539877938978838,789.8599999999999,866.9449999999999,831.9529283509297,892.57734794928,44.44097451883602,-60.6244195983503,-59.71775889839959,68.23509862505719,866.9449999999999,77.6064869440016,1022.1579738880032,711.7320261119967,105195.0
CHDC,2021-10-25,850.0,882.0,840.0,881.9,5.62 %,43356.0,37502401.4,0.05616766467065859,0.054646946043279535,810.4399999999999,863.54,839.6370932200175,891.7864332863704,48.91648047621636,-52.14934006635292,-58.20407513199026,66.71830586612454,863.54,75.22814702797864,1013.9962940559573,713.0837059440427,148551.0
CHDC,2021-10-26,899.5,916.0,880.0,900.0,2.05 %,43299.0,38798300.8,0.02052386891937874,0.02031609243017577,843.26,857.3399999999999,848.9236942630918,892.3948456355281,50.571323920555514,-43.47115137243634,-55.257490380079474,64.52414116140136,857.3399999999999,65.83045527797351,989.0009105559469,725.6790894440529,191850.0
CHDC,2021-10-27,900.0,920.0,869.2,910.0,1.11 %,34115.0,30841025.2,0.011111111111111072,0.011049836186584935,863.3799999999999,852.0899999999999,858.3200489918469,893.6989311440075,51.50601919523788,-35.3788821521606,-51.28176873449571,63.54384536415841,852.0899999999999,56.056587011415736,964.2031740228314,739.9768259771685,225965.0
CHDC,2021-10-28,905.0,949.0,887.0,949.0,4.29 %,27491.0,25164776.3,0.04285714285714293,0.04196419909903221,895.18,851.54,872.2708106854088,897.7953066148217,55.0741187564715,-25.524495929412865,-46.13031417347914,63.43357069528995,851.54,54.985839325373504,961.511678650747,741.568321349253,253456.0
CHDC,2021-10-31,930.1,979.0,920.0,974.0,2.63 %,20249.0,19378008.8,0.026343519494204326,0.026002505032607138,922.9799999999999,854.14,887.921455195346,903.4400987174275,57.24576153482356,-15.518643522081561,-40.00798004319963,63.11688707419781,854.14,59.53417771154211,973.2083554230842,735.0716445769158,273705.0
CHDC,2021-11-01,990.0,990.0,930.0,930.0,-4.52 %,32439.0,30732309.5,-0.045174537987679675,-0.04622671749523348,932.6,857.14,894.395077472985,905.4074988124329,52.441118969736955,-11.012421339447883,-34.20886830244928,62.89425228318368,857.14,61.84243475836079,980.8248695167216,733.4551304832784,241266.0
CHDC,2021-11-02,912.0,945.0,894.0,943.6,1.46 %,21303.0,19654192.0,0.014623655913978517,0.014517761386218365,941.32,858.9949999999999,901.9650655540643,908.2365729744749,53.73368741705818,-6.271507420410671,-28.62139612604156,62.04466283438485,858.9949999999999,63.92238282726792,986.8397656545358,731.150234345464,262569.0
CHDC,2021-11-03,962.0,975.0,935.0,942.0,-0.17 %,14059.0,13373756.2,-0.0016956337431115465,-0.0016970729571569648,947.72,862.89,908.1242862380543,910.7375675689582,53.5492956852103,-2.613281330903874,-23.419773167014025,60.47004406050022,862.89,66.56840486533983,996.0268097306796,729.7531902693204,248510.0
CHDC,2021-11-08,935.0,960.0,925.0,935.0,-0.74 %,7419.0,6979087.9,-0.007430997876857748,-0.007458745287676058,944.9200000000001,868.1899999999999,912.2590114321997,912.5347847860724,52.69728357416546,-0.275773353872637,-18.790973204385747,58.65075519903592,868.1899999999999,67.93387574461083,1004.0577514892216,732.3222485107783,241091.0
CHDC,2021-11-09,937.0,937.0,863.1,875.4,-6.37 %,28640.0,25588817.0,-0.06374331550802137,-0.06586560453189201,925.2,871.96,906.5883942887845,909.784059987104,45.988090561244874,-3.1956656983195444,-15.671911703172507,59.73998697053335,871.96,66.01557551461876,1003.9911510292376,739.9288489707625,212451.0
CHDC,2021-11-11,857.9,889.0,843.0,850.0,-2.90 %,15791.0,13562511.0,-0.02901530728809687,-0.029444575272432823,909.2,872.96,897.8824874751253,905.3556110991703,43.44924418105664,-7.473123624045002,-14.032154087347006,58.75855932978097,872.96,65.4959492520039,1003.9518985040079,741.9681014959922,196660.0
CHDC,2021-11-14,845.0,868.0,819.0,850.0,0.00 %,18176.0,15293965.3,0.0,0.0,890.4799999999999,870.0600000000001,890.5159509404907,901.2551954621947,43.449244180954935,-10.739244521703995,-13.373572174218404,58.06151937765376,870.0600000000001,65.14592041999587,1000.3518408399918,739.7681591600083,196660.0
CHDC,2021-11-15,850.0,879.0,850.0,868.8,2.21 %,15253.0,13247333.0,0.022117647058823575,0.021876599695308897,875.8399999999999,870.5,887.1750354111845,898.8511069094395,46.00791628042232,-11.676071498255055,-13.034072039025734,55.98569656496421,870.5,65.10410287014429,1000.7082057402886,740.2917942597114,211913.0
CHDC,2021-11-16,886.1,907.0,869.0,907.0,4.40 %,20374.0,18125294.2,0.04396869244935542,0.0430295009354656,870.24,874.3,890.2250299633099,899.4547286198515,50.8719435400301,-9.229698656541586,-12.273197362528904,54.71528966746677,874.3,64.89487044849025,1004.0897408969804,744.5102591030195,232287.0
CHDC,2021-11-17,912.0,965.0,905.0,923.0,1.76 %,22227.0,20739693.1,0.01764057331863289,0.01748678438771559,879.76,879.45,895.2673330458776,901.1988227961588,52.79033882457908,-5.931489750281116,-11.004855840079347,55.09276897693343,879.45,64.44430071571003,1008.3386014314201,750.56139856858,254514.0
CHDC,2021-11-18,905.1,926.0,892.0,906.0,-1.84 %,21455.0,19413613.9,-0.018418201516793076,-0.018589928459872836,890.96,885.8,896.918512577281,901.5544655519989,50.532500075026846,-4.6359529747178385,-9.731075267007046,53.586142621438185,885.8,60.138673081470834,1006.0773461629416,765.5226538370583,233059.0
CHDC,2021-11-21,898.0,910.0,888.1,900.0,-0.66 %,11221.0,10081606.5,-0.0066225165562914245,-0.006644542718668613,900.96,894.0049999999999,897.3925875653916,901.4393199555544,49.72416214262714,-4.046732390162788,-8.594206691638195,51.322846719906885,894.0049999999999,48.72140429874876,991.4478085974974,796.5621914025023,221838.0
CHDC,2021-11-22,886.0,918.0,886.0,903.1,0.34 %,15065.0,13631864.6,0.003444444444444361,0.003438525932442248,907.8199999999999,898.6900000000002,898.2706510168698,901.56233329218,50.167697508490086,-3.2916822753102224,-7.533701808372601,49.942643382770676,898.6900000000002,44.477941309799014,987.6458826195982,809.7341173804022,236903.0
CHDC,2021-11-23,885.2,900.0,875.0,885.0,-2.00 %,17337.0,15283631.0,-0.020042077289336713,-0.02024564424882355,903.4199999999998,903.4400000000002,896.2290123988898,900.3354937890556,47.53107394343387,-4.106481390165754,-6.848257724731232,48.382454569715634,903.4400000000002,36.64201499860411,976.7240299972084,830.155970002792,219566.0
CHDC,2021-11-24,875.0,890.0,860.0,881.0,-0.45 %,9812.0,8601767.0,-0.004519774011299438,-0.004530019071750011,895.0199999999999,905.7400000000001,893.8860874144452,898.9032349898663,46.94389672564316,-5.017147575421063,-6.482035694869198,47.06942210045024,905.7400000000001,33.42220188658138,972.5844037731629,838.8955962268374,209754.0
CHDC,2021-11-25,880.0,897.0,872.0,884.0,0.34 %,5221.0,4622634.2,0.0034052213393871433,0.0033994367014640097,890.6199999999999,905.845,892.365150889146,897.7992916572837,47.46805326866062,-5.434140768137695,-6.272456709522898,45.49303480756094,905.845,33.34657679898436,972.5381535979687,839.1518464020313,214975.0
CHDC,2021-11-28,866.4,875.0,837.0,849.0,-3.96 %,15499.0,13200346.9,-0.039592760180995445,-0.04039787632629609,880.4199999999998,903.2950000000001,885.6935892138928,894.1845293122997,42.22669092545434,-8.490940098406895,-6.716153387299698,45.60067517844944,903.2950000000001,35.68504736249053,974.6650947249811,831.924905275019,199476.0
CHDC,2021-11-29,833.4,856.0,833.1,844.0,-0.59 %,10753.0,9064043.8,-0.005889281507656108,-0.005906691715390244,868.6,899.9950000000001,879.2791908732938,890.4671567706478,41.521347143499945,-11.187965897353934,-7.6105158893105465,43.97919837998877,899.9950000000001,38.00842669724746,976.011853394495,823.9781466055052,188723.0
CHDC,2021-11-30,845.0,845.5,822.0,840.0,-0.47 %,7415.0,6179290.0,-0.004739336492891044,-0.004750602758597865,859.6,894.5450000000001,873.2362384312487,886.7288488617108,40.9322939065431,-13.49261043046215,-8.786934797540868,42.51639849570386,894.5450000000001,38.42424501877934,971.3934900375588,817.6965099624414,181308.0
CHDC,2021-12-01,835.0,850.0,833.1,845.0,0.60 %,9396.0,7911656.0,0.005952380952380931,0.0059347355198145265,852.4,888.095,868.8922017495181,883.6378230201027,42.039203502457745,-14.745621270584593,-9.978672092149614,40.68665574601073,888.095,35.06504444750199,958.225088895004,817.9649111049961,190704.0
CHDC,2021-12-02,830.0,840.0,810.0,810.0,-4.14 %,8739.0,7169797.0,-0.041420118343195256,-0.04230237969068939,837.6,882.095,859.831863018823,878.1831694630581,36.835512634332694,-18.351306444235092,-11.65319896256671,40.28046604986711,882.095,37.685952639091035,957.4669052781821,806.7230947218179,181965.0
CHDC,2021-12-05,793.9,800.7,768.0,775.0,-4.32 %,13786.0,10762578.2,-0.043209876543209846,-0.044171218313137424,822.8,873.6650000000002,846.7808071697733,870.5399717250538,32.50277726093387,-23.75916455528045,-14.074392081109458,40.403289903448034,873.6650000000002,41.832727995900115,957.3304559918004,789.9995440082,168179.0
CHDC,2021-12-06,759.5,791.0,728.1,780.0,0.65 %,34305.0,25857723.7,0.006451612903225712,0.006430890330290331,810.0,865.5650000000002,836.5068368359621,863.8333071528275,33.702495527013326,-27.326470316865425,-16.724807728260654,42.01019776748746,865.5650000000002,43.553249621946605,952.6714992438933,778.458500756107,202484.0
CHDC,2021-12-07,775.0,805.0,755.6,759.0,-2.69 %,8393.0,6578305.6,-0.02692307692307694,-0.027292142288007512,793.8,856.765,824.582708091968,856.0678769933587,31.194614315204745,-31.485168901390693,-19.676879962886662,42.5380407840955,856.765,46.46838512138636,949.7017702427727,763.8282297572273,194091.0
CHDC,2021-12-08,745.1,759.0,728.0,736.0,-3.03 %,12682.0,9366789.0,-0.030303030303030276,-0.03077165866675366,772.0,849.7950000000001,810.9545991547423,847.1739601790358,28.67762533940885,-36.21936102429356,-22.985376175168042,41.71389501380297,849.7950000000001,53.455446032432654,956.7058920648653,742.8841079351348,181409.0
CHDC,2021-12-09,736.0,744.0,713.1,728.0,-1.09 %,12346.0,8930753.5,-0.010869565217391353,-0.010929070532190317,755.6,843.695,798.1923531309358,838.3462594250332,27.836307396890646,-40.153906294097396,-26.419082198953916,40.94147394138847,843.695,59.99210013782955,963.6792002756591,723.710799724341,169063.0
CHDC,2021-12-12,726.1,726.1,685.0,686.0,-5.77 %,13190.0,9234730.8,-0.05769230769230771,-0.059423420470800764,737.8,835.4950000000001,780.9319911107918,827.0613513194751,23.87604986613347,-46.12936020868324,-30.361137800899783,41.08851151700358,835.4950000000001,69.53422084427962,974.5634416885594,696.4265583114409,155873.0
CHDC,2021-12-13,686.0,686.0,645.0,657.0,-4.23 %,23675.0,15622769.5,-0.042274052478134094,-0.043193609241274696,713.2,824.9050000000001,761.8655309399009,814.4642141846991,21.591845489350533,-52.59868324479828,-34.80864688967949,41.08218926578904,824.9050000000001,79.59550023647523,984.0960004729505,665.7139995270496,132198.0
CHDC,2021-12-14,670.0,722.0,668.0,722.0,9.89 %,9173.0,6395681.5,0.09893455098934556,0.09434112040821577,705.8,815.655,755.7323723337622,807.6150131339807,36.30147956175536,-51.882640800218496,-38.22344567178729,42.79060431823268,815.655,80.29944926729924,976.2538985345984,655.0561014654015,141371.0
CHDC,2021-12-15,736.4,780.0,687.0,705.0,-2.35 %,16144.0,11755459.8,-0.023545706371191133,-0.023827336080557572,699.6,804.755,747.9273919747219,800.0139010499821,34.47958629245635,-52.08650907526021,-40.996058352481874,46.3769897240732,804.755,79.75535273242582,964.2657054648516,645.2442945351484,125227.0
CHDC,2021-12-16,691.0,700.0,678.0,700.0,-0.71 %,15936.0,11027554.0,-0.007092198581560294,-0.0071174677688639896,694.0,794.455,740.553947055534,792.6054639351686,33.94005466393446,-52.05151687963462,-43.20715005791242,44.99291902949654,794.455,79.29248637000111,953.0399727400022,635.8700272599979,109291.0
CHDC,2021-12-20,700.0,700.0,667.0,673.0,-3.86 %,9717.0,6621271.0,-0.03857142857142859,-0.03933500539867689,691.4,783.105,730.1610321239134,783.7457999399709,31.109172662070492,-53.58476781605748,-45.28267360954143,44.136281955961074,783.105,79.63528360429693,942.3755672085939,623.8344327914061,99574.0
CHDC,2021-12-21,686.0,717.0,676.0,715.0,6.24 %,11766.0,8278808.0,0.06240713224368499,0.06053721304927985,703.0,773.7,727.8285656433113,778.653518462936,39.55495943496571,-50.82495281962463,-46.39112945155807,44.12654753053529,773.7,75.72950478338541,925.1590095667709,622.2409904332292,111340.0
CHDC,2021-12-22,727.0,771.1,718.0,762.0,6.57 %,28654.0,21561863.7,0.06573426573426566,0.06366401299263855,711.0,767.55,733.0857093904942,777.4199245027185,47.33581464616845,-44.33421511222423,-45.97974658369131,44.98179413549706,767.55,71.0659256569112,909.6818513138223,625.4181486861776,139994.0
CHDC,2021-12-23,777.0,784.0,750.0,776.5,1.90 %,25353.0,19600419.0,0.019028871391076008,0.01885008690209538,725.3,762.325,739.7648310227258,777.3517819469615,49.49579130973728,-37.58695092423568,-44.30118745180019,44.19738026867584,762.325,65.94261360814892,894.2102272162979,630.4397727837022,165347.0
CHDC,2021-12-26,780.0,818.0,770.0,815.0,4.96 %,24733.0,19790442.6,0.04958145524790725,0.04839147065212092,748.3,758.875,751.3394724038449,780.1405388397792,54.797037764000024,-28.80106643593433,-41.20116324862702,44.46899596377043,758.875,60.850090818597124,880.5751816371942,637.1748183628058,190080.0
CHDC,2021-12-27,831.0,845.0,769.0,776.1,-4.77 %,24589.0,19802332.3,-0.047730061349693265,-0.04890673538076958,768.92,755.23,755.1487843417149,779.8412396664622,49.17994010262771,-24.692455324747357,-37.89942166385109,46.72121053778683,755.23,57.24389280227046,869.717785604541,640.7422143954591,165491.0
CHDC,2021-12-28,761.0,790.0,742.0,788.0,1.53 %,13658.0,10552936.3,0.015333075634583082,0.015216711997785898,783.52,752.4300000000001,760.2028175199126,780.4455922837612,50.84009263469799,-20.242774763848615,-34.3680922838506,46.812552642230635,752.4300000000001,53.948007133573945,860.3260142671479,644.5339857328522,179149.0
CHDC,2021-12-29,772.4,809.0,764.0,802.0,1.78 %,6859.0,5467371.7,0.017766497461928932,0.01761051800863537,791.52,750.53,766.6331532860798,782.0422150775566,52.79387821353903,-15.409061791476802,-30.576286185375842,46.68308459635702,750.53,51.30601790905375,853.1420358181075,647.9179641818924,186008.0
CHDC,2022-01-02,802.0,832.8,796.0,828.0,3.24 %,17980.0,14736102.5,0.032418952618453956,0.03190454651874528,801.8199999999999,749.6800000000001,776.0742066266829,785.4464954421821,56.2698541803089,-9.372288815499246,-26.335486711400524,45.97714998233152,749.6800000000001,49.77655969165381,849.2331193833077,650.1268806166925,203988.0
CHDC,2022-01-03,844.5,850.0,826.0,849.0,2.54 %,26109.0,21892419.1,0.0253623188405796,0.025046031926087516,808.62,751.63,787.293559453347,790.154162446465,58.90211286820974,-2.8606029931179364,-21.64050996774401,44.40735355502213,751.63,52.92811510360998,857.4862302072199,645.7737697927801,230097.0
CHDC,2022-01-04,840.0,872.0,826.0,867.0,2.12 %,19380.0,16604632.4,0.021201413427561766,0.020979790469194466,826.8,756.23,799.5560887682167,795.8464467096898,61.065433440410146,3.7096420585269243,-16.570479562489822,44.52111401537769,756.23,58.74440712460201,873.718814249204,638.741185750796,249477.0
CHDC,2022-01-05,850.0,880.0,835.0,847.0,-2.31 %,18875.0,16152537.0,-0.023068050749711633,-0.02333828212848744,838.6,759.58,806.8551520346448,799.6355988052683,57.447075835266524,7.2195532293765154,-11.812473004116555,44.55532015713643,759.58,61.99190609307455,883.5638121861491,635.596187813851,230602.0
CHDC,2022-01-06,850.0,861.9,839.0,850.0,0.35 %,29177.0,24720185.8,0.0035419126328217754,0.003535654832307797,848.2,764.13,813.4928209523916,803.3662951900632,57.85052070592166,10.12652576232847,-7.424673250827549,43.008511574483826,764.13,65.20345567206459,894.5369113441292,633.7230886558708,259779.0
CHDC,2022-01-09,850.0,885.5,850.0,868.0,2.12 %,34160.0,29589970.5,0.021176470588235352,0.02095536517598809,856.2,770.73,821.8785408058699,808.1539770278363,60.28362288943001,13.724563778033598,-3.1948258450553197,42.472189319163554,770.73,68.78831066547919,908.3066213309584,633.1533786690417,293939.0
CHDC,2022-01-10,882.0,885.0,853.0,861.0,-0.81 %,25815.0,22377701.6,-0.008064516129032251,-0.008097210232619362,858.6,777.38,827.897226835736,812.0684972479964,58.86062830687334,15.82872958773953,0.6098852415036502,41.72417579636616,777.38,70.83827838259823,919.0565567651964,635.7034432348036,268124.0
CHDC,2022-01-11,845.0,910.0,845.0,892.0,3.60 %,38386.0,33720954.4,0.03600464576074325,0.035371628152278504,863.6,787.6800000000001,837.7591919379304,817.9893493037005,63.02337089754384,19.769842634229917,4.441876720048904,43.38673466805429,787.6800000000001,71.82171347382182,931.3234269476437,644.0365730523564,306510.0
CHDC,2022-01-12,876.0,905.0,860.1,872.0,-2.24 %,26804.0,23680827.3,-0.022421524663677084,-0.0226767086710297,868.6,798.4300000000001,843.0270085628642,821.9901382441672,58.88366293103109,21.036870318697083,7.76087543977854,43.49482504890755,798.4300000000001,67.17226949771508,932.7745389954302,664.0854610045699,279706.0
CHDC,2022-01-13,870.0,890.0,861.1,882.0,1.15 %,13996.0,12314332.5,0.011467889908256979,0.01140263209781177,875.0,806.4300000000001,849.0228533993467,826.4353131890437,60.28822852266739,22.58754021030302,10.726208393883436,42.45233754541415,806.4300000000001,67.1183408928626,940.6666817857252,672.1933182142749,293702.0
CHDC,2022-01-16,882.0,918.0,891.0,899.9,2.03 %,60258.0,54323966.6,0.020294784580498826,0.020091590033111506,881.3799999999999,816.175,856.8501067225241,831.877141841707,62.74173892315668,24.972964880817017,13.575559691270152,41.991456292170284,816.175,65.75146886492143,947.6779377298428,684.6720622701571,353960.0
CHDC,2022-01-17,905.0,975.0,890.0,972.0,8.01 %,75519.0,70423687.6,0.080120013334815,0.07707215842053625,903.5799999999999,829.775,874.5654749190588,842.2566128163954,70.61652429647117,32.3088621026634,17.322220173548804,45.06349512844383,829.775,68.52869452779778,966.8323890555955,692.7176109444044,429479.0
CHDC,2022-01-18,988.0,990.0,943.0,975.0,0.31 %,32723.0,31601846.0,0.0030864197530864335,0.0030816665374081144,920.18,844.875,890.0169403161267,852.0894563114772,70.8921985588033,37.9274840046495,21.443272939768942,45.20181690498356,844.875,65.365030687992,975.605061375984,714.144938624016,462202.0
CHDC,2022-01-19,975.0,993.0,930.0,940.0,-3.59 %,31953.0,30241937.1,-0.03589743589743588,-0.03655759573379758,933.78,856.125,897.7066418059534,858.601348436553,63.41688469231574,39.10529336940033,24.975677025695223,46.47311569748474,856.125,61.05612495677142,978.2372499135429,734.0127500864571,430249.0
CHDC,2022-01-20,921.2,973.7,910.0,950.0,1.06 %,24889.0,23526585.9,0.010638297872340496,0.010582109330537008,947.3799999999999,865.525,905.7517738358067,865.3716189227342,64.56652343538785,40.38015491307249,28.05657260317068,47.70360743337869,865.525,60.26911467916698,986.063229358334,744.986770641666,455138.0
CHDC,2022-01-23,950.0,966.0,918.1,930.0,-2.11 %,31204.0,29178200.1,-0.021052631578947323,-0.02127739844728485,953.4,873.2,909.4822701687596,870.1589064099392,60.473356487432355,39.32336375882039,30.309930834300623,47.717635473851644,873.2,58.06911489994679,989.3382297998936,757.0617702001065,423934.0
CHDC,2022-01-24,912.0,920.0,880.0,891.0,-4.19 %,36645.0,33011154.8,-0.041935483870967794,-0.042840158676492365,937.2,877.0,906.6388439889504,871.7026911203141,53.36848502452813,34.93615286863633,31.235175241167767,47.880661511433665,877.0,56.52629569734096,990.0525913946819,763.9474086053181,387289.0
CHDC,2022-01-25,875.0,907.0,875.0,885.0,-0.67 %,20439.0,18266772.4,-0.006734006734006703,-0.0067567824628797625,919.2,882.445,903.3097910675734,872.6876769632537,52.34948109414802,30.622114104319735,31.112563013798162,46.74632854633126,882.445,51.29863520293973,985.0422704058795,779.8477295941206,366850.0
CHDC,2022-01-26,876.0,935.0,875.0,929.0,4.97 %,47456.0,42699246.3,0.049717514124293816,0.04852109380590903,917.0,889.4950000000001,907.2621309033314,876.8589601511608,58.59326770901322,30.40317075217058,30.970684561472645,47.69301936445046,889.4950000000001,47.15757990085316,983.8101598017064,795.1798401982938,414306.0
CHDC,2022-01-27,920.0,1017.0,920.0,1010.0,8.72 %,85266.0,83214586.0,0.08719052744886979,0.08359687102146665,929.0,899.8950000000001,923.0679569182034,886.721259399223,67.1316461140591,36.34669751898048,32.04588715297421,51.214946552704,899.8950000000001,49.71274828557926,999.3204965711586,800.4695034288416,499572.0
CHDC,2022-01-30,1030.2,1049.0,998.0,1017.0,0.69 %,78472.0,80077382.0,0.006930693069306937,0.0069067862132548225,946.4,909.345,937.519040469249,896.3715364807621,67.75055174322253,41.14750398848696,33.86621052007676,51.19959322751086,909.345,53.170247665797255,1015.6854953315946,803.0045046684055,578044.0
CHDC,2022-01-31,996.7,1100.0,996.7,1090.0,7.18 %,87541.0,90894748.0,0.07177974434611611,0.06932057917462951,986.2,921.3950000000001,960.9776496278262,910.7143856303353,73.37998075750413,50.26326399749087,37.145621215559586,54.921050854117226,921.3950000000001,64.80947360086472,1051.0139472017295,791.7760527982707,665585.0
CHDC,2022-02-01,1090.0,1122.0,1065.0,1090.0,0.00 %,52992.0,57971995.2,0.0,0.0,1027.2,932.5450000000001,980.8272419927761,923.9948015095697,73.37998075731517,56.83244048320637,41.08298506908895,55.06954722168028,932.5450000000001,73.55179682230485,1079.6485936446097,785.4414063553904,665585.0
CHDC,2022-02-03,1093.0,1130.0,1070.1,1122.0,2.94 %,66295.0,73318641.7,0.029357798165137616,0.028935110859452242,1065.8,946.2950000000001,1002.5461278400413,938.6618532496016,75.54978808168043,63.88427459043976,45.64324297335911,55.41457956298884,946.2950000000001,81.94396978552285,1110.1829395710458,782.4070604289543,731880.0
CHDC,2022-02-06,1100.0,1110.0,1071.1,1075.0,-4.19 %,34077.0,36985128.3,-0.04188948306595364,-0.042792145520878434,1078.8,957.5450000000001,1013.6928774031119,948.7609752311125,66.92173935763392,64.93190217199935,49.500974813087154,55.09210959420393,957.5450000000001,83.45893080778782,1124.4628616155758,790.6271383844244,697803.0
CHDC,2022-02-07,1075.0,1090.0,1053.0,1053.0,-2.05 %,40666.0,43176694.0,-0.020465116279069773,-0.020677428427787678,1086.0,966.7950000000001,1019.7401270334024,956.4823844732523,63.278838565381854,63.257742560150064,52.25232836249974,53.7998160517608,966.7950000000001,83.26387018958191,1133.3227403791639,800.2672596208363,657137.0
CHDC,2022-02-08,1074.0,1081.0,1029.0,1032.0,0.00 %,33563.0,35239473.5,-0.019943019943019946,-0.020144566092467463,1074.4,975.345,1021.6262613359559,962.0762819196781,59.92553155880785,59.54997941627778,53.71185857325535,53.67125776234932,975.345,80.56433503075387,1136.4736700615078,814.2163299384923,623574.0
CHDC,2022-02-09,1052.6,1080.0,1033.0,1050.0,1.74 %,56606.0,59729084.4,0.01744186046511631,0.017291497110061043,1066.4,983.2450000000001,1025.991451899655,968.5891499256279,61.79440412203875,57.40230197402707,54.4499472534097,53.266167922181516,983.2450000000001,79.70353274215103,1142.652065484302,823.8379345156981,680180.0
CHDC,2022-02-10,1050.0,1064.0,1033.0,1040.0,-0.95 %,16578.0,17282792.8,-0.00952380952380949,-0.009569451016150672,1050.0,991.6450000000001,1028.146613145862,973.8788425237295,60.117061283365004,54.26777062213239,54.41351192715424,51.67572735631141,991.6450000000001,76.13522924099688,1143.915458481994,839.3745415180064,663602.0
CHDC,2022-02-13,1019.2,1019.2,962.1,969.0,-6.83 %,65395.0,63916713.2,-0.06826923076923075,-0.0707113802446521,1028.8,995.9950000000001,1019.0471342003447,973.517446781231,49.784462918116716,45.52968741911366,52.63674702554613,53.54888968800345,995.9950000000001,71.90901030578918,1139.8130206115784,852.1769793884217,598207.0
CHDC,2022-02-14,968.0,986.0,966.0,986.0,1.75 %,10632.0,10376311.4,0.01754385964912286,0.01739174271186924,1015.4,1000.3,1013.9629597079839,974.4420803529918,51.91550544702353,39.52087935499219,50.013573491435345,51.15254042457463,1000.3,68.34209614332414,1136.9841922866483,863.6158077133516,608839.0
CHDC,2022-02-15,998.9,1016.0,961.4,1016.0,3.04 %,12759.0,12663507.0,0.030425963488843744,0.029972273535791717,1012.2,1002.5,1014.2763505221403,977.5204447712887,55.50415064605885,36.75590575085164,47.36203994331861,51.398787537105015,1002.5,68.0908835384946,1138.6817670769892,866.3182329230108,621598.0
CHDC,2022-02-16,1025.0,1025.0,975.1,975.1,-4.03 %,12408.0,12374681.7,-0.04025590551181102,-0.041088598297353875,997.22,1002.5050000000001,1008.2492196725802,977.341152566008,50.02288398471213,30.908067106572275,44.07124537596934,51.291731284454656,1002.5050000000001,68.08876153498919,1138.6825230699785,866.3274769300217,609190.0
CHDC,2022-02-17,975.0,1008.0,966.0,995.0,2.04 %,21456.0,21237860.5,0.020408163265306145,0.02020270731751947,988.22,1005.2550000000001,1006.210878184491,978.6492153388963,52.48172574853065,27.561662845594697,40.769328869894416,50.628036192707896,1005.2550000000001,66.52411889485681,1138.3032377897136,872.2067622102865,630646.0
CHDC,2022-02-20,995.0,995.0,956.0,967.0,-2.81 %,21235.0,20730357.3,-0.028140703517587906,-0.02854424170529841,987.82,1006.1050000000001,1000.178435386877,977.7863104989781,48.840644152548535,22.392124887898945,37.09388807349533,49.79746217894305,1006.1050000000001,65.88650109328916,1137.8780021865784,874.3319978134218,609411.0
CHDC,2022-02-21,967.1,1000.0,967.1,986.0,1.96 %,15750.0,15542097.6,0.01964839710444677,0.019457859149341117,987.82,1008.9050000000001,997.9971376350499,978.3947319434983,51.30923521915213,19.602405691551553,33.595591597106576,48.59764345187569,1008.9050000000001,63.633419513236696,1136.1718390264734,881.6381609735267,625161.0
CHDC,2022-02-22,1005.0,1005.0,975.1,980.0,-0.61 %,13441.0,13304915.0,-0.006085192697768749,-0.006103782938017799,980.6200000000001,1013.3550000000001,995.2283472296576,978.5136406884244,50.480848618586926,16.714706541233227,30.219414585931908,47.262097491027426,1013.3550000000001,57.79860201369102,1128.952204027382,897.757795972618,611720.0
CHDC,2022-02-23,985.0,1015.0,983.0,1005.0,2.55 %,33617.0,33664677.5,0.025510204081632626,0.025190248828558495,986.6,1019.3550000000001,996.731678425095,980.4755932300226,53.82594748496718,16.256085195072387,27.426748707760005,46.38623338452547,1019.3550000000001,49.38979731632409,1118.1345946326483,920.575405367352,645337.0
CHDC,2022-02-24,987.3,991.0,971.0,981.9,-2.30 %,13661.0,13376051.3,-0.02298507462686572,-0.02325335031793166,983.9799999999999,1022.0,994.4498817443111,980.5811048426135,50.43570680552054,13.868776901697629,24.715154346547532,45.50150242848794,1022.0,45.56465620123836,1113.1293124024767,930.8706875975233,631676.0
CHDC,2022-02-27,981.0,1020.0,966.7,1005.0,2.35 %,20120.0,20083716.9,0.023525817293003293,0.02325335031793154,991.5799999999999,1021.75,996.072976860571,982.3899118913088,53.58410910734345,13.683064969262205,22.508736471090465,46.05853796931023,1021.75,45.647603269073535,1113.045206538147,930.4547934618529,651796.0
CHDC,2022-02-28,1015.0,1024.0,961.1,968.9,-3.59 %,20060.0,19833297.7,-0.03592039800995028,-0.03658141310221772,988.1600000000001,1019.345,991.8925188820216,981.3906591586192,48.40891592065334,10.50185972340239,20.107361121552852,47.26149954293093,1019.345,47.153305124993445,1113.651610249987,925.0383897500132,631736.0
CHDC,2022-03-02,949.6,964.0,905.0,923.0,-4.74 %,16019.0,15032100.5,-0.047373309939106156,-0.04853217288810623,976.76,1010.9950000000001,981.293669823249,977.0654251468696,42.75478976708656,4.228244676379404,16.931537832518163,48.449963861293,1010.9950000000001,48.742626702865984,1108.4802534057321,913.5097465942681,615717.0
CHDC,2022-03-06,925.0,960.0,892.0,900.0,-2.49 %,11128.0,10106251.7,-0.024918743228602436,-0.02523447117854146,955.76,1001.4950000000001,968.786951388903,971.3568751359903,40.219779864502584,-2.569923747087273,13.031245516597076,49.846395014057784,1001.4950000000001,50.99748678018304,1103.4899735603663,899.500026439634,604589.0
CHDC,2022-03-07,900.0,920.0,873.5,873.5,-2.94 %,7248.0,6443547.0,-0.029444444444444495,-0.029886633750199548,934.0799999999999,989.07,954.1274204059948,964.1082177185095,37.46360261055406,-9.98079731251471,8.42883695077472,49.60736679876794,989.07,50.36068955675435,1089.7913791135088,888.3486208864913,597341.0
CHDC,2022-03-09,880.0,896.0,853.0,854.0,-2.23 %,9139.0,7914746.9,-0.02232398397252433,-0.022576935785541395,903.8799999999999,978.0200000000001,938.7232018819956,955.9520534430644,35.53392795298514,-17.228851561068836,3.2972992484060093,49.13541202742737,978.0200000000001,54.58246874901366,1087.1849374980275,868.8550625019727,588202.0
CHDC,2022-03-10,850.0,906.5,849.0,898.0,5.15 %,15045.0,13283897.0,0.051522248243559776,0.050238874513629794,889.7,970.2700000000001,932.4580939001502,951.6593087435781,42.70514589665661,-19.20121484342792,-1.2024035699607767,49.73288259689684,970.2700000000001,54.37957337089186,1079.0291467417837,861.5108532582163,603247.0
CHDC,2022-03-13,895.0,938.4,895.0,932.0,3.79 %,19730.0,18166348.0,0.03786191536748329,0.03716274638339157,891.5,965.2700000000001,932.3876179155117,950.2030636514612,47.55958191782139,-17.815445735949538,-4.52501200315853,49.28053383997565,965.2700000000001,52.984417768963006,1071.2388355379262,859.3011644620741,622977.0
CHDC,2022-03-14,932.0,946.0,901.6,930.0,-0.21 %,4602.0,4272151.8,-0.0021459227467811592,-0.0021482285382896063,897.5,959.2700000000001,932.020292082356,948.7065404180197,47.305676374590334,-16.686248335663663,-6.957259269659557,48.93192427997739,959.2700000000001,49.568889861539944,1058.40777972308,860.1322202769202,618375.0
CHDC,2022-03-15,930.0,938.0,904.0,914.9,-1.62 %,14882.0,13621059.0,-0.016236559139784945,-0.016369816461812053,905.78,953.015,929.3864009927629,946.2023522389072,45.337676578513246,-16.815951246144323,-8.928997664956512,47.865358259979004,953.015,46.65285318741535,1046.3207063748307,859.7092936251693,603493.0
CHDC,2022-03-16,902.0,920.0,890.0,900.0,-1.63 %,10981.0,9891798.4,-0.016285932888840282,-0.01642000636117879,914.9799999999999,949.5649999999999,924.8654162246455,942.7799557767659,43.41822203156726,-17.914539552120345,-10.72610604238928,46.589261241409076,949.5649999999999,47.9420184345545,1045.449036869109,853.680963130891,592512.0
CHDC,2022-03-20,900.0,910.0,886.0,889.0,-1.22 %,2995.0,2668451.5,-0.012222222222222245,-0.012297527810406196,913.18,944.7149999999999,919.3476598823925,938.7962553488572,42.00436940912033,-19.44859546646478,-12.470603927204381,44.97574258130843,944.7149999999999,48.957804334583614,1042.630608669167,846.7993913308327,589517.0
CHDC,2022-03-21,889.0,913.0,881.1,900.0,1.24 %,14021.0,12527938.5,0.012373453318335281,0.012297527810406245,906.78,938.915,916.3710968235629,935.9224586563492,43.96928087219538,-19.55136183278637,-13.88675550832078,44.04176096835783,938.915,46.89604713451147,1032.707094269023,845.122905730977,603538.0
CHDC,2022-03-22,892.0,915.0,892.0,899.0,-0.11 %,6011.0,5412379.6,-0.0011111111111110628,-0.0011117288526904293,900.5799999999999,935.1099999999999,913.6986203891686,933.187461718842,43.82391886175733,-19.48884132967339,-15.007172672591302,42.53877804204656,935.1099999999999,46.892844252673356,1028.8956885053467,841.3243114946532,597527.0
CHDC,2022-03-23,882.5,925.0,882.2,900.0,0.11 %,12189.0,11039226.7,0.0011123470522802492,0.0011117288526904154,897.6,930.3599999999999,911.5911403292964,930.7291312211499,44.023212854813046,-19.13799089185352,-15.833336316443745,42.55743675332895,930.3599999999999,45.29115633438257,1020.942312668765,839.7776873312348,609716.0
CHDC,2022-03-24,886.0,905.0,875.0,875.0,-2.78 %,8135.0,7232928.0,-0.02777777777777779,-0.028170876966696335,892.6,925.7599999999999,905.9617341247892,926.6010474269907,40.18498080940949,-20.639313302201458,-16.79453171359529,41.66047698523403,925.7599999999999,46.03975856171785,1017.8395171234356,833.6804828765642,601581.0
CHDC,2022-03-27,865.0,892.0,854.0,854.0,-2.40 %,7543.0,6545539.7,-0.02400000000000002,-0.024292692569044587,885.6,919.1599999999999,897.967621182514,921.2231920620284,37.24727709922433,-23.25557087951438,-18.086739546779107,41.399014343431595,919.1599999999999,46.409486326104194,1011.9789726522082,826.3410273477915,594038.0
CHDC,2022-03-28,850.1,870.0,833.0,838.0,-1.87 %,11019.0,9315786.0,-0.0187353629976581,-0.018913093306486845,873.2,912.0599999999998,888.741833308281,915.0585111685448,35.13949773913977,-26.31667786026378,-19.732727209476042,41.084799033186485,912.0599999999998,47.462011401920286,1006.9840228038404,817.1359771961593,583019.0
CHDC,2022-03-29,838.0,853.0,815.1,825.0,-1.55 %,6648.0,5511738.0,-0.015513126491646823,-0.015634714147402102,858.4,903.0599999999998,878.9353974146993,908.3875103412452,33.48164679386343,-29.45211292654585,-21.676604352890006,40.857313387958875,903.0599999999998,45.95295534852335,994.9659106970465,811.1540893029531,576371.0
CHDC,2022-03-30,815.0,855.0,815.0,849.0,2.91 %,8372.0,6951881.5,0.029090909090909056,0.028675799976666298,848.2,896.415,874.3299516585918,903.9884355011529,39.18599598258602,-29.658483842561168,-23.27298025082424,40.796076717390385,896.415,43.4955687398179,983.4061374796357,809.4238625203642,584743.0
CHDC,2022-03-31,864.0,865.0,833.2,835.0,-1.65 %,7361.0,6167282.0,-0.01648998822143699,-0.01662746146049184,840.2,887.915,868.2791898649623,898.878181019586,37.18286678201686,-30.598991154623718,-24.738182431584136,40.15349980900535,887.915,37.33315550553188,962.5813110110637,813.2486889889362,577382.0
CHDC,2022-04-03,840.0,840.0,820.1,834.0,-0.12 %,2622.0,2161512.5,-0.0011976047904191933,-0.0011983224921087556,836.2,881.1699999999998,863.0054683472758,894.07238983295,37.03722928361439,-31.06692148567413,-26.003930242402138,38.70682125121926,881.1699999999998,33.96583577655975,949.1016715531193,813.2383284468804,574760.0
CHDC,2022-04-04,834.0,835.0,815.0,824.0,-1.20 %,6968.0,5721925.0,-0.011990407673860948,-0.012062872449275095,833.4,876.2199999999999,857.0046270630796,888.8818424379167,35.53819889684024,-31.87721537483708,-27.178587268889125,37.37061973327503,876.2199999999999,34.753638204097136,945.7272764081941,806.7127235918057,567792.0
CHDC,2022-04-05,824.6,824.6,777.0,800.0,-2.91 %,12197.0,9681351.0,-0.029126213592232997,-0.02955880224154439,828.4,871.2199999999999,848.2346844379905,882.2980022573303,32.17265841033303,-34.06331781933977,-28.555533378979256,38.101289752326814,871.2199999999999,38.177212823195944,947.5744256463918,794.865574353608,555595.0
CHDC,2022-04-06,785.0,800.0,772.0,783.0,-2.13 %,5195.0,4088300.0,-0.02124999999999999,-0.021479031677124186,815.2,866.6949999999999,838.1985791398381,874.9425946827132,30.005071895492108,-36.744015542875104,-30.193229811758428,37.37976905573204,866.6949999999999,42.95686300170904,952.608726003418,780.7812739965818,550400.0
CHDC,2022-04-07,775.0,810.0,775.0,799.0,2.04 %,8530.0,6767998.2,0.020434227330779153,0.020228249775471663,808.0,863.9449999999999,832.1680285029399,869.3172172988086,34.47935443281327,-37.14918879586867,-31.584421608580477,37.20978555175118,863.9449999999999,45.49768617598759,954.9403723519752,772.9496276480247,558930.0
CHDC,2022-04-11,814.9,815.0,772.0,772.0,-3.38 %,9195.0,7311914.2,-0.03379224030037542,-0.03437639574149844,795.6,857.6450000000001,822.9114087332568,862.1085345359339,30.89083763949168,-39.19712580267708,-33.106962447399795,37.62337229805467,857.6450000000001,49.113772052891555,955.8725441057832,759.417455894217,549735.0
CHDC,2022-04-12,772.0,772.0,745.2,758.0,-1.81 %,8740.0,6576258.2,-0.01813471502590669,-0.018301164382404467,782.4,848.945,812.9250381589096,854.3967912369759,29.194154610866704,-41.471753078066286,-34.77992057353309,36.85027427676505,848.945,50.63686482146783,950.2187296429357,747.6712703570644,540995.0
CHDC,2022-04-13,759.0,774.0,742.9,772.0,1.85 %,15325.0,11700951.0,0.01846965699208436,0.018301164382404443,776.8,841.0450000000001,806.6288784421542,848.2933252194222,33.14843355497939,-41.664446777267926,-36.15682581428006,36.439540399853264,841.0450000000001,49.64090498136253,940.3268099627252,741.763190037275,556320.0
CHDC,2022-04-17,770.0,775.0,750.0,750.0,-2.85 %,4913.0,3742394.7,-0.02849740932642486,-0.028911343494420035,770.2,832.8,797.9167432972074,841.0123381661316,30.2860962153282,-43.095594868924195,-37.54457962520889,35.62243037129232,832.8,50.41678918355664,933.6335783671133,731.9664216328866,551407.0
CHDC,2022-04-18,736.0,746.0,720.1,725.0,-3.33 %,7001.0,5106335.4,-0.033333333333333326,-0.03390155167568134,755.4,824.05,786.6987827899447,832.418831635307,27.391574491097217,-45.72004884536227,-39.17967346923957,35.21368534477144,824.05,53.24667026901392,930.5433405380278,717.5566594619721,544406.0
CHDC,2022-04-19,730.0,750.0,727.5,745.0,2.76 %,17967.0,13237647.5,0.02758620689655178,0.027212563524884794,750.0,816.85,780.2835854376456,825.9433626252843,32.9152950528339,-45.659777187638724,-40.4756942129194,34.48413639157348,816.85,53.73548763693505,924.3209752738701,709.37902472613,562373.0
CHDC,2022-04-20,730.1,755.0,710.1,729.0,-2.15 %,5669.0,4156700.0,-0.02147651006711404,-0.021710486370901314,744.2,808.3,772.3938030626232,818.7623728011891,30.89066093222864,-46.36856973856595,-41.65426931804871,35.22812664931823,808.3,53.412101920624735,915.1242038412495,701.4757961587504,556704.0
CHDC,2022-04-21,720.0,745.0,708.7,741.0,1.65 %,6348.0,4587101.1,0.016460905349794164,0.016326893287428666,738.0,800.4,767.563987206835,813.0021970381381,34.161611193297915,-45.438209831303084,-42.41105742069959,35.30468903150978,800.4,50.91727036137045,902.2345407227409,698.565459277259,563052.0
CHDC,2022-04-24,742.2,815.0,742.2,809.0,9.18 %,14371.0,11270782.4,0.09176788124156543,0.08779829176240478,749.8,795.85,773.9387584057835,812.7057379982759,48.91634856130718,-38.766979592492476,-41.68224185505817,38.068639814973366,795.85,45.30513506389932,886.4602701277987,705.2397298722013,577423.0
CHDC,2022-04-25,815.0,815.0,770.0,786.0,-2.84 %,22537.0,17776422.6,-0.028430160692212603,-0.028842124629285138,762.0,791.4,775.7943340356629,810.7275351835888,45.22461166314627,-34.93320114792584,-40.33243371363171,38.5637369710467,791.4,41.31700299927831,874.0340059985566,708.7659940014433,554886.0
CHDC,2022-04-26,786.0,815.0,771.0,784.0,-0.25 %,7671.0,6059198.5,-0.0025445292620864812,-0.0025477720787986644,769.8,787.9,777.0567441840225,808.7477177625822,44.90723145835715,-31.690973578559692,-38.60414168661731,38.9520414731148,787.9,38.61128823216908,865.1225764643382,710.6774235356618,547215.0
CHDC,2022-04-27,771.0,800.0,761.1,800.0,2.04 %,6342.0,5014500.0,0.020408163265306145,0.02020270731751947,784.0,786.0,780.5864758480191,808.0997386690575,48.04831370829839,-27.51326282103844,-36.385965913501536,38.948324225035165,786.0,36.913839937720375,859.8276798754407,712.1723201245593,553557.0
CHDC,2022-04-28,788.0,810.0,771.1,775.0,-3.13 %,12624.0,9962230.6,-0.03125,-0.0317486983145803,790.8,783.5,779.7270180252469,805.6479061750532,43.84219336787798,-25.920888149806274,-34.29295036076249,38.94487249467551,783.5,35.81017203327715,855.1203440665543,711.8796559334457,540933.0
CHDC,2022-05-02,760.0,765.0,727.0,760.0,-1.94 %,9305.0,6958677.3,-0.01935483870967747,-0.019544596072970283,781.0,779.05,776.6920921752089,802.2665797917159,41.49506968443566,-25.574487616506985,-32.54925781191139,39.591667316484404,779.05,32.63107172781089,844.3121434556217,713.7878565443782,531628.0
CHDC,2022-05-04,745.0,800.9,730.0,745.0,-1.97 %,7606.0,5732362.5,-0.019736842105263164,-0.019934214900817253,772.8,774.55,771.8163856867153,798.0246109182555,39.23312840916172,-26.208225231540155,-31.281051295837145,41.82797679387837,774.55,30.655084578689316,835.8601691573786,713.2398308426214,524022.0
CHDC,2022-05-05,735.0,748.2,720.5,729.0,-2.15 %,3635.0,2647027.0,-0.02147651006711404,-0.021710486370901314,761.8,769.3,765.2292494272207,792.9116767761625,36.921201700928485,-27.682427348941815,-30.56132650645808,40.81883559431564,769.3,28.877417875533457,827.0548357510669,711.545164248933,520387.0
CHDC,2022-05-08,718.0,757.7,709.0,755.0,3.57 %,4479.0,3258714.0,0.03566529492455417,0.03504401724036654,752.8,765.85,763.6555187461098,790.1034044223727,42.81802756328271,-26.4478856762629,-29.738638340419044,41.38177590900739,765.85,25.974228117810878,817.7984562356218,713.9015437643783,524866.0
CHDC,2022-05-09,768.0,768.0,738.0,745.0,-1.32 %,7934.0,5940082.5,-0.013245033112582738,-0.013333530869465144,746.8,763.1,760.785438939016,786.762411502197,41.22187652275821,-25.976972563180993,-28.986305184971435,40.568791915506864,763.1,25.0639182890523,813.2278365781046,712.9721634218954,516932.0
CHDC,2022-05-10,754.0,784.0,745.0,775.0,4.03 %,5489.0,4199271.5,0.04026845637583887,0.03947881097378742,749.8,762.7,762.9722944868597,785.8911217612934,47.53991486334549,-22.91882727443374,-27.772809602863898,40.45673535011352,762.7,24.79197663082653,812.2839532616531,713.116046738347,522421.0
CHDC,2022-05-11,789.9,805.8,760.0,801.0,3.35 %,14126.0,11183570.0,0.0335483870967741,0.032997917715012134,761.0,762.8,768.8227107196506,787.0102979271236,52.323041297747984,-18.18758720747303,-25.855765123785726,40.83839711081969,762.8,24.949633474794904,812.6992669495897,712.9007330504102,536547.0
CHDC,2022-05-12,801.0,815.0,775.0,777.0,-3.00 %,13666.0,10786897.4,-0.029962546816479363,-0.03042059670071174,770.6,763.05,770.0807552243197,786.2687943769663,47.974754251186994,-16.18803915264664,-23.92221992955791,40.778511602904,763.05,25.071424287219187,813.1928485744384,712.9071514255616,522881.0
CHDC,2022-05-17,776.0,790.0,745.2,754.0,-2.96 %,8464.0,6427614.0,-0.029601029601029616,-0.030047982359691385,770.4,762.85,767.6067928821167,783.8785133120058,44.185077841805246,-16.271720429889115,-22.392120029624152,41.06576077412514,762.85,25.1297161062205,813.109432212441,712.590567787559,514417.0
CHDC,2022-05-18,741.0,767.0,726.0,765.0,0.01 %,6911.0,5125500.0,0.01458885941644561,0.014483465818579752,774.4,762.5,767.2057478233295,782.4801049185238,46.36715323250204,-15.274357095194318,-20.968567442738188,41.06106357597334,762.5,25.044171503886496,812.588343007773,712.411656992227,521328.0
CHDC,2022-05-19,750.1,762.0,744.2,750.0,-1.96 %,5002.0,3775108.5,-0.019607843137254943,-0.019802627296179754,769.4,762.5,764.5587096966634,780.0741712208554,43.84965668964986,-15.515461524192006,-19.877946259028953,39.6138447491181,762.5,25.044171503886496,812.588343007773,712.411656992227,516326.0
CHDC,2022-05-20,735.1,747.0,735.0,746.0,-0.53 %,3324.0,2460738.1,-0.005333333333333301,-0.005347606326595242,758.4,763.55,761.7035235894843,777.550158537829,43.17643416516056,-15.846634948344672,-19.071683996892098,37.85571298132395,763.55,23.79844090426879,811.1468818085375,715.9531181914624,513002.0
CHDC,2022-05-23,731.1,734.7,717.6,730.1,-2.13 %,3464.0,2521448.2,-0.021313672922251947,-0.021544089141720717,749.0200000000001,762.805,756.8414430372559,774.0353319794713,40.513766999322634,-17.19388894221538,-18.696124985956757,37.18030491122938,762.805,24.628448997049947,812.0618979940998,713.5481020059001,509538.0
CHDC,2022-05-24,718.0,743.4,718.0,734.0,0.53 %,3460.0,2526099.0,0.005341734009039811,0.005327517552475468,745.0200000000001,763.055,753.327374877678,771.0697518328437,41.46726782436426,-17.742376955165696,-18.505375379798547,36.33885456042728,763.055,24.290294249702544,811.635588499405,714.4744115005949,512998.0
CHDC,2022-05-25,748.0,755.0,735.0,736.0,0.27 %,3971.0,2958790.6,0.0027247956403269047,0.0027210901143605863,739.22,762.805,750.6616248964968,768.4719924378182,41.980868868486645,-17.810367541321398,-18.366373812103117,35.24322209182533,762.805,24.553539245371017,811.912078490742,713.6979215092579,516969.0
CHDC,2022-05-26,732.1,745.0,730.5,735.0,-0.14 %,3930.0,2880736.0,-0.0013586956521739468,-0.0013596195160395954,736.22,759.1049999999999,748.2521441431896,765.9925855905725,41.78345116385257,-17.740441447382864,-18.24118733915907,33.76156337098067,759.1049999999999,22.73414948116324,804.5732989623264,713.6367010376734,513039.0
CHDC,2022-05-27,725.3,760.0,725.3,742.0,0.95 %,3277.0,2445415.5,0.00952380952380949,0.009478743954543739,735.4200000000001,756.905,747.2902758134682,764.2153570283078,43.7765768324885,-16.92508121483968,-17.977966114295192,33.82859455876777,756.905,22.115045485876905,801.1350909717538,712.6749090282461,516316.0
CHDC,2022-05-30,728.0,729.1,714.0,716.0,-3.50 %,8738.0,6291228.1,-0.035040431266846306,-0.035669076206734776,732.6,753.5049999999999,742.4763872267807,760.643849100285,38.50366737152892,-18.167461873504294,-18.015865266137013,33.41226637599864,753.5049999999999,22.94192840516404,799.388856810328,707.6211431896718,507578.0
CHDC,2022-05-31,702.0,724.0,690.0,715.0,-0.14 %,8061.0,5694219.2,-0.0013966480446927498,-0.0013976242666379726,728.8,749.2549999999999,738.249250730353,757.2628232410046,38.312523398465444,-19.01357251065167,-18.215406715039947,33.454247349141596,749.2549999999999,21.715758890972168,792.6865177819442,705.8234822180556,499517.0
CHDC,2022-06-01,710.0,730.0,710.0,730.0,2.10 %,5789.0,4161840.0,0.020979020979021046,0.020761991448429225,727.6,747.0049999999999,736.9801352333757,755.243354852782,42.892151901040876,-18.2632196194063,-18.22496929591322,32.49322968134577,747.0049999999999,21.23379815790948,789.4725963158188,704.537403684181,505306.0
CHDC,2022-06-02,716.0,744.4,716.0,727.0,-0.41 %,2968.0,2151257.8,-0.004109589041095929,-0.004118056608917486,726.0,745.3549999999999,735.4447298128563,753.1512544933166,42.21710129102259,-17.706524680460348,-18.121280372822646,32.20085613267821,745.3549999999999,21.451891709009086,788.2587834180181,702.4512165819817,502338.0
CHDC,2022-06-03,712.6,744.0,707.2,711.0,-2.20 %,5525.0,3961240.0,-0.022008253094910613,-0.02225404773027851,719.8,743.655,731.6840021493399,750.0289393456635,38.71727349385776,-18.3449371963236,-18.166011737522837,32.52936640891548,743.655,22.78714954115245,789.2292990823049,698.080700917695,496813.0
CHDC,2022-06-06,709.2,725.0,709.2,714.9,0.55 %,5609.0,4019276.4,0.005485232067510504,0.005470242969565209,719.5799999999999,742.95,729.1018479725184,747.4267956904291,40.02247072772942,-18.32494771791073,-18.197798933600417,31.334411665421516,742.95,23.47223443718137,789.8944688743628,696.0055311256373,502422.0
CHDC,2022-06-07,710.0,720.0,700.0,710.0,-0.69 %,9733.0,6869024.9,-0.006854105469296323,-0.006877702737444942,718.5799999999999,740.7,726.1631021305925,744.6544404541011,38.90143402106506,-18.491338323508558,-18.256506811582046,30.52481083217712,740.7,24.395016747392997,789.4900334947861,691.909966505214,492689.0
CHDC,2022-06-08,700.3,748.0,700.3,721.0,1.55 %,9939.0,7228189.0,0.015492957746478853,0.01537416724958795,716.78,739.5,725.3687787258859,742.9022596797232,42.77643767385125,-17.533480953837284,-18.111901640033096,31.75161005845019,739.5,24.75992092497166,789.0198418499433,689.9801581500567,502628.0
CHDC,2022-06-09,728.0,735.0,715.0,720.0,-0.14 %,3004.0,2168254.4,-0.001386962552011095,-0.0013879252748480802,715.3799999999999,736.75,724.5428127680573,741.2057959997437,42.51247079080288,-16.66298323168644,-17.822117958363766,30.912209339989463,736.75,23.638472209966938,784.0269444199339,689.4730555800661,499624.0
CHDC,2022-06-10,725.0,730.0,707.0,709.3,-1.49 %,2825.0,2016831.0,-0.014861111111111214,-0.014972643802060032,715.04,732.165,722.1977646498947,738.8424037034664,39.690212761862384,-16.644639053571723,-17.586622177405356,30.347051529990217,732.165,18.948358490223264,770.0617169804465,694.2682830195535,496799.0
CHDC,2022-06-13,700.0,715.0,700.0,705.0,-0.61 %,3270.0,2303731.0,-0.006062314958409587,-0.0060807653957723005,713.0600000000001,728.5649999999999,719.551954703757,736.335558984691,38.581723832699396,-16.783604280934014,-17.42601859811109,29.25083356356235,728.5649999999999,16.68646709794683,761.9379341958936,695.1920658041063,493529.0
CHDC,2022-06-14,695.0,711.0,691.0,696.9,-1.15 %,8886.0,6228900.2,-0.011489361702127665,-0.01155587436779551,710.44,725.7099999999999,716.0670385954868,733.4144064673065,36.513026240640094,-17.347367871819756,-17.410288452852825,28.59005973759361,725.7099999999999,16.98767045149982,759.6853409029995,691.7346590970003,484643.0
CHDC,2022-06-15,685.0,688.9,665.0,677.9,-2.73 %,12797.0,8631497.2,-0.02726359592480987,-0.02764214400755322,701.8199999999999,721.3549999999999,710.1951865038734,729.302228210469,32.15740911073175,-19.107041706595624,-17.749639103601385,28.826484042051206,721.3549999999999,17.540643779829463,756.4362875596588,686.273712440341,471846.0
CHDC,2022-06-16,677.0,699.0,670.2,690.0,1.78 %,2625.0,1797648.0,0.01784924030092938,0.01769181315438518,695.8199999999999,718.3549999999999,707.0882347340468,726.3909520467306,37.28801732392614,-19.302717312683853,-18.06025474541788,28.82459232476183,718.3549999999999,17.51451954057515,753.3840390811501,683.3259609188497,474471.0
CHDC,2022-06-17,703.8,703.8,677.2,700.0,1.45 %,1275.0,874607.0,0.01449275362318847,0.01438873745209967,693.96,716.055,705.997737082655,724.4360667099357,41.24283590892752,-18.438329627280723,-18.13586972179045,28.665692872993123,716.055,16.69426232983031,749.4435246596606,682.6664753403393,475746.0
CHDC,2022-06-19,709.0,709.0,667.6,668.3,-4.53 %,4660.0,3138394.0,-0.045285714285714374,-0.04634316052638031,686.62,712.965,700.1980852237849,720.2778395462368,33.936674485772585,-20.07975432245189,-18.524646641922736,29.575286239207898,712.965,19.449780813278156,751.8645616265563,674.0654383734437,471086.0
CHDC,2022-06-20,656.6,673.0,645.9,658.0,-1.54 %,8385.0,5470681.7,-0.015412240011970613,-0.015532243191707193,678.8399999999999,709.1650000000001,693.7060721124334,715.6646662465156,31.955816641988534,-21.958594134082205,-19.211436140354632,29.39848007926448,709.1650000000001,22.33414367475428,753.8332873495086,664.4967126504915,462701.0
CHDC,2022-06-21,658.0,694.0,645.1,677.0,2.89 %,3928.0,2616366.4,0.028875379939209633,0.0284663415869577,678.6600000000001,706.215,691.1359071720591,712.8006168949219,39.025986809340274,-21.664709722862767,-19.70209085685626,30.791445787888446,706.215,22.49898886617704,751.2129777323541,661.2170222676459,466629.0
CHDC,2022-06-22,663.5,671.0,657.0,671.0,-0.89 %,2073.0,1369306.0,-0.008862629246676468,-0.008902135940593154,674.86,703.0150000000001,688.0380752994347,709.7042749027054,37.69401926822958,-21.666199603270684,-20.094912606139147,30.020628231610697,703.0150000000001,22.73949207876818,748.4939841575365,657.5360158424637,464556.0
CHDC,2022-06-23,658.0,660.0,644.0,651.0,-2.98 %,4852.0,3170401.5,-0.02980625931445602,-0.030259494763112533,665.0600000000001,698.465,682.3399098687524,705.3558100950976,33.57985191743637,-23.01590022634514,-20.679110130180344,29.804869072209932,698.465,23.615656604093584,745.6963132081872,651.2336867918128,459704.0
CHDC,2022-06-24,640.3,669.0,630.0,669.0,2.76 %,2615.0,1688798.0,0.02764976958525356,0.027274417919659306,665.2,696.115,680.2876160427905,702.6627871250903,39.93410688198312,-22.375171082299744,-21.018322320604227,30.46166413848065,696.115,24.112178076219333,744.3393561524387,647.8906438475614,462319.0
CHDC,2022-06-26,682.3,703.0,670.0,701.0,4.78 %,5741.0,3990043.5,0.04783258594917794,0.046723826906361704,673.8,695.4150000000001,683.474136651592,702.5396177084169,49.23258736955933,-19.06548105682498,-20.62775406784838,30.71440241430346,695.4150000000001,23.73534506308099,742.8856901261621,647.944309873838,468060.0
CHDC,2022-06-27,714.9,714.9,680.0,694.7,-0.90 %,5905.0,4103622.0,-0.00898716119828813,-0.009027789335754833,677.3399999999999,693.65,685.201192551347,701.9589052855713,47.66804740145117,-16.757712734224242,-19.85374580112355,31.01337367042464,693.65,22.29709681362477,738.2441936272495,649.0558063727505,462155.0
CHDC,2022-06-28,698.0,699.0,667.0,685.5,-1.32 %,1620.0,1099247.0,-0.013243126529437266,-0.013331598696466246,680.24,691.575,685.2471629280628,700.7397271162697,45.39915583563083,-15.49256418820687,-18.981509478540218,31.083846979680025,691.575,20.91856075859173,733.4121215171836,649.7378784828165,460535.0
CHDC,2022-06-29,685.5,700.0,676.3,689.0,0.51 %,2554.0,1769721.6,0.0051057622173595885,0.005092772011289486,687.8399999999999,690.475,685.8245224775916,699.8701177002498,46.443546754015905,-14.045595222658221,-17.99432662736382,30.556429338274313,690.475,20.415728585690463,731.306457171381,649.643542828619,463089.0
CHDC,2022-06-30,690.0,720.0,690.0,715.0,3.77 %,12404.0,8815466.2,0.037735849056603765,0.037041271680349076,697.04,690.4799999999999,690.313057481039,700.9908497224535,53.551228145633715,-10.677792241414522,-16.53101975017396,30.588112956969006,690.4799999999999,20.422036601370998,731.3240732027419,649.6359267972579,475493.0
CHDC,2022-07-01,728.9,739.0,711.1,717.0,0.28 %,5734.0,4139015.0,0.002797202797202747,0.0027932979056126536,700.24,690.8299999999999,694.4187409454946,702.1767127059754,54.05633482634288,-7.757971760480814,-14.776410152235332,30.396104888614076,690.8299999999999,20.830092098751585,732.4901841975031,649.1698158024967,481227.0
CHDC,2022-07-03,715.0,744.6,715.0,740.0,3.21 %,9404.0,6887597.4,0.03207810320781035,0.03157434559859511,709.3,691.78,701.4312423384954,704.978437690718,59.50945450252698,-3.547195352222616,-12.53056719223279,30.339240253713072,691.78,22.633663796267562,737.0473275925351,646.5126724074648,490631.0
CHDC,2022-07-04,727.0,782.0,727.0,759.9,2.69 %,20548.0,15460080.9,0.026891891891891895,0.026536659477523792,724.1800000000001,693.775,710.4264358248807,709.0467015654797,63.54152246315669,1.3797342594010615,-9.74850690190602,32.10072309273357,693.775,26.65346575667922,747.0819315133584,640.4680684866415,511179.0
CHDC,2022-07-05,744.8,767.1,716.2,716.2,-5.75 %,13292.0,9744070.9,-0.05750756678510327,-0.05922738811140687,729.62,694.12,711.3146764672068,709.5765755235924,51.42988612013098,1.7381009436144268,-7.4511853328019315,33.44352858610974,694.12,26.908433426605328,747.9368668532106,640.3031331467894,497887.0
CHDC,2022-07-06,705.0,744.0,698.0,740.0,3.32 %,9015.0,6453915.0,0.033230941077911025,0.03269072863388294,734.6200000000001,695.87,715.7278031645595,711.8301625218447,56.3138170129533,3.897640642714805,-5.181420137698584,34.34041940138762,695.87,28.72974068801119,753.3294813760224,638.4105186239776,506902.0
CHDC,2022-07-07,745.0,764.0,715.0,725.0,-2.03 %,7729.0,5653282.5,-0.020270270270270285,-0.020478531343540676,736.22,697.275,717.1542949853965,712.8057060387451,52.715978658355006,4.348588946651375,-3.2754183208285927,35.3875323012885,697.275,29.46056909802172,756.1961381960434,638.3538618039565,499173.0
CHDC,2022-07-08,725.0,732.9,700.0,710.0,-2.07 %,7780.0,5536250.9,-0.020689655172413834,-0.020906684819313712,730.22,698.88,716.0536342184125,712.597875961801,49.32241720771036,3.455758256611489,-1.9291830053405765,35.20985142262504,698.88,29.22291098292833,757.3258219658567,640.4341780341433,491393.0
CHDC,2022-07-11,700.0,700.0,672.7,687.0,-3.24 %,10919.0,7452866.8,-0.032394366197183055,-0.03293067781301172,715.6400000000001,698.73,711.5838443386568,710.7017370016677,44.5832066280147,0.8821073369891792,-1.3669249368746255,35.359147749580394,698.73,29.278537136313165,757.2870742726263,640.1729257273737,480474.0
CHDC,2022-07-12,673.3,714.0,659.9,687.9,0.13 %,3560.0,2438080.5,0.0013100436681221517,0.001309186309618989,709.9799999999999,698.125,707.9401759788634,709.0127194459885,44.80669114531113,-1.072543467125115,-1.3080486429247236,36.697780053181795,698.125,29.375766507362854,756.8765330147257,639.3734669852743,484034.0
CHDC,2022-07-13,680.0,756.0,676.1,756.0,9.90 %,18583.0,13342432.5,0.09899694723070218,0.0943978976475646,713.18,702.51,715.3339950590382,712.4932587462856,58.4581997770779,2.840736312752597,-0.4782916517892596,39.78365290652595,702.51,31.179613785129455,764.8692275702589,640.1507724297411,502617.0
CHDC,2022-07-14,741.0,771.1,730.1,731.0,-3.31 %,15962.0,11895806.3,-0.033068783068783025,-0.03362791642975445,714.3799999999999,706.16,717.74414966534,713.864128468783,53.25105105891859,3.880021196557095,0.39337091788001133,39.8705348417741,706.16,29.943181281612627,766.0463625632252,646.2736374367747,486655.0
CHDC,2022-07-15,721.1,758.0,718.0,730.0,-0.14 %,3725.0,2701360.5,-0.001367989056087593,-0.0013689256073417322,718.3799999999999,708.81,719.6296651014416,715.059378211836,53.04750430715812,4.570286889605541,1.2287541122251173,39.87978235307595,708.81,29.569612780696964,767.9492255613939,649.670774438606,482930.0
CHDC,2022-07-17,719.0,734.0,719.0,727.9,-0.29 %,5523.0,4008315.5,-0.0028767123287671836,-0.002880858018224644,726.56,711.655,720.9020243166044,716.0105353813296,52.59286518852364,4.891488935274765,1.961301076835047,38.102655042141954,711.655,28.45664245831464,768.5682849166293,654.7417150833707,477407.0
CHDC,2022-07-18,715.0,752.0,710.4,744.0,2.21 %,11104.0,8103455.6,0.022118422860283093,0.021877358708879722,737.78,716.3050000000001,724.4555590371268,718.0838290567867,55.72574928998136,6.371729980340092,2.843386857536056,38.352465396274674,716.3050000000001,25.464680906788587,767.2343618135773,665.3756381864229,488511.0
CHDC,2022-07-19,730.0,800.0,730.0,776.0,4.30 %,37791.0,29458591.3,0.043010752688172005,0.04211148535012685,741.78,721.655,732.385473031415,722.3739157933211,61.2123446759175,10.011557238093928,4.277020933647631,40.613003582255054,721.655,26.23158953388136,774.1181790677626,669.1918209322373,526302.0
CHDC,2022-07-20,775.0,800.0,765.3,795.0,2.45 %,23952.0,18936014.8,0.02448453608247414,0.024189594471113064,754.5799999999999,726.355,742.0184771804281,727.7536257345566,64.06018634901561,14.2648514458715,6.274587036092404,40.19064618352256,726.355,30.422368415367462,787.199736830735,665.510263169265,550254.0
CHDC,2022-07-21,782.6,815.0,782.6,798.7,0.47 %,17297.0,13851999.2,0.004654088050314531,0.004643291269011425,768.3199999999999,731.5550000000001,750.7387114603622,733.008912717182,64.60518418294706,17.72979874318014,8.565629377509952,39.63417145612809,731.5550000000001,33.46313722040903,798.4812744408181,664.628725559182,567551.0
CHDC,2022-07-22,804.0,804.0,768.0,776.0,-2.84 %,14571.0,11376622.5,-0.028421184424690216,-0.028832885740124607,777.94,736.08,754.6250635433834,736.1934377010946,58.72180094902228,18.43162584228878,10.538828670465719,39.37458778069036,736.08,33.023621529864215,802.1272430597285,670.0327569402716,552980.0
CHDC,2022-07-24,780.1,797.9,765.0,794.8,2.42 %,11220.0,8833793.2,0.024226804123711254,0.023937990494442948,788.1,741.3700000000001,760.8058229982475,740.5346645380506,61.822660559877775,20.271158460196943,12.485294628411964,38.91211722492677,741.3700000000001,33.554717293279616,808.4794345865594,674.2605654134409,564200.0
CHDC,2022-07-25,786.3,845.0,786.3,840.0,5.69 %,30484.0,25185274.3,0.056869652742828514,0.05531138115969764,800.9,747.6200000000001,772.9895425369787,747.9024671648616,68.0391470390223,25.087075372117056,15.005650777152983,40.32553742314629,747.6200000000001,39.49930845497664,826.6186169099534,668.6213830900468,594684.0
CHDC,2022-07-26,855.0,855.0,798.0,810.0,-3.57 %,34504.0,28241517.5,-0.0357142857142857,-0.03636764417087483,803.9,752.2700000000001,778.6834590697512,752.5022844119089,60.945808610372346,26.181174657842234,17.240755553290832,41.516570464350124,752.2700000000001,41.1447649672575,834.5595299345151,669.9804700654851,560180.0
CHDC,2022-07-27,795.0,839.4,794.0,839.4,3.63 %,24705.0,20131026.6,0.03629629629629627,0.035653103233006016,812.04,757.24,788.0244653667125,758.939152233249,64.81692615950863,29.0853131334635,19.609667069325365,41.793958288325115,757.24,45.37099003595179,847.9819800719035,666.4980199280965,584885.0
CHDC,2022-07-28,850.0,869.0,830.0,840.0,0.07 %,54136.0,45659192.5,0.0007147962830593713,0.0007145409378688503,824.8399999999999,761.245,796.0207014641414,764.9436594752306,64.89340583029798,31.077041988910878,21.90314205324247,41.594389839159035,761.245,49.007705892465886,859.2604117849318,663.2295882150682,639021.0
CHDC,2022-07-29,831.1,856.0,826.3,839.0,-0.12 %,12821.0,10774741.5,-0.0011904761904761862,-0.001191185370153118,833.68,767.385,802.632901238889,770.4293143289171,64.64120002727853,32.20358690997182,23.96323102458834,40.744790564933396,767.385,50.729491837644005,868.843983675288,665.926016324712,626200.0
CHDC,2022-07-31,826.3,854.9,826.3,844.0,0.60 %,35120.0,29508104.3,0.005959475566150285,0.005941788128751043,834.4799999999999,772.585,808.9970702790598,775.8789947489973,65.3659896661739,33.11807553006247,25.794199925683166,39.87730552458101,772.585,53.05174509754661,878.6884901950932,666.4815098049069,661320.0
CHDC,2022-08-01,844.0,851.0,830.1,835.0,-1.07 %,24053.0,20180600.8,-0.010663507109004766,-0.010720769745101659,839.4799999999999,778.085,812.9975210053583,780.2583284712938,62.867941056569265,32.7391925340645,27.183198447359437,38.52178370139665,778.085,53.55841154635509,885.2018230927102,670.9681769072898,637267.0
CHDC,2022-08-02,830.0,838.4,815.0,822.0,-1.56 %,10417.0,8595067.6,-0.015568862275449069,-0.015691329794675534,836.0,783.6850000000001,814.3825177737647,783.3503041400869,59.34030061771116,31.03221363367777,27.95300148462311,37.441656294154036,783.6850000000001,51.894288043861486,887.473576087723,679.8964239122771,626850.0
CHDC,2022-08-03,816.0,848.0,814.0,814.1,-0.96 %,14377.0,11921844.7,-0.009610705596106994,-0.009657186476247808,830.82,790.0400000000001,814.3390535008779,785.6280593889694,57.238405578612536,28.710994111908462,28.10460001008018,37.19582370171447,790.0400000000001,46.98078442579978,884.0015688515996,696.0784311484006,612473.0
CHDC,2022-08-04,810.0,825.0,800.0,800.0,-1.73 %,19407.0,15751997.0,-0.017319739589730987,-0.017471480912004744,823.0200000000001,795.6450000000001,812.1330452699735,786.6926475823791,53.58985343781638,25.44039768759444,27.571759545583035,36.324693437306294,795.6450000000001,40.376510563240444,876.398021126481,714.8919788735192,593066.0
CHDC,2022-08-05,794.9,819.0,784.2,795.0,-0.63 %,12668.0,10094419.3,-0.006249999999999978,-0.006269613013595374,813.22,797.595,809.4971921515162,787.3080070207214,52.31633305455366,22.189185130794726,26.495244662625375,36.21578676321298,797.595,39.288159124203425,876.1713182484069,719.0186817515931,580398.0
CHDC,2022-08-07,780.0,805.0,780.0,788.0,-0.88 %,8791.0,6925333.7,-0.008805031446540879,-0.008844024796452772,803.8199999999999,800.445,806.1899318205137,787.3592657599272,50.50672203102515,18.83066606058651,24.962328942217603,35.4146591372692,800.445,36.144701511683934,872.7344030233679,728.1555969766322,571607.0
CHDC,2022-08-08,790.1,819.0,779.1,780.0,-1.02 %,13127.0,10379481.9,-0.010152284263959421,-0.010204170174241736,795.42,802.945,802.1607115404347,786.8141349628957,48.44434685525777,15.346576577539054,23.039178469281897,35.73504062746426,802.945,32.568025569168114,868.0810511383363,737.8089488616638,558480.0
CHDC,2022-08-09,775.0,794.0,750.1,755.0,-3.21 %,14395.0,11065314.0,-0.03205128205128205,-0.032576170434612715,783.6,804.3,794.905217457291,784.4575323730514,42.591393724830816,10.447685084239538,20.520879792273423,36.31825201121681,804.3,29.72071756589806,863.741435131796,744.8585648682039,544085.0
CHDC,2022-08-10,750.0,785.5,746.0,775.0,2.65 %,11953.0,9140004.0,0.026490066225165476,0.026145280104322207,778.6,805.85,791.8428763100155,783.756974419492,48.00366261374931,8.085901890523473,18.033884211923436,36.54551972470133,805.85,27.103553855154285,860.0571077103086,751.6428922896914,556038.0
CHDC,2022-08-11,769.9,784.0,758.0,774.9,-0.01 %,9996.0,7680268.3,-0.00012903225806459862,-0.00012904058344257848,774.58,805.795,789.2362799546286,783.1009022402704,47.97930633037954,6.135377714358128,15.654182912410375,35.79226831579409,805.795,27.168353784665026,860.13170756933,751.4582924306699,546042.0
CHDC,2022-08-14,760.0,774.0,750.0,756.0,-2.44 %,6840.0,5192569.0,-0.024390243902439046,-0.02469261259037152,768.1800000000001,803.845,784.1230061154549,781.0934280002505,43.488188549939345,3.0295781152044583,13.129261952969193,35.01424915038022,803.845,29.299927698856138,862.4448553977123,745.2451446022877,539202.0
CHDC,2022-08-15,746.0,780.0,744.0,778.6,2.99 %,9416.0,7257538.0,0.029894179894179862,0.029456058996822326,767.9,802.84,783.2733128669233,780.9087296298616,49.56734887051571,2.3645832370617654,10.976326209787707,35.084659925353066,802.84,29.825693621444966,862.4913872428899,743.1886127571101,548618.0
CHDC,2022-08-16,767.0,782.0,757.0,764.4,-1.82 %,16448.0,12610807.7,-0.018237862830721818,-0.01840622281023739,769.78,802.26,780.369726272012,779.6858607683904,46.20416881507072,0.6838655036216323,8.917834068554493,34.364327073542135,802.26,30.480699674250957,863.2213993485019,741.2986006514981,532170.0
CHDC,2022-08-17,751.0,769.0,750.0,757.8,-0.86 %,7966.0,6012864.0,-0.008634222919937207,-0.008671713781617548,766.3399999999999,800.41,776.8974606917025,778.0646858966578,44.68652016864345,-1.1672252049553435,6.900822213852526,33.2668751397177,800.41,32.0402526437291,864.4905052874582,736.3294947125418,524204.0
CHDC,2022-08-18,750.0,772.0,750.0,760.5,0.36 %,13195.0,10091886.0,0.0035629453681711443,0.003556613114847242,763.46,796.435,774.3747744314405,776.763598052461,45.475536495015014,-2.3888236210204923,5.042893046877923,32.46209834402358,796.435,31.800699677842136,860.0363993556842,732.8336006443157,537399.0
CHDC,2022-08-21,746.0,774.0,746.0,751.1,-1.24 %,3700.0,2812755.0,-0.012360289283366188,-0.012437313007381434,762.48,793.49,770.7940399035266,774.8625907893158,43.16690461212409,-4.06855088578925,3.2206042603444884,32.143377033736186,793.49,33.17592500594838,859.8418500118968,727.1381499881032,533699.0
CHDC,2022-08-22,740.1,765.0,740.1,750.2,-0.12 %,10779.0,8114239.9,-0.001198242577552855,-0.0011989610441790657,756.8,789.03,767.6257260722148,773.0357322123294,42.942123552292536,-5.41000614011466,1.4944821802526587,31.62599295989789,789.03,32.67113807565034,854.3722761513006,723.6877238486993,522920.0
CHDC,2022-08-23,750.0,760.0,745.1,751.0,0.11 %,2610.0,1965245.0,0.0010663822980538917,0.0010658141163478242,754.12,784.58,765.0679220611048,771.4034557521569,43.22513050920198,-6.335533691052092,-0.07152099400829148,30.43127917704804,784.58,31.3997586313268,847.3795172626536,721.7804827373465,525530.0
CHDC,2022-08-24,748.0,761.0,742.1,757.0,0.80 %,6050.0,4547704.1,0.007989347536617952,0.00795760167331414,753.96,780.48,763.8267032824733,770.336533103849,45.41200857679708,-6.509829821375661,-1.3591827594817654,29.607616378687464,780.48,29.19613528859249,838.872270577185,722.0877294228151,531580.0
CHDC,2022-08-25,741.9,765.0,737.0,738.1,-2.50 %,5934.0,4420030.4,-0.0249669749009247,-0.02528393666144212,749.4800000000001,775.185,759.8687489313236,767.9486417628231,40.163934977262926,-8.079892831499478,-2.703324773885308,29.492786637352644,775.185,26.553229063233278,828.2914581264665,722.0785418735334,525646.0
CHDC,2022-08-26,738.1,740.0,725.4,727.5,-1.44 %,3736.0,2718012.0,-0.01436119766969246,-0.01446531773035908,744.76,769.81,754.8889414034276,764.952446076688,37.54339103138962,-10.063504673260468,-4.175360753760341,28.42901616325603,769.81,24.617727886954142,819.0454557739082,720.5745442260917,521910.0
CHDC,2022-08-28,713.0,725.0,701.0,703.0,-3.37 %,10114.0,7166933.7,-0.033676975945017174,-0.03425710723498267,735.32,763.8599999999999,746.9060273413618,760.3633759969333,32.29802228659162,-13.457348655571536,-6.03175833412258,28.291229294452027,763.8599999999999,25.69696684948427,815.2539336989685,712.4660663010313,511796.0
CHDC,2022-08-29,691.1,708.9,690.0,702.9,-0.01 %,6270.0,4354731.5,-0.00014224751066860275,-0.00014225762880527967,725.7,758.3,740.1358692888446,756.1068296267902,32.278199238773865,-15.970960337945598,-8.019598734887184,27.620427201991166,758.3,26.27800761494044,810.8560152298809,705.743984770119,505526.0
CHDC,2022-08-30,702.0,715.6,689.1,695.0,-1.12 %,5900.0,4117738.6,-0.011239152084222437,-0.011302788617067462,713.3,753.05,733.191889398253,751.5803978025835,30.676390962749252,-18.388508404330537,-10.093380668775854,27.540396687563227,753.05,27.944390266541294,808.9387805330825,697.1612194669174,499626.0
CHDC,2022-08-31,681.1,710.0,680.0,681.0,-2.01 %,6887.0,4736943.9,-0.020143884892086295,-0.020349539415279727,701.8799999999999,747.35,725.162367952368,746.3522201875774,28.022440464445708,-21.1898522352094,-12.312674982062564,27.716082638451567,747.35,30.451419463939192,808.2528389278784,686.4471610721216,492739.0
CHDC,2022-09-01,680.0,690.0,670.0,689.0,1.17 %,10395.0,7036585.5,0.011747430249632984,0.011678964864146294,694.18,742.4,719.5989267289267,742.1039075810902,31.660795753767275,-22.5049808521635,-14.351136156082752,27.16493387856217,742.4,31.5233747859441,805.4467495718882,679.3532504281118,503134.0
CHDC,2022-09-02,676.0,702.0,676.0,682.2,-0.99 %,436.0,299332.6,-0.009869375907111677,-0.009918401029113134,690.02,737.51,713.8452456937072,737.666581093602,30.260598839944933,-23.821335399894792,-16.245176004845163,27.08172431580773,737.51,32.93756294311927,803.3851258862385,671.6348741137615,502698.0
CHDC,2022-09-04,695.0,700.0,682.0,685.2,0.44 %,2244.0,1555068.0,0.004397537379067673,0.004387896465419438,686.48,734.02,709.4382848177522,733.7801676792611,31.695796593783356,-24.341882861508907,-17.86451737617791,26.433029721821462,734.02,34.64072139762302,803.301442795246,664.738557204754,504942.0
CHDC,2022-09-05,678.0,695.0,678.0,685.3,0.01 %,2109.0,1452431.0,0.00014594279042601244,0.00014593214181302002,684.5400000000001,729.535,705.724702538098,730.1890441474641,31.74621901236938,-24.4643416093661,-19.18448222281555,25.7592418845485,729.535,34.86182159990399,799.2586431998079,659.811356800192,507051.0
CHDC,2022-09-06,680.0,694.4,677.1,682.0,-0.48 %,4740.0,3237706.3,-0.0048154093097912964,-0.004827040748315868,684.74,724.89,702.0747483014675,726.619485321726,30.93465979936653,-24.54473702025848,-20.25653318230414,25.155010321366465,724.89,34.68782434652131,794.2656486930426,655.5143513069573,502311.0
CHDC,2022-09-07,669.0,689.0,669.0,678.0,-0.59 %,3112.0,2112447.4,-0.0058651026392961825,-0.0058823699030665245,682.5400000000001,720.99,698.3709408704724,723.018041964561,29.935699230985307,-24.64710109408861,-21.134646764661035,24.786795298411718,720.99,35.383833656218066,791.7576673124362,650.2223326875638,499199.0
CHDC,2022-09-08,670.5,690.0,670.5,679.1,0.16 %,2633.0,1796536.1,0.00162241887905612,0.00162110417935022,681.92,716.015,695.4061807365536,719.7648536708898,30.599417079494714,-24.358672934336255,-21.77945199859608,24.40916706281088,716.015,33.81773553688203,783.650471073764,648.3795289262359,501832.0
CHDC,2022-09-11,680.1,685.0,670.0,683.0,0.57 %,5682.0,3835617.0,0.0057428950080988805,0.005726467451044273,681.48,711.9449999999999,693.4975375463146,717.0415311767498,33.02198295572107,-23.54399363043524,-22.132360324963912,23.737083701181533,711.9449999999999,32.56308007868603,777.071160157372,646.8188398426279,507514.0
CHDC,2022-09-12,684.0,695.0,670.0,673.0,-1.46 %,4520.0,3052745.7,-0.014641288433382083,-0.014749529926062203,679.02,707.705,690.344070231497,713.7791955340276,30.118825529583916,-23.43512530253065,-22.39291332047726,23.827292008239993,707.705,31.78977781747785,771.2845556349557,644.1254443650444,502994.0
CHDC,2022-09-13,670.0,699.0,662.0,681.0,1.19 %,5542.0,3773934.5,0.011887072808320909,0.01181697650478452,678.8199999999999,703.73,688.9065209651128,711.3511069759516,35.03915066916883,-22.444586010838748,-22.403247858549555,24.768199721937137,703.73,29.745448125905344,763.2208962518107,644.2391037481893,508536.0
CHDC,2022-09-14,680.0,699.6,676.3,695.0,2.06 %,9049.0,6231141.4,0.0205580029368575,0.020349539415279703,682.22,700.925,689.8439792781724,710.1399138666219,42.64932913338283,-20.29593458844954,-21.98178520452955,24.663328313227346,700.925,27.611951550396693,756.1489031007933,645.7010968992066,517585.0
CHDC,2022-09-15,690.1,697.0,656.0,659.6,-5.09 %,13750.0,9201619.0,-0.050935251798561065,-0.0522782548793482,678.3199999999999,696.395,685.1910593892228,706.3962165431684,32.33437092511305,-21.205157153945606,-21.826459594412764,25.830233433711108,696.395,26.512449409374,749.4198988187479,643.370101181252,503835.0
CHDC,2022-09-16,650.0,657.8,634.0,655.2,-0.67 %,5776.0,3709673.8,-0.006670709520921747,-0.006693058146584145,672.76,691.6049999999999,680.5770502524192,702.6039042066374,31.320419982133885,-22.026853954218154,-21.866538466373843,25.81378818844603,691.6049999999999,24.72131990600717,741.0476398120143,642.1623601879855,498059.0
CHDC,2022-09-18,644.0,656.0,632.0,632.0,-3.54 %,5736.0,3668362.3,-0.035409035409035505,-0.036051138392002344,664.5600000000001,685.3549999999999,673.1036579058932,697.3739853765161,26.586381800255737,-24.270327470622874,-22.34729626722365,25.684231889271313,685.3549999999999,23.0636755869346,731.4823511738691,639.2276488261307,492323.0
CHDC,2022-09-20,624.0,627.0,610.0,619.9,-1.91 %,7485.0,4607929.0,-0.019145569620253156,-0.0193312194389837,652.3399999999999,679.445,664.918479766525,691.6351716449224,24.505930978942956,-26.71669187839734,-23.22117538945839,25.42107246860908,679.445,23.963227860079808,727.3714557201597,631.5185442798404,484838.0
CHDC,2022-09-21,619.0,646.0,608.2,618.5,-0.23 %,5466.0,3414287.0,-0.0022584287788353086,-0.0022609828753311356,637.04,673.9950000000001,657.7771751870597,686.2177515230762,24.269293947920403,-28.440576336016534,-24.26505557877002,26.30528157799414,673.9950000000001,24.837841990343442,723.670683980687,624.3193160193132,479372.0
CHDC,2022-09-22,611.3,643.4,611.3,631.0,2.02 %,9727.0,6187410.4,0.02021018593371049,0.02000867070867047,631.32,670.3950000000001,653.6576097736659,682.127547706552,30.703425403079038,-28.469937932886182,-25.106032049593253,26.71919003670885,670.3950000000001,25.618177654084192,721.6313553081685,619.1586446918317,489099.0
CHDC,2022-09-25,620.0,631.0,620.0,621.0,-1.58 %,2765.0,1729598.2,-0.015847860538827252,-0.015974780607734385,624.4799999999999,666.3,648.6333621161788,677.5995812097705,28.609312845698867,-28.96621909359169,-25.878069458392943,25.596390748372503,666.3,26.67291154948685,719.6458230989737,612.9541769010262,486334.0
CHDC,2022-09-27,633.0,638.0,621.1,627.2,1.00 %,5177.0,3268280.0,0.00998389694041868,0.009934387102719327,623.52,662.91,645.3359217906128,673.8662788979357,31.718813298133156,-28.530357107322857,-26.408526988178927,24.98236283777447,662.91,27.137775187102203,717.1855503742044,608.6344496257956,491511.0
CHDC,2022-09-28,628.0,630.0,614.9,623.5,-0.59 %,4151.0,2578616.3,-0.005899234693877653,-0.005916703916107054,624.24,660.035,641.9765492074416,670.1354434240145,30.85509780946977,-28.15889421657289,-26.758600433857723,24.27647977793344,660.035,28.147455246301497,716.329910492603,603.740089507397,487360.0
CHDC,2022-09-29,612.2,629.0,612.0,629.0,0.88 %,2902.0,1795719.0,0.008821170809943935,0.008782491580349452,626.3399999999999,657.035,639.9801570216814,667.0883735407542,33.74331041390623,-27.108216519072812,-26.828523650900742,23.756731222366767,657.035,28.095237937011422,713.2254758740228,600.8445241259772,490262.0
CHDC,2022-10-09,639.9,639.9,627.3,637.9,1.41 %,1185.0,751767.0,0.014149443561208175,0.014050274547469007,627.72,654.8199999999999,639.6601328644997,664.9262717969946,38.23899030473074,-25.26613893249487,-26.516046707219566,22.95982184934057,654.8199999999999,27.75100946481471,710.3220189296294,599.3179810703705,491447.0
CHDC,2022-10-10,637.0,637.0,621.3,621.3,-2.60 %,2565.0,1603598.0,-0.026022887599937317,-0.026367474178261477,627.78,651.625,636.8354970391921,661.6946961083283,33.652451066486734,-24.859199069136253,-26.184677179602907,22.50554886010196,651.625,27.747676526729737,707.1203530534594,596.1296469465406,488882.0
CHDC,2022-10-11,611.2,620.0,611.2,618.0,-0.53 %,1470.0,902631.0,-0.005311443746982114,-0.005325599611957376,625.9399999999999,648.26,633.9377282639318,658.458051952156,32.80994178844334,-24.520323688224153,-25.85180648132716,21.619438227237527,648.26,27.528844203096277,703.3176884061926,593.2023115938074,487412.0
CHDC,2022-10-12,610.2,625.0,610.2,616.0,-0.32 %,1445.0,894220.0,-0.003236245954692518,-0.0032414939241709557,624.4399999999999,644.96,631.1780777617885,655.3130110668111,32.28243863027494,-24.134933305022628,-25.508431846066255,21.132335496720557,644.96,27.225595542284008,699.411191084568,590.508808915432,485967.0
CHDC,2022-10-13,605.0,623.0,605.0,620.0,0.96 %,3977.0,2442267.0,0.006493506493506551,0.00647251450561752,622.64,642.0600000000001,629.4583734907441,652.6972324692695,34.54891468677074,-23.2388589785254,-25.054517272558083,20.908597246954802,642.0600000000001,26.602916341920032,695.2658326838401,588.85416731616,489944.0
CHDC,2022-10-16,608.6,615.0,606.5,610.0,-1.61 %,1602.0,979079.0,-0.016129032258064502,-0.01626052087178029,617.06,638.605,626.4647775690911,649.5344745085829,31.6930444079255,-23.06969693949179,-24.657553205944826,20.379411729315176,638.605,26.01996146686818,690.6449229337363,586.5650770662637,488342.0
CHDC,2022-10-17,605.0,612.0,605.0,606.0,-0.66 %,1540.0,935342.0,-0.006557377049180357,-0.006578971098042511,614.0,634.755,623.3163502507695,646.3096986190583,30.603318528199097,-22.99334836828882,-24.324712238413625,19.423739462935522,634.755,24.772065655543784,684.2991313110875,585.2108686889125,486802.0
CHDC,2022-10-19,606.0,630.0,598.0,598.7,-1.20 %,1233.0,741743.8,-0.01204620462046202,-0.012119348138008064,610.1400000000001,631.04,619.5292194429588,642.7830542769059,28.66613820817284,-23.253834833947053,-24.110536757520315,20.322043787011555,631.04,24.3015139229604,679.6430278459208,582.4369721540792,485569.0
CHDC,2022-10-20,593.0,609.0,590.0,599.9,0.20 %,2217.0,1315476.7,0.0020043427426088556,0.0020023367277409183,606.9200000000001,626.985,616.5093395286574,639.6065317378758,29.45663617961354,-23.097192209218406,-23.907867847859933,20.227612087939303,626.985,22.20187936569547,671.3887587313909,582.5812412686091,487786.0
CHDC,2022-10-23,600.0,611.7,595.0,595.0,-0.82 %,4145.0,2482257.5,-0.008168028004667427,-0.008201569113417633,601.9200000000001,621.985,613.2002103704024,636.3023442017368,28.087887785100662,-23.102133831334413,-23.746721044554832,19.975639795943643,621.985,16.642598323213992,655.270196646428,588.6998033535721,483641.0
CHDC,2022-10-31,595.0,606.0,593.6,601.0,1.01 %,1389.0,834737.0,0.010084033613445342,0.010033528989577784,600.1200000000001,619.0550000000001,611.323254928802,633.6873557423488,32.23986163657209,-22.36410081354677,-23.47019699835322,19.434522667661952,619.0550000000001,14.718998643016125,648.4929972860323,589.6170027139678,485030.0
CHDC,2022-11-01,601.0,642.0,600.0,642.0,6.82 %,5672.0,3554478.5,0.06821963394342756,0.06599336915475354,607.32,618.3950000000001,616.0427541705249,634.3031071688415,52.44513751216087,-18.260352998316648,-22.428228198345906,21.04634247711467,618.3950000000001,13.233986350957203,644.8629727019145,591.9270272980857,490702.0
CHDC,2022-11-02,632.0,647.7,622.0,630.0,-1.87 %,8168.0,5169093.2,-0.01869158878504673,-0.018868484304382805,613.5799999999999,618.2950000000001,618.1900227596749,633.984358489668,47.93940683189261,-15.794335729993122,-21.10144970467535,21.3787465858922,618.2950000000001,13.132942709499872,644.5608854189998,592.0291145810004,482534.0
CHDC,2022-11-03,617.5,633.0,615.5,616.0,-2.22 %,4542.0,2821707.7,-0.022222222222222254,-0.02247285585205863,616.8,618.1,617.8530961812633,632.6521837867297,43.268867807709796,-14.799087605466411,-19.840977284833563,21.10169325832847,618.1,13.13681047568868,644.3736209513773,591.8263790486227,477992.0
CHDC,2022-11-06,605.0,639.9,605.0,630.0,2.27 %,4361.0,2759373.0,0.022727272727272707,0.022472855852058576,623.8,618.675,619.7218506149151,632.4557257284533,48.65590007990046,-12.73387511353826,-18.419556850574505,22.087286597019293,618.675,13.404197103910374,645.4833942078207,591.8666057921793,482353.0
CHDC,2022-11-07,642.0,649.9,627.1,635.0,0.79 %,12983.0,8269735.0,0.007936507936507908,0.007905179507113247,630.6,618.875,622.0723351356974,632.6441904893087,50.465017647567905,-10.57185535361134,-16.850016551181874,22.138194697232198,618.875,13.625783415447705,646.1265668308954,591.6234331691046,495336.0
CHDC,2022-11-08,630.0,642.0,630.0,640.0,0.79 %,5155.0,3281015.0,0.007874015748031482,0.007843177461025879,630.2,619.825,624.8304374225131,633.1890652678784,52.27593390600352,-8.358627845365277,-15.151738810018555,21.414037933144186,619.825,14.42088671631149,648.666773432623,590.9832265673771,500491.0
CHDC,2022-11-09,640.0,647.0,620.6,627.0,-2.03 %,11909.0,7475500.5,-0.020312499999999956,-0.0205216357207968,629.6,619.815,625.164216280588,632.7306159887763,47.42169182701236,-7.566399708188328,-13.634670989652511,21.77017808077674,619.815,14.415571807139473,648.646143614279,590.9838563857211,488582.0
CHDC,2022-11-10,621.0,628.0,615.4,615.5,-1.83 %,5590.0,3466822.2,-0.01834130781499199,-0.01851159500841246,629.5,619.4150000000001,623.6774137758822,631.4542740636819,43.56759689642961,-7.77686028779965,-12.463108849281939,21.115165360721264,619.4150000000001,14.418930356724033,648.2528607134482,590.577139286552,482992.0
CHDC,2022-11-13,604.0,624.0,604.0,618.0,0.41 %,4027.0,2492821.0,0.004061738424045558,0.004053511833182637,627.1,618.865,622.8039655026696,630.4576611700759,44.621292172855995,-7.653695667406282,-11.50122621290681,21.035510692098317,618.865,14.242792267649858,647.3505845352997,590.3794154647003,487019.0
CHDC,2022-11-14,610.0,629.9,610.0,627.9,1.60 %,3197.0,1987138.0,0.016019417475728215,0.015892460662373025,625.6800000000001,618.365,623.5879708099512,630.2682047871073,48.70575545249301,-6.6802339771560355,-10.537027765756655,20.954402785519864,618.365,13.704754265369507,645.774508530739,590.955491469261,490216.0
CHDC,2022-11-15,638.0,638.0,613.0,620.0,-1.26 %,2823.0,1745763.3,-0.01258162127727347,-0.012661440080926518,621.68,618.3,623.035975300728,629.5075970250994,45.80267167220404,-6.471621724371403,-9.723946557479604,21.24337401512559,618.3,13.693179247173259,645.6863584943465,590.9136415056535,487393.0
CHDC,2022-11-16,608.0,630.0,604.3,617.0,-0.48 %,6484.0,4020719.0,-0.004838709677419395,-0.004850454133749466,619.68,618.25,622.1073637160006,628.5811083565735,44.712764146931264,-6.4737446405729315,-9.07390617409827,21.561704442616623,618.25,13.69615774013226,645.6423154802645,590.8576845197355,480909.0
CHDC,2022-11-17,604.7,644.8,604.7,626.3,1.51 %,7871.0,4944966.5,0.015072933549432621,0.01496046562597924,621.8399999999999,618.765,622.7523846827697,628.4121373671977,48.781609155529864,-5.6597526844279855,-8.391075476164213,22.885868411001145,618.765,13.800353733088658,646.3657074661774,591.1642925338226,488780.0
CHDC,2022-11-22,638.8,644.8,629.1,638.0,1.87 %,17646.0,11255875.8,0.01868114322209813,0.0185087938134228,625.8399999999999,619.665,625.0981716546513,629.1223494140719,53.42550062474614,-4.024177759420581,-7.517695932815487,22.572592095929636,619.665,14.456478241894652,648.5779564837893,590.7520435162106,506426.0
CHDC,2022-11-23,635.0,637.1,620.1,637.1,-0.14 %,1883.0,1182830.8,-0.0014106583072099887,-0.0014116542223473313,627.6800000000001,621.02,626.944606784705,629.7132864945111,53.027213498227994,-2.768679709806065,-6.567892688213602,22.238835517648948,621.02,14.76954904348289,650.5590980869657,591.4809019130342,504543.0
CHDC,2022-11-24,626.09,640.0,626.09,632.0,-0.80 %,1775.0,1130538.9,-0.008005022759378422,-0.008037234975585072,630.08,622.3199999999999,627.7223595870581,629.8826726801028,50.71973839737642,-2.1603130930446923,-5.68637676917982,21.643918694959734,622.3199999999999,14.520062345830087,651.3601246916601,593.2798753083398,502768.0
CHDC,2022-11-27,628.3,677.0,627.3,673.0,6.49 %,14319.0,9422878.6,0.06487341772151889,0.06285593549787029,641.28,626.0350000000001,634.6881504198184,633.076548777873,64.20499034796887,1.6116016419454127,-4.226781086954774,23.647924502462615,626.0350000000001,17.381698633013254,660.7983972660265,591.2716027339736,517087.0
CHDC,2022-11-28,679.0,679.0,650.0,655.0,-2.67 %,18257.0,12005739.1,-0.026745913818722156,-0.027110094009475904,647.02,628.79,637.8130503552309,634.7005081276601,56.849883723757394,3.1125422275707706,-2.758916424049665,24.03021560942957,628.79,17.38795408807179,663.5659081761436,594.0140918238563,498830.0
CHDC,2022-11-29,667.0,667.0,647.0,664.8,1.50 %,3920.0,2578092.0,0.014961832061068714,0.014851007905986528,652.3799999999999,632.28,641.9648887621183,636.9301001182038,59.565746785027045,5.034788643914567,-1.2001754104568185,23.742343065898883,632.28,17.253271238275968,666.7865424765519,597.7734575234481,502750.0
CHDC,2022-11-30,669.0,669.0,656.0,659.0,-0.87 %,3441.0,2265765.3,-0.008724428399518591,-0.008762709038731154,656.76,635.18,644.5856751064077,638.5649075168553,57.26839495497268,6.020767589552406,0.2440131895450266,22.975032846906103,635.18,16.58019109789059,668.3403821957811,602.0196178042188,499309.0
CHDC,2022-12-01,668.0,680.9,646.0,664.0,0.76 %,20825.0,13987768.9,0.007587253414264028,0.007558614973926624,663.1600000000001,636.28,647.5724943208065,640.4489884415327,58.745557661300246,7.123505879273807,1.6199117274907828,23.826816214984238,636.28,17.745321103127313,671.7706422062546,600.7893577937454,520134.0
CHDC,2022-12-04,657.3,690.0,657.3,681.9,2.70 %,19670.0,13349041.7,0.026957831325301163,0.02660087005017332,664.9399999999999,638.875,652.8536490406824,643.5194337421599,63.597129531311474,9.334215298522508,3.162772441697128,24.460615056771083,638.875,20.378132629712297,679.6312652594246,598.1187347405754,539804.0
CHDC,2022-12-05,671.3,683.9,658.1,661.0,-3.06 %,13992.0,9318567.2,-0.030649655374688334,-0.03112917967492089,666.14,641.125,654.1069338036543,644.8142905019998,55.40431247996584,9.292643301654493,4.3887466136886015,24.55628540985886,641.125,20.203044976345712,681.5310899526914,600.7189100473086,525812.0
CHDC,2022-12-06,648.0,670.0,648.0,656.0,-0.76 %,3176.0,2097302.0,-0.0075642965204235635,-0.007593050907597207,664.3799999999999,642.425,654.3981747569383,645.6428615759258,53.62452715992346,8.755313181012411,5.262059927153364,24.373693594868943,642.425,20.285848710251035,682.9966974205021,601.8533025794978,522636.0
CHDC,2022-12-07,668.7,668.7,645.0,655.0,-0.15 %,9216.0,6014435.0,-0.0015243902439023849,-0.0015255533088370686,663.5799999999999,643.425,654.4907632558709,646.335982940672,53.256052436764435,8.154780315198877,5.840604004762467,24.32557262380688,643.425,20.393236107783977,684.2114722155679,602.638527784432,513420.0
CHDC,2022-12-11,642.1,650.0,638.0,645.0,-1.53 %,4856.0,3124639.0,-0.01526717557251911,-0.015384918839479456,659.78,643.675,653.0306458318908,646.237021241363,49.58666311884114,6.79362459052777,6.031208121915528,23.802317436392105,643.675,20.379682219526302,684.4343644390526,602.9156355609473,508564.0
CHDC,2022-12-12,655.0,660.0,642.0,660.0,2.33 %,5825.0,3789769.4,0.023255813953488413,0.02298951822469878,655.4,645.325,654.102854165446,647.2565011494102,54.63576730852886,6.846353016035891,6.194237100739601,23.387866190935526,645.325,20.294279074614803,685.9135581492296,604.7364418507705,514389.0
CHDC,2022-12-13,647.0,661.0,647.0,660.0,0.00 %,2122.0,1389991.5,0.0,0.0,655.2,647.55,655.0101073707621,648.2004640272316,54.635767308135996,6.809643343530411,6.317318349297763,22.71730432015442,647.55,19.26560884610131,686.0812176922026,609.0187823077973,514389.0
CHDC,2022-12-14,647.3,655.0,647.3,652.1,-1.20 %,2590.0,1689210.0,-0.011969696969696964,-0.012041910621314626,654.4200000000001,649.2549999999999,654.562398544491,648.489318543733,51.4861040988252,6.073080000757955,6.268470679589802,22.001782583000537,649.2549999999999,17.978744028506377,685.2124880570126,613.2975119429872,511799.0
CHDC,2022-12-15,660.0,660.0,637.1,641.0,-1.70 %,2200.0,1412877.8,-0.01702192915197054,-0.01716846747848654,651.6200000000001,649.91,652.4758756914924,647.9345542071602,47.35528569935077,4.541321484332229,5.923040840538288,22.065940969929066,649.91,17.388741063973587,684.6874821279472,615.1325178720527,509599.0
CHDC,2022-12-18,653.8,653.8,625.8,634.0,-1.09 %,2399.0,1519662.6,-0.010920436817472678,-0.010980502483444095,649.4200000000001,650.6099999999999,649.6334332774167,646.9023650066298,44.90829465198289,2.7310682707868636,5.284646326588003,22.48980232921985,650.6099999999999,16.37346698329582,683.3569339665916,617.8630660334082,507200.0
CHDC,2022-12-19,640.0,651.7,627.3,639.0,0.79 %,1700.0,1076544.0,0.007886435331230235,0.007855499940308833,645.22,651.7099999999999,647.9975204655063,646.3170046357684,47.01439222278195,1.6805158297379421,4.563820227217992,22.626245019989867,651.7099999999999,14.644341461552674,680.9986829231053,622.4213170768945,508900.0
CHDC,2022-12-20,626.4,640.0,626.4,633.2,-0.91 %,1633.0,1039437.6,-0.009076682316118911,-0.009118126370677696,639.86,652.0550000000001,645.7209788554284,645.3453746627486,44.871475497565186,0.37560419267981615,3.726177020310357,21.981513232847735,652.0550000000001,14.084798636545136,680.2245972730904,623.8854027269098,507267.0
CHDC,2022-12-21,641.0,641.0,630.0,630.0,-0.51 %,1677.0,1062901.6,-0.005053695514845247,-0.005066508621278727,635.4399999999999,651.655,643.302366723824,644.2086802432857,43.688307652464694,-0.9063135194617189,2.799678912355942,21.19711943050147,651.655,14.608810427468368,680.8726208549367,622.4373791450632,505590.0
CHDC,2022-12-22,640.0,640.0,625.0,630.0,0.00 %,7110.0,4483426.4,0.0,0.0,633.24,651.3,641.2558487663126,643.1561854104497,43.68830765207701,-1.9003366441370417,1.8596758010573455,20.75446804260851,651.3,15.060404691578846,681.4208093831577,621.1791906168422,505590.0
CHDC,2022-12-26,640.0,661.0,632.0,660.0,4.76 %,9692.0,6279445.5,0.04761904761904767,0.04652001563489291,638.4399999999999,652.7,644.1395643407261,644.403875380046,56.23532185682397,-0.264311039319864,1.4348784329819035,21.48629175385076,652.7,14.461382331845476,681.622764663691,623.7772353363091,515282.0
CHDC,2022-12-27,672.0,683.0,661.0,674.0,2.12 %,19980.0,13477556.0,0.021212121212121238,0.02099027589183583,645.4399999999999,652.75,648.733477519076,646.5961809074499,60.64250157927282,2.137296611626084,1.5753620687107397,21.59441377143285,652.75,14.536795418973037,681.8235908379461,623.6764091620539,535262.0
CHDC,2022-12-28,667.0,679.7,661.3,665.0,-1.34 %,8110.0,5420453.8,-0.013353115727002929,-0.013443070256452855,651.8,653.25,651.2360194392181,647.9594267661573,56.69025025500811,3.2765926730608044,1.9156081895807526,21.366241359187654,653.25,14.788064177089113,682.8261283541782,623.6738716458218,527152.0
CHDC,2022-12-29,677.6,707.0,660.0,707.0,6.32 %,16618.0,11385155.5,0.06315789473684208,0.061243625240718594,667.2,655.36,659.8150933716461,652.3328025612567,67.3758354020567,7.482290810389372,3.0289447137424768,23.19722411924568,655.36,18.948223080151262,693.2564461603025,617.4635538396975,543770.0
CHDC,2023-01-01,693.0,715.0,684.1,690.0,-2.40 %,19065.0,13299177.1,-0.0240452616690241,-0.024339068305267744,679.2,656.9100000000001,664.4589251606236,655.1229653344969,60.83340549260948,9.335959826126668,4.290347736219315,23.747422396442413,656.9100000000001,20.46858697204125,697.8471739440826,615.9728260559176,524705.0
CHDC,2023-01-02,690.0,711.9,683.3,710.0,2.90 %,9045.0,6328220.6,0.02898550724637672,0.028573372444055948,689.2,659.21,671.4652443666815,659.187930865275,65.12408682602475,12.277313501406525,5.887740889256758,24.094035082410816,659.21,23.645159736144794,706.5003194722897,611.9196805277104,533750.0
CHDC,2023-01-03,710.0,725.0,695.0,711.0,0.14 %,15898.0,11309460.4,0.0014084507042253502,0.0014074597678797698,696.6,660.665,677.5475144641151,663.0258619122916,65.32860712796784,14.521652551823536,7.6145232217701135,24.515889719381473,660.665,25.90245416132185,712.4699083226436,608.8600916773563,549648.0
CHDC,2023-01-04,703.0,750.0,703.0,750.0,5.49 %,13353.0,9782103.1,0.05485232067510548,0.05340077672711525,713.6,665.115,688.6940507004051,669.4683906595293,72.18048587909404,19.225660040875823,9.936750585591255,26.121897596568513,665.115,32.71277353927673,730.5405470785535,599.6894529214466,563001.0
CHDC,2023-01-05,750.0,760.0,728.0,752.0,0.27 %,16200.0,12051299.3,0.002666666666666595,0.0026631174194836284,722.6,669.915,698.4334275157274,675.5818432032679,72.48083317928305,22.851584312459522,12.519717330964909,26.541762053956475,669.915,37.93172918478387,745.7784583695677,594.0515416304322,579201.0
CHDC,2023-01-08,738.1,789.0,728.0,754.9,0.39 %,20172.0,15324852.5,0.0038563829787234827,0.0038489661957394152,735.58,674.91,707.1205925133079,681.4572622252481,72.93708173585598,25.663330288059797,15.148439922383888,29.003064764388157,674.91,42.20158265927683,759.3131653185536,590.5068346814463,599373.0
CHDC,2023-01-09,768.9,783.0,740.1,764.1,1.22 %,9240.0,7088248.9,0.012187044641674527,0.012113380507941985,746.4,680.865,715.8866552035682,687.5789465048593,74.38781435694929,28.307708698708893,17.780293677648892,29.995702995503287,680.865,45.991707204444396,772.8484144088889,588.8815855911112,608613.0
CHDC,2023-01-10,775.0,791.0,735.2,747.0,-2.24 %,26157.0,19877436.0,-0.0223792697290931,-0.022633485520703756,753.6,685.2149999999999,720.6733236337885,691.9805060230179,67.17936859525406,28.69281761077059,19.962798464273234,31.838867067253048,685.2149999999999,47.9854942445644,781.1859884891287,589.2440115108711,582456.0
CHDC,2023-01-12,761.0,761.9,716.4,720.0,-3.61 %,26662.0,19597521.9,-0.03614457831325302,-0.036813973122716316,747.6,688.2149999999999,720.5697353824364,694.056024095387,57.675817151565546,26.513711287049432,21.272981028828475,32.81466227673498,688.2149999999999,48.201193204278354,784.6173864085566,591.8126135914432,555794.0
CHDC,2023-01-17,730.0,753.0,710.0,747.0,3.75 %,16072.0,11806972.4,0.03750000000000009,0.0368139731227164,746.6,692.96,724.6359299389846,697.9778000883214,63.271330005102335,26.658129850663272,22.350010793195437,33.54218639982534,692.96,49.12113276595825,791.2022655319165,594.7177344680836,571866.0
CHDC,2023-01-18,750.0,780.0,737.0,755.0,1.07 %,36212.0,27570668.0,0.010709504685408211,0.01065256411620731,746.62,698.6600000000001,729.307325332987,702.2016667484456,64.75802690942744,27.105658584541402,23.301140351464632,34.21774451412353,698.6600000000001,49.387910304151205,797.4358206083025,599.8841793916977,608078.0
CHDC,2023-01-19,740.0,770.1,740.0,750.5,-0.60 %,11254.0,8573642.0,-0.00596026490066226,-0.005978098175508067,743.9,704.485,732.5677368202198,705.7793210633756,63.208148896799415,26.788415756844188,23.998595432540544,33.923619905971854,704.485,48.216619486824136,800.9182389736483,608.0517610263518,596824.0
CHDC,2023-01-23,750.5,787.0,743.0,770.0,2.60 %,38255.0,29565580.9,0.025982678214523602,0.025650863774212843,748.5,711.0350000000001,738.326546540186,710.5364083920146,66.90454915387832,27.790138148171422,24.75690397566672,34.643361341259585,711.0350000000001,47.74818018026079,806.5313603605216,615.5386396394786,635079.0
CHDC,2023-01-24,770.0,775.2,750.1,775.0,0.65 %,12778.0,9757628.0,0.006493506493506551,0.00647251450561752,759.5,718.125,743.9686163032343,715.3114892518653,67.79791915496375,28.657127051369002,25.536948590807178,33.96169267402676,718.125,46.08102560765061,810.2870512153012,625.9629487846988,647857.0
CHDC,2023-01-25,762.0,833.3,762.0,814.0,5.03 %,44289.0,35689941.0,0.05032258064516126,0.049097336649193274,772.9,727.325,754.742675333506,722.6217493072827,73.75003168161064,32.12092602622329,26.8537440778904,36.62871462588199,727.325,45.92840968060808,819.1818193612162,635.4681806387839,692146.0
CHDC,2023-01-26,814.0,828.0,803.6,809.0,-0.61 %,15115.0,12318918.3,-0.00614250614250611,-0.006161448944048575,783.7,736.275,763.0899560514281,729.020138247484,71.91478081003018,34.069817803944034,28.29695882310113,35.75523500974756,736.275,43.33198496552995,822.9389699310599,649.6110300689401,677031.0
CHDC,2023-01-29,815.0,815.0,783.0,795.0,-1.73 %,21806.0,17285325.0,-0.017305315203955507,-0.017456802404159796,792.6,743.025,767.9991935819776,733.9075354143371,66.89516292269201,34.0916581676405,29.455898692009004,35.48700393762273,743.025,41.29168228973067,825.6083645794613,660.4416354205387,655225.0
CHDC,2023-01-30,779.4,790.0,765.0,770.0,-3.14 %,17636.0,13616736.1,-0.03144654088050314,-0.03195159980660236,792.6,747.825,768.307009953981,736.5810513095714,58.97848838706237,31.725958644409616,29.909910682489127,35.095075084935395,747.825,38.31823634827631,824.4614726965526,671.1885273034475,637589.0
CHDC,2023-01-31,760.1,782.9,760.1,775.0,0.65 %,9018.0,6931613.0,0.006493506493506551,0.00647251450561752,792.6,753.325,769.3367007302917,739.4268993607143,59.99811969025939,29.909801369577394,29.909888819906783,34.216855436011436,753.325,33.380547045440686,820.0860940908814,686.5639059091187,646607.0
CHDC,2023-02-01,760.3,777.0,760.3,765.0,-1.29 %,6780.0,5201388.0,-0.012903225806451646,-0.01298719552681119,782.8,756.225,768.6695160025546,741.3212031117724,56.94928114792599,27.348312890782154,29.39757363408186,32.96565147629634,756.225,31.616998675766162,819.4589973515324,692.9910026484677,639827.0
CHDC,2023-02-02,765.0,774.0,756.0,756.3,-1.14 %,10123.0,7720676.4,-0.011372549019607936,-0.0114377109645521,772.26,759.54,766.7665135406231,742.4307436220115,54.361132490273214,24.335769918611618,28.385212890987813,31.8966763708466,759.54,27.517963510945133,814.5759270218903,704.5040729781097,629704.0
CHDC,2023-02-05,742.5,778.0,742.5,772.0,2.08 %,9453.0,7198698.5,0.020758958085415946,0.020546427162792442,767.6600000000001,762.64,767.5716653036043,744.62105890927,58.064900153416204,22.950606394334272,27.298291591657105,32.15405663007184,762.64,25.0224825223073,812.6849650446146,712.5950349553854,639157.0
CHDC,2023-02-06,758.0,777.0,758.0,767.5,-0.58 %,11394.0,8767917.5,-0.0058290155440414715,-0.0058460705634239725,767.1600000000001,765.4649999999999,767.5606398722806,746.3157952863611,56.64592403308977,21.24484458591951,26.087602190509585,31.214481156495285,765.4649999999999,21.877271912101143,809.2195438242022,721.7104561757976,627763.0
CHDC,2023-02-07,770.0,805.0,766.0,804.0,4.76 %,13368.0,10553053.2,0.04755700325732892,0.04646078971761409,772.96,768.165,773.1666952765452,750.5886993392232,64.2724922514634,22.57799593732193,25.385680939872056,31.77058964531705,768.165,23.162657674078126,814.4903153481562,721.8396846518438,641131.0
CHDC,2023-02-08,804.0,819.7,787.1,805.0,0.12 %,34256.0,27479382.6,0.0012437810945273853,0.0012430082395970227,780.96,770.8149999999999,778.0641267724612,754.6191660548363,64.45697063458611,23.444960717624895,24.997536895422627,31.829833242080117,770.8149999999999,24.22343960539045,819.2618792107809,722.368120789219,675387.0
CHDC,2023-02-09,802.0,808.0,786.0,795.0,-1.24 %,13288.0,10518542.0,-0.012422360248447228,-0.012500162764231494,788.7,772.8199999999999,780.6696457305441,757.6103389396633,61.061537509952245,23.059306790880783,24.60989087451426,31.127702296217254,772.8199999999999,24.494845859576575,821.8096917191531,723.8303082808468,662099.0
CHDC,2023-02-12,779.2,781.0,766.5,779.8,-1.91 %,11359.0,8743336.1,-0.019119496855345974,-0.01930463810583501,790.26,773.605,780.5358540796911,759.2540175367253,56.21423764285073,21.281836542965834,23.944280008204576,30.94000927505888,773.605,24.452219251347984,822.509438502696,724.7005614973041,650740.0
CHDC,2023-02-14,766.2,780.0,755.7,759.0,-2.67 %,16826.0,12866459.5,-0.026673506027186433,-0.027035699152867,788.5600000000001,774.205,777.2226457597387,759.2352014228937,50.32668374688963,17.987444336844987,22.752912873932658,30.46572289826896,774.205,23.90616469713446,822.0173293942689,726.3926706057312,633914.0
CHDC,2023-02-15,759.0,773.0,750.2,750.5,-1.12 %,4852.0,3663643.2,-0.011198945981554687,-0.011262126322113292,777.86,775.73,773.1114694890097,758.5881494656423,48.10921691518084,14.523320023367319,21.10699430381959,29.91817126267832,775.73,21.071085201743788,817.8721704034876,733.5878295965124,629062.0
CHDC,2023-02-16,750.0,750.0,740.4,740.4,-1.35 %,6030.0,4504118.5,-0.013457694870086634,-0.01354907037417423,764.94,775.4,768.0789357214696,757.240879134854,45.54146564086436,10.838056586615608,19.053206760378796,28.50258760105844,775.4,21.590007435219455,818.5800148704388,732.2199851295611,623032.0
CHDC,2023-02-20,731.1,747.0,731.1,744.0,0.49 %,8448.0,6232818.5,0.004862236628849326,0.00485045413374948,754.74,774.85,764.3744840720127,756.260073273013,46.63478919656565,8.114410798999756,16.865447568102987,27.602402772411406,774.85,22.26655504752389,819.3831100950478,730.3168899049523,631480.0
CHDC,2023-02-22,731.0,786.9,731.0,769.0,3.36 %,10550.0,8007382.0,0.03360215053763449,0.03304993467255219,752.58,775.775,765.0861019070876,757.203771549086,53.601236474245184,7.882330358001582,15.068824126082706,29.62365971723916,775.775,21.575299595411828,818.9255991908236,732.6244008091763,642030.0
CHDC,2023-02-23,756.0,765.0,751.7,753.0,-2.08 %,6106.0,4620267.3,-0.020806241872561748,-0.021025741705750375,751.38,774.925,763.2267016136894,756.8923810639685,49.17661227623541,6.334320549720928,13.321923410810351,28.743398308864933,774.925,22.142216762512643,819.2094335250252,730.6405664749747,635924.0
CHDC,2023-02-26,740.0,744.0,708.1,744.0,-1.20 %,21156.0,15244347.5,-0.01195219123505975,-0.0120241929668017,750.08,773.375,760.2687475192756,755.9373898740449,46.83466963923074,4.331357645230696,11.523810257694421,29.89744128680315,773.375,23.19661669976884,819.7682333995376,726.9817666004624,614768.0
CHDC,2023-02-27,744.0,749.0,728.0,743.0,-0.13 %,4416.0,3238860.9,-0.0013440860215053752,-0.0013449901153326995,750.6,769.825,757.6120171316948,754.9790646981897,46.56929495936812,2.632952433505011,9.74563869285654,29.261909766317213,769.825,22.057076081461307,813.9391521629227,725.7108478370774,610352.0
CHDC,2023-02-28,749.9,754.9,721.0,732.3,-1.44 %,5009.0,3704485.2,-0.014401076716016203,-0.014505778650735142,748.26,765.99,753.7178606498956,753.2991339798053,43.71504864609913,0.4187266700902228,7.8802562883032765,29.593201925865984,765.99,21.549304543674143,809.0886090873483,722.8913909126517,605343.0
CHDC,2023-03-01,730.0,742.0,725.2,726.0,-0.86 %,5646.0,4114999.5,-0.008603031544448969,-0.00864025124222796,739.66,762.54,749.4535743960655,751.2769759072271,42.079716237725016,-1.8234015111615918,5.939524728410303,28.679401788304123,762.54,22.174722451244097,806.8894449024882,718.1905550975117,599697.0
CHDC,2023-03-02,740.0,740.0,712.3,715.1,-1.50 %,2910.0,2087128.4,-0.015013774104683186,-0.015127621770445814,732.0799999999999,759.795,744.1684091043631,748.5971999140992,39.337790593040786,-4.428790809736029,3.865861620781037,28.609444517710976,759.795,24.480765274420968,808.7565305488419,710.8334694511581,596787.0
CHDC,2023-03-05,715.1,715.1,707.1,707.1,-1.12 %,4385.0,3116353.0,-0.01118724653894565,-0.011250294444155193,724.7,756.4,738.4655769344611,745.5233332537955,37.41101753899047,-7.05775631933443,1.6811380327579435,27.13734133787448,756.4,26.854285162319993,810.1085703246399,702.69142967536,592402.0
CHDC,2023-03-07,697.0,721.0,697.0,712.0,0.69 %,1240.0,886792.0,0.006929712911893704,0.006905812801780699,718.5,753.75,734.3939497137748,743.040123383144,39.36986191301443,-8.646173669369205,-0.38432430766748604,26.913245528026305,753.75,28.524089542188484,810.798179084377,696.701820915623,593642.0
CHDC,2023-03-09,720.0,744.0,715.0,744.0,4.49 %,3831.0,2781843.3,0.04494382022471921,0.043963123421116204,720.84,753.135,735.8718036039633,743.111225354763,50.30766351501406,-7.239421750799693,-1.7553437962939273,27.276585133167284,753.135,28.598716846449943,810.3324336928998,695.9375663071002,597473.0
CHDC,2023-03-12,744.0,744.0,724.0,730.0,-1.88 %,4360.0,3177615.2,-0.018817204301075252,-0.018996500690655036,721.6400000000001,751.0350000000001,734.9684492033534,742.1400234766323,46.36663310603615,-7.171574273278907,-2.8385898916909236,26.756829052226763,751.0350000000001,28.682458879403782,808.3999177588076,693.6700822411925,593113.0
CHDC,2023-03-13,715.4,730.0,715.4,720.0,-1.37 %,1140.0,820881.0,-0.013698630136986356,-0.013793322132335873,722.6200000000001,748.6600000000001,732.665610864376,740.5000217376225,43.731362060892586,-7.834410873246497,-3.8377540880020384,25.888484119924854,748.6600000000001,29.209090149621154,807.0781802992424,690.2418197007578,591973.0
CHDC,2023-03-14,707.3,733.9,707.3,727.9,1.10 %,4110.0,2968848.0,0.010972222222222161,0.010912464114111174,726.78,744.855,731.9324399621644,739.566686794095,46.32667655121269,-7.634246831930568,-4.597052636787745,25.939306682787368,744.855,26.44671853090506,797.7484370618101,691.9615629381899,596083.0
CHDC,2023-03-15,730.0,730.0,716.7,725.0,-0.40 %,2935.0,2113506.0,-0.003984063745019917,-0.00399202126953745,729.3799999999999,740.855,730.865910737216,738.4876729574953,45.49708794348651,-7.621762220279265,-5.201994553486049,25.036499062588266,740.855,22.64828272798211,786.1515654559643,695.5584345440358,593148.0
CHDC,2023-03-16,710.6,730.0,710.6,721.3,-0.51 %,1566.0,1123248.1,-0.005103448275862177,-0.0051165153450479384,724.8399999999999,737.1700000000001,729.3942321622598,737.2145119976808,44.404523021004586,-7.820279835421047,-5.725651609873049,24.6338919866891,737.1700000000001,19.091306922269823,775.3526138445397,698.9873861554604,591582.0
CHDC,2023-03-19,715.0,726.0,710.1,720.0,-0.18 %,1820.0,1308010.0,-0.0018023014002495064,-0.0018039274995259081,722.8399999999999,734.18,727.9489656757582,735.9393629608156,44.00468062807306,-7.990397285057384,-6.178600744909916,24.01004255906845,734.18,16.58117512184733,767.3423502436946,701.0176497563053,589762.0
CHDC,2023-03-20,707.2,735.0,707.2,730.3,1.43 %,2575.0,1881542.5,0.014305555555555571,0.014204196615963097,724.9,732.745,728.3106632641031,735.5216323711255,47.99993188194314,-7.210969107022379,-6.385074417332409,24.280753804849272,732.745,15.52859755758978,763.8021951151795,701.6878048848205,592337.0
CHDC,2023-03-22,725.0,740.0,725.0,726.0,-0.59 %,4450.0,3253659.0,-0.005887991236478096,-0.005905393801267924,724.5200000000001,731.52,727.9551766080873,734.8163262695607,46.508043423636366,-6.861149661473405,-6.480289466160609,23.617842818788613,731.52,15.01201623964185,761.5440324792837,701.4959675207162,587887.0
CHDC,2023-03-23,714.2,729.0,713.3,715.2,-1.49 %,5073.0,3632559.5,-0.014876033057851124,-0.014987790965491585,722.5600000000001,730.26,725.9928417453046,733.3632650644081,42.90136955836523,-7.370423319103452,-6.658316236749178,23.052282617446572,730.26,15.28258038284835,760.8251607656966,699.6948392343033,582814.0
CHDC,2023-03-26,701.0,729.0,701.0,715.0,-0.03 %,4429.0,3183552.2,-0.00027964205816566334,-0.0002796811652968466,721.3,728.8100000000001,724.3016353229501,732.0030232077853,42.83512202117415,-7.701387884835185,-6.8669305663663796,23.405691001914676,728.8100000000001,15.286075535057652,759.3821510701154,698.2378489298848,578385.0
CHDC,2023-03-27,702.3,728.0,702.3,720.0,0.70 %,2125.0,1529835.0,0.006993006993007089,0.0069686693160934355,721.3,726.36,723.6398452732656,731.113910377579,45.11684209411689,-7.474065104313468,-6.988357473955798,23.56957021606363,726.36,12.100343622798901,750.5606872455978,702.1593127544022,580510.0
CHDC,2023-03-28,722.0,736.4,717.1,725.0,0.69 %,3868.0,2814773.7,0.00694444444444442,0.006920442844573757,720.24,724.96,723.8490998466093,730.661028127388,47.37877001151756,-6.811928280778716,-6.9530716353203825,23.264600914916226,724.96,10.34893332923598,745.657866658472,704.262133341528,584378.0
CHDC,2023-03-29,712.5,730.0,712.5,722.0,-0.41 %,940.0,679104.0,-0.004137931034482789,-0.004146515961848577,719.4399999999999,723.86,723.5646229471309,730.0194704883223,46.14978858781866,-6.454847541191384,-6.853426816494583,22.852843706707926,723.86,9.338511095138593,742.5370221902772,705.1829778097228,583438.0
CHDC,2023-03-30,720.0,734.4,720.0,723.1,0.15 %,3559.0,2585862.5,0.0015235457063711433,0.0015223862880798904,721.02,722.865,723.4931424937263,729.506917118817,46.69577182503773,-6.0137746250907185,-6.68549637821381,22.24906915622879,722.865,8.180160531195845,739.2253210623917,706.5046789376083,586997.0
CHDC,2023-04-02,723.1,737.0,715.0,718.1,-0.69 %,5072.0,3650986.1,-0.006914672935970145,-0.006938690064634338,721.64,722.155,722.6634282639222,728.661960295201,44.48779369391753,-5.998532031278728,-6.548103508826794,22.231278502212447,722.155,7.930585363696233,738.0161707273925,706.2938292726075,581925.0
CHDC,2023-04-03,710.0,723.0,710.0,720.0,0.26 %,1538.0,1100580.0,0.002645871048600368,0.002642376893829043,721.64,721.855,722.2536700694727,728.0203336066676,45.541575181066335,-5.766663537194859,-6.391815514500408,21.57190146634013,721.855,7.890865805362685,737.6367316107254,706.0732683892746,583463.0
CHDC,2023-04-04,720.0,734.0,711.0,716.0,-0.56 %,5115.0,3669329.5,-0.005555555555555536,-0.00557104504945536,719.8399999999999,721.9,721.2915669818616,727.1299385246922,43.662427021762866,-5.8383715428306004,-6.281126720166447,21.67390850445869,721.9,7.8527903187224455,737.6055806374449,706.1944193625551,578348.0
CHDC,2023-04-05,710.0,724.0,705.3,719.5,0.49 %,2450.0,1754923.0,0.004888268156424624,0.0048763593667769355,719.3399999999999,722.52,721.0159412923445,726.5647578932335,45.77094705324893,-5.54881660088904,-6.134664696310966,21.46148646842593,722.52,7.073642700403895,736.6672854008078,708.3727145991921,580798.0
CHDC,2023-04-06,715.0,732.9,712.1,714.0,-0.76 %,2478.0,1774656.2,-0.007644197359277238,-0.0076735639878380835,717.5200000000001,722.62,719.9365657089068,725.6340350863273,43.044620877055515,-5.697469377420589,-6.047225632532891,21.414237434966935,722.62,6.929767976698195,736.4795359533964,708.7604640466036,578320.0
CHDC,2023-04-09,710.0,714.0,701.6,707.0,-0.98 %,1720.0,1217011.0,-0.009803921568627416,-0.009852296443011594,715.3,720.77,717.9463248306133,724.2537361910438,39.79566568053878,-6.3074113604304785,-6.099262778112409,20.770363332469294,720.77,5.762135934414091,732.2942718688282,709.2457281311717,576600.0
CHDC,2023-04-10,692.9,710.0,681.2,710.0,0.42 %,830.0,584696.0,0.004243281471004279,0.004234304138788385,713.3,719.77,716.7238133182113,723.1979038805962,41.82236262896911,-6.474090562384845,-6.174228334966896,21.343908808721483,719.77,5.8112504316455285,731.392500863291,708.1474991367089,577430.0
CHDC,2023-04-11,698.0,724.0,698.0,717.0,0.99 %,3870.0,2755908.0,0.009859154929577452,0.00981087056425924,713.5,719.62,716.7663035769481,722.7387998894409,46.359821851189004,-5.972496312492808,-6.1338819304720795,21.676486750955664,719.62,5.8436290094729095,731.3072580189458,707.9327419810542,581300.0
CHDC,2023-04-12,715.0,746.0,715.0,746.0,4.04 %,9831.0,7211186.0,0.04044630404463034,0.03964975960414043,718.8,720.525,721.2637953343408,724.4618517494823,60.20668537378365,-3.1980564151415365,-5.546716827405971,22.342451983030262,720.525,8.142731663742804,736.8104633274855,704.2395366725144,591131.0
CHDC,2023-04-13,732.1,745.0,717.4,720.0,-3.49 %,6470.0,4714036.0,-0.034852546916890104,-0.03547438819365988,720.0,720.275,721.0693652829038,724.1313442124837,48.19457335257428,-3.0619789295798228,-5.049769247840742,22.789419698528103,720.275,8.074578366071227,736.4241567321425,704.1258432678575,584661.0
CHDC,2023-04-16,721.0,734.0,715.0,722.0,0.28 %,1205.0,868427.0,0.002777777777777768,0.0027739268827252244,723.0,720.3100000000001,721.2125398547648,723.9734668634109,49.03688336974954,-2.7609270086460356,-4.5920008000018,22.518746862918956,720.3100000000001,8.08076989559874,736.4715397911975,704.1484602088026,585866.0
CHDC,2023-04-17,722.0,725.0,714.0,716.0,-0.83 %,3280.0,2355065.0,-0.008310249307479256,-0.008344971932180647,724.2,720.11,720.4106106463395,723.3828396883434,46.58956053117588,-2.97222904200396,-4.268046448402233,21.695979229853315,720.11,8.138142811563636,736.3862856231273,703.8337143768728,582586.0
CHDC,2023-04-18,702.0,721.0,688.0,720.0,0.56 %,3785.0,2700600.5,0.005586592178770999,0.0055710450494554295,724.8,719.595,720.3474397776718,723.1322589706884,48.43712233059431,-2.7848191930166877,-3.971400997325124,22.503409284863793,719.595,7.777259360356218,735.1495187207124,704.0404812792876,586371.0
CHDC,2023-04-19,734.0,777.0,705.3,722.0,0.28 %,2220.0,1616092.0,0.002777777777777768,0.0027739268827252244,720.0,719.395,720.6016798118761,723.0483879358227,49.37998785310427,-2.4467081239465642,-3.666462422649412,26.017451478802094,719.395,7.654340014200166,734.7036800284003,704.0863199715997,588591.0
CHDC,2023-04-20,722.0,735.0,713.1,718.0,-0.55 %,750.0,537689.0,-0.005540166204986097,-0.005555569844601994,719.6,719.5350000000001,720.2014213792797,722.6744332739099,47.50886649301039,-2.47301189463019,-3.427772317045568,25.7233478017448,719.5350000000001,7.598980194759941,734.7329603895199,704.3370396104802,587841.0
CHDC,2023-04-23,706.1,718.0,706.1,711.1,-0.96 %,1588.0,1128890.8,-0.009610027855153191,-0.009656502158751913,717.42,719.34,718.8012027055444,721.8170678462129,44.38453951420679,-3.015865140668552,-3.345390881770165,24.735965815905885,719.34,7.769603390293457,734.879206780587,703.8007932194131,586253.0
CHDC,2023-04-24,700.1,729.9,700.1,715.9,0.68 %,1216.0,870202.5,0.006750105470398005,0.006727425512667102,717.4,719.135,718.3548638277683,721.3787665242712,46.99590731521676,-3.023902696502887,-3.2810932447167094,25.09768254334118,719.135,7.805279926895446,734.7455598537908,703.5244401462091,587469.0
CHDC,2023-04-25,729.0,730.0,715.1,720.0,0.57 %,5022.0,3646252.6,0.005727056851515533,0.005710719607961623,717.4,718.885,718.6079617004193,721.2766356706215,49.19045545489785,-2.668673970202235,-3.158609389813815,24.369276647388237,718.885,7.686712732497194,734.2584254649944,703.5115745350056,592491.0
CHDC,2023-04-26,733.0,739.0,721.3,724.0,0.56 %,2410.0,1754028.0,0.005555555555555536,0.005540180375615351,717.8,718.985,719.4375060542009,721.4783663616867,51.308568186757284,-2.0408603074857865,-2.9350595733482097,23.985756886860507,718.985,7.7421794157471195,734.4693588314942,703.5006411685058,594901.0
CHDC,2023-04-27,725.0,733.0,716.1,719.2,-0.66 %,2003.0,1451123.6,-0.006629834254143541,-0.006651909228305742,718.0400000000001,718.7900000000001,719.4009666612469,721.3095984830431,48.685730649749196,-1.9086318217962344,-2.7297740230378147,23.479631394941897,718.7900000000001,7.681961098322826,734.1539221966457,703.4260778033545,592898.0
CHDC,2023-04-30,732.0,736.0,708.3,726.8,1.06 %,5124.0,3685771.0,0.010567296996662812,0.010511853364605457,721.18,719.225,720.5392794825935,721.7162948917066,52.79989379125801,-1.1770154091130962,-2.419222300252871,23.781086295303194,719.225,7.884486767019271,734.9939735340386,703.4560264659615,598022.0
CHDC,2023-05-02,737.5,737.5,717.0,718.0,-1.21 %,3162.0,2271391.0,-0.012107870115575015,-0.012181767473791827,721.6,719.125,720.1486211006561,721.4410137886173,48.000937016708676,-1.2923926879611827,-2.1938563777945337,23.546722988495823,719.125,7.886822787698821,734.8986455753976,703.3513544246024,594860.0
CHDC,2023-05-03,708.3,722.0,708.3,718.1,0.01 %,2273.0,1629678.0,0.0001392757660167998,0.00013926606804775095,721.22,719.23,719.8334486236321,721.1935312857568,48.058710496109846,-1.3600826621246824,-2.0271016346605637,22.843385632174694,719.23,7.856951330565879,734.9439026611318,703.5160973388682,597133.0
CHDC,2023-05-04,709.0,728.0,709.0,724.0,0.82 %,1387.0,997029.0,0.008216125887759329,0.008182557269444484,721.22,719.455,720.4744565276886,721.4014178571822,51.483686245472846,-0.9269613294935652,-1.8070735736271641,22.56885808701936,719.455,7.929191569619348,735.3133831392387,703.5966168607614,598520.0
CHDC,2023-05-07,711.0,723.9,711.0,719.9,-0.57 %,1837.0,1320223.0,-0.005662983425414381,-0.005679078910459158,721.36,719.75,720.386078600352,721.2902017196132,49.06259149467442,-0.9041231192611576,-1.626483482753963,21.885368223660834,719.75,7.824623750855929,735.3992475017119,704.1007524982881,596683.0
CHDC,2023-05-08,708.0,716.0,708.0,712.2,-1.07 %,4393.0,3136348.0,-0.010695929990276354,-0.010753542631579795,718.4399999999999,720.01,719.1266818926056,720.6168534440862,44.80145163439949,-1.490171551480671,-1.5992210964993048,21.172127636256487,720.01,7.45639252413907,734.9227850482781,705.0972149517219,592290.0
CHDC,2023-05-09,705.1,725.0,705.1,725.0,1.80 %,3065.0,2210011.0,0.017972479640550265,0.017812884010997284,719.8399999999999,720.76,720.0302692937432,720.9415309667465,52.22897153468183,-0.9112616730033096,-1.4616292118001057,21.08126137652388,720.76,7.144405245794817,735.0488104915896,706.4711895084104,595355.0
CHDC,2023-05-10,720.0,731.3,715.0,726.0,0.14 %,2760.0,2001682.0,0.0013793103448276334,0.0013783599701213596,721.42,721.21,720.9486894023981,721.3162323766171,52.76374072519882,-0.36754297421896354,-1.2428119642838775,20.739742706772173,721.21,7.178469269487858,735.5669385389757,706.8530614610244,598115.0
CHDC,2023-05-11,730.0,730.0,715.2,723.0,-0.41 %,3320.0,2382348.0,-0.004132231404958664,-0.004140792666031388,721.22,720.0600000000001,721.2642756481831,721.4409559042751,50.922062671471345,-0.17668025609202687,-1.0295856226455073,20.31547537057416,720.0600000000001,4.2382220701778115,728.5364441403557,711.5835558596444,594795.0
CHDC,2023-05-14,735.0,735.0,700.0,710.0,-1.80 %,6382.0,4505976.0,-0.017980636237897696,-0.01814425212340363,719.24,719.5600000000001,719.5313101638473,720.5934776891437,43.78936856928683,-1.062167525296445,-1.036102003175695,21.36436998696172,719.5600000000001,4.798508540252938,729.157017080506,709.9629829194942,588413.0
CHDC,2023-05-15,710.0,716.0,703.0,715.0,0.01 %,2283.0,1623125.0,0.007042253521126751,0.00701757265864654,719.8,719.21,718.8341855232553,720.1791460084663,46.87173710916224,-1.3449604852110042,-1.097873699582757,20.766914987893024,719.21,4.865982888794323,728.9419657775887,709.4780342224113,590696.0
CHDC,2023-05-16,715.0,725.0,709.1,715.0,0.00 %,3725.0,2675006.0,0.0,0.0,717.8,719.1600000000001,718.2443108273699,719.7955055633947,46.87173710860864,-1.5511947360248541,-1.1885379068711766,20.41927820304352,719.1600000000001,4.9056787716768975,728.9713575433539,709.3486424566463,590696.0
CHDC,2023-05-17,707.3,735.0,707.3,735.0,2.80 %,2360.0,1713729.0,0.027972027972027913,0.027587956518828963,719.6,719.9100000000001,720.8221091616207,720.9217644105507,57.64604591984483,-0.0996552489300484,-0.9707613752829509,20.939329759968984,719.9100000000001,6.05326358259355,732.0165271651872,707.803472834813,593056.0
CHDC,2023-05-18,722.1,756.0,722.0,753.0,2.45 %,5527.0,4107059.9,0.02448979591836742,0.02419472858705697,725.6,721.46,725.7725539059867,723.2979300097693,64.6035129622872,2.4746238962173948,-0.28168432098288176,21.872234777114056,721.46,9.566190464356724,740.5923809287135,702.3276190712866,598583.0
CHDC,2023-05-21,764.8,770.0,738.2,752.0,-0.13 %,11706.0,8797564.8,-0.0013280212483399723,-0.001328903850053752,734.0,723.1600000000001,729.807545612758,725.4240092683049,63.97476287278196,4.383536344453091,0.6513598121043129,22.58136086446305,723.1600000000001,11.7016598013106,746.5633196026213,699.7566803973789,586877.0
CHDC,2023-05-22,738.3,770.0,738.3,758.0,0.80 %,6234.0,4743257.2,0.007978723404255428,0.00794706169253194,742.6,725.505,734.1448462877183,727.8370456188009,66.10622583340147,6.30780066891748,1.7826479834669464,23.23269223128712,725.505,13.688353674424425,752.8817073488489,698.1282926511511,593111.0
CHDC,2023-05-23,751.1,779.9,751.1,774.0,2.11 %,11151.0,8595598.9,0.02110817941952514,0.02088848794735553,754.4,728.4100000000001,740.2764083973001,731.256523721112,71.0287861816465,9.019884676188099,3.230095322011177,23.630357071909465,728.4100000000001,17.2455608323239,762.9011216646479,693.9188783353522,604262.0
CHDC,2023-05-24,774.0,800.0,756.0,790.0,2.07 %,8442.0,6534385.7,0.02067183462532296,0.020461071871340025,765.4,731.9100000000001,747.9261917207924,735.6078923343629,74.94721383364619,12.318299386429544,5.047736134894851,25.085331566773075,731.9100000000001,21.91896319100755,775.7479263820152,688.072073617985,612704.0
CHDC,2023-05-28,774.2,800.0,751.0,767.6,-2.84 %,10350.0,8061868.8,-0.02835443037974683,-0.02876418132752233,768.3199999999999,734.09,750.9529314560551,737.9776780873731,62.25270050148699,12.975253368682047,6.63323958165229,26.793522169146428,734.09,23.22038351377154,780.5307670275431,687.649232972457,602354.0
CHDC,2023-05-30,767.0,767.0,750.0,756.4,-1.46 %,10923.0,8275283.8,-0.014590932777488352,-0.014698427349242494,769.2,735.95,751.7909420012774,739.3422945253454,57.049538073895626,12.44864747593192,7.796321160508217,26.1368420142074,735.95,23.4536160381181,782.8572320762362,689.0427679237639,591431.0
CHDC,2023-05-31,746.0,766.0,735.0,740.0,-2.17 %,20373.0,15275613.8,-0.021681649920676893,-0.021920150586086994,765.6,736.61,749.9769509241577,739.3910134493939,50.40596616494563,10.585937474763796,8.354244423359333,26.484210441764017,736.61,23.36814971393633,783.3462994278726,689.8737005721274,571058.0
CHDC,2023-06-01,740.0,765.0,735.0,755.0,2.03 %,6959.0,5196275.8,0.020270270270270174,0.020067563050809173,761.8,738.46,750.7497277050566,740.5472346753647,55.509266922994854,10.202493029691823,8.723894144625831,26.7353382673523,738.46,23.281738947539104,785.0234778950783,691.8965221049218,578017.0
CHDC,2023-06-04,760.0,799.9,760.0,789.1,4.52 %,12871.0,10159173.8,0.04516556291390739,0.04417530627796471,761.62,742.01,756.6497695965863,744.1437358105229,64.462113285632,12.506033786063426,9.48032207291335,28.032814105398565,742.01,25.336241984458447,792.6824839689169,691.337516031083,590888.0
CHDC,2023-06-05,780.0,805.8,780.0,784.1,-0.63 %,12084.0,9578979.4,-0.006336332530731181,-0.0063564922901130205,764.9200000000001,745.015,760.8728819663423,747.1034590838175,62.47688148847112,13.76942288252485,10.33814223483565,27.87332738358438,745.015,26.619329640819412,798.2536592816388,691.7763407183612,578804.0
CHDC,2023-06-06,770.4,805.8,770.4,803.9,2.53 %,13040.0,10361208.2,0.0252518811376099,0.024938320097038787,774.42,749.215,767.4924385869051,751.310610262794,66.83293844396027,16.181828324111166,11.506879452690756,28.41094685618549,749.215,28.971006831699615,807.1570136633993,691.2729863366008,591844.0
CHDC,2023-06-07,810.0,830.0,800.0,822.0,2.25 %,19454.0,15952364.5,0.022515238213708155,0.022265511722264753,790.8199999999999,754.705,775.8782172658427,756.5468613544389,70.23469358752642,19.331355911403875,13.07177474443338,28.52445065217224,754.705,31.848167343791726,818.4013346875835,691.0086653124166,611298.0
CHDC,2023-06-08,807.0,850.0,807.0,837.0,1.82 %,16156.0,13551447.5,0.018248175182481674,0.018083675433295327,807.22,760.3050000000001,785.2815684557131,762.5063531059619,72.73081433305519,22.775215349751193,15.012462865496945,29.558418462731368,760.3050000000001,35.93465524210124,832.1743104842026,688.4356895157975,627454.0
CHDC,2023-06-11,831.0,863.0,831.0,855.0,2.15 %,21352.0,18197620.4,0.021505376344086002,0.02127739844728488,820.4,766.755,796.007481000988,769.3577343573722,75.39710434738748,26.6497466436158,17.339919621120714,29.73281714396484,766.755,40.71269651957451,848.1803930391491,685.3296069608509,648806.0
CHDC,2023-06-12,841.0,872.0,841.0,870.0,1.75 %,28060.0,24113086.8,0.01754385964912286,0.01739174271186924,837.5799999999999,774.105,807.3909454623745,776.8127169975669,77.3818116633796,30.57822846480758,19.987581389858086,29.82333020511021,774.105,45.39738544523658,864.8997708904732,683.3102291095269,676866.0
CHDC,2023-06-13,854.0,889.0,854.0,886.6,1.91 %,16213.0,14297189.8,0.019080459770115077,0.01890071066232388,854.1200000000001,782.935,819.5769538527784,784.9451083310804,79.3656344665383,34.63184552169798,22.916434216226065,30.193092333316624,782.935,49.281055130111014,881.4971102602219,684.372889739778,693079.0
CHDC,2023-06-14,904.0,904.0,860.0,870.0,-1.87 %,22990.0,20221699.2,-0.018723212271599343,-0.018900710662323725,863.72,790.685,827.3343455677356,791.2454706769263,72.51605490558585,36.08887489080928,25.55092235114271,31.17930002379401,790.685,50.21413383542809,891.1132676708561,690.2567323291438,670089.0
CHDC,2023-06-15,855.1,872.1,854.1,869.0,-0.11 %,10385.0,8960843.5,-0.0011494252873562871,-0.0011500863832373297,870.1200000000001,798.385,833.7444462496225,797.0050654415984,72.11230041295934,36.739380808024066,27.788614042518983,30.237921450665866,798.385,49.803268493460735,897.9915369869215,698.7784630130785,659704.0
CHDC,2023-06-18,853.2,895.0,853.2,884.0,1.73 %,30934.0,27123003.8,0.017261219792865434,0.01711393737225147,875.9200000000001,805.8349999999999,841.4760699035266,803.4491346681467,74.41357649943333,38.02693523537994,29.836278281091175,31.06378420418973,805.8349999999999,50.95362468383571,907.7422493676713,703.9277506323285,690638.0
CHDC,2023-06-19,872.0,887.4,857.0,885.0,0.11 %,18101.0,15827736.1,0.0011312217194570096,0.0011305823702860774,878.9200000000001,812.435,848.1720591491379,809.4899395075432,74.56426970368753,38.68211964159468,31.605446553191875,31.016371046747608,812.435,52.28138719820413,916.9977743964082,707.8722256035917,708739.0
CHDC,2023-06-20,873.0,886.0,852.5,858.0,-3.05 %,10241.0,8897299.9,-0.03050847457627115,-0.0309835455199672,873.2,817.7349999999999,849.6840500492706,813.0832773217993,63.66208810742222,36.60077272747128,32.60451178804776,31.193773114837064,817.7349999999999,51.19390665838538,920.1228133167707,715.3471866832291,698498.0
CHDC,2023-06-21,852.0,873.0,850.0,865.0,0.82 %,13942.0,11975551.4,0.008158508158508049,0.008125407443916932,872.2,823.085,852.0403500416905,816.9289604831474,65.08731766031877,35.111389558543124,33.105887342146836,30.608503606634418,823.085,50.204196459114414,923.4933929182289,722.6766070817712,712440.0
CHDC,2023-06-22,865.0,873.0,851.0,864.7,-0.03 %,15431.0,13293367.0,-0.000346820809248527,-0.0003468809654947516,871.3399999999999,827.6200000000001,853.9879884968151,820.4675560029143,64.96970781877799,33.520432493900785,33.18879637249763,29.99361049187482,827.6200000000001,49.63016485120693,926.880329702414,728.3596702975863,697009.0
CHDC,2023-06-25,851.0,920.0,851.0,916.9,6.04 %,31341.0,27978492.6,0.06036775760379309,0.05861578908947043,877.9199999999998,833.9649999999999,863.6667594973051,827.6107000026984,73.83056241806929,36.05605949460664,33.76224899691943,32.77978117102662,833.9649999999999,52.59096655470367,939.1469331094072,728.7830668905926,728350.0
CHDC,2023-06-26,905.0,929.0,905.0,919.9,0.33 %,17962.0,16515482.2,0.0032718944268732564,0.003266553427256574,884.9,841.5799999999999,872.3180272669505,834.446944446943,74.2339432379156,37.87108282000747,34.58401576153704,32.15265394452472,841.5799999999999,53.49428498742493,948.5685699748498,734.5914300251501,746312.0
CHDC,2023-06-27,915.0,950.0,911.5,945.0,2.73 %,19484.0,18083815.6,0.027285574518969513,0.02691995901063124,902.3,851.01,883.4998692258812,842.6360596730954,77.37608494378856,40.863809552785824,35.8399745197868,32.6060358056301,851.01,54.30551876578547,959.6210375315709,742.3989624684291,765796.0
CHDC,2023-06-28,945.0,954.0,905.0,907.0,-4.02 %,17447.0,16135650.0,-0.040211640211640254,-0.041042477378606196,910.7,859.36,887.115273960361,847.4037589565698,64.54323550306054,39.71151500379119,36.61428261658768,33.77703324808509,859.36,48.90910366233097,957.1782073246619,761.5417926753381,748349.0
CHDC,2023-07-02,891.0,938.4,891.0,900.1,-0.76 %,18483.0,16822460.1,-0.007607497243660388,-0.007636581852097007,917.78,866.615,889.1129241203055,851.3071842190461,62.515758079988736,37.80573990125936,36.85257407352202,34.7501023017933,866.615,43.02138115916426,952.6577623183285,780.5722376816715,729866.0
CHDC,2023-07-03,882.1,912.0,865.0,874.0,-2.90 %,18156.0,16101312.0,-0.028996778135762735,-0.02942549260750415,909.2,870.86,886.7878588710277,852.9881335361539,55.423633027298926,33.799725334873756,36.242004325792365,35.62509499452235,870.86,38.96794093934922,948.7958818786984,792.9241181213016,711710.0
CHDC,2023-07-04,890.0,897.0,860.0,897.0,2.63 %,13067.0,11474927.8,0.026315789473684292,0.025975486403260736,904.6200000000001,876.5049999999999,888.3589575062541,856.2482717927351,59.7563134120256,32.11068571351905,35.4157406033377,35.72330249491362,876.5049999999999,33.537245202750896,943.5794904055017,809.4305095944981,724777.0
CHDC,2023-07-05,882.0,899.0,864.0,875.0,-2.45 %,12304.0,10838652.1,-0.024526198439241864,-0.024831975701181636,890.6200000000001,880.0600000000001,886.3037332745228,857.6372886969768,54.31787422880067,28.666444577545917,34.06588139817935,35.67163803099122,880.0600000000001,28.881070107014235,937.8221402140285,822.2978597859716,712473.0
CHDC,2023-07-06,860.0,884.3,860.0,871.1,-0.45 %,12645.0,11065876.2,-0.004457142857142826,-0.004467105532768071,883.4400000000002,882.5150000000001,883.9646973861346,858.6345265712748,53.39023538670051,25.330170814859798,32.31873928151544,34.859378171634695,882.5150000000001,25.584725603579887,933.6844512071599,831.3455487928403,699828.0
CHDC,2023-07-09,885.0,900.0,876.0,892.0,2.40 %,6715.0,5949241.3,0.023992652967512296,0.023709351755163005,881.82,885.2650000000001,885.2008977882676,861.1060431215508,57.5719605509951,24.094854666716856,30.673962358555727,34.43370830223221,885.2650000000001,23.287771243157373,931.8405424863148,838.6894575136854,706543.0
CHDC,2023-07-10,876.7,905.0,876.7,896.9,0.55 %,10340.0,9263615.9,0.005493273542600763,0.005478240543947897,886.4,887.36,887.0007596669957,863.7574473347693,58.51176609300026,23.243312332226424,29.187832353289867,33.99558628064419,887.36,22.28488749189132,931.9297749837826,842.7902250162174,716883.0
CHDC,2023-07-11,881.2,905.0,881.2,900.0,0.35 %,10135.0,9092847.0,0.003456349648790269,0.0034503902003533344,887.0,888.86,889.0006427951502,866.442080865527,59.12858126562406,22.558561929623124,27.86197826855652,33.26733011774103,888.86,22.06343486165904,932.9868697233181,844.7331302766819,727018.0
CHDC,2023-07-12,918.0,918.0,882.0,913.0,1.44 %,11965.0,10846113.8,0.014444444444444482,0.014341117270657754,894.6,890.18,892.6928515958963,869.8908156162288,61.7001243558188,22.802035979667494,26.849989810778716,33.46252082361667,890.18,22.701602076550383,935.5832041531007,844.7767958468992,738983.0
CHDC,2023-07-13,905.0,927.1,890.0,903.0,-1.10 %,20489.0,18712098.0,-0.010952902519167584,-0.011013327177983052,900.9799999999999,891.8299999999999,894.2785667349891,872.3433477928045,58.64354524185131,21.935218942184633,25.8670356370599,33.722340764786914,891.8299999999999,22.354278996952942,936.5385579939058,847.1214420060941,718494.0
CHDC,2023-07-16,891.0,910.0,891.0,904.0,0.11 %,5245.0,4725880.0,0.001107419712070845,0.0011068069751910472,903.3799999999999,893.5799999999999,895.7741718526831,874.6882849933374,58.86301100777541,21.085886859345692,24.91080588151706,32.67074499587356,893.5799999999999,21.836970100218064,937.2539402004361,849.9060597995638,723739.0
CHDC,2023-07-17,904.0,928.0,894.1,928.0,2.65 %,8725.0,7951429.7,0.026548672566371723,0.026202372394024117,909.6,895.78,900.7319915676549,878.637300919757,63.82472020870953,22.09469064789789,24.34758283479323,32.758548924739735,895.78,23.006145632026726,941.7922912640535,849.7677087359465,732464.0
CHDC,2023-07-18,938.0,938.0,906.5,924.0,-0.43 %,15773.0,14446746.0,-0.004310344827586188,-0.004319661144516396,914.4,897.7299999999999,904.3116851726311,881.9975008516268,62.472275360264426,22.31418432100429,23.940903132035444,32.66865257297261,897.7299999999999,23.687085088712628,945.1041701774252,850.3558298225746,716691.0
CHDC,2023-07-19,910.0,927.5,910.0,927.5,0.38 %,10450.0,9640508.0,0.0037878787878788955,0.0037807228399061523,917.3,901.2049999999999,907.8791182229955,885.3680563440989,63.20694025181717,22.511061878896612,23.65493488140768,31.585177389188853,901.2049999999999,22.625962614006703,946.4569252280133,855.9530747719865,727141.0
CHDC,2023-07-20,940.0,975.0,910.0,965.0,4.04 %,35587.0,33844496.5,0.040431266846361114,0.03963530685739565,929.7,906.2049999999999,916.6669461886885,891.2667188371287,69.98650140696633,25.400227351559806,24.003993375438107,33.97195043281822,906.2049999999999,25.116307870634984,956.4376157412698,855.97238425873,762728.0
CHDC,2023-07-23,970.0,1055.0,966.0,1034.0,7.15 %,47868.0,48530585.3,0.07150259067357512,0.0690619537293885,955.7,914.6700000000001,934.7181852365826,901.8395544788228,78.01405644706722,32.878630757759765,25.77892085190244,37.973953973331206,914.6700000000001,36.39080421725815,987.4516084345164,841.8883915654837,810596.0
CHDC,2023-07-24,1034.0,1049.0,990.0,1018.0,-1.55 %,23888.0,24420145.4,-0.015473887814313358,-0.0155948579579064,973.7,919.725,947.5307721232622,910.4440319248359,73.12960842572805,37.08674019842624,28.040484721207203,39.47581440380755,919.725,43.117085086026414,1005.9591701720528,833.4908298279472,786708.0
CHDC,2023-07-25,1010.0,1015.9,990.0,1000.0,-1.77 %,16889.0,16912121.4,-0.017681728880157177,-0.017839918128331005,988.9,923.7299999999999,955.6029610273756,917.077807337811,67.97352836985377,38.525153689564604,30.137418514878686,38.65611337496415,923.7299999999999,46.70502170678674,1017.1400434135734,830.3199565864264,769819.0
CHDC,2023-07-26,986.0,1018.9,985.0,999.0,-0.10 %,11097.0,11126745.4,-0.0010000000000000009,-0.0010005003335835344,1003.2,926.43,962.2794285616255,923.1461179053806,67.68799934616875,39.13331065624493,31.936596943151937,38.31639099103814,926.43,49.47789618128635,1025.3857923625726,827.4742076374273,758722.0
CHDC,2023-07-27,981.1,1023.0,971.3,988.0,-1.10 %,23216.0,23143776.5,-0.011011011011010985,-0.011072080900685677,1007.8,930.4799999999999,966.2364395521447,927.9501091716487,64.47944707222729,38.286330380496,33.20654363062075,39.272363063106845,930.4799999999999,51.09252288482792,1032.6650457696558,828.294954230344,735506.0
CHDC,2023-07-30,972.1,1000.0,972.1,980.0,-0.81 %,16819.0,16542545.3,-0.0080971659919028,-0.008130126083250176,997.0,934.475,968.3539103902763,931.8056566404155,62.17126978039994,36.548253749860805,33.87488565446876,38.46005141574207,934.475,51.712035400503915,1037.8990708010078,831.0509291989922,718687.0
CHDC,2023-07-31,966.0,1015.0,966.0,995.0,1.53 %,18464.0,18341599.5,0.015306122448979664,0.015190165493975238,992.4,940.525,972.4533087917722,936.4867191114957,64.72130580913154,35.966589680276456,34.293226459630304,39.21290488604621,940.525,51.34125124056838,1043.2075024811368,837.8424975188632,737151.0
CHDC,2023-08-01,981.0,1005.0,981.0,988.0,-0.70 %,18746.0,18601397.5,-0.007035175879396949,-0.007060039410724919,990.0,945.075,974.8451074391919,940.3025176958295,62.60053346507249,34.54258974336244,34.343099116376735,38.1262688227572,945.075,51.31325749488748,1047.701514989775,842.4484850102251,718405.0
CHDC,2023-08-02,971.2,1010.0,971.2,1010.0,2.23 %,12439.0,12342564.2,0.022267206477732726,0.022022912087437254,992.2,951.825,980.253552448547,945.465294162805,66.33427364580123,34.78825828574202,34.43213095024979,38.174392478274534,951.825,50.48264813931278,1052.7902962786256,850.8597037213744,730844.0
CHDC,2023-08-03,1005.0,1081.0,990.0,1075.0,6.44 %,52591.0,55460367.5,0.06435643564356441,0.06237033072645809,1009.6,962.0200000000001,994.8299289949243,955.0604575581528,74.45024896668575,39.76947143677148,35.499599047554135,41.947650158397785,962.0200000000001,53.801903703354235,1069.6238074067085,854.4161925932916,783435.0
CHDC,2023-08-06,1075.0,1095.0,1043.1,1054.0,-1.95 %,27837.0,29356080.0,-0.019534883720930263,-0.01972821146045557,1024.4,970.1200000000001,1003.9330168418591,962.3893125538452,68.68882986289847,41.54370428801383,36.708420095646076,42.65853228994081,970.1200000000001,54.88915720747665,1079.8983144149533,860.3416855850468,755598.0
CHDC,2023-08-07,1036.0,1093.0,1036.0,1084.0,2.85 %,34013.0,36438646.5,0.028462998102466885,0.028065452898283973,1042.2,979.475,1016.2510142508038,971.3975116239308,72.02000584563557,44.85350262687302,38.33743660189147,43.68292284065932,979.475,57.62891155807225,1094.7328231161446,864.2171768838555,789611.0
CHDC,2023-08-08,1103.0,1103.0,1069.0,1080.0,-0.37 %,38318.0,41823238.3,-0.0036900369003689537,-0.0036968618813260916,1060.6,988.475,1026.0585505199108,979.4421403925285,70.9363520670925,46.61641012738232,39.99323130698964,42.991285494897944,988.475,58.61100018004241,1105.6970003600848,871.2529996399152,751293.0
CHDC,2023-08-09,1066.0,1096.0,1066.0,1077.6,-0.22 %,31484.0,33892616.8,-0.0022222222222223476,-0.002224695022111274,1074.1200000000001,996.7049999999999,1033.9880042860784,986.7130929560449,70.25332141668412,47.27491133003355,41.44956731159843,42.06333653097667,996.7049999999999,59.01019960900304,1114.725399218006,878.6846007819938,719809.0
CHDC,2023-08-10,1060.0,1085.0,1056.0,1067.0,-0.98 %,30290.0,32411465.9,-0.00983667409057154,-0.009885373794400762,1072.52,1004.905,1039.066772857451,992.6602712555972,67.17673213982786,46.40650160185385,42.440954169649515,41.130241064478334,1004.905,56.6512087017395,1118.207417403479,891.602582596521,689519.0
CHDC,2023-08-13,1069.0,1070.0,1035.1,1039.0,-2.62 %,25663.0,26895787.8,-0.026241799437675684,-0.02659226020252593,1069.52,1011.655,1039.0565001101509,996.0928437551826,59.73508617810862,42.96365635496829,42.54549460671328,40.68522384558703,1011.655,51.83335113103619,1115.3217022620724,907.9882977379276,663856.0
CHDC,2023-08-14,1055.0,1065.0,1027.0,1049.7,1.03 %,14254.0,14980038.8,0.01029836381135718,0.010245696942524746,1062.66,1017.74,1040.693961631666,1000.0637442177617,61.49068915013045,40.63021741390435,42.162439168151494,40.493422142330814,1017.74,48.534278716448505,1114.808557432897,920.671442567103,678110.0
CHDC,2023-08-15,1032.0,1052.0,1027.0,1040.0,-0.92 %,14321.0,14848593.3,-0.009240735448223347,-0.009283695906333732,1054.66,1023.54,1040.5871983037173,1003.0219853868165,58.98008874149559,37.565212916900805,41.24299391790136,39.386749132164326,1023.54,43.40232106332316,1110.3446421266462,936.7353578733537,663789.0
CHDC,2023-08-16,1030.0,1045.0,1019.0,1032.8,-0.69 %,19420.0,19959501.1,-0.006923076923076921,-0.006947152602985602,1045.7,1028.8049999999998,1039.3891677954532,1005.2277642470523,57.11597970831841,34.161403548400926,39.82667584400127,38.430552765581155,1028.8049999999998,37.06262800634086,1102.9302560126816,954.6797439873181,644369.0
CHDC,2023-08-17,1016.0,1048.0,1015.0,1032.0,-0.08 %,9531.0,9874179.0,-0.0007745933384972759,-0.0007748934909246878,1038.7,1032.155,1038.2523727499988,1007.2108928213447,56.900787599506955,31.0414799286541,38.06963666093184,38.042656139468214,1032.155,33.88355407630163,1099.9221081526032,964.3878918473968,634838.0
CHDC,2023-08-20,1022.0,1042.0,1015.4,1020.0,-1.16 %,25007.0,25569736.0,-0.011627906976744207,-0.011696039763191298,1034.9,1031.455,1035.4443154038452,1008.1582340938377,53.63638190192621,27.28608131000749,35.91292559074697,37.225323558077626,1031.455,33.98788445127524,1099.4307689025504,963.4792310974494,609831.0
CHDC,2023-08-21,1009.0,1025.0,1009.0,1019.9,-0.01 %,12671.0,12828345.7,-9.803921568629637e-05,-9.80440218443331e-05,1028.94,1031.55,1033.052882264792,1009.0279945313312,53.608780876190444,24.0248877334609,33.53531801928976,35.70922901821494,1031.55,33.95093208548533,1099.4518641709706,963.6481358290293,597160.0
CHDC,2023-08-22,1010.0,1039.0,1003.4,1019.0,-0.09 %,4360.0,4411571.8,-0.0008824394548484493,-0.0008828290337475751,1024.74,1032.5,1030.890900377901,1009.7666616030845,53.342727877777854,21.124238774816604,31.05310217039513,35.7014269454853,1032.5,33.28086221048419,1099.0617244209684,965.9382755790316,592800.0
CHDC,2023-08-23,1034.9,1034.9,999.0,1032.0,1.28 %,8414.0,8602588.9,0.012757605495583801,0.012676912818783127,1024.58,1034.15,1031.0615310889932,1011.4135755584116,56.686531154058514,19.647955530581612,28.77207284243243,35.715610735093506,1034.15,32.337244292310984,1098.824488584622,969.4755114153782,601214.0
CHDC,2023-08-24,1020.0,1040.0,1013.0,1020.0,-1.16 %,8303.0,8493478.0,-0.011627906976744207,-0.011696039763191298,1022.18,1035.75,1029.359757075302,1012.0496069985293,52.91658002221821,17.310150076772743,26.479688289300494,35.093067111158255,1035.75,30.682971447394866,1097.1159428947897,974.3840571052102,592911.0
CHDC,2023-08-27,1005.0,1025.0,990.0,998.0,-2.16 %,8647.0,8633557.0,-0.021568627450980427,-0.021804629966852826,1017.78,1036.65,1024.5351790637171,1011.0088953690085,46.774804515385306,13.526283694708582,23.889007370382114,35.08641946036124,1036.65,29.18926442879776,1095.0285288575956,978.2714711424046,584264.0
CHDC,2023-08-28,1000.0,1017.0,982.0,998.5,0.05 %,4956.0,4937728.9,0.0005010020040079333,0.000500876544405849,1013.5,1036.825,1020.5297669000684,1010.0823105268597,46.92557608808142,10.447456373208638,21.200697170947418,35.08024664176401,1036.825,28.93580690169488,1094.6966138033897,978.9533861966103,589220.0
CHDC,2023-08-29,1000.0,1015.0,993.1,1004.0,0.55 %,8374.0,8425102.0,0.0055082623935904795,0.005493147395804692,1010.5,1037.625,1017.9867258385193,1009.6317690063515,48.64875567301424,8.354956832167773,18.63154910319149,34.13880045306658,1037.625,27.710094588521383,1093.0451891770429,982.2048108229573,597594.0
CHDC,2023-08-30,1000.0,1020.0,996.0,1004.0,0.00 %,6886.0,6881077.8,0.0,0.0,1004.9,1037.325,1015.8349218633625,1009.2146009318069,48.64875567270498,6.620320931555625,16.229303468864316,33.41460042070468,1037.325,28.055243904230366,1093.4354878084607,981.2145121915394,597594.0
CHDC,2023-09-03,987.0,1004.0,981.2,984.9,-1.90 %,5836.0,5756452.2,-0.019023904382470147,-0.019207187076017856,997.8799999999999,1032.8200000000002,1011.0757031151529,1007.4135193813026,43.02294134359627,3.66218373385027,13.715879521861508,32.65641467636863,1032.8200000000002,28.908123061639927,1090.63624612328,975.0037538767203,591758.0
CHDC,2023-09-04,990.0,1004.0,965.7,980.0,-0.50 %,8073.0,7874047.5,-0.00497512437810943,-0.004987541511039051,994.28,1029.1200000000001,1006.2948257128216,1005.382888316021,41.69094570952909,0.9119373968006812,11.155091096849343,33.059527913770864,1029.1200000000001,30.73269474542295,1090.585389490846,967.6546105091542,583685.0
CHDC,2023-09-05,963.3,1010.0,963.3,988.0,0.82 %,4150.0,4074677.5,0.008163265306122547,0.008130126083250309,992.18,1024.3200000000002,1003.4802371416183,1004.0952669592787,44.701159350526154,-0.6150298176603428,8.801066913947405,34.033847348501524,1024.3200000000002,29.167133630339737,1082.6542672606797,965.9857327393207,587835.0
CHDC,2023-09-07,980.0,980.0,969.0,974.9,-1.33 %,5141.0,5019584.0,-0.013259109311740902,-0.013347796112641985,986.36,1019.0649999999999,999.0832775813693,1001.9326545919248,40.971185050056974,-2.849377010555486,6.470978129046828,32.960001109322846,1019.0649999999999,28.053975700979713,1075.1729514019594,962.9570485980405,582694.0
CHDC,2023-09-10,994.0,994.0,962.0,973.1,-0.18 %,3091.0,2997273.2,-0.0018463432146886838,-0.001848049807282528,980.18,1013.8399999999999,995.0858502611587,999.7969023999303,40.47147057368509,-4.711052138771606,4.2345720754831415,32.891429601514076,1013.8399999999999,26.251724755359835,1066.3434495107197,961.3365504892803,579603.0
CHDC,2023-09-11,965.0,998.9,965.0,996.0,2.35 %,5171.0,5104820.6,0.02353303874216417,0.023260405756654876,982.4,1010.2900000000002,995.226488682519,999.5156503703058,48.994736876311855,-4.289161687786873,2.5298253228291387,32.96347034426307,1010.2900000000002,23.3217066270803,1056.9334132541608,963.6465867458396,584774.0
CHDC,2023-09-12,1015.0,1035.3,977.3,1004.0,0.80 %,17636.0,17698282.0,0.008032128514056325,0.00800004266707637,987.2,1008.5400000000002,996.5762596544391,999.8478244169498,51.60178721228766,-3.2715647625107067,1.3695473057611698,34.75179389110143,1008.5400000000002,22.346774169644227,1053.2335483392887,963.8464516607118,602410.0
CHDC,2023-09-13,1002.0,1024.0,990.0,1024.0,1.99 %,7414.0,7457610.0,0.019920318725099584,0.019724505347778573,994.4,1007.2550000000001,1000.7952966306792,1001.6368744601388,57.45634283471971,-0.8415778294595384,0.9273222787170282,34.69809432745133,1007.2550000000001,20.519604874610366,1048.294209749221,966.2157902507794,609824.0
CHDC,2023-09-17,1004.0,1010.0,980.5,990.9,-3.23 %,11230.0,11140084.0,-0.03232421875000002,-0.032858184534599454,997.6,1004.8,999.2729433028824,1000.8415504260544,47.26585815026397,-1.5686071231720007,0.4281363983392224,35.32680187549052,1004.8,19.296495454919206,1043.3929909098383,966.2070090901616,598594.0
CHDC,2023-09-18,974.3,1008.0,974.0,990.0,-0.09 %,5780.0,5660926.0,-0.0009082652134423386,-0.0009086779362180643,1000.9799999999999,1002.6599999999999,997.8463366409005,1000.0384726167171,47.02165348429237,-2.192135975816541,-0.09591807649193024,35.23203031295548,1002.6599999999999,18.379319041266726,1039.4186380825333,965.9013619174664,592814.0
CHDC,2023-09-19,985.0,1006.9,979.3,990.0,0.00 %,5582.0,5559925.8,0.0,0.0,999.78,1000.5599999999998,996.6392079269158,999.2948820525158,47.021653484001675,-2.6556741256000578,-0.6078692863135557,34.68688529060152,1000.5599999999998,17.21295106047036,1034.9859021209406,966.1340978790591,592814.0
CHDC,2023-09-21,1009.0,1060.0,996.4,1055.0,6.57 %,28248.0,28847845.6,0.06565656565656575,0.06359110278153135,1009.9799999999999,1002.3099999999998,1005.6177913227748,1003.4211870856628,63.02355976796046,2.1966042371119556,-0.04697458162845347,37.20925062698713,1002.3099999999998,20.716098494690623,1043.742196989381,960.8778030106185,621062.0
CHDC,2023-09-24,1040.0,1070.0,1030.3,1034.9,-1.91 %,14230.0,14946438.5,-0.019052132701421698,-0.019235963236039412,1012.1600000000001,1003.0600000000001,1010.1227465038864,1005.7529510052433,57.263601149483094,4.369795498643157,0.8363794344258686,37.38716129648805,1003.0600000000001,21.637477234008777,1046.3349544680177,959.7850455319825,606832.0
CHDC,2023-09-25,1034.0,1050.0,1010.1,1017.0,-1.73 %,4613.0,4697058.9,-0.01729635713595523,-0.01744768662556747,1017.3800000000001,1002.96,1011.1807855032885,1006.5860657455956,52.64886276730783,4.594719757692815,1.588047499079258,37.56664977531034,1002.96,21.56442977633687,1046.0888595526737,959.8311404473263,602219.0
CHDC,2023-09-26,1001.0,1040.4,1001.0,1040.0,2.26 %,7412.0,7619801.5,0.022615535889872085,0.02236359608685831,1027.38,1003.36,1015.6145108104748,1009.0611719866627,57.3994089257594,6.553338823812169,2.5811057640258404,37.69760336278818,1003.36,22.196381876798494,1047.752763753597,958.967236246403,609631.0
CHDC,2023-09-27,1052.0,1058.0,1010.0,1032.9,-0.68 %,7742.0,7915159.1,-0.006826923076923008,-0.0068503331228305115,1035.96,1004.0050000000001,1018.2738168396327,1010.8270110987617,55.54678506835853,7.446805740871014,3.5542457593948753,38.433488836874744,1004.0050000000001,22.882203496204646,1049.7694069924094,958.2405930075909,601889.0
CHDC,2023-10-01,1012.3,1020.0,994.1,996.0,-3.57 %,6275.0,6292055.0,-0.035724658727853686,-0.03637840142798961,1024.16,1003.9050000000001,1014.8470757873815,1009.7287139803348,47.04772065465715,5.118361807046767,3.867068968925254,38.459668205669416,1003.9050000000001,22.91417568598173,1049.7333513719636,958.0766486280367,595614.0
CHDC,2023-10-02,977.1,1034.0,977.1,1005.4,0.94 %,5625.0,5648965.2,0.009437751004016004,0.009393493673876575,1018.26,1004.25,1013.3936795123998,1009.40806850031,49.180890398058864,3.9856110120897483,3.890777377558153,39.77683476240731,1004.25,22.88043291823671,1050.0108658364734,958.4891341635266,601239.0
CHDC,2023-10-03,987.0,1016.0,987.0,1000.0,-0.54 %,3385.0,3380545.5,-0.005370996618261348,-0.005385472276337775,1014.86,1004.05,1011.333113433569,1008.711174537324,47.98498531487703,2.6219388962449557,3.6370096812955137,39.00706085080679,1004.05,22.900206848057625,1049.8504136961153,958.2495863038847,597854.0
CHDC,2023-10-04,1019.0,1030.0,985.0,1010.0,1.00 %,3811.0,3832539.9,0.010000000000000009,0.009950330853168092,1008.86,1004.35,1011.1280190591738,1008.8066430901148,50.39075403634757,2.321375969058977,3.3738829388482063,39.43512793289202,1004.35,22.93878581652604,1050.227571633052,958.472428366948,601665.0
CHDC,2023-10-05,991.0,1002.0,991.0,1002.0,-0.79 %,2190.0,2186845.0,-0.007920792079207928,-0.007952328190495035,1002.6800000000001,1005.2049999999999,1009.7237084346855,1008.3024473056618,48.45975937758412,1.4212611290237191,2.983358576883309,37.975475937685445,1005.2049999999999,22.48996208837298,1050.1849241767459,960.225075823254,599475.0
CHDC,2023-10-08,987.0,1000.0,976.2,986.0,-1.60 %,8063.0,7943125.8,-0.015968063872255467,-0.016096927042174667,1000.6800000000001,1005.5049999999999,1006.0739071370416,1006.6504141719091,44.76502103682526,-0.5765070348675181,2.271385454533144,37.10579908499363,1005.5049999999999,22.173846021113075,1049.852692042226,961.1573079577737,591412.0
CHDC,2023-10-09,971.0,990.0,971.0,985.0,-0.10 %,5701.0,5590332.2,-0.0010141987829614951,-0.0010147134305465702,996.6,1005.3549999999999,1002.8317675774967,1005.0466797888047,44.536470140954066,-2.214912211307933,1.3741259213649286,35.812527721779794,1005.3549999999999,22.308234849599256,1049.9714696991985,960.7385303008014,585711.0
CHDC,2023-10-10,968.1,995.0,968.0,975.0,-1.02 %,6751.0,6557964.6,-0.010152284263959421,-0.010204170174241736,991.6,1005.36,998.5499571809588,1002.8209998044488,42.21534193366982,-4.271042623489961,0.24509221239395063,35.183061455938386,1005.36,22.301059686873764,1049.9621193737476,960.7578806262525,578960.0
CHDC,2023-10-11,964.2,993.6,964.2,980.0,0.51 %,3080.0,2998413.0,0.00512820512820511,0.005115100666770409,985.6,1005.7049999999999,995.6961176146574,1001.1305553744896,43.792701613966166,-5.434437759832235,-0.8908137820512867,34.76998563765707,1005.7049999999999,21.823996329478348,1049.3529926589567,962.0570073410432,582040.0
CHDC,2023-10-12,971.0,989.0,955.2,960.0,-2.04 %,11326.0,10904903.9,-0.020408163265306145,-0.020619287202735703,977.2,1003.905,990.2044072124024,998.0838475689718,39.18501550900566,-7.879440356569376,-2.2885390969549047,34.70070094925299,1003.905,24.03879485112247,1051.982589702245,955.827410297755,570714.0
CHDC,2023-10-16,955.2,956.0,935.0,940.0,-2.08 %,8206.0,7739811.6,-0.02083333333333337,-0.02105340919783238,968.0,1000.7049999999999,982.4806522566482,993.7813403416405,35.19687924212606,-11.300688084992316,-4.090968894562387,34.00779373859206,1000.7049999999999,27.964685907307466,1056.634371814615,944.775628185385,562508.0
CHDC,2023-10-17,933.1,967.0,930.0,950.0,1.06 %,3265.0,3069000.0,0.010638297872340496,0.010582109330537008,961.0,997.0049999999999,977.4836288325486,990.5382780941115,38.563771364568055,-13.054649261562986,-5.883704967962507,34.22152275726406,997.0049999999999,29.569712011121894,1056.1444240222436,937.8655759777561,565773.0
CHDC,2023-10-18,932.1,976.0,932.1,976.0,2.74 %,3565.0,3408519.5,0.027368421052631486,0.027000601818505877,961.2,996.26,977.2553782429258,989.4613686056589,46.36620117674969,-12.205990362733132,-7.1481620469166325,34.912842560316626,996.26,29.917278936210156,1056.0945578724204,936.4254421275797,569338.0
CHDC,2023-10-19,961.0,962.8,946.1,961.5,-1.49 %,2981.0,2850464.8,-0.014856557377049162,-0.014968021384258045,957.5,994.835,974.8314738978602,987.3901561163508,43.08023756469576,-12.558682218490617,-8.23026608123143,34.55478237743687,994.835,30.89394890503653,1056.622897810073,933.0471021899269,566357.0
CHDC,2023-10-29,945.0,945.1,867.0,911.0,-5.25 %,11440.0,10196866.0,-0.052522100884035416,-0.05395166776887616,947.7,990.885,965.0112471443432,981.7316260336582,34.033764684207284,-16.720378889315043,-9.928288642848154,38.836583636191385,990.885,36.1482077156293,1063.1814154312585,918.5885845687415,554917.0
CHDC,2023-10-30,929.0,949.0,860.0,916.6,0.61 %,4375.0,3995081.0,0.006147091108671843,0.006128274815065415,943.0200000000001,983.9650000000001,957.5633629682904,976.9070611422762,35.647556723271535,-19.343698173985786,-11.811370549075681,42.419684805034855,983.9650000000001,36.47419094733735,1056.9133818946748,911.0166181053255,559292.0
CHDC,2023-10-31,903.0,920.0,903.0,917.0,0.04 %,1502.0,1372877.5,0.00043639537420903096,0.0004363001814411642,936.4200000000001,978.07,951.3228455885535,972.4695010576631,35.76843021064286,-21.146655469109646,-13.678427533082473,40.60399303324665,978.07,37.32635727429217,1052.7227145485845,903.4172854514158,560794.0
CHDC,2023-11-01,902.0,920.0,901.0,912.1,-0.53 %,3222.0,2931659.2,-0.005343511450381699,-0.005357839070352131,923.64,972.825,945.2885616518529,967.9976861645029,34.90354917354047,-22.709124512649964,-15.48456692899597,39.060850673729036,972.825,38.9048620287154,1050.634724057431,895.0152759425692,557572.0
CHDC,2023-11-02,905.1,912.0,901.6,911.5,-0.07 %,2505.0,2274239.0,-0.0006578226071702886,-0.0006580390673950327,913.64,966.4,940.0903213977217,963.8126723745396,34.792610399316814,-23.722350976817893,-17.132123738560356,37.02078991131982,966.4,37.82288363300059,1042.0457672660011,890.7542327339988,555067.0
CHDC,2023-11-05,894.0,900.0,870.0,895.8,-1.72 %,3054.0,2709285.3,-0.017224355458036245,-0.017374420345518067,910.6,959.5449999999998,933.2764257980722,958.7746966430923,31.932518247908305,-25.4982708450201,-18.805353159852306,37.34073348908269,959.5449999999998,37.55916700774292,1034.6633340154856,884.426665984514,552013.0
CHDC,2023-11-06,880.1,907.0,880.1,899.0,0.36 %,1014.0,908662.5,0.0035722259432908743,0.003565860698420532,907.0799999999999,954.6949999999999,928.0031295214458,954.3469413361966,33.13894578453055,-26.34381181475078,-20.313044890832003,36.594966811291066,954.6949999999999,38.844771713493614,1032.3845434269872,877.0054565730127,553027.0
CHDC,2023-11-07,899.0,931.0,895.0,913.0,1.56 %,2140.0,1939557.0,0.015572858731924377,0.015452846123348211,906.28,950.075,925.6949557489156,951.2842049409228,38.29201158271401,-25.589249192007173,-21.36828575106704,36.55246918191313,950.075,37.98198845990272,1026.0389769198055,874.1110230801946,555167.0
CHDC,2023-11-08,896.0,912.2,896.0,909.9,-0.34 %,2500.0,2254461.0,-0.0033953997809419434,-0.0034011772323233468,905.8399999999999,945.57,923.2649625567748,948.2187082786322,37.60096112996912,-24.953745721857445,-22.085377745225124,35.15586424034791,945.57,37.0814338563368,1019.7328677126736,871.4071322873265,552667.0
CHDC,2023-11-09,895.0,900.0,888.0,900.0,-1.09 %,2920.0,2599702.0,-0.010880316518298683,-0.010939940038334333,903.54,940.07,919.6857375480402,944.6469521098446,35.40357262744267,-24.961214561804468,-22.660545108540994,34.20901679460877,940.07,35.128352621415786,1010.3267052428316,869.8132947571685,549747.0
CHDC,2023-11-20,910.0,916.0,883.5,898.9,-0.12 %,1505.0,1353871.5,-0.0012222222222222356,-0.001222969744957159,904.1600000000001,934.915,916.4879317714185,941.2582889905968,35.15772229084102,-24.770357219178322,-23.08250753066846,34.086944166422434,934.915,33.0662695841296,1001.0475391682592,868.7824608317408,548242.0
CHDC,2023-11-21,885.9,890.9,873.2,890.9,-0.89 %,4707.0,4127558.0,-0.008899766381132546,-0.00893960585275556,902.54,930.1600000000001,912.551326883508,937.5280453616638,33.344187696209005,-24.976718478155817,-23.461349720165934,33.48787672596369,930.1600000000001,32.15883933490516,994.4776786698104,865.8423213301897,543535.0
CHDC,2023-11-22,877.0,898.0,876.0,893.0,0.24 %,3580.0,3158617.5,0.002357166909866537,0.002354393149901061,898.54,925.5600000000001,909.5434304398913,934.2296716311702,34.302197486784664,-24.686241191278896,-23.70632801438853,32.66731410268057,925.5600000000001,30.435322277004055,986.4306445540082,864.689355445992,547115.0
CHDC,2023-11-23,909.7,909.7,876.0,890.0,-0.34 %,5387.0,4803485.7,-0.0033594624860022737,-0.0033651181503135588,894.5600000000001,921.3100000000001,906.5367488337541,930.953399658491,33.560132011863544,-24.41665082473685,-23.848392576458195,32.741077381060535,921.3100000000001,29.072339901842607,979.4546798036853,863.1653201963148,541728.0
CHDC,2023-11-26,907.0,918.0,891.0,901.6,1.30 %,4935.0,4458386.3,0.013033707865168553,0.012949499999381036,894.8799999999999,917.39,905.7772490131766,928.7790737578621,39.05062054975921,-23.00182474468545,-23.67907901010365,32.40242899669907,917.39,25.849216622556675,969.0884332451134,865.6915667548866,546663.0
CHDC,2023-11-27,890.0,938.0,890.0,936.0,3.82 %,7568.0,6951107.4,0.03815439219165917,0.037444513752025406,902.3,916.1899999999999,910.4269030111494,929.3139571832056,51.777387698406876,-18.887054172056196,-22.72067404249416,33.51654121122057,916.1899999999999,24.276237027397595,964.7424740547951,867.6375259452047,554231.0
CHDC,2023-11-28,917.3,937.9,908.0,937.0,0.11 %,2559.0,2378803.0,0.0010683760683760646,0.001067805760830137,911.5200000000001,916.04,914.515071778665,929.8832936881533,52.090569170918926,-15.368221909488398,-21.250183615893008,33.25821683899053,916.04,24.13020382926695,964.3004076585339,867.779592341466,556790.0
CHDC,2023-11-29,937.0,934.8,918.9,934.8,-0.23 %,3346.0,3092374.0,-0.002347918890074796,-0.0023506795737193876,919.8800000000001,915.2800000000001,917.6358299665626,930.2474941556975,51.301199898867715,-12.611664189134899,-19.522479730541388,32.17548706477692,915.2800000000001,23.22676767959699,961.7335353591941,868.8264646408061,553444.0
CHDC,2023-11-30,934.0,934.0,902.0,915.0,-2.12 %,5052.0,4613630.6,-0.021181001283697043,-0.02140853738918157,924.8800000000001,912.2300000000001,917.2303176640146,929.1180501441643,44.731285836230576,-11.88773248014968,-17.995530280463047,32.22009513157856,912.2300000000001,18.32065558468108,948.8713111693623,875.5886888306379,548392.0
CHDC,2023-12-03,899.0,919.9,887.0,915.0,0.00 %,4772.0,4296474.3,0.0,0.0,927.5600000000001,909.9050000000001,916.8871918695509,928.0722686520039,44.731285835919,-11.185076782453052,-16.633439580861047,32.268659765037235,909.9050000000001,14.23359535893816,938.3721907178764,881.4378092821238,548392.0
CHDC,2023-12-04,897.0,910.0,895.0,900.9,-1.54 %,3472.0,3134057.2,-0.015409836065573779,-0.015529801618127038,920.54,909.4,914.42762388962,926.0595080111148,40.45267577044955,-11.63188412149475,-15.63312848898779,31.39232692467743,909.4,14.371206593297948,938.1424131865958,880.6575868134041,544920.0
CHDC,2023-12-05,885.1,914.8,880.0,889.0,-1.32 %,4961.0,4416525.3,-0.013209013209013132,-0.013297028143489627,910.9399999999999,908.0199999999999,910.5156817527554,923.3143592695507,37.21713555323831,-12.798677516795237,-15.06623829454928,31.635732144343322,908.0199999999999,14.95666019572591,937.9333203914517,878.106679608548,539959.0
CHDC,2023-12-06,876.0,897.9,876.0,895.9,0.78 %,9297.0,8285251.4,0.0077615298087738704,0.007731564089628112,903.1600000000001,906.9649999999999,908.2671153292546,921.2836659903246,40.20362653127841,-13.016550661070028,-14.65630076785343,30.940322705461657,906.9649999999999,15.033866155411774,937.0327323108235,876.8972676891764,549256.0
CHDC,2023-12-07,912.9,912.9,878.1,900.0,0.46 %,1555.0,1396951.0,0.004576403616475044,0.00456596372077802,900.1600000000001,906.36,906.9952514324461,919.7070981391894,41.97003776499325,-12.711846706743245,-14.267409955631395,31.21601394078582,906.36,15.0597896120027,936.4795792240054,876.2404207759946,550811.0
CHDC,2023-12-10,918.0,955.0,918.0,950.0,5.56 %,340.0,318259.0,0.05555555555555558,0.05406722127027579,907.1600000000001,908.2850000000001,913.6113665966852,921.9510167955457,58.19048791944509,-8.339650198860454,-13.081858004277208,32.91487008787255,908.2850000000001,17.93712043427176,944.1592408685436,872.4107591314565,551151.0
CHDC,2023-12-11,950.0,965.0,912.0,923.0,-2.84 %,14009.0,12913602.7,-0.028421052631578902,-0.028832750091734315,911.5799999999999,909.6450000000001,915.0557717356568,922.0287192551349,50.05414723984094,-6.972947519478112,-11.86007590731739,34.34952222445308,909.6450000000001,17.97180467170108,945.5886093434023,873.7013906565979,537142.0
CHDC,2023-12-12,916.2,939.0,914.0,927.0,0.43 %,15171.0,13966505.9,0.004333694474539573,0.0043243310630030245,919.18,911.0450000000001,916.8933453147865,922.3969622732731,51.144019920367754,-5.503616958486532,-10.588784117551217,33.681699208420724,911.0450000000001,18.188211190649508,947.4214223812991,874.6685776187011,552313.0
CHDC,2023-12-13,939.0,939.0,910.1,924.0,-0.32 %,12295.0,11303337.2,-0.003236245954692518,-0.0032414939241709557,924.8,911.595,917.9866768048194,922.5157058085862,50.25823253270992,-4.529029003766823,-9.376833094794339,33.3401492649621,911.595,18.415339001120586,948.4256780022412,874.7643219977589,540018.0
CHDC,2023-12-14,910.1,938.4,903.6,937.9,1.50 %,14823.0,13568131.0,0.01504329004328997,0.014931261873208576,932.3799999999999,912.9949999999999,921.0502649886932,923.6552831560983,54.214962687900474,-2.605018167405092,-8.02247010931649,33.44442431746481,912.9949999999999,19.32172148263464,951.6384429652692,874.3515570347306,554841.0
CHDC,2023-12-17,924.5,948.0,907.1,943.9,0.64 %,16448.0,15340435.9,0.006397270497920937,0.006376894816005966,931.1600000000001,915.1899999999999,924.5656088365865,925.1548918112021,55.84760344885999,-0.5892829746155712,-6.535832682376307,33.976965437645894,915.1899999999999,20.239536607964382,955.6690732159287,874.7109267840711,571289.0
CHDC,2023-12-18,943.9,995.0,943.9,975.0,3.29 %,28885.0,28178562.8,0.03294840555143552,0.03241724266694844,941.5600000000001,918.9950000000001,932.3247459386502,928.8471220474094,63.177166552492636,3.477623891240796,-4.5331413676528864,35.200039334956905,918.9950000000001,23.847596701154387,966.6901934023089,871.2998065976914,600174.0
CHDC,2023-12-19,956.0,1009.0,956.0,991.0,1.64 %,9819.0,9621136.0,0.016410256410256396,0.0162770633321408,954.36,924.0,941.3517081019347,933.4510389327864,66.2786733390638,7.900669169148273,-2.0463792602926545,36.471465096745696,924.0,27.815028122824685,979.6300562456494,868.3699437543506,609993.0
CHDC,2023-12-20,978.0,1005.0,965.0,998.0,0.71 %,23239.0,22898667.5,0.007063572149344166,0.0070387419814760535,969.1600000000001,929.25,950.0668299324063,938.2324434562838,67.56580050475313,11.834386476122518,0.72977388699038,36.723503304121,929.25,31.341573198008838,991.9331463960177,866.5668536039823,633232.0
CHDC,2023-12-21,980.1,1010.0,951.1,970.0,-2.81 %,16851.0,16483167.7,-0.028056112224448926,-0.0284572048140355,975.5800000000002,933.25,953.133471481267,940.5855957928554,58.025154454032226,12.547875688411523,3.0933942472746088,38.307538782398076,933.25,31.17319192409821,995.5963838481964,870.9036161518036,616381.0
CHDC,2023-12-24,951.0,995.0,937.0,978.0,0.82 %,20743.0,20126386.2,0.008247422680412342,0.0082135985373888,982.4,937.07,956.9590912533797,943.3570331415328,59.77293092252749,13.602058111846873,5.195127020189062,39.71414315508393,937.07,31.76607094303141,1000.6021418860629,873.5378581139372,637124.0
CHDC,2023-12-27,978.0,978.0,950.0,968.9,-0.93 %,11992.0,11522086.3,-0.009304703476482601,-0.009348262643858877,981.18,938.7150000000001,958.7961541374751,945.2491047606786,56.87203823602943,13.547049376796508,6.865511491510551,38.87741864400651,938.7150000000001,32.54993370516031,1003.8148674103207,873.6151325896795,625132.0
CHDC,2023-12-28,960.1,978.0,950.0,950.0,-1.95 %,19256.0,18544889.2,-0.01950665703374954,-0.019699422796371848,972.9799999999999,939.3650000000001,957.4428996547866,945.6010229265543,51.30306051313731,11.841876728232364,7.860784538854915,38.10046016943462,939.3650000000001,32.64354977794337,1004.6520995558868,874.0779004441134,605876.0
CHDC,2024-01-01,969.0,1045.0,956.5,1045.0,10.00 %,75525.0,77254208.8,0.10000000000000009,0.09531017980432493,982.3799999999999,944.875,970.9132227848195,952.9639101171798,68.1731358559478,17.949312667639674,9.878490164611868,42.164713014475005,944.875,40.24735198873402,1025.3697039774681,864.380296022532,681401.0
CHDC,2024-01-02,1045.0,1105.0,1045.0,1053.0,0.77 %,49088.0,52773462.7,0.007655502392344582,0.007626347735064207,998.9799999999999,951.775,983.541957741001,960.3739908492406,69.14258701166861,23.167966891760443,12.536385510041583,43.43866208486965,951.775,46.23933020594597,1044.2536604118918,859.296339588108,730489.0
CHDC,2024-01-03,1033.1,1106.0,1033.1,1082.2,2.77 %,35239.0,38107613.7,0.027730294396961064,0.02735277307465939,1019.82,960.1349999999999,998.7201180885394,969.3981396752229,72.44214008559815,29.321978413316515,15.89350409069657,45.54304336452182,960.1349999999999,53.74595480493845,1067.6269096098767,852.643090390123,765728.0
CHDC,2024-01-04,1075.0,1139.0,1075.0,1130.0,4.42 %,57863.0,63957877.6,0.04416928479024196,0.04322162649775123,1052.0400000000002,971.5899999999999,1018.9170229979948,981.2945737733545,76.81302547485517,37.62244922464026,20.23929311748531,46.86139740991312,971.5899999999999,63.909853453288186,1099.4097069065763,843.7702930934236,823591.0
CHDC,2024-01-07,1151.0,1169.9,1098.2,1130.0,0.00 %,42439.0,48196239.0,0.0,0.0,1088.0400000000002,983.64,1036.006711767534,992.3097905308838,76.81302547458068,43.696921236650155,24.930818741318284,48.63558330920504,983.64,69.95242292933031,1123.5448458586607,843.7351541413393,823591.0
CHDC,2024-01-08,1130.0,1171.0,1126.0,1169.0,3.45 %,42505.0,49061011.5,0.03451327433628326,0.03393104976568223,1112.8400000000001,997.2949999999998,1056.4672176494519,1005.3979541952627,79.83885951082378,51.06926345418913,30.158507683892452,48.37589878711897,997.2949999999998,78.10395552352453,1153.5029110470489,841.0870889529508,866096.0
CHDC,2024-01-09,1151.0,1217.2,1080.0,1100.0,-5.90 %,69799.0,79216291.1,-0.05902480752780159,-0.06083850268560655,1122.2400000000002,1007.2949999999998,1063.1645687803054,1012.4055131437618,63.940678821278155,50.75905563654362,34.278617274422686,54.720477445181906,1007.2949999999998,77.79403626851472,1162.8830725370292,851.7069274629704,796297.0
CHDC,2024-01-10,1122.0,1122.0,1070.0,1078.0,-2.00 %,24461.0,26644706.0,-0.020000000000000018,-0.020202707317519466,1121.4,1013.6949999999999,1065.4469428141047,1017.2643640220017,59.84858780428735,48.18257879210296,37.059409577958746,54.526157627668915,1013.6949999999999,78.09697396253493,1169.8889479250697,857.50105207493,771836.0
CHDC,2024-01-11,1099.5,1118.9,1041.0,1073.0,-0.46 %,20671.0,22189942.9,-0.004638218923933235,-0.004649008838244017,1110.0,1021.1949999999999,1066.6089516119346,1021.3929296500016,58.92558305097991,45.21602196193294,38.69073205475358,56.19571779712115,1021.1949999999999,76.10591978496393,1173.4068395699278,868.9831604300721,751165.0
CHDC,2024-01-14,1094.0,1119.9,1062.2,1119.9,4.37 %,25560.0,27559560.9,0.04370922646784714,0.04278093195794936,1107.98,1030.84,1074.8075744408677,1028.6897496759275,64.46201925290688,46.117824764940224,40.17615059679091,56.30316652589821,1030.84,75.76263764651705,1182.365275293034,879.3147247069658,776725.0
CHDC,2024-01-16,1100.1,1139.0,1098.0,1109.0,-0.97 %,22090.0,24567554.0,-0.00973301187606046,-0.009780687238280912,1095.98,1040.09,1080.067947603811,1034.6386571073401,62.358282584564044,45.42929049647091,41.226778576726915,55.21008320261977,1040.09,73.2847790615813,1186.6595581231625,893.5204418768374,754635.0
CHDC,2024-01-17,1090.0,1100.0,1052.0,1052.0,-5.14 %,43602.0,46710598.2,-0.05139765554553655,-0.052765594052711896,1086.3799999999999,1045.795,1075.7498018186093,1035.9246825067964,52.67683712722599,39.82511931181284,40.9464467237441,55.337934402432644,1045.795,69.24047701954575,1184.2759540390916,907.3140459609085,711033.0
CHDC,2024-01-18,1050.69,1155.6,1042.0,1155.6,9.85 %,32786.0,34934401.6,0.09847908745247147,0.093926575294425,1101.9,1056.3799999999999,1088.0344476926693,1044.7895208396262,63.706154357968465,43.244926853043125,41.40614274960391,59.49951051654459,1056.3799999999999,69.02491236006944,1194.4298247201386,918.330175279861,743819.0
CHDC,2024-01-21,1132.5,1132.5,1060.0,1060.0,-8.27 %,33497.0,36199683.9,-0.08272758740048447,-0.08635078148596721,1099.3,1060.6299999999999,1083.7214557399511,1045.9162229996539,51.7259066677859,37.80523274029724,40.68596074774258,62.07811690821997,1060.6299999999999,66.31403836451217,1193.2580767290242,928.0019232709756,710322.0
CHDC,2024-01-22,1047.0,1072.0,1018.0,1039.5,-1.93 %,19203.0,20044359.7,-0.019339622641509457,-0.019529079808045236,1083.22,1063.0549999999998,1076.9181548568818,1045.4409472219018,49.57307098360262,31.477207634980005,38.84421012519007,61.501108557632826,1063.0549999999998,64.49561776218424,1192.0462355243683,934.0637644756314,691119.0
CHDC,2024-01-23,1021.5,1038.9,1003.1,1020.0,-1.88 %,15621.0,15879492.0,-0.018759018759018753,-0.018937201019750844,1065.42,1064.155,1068.1615156481307,1043.556432612872,47.54594075396675,24.605083035258758,35.99638470720381,59.70817223208763,1064.155,63.50772414687244,1191.1704482937448,937.1395517062551,675498.0
CHDC,2024-01-24,1008.0,1030.0,1000.0,1020.0,0.00 %,14575.0,14680038.4,0.0,0.0,1059.02,1066.655,1060.7520517022645,1041.8115116785852,47.54594075385936,18.940540023679205,32.58521577049889,57.586159929795656,1066.655,60.52006605032988,1187.6951321006597,945.6148678993402,675498.0
CHDC,2024-01-25,1000.0,1021.0,985.0,1001.1,-1.85 %,10947.0,10973457.3,-0.018529411764705905,-0.018703231852878772,1028.12,1067.81,1051.5748129788392,1038.7958441468381,45.45650773571795,12.778968832001055,28.623966382799324,56.04429136338168,1067.81,58.938843415504344,1185.6876868310087,949.9323131689913,664551.0
CHDC,2024-01-28,1002.0,1016.0,995.0,1015.0,1.39 %,5529.0,5556531.4,0.013884726800519331,0.013789217050449595,1019.1199999999999,1070.1150000000002,1045.9479186744024,1037.0331890248501,47.2910880914411,8.914729649552328,24.682119036149924,53.54112769456871,1070.1150000000002,55.67830792762698,1181.4716158552542,958.7583841447463,670080.0
CHDC,2024-01-29,1000.0,1014.0,995.0,1000.0,-1.48 %,21981.0,22016043.0,-0.014778325123152691,-0.014888612493750637,1011.2199999999999,1072.6150000000002,1038.8790081091097,1034.2899898378241,45.51206541084397,4.589018271285568,20.663498883177056,51.14533285924237,1072.6150000000002,50.920425795129866,1174.45585159026,970.7741484097405,648099.0
CHDC,2024-01-30,982.5,1010.0,982.5,1000.0,0.00 %,13168.0,13135281.0,0.0,0.0,1007.2199999999999,1070.3650000000002,1032.8976222461697,1031.749990590578,45.51206541072105,1.1476316555917947,16.760325437660004,49.456380512153636,1070.3650000000002,53.150236668279994,1176.6654733365601,964.0645266634402,648099.0
CHDC,2024-01-31,998.0,1000.0,970.0,988.0,-1.20 %,8916.0,8781684.5,-0.01200000000000001,-0.012072581234269249,1000.8199999999999,1067.1150000000002,1025.9902957467589,1028.5092505468315,43.97713577100907,-2.5189548000726063,12.904469390113482,48.06663904699981,1067.1150000000002,56.16948295817687,1179.453965916354,954.7760340836464,639183.0
CHDC,2024-02-01,985.0,985.0,950.0,955.0,-3.34 %,14390.0,13803710.5,-0.0334008097165992,-0.03397135726713758,991.6,1060.755,1015.0687117857191,1023.0641208766958,39.98356973582156,-7.99540909097675,8.724493693895436,47.34759340078554,1060.755,61.33532917709519,1183.4256583541905,938.0843416458097,624793.0
CHDC,2024-02-04,940.0,982.2,940.0,970.0,1.57 %,7803.0,7514799.5,0.015706806282722585,0.01558473101669833,982.6,1052.755,1008.1350638186855,1019.1334452561998,42.53790212182112,-10.998381437514354,4.779918667613478,46.979908157872295,1052.755,62.25585134198457,1177.2667026839692,928.243297316031,632596.0
CHDC,2024-02-05,955.7,970.5,950.6,950.6,-2.00 %,4609.0,4419777.0,-0.020000000000000018,-0.020202707317519466,972.72,1043.785,999.2835155388877,1014.0568937557406,40.1574030148261,-14.773378216852848,0.8692592907202128,45.04562900373856,1043.785,63.45311800227035,1170.6912360045408,916.8787639954594,627987.0
CHDC,2024-02-06,936.0,970.0,933.0,957.2,0.69 %,4953.0,4748555.8,0.006942983378918521,0.0069189918543091445,964.1600000000001,1033.1950000000002,992.8091285329051,1009.8452719960561,41.35970886958524,-17.036143463151006,-2.7118212600540312,44.47094121775724,1033.1950000000002,58.97138891467512,1151.1377778293504,915.2522221706499,632940.0
CHDC,2024-02-07,976.0,985.0,961.0,979.0,2.28 %,6509.0,6352510.8,0.022774759715837867,0.022519286496292132,962.36,1027.145,990.6846472201505,1007.5604370333853,45.270992778260506,-16.875789813234746,-5.544614970690175,43.28015970220315,1027.145,57.955068576301265,1143.0551371526026,911.2348628473975,639449.0
CHDC,2024-02-08,980.0,998.0,970.0,993.0,1.43 %,3387.0,3326731.3,0.01430030643513791,0.014199021514662225,969.96,1022.8950000000001,991.0408553401273,1006.4818861420234,47.68429403538512,-15.44103080189609,-7.523898136931358,42.18871972347436,1022.8950000000001,57.14036710269863,1137.1757342053975,908.6142657946028,642836.0
CHDC,2024-02-11,1012.8,1012.8,970.0,976.9,-1.62 %,5813.0,5686898.8,-0.01621349446122866,-0.016346371386275795,971.3399999999999,1018.0900000000001,988.865339133954,1004.2906353166883,45.215074288438174,-15.425296182734314,-9.104177746091949,42.23238260036905,1018.0900000000001,56.74443074921303,1131.5788614984262,904.601138501574,637023.0
CHDC,2024-02-12,959.0,988.9,959.0,988.9,1.23 %,3724.0,3632763.6,0.012283754734363717,0.012208921617048188,979.0,1011.54,988.8706715748841,1003.1505882561928,47.40132150924363,-14.279916681308691,-10.139325533135299,41.351498128914116,1011.54,51.71145042698746,1114.9629008539748,908.117099146025,640747.0
CHDC,2024-02-13,970.0,985.0,955.0,957.5,-3.18 %,10522.0,10182196.2,-0.03175245221963796,-0.032267493221144056,979.0600000000001,1003.9649999999999,984.0444144095172,999.7690632001786,42.60972727893057,-15.724648790661377,-11.256390184640516,40.81924826256311,1003.9649999999999,47.617812622452725,1099.2006252449053,908.7293747550945,630225.0
CHDC,2024-02-14,956.3,1033.0,956.0,976.1,1.94 %,9577.0,9351053.0,0.019425587467363004,0.019239319126118436,978.4800000000001,1000.1700000000001,982.822196808053,998.0157992594246,46.0863404791581,-15.19360245137159,-12.043832637986732,43.40358767238003,1000.1700000000001,46.60174042378652,1093.373480847573,906.966519152427,639802.0
CHDC,2024-02-15,971.0,1015.0,971.0,985.8,0.99 %,7755.0,7741171.3,0.009937506403032481,0.009888454090357988,977.04,991.6800000000001,983.2803203760449,997.110925240208,47.86024620577563,-13.830604864163092,-12.401187083222005,43.44618855292431,991.6800000000001,28.90012930220044,1049.480258604401,933.8797413955992,647557.0
CHDC,2024-02-18,985.0,1017.9,975.1,996.0,1.03 %,15430.0,15458121.0,0.01034692635423018,0.010293763313320948,980.86,988.4800000000001,985.2371941643457,997.0286344816741,49.73319592668416,-11.791440317328352,-12.279237730043276,43.400032227715435,988.4800000000001,24.07813159388279,1036.6362631877657,940.3237368122345,662987.0
CHDC,2024-02-20,999.0,1034.9,999.0,1020.0,2.41 %,22599.0,23106459.6,0.024096385542168752,0.023810648693718607,987.0799999999999,987.5050000000001,990.5853181390618,998.7302171126612,53.92692256278645,-8.144898973599425,-11.452369978754508,43.078601354307196,987.5050000000001,22.22709287996172,1031.9591857599235,943.0508142400766,685586.0
CHDC,2024-02-21,1005.0,1045.0,1001.1,1008.0,-1.18 %,7947.0,8121906.2,-0.0117647058823529,-0.011834457647002796,997.18,986.9050000000001,993.2644999638215,999.4168676969085,51.60848889540778,-6.152367733086976,-10.392369529621002,43.137272686142396,986.9050000000001,21.45221065776144,1029.809421315523,944.0005786844772,677639.0
CHDC,2024-02-22,988.0,1015.0,973.9,975.5,-3.22 %,7753.0,7661226.1,-0.03224206349206349,-0.03277328856814802,997.0600000000001,984.6800000000001,990.5314999693875,997.6452478675079,45.858162637012924,-7.113747898120437,-9.736645203320888,42.9917532085608,984.6800000000001,20.104375014821034,1024.888750029642,944.471249970358,669886.0
CHDC,2024-02-25,966.1,971.0,945.0,945.0,-3.13 %,9135.0,8726120.1,-0.03126601742696056,-0.03176523256942317,988.9,981.875,983.5266538202509,993.7455998773222,41.21678776414349,-10.21894605707132,-9.833105374070975,42.09948512223503,981.875,21.554163720356645,1024.9833274407133,938.7666725592867,660751.0
CHDC,2024-02-26,959.0,1029.0,940.1,969.9,2.63 %,5606.0,5359088.4,0.026349206349206344,0.026008045905754333,983.68,979.6199999999999,981.4302455402124,991.9792591456687,46.02015529901702,-10.549013605456366,-9.976287020348053,45.44237904207539,979.6199999999999,20.22438861218253,1020.0687772243649,939.1712227756349,666357.0
CHDC,2024-02-27,951.0,979.0,951.0,979.0,0.94 %,3404.0,3302890.4,0.009382410557789544,0.009338669131013373,975.4799999999999,978.5699999999999,981.0563616109489,991.0178325422858,47.70206911909691,-9.961470931336862,-9.973323802545815,44.19649482478429,978.5699999999999,19.647528303091782,1017.8650566061835,939.2749433938163,669761.0
CHDC,2024-02-28,961.0,985.0,961.0,974.9,-0.42 %,3534.0,3438209.5,-0.0041879468845761325,-0.004196740895284576,968.86,977.3149999999999,980.1092290554183,989.823919020635,46.99164144329519,-9.714689965216735,-9.92159703508,42.75388805158541,977.3149999999999,18.997514380342594,1015.3100287606851,939.3199712393148,666227.0
CHDC,2024-02-29,990.0,990.0,936.0,958.0,-1.73 %,8446.0,8002153.0,-0.017335111293465988,-0.01748712366436529,965.36,975.8149999999999,976.7078092007386,987.4665916857731,44.077647826010114,-10.758782485034544,-10.089034125070908,43.55718176218645,975.8149999999999,19.29153823229686,1014.3980764645937,937.2319235354062,657781.0
CHDC,2024-03-03,943.0,962.0,939.0,942.2,-1.65 %,5035.0,4769887.0,-0.01649269311064716,-0.016630211704919788,964.8,975.175,971.398915477548,984.1135108201602,41.48741152397407,-12.714595342612142,-10.614146368579155,42.088811636315995,975.175,20.208931714773644,1015.5928634295473,934.7571365704526,652746.0
CHDC,2024-03-04,961.0,990.0,961.0,990.0,5.07 %,1379.0,1354070.0,0.05073232859265553,0.049487376862694915,968.82,976.175,974.2606207886945,984.5495470557039,50.889981346833565,-10.288926267009401,-10.549102348265205,42.49675366229342,976.175,20.43296807148377,1017.0409361429674,935.3090638570325,654125.0
CHDC,2024-03-05,971.3,986.0,950.5,955.9,-3.44 %,8553.0,8183072.6,-0.0344444444444445,-0.03505163805891877,964.2,976.4399999999999,971.4359098981262,982.427358384911,45.297750881699805,-10.991448486784861,-10.637571575969137,42.28269982927246,976.4399999999999,20.11572833171937,1016.6714566634387,936.2085433365612,645572.0
CHDC,2024-03-06,953.0,980.0,938.0,958.0,0.22 %,5848.0,5614136.5,0.0021968825190918917,0.0021944729011435828,960.82,976.4799999999999,969.368846836876,980.6179244304732,45.69353096408284,-11.249077593597235,-10.759872779494758,42.262506984324425,976.4799999999999,20.07621268539516,1016.6324253707902,936.3275746292096,651420.0
CHDC,2024-03-07,954.0,977.9,950.2,950.2,-0.81 %,5739.0,5530984.9,-0.008141962421711835,-0.00817528921803953,959.26,975.04,966.4197934773566,978.3647448430307,44.40832383932324,-11.944951365674115,-10.99688849673063,41.22232791401553,975.04,20.901835728994193,1016.8436714579883,933.2363285420116,645681.0
CHDC,2024-03-10,955.0,973.0,955.0,961.5,1.19 %,4262.0,4107839.0,0.011892233214060077,0.011822076276013352,963.1200000000001,973.4649999999999,965.6629021731479,977.1155044842877,46.74525149014596,-11.452602311139799,-11.088031259612464,39.906447348728705,973.4649999999999,20.66271177494608,1014.7904235498921,932.1395764501077,649943.0
CHDC,2024-03-12,979.8,979.9,952.0,970.0,0.88 %,6363.0,6177113.0,0.008840353614144592,0.00880150646859411,959.1200000000001,973.1199999999999,966.3301479926636,976.5884300780442,48.49903518941525,-10.258282085380642,-10.922081424766102,39.04884396667665,973.1199999999999,20.659943445170768,1014.4398868903414,931.8001131096584,656306.0
CHDC,2024-03-13,972.0,978.7,962.0,974.0,0.41 %,3960.0,3831036.0,0.004123711340206171,0.0041152321451065794,962.7400000000001,972.375,967.5101252245615,976.3966945167076,49.344451193351965,-8.886569292146078,-10.514978998242096,37.45249796905689,972.375,20.32692989477582,1013.0288597895517,931.7211402104483,660266.0
CHDC,2024-03-14,961.0,977.9,961.0,971.0,-0.31 %,4607.0,4465422.0,-0.0030800821355235763,-0.003084835351210151,965.3400000000001,973.05,968.0470290361674,975.9969393673218,48.69876867645128,-7.949910331154456,-10.00196526482457,35.98446239983854,973.05,20.028939588814772,1013.1078791776295,932.9921208223705,655659.0
CHDC,2024-03-17,961.0,971.0,950.0,950.6,-2.10 %,6983.0,6672351.8,-0.0210092687950566,-0.02123310411141581,965.4200000000001,971.775,965.3628707229109,974.115684599372,44.44031946228091,-8.752813876461119,-9.75213498715188,34.914143656992934,971.775,20.62726542581767,1013.0295308516353,930.5204691483647,648676.0
CHDC,2024-03-18,945.1,960.0,945.1,951.2,0.06 %,3200.0,3049538.5,0.0006311803071743505,0.000630981196662952,963.36,970.0449999999998,963.1839675347708,972.4182264809,44.593780374954164,-9.234258946129216,-9.648559778947348,33.48456196720772,970.0449999999998,20.838943174531416,1011.7228863490627,928.367113650937,651876.0
CHDC,2024-03-19,945.1,960.0,941.1,942.0,-0.97 %,5392.0,5115396.7,-0.009671993271656909,-0.009719070800209072,957.76,967.3449999999999,959.9248956063444,970.1650245193518,42.64858201795169,-10.240128913007425,-9.766873605759365,32.4428075409786,967.3449999999999,20.797304354671365,1008.9396087093427,925.7503912906571,646484.0
CHDC,2024-03-20,942.0,963.9,936.2,954.9,1.37 %,4795.0,4534225.6,0.013694267515923508,0.013601348379793718,953.9399999999999,964.0899999999999,959.1518347438299,969.0342819623628,46.19277043044968,-9.882447218532889,-9.78998832831407,32.104035573765834,964.0899999999999,16.840518181795055,997.77103636359,930.4089636364098,651279.0
CHDC,2024-03-21,941.0,960.0,936.5,940.0,-1.56 %,8398.0,7919369.0,-0.015603728139072182,-0.01572674769210728,947.74,960.6899999999999,956.2053986293946,966.8835944095952,42.89542209782727,-10.678195780200554,-9.967629818691368,31.489461604211133,960.6899999999999,14.159798541527513,989.0095970830549,932.370402916945,642881.0
CHDC,2024-03-25,940.0,947.0,927.0,938.0,-0.21 %,2415.0,2251931.5,-0.0021276595744680327,-0.0021299262578248533,945.22,958.8149999999999,953.4045680710262,964.7440688977733,42.45732352095635,-11.339500826747098,-10.242004020302515,30.668785775338907,958.8149999999999,14.57229798010121,987.9595959602024,929.6704040397975,640466.0
CHDC,2024-03-26,930.0,947.7,930.0,936.0,-0.21 %,7824.0,7309924.0,-0.002132196162046962,-0.002134472528632681,942.18,958.365,950.7269422139452,962.6148786090495,41.99542395935216,-11.887936395104248,-10.571190495262861,29.742443934243273,958.365,15.148919537633882,988.6628390752678,928.0671609247322,632642.0
CHDC,2024-03-27,950.0,950.0,910.1,920.0,-1.71 %,7196.0,6634477.3,-0.017094017094017144,-0.017241806434506103,937.78,955.8700000000001,945.9997203348768,959.458220934305,38.39658656313071,-13.458500599428248,-11.14865251609594,30.467983653225893,955.8700000000001,17.128956707708635,990.1279134154174,921.6120865845828,625446.0
CHDC,2024-03-28,911.6,938.0,900.1,938.0,1.96 %,10713.0,9763205.3,0.019565217391304346,0.01937627896313868,934.4,953.82,944.7689941295112,957.8687230873195,44.19090598609064,-13.099728957808338,-11.53886780443842,30.998841963709758,953.82,16.662141139969023,987.1442822799381,920.495717720062,636159.0
CHDC,2024-03-31,948.0,948.0,907.0,907.0,-3.30 %,5211.0,4789106.9,-0.03304904051172708,-0.03360749889108807,927.8,950.425,938.9583796480479,954.1006695252959,37.626887147515966,-15.142289877248004,-12.259552219000337,31.713210394873347,950.425,18.907165865154685,988.2393317303093,912.6106682696906,630948.0
CHDC,2024-04-01,894.0,919.0,894.0,912.0,0.55 %,5123.0,4654994.0,0.005512679162072764,0.005497539959194784,922.6,948.125,934.8109366252713,950.982101412311,39.19567556705369,-16.17116478703963,-13.041874732608196,31.23369536666811,948.125,20.65434515263211,989.4336903052642,906.8163096947358,636071.0
CHDC,2024-04-02,902.5,924.0,897.1,907.0,-0.55 %,4160.0,3778856.5,-0.005482456140350922,-0.005497539959194831,916.8,946.365,930.5323309906142,947.724167974362,38.16200343985621,-17.19183698374775,-13.871867182836107,30.924145697620386,946.365,22.594416520339497,991.553833040679,901.176166959321,631911.0
CHDC,2024-04-03,888.9,910.0,878.0,888.0,-2.09 %,9795.0,8711847.0,-0.02094818081587657,-0.021170707122966596,910.4,941.265,923.9888954535967,943.3001555318167,34.44464341369046,-19.311260078220016,-14.95974576191289,31.000992433504642,941.265,23.71087414313212,988.6867482862642,893.8432517137358,622116.0
CHDC,2024-04-04,882.0,890.0,870.3,871.1,-1.90 %,7101.0,6239661.9,-0.019031531531531476,-0.01921496216732368,897.0200000000001,937.025,915.8521423068895,937.9519958627932,31.504962378884272,-22.099853555903678,-16.38776732071105,30.193778688254316,937.025,28.126871867531236,993.2787437350624,880.7712562649375,615015.0
CHDC,2024-04-07,870.0,924.0,870.0,890.0,2.17 %,3984.0,3534853.5,0.02169670531511869,0.021464681901339076,893.6200000000001,933.625,911.8748896442911,934.399996169253,37.88915175025834,-22.52510652496187,-17.615235161561216,31.894223067664722,933.625,29.53276280586139,992.6905256117228,874.5594743882772,618999.0
CHDC,2024-04-09,880.0,909.9,880.0,889.0,-0.11 %,5109.0,4545178.5,-0.0011235955056180247,-0.0011242272122809914,889.0200000000001,930.5649999999999,908.3556758528616,931.037033490049,37.688988651568245,-22.681357637187375,-18.62845965668645,31.751778562831525,930.5649999999999,30.865485322775005,992.2959706455499,868.83402935445,613890.0
CHDC,2024-04-10,872.0,890.0,872.0,873.0,-1.80 %,4198.0,3678974.0,-0.017997750281214864,-0.018161679674302388,882.22,926.14,902.9163411062675,926.7379939722675,34.54448222735114,-23.821652866000022,-19.667098298549163,30.769508665486416,926.14,32.49779587667499,991.13559175335,861.14440824665,609692.0
CHDC,2024-04-14,873.0,873.0,837.6,843.0,-3.44 %,11451.0,9677352.8,-0.03436426116838487,-0.03496859783774674,873.22,919.79,893.6984424745341,920.5351796039514,29.56384535012336,-26.836737129417315,-21.101026064722795,31.100258046523102,919.79,35.724190536296774,991.2383810725935,848.3416189274064,598241.0
CHDC,2024-04-15,828.0,850.0,810.1,812.0,-3.68 %,13363.0,10994832.5,-0.03677342823250296,-0.0374666178401775,861.4,911.6899999999999,881.1294513246057,912.4955366703254,25.476258757554305,-31.366085345719625,-23.15403792092216,31.72881104320002,911.6899999999999,40.79209030656467,993.2741806131293,830.1058193868706,584878.0
CHDC,2024-04-16,826.5,826.5,796.4,804.9,-0.87 %,3522.0,2829093.3,-0.008743842364532073,-0.008782294061989859,844.3799999999999,903.385,869.4018434285125,904.525496916968,24.63610377505617,-35.12365348845549,-25.547961034428827,31.612467397257166,903.385,44.79360004803328,992.9722000960666,813.7977999039334,581356.0
CHDC,2024-04-18,795.0,800.0,790.0,796.0,-1.11 %,3925.0,3114454.3,-0.011057274195552247,-0.011118860255305136,825.78,895.655,858.1092521318183,896.4865712194148,23.586087564698175,-38.37731908759656,-28.113832645062374,30.418719726024513,895.655,49.32709808272927,994.3091961654585,797.0008038345414,577431.0
CHDC,2024-04-21,783.0,798.6,765.1,798.0,0.25 %,11544.0,8949784.5,0.002512562814070307,0.002509411605425707,810.78,887.9950000000001,848.8616748807692,889.1912696476063,24.36621310587398,-40.32959476683709,-30.55698506941732,30.63881117416562,887.9950000000001,52.06667259136985,992.1283451827398,783.8616548172604,588975.0
CHDC,2024-04-22,795.0,795.0,770.0,777.1,-2.62 %,5932.0,4640182.2,-0.02619047619047621,-0.026539555234612263,797.6,879.75,837.8214172068048,880.8882126366725,21.855206015378755,-43.06679542986774,-33.0589471415074,30.45032466172522,879.75,55.97433152324176,991.6986630464835,767.8013369535165,583043.0
CHDC,2024-04-24,792.0,807.8,770.0,770.1,-0.90 %,16860.0,13245710.5,-0.009007849697593606,-0.009048665669992094,789.22,870.51,827.4027376365271,872.6816783672894,21.071954649144644,-45.2789407307622,-35.50294585935836,30.975301471601984,870.51,58.12755393370613,986.7651078674122,754.2548921325878,566183.0
CHDC,2024-04-25,770.1,786.0,769.3,774.0,0.51 %,10298.0,7978558.5,0.005064277366575665,0.005051497044522595,783.04,862.21,819.1869318462922,865.3719244141569,22.73341216450109,-46.1849925678647,-37.63935520105963,29.955637080773275,862.21,59.51778062500713,981.2455612500142,743.1744387499858,576481.0
CHDC,2024-04-28,770.0,795.0,770.0,789.0,1.94 %,5940.0,4668386.0,0.019379844961240345,0.01919444725614716,781.64,854.76,814.5427884853241,859.714744827923,28.93003850067845,-45.171956342598946,-39.14587542936749,29.601663003575183,854.76,58.85329128211122,972.4665825642224,737.0534174357775,582421.0
CHDC,2024-04-29,804.7,814.4,789.0,810.0,2.66 %,14981.0,12004519.0,0.026615969581748944,0.026267926820610105,784.04,848.46,813.8438979491204,856.0321711369658,36.5964144416387,-42.18827318784531,-39.75435498106306,29.301544217605528,848.46,56.39158578519168,961.2431715703834,735.6768284296166,597402.0
CHDC,2024-04-30,820.0,820.0,805.2,810.0,0.00 %,17506.0,14201260.5,0.0,0.0,790.62,842.96,813.2525290338712,852.6223806823757,36.59641444143625,-39.36985164850455,-39.677454314551355,28.2657196306337,842.96,54.37511427695404,951.7102285539081,734.209771446092,597402.0
CHDC,2024-05-02,744.3,753.0,716.0,749.0,2.64 %,6969.0,5197900.0,-0.07530864197530862,-0.07829526414926495,786.4,833.51,803.3675245671218,844.9466487799775,26.842039416194837,-41.57912421285573,-40.05778829421223,32.961025371302725,833.51,53.403251428711386,940.3165028574227,726.7034971425772,590433.0
CHDC,2024-05-05,754.8,754.8,719.0,720.0,-3.87 %,8783.0,6421844.9,-0.03871829105473967,-0.039487771507118505,775.6,824.1600000000001,790.5417515567954,835.6913414629422,23.61893700031689,-45.14958990614684,-41.076148616599156,33.16380927335253,824.1600000000001,56.158388790805375,936.4767775816108,711.8432224183894,581650.0
CHDC,2024-05-06,734.0,734.0,700.0,705.0,-2.08 %,5845.0,4120287.7,-0.02083333333333337,-0.02105340919783238,758.8,813.8100000000001,777.3814820865191,826.010501354576,22.138197064691212,-48.629019268056936,-42.586722746890715,33.22353718239878,813.8100000000001,58.15691930594538,930.1238386118908,697.4961613881093,575805.0
CHDC,2024-05-07,695.0,704.0,695.0,696.0,-1.28 %,4262.0,2981872.3,-0.012765957446808529,-0.012848142477849024,736.0,803.26,764.8612540732084,816.3800938468297,21.276309385574393,-51.518839773621266,-44.37314615223683,31.564713097941727,803.26,59.485110034275486,922.2302200685509,684.2897799314491,571543.0
CHDC,2024-05-08,709.9,709.9,670.0,677.0,-2.73 %,8106.0,5475375.8,-0.027298850574712596,-0.027678387422144606,709.4,792.71,751.3441380619456,806.0556424507682,19.546225712140682,-54.71150438882262,-46.44081779955399,32.16009073380303,792.71,62.30897460069377,917.3279492013876,668.0920507986125,563437.0
CHDC,2024-05-09,670.0,685.0,670.0,673.1,-0.58 %,10509.0,7084718.5,-0.0057607090103396486,-0.005777365895607484,694.22,782.81,739.3065783601078,796.2070763433039,19.201088060493547,-56.900497983196146,-48.532753836282424,30.934369967102818,782.81,64.87523166980593,912.5604633396118,653.0595366603881,552928.0
CHDC,2024-05-12,674.0,696.9,673.0,693.0,2.96 %,14727.0,10175451.5,0.029564700638835095,0.029136092173235668,688.8199999999999,772.9599999999999,732.1824893816297,788.5621077252814,26.347530436306087,-56.379618343651714,-50.102126737756286,30.431914969452617,772.9599999999999,62.66149997365104,898.282999947302,647.6370000526979,567655.0
CHDC,2024-05-13,680.0,756.8,627.0,746.0,7.65 %,424897.0,282347581.8,0.07647907647907637,0.07369560101385751,697.02,765.81,734.3082602459945,785.4093590048901,41.25113560225711,-51.10109875889566,-50.30192114198417,37.529635328777424,765.81,56.588039465304355,878.9860789306086,652.6339210693912,992552.0
CHDC,2024-05-14,746.0,806.0,732.0,770.0,3.22 %,206064.0,158102744.3,0.03217158176943702,0.0316649146439687,711.8199999999999,760.66,739.799297131226,784.2679250045279,46.52771880600482,-44.4686278733019,-49.13526248824772,40.134661376721894,760.66,50.700009342888364,862.0600186857766,659.2599813142233,1198616.0
CHDC,2024-05-15,780.0,780.0,735.0,739.0,-4.03 %,88108.0,65571329.7,-0.04025974025974022,-0.04109259389952771,724.22,755.4599999999999,739.6763283418067,780.9147453745629,41.36031619581369,-41.238417032756274,-47.55589339714943,40.482185564098906,755.4599999999999,47.00941003224261,849.4788200644851,661.4411799355147,1110508.0
CHDC,2024-05-16,739.0,811.0,716.1,810.0,9.61 %,568012.0,439057734.2,0.09607577807848444,0.09173632671828268,751.6,755.3599999999999,750.4953547507595,783.0692086801508,53.96951356553102,-32.57385392939136,-44.55948550359783,44.36917230952041,755.3599999999999,46.88476803488289,849.1295360697657,661.5904639302341,1678520.0
CHDC,2024-05-19,810.0,850.0,806.0,836.3,3.25 %,178284.0,148083257.8,0.03246913580246913,0.03195315272099562,780.26,756.9300000000001,763.6960694044889,787.0122302593988,57.60600254224345,-23.31616085490998,-40.31082057386026,44.342802858840386,756.9300000000001,49.10419748378825,855.1383949675766,658.7216050324236,1856804.0
CHDC,2024-05-20,849.0,849.0,812.6,827.0,-1.11 %,229490.0,188988449.1,-0.011120411335645008,-0.01118270536378867,796.46,758.48,773.4351356499521,789.9742872772212,55.9235481036146,-16.539151627269007,-35.55648678454201,43.77545979749465,758.48,50.86023780394896,860.2004756078979,656.7595243921021,1627314.0
CHDC,2024-05-21,842.0,875.0,816.5,869.0,5.08 %,153240.0,129942375.9,0.050785973397823536,0.0495384302417008,816.26,762.03,788.1374224730365,795.8280437752047,61.405685652573084,-7.690621302168211,-29.98331368806725,44.827212669102174,762.03,55.983692174366524,873.997384348733,650.0626156512669,1780554.0
CHDC,2024-05-22,853.0,886.0,850.0,859.0,-1.15 %,201809.0,175339587.3,-0.011507479861910253,-0.011574203281136678,840.26,766.125,799.0393574771848,800.5074479400045,59.50787391596742,-1.4680904628196458,-24.28026904301773,44.196697478452016,766.125,59.99561277820328,886.1162255564066,646.1337744435934,1578745.0
CHDC,2024-05-26,850.0,865.0,831.0,834.0,-2.91 %,181021.0,153120179.7,-0.029103608847497076,-0.0295355196255086,845.0600000000001,769.32,804.4179178653103,802.9883777222262,54.93666056454582,1.4295401430840684,-19.13830720579737,43.46836194427688,769.32,61.88999238887702,893.0999847777541,645.540015222246,1397724.0
CHDC,2024-05-27,830.0,890.0,830.0,873.0,4.68 %,216105.0,185214340.6,0.046762589928057485,0.04570215348085538,852.4,774.2700000000001,814.9690074244934,808.1744238168761,60.08747120212443,6.794583607617255,-13.951729043114446,44.64919323397139,774.2700000000001,66.09986145379601,906.4697229075921,642.0702770924081,1613829.0
CHDC,2024-05-29,890.0,920.0,873.0,910.0,4.24 %,214253.0,192728937.4,0.04238258877434142,0.041509043671293586,869.0,780.32,829.5891601284175,815.7170590897001,64.26111181658197,13.872101038717346,-8.386963026748088,44.81710800297343,780.32,72.72451696932426,925.7690339386486,634.8709660613515,1828082.0
CHDC,2024-05-30,922.9,925.0,900.0,900.5,-1.04 %,132089.0,120331903.2,-0.010439560439560402,-0.010494434894884918,875.3,784.845,840.498520108661,821.9972769349075,62.45526290987458,18.501243173753437,-3.0093217866477833,43.40160028847532,784.845,77.33762939897431,939.5202587979486,630.1697412020515,1695993.0
CHDC,2024-06-02,883.1,910.0,883.1,891.0,-1.05 %,119476.0,107074669.7,-0.010549694614103267,-0.01060573714520145,881.7,788.8950000000001,848.2679785534824,827.108589754544,60.62067459237034,21.15938879893838,1.8244203304694495,42.222914553584225,788.8950000000001,80.7690435422959,950.4330870845919,627.3569129154083,1576517.0
CHDC,2024-06-03,900.0,905.0,875.0,878.0,-1.46 %,107821.0,95128518.7,-0.014590347923681302,-0.014697833835692696,890.5,795.345,852.8421356991005,830.8783238468001,58.10537166326474,21.96381185230041,5.852298634835642,41.34984922832821,795.345,82.5466915719468,960.4383831438936,630.2516168561065,1468696.0
CHDC,2024-06-04,875.0,929.0,863.0,919.0,4.67 %,230300.0,209242074.0,0.046697038724373474,0.04563952872057029,899.7,805.2950000000001,863.0202686684696,837.4058554137039,63.280190379478746,25.614413254765736,9.804721558821662,43.110574283447626,805.2950000000001,84.94543434340578,975.1858686868117,635.4041313131885,1698996.0
CHDC,2024-06-05,900.7,983.0,900.7,958.0,4.24 %,193029.0,184375506.4,0.042437431991294794,0.04156165561517341,909.3,817.945,877.6325350271666,846.3387550126887,67.40457264969822,31.293780014477875,14.102533249952906,45.90981897748708,817.945,88.00660546381447,993.958210927629,641.9317890723711,1892025.0
CHDC,2024-06-06,939.0,999.0,939.0,980.0,2.30 %,146929.0,144515101.0,0.022964509394572064,0.022704793693757098,925.2,832.1450000000001,893.3813757922178,856.2395879747118,69.48662432187334,37.14178781750604,18.710384163463534,46.91626047909514,832.1450000000001,90.18009160037995,1012.50518320076,651.7848167992402,2038954.0
CHDC,2024-06-09,980.0,1016.0,970.0,997.0,1.73 %,211729.0,211322865.0,0.0173469387755103,0.017198198297220822,946.4,848.1450000000001,909.322702593415,866.6662851617701,71.02670555309574,42.656417431644854,23.4995908170998,46.85081330201692,848.1450000000001,89.59080354002634,1027.3266070800528,668.9633929199474,2250683.0
CHDC,2024-06-10,1005.0,1016.0,977.3,995.0,-0.20 %,135849.0,135187196.0,-0.0020060180541624506,-0.0020080328032455234,969.8,864.24,922.5038252713512,876.1724862608983,70.57539814033254,46.33133901045289,28.065940455770424,46.26861235187286,864.24,85.3008261822158,1034.8416523644316,693.6383476355684,2114834.0
CHDC,2024-06-11,1010.0,1010.0,986.7,990.0,-0.50 %,72296.0,72013255.7,-0.005025125628140725,-0.005037794029957181,984.0,879.0899999999999,932.8878521526817,884.6041539452763,69.3883668866248,48.28369820740545,32.10949200609743,44.62799718388194,879.0899999999999,79.58126531711972,1038.2525306342393,719.9274693657605,2042538.0
CHDC,2024-06-12,999.0,1053.9,981.1,1048.0,5.86 %,240712.0,244841068.3,0.05858585858585852,0.0569339217523518,1002.0,894.1899999999999,950.5974133599614,896.7075499493299,74.70347755428749,53.889863410631506,36.46556628700425,46.64028309931895,894.1899999999999,81.62424111035989,1057.4384822207198,730.9415177792802,2283250.0
CHDC,2024-06-13,1055.0,1083.0,1047.0,1052.0,0.38 %,121505.0,129115915.8,0.003816793893129722,0.0038095284166676487,1016.4,908.29,966.1978113045827,908.2106943975277,75.02553891119526,57.987116907055,40.7698764110144,45.880262877939025,908.29,83.38006135509231,1075.0501227101845,741.5298772898153,2404755.0
CHDC,2024-06-16,1060.0,1061.8,1025.0,1038.0,-1.33 %,127119.0,132779683.0,-0.013307984790874472,-0.013397329571821168,1024.6,923.24,977.2443018731085,917.8247170347479,71.59009046627561,59.419584838360606,44.499818096483644,45.23167267237195,923.24,78.06474640693392,1079.369492813868,767.1105071861322,2277636.0
CHDC,2024-06-18,1055.0,1055.0,1018.0,1030.0,-0.77 %,107571.0,111398545.1,-0.0077071290944122905,-0.0077369825021524515,1031.6,934.24,985.3605631233995,926.1339972543963,69.62806222025064,59.22656586900325,47.44516765098757,44.643696052916816,934.24,76.7574402359723,1087.7548804719445,780.7251195280554,2170065.0
CHDC,2024-06-19,1049.0,1071.0,1025.0,1026.0,-0.39 %,75116.0,77453995.8,-0.003883495145631022,-0.0038910554929665647,1038.8,943.725,991.6127841813382,933.5314789392557,68.61548266468198,58.08130524208241,49.572395169206544,44.7405749062799,943.725,75.73177651213581,1095.1885530242716,792.2614469757284,2094949.0
CHDC,2024-06-20,1034.0,1035.0,1009.0,1022.0,-0.39 %,98380.0,99968294.7,-0.003898635477582846,-0.0039062549670650995,1033.6,953.475,996.2877404611322,940.0847027215331,67.55744112075752,56.203037739599154,50.89852368328507,43.40196241297419,953.475,72.39211119422983,1098.2592223884596,808.6907776115404,1996569.0
CHDC,2024-06-23,1040.0,1042.0,1020.0,1026.0,0.39 %,42459.0,43766141.9,0.00391389432485334,0.0039062549670652105,1028.4,961.325,1000.8588573132658,946.4487988162343,68.08738235126566,54.410058497031514,51.60083064603437,41.873250812047466,961.325,71.25312089194351,1103.831241783887,818.818758216113,2039028.0
CHDC,2024-06-24,1008.1,1050.0,1008.1,1027.0,0.10 %,91543.0,94835125.4,0.0009746588693957392,0.0009741841978434143,1026.2,969.725,1004.8805715727634,952.4155544594762,68.22711373756215,52.46501711328722,51.773667939484945,41.875161468329786,969.725,68.4008069743086,1106.5266139486173,832.9233860513829,2130571.0
CHDC,2024-06-25,1045.0,1045.0,1020.0,1024.0,-0.29 %,41176.0,42232029.2,-0.0029211295034079487,-0.0029254043291051003,1025.0,979.225,1007.8220221000306,957.7181059809965,67.27542716456244,50.103916119034125,51.43971757539478,40.669792792020516,979.225,61.393569652990436,1102.0121393059808,856.4378606940192,2089395.0
CHDC,2024-06-26,1038.9,1038.9,1003.0,1012.0,-1.17 %,67472.0,68422838.7,-0.01171875,-0.01178795575204224,1022.2,986.175,1008.4647879307952,961.7389870194412,63.46216635184457,46.725800911353986,50.496934242586626,40.3290933068762,986.175,56.40018547001732,1098.9753709400345,873.3746290599653,2021923.0
CHDC,2024-06-27,1032.0,1032.0,987.9,1000.9,-1.10 %,70633.0,70405068.3,-0.010968379446640308,-0.0110289756224377,1017.9799999999999,990.72,1007.3009744029805,964.6398027957789,60.07039217175399,42.661171607201595,48.92978171550963,40.59844378495647,990.72,53.528001526006236,1097.7760030520126,883.6639969479876,1951290.0
CHDC,2024-06-30,1000.0,1019.0,985.1,986.0,-1.49 %,51859.0,51481955.7,-0.014886602058147624,-0.014998519622337685,1009.9799999999999,994.9950000000001,1004.0239014179066,966.2220396257212,55.762155410862796,37.80186179218538,46.70419773084478,40.11998351460244,994.9950000000001,49.181088310122945,1093.357176620246,896.6328233797542,1899431.0
CHDC,2024-07-01,980.1,1000.0,976.1,998.0,1.22 %,54763.0,54036328.9,0.012170385395537497,0.01209692170882853,1004.18,1000.345,1003.0971473536133,968.5759626164086,58.35278162562367,34.52118473720475,44.267595132116774,38.96141326355941,1000.345,42.660489238930865,1085.6659784778617,915.0240215221384,1954194.0
CHDC,2024-07-02,1017.9,1058.0,1000.0,1010.0,1.20 %,62103.0,63325352.8,0.012024048096192397,0.011952333523841173,1001.3799999999999,1006.945,1004.1591246838266,971.6444098300079,60.82348859838823,32.514714853818646,41.91701907645715,40.46416945901945,1006.945,31.482785187424973,1069.91057037485,943.9794296251501,2016297.0
CHDC,2024-07-03,1025.1,1025.1,993.0,1005.0,-0.50 %,36577.0,36511022.2,-0.004950495049504955,-0.004962789342129014,999.9799999999999,1011.2450000000001,1004.288490117084,974.1151942870443,59.24634850801515,30.173295830039706,39.56827442717366,39.8667287833752,1011.2450000000001,23.766196139622448,1058.777392279245,963.7126077207553,1979720.0
CHDC,2024-07-04,1020.0,1040.0,986.0,1025.0,1.99 %,94470.0,96696958.4,0.01990049751243772,0.019705071079332337,1004.8,1014.595,1007.4748762529173,977.8844391546706,63.341061830739,29.59043709824664,37.57270696138826,40.876248155991256,1014.595,20.341207204242846,1055.2774144084858,973.9125855915144,2074190.0
CHDC,2024-07-07,1016.0,1079.0,1016.0,1078.8,5.25 %,131227.0,138794670.3,0.05248780487804883,0.05115669969306639,1023.36,1019.5350000000001,1018.4479722140069,985.3596658839542,71.60571856604308,33.08830633005266,36.67582683512114,42.456516144849026,1019.5350000000001,23.281939578263753,1066.0988791565276,972.9711208434726,2205417.0
CHDC,2024-07-08,1098.0,1098.0,1063.0,1075.0,-0.35 %,89836.0,96392418.7,-0.003522432332220937,-0.0035286507038116773,1038.76,1023.4350000000001,1027.1482841810828,991.999690633291,70.39847692624708,35.148593547791734,36.370380177655264,41.92390784878838,1023.4350000000001,25.714285912690546,1074.863571825381,972.0064281746189,2115581.0
CHDC,2024-07-09,1064.0,1108.9,1064.0,1100.0,2.33 %,87520.0,96130498.9,0.023255813953488413,0.02298951822469878,1056.76,1028.685,1038.356240460916,999.9997135493436,73.55709268203645,38.35652691157247,36.767609524438704,42.13648585958922,1028.685,29.96986688412563,1088.6247337682512,968.7452662317487,2203101.0
CHDC,2024-07-10,1091.0,1129.0,1091.0,1116.0,1.45 %,81619.0,91471567.8,0.014545454545454639,0.014440684154794428,1078.96,1034.9850000000001,1050.3014342361598,1008.5923273605033,75.36858601917987,41.709106875656516,37.75590899468227,41.84102258390428,1034.9850000000001,34.33522473924258,1103.6554494784853,966.314550521515,2284720.0
CHDC,2024-07-11,1134.0,1159.0,1118.0,1142.0,2.33 %,134087.0,152581005.6,0.023297491039426577,0.02303024727469933,1102.3600000000001,1039.685,1064.4089058921352,1018.4743771856512,78.0054117232573,45.934528706484,39.391632937042615,41.92380668505397,1039.685,41.826877219011706,1123.3387544380234,956.0312455619766,2418807.0
CHDC,2024-07-14,1164.8,1190.0,1145.0,1171.0,2.54 %,114036.0,133873405.5,0.02539404553415059,0.02507697338176179,1120.8,1045.635,1080.8075357548835,1029.7725714681956,80.51141544217985,51.03496428668791,41.720299206971674,42.357820493264406,1045.635,51.1057652016055,1147.846530403211,943.423469596789,2532843.0
CHDC,2024-07-15,1147.6,1195.0,1147.6,1159.0,-1.02 %,141889.0,166252878.3,-0.010247651579846306,-0.010300520257965655,1137.6,1051.685,1092.8371456387476,1039.3449735816625,76.6211224071366,53.4921720570851,44.07467377699436,42.71797617231696,1051.685,56.97897373038521,1165.6429474607703,937.7270525392295,2390954.0
CHDC,2024-07-16,1182.0,1205.0,1150.0,1196.0,3.19 %,114727.0,136311580.1,0.0319240724762726,0.031425091170825294,1156.8,1059.9850000000001,1108.7083540020171,1050.9490496126505,79.85354833255123,57.75930438936666,46.81159989946882,43.59526358858004,1059.9850000000001,65.15739869932376,1190.2997973986476,929.6702026013526,2505681.0
CHDC,2024-07-17,1214.8,1314.0,1213.0,1314.0,9.87 %,154830.0,194358988.8,0.09866220735785958,0.09409326453397882,1196.4,1074.385,1140.291684155553,1070.4343051968985,86.34013573966008,69.85737895865441,51.42075571130594,48.90988761796718,1074.385,85.80445501254256,1245.9939100250851,902.7760899749148,2660511.0
CHDC,2024-07-18,1314.0,1394.9,1291.0,1331.0,1.29 %,160642.0,218457184.0,0.012937595129375978,0.012854619350555837,1234.2,1089.835,1169.6314250546986,1089.735467774906,86.99003413222826,79.89595727979258,57.11579602500326,52.83775278811239,1089.835,102.13992092892876,1294.1148418578575,885.5551581421425,2821153.0
CHDC,2024-07-21,1355.0,1370.0,1334.0,1343.0,0.90 %,198639.0,268588414.9,0.009015777610818843,0.008975378128125853,1268.6,1105.685,1196.303513507822,1108.4958034952833,87.44414548753227,87.80771001253856,63.254178822510326,51.849341874675794,1105.685,115.44236782686433,1336.5697356537287,874.8002643462713,3019792.0
CHDC,2024-07-22,1343.0,1423.0,1325.0,1391.0,3.57 %,186230.0,256322383.4,0.035740878629932915,0.03511699540020527,1315.0,1123.885,1226.256819122003,1129.4220402734104,89.08527770027648,96.83477884859258,69.97029882772678,55.1458174550561,1123.885,130.14170121347018,1384.1684024269402,863.6015975730596,3206022.0
CHDC,2024-07-23,1410.0,1440.0,1387.0,1406.1,1.09 %,109258.0,153457284.0,0.010855499640546329,0.010797001673327181,1357.02,1142.9900000000002,1253.925000795541,1149.9167039568615,89.54809863079441,104.0082968386796,76.77789842991734,54.992544779694946,1142.9900000000002,142.19494735267787,1427.379894705356,858.6001052946444,3315280.0
CHDC,2024-07-24,1420.0,1420.0,1357.0,1372.0,-2.43 %,104414.0,144270845.0,-0.02425147571296482,-0.024550385310939477,1368.62,1160.9900000000002,1272.090385288535,1166.3673184785755,81.176773641965,105.72306680995939,82.56693210592576,55.56450586685959,1160.9900000000002,147.4298866366091,1455.8497732732185,866.130226726782,3210866.0
CHDC,2024-07-25,1350.0,1379.0,1350.0,1358.0,-1.02 %,111577.0,152495523.4,-0.010204081632653073,-0.01025650016718911,1374.02,1178.845,1285.3072490902987,1180.562331924607,77.95467851360172,104.74491716569173,87.00252911787896,53.667041162083905,1178.845,148.64014643284665,1476.1252928656934,881.5647071343067,3099289.0
CHDC,2024-07-28,1385.0,1452.4,1362.0,1438.0,5.89 %,183926.0,258277057.9,0.05891016200294552,0.057240230162350574,1393.02,1201.4450000000002,1308.798441537945,1199.6317888190804,82.28239035370645,109.16665271886473,91.43535383807613,56.57653822193506,1201.4450000000002,152.09776798597298,1505.640535971946,897.2494640280543,3283215.0
CHDC,2024-07-29,1466.7,1515.0,1422.0,1499.8,4.30 %,228981.0,340003413.7,0.04297635605006955,0.04207850658629702,1414.78,1226.535,1338.1832966859536,1221.8664711287781,84.76971808989755,116.31682555717543,96.411648181896,59.17821406322541,1226.535,158.0433926922705,1542.621785384541,910.4482146154592,3512196.0
CHDC,2024-07-30,1529.7,1649.7,1496.1,1649.7,9.99 %,172830.0,276456703.3,0.09994665955460724,0.09526168731458967,1463.5,1258.52,1386.108943349653,1253.5578436377575,88.85626508314925,132.5510997118954,103.63953848789589,65.9226273444236,1258.52,175.6636996320525,1609.847399264105,907.192600735895,3685026.0
CHDC,2024-07-31,1682.6,1814.0,1682.6,1768.0,7.17 %,156771.0,278873665.4,0.07171000788022064,0.06925551101571002,1542.7,1296.67,1444.8614136035524,1291.6646700349609,90.92561351669276,153.1967435685915,113.55097950403503,72.94958253410763,1296.67,199.00886015715847,1694.687720314317,898.6522796856832,3841797.0
CHDC,2024-08-01,1803.3,1803.3,1702.0,1771.0,0.17 %,240891.0,425693397.1,0.0016968325791855143,0.0016953945852447895,1625.3,1333.97,1495.0365807414673,1327.170990773112,90.97140075172199,167.86558996835538,124.41390159689911,74.97461235309994,1333.97,214.70231067812247,1763.374621356245,904.5653786437551,4082688.0
CHDC,2024-08-05,1806.0,1948.1,1806.0,1948.1,10.00 %,176877.0,336711255.4,0.09999999999999987,0.09531017980432474,1727.3200000000002,1377.435,1564.73864524278,1373.1657321973257,93.16419851527962,191.57291304545424,137.84570388661012,82.26928289930709,1377.435,246.03212942728618,1869.4992588545724,885.3707411454276,4259565.0
CHDC,2024-08-06,1950.0,2050.0,1816.0,1820.0,-6.58 %,226646.0,431830592.2,-0.06575637800934242,-0.06801803751631735,1791.36,1414.685,1604.0096228977368,1406.2645668493756,78.34270358084578,197.74505604836122,149.82557431896035,93.10719126364229,1414.685,254.09798829957944,1922.8809765991589,906.489023400841,4032919.0
CHDC,2024-08-07,1820.0,1920.0,1805.0,1895.0,4.12 %,185752.0,347507230.7,0.041208791208791284,0.04038233744568576,1840.42,1454.435,1648.7773732211617,1442.4671915271997,80.3170773007562,206.31018169396202,161.1224957939607,94.67096331623927,1454.435,264.2590998781677,1982.9531997563354,925.9168002436645,4218671.0
CHDC,2024-08-08,1914.1,1939.9,1825.1,1834.0,-3.22 %,121858.0,229336629.9,-0.03218997361477571,-0.03271946470011655,1853.6200000000001,1490.335,1677.2731619563676,1471.4696217844444,74.377950683182,205.80354017192326,170.0587046695532,96.10875165079362,1490.335,264.6327848468284,2019.6005696936568,961.0694303063433,4096813.0
CHDC,2024-08-11,1858.0,1892.0,1825.0,1855.0,1.15 %,77166.0,143696861.9,0.011450381679389388,0.011385322225125429,1870.42,1525.9850000000001,1704.615752424619,1499.8792794300412,75.06163682378816,204.73647299457775,176.99425833455814,94.02955510430837,1525.9850000000001,263.2593823489203,2052.503764697841,999.4662353021595,4173979.0
CHDC,2024-08-12,1855.0,1885.1,1782.0,1799.0,-3.02 %,119152.0,216549428.0,-0.030188679245283012,-0.030653741091002402,1840.6,1557.385,1719.1364058977545,1522.0363698426308,69.71909340679258,197.1000360551236,181.01541387867127,94.67744402542921,1557.385,256.04360088201713,2069.4722017640343,1045.2977982359657,4054827.0
CHDC,2024-08-13,1834.0,1906.0,1708.0,1814.0,0.83 %,138497.0,244811881.4,0.008337965536409087,0.00830339672454878,1839.4,1590.135,1733.7308049904077,1543.6633054098434,70.32829419873578,190.06749958056434,182.82583101904987,102.05762659504141,1590.135,244.01225006996785,2078.1595001399355,1102.1104998600642,4193324.0
CHDC,2024-08-14,1808.0,1825.0,1760.0,1797.0,-0.94 %,76819.0,138288299.5,-0.009371554575523744,-0.009415743891522912,1819.8,1620.185,1743.4645272995758,1562.4289864905957,68.64279371250574,181.03554080898016,182.46777297703593,99.41065326682417,1620.185,229.49466975807158,2079.174339516143,1161.1956604838567,4116505.0
CHDC,2024-08-15,1815.0,1851.0,1758.1,1780.0,-0.95 %,79371.0,141200871.0,-0.009460211463550361,-0.009505243497428208,1809.0,1643.485,1749.0853692534872,1578.5453578616625,66.91571704187439,170.5400113918247,180.0822206599937,98.94560660490816,1643.485,220.24173865860726,2083.9684773172144,1203.0015226827854,4037134.0
CHDC,2024-08-18,1777.0,1780.0,1701.0,1714.9,-3.66 %,94424.0,164264374.1,-0.03657303370786513,-0.037258594424029415,1780.98,1662.6799999999998,1743.8260816760276,1588.6457017237617,60.6251966050182,155.18037995226587,175.10185251844817,97.52092041884329,1662.6799999999998,207.96081513491123,2078.601630269822,1246.7583697301775,3942710.0
CHDC,2024-08-21,1714.0,1885.0,1690.0,1879.9,9.62 %,201018.0,365326244.3,0.09621552277100709,0.0918638140578144,1797.1599999999999,1689.525,1764.7605306489465,1610.2200941886683,68.6654471508257,154.54043646027822,170.9895693068142,104.48371181749735,1689.525,198.98194278031679,2087.4888855606337,1291.5611144393665,4143728.0
CHDC,2024-08-22,1917.0,1973.0,1880.0,1897.0,0.91 %,132147.0,254284295.8,0.009096228522793792,0.009055107015098481,1813.7599999999998,1714.825,1785.1050643952624,1631.4630501746929,69.36365540574911,153.64201422056954,167.52005828956527,103.67058954481897,1714.825,191.03724595508297,2096.899491910166,1332.750508089834,4275875.0
CHDC,2024-08-25,1934.9,1934.9,1805.0,1822.8,-3.91 %,99546.0,183239761.1,-0.039114391143911464,-0.03989991054528675,1818.92,1735.6600000000003,1790.9042852575299,1645.6361575691599,62.82229942195673,145.26812768837,163.06967216932622,105.5441188630462,1735.6600000000003,177.863769275955,2091.3875385519104,1379.9324614480902,4176329.0
CHDC,2024-08-27,1859.2,1860.0,1790.0,1795.0,-1.53 %,74707.0,135446911.0,-0.01525126179504055,-0.015368758467348186,1821.92,1756.8100000000002,1791.5343952179098,1656.7001458973702,60.519496905370175,134.83424932053958,157.4225875995689,103.00525322997147,1756.8100000000002,156.1714776169134,2069.152955233827,1444.4670447661733,4101622.0
CHDC,2024-08-28,1830.0,1900.0,1770.0,1789.0,-0.33 %,55158.0,99601342.2,-0.003342618384401086,-0.0033482174136600595,1836.7400000000002,1778.3600000000001,1791.1444882613084,1666.5001350901575,60.00823333793335,124.6443531711509,150.8669407138853,104.93344942783065,1778.3600000000001,124.83669501012113,2028.0333900202425,1528.6866099797578,4046464.0
CHDC,2024-08-29,1824.7,1824.7,1755.0,1770.0,-1.06 %,106537.0,188867017.3,-0.01062045835662384,-0.010677257940844363,1814.7599999999998,1794.9600000000003,1787.891490067261,1674.1667917501459,58.32783430713271,113.7246983171151,143.43849223453125,102.4167744686999,1794.9600000000003,95.9203529250204,1986.8007058500411,1603.1192941499594,3939927.0
CHDC,2024-09-01,1805.4,1805.4,1750.0,1785.0,0.85 %,73600.0,131131219.1,0.008474576271186418,0.008438868645864604,1792.36,1809.22,1787.4466454415287,1682.3766590279129,59.29689605666267,105.06998641361588,135.7647910703482,99.05843343522135,1809.22,66.38261979255999,1941.98523958512,1676.45476041488,4013527.0
CHDC,2024-09-02,1775.1,1890.0,1775.1,1890.0,5.88 %,124120.0,229020961.6,0.05882352941176472,0.05715841383994862,1805.8,1821.2350000000001,1803.2240846043703,1697.756165766586,65.36797630799067,105.46791883778428,129.70541662383542,100.18997390413412,1821.2350000000001,57.08625306911381,1935.4075061382277,1707.0624938617725,4137647.0
CHDC,2024-09-03,1895.0,1925.0,1865.0,1873.0,-0.90 %,96723.0,182583383.3,-0.008994708994709,-0.009035405609599555,1821.4,1826.4850000000001,1813.9588408190825,1710.7371905246166,63.71107112295925,103.22165029446592,124.40866335796153,97.31926148241027,1826.4850000000001,56.76005150953991,1940.00510301908,1712.9648969809202,4040924.0
CHDC,2024-09-04,1875.0,1912.0,1825.0,1840.0,-1.76 %,107183.0,201107318.9,-0.017618793379604925,-0.017775851841057223,1831.6,1829.9350000000002,1817.9651730007622,1720.3122134487191,60.504996974085245,97.65295955204306,119.05752259677784,96.58217137652382,1829.9350000000002,55.28794743500737,1940.510894870015,1719.3591051299854,3933741.0
CHDC,2024-09-05,1870.0,1880.0,1826.0,1855.0,0.82 %,89526.0,165762617.2,0.008152173913043459,0.008119124438504191,1848.6,1825.2800000000002,1823.6628386929526,1730.2890865265917,61.45449570841389,93.37375216636087,113.92076851069446,93.54058770677213,1825.2800000000002,48.29203486679927,1921.8640697335986,1728.6959302664018,4023267.0
CHDC,2024-09-08,1892.1,2014.0,1859.0,1963.0,5.82 %,216252.0,421925210.8,0.05822102425876019,0.05658921923492563,1884.2,1832.4300000000003,1845.099325047883,1747.5269319690665,67.51080879828916,97.5723930788165,110.65109342431887,98.21626001343127,1832.4300000000003,57.228425951089086,1946.8868519021785,1717.973148097822,4239519.0
CHDC,2024-09-09,1963.0,2115.0,1963.0,2085.0,6.21 %,179524.0,370057802.2,0.06214977075904238,0.06029493995644085,1923.2,1841.9300000000003,1882.0071211943625,1772.5249370083948,72.72432625670234,109.48218418596775,110.41731157664866,102.05795572675761,1841.9300000000003,79.57067761958076,2001.071355239162,1682.7886447608387,4419043.0
CHDC,2024-09-10,2085.0,2172.0,2050.0,2130.0,2.16 %,95044.0,203457338.3,0.021582733812949728,0.02135312447056906,1974.6,1856.7300000000002,1920.1598717798452,1799.0045713040693,74.3587635466908,121.1553004757759,112.56490935647412,103.48238746056063,1856.7300000000002,102.29961207930376,2061.3292241586078,1652.1307758413927,4514087.0
CHDC,2024-09-11,2130.0,2285.0,2100.0,2254.0,5.82 %,157228.0,347306885.0,0.05821596244131455,0.05658443589625081,2057.4,1876.6800000000003,1971.5198915060228,1832.7079363926568,78.22996488745522,138.8119551133659,117.81431850785249,109.30507407052059,1876.6800000000003,135.47177060766555,2147.6235412153314,1605.7364587846691,4671315.0
CHDC,2024-09-12,2299.0,2370.0,2185.0,2240.0,-0.62 %,209909.0,476508090.6,-0.006211180124223614,-0.006230549750636086,2134.4,1898.7300000000002,2012.824523582019,1862.8777188820895,76.81979647579588,149.94680469992954,124.24081574626791,114.71185449405483,1898.7300000000002,156.4310175865222,2211.5920351730447,1585.8679648269558,4461406.0
CHDC,2024-09-15,2196.0,2196.0,2020.0,2035.0,-9.15 %,305243.0,643866780.4,-0.0915178571428571,-0.09598004697239013,2148.8,1909.7800000000002,2016.2361353386316,1875.627517483416,59.81661505435468,140.60861785521547,127.51437616805742,122.23243631590806,1909.7800000000002,157.92917999766135,2225.638359995323,1593.9216400046776,4156163.0
CHDC,2024-09-16,2000.0,2120.0,1945.0,1951.0,-4.13 %,156483.0,311149736.8,-0.04127764127764133,-0.04215375725358421,2122.0,1917.4800000000002,2006.199806824996,1881.2106643364964,54.494103006272155,124.98914248849951,127.00932943214585,126.00154800762891,1917.4800000000002,155.88201543744213,2229.2440308748846,1605.7159691251159,3999680.0
CHDC,2024-09-18,1950.0,2006.9,1911.0,1999.0,2.46 %,104688.0,205808584.8,0.024602767811378712,0.024304993877288787,2095.8,1928.4300000000003,2005.0921442365352,1889.9358003115708,56.85652035826245,115.1563439249644,124.63873233070956,123.85143743565543,1928.4300000000003,153.38832076584325,2235.2066415316867,1621.6533584683139,4104368.0
CHDC,2024-09-22,2000.0,2120.0,2000.0,2031.0,1.60 %,136660.0,278027715.7,0.016008004002000975,0.015881227079984597,2051.2,1944.2350000000001,2009.0779682001453,1900.3850002884915,58.40678162041666,108.6929679116538,121.44957944689841,123.64776333310861,1944.2350000000001,146.35234080086138,2236.939681601723,1651.5303183982774,4241028.0
CHDC,2024-09-23,1866.3,1879.0,1799.0,1808.0,-1.19 %,72891.0,133957389.7,-0.10979812900049235,-0.11630702062826286,1964.8,1940.64,1978.1428961693537,1893.5416669337883,46.00162015272792,84.60122923556537,114.07990940463182,131.38720880931515,1940.64,148.87713903186255,2238.3942780637253,1642.8857219362749,4168137.0
CHDC,2024-09-24,1844.1,1844.1,1670.0,1684.0,-6.86 %,67029.0,115490347.3,-0.06858407079646023,-0.07104934614984983,1894.6,1929.9900000000002,1932.89014291253,1878.0200619757297,40.81101443221799,54.87008093680038,102.23794371106554,134.43812246579265,1929.9900000000002,159.40924459752853,2248.8084891950575,1611.1715108049432,4101108.0
CHDC,2024-09-25,1717.6,1717.6,1645.0,1659.0,-1.48 %,78110.0,130701921.0,-0.014845605700712583,-0.01495690461182754,1836.2,1921.8,1890.753197849064,1861.7963536812313,39.835095412476804,28.95684416783274,87.58172380241899,130.02111371823602,1921.8,169.11833291016268,2260.036665820325,1583.5633341796747,4022998.0
CHDC,2024-09-26,1692.1,1692.1,1580.0,1580.0,-4.76 %,88014.0,142552855.2,-0.04761904761904767,-0.048790164169432056,1752.4,1911.05,1842.9450135645927,1840.9225497048437,36.83733856553998,2.0224638597489957,70.469871813885,128.74103416693345,1911.05,183.7986527068111,2278.6473054136222,1543.4526945863777,3934984.0
CHDC,2024-09-29,1611.6,1611.6,1546.0,1570.0,-0.63 %,96129.0,150562813.8,-0.006329113924050667,-0.00634922767865878,1660.2,1900.1,1800.953473016194,1820.8542126896702,36.463276366127495,-19.90073967347621,52.39574951641277,124.23096029786677,1900.1,197.46789212692156,2295.035784253843,1505.1642157461567,3838855.0
CHDC,2024-09-30,1538.6,1727.0,1538.6,1727.0,10.00 %,106383.0,176964027.1,0.10000000000000009,0.09531017980432493,1644.0,1897.95,1789.5760156290871,1813.9020487867317,45.773342185468096,-24.326033157644588,37.051392981601296,128.81446313373345,1897.95,199.18557203085788,2296.321144061716,1499.5788559382843,3945238.0
CHDC,2024-10-01,1761.5,1828.0,1761.0,1804.8,4.50 %,109230.0,197276425.4,0.04504921829762587,0.044063983157061094,1668.1600000000003,1898.9399999999998,1791.9181670707662,1813.2278229506776,49.70618965353807,-21.30965587991136,25.379183209298766,126.8277157670382,1898.9399999999998,198.64310339478865,2296.226206789577,1501.6537932104225,4054468.0
CHDC,2024-10-02,1840.1,1840.1,1739.5,1758.9,-2.54 %,74936.0,132560912.0,-0.0254321808510638,-0.02576116866546064,1688.14,1892.3849999999998,1786.8384490598792,1809.2035397691461,47.516625726051345,-22.36509070926695,15.830328425585623,124.95430749796404,1892.3849999999998,201.1015042865486,2294.588008573097,1490.1819914269026,3979532.0
CHDC,2024-10-06,1723.9,1791.0,1720.0,1784.0,1.43 %,60813.0,106728465.2,0.014270282562965475,0.014169420501675582,1728.94,1887.935,1786.4017645891286,1807.3366108973573,48.843690384660256,-20.93484630822877,8.477293478822745,121.10042839096661,1887.935,202.53264395750628,2293.0002879150124,1482.8697120849874,4040345.0
CHDC,2024-10-07,1804.0,1889.0,1785.0,1788.0,0.22 %,85716.0,156976293.2,0.0022421524663676085,0.00223964259350466,1772.5400000000002,1885.3349999999998,1786.6476469600318,1805.9042693494048,49.06472482302254,-19.25662238937298,2.9305103051836,119.95039779161186,1885.3349999999998,203.51180044668072,2292.358600893361,1478.3113991066384,4126061.0
CHDC,2024-10-08,1819.9,1819.9,1757.0,1757.0,-1.73 %,30658.0,54269914.8,-0.017337807606264022,-0.017489867546362302,1778.5400000000002,1880.435,1782.0864705046424,1802.2817308790786,47.35694908669613,-20.195260374436202,-1.6946438307403602,115.87536937792531,1880.435,205.45116790793335,2291.3373358158665,1469.5326641841332,4095403.0
CHDC,2024-10-09,1790.0,1790.0,1725.0,1745.0,-0.68 %,30911.0,53928798.4,-0.006829823562891302,-0.006853253550569664,1766.58,1869.5349999999999,1776.3808596577742,1798.0386397028506,46.67963031059218,-21.65778004507638,-5.687271073607564,112.24141442235921,1869.5349999999999,206.6197786298535,2282.774557259707,1456.2954427402929,4064492.0
CHDC,2024-10-15,1779.0,1805.0,1746.0,1799.9,3.15 %,56211.0,100264699.6,0.031461318051575926,0.030976552148905927,1774.78,1855.28,1779.9991889411936,1798.17651824338,50.1896139235158,-18.177329302186536,-8.185282719323357,108.50988482076214,1855.28,200.72273256514356,2256.725465130287,1453.8345348697128,4120703.0
CHDC,2024-10-16,1835.0,1835.0,1775.1,1790.0,-0.55 %,46235.0,83152982.5,-0.005500305572531894,-0.005515487950632877,1775.98,1838.28,1781.5377752579332,1797.570850225352,49.55609938517738,-16.03307496741877,-9.754841168942441,105.03775019070771,1838.28,190.3615800467413,2219.0031600934826,1457.5568399065173,4074468.0
CHDC,2024-10-17,1820.0,1820.0,1770.0,1789.9,-0.01 %,43571.0,78139472.7,-5.58659217876345e-05,-5.5867482346364726e-05,1776.36,1815.075,1782.8242713720974,1797.0026390975481,49.54929592712087,-14.178367725450698,-10.639546480244093,101.10648231994287,1815.075,163.39509067867363,2141.8651813573474,1488.2848186426527,4030897.0
CHDC,2024-10-20,1790.0,1790.0,1735.0,1744.9,-2.51 %,45938.0,81144327.7,-0.02514106933348237,-0.025462504948270015,1773.94,1790.3200000000002,1776.9897680840825,1793.1431843495816,46.45833556501706,-16.153416265499118,-11.742320437295099,97.81316215423267,1790.3200000000002,129.64896573357927,2049.6179314671585,1531.0220685328416,3984959.0
CHDC,2024-10-21,1779.0,1794.0,1697.0,1711.0,-1.94 %,40826.0,70185231.7,-0.01942804745257609,-0.019619252511990815,1767.14,1774.1200000000001,1766.8374960711467,1787.0585040273902,44.220385754097684,-20.22100795624351,-13.438057941084782,97.75507914321605,1774.1200000000001,117.10157354328415,2008.3231470865685,1539.9168529134317,3944133.0
CHDC,2024-10-22,1720.0,1745.0,1693.0,1719.9,0.52 %,30854.0,52874022.9,0.005201636469900794,0.0051881546902534095,1751.14,1762.5649999999998,1759.6163428294317,1782.0838000253614,44.96986952021736,-22.467457195929683,-15.243937792053764,94.4868592044149,1762.5649999999998,109.91041938538459,1982.385838770769,1542.7441612292307,3974987.0
CHDC,2024-10-23,1695.0,1754.2,1678.0,1684.0,-2.09 %,33533.0,56869428.2,-0.020873306587592344,-0.021094233780174745,1729.94,1746.8149999999998,1747.9830593172114,1774.818333356816,42.48981790694176,-26.835274039604656,-17.562205041563942,93.18065497552813,1746.8149999999998,95.92634386531115,1938.6676877306222,1554.9623122693774,3941454.0
CHDC,2024-10-24,1700.0,1700.0,1655.3,1673.0,-0.65 %,40294.0,67188964.6,-0.0065320665083135054,-0.006553493815448031,1706.56,1728.9149999999997,1736.4472040376404,1767.2762345896444,41.73041077510031,-30.829030552004042,-20.215570143651963,89.7177510487047,1728.9149999999997,70.00554320155611,1868.9260864031119,1588.9039135968876,3901160.0
CHDC,2024-10-27,1700.0,1762.0,1687.0,1734.9,3.70 %,109406.0,188677735.7,0.036999402271368886,0.036331352845458374,1704.5600000000002,1725.2599999999998,1736.2091726472343,1764.8779949904117,47.42487374318205,-28.668822343177453,-21.90622058355706,89.66648311665438,1725.2599999999998,67.52346492729072,1860.306929854581,1590.2130701454184,4010566.0
CHDC,2024-10-28,1740.0,1768.0,1701.4,1718.5,-0.95 %,35192.0,60353692.8,-0.009452994408899684,-0.009497957542393727,1706.0600000000002,1726.985,1733.4846845476598,1761.442587954085,46.1383703105326,-27.957903406425203,-23.116557148130692,88.01887717975049,1726.985,66.85126676749388,1860.6875335349878,1593.282466465012,3975374.0
CHDC,2024-10-29,1752.8,1787.0,1720.0,1728.8,0.60 %,60934.0,105928473.7,0.005993599068955469,0.005975708902787628,1707.8400000000001,1730.475,1732.7639638480198,1759.0246184760047,47.10880476467922,-26.260654627984877,-23.74537664410153,86.62467166691117,1730.475,64.90903655357516,1860.2930731071501,1600.6569268928497,4036308.0
CHDC,2024-10-30,1740.0,1740.0,1686.1,1692.0,-2.13 %,200781.0,341797505.2,-0.021286441462285977,-0.02151626502650763,1709.44,1736.075,1726.4925847944783,1754.0598319222265,44.05476370809645,-27.56724712774826,-24.509750740830878,84.28719511927467,1736.075,55.37474129674789,1846.8244825934958,1625.3255174065043,3835527.0
CHDC,2024-11-05,1699.8,1723.9,1667.0,1670.0,-1.30 %,26575.0,44636238.6,-0.013002364066193817,-0.01308763475536776,1708.8400000000001,1741.075,1717.8014179030201,1747.8331777057654,42.28967444572,-30.031759802745228,-25.61415255321375,82.33096689646935,1741.075,42.64040430090804,1826.355808601816,1655.794191398184,3808952.0
CHDC,2024-11-06,1703.4,1703.4,1660.0,1669.0,-0.06 %,19128.0,31999214.7,-0.0005988023952095967,-0.0005989817489657307,1695.6599999999999,1738.175,1710.2935074564016,1741.9936830608938,42.20689562974652,-31.700175604492188,-26.831357163469438,79.55018354672156,1738.175,45.52291354792964,1829.2208270958592,1647.1291729041407,3789824.0
CHDC,2024-11-10,1690.0,1700.0,1660.0,1673.1,0.25 %,44926.0,75325782.8,0.002456560814859232,0.0024535484017826734,1686.58,1731.5900000000001,1704.571429386186,1736.8904472786055,42.70210864176033,-32.319017892419424,-27.92888930925944,76.72517043624146,1731.5900000000001,44.89930136600635,1821.388602732013,1641.7913972679873,3834750.0
CHDC,2024-11-11,1705.0,1740.0,1687.0,1727.0,3.22 %,47626.0,81482438.6,0.032215647600263075,0.031707606083060974,1686.22,1729.9950000000001,1708.021978711388,1736.1578215542643,48.901050818660586,-28.135842842876173,-27.970280015982787,76.02337254793851,1729.9950000000001,44.442363324786264,1818.8797266495726,1641.1102733504276,3882376.0
CHDC,2024-11-12,1710.0,1753.3,1680.0,1694.0,-1.91 %,41679.0,71653880.8,-0.019108280254777066,-0.019293202934678896,1686.6200000000001,1725.4950000000001,1705.8647512173284,1733.0350199576521,45.64506409745506,-27.170268740323763,-27.810277760850983,75.82884593737147,1725.4950000000001,43.226118749002325,1811.9472374980048,1639.0427625019954,3840697.0
CHDC,2024-11-13,1661.1,1694.3,1661.1,1672.2,-1.29 %,26329.0,44221234.7,-0.012868949232585525,-0.012952471496042105,1687.06,1719.705,1700.685558722355,1728.528722183011,43.580701929755065,-27.843163460656115,-27.81685490081201,72.78392837041638,1719.705,42.155382686808714,1804.0157653736173,1635.3942346263825,3814368.0
CHDC,2024-11-14,1705.0,1705.0,1660.0,1665.0,-0.43 %,61100.0,102261854.2,-0.0043057050592034685,-0.004315001301413348,1686.2599999999998,1715.105,1695.1954727650696,1723.8228909101954,42.89075380996665,-28.62741814512583,-27.978967549674778,70.79936205824377,1715.105,42.88477186475827,1800.8745437295165,1629.3354562704835,3753268.0
CHDC,2024-11-17,1670.0,1690.0,1645.0,1647.1,-1.08 %,36712.0,61114281.5,-0.010750750750750826,-0.010808957625914174,1681.06,1710.2100000000003,1687.7961692627512,1718.1397138057364,41.146690128419664,-30.343544542985228,-28.45188294833687,68.95655048265493,1710.2100000000003,44.835792797575465,1799.8815855951511,1620.5384144048494,3716556.0
CHDC,2024-11-19,1640.0,1659.0,1613.1,1618.0,-1.77 %,40889.0,66805334.5,-0.017667415457470637,-0.017825347170193035,1659.2599999999998,1701.1150000000002,1677.0582970684818,1710.7219572275335,38.4121052326942,-33.66366015905169,-29.494238390479836,67.30965401960816,1701.1150000000002,44.128237468801586,1789.3714749376034,1612.8585250623971,3675667.0
CHDC,2024-11-20,1648.0,1648.0,1599.0,1623.9,0.36 %,18725.0,30320612.7,0.0036464771322621825,0.0036398448526050323,1645.2399999999998,1692.81,1668.8800975194845,1704.290701136605,39.29302989448517,-35.410603617120614,-30.677511435807993,66.00182158963615,1692.81,42.10318027740179,1777.0163605548034,1608.6036394451964,3694392.0
CHDC,2024-11-21,1605.0,1718.0,1605.0,1625.0,0.07 %,23926.0,39474168.1,0.0006773816121681264,0.0006771522927958485,1635.8,1684.565,1662.1293132857177,1698.417315867227,39.46687475766135,-36.28800258150932,-31.79960966494826,69.35883433323357,1684.565,38.03945700810443,1760.643914016209,1608.486085983791,3718318.0
CHDC,2024-11-24,1605.0,1677.0,1605.0,1620.0,-0.31 %,55316.0,90872450.0,-0.003076923076923088,-0.003081666537408112,1626.8,1678.3200000000002,1655.6478804725305,1692.608625802988,38.92127723301937,-36.960745330457485,-32.831836798050105,69.54748902371689,1678.3200000000002,37.864948379566556,1754.0498967591334,1602.590103240867,3663002.0
CHDC,2024-11-25,1615.0,1685.0,1605.0,1647.0,1.67 %,31385.0,51680072.0,0.016666666666666607,0.016529301951210506,1626.7800000000002,1675.1200000000001,1654.3174373229106,1689.2302090768408,43.466197747687865,-34.9127717539302,-33.248023789226124,70.29409695059425,1675.1200000000001,37.661576119265824,1750.4431522385319,1599.7968477614684,3694387.0
CHDC,2024-11-26,1679.0,1712.0,1654.0,1683.0,2.19 %,30302.0,50731782.9,0.021857923497267784,0.02162246401316571,1639.78,1673.275,1658.730139273232,1688.768712108186,48.923532780151504,-30.03857283495404,-32.606133598371706,69.91594716840895,1673.275,36.22899209775012,1745.7329841955004,1600.8170158044998,3724689.0
CHDC,2024-11-27,1660.0,1745.0,1660.0,1716.0,1.96 %,59606.0,102453853.4,0.019607843137254832,0.019418085857101516,1658.2,1674.875,1667.5408870773501,1690.7858445446168,53.36737290506947,-23.24495746726666,-30.733898372150698,70.9933795135226,1674.875,37.41478563627363,1749.7045712725474,1600.0454287274526,3784295.0
CHDC,2024-11-28,1686.0,1750.0,1686.0,1691.4,-1.43 %,46512.0,79643283.4,-0.014335664335664244,-0.014439412699785631,1671.48,1675.795,1671.211519834681,1690.8313375413118,49.88321475636655,-19.619817706630784,-28.511082239046715,70.49385240541385,1675.795,37.5920550816384,1750.9791101632768,1600.6108898367233,3737783.0
CHDC,2024-12-01,1685.0,1694.9,1657.6,1670.0,-1.27 %,46714.0,78488726.0,-0.012652240747309973,-0.012732961937321128,1681.48,1672.55,1671.025132167807,1689.2882755012147,47.00808191280989,-18.263143333407697,-26.461494457918914,68.1228629478843,1672.55,34.928249764005336,1742.4064995280107,1602.6935004719892,3691069.0
CHDC,2024-12-02,1670.1,1700.0,1661.0,1661.0,-0.54 %,27833.0,46797172.8,-0.005389221556886259,-0.00540379579750595,1684.28,1669.675,1669.4828041419905,1687.1928476863097,45.812173830194965,-17.710043544319205,-24.711204275198973,66.04265845160685,1669.675,33.274264988488035,1736.2235299769761,1603.1264700230238,3663236.0
CHDC,2024-12-03,1650.0,1693.0,1635.1,1660.0,-0.06 %,22819.0,38270550.1,-0.0006020469596628164,-0.0006022282627059187,1679.6799999999998,1666.235,1668.023911197069,1685.178562672509,45.673137501710954,-17.154651475440005,-23.199893715247182,65.4610399907778,1666.235,30.25986181131577,1726.7547236226314,1605.7152763773684,3640417.0
CHDC,2024-12-04,1680.0,1725.0,1650.0,1685.0,1.51 %,38680.0,65736776.1,0.015060240963855387,0.014947961435873148,1673.48,1665.8849999999998,1670.6356171667508,1685.1653358078788,49.77684217132731,-14.529718641128056,-21.465858700423357,66.14239427715083,1665.8849999999998,29.98540478295771,1725.8558095659153,1605.9141904340843,3679097.0
CHDC,2024-12-05,1698.0,1727.0,1690.0,1710.0,1.48 %,71500.0,122106370.7,0.014836795252225476,0.014727806710243386,1677.2,1667.8849999999998,1676.6916760641736,1687.0049405628508,53.555040455847774,-10.3132644986772,-19.235339860074127,64.41793754306863,1667.8849999999998,31.566609190524222,1731.0182183810482,1604.7517816189513,3750597.0
CHDC,2024-12-08,1710.0,1725.0,1669.0,1676.0,-1.99 %,37353.0,63114671.1,-0.019883040935672502,-0.020083368454677165,1678.4,1668.235,1676.585264361993,1686.1897597804173,48.239944363464986,-9.604495418424221,-17.309170971744145,63.8166562899923,1668.235,31.61838697237187,1731.4717739447437,1604.998226055256,3713244.0
CHDC,2024-12-09,1709.0,1709.5,1661.0,1661.0,-0.89 %,31022.0,51997138.7,-0.008949880668257748,-0.008990171428733469,1678.4,1667.6299999999999,1674.1875313832247,1684.3238516485344,46.067720800437655,-10.136320265309678,-15.874600830457252,62.72260941213571,1667.6299999999999,31.636156862843613,1730.902313725687,1604.3576862743128,3682222.0
CHDC,2024-12-10,1650.0,1683.0,1650.0,1659.0,-0.12 %,12758.0,21246191.9,-0.0012040939193257438,-0.0012048194228504187,1678.2,1664.23,1671.8509880934978,1682.44801078568,45.77177045341008,-10.597022692182236,-14.819085202802249,60.59956588269745,1664.23,28.409192359589262,1721.0483847191786,1607.4116152808215,3669464.0
CHDC,2024-12-11,1689.9,1689.9,1635.0,1673.0,0.84 %,25337.0,41774242.5,0.00843881856540074,0.00840341079637938,1675.8,1663.1799999999998,1672.0277591560366,1681.7481581348889,48.27667557782681,-9.720398978852245,-13.799347958012248,60.19245403393335,1663.1799999999998,27.628334045017922,1718.4366680900357,1607.923331909964,3694801.0
CHDC,2024-12-12,1706.4,1706.4,1630.0,1644.0,-1.73 %,28083.0,46052610.6,-0.017334130304841655,-0.0174861253706988,1662.6,1661.77,1667.715796208954,1678.9519982730453,43.766793078928266,-11.23620206409123,-13.286718779228046,61.3501358886524,1661.77,27.862370398233622,1717.4947407964673,1606.0452592035326,3666718.0
CHDC,2024-12-16,1671.0,1709.0,1603.0,1621.9,-1.34 %,27711.0,44967875.3,-0.013442822384428177,-0.013533995122481352,1651.78,1659.6149999999998,1660.6672121768074,1674.7259243268938,40.650270552617876,-14.058712150086421,-13.441117453399722,64.53941189660581,1659.6149999999998,29.232485084377842,1718.0799701687554,1601.1500298312442,3639007.0
CHDC,2024-12-17,1640.0,1640.0,1610.0,1627.5,0.35 %,9001.0,14578915.7,0.0034527406128614935,0.0034467935890805153,1645.08,1658.6349999999998,1655.5645641496064,1671.227707710087,41.78154162593703,-15.663143560480648,-13.885522674815908,62.07231104684826,1658.6349999999998,29.99277588455274,1718.6205517691053,1598.6494482308942,3648008.0
CHDC,2024-12-18,1601.0,1644.0,1601.0,1620.0,-0.46 %,22626.0,36738656.0,-0.004608294930875556,-0.0046189458562945285,1637.2800000000002,1658.735,1650.0930927419747,1667.433062694525,40.66361864875417,-17.33996995255029,-14.576412130362785,60.71000311493053,1658.735,29.85317183179876,1718.4413436635973,1599.0286563364025,3625382.0
CHDC,2024-12-19,1604.0,1620.0,1581.7,1585.0,-2.16 %,34693.0,55410431.1,-0.021604938271604923,-0.021841741915048753,1619.68,1656.7899999999997,1640.0787707816708,1661.326909902338,35.843778143347606,-21.248139120667247,-15.910757528423678,59.1092886067212,1656.7899999999997,33.309345930438916,1723.4086918608775,1590.171308139122,3590689.0
CHDC,2024-12-22,1570.0,1613.0,1560.0,1574.0,-0.69 %,22694.0,35678062.2,-0.006940063091482651,-0.006964257334032453,1605.68,1654.2399999999998,1629.9128060460291,1654.8582499095724,34.46127138378485,-24.945443863543233,-17.717694795447592,58.67291084909826,1654.2399999999998,37.55295769412597,1729.3459153882518,1579.1340846117478,3567995.0
CHDC,2024-12-23,1599.0,1599.0,1545.3,1573.5,-0.03 %,13602.0,21394306.7,-0.00031766200762384234,-0.0003177124728869336,1596.0,1651.9149999999997,1621.2339128081785,1648.8317128792337,34.3963290963199,-27.59780007105519,-19.693715850569113,58.31770293130553,1651.9149999999997,41.06011350508554,1734.0352270101707,1569.7947729898287,3554393.0
CHDC,2024-12-24,1579.0,1595.0,1566.0,1583.0,0.60 %,21680.0,34235567.7,0.006037496027963218,0.00601934337655067,1587.1,1648.7149999999997,1615.351772376151,1643.9552897029942,36.8320706767559,-28.603517326843075,-21.475676145823904,56.22358129335514,1648.7149999999997,43.86165181565656,1736.438303631313,1560.9916963686865,3576073.0
CHDC,2024-12-26,1583.0,1583.0,1560.0,1564.9,-1.14 %,12743.0,19970682.1,-0.011433986102337257,-0.011499856711885817,1576.08,1642.81,1607.5899612413584,1638.0993423175873,34.22481383288056,-30.50938107622892,-23.282417131904907,53.850468343829775,1642.81,46.850915847904005,1736.511831695808,1549.1081683041918,3563330.0
CHDC,2024-12-29,1551.0,1640.0,1551.0,1570.1,0.33 %,40457.0,64436766.7,0.0033228960316951106,0.00331738741234948,1573.1,1635.5149999999999,1601.822274896534,1633.062353997766,35.634493145415405,-31.240079101231913,-24.87394952577031,56.36114917641336,1635.5149999999999,46.20935511341762,1727.933710226835,1543.0962897731647,3603787.0
CHDC,2024-12-31,1600.0,1600.0,1550.0,1578.0,0.50 %,30822.0,48518352.9,0.005031526654353247,0.005018910824343634,1573.9,1629.845,1598.1573095278363,1628.9836611090425,37.81497503775682,-30.826351581206154,-26.06442993685748,55.906781378098124,1629.845,45.947710268797124,1721.7404205375942,1537.9495794624058,3634609.0
CHDC,2025-01-01,1600.0,1600.0,1568.0,1580.0,0.13 %,35709.0,56242064.7,0.0012674271229404788,0.0012666246151929834,1575.2,1625.345,1595.3638772927845,1625.355241767632,38.38406369673536,-29.991364474847387,-26.849816844455464,54.199154136805404,1625.345,46.214459744452896,1717.773919488906,1532.9160805110942,3670318.0
CHDC,2025-01-02,1550.2,1581.0,1550.2,1579.0,-0.06 %,21127.0,33126535.7,-0.0006329113924050667,-0.0006331117653704004,1574.4,1621.2450000000001,1592.8463577092791,1621.921520155215,38.19584406565371,-29.075162445935803,-27.294885964751533,52.52778598417645,1621.2450000000001,46.52114940651459,1714.2872988130293,1528.202701186971,3649191.0
CHDC,2025-01-05,1607.0,1607.0,1560.0,1580.0,0.06 %,17297.0,27213865.0,0.0006333122229258414,0.000633111765370336,1577.42,1617.2450000000001,1590.8699949847746,1618.8162223659397,38.52050418684554,-27.946227381165045,-27.42515424803424,52.13294412816384,1617.2450000000001,46.452765766598084,1710.1505315331963,1524.339468466804,3666488.0
CHDC,2025-01-06,1599.0,1643.0,1573.0,1639.0,3.73 %,38290.0,61711885.8,0.03734177215189871,0.03666145272281718,1591.2,1614.9450000000002,1598.274611140963,1620.3113170054996,53.90549171683547,-22.036705864536543,-26.3474645713347,53.40916240472357,1614.9450000000002,43.995256622290235,1702.9355132445805,1526.9544867554198,3704778.0
CHDC,2025-01-07,1671.7,1671.7,1620.0,1643.0,0.24 %,17593.0,29006457.7,0.0024405125076265577,0.002437539293438351,1604.2,1611.595,1605.1554401961994,1621.9919601902775,54.73256763483866,-16.836519994078117,-24.445275655883385,53.28707937581474,1611.595,38.595915723355276,1688.7868314467105,1534.4031685532896,3722371.0
CHDC,2025-01-08,1675.7,1675.7,1610.0,1619.0,-1.46 %,16734.0,27207295.4,-0.014607425441266031,-0.014715164359633005,1612.0,1608.7450000000001,1607.2853724737072,1621.7703335095161,49.04617003860476,-14.484961035808965,-22.453212731868504,54.17371656325655,1608.7450000000001,35.57618178675662,1679.8973635735133,1537.592636426487,3705637.0
CHDC,2025-01-09,1651.3,1651.3,1595.0,1600.0,-1.17 %,18286.0,29315963.8,-0.011735639283508292,-0.011805045449762477,1616.2,1605.6950000000002,1606.1645459392907,1620.157716212515,45.055327492694474,-13.993170273224223,-20.761204240139648,54.32559395159536,1605.6950000000002,33.40931913794723,1672.5136382758947,1538.8763617241057,3687351.0
CHDC,2025-01-12,1600.0,1609.0,1581.1,1594.0,-0.38 %,13590.0,21667043.4,-0.003750000000000031,-0.003757048877712288,1619.0,1602.4450000000002,1604.293077333246,1618.2201076041806,43.8421246495324,-13.927030270934665,-19.39436944629865,52.43805152648141,1602.4450000000002,31.02763581403822,1664.5002716280767,1540.3897283719236,3673761.0
CHDC,2025-01-13,1570.0,1678.0,1570.0,1629.0,2.20 %,57993.0,93457026.4,0.021957340025094085,0.021719749251884763,1617.0,1600.2450000000001,1608.0941423589006,1619.0186181520191,51.967188039727105,-10.924475793118518,-17.700390715662625,56.40676213173274,1600.2450000000001,27.06904378763713,1654.3830875752744,1546.1069124247258,3731754.0
CHDC,2025-01-15,1655.0,1694.0,1645.0,1677.8,3.00 %,48163.0,80794661.4,0.029957028852056533,0.029517081810149146,1623.9599999999998,1601.935,1618.8181204575312,1623.3727945852029,60.53977837904805,-4.55467412767166,-15.071247398064433,57.02056483660897,1601.935,30.749484805237568,1663.433969610475,1540.4360303895248,3779917.0
CHDC,2025-01-16,1645.0,1719.9,1645.0,1650.0,-1.66 %,22170.0,37011338.8,-0.016569316962689262,-0.016708123517567952,1630.1599999999999,1603.34,1623.615332694834,1625.3451801714841,54.56529666195576,-1.729847476650093,-12.402967413781566,58.29766734827977,1603.34,32.31200526443048,1667.9640105288609,1538.715989471139,3757747.0
CHDC,2025-01-19,1680.0,1713.0,1621.0,1630.0,-1.21 %,32787.0,53635585.6,-0.012121212121212088,-0.012195273093818243,1636.1599999999999,1603.465,1624.597589203321,1625.6899816402629,50.68961344645671,-1.0923924369419638,-10.140852418413646,60.70497682340264,1603.465,32.41505944689019,1668.2951188937802,1538.6348811062196,3724960.0
CHDC,2025-01-20,1650.0,1669.2,1625.0,1660.0,1.84 %,33152.0,54660022.4,0.018404907975460016,0.018237587549780793,1649.36,1605.465,1630.0441139412717,1628.231464481725,55.765048231983265,1.8126494595467193,-7.750152042821573,59.52604990744531,1605.465,34.646170518211626,1674.7573410364232,1536.1726589635766,3758112.0
CHDC,2025-01-21,1679.8,1795.0,1648.0,1775.0,6.93 %,137085.0,237635292.4,0.06927710843373491,0.06698282055892722,1678.56,1614.965,1652.3450194887685,1639.103207853449,68.95595004034479,13.241811635319436,-3.551759307193371,65.77418919977065,1614.965,50.951517460984036,1716.868034921968,1513.0619650780318,3895197.0
CHDC,2025-01-22,1810.5,1864.0,1785.0,1851.0,4.28 %,159609.0,294260886.2,0.042816901408450736,0.041925610663981365,1713.2,1628.815,1682.907324182804,1654.7992665309714,74.39098393982138,28.108057651832496,2.780204084611803,67.43317568550131,1628.815,72.3744013701127,1773.5638027402254,1484.0661972597748,4054806.0
CHDC,2025-01-23,1851.0,1880.0,1813.0,1826.0,-1.35 %,81576.0,149909188.6,-0.013506212857914646,-0.013598251418583734,1748.4,1641.44,1704.921582000834,1667.480802343492,70.04665798704939,37.440779657341864,9.712319199157816,67.40223456510836,1641.44,83.40055155691664,1808.2411031138333,1474.6388968861668,3973230.0
CHDC,2025-01-26,1830.0,1868.8,1806.1,1810.0,-0.88 %,139197.0,255607364.8,-0.008762322015334112,-0.008800936895042395,1784.4,1652.7900000000002,1721.087492462244,1678.037779947678,67.33636389591567,43.049712514565954,16.379797862239442,67.06636066760062,1652.7900000000002,90.19807968546355,1833.1861593709273,1472.393840629073,3834033.0
CHDC,2025-01-27,1840.0,1840.0,1761.0,1766.0,-2.43 %,99093.0,177116041.7,-0.024309392265193353,-0.02460974309596609,1805.6,1662.845,1727.997109006514,1684.5534999515537,60.413577521116125,43.443609054960234,21.792560100783604,67.91876347705772,1662.845,91.08930536912334,1845.0236107382466,1480.6663892617535,3734940.0
CHDC,2025-01-28,1799.0,1846.0,1765.0,1831.0,3.68 %,63985.0,115587207.2,0.03680634201585509,0.036145163510605434,1816.8,1675.89,1743.8437076208966,1695.401388844031,65.97818033273782,48.44231877686548,27.12251183599998,68.85313751441075,1675.89,95.67461248252837,1867.2392249650568,1484.5407750349434,3798925.0
CHDC,2025-02-02,1864.0,1980.0,1858.0,1974.0,7.81 %,132056.0,254227686.1,0.07809939923539044,0.07519967531891614,1841.4,1695.69,1779.2523679869123,1716.0383230037326,74.47800399798817,63.21404498317975,34.34081846543593,74.57791340623855,1695.69,113.63962383456233,1922.9692476691248,1468.4107523308753,3930981.0
CHDC,2025-02-03,2000.0,2009.0,1938.0,1970.0,-0.20 %,89408.0,175447195.0,-0.0020263424518743856,-0.0020283982613927207,1870.2,1715.19,1808.5981575273872,1734.85029907753,73.92167358034183,73.74785844985718,42.22222646232018,74.3223481629358,1715.19,125.57700887460376,1966.3440177492075,1464.0359822507926,3841573.0
CHDC,2025-02-04,1980.0,1995.0,1930.0,1931.3,-1.96 %,58542.0,114390404.5,-0.019644670050761426,-0.01984019145348049,1894.4600000000003,1732.8049999999998,1827.4753640616354,1749.4021287754908,68.58387190876843,78.07323528614461,49.39242822708507,73.65646615129752,1732.8049999999998,130.09554575892778,1992.9960915178553,1472.6139084821443,3783031.0
CHDC,2025-02-05,1947.9,1970.0,1922.0,1935.0,0.19 %,70660.0,137482368.0,0.0019158080049708204,0.0019139751853285507,1928.2600000000002,1750.5549999999998,1844.0176157444607,1763.1501192365656,68.81571908923524,80.86749650789511,55.68744188324709,71.82386142620484,1750.5549999999998,132.34809952306009,2015.25119904612,1485.8588009538796,3853691.0
CHDC,2025-02-06,1972.0,1972.0,1920.0,1940.0,0.26 %,42377.0,82555387.5,0.0025839793281654533,0.002580646593491713,1950.0600000000002,1765.605,1858.7841363991593,1776.2501104042274,69.14707782691833,82.53402599493188,61.05675870558405,70.40787132433306,1765.605,136.05711059001138,2037.7192211800227,1493.4907788199773,3896068.0
CHDC,2025-02-09,1943.0,2039.0,1921.0,2025.8,4.42 %,153093.0,306285120.9,0.04422680412371127,0.04327671119532291,1960.42,1784.7450000000001,1884.4788846454426,1794.7352874113217,74.2111183209197,89.7435972341209,66.79412641129143,73.80730908688071,1784.7450000000001,144.56138188180196,2073.867763763604,1495.6222362363962,4049161.0
CHDC,2025-02-10,2000.0,2074.0,2000.0,2040.0,0.70 %,75101.0,153802519.5,0.007009576463619327,0.006985123585565299,1974.42,1805.795,1908.4052100846052,1812.9030438993718,74.94410572859789,95.50216618523336,72.53573436607982,73.8210727235321,1805.795,149.71614009605076,2105.2272801921017,1506.3627198078984,4124262.0
CHDC,2025-02-11,2080.0,2129.0,2040.1,2115.0,3.68 %,176704.0,368182898.4,0.03676470588235303,0.036105004642116356,2011.1599999999999,1831.545,1940.1890239177428,1835.280596203122,78.43108873146521,104.90842771462076,79.01027303578802,74.90528181470839,1831.545,156.58836911502172,2144.7217382300437,1518.3682617699567,4300966.0
CHDC,2025-02-12,2100.0,2239.9,2088.7,2238.0,5.82 %,173011.0,376715360.8,0.0581560283687943,0.05652779739149217,2071.7599999999998,1863.7450000000001,1986.006097161167,1865.111663151039,82.68659270146973,120.89443401012795,87.387105230656,80.35490454222924,1863.7450000000001,170.7444488578951,2205.23389771579,1522.2561022842099,4473977.0
CHDC,2025-02-13,2282.7,2282.7,2175.0,2175.0,-2.82 %,122315.0,268931011.9,-0.02815013404825739,-0.028553945349086094,2118.7599999999998,1891.045,2015.082082213295,1888.0663547694805,74.57112434338327,127.01572744381451,95.31282967328771,82.30812564635572,1891.045,174.83651453797125,2240.7180290759425,1541.3719709240577,4351662.0
CHDC,2025-02-16,2132.0,2232.0,2132.0,2224.0,2.25 %,141919.0,313863621.0,0.022528735632183938,0.022278711847688558,2158.4,1918.355,2047.2233003343265,1912.9503284902596,76.50280252036819,134.2729718440669,103.10485810744355,83.5718309573303,1918.355,182.2746928618764,2282.904385723753,1553.8056142762473,4493581.0
CHDC,2025-02-17,2268.0,2268.0,2180.0,2194.0,-1.35 %,124134.0,274377096.7,-0.013489208633093552,-0.013581014535297467,2189.2,1945.5549999999998,2069.8043310521225,1933.7688226761663,72.85383585243535,136.03550837595617,109.69098816114608,83.88812874609243,1945.5549999999998,180.70420283172484,2306.9634056634495,1584.1465943365502,4369447.0
CHDC,2025-02-18,2175.0,2274.9,2175.0,2249.9,2.55 %,90782.0,202238217.0,0.025478577939835878,0.025159408931162194,2216.1800000000003,1976.55,2097.5113570441035,1957.1859469223762,75.22509881909717,140.32541012172737,115.81787255326235,85.03183383565727,1976.55,176.85308949281685,2330.2561789856336,1622.8438210143663,4460229.0
CHDC,2025-02-20,2206.0,2365.0,2206.0,2330.1,3.56 %,158645.0,364941311.6,0.0356460287123872,0.035025414327373536,2234.6,2010.0549999999998,2133.2942251911645,1984.809210113311,78.17120415555857,148.4850150778534,122.35130105818057,90.31527427596747,2010.0549999999998,177.2012370011369,2364.4574740022736,1655.6525259977261,4618874.0
CHDC,2025-02-23,2283.5,2390.0,2283.5,2385.0,2.36 %,154414.0,361179391.4,0.023561220548474315,0.023287939228730258,2276.6,2040.5549999999998,2172.01819054637,2014.45297232714,79.93056210746789,157.56521821923002,129.39408449039047,91.47132611339838,2040.5549999999998,186.8482623188534,2414.2515246377066,1666.8584753622931,4773288.0
CHDC,2025-02-24,2338.0,2420.0,2310.0,2311.2,-3.09 %,133296.0,313348711.8,-0.030943396226415176,-0.03143225417041618,2294.04,2063.5649999999996,2193.430776616159,2036.4342336362408,71.5788098528571,156.99654297991833,134.91457618829605,92.79480281958422,2063.5649999999996,190.57552798934347,2444.7160559786867,1682.4139440213125,4639992.0
CHDC,2025-02-25,2340.0,2340.0,2250.1,2250.1,-2.64 %,107610.0,245181969.6,-0.02643648321218406,-0.026792210496740198,2305.26,2084.7699999999995,2202.1491186752114,2052.2613274409637,65.47874291445635,149.88779123424774,137.9092191974864,92.58803118961393,2084.7699999999995,186.29726415483086,2457.364528309661,1712.1754716903379,4532382.0
CHDC,2025-02-27,2250.0,2375.0,2250.0,2337.0,3.86 %,87071.0,203306152.6,0.03862050575529974,0.037893395883572725,2322.68,2111.12,2222.895408109794,2073.3530809638555,69.46456158369847,149.54232714593854,140.23584078717684,94.90317181892722,2111.12,182.62151138638723,2476.3630227727745,1745.8769772272253,4619453.0
CHDC,2025-03-02,2291.0,2451.0,2291.0,2428.9,3.93 %,100909.0,243193931.2,0.03932391955498504,0.03857042441040523,2342.4399999999996,2144.265,2254.588422246749,2099.6898897813476,73.01320717802791,154.89853246540133,143.16837912282173,99.55294526043242,2144.265,176.74933268688375,2497.7636653737673,1790.7663346262325,4720362.0
CHDC,2025-03-03,2428.9,2477.4,2390.0,2420.0,-0.37 %,80485.0,194587592.4,-0.003664210136275714,-0.0036709397985311165,2349.44,2173.7149999999997,2280.0363572857104,2123.416564612359,72.13885401390846,156.61979267335164,145.85866183292774,98.68487774183012,2173.7149999999997,170.77454905593677,2515.2640981118734,1832.1659018881262,4639877.0
CHDC,2025-03-04,2381.0,2428.0,2365.0,2385.0,-1.45 %,87124.0,208496124.2,-0.01446280991735538,-0.014568415828290498,2364.2,2194.265,2296.184610010986,2142.7931153818135,68.65682872641018,153.39149462917248,147.36522839217668,96.13595790312797,2194.265,170.2048619349961,2534.6747238699922,1853.8552761300077,4552753.0
CHDC,2025-03-05,2358.0,2400.0,2342.1,2350.0,-1.47 %,67462.0,159201251.6,-0.014675052410901501,-0.01478379618423698,2384.18,2213.265,2304.4639007785267,2158.1417735016794,65.26430359567968,146.32212727684737,147.15660816911083,93.40481805290455,2213.265,164.9821051699577,2543.2292103399154,1883.3007896600845,4485291.0
CHDC,2025-03-06,2350.0,2402.0,2329.0,2397.0,2.00 %,101145.0,240887902.5,0.020000000000000018,0.01980262729617973,2396.18,2236.55,2318.7002237356764,2175.834975464518,67.58092194052924,142.86524827115863,146.2983361895204,91.94733104912565,2236.55,155.69424658942185,2547.938493178844,1925.1615068211565,4586436.0
CHDC,2025-03-09,2349.1,2400.0,2330.0,2344.0,-2.21 %,129511.0,305990077.2,-0.02211097204839385,-0.02235908373748115,2379.2,2257.0,2322.592497007111,2188.2916439486276,62.51751445784298,134.30085305848343,143.898839563313,90.37966454561668,2257.0,140.07936096519006,2537.15872193038,1976.8412780696199,4456925.0
CHDC,2025-03-10,2344.0,2389.0,2311.0,2330.0,-0.60 %,75612.0,177305268.3,-0.005972696245733822,-0.0059906041371570184,2361.2,2276.5,2323.7321128521708,2198.7885592116922,61.21285180810202,124.94355364047851,140.10778237874612,89.49540279235835,2276.5,119.22056516343818,2514.941130326876,2038.0588696731236,4381313.0
CHDC,2025-03-11,2330.0,2349.0,2211.0,2224.0,-4.55 %,81978.0,186090382.7,-0.04549356223175971,-0.04656089118927331,2329.0,2286.41,2308.388710874914,2200.6560733441597,52.31149568221342,107.73263753075435,133.63275340914777,92.96001687861848,2286.41,104.62940061798611,2495.668801235972,2077.151198764028,4299335.0
CHDC,2025-03-12,2224.0,2307.0,2217.0,2290.0,2.97 %,79876.0,181290029.8,0.029676258992805682,0.029244441177812268,2317.0,2298.91,2305.5596784326194,2207.2741419853332,56.54834163247602,98.28553644728618,126.56331001677546,92.7485871015743,2298.91,87.10819587999994,2473.12639176,2124.69360824,4379211.0
CHDC,2025-03-16,2252.0,2329.9,2209.0,2221.2,-3.00 %,47312.0,105997458.2,-0.030043668122270772,-0.030504227180833232,2281.84,2304.22,2292.5812663660627,2208.305687023457,51.419857386138524,84.27557934260585,118.10576388194154,94.7594023086047,2304.22,78.07585784954331,2460.3717156990865,2148.068284300913,4331899.0
CHDC,2025-03-17,2182.2,2249.8,2182.2,2244.9,1.07 %,81419.0,180033198.5,0.010669908157752594,0.010613386386970434,2262.02,2304.5649999999996,2285.24568692513,2211.016376873571,53.00111031162101,74.22931005155897,109.33047311586503,92.81944500084725,2304.5649999999996,77.78253947617772,2460.1300789523552,2148.999921047644,4413318.0
CHDC,2025-03-18,2201.0,2280.0,2201.0,2269.9,1.11 %,58033.0,130669693.0,0.011136353512405828,0.011074800887233742,2250.0,2309.31,2282.8848120135717,2215.378126734788,54.67697068632225,67.5066852787836,100.96571554844876,91.83234178650102,2309.31,72.1535708712215,2453.617141742443,2165.002858257557,4471351.0
CHDC,2025-03-19,2289.8,2315.0,2265.0,2299.9,1.32 %,57148.0,131051682.3,0.013216441252918543,0.013129866069508077,2265.18,2313.105,2285.502533242253,2221.639006235915,56.67347398279379,63.86352700633779,93.54527784002657,88.84431737317952,2313.105,69.37287863040112,2451.8507572608023,2174.3592427391977,4528499.0
CHDC,2025-03-20,2301.0,2301.0,2245.1,2253.79,-2.00 %,53901.0,121860164.5,-0.02004869776946827,-0.020252400153686217,2257.938,2316.0945,2280.623681974214,2224.020561329551,52.8220204555715,56.603120644662795,86.15684640095382,86.49115184652385,2316.0945,65.12855930061411,2446.3516186012284,2185.837381398772,4474598.0
CHDC,2025-03-23,2253.79,2253.79,2153.0,2175.07,-3.49 %,65221.0,143118961.5,-0.034927832672964065,-0.0355523956445386,2248.7120000000004,2312.353,2264.384653978181,2220.3945938236584,46.95519554841788,43.99006015452278,77.72348915166762,87.51249814320072,2312.353,71.0148527162485,2454.382705432497,2170.323294567503,4409377.0
CHDC,2025-03-24,2131.6,2225.0,2131.6,2199.43,1.12 %,69744.0,152926617.6,0.011199639551830343,0.011137387954528413,2239.618,2305.8195,2254.3916302892303,2218.8416609478318,48.84851226554673,35.54996934139854,69.2887851896138,87.93303399011496,2305.8195,75.18468219373983,2456.18886438748,2155.45013561252,4479121.0
CHDC,2025-03-25,2195.0,2195.0,2118.0,2122.97,-3.48 %,64386.0,138127814.7,-0.03476355237493356,-0.03538218421082834,2210.232,2292.718,2234.172917937041,2211.740056433178,43.58950201410071,22.432861503863023,59.91760045246365,87.4685315622496,2292.718,83.07681743894773,2458.8716348778953,2126.5643651221044,4414735.0
CHDC,2025-03-26,2110.0,2190.0,2110.0,2168.2,2.13 %,40565.0,87898755.3,0.021305058479394345,0.021081278570551396,2183.892,2285.568,2224.023238254419,2208.514867067757,47.21010146120361,15.508371186661861,51.0357545993033,86.9350650220889,2285.568,87.44143673878068,2460.450873477562,2110.6851265224386,4455300.0
CHDC,2025-03-27,2198.0,2289.0,2165.2,2274.18,4.89 %,91438.0,204948658.9,0.048879254681302386,0.047722217623468156,2187.97,2286.772,2231.7396631383544,2213.378950988664,54.56815483061429,18.360712149690244,44.50074610938069,89.56827466336829,2286.772,87.09245163977408,2460.956903279548,2112.587096720452,4546738.0
CHDC,2025-03-30,2300.0,2370.0,2265.0,2332.35,2.56 %,102921.0,241034664.2,0.025578450254597263,0.025256795121275332,2219.426,2286.5395,2247.2181765016844,2222.1916212858005,58.02634393232886,25.026555215883945,40.60590793068135,90.67054075884198,2286.5395,86.95740896218022,2460.45431792436,2112.6246820756396,4649659.0
CHDC,2025-04-01,2338.0,2390.0,2306.0,2380.06,2.05 %,117920.0,277734735.1,0.020455763500332402,0.020249354459850342,2255.5519999999997,2284.0975,2267.65538011681,2233.88557526463,60.67058408124228,33.76980485218019,39.23868731498112,90.19407356178183,2284.0975,83.36051481521679,2450.8185296304337,2117.376470369566,4767579.0
CHDC,2025-04-02,2396.0,2460.0,2350.1,2454.57,3.13 %,150412.0,365552706.8,0.031305933463862345,0.03082589570631084,2321.8720000000003,2285.826,2296.411475483455,2250.2325696894723,64.43844347255333,46.17890579398272,40.62673101078144,91.60163973594028,2285.826,86.6214276030753,2459.0688552061506,2112.5831447938494,4917991.0
CHDC,2025-04-03,2459.0,2500.0,2430.0,2443.22,-0.46 %,96528.0,237656204.0,-0.004624027833795896,-0.0046347517216404205,2376.8759999999997,2288.737,2318.9974023321543,2264.5279348976596,63.44139585035953,54.46946743449462,43.39527829552408,90.0586654690874,2288.737,90.9974184769463,2470.7318369538925,2106.7421630461076,4821463.0
CHDC,2025-04-07,2455.0,2455.0,2355.0,2356.75,-3.54 %,63127.0,150698242.3,-0.03539181899296817,-0.03603329014019581,2393.3900000000003,2289.0744999999997,2324.8054942810536,2271.3591989793144,56.294884702501555,53.446295301739156,45.4054816967671,90.76876079272401,2289.0744999999997,91.24876584454552,2471.5720316890906,2106.576968310909,4758336.0
CHDC,2025-04-08,2375.0,2380.0,2310.0,2371.83,0.64 %,65658.0,153633356.0,0.006398642197942062,0.006378257795742235,2401.286,2287.816,2332.04003362243,2278.8014805364023,57.20037106808791,53.23855308602788,46.97209597461926,89.28527787895801,2287.816,89.84468788441217,2467.5053757688243,2108.1266242311754,4823994.0
CHDC,2025-04-09,2324.4,2460.0,2324.4,2446.02,3.13 %,124200.0,302231620.4,0.031279644831206266,0.030800404756568783,2414.478,2292.917,2349.5754130651335,2291.1880375337055,61.43373793136685,58.387375531428006,49.25515188598101,92.5934723161753,2292.917,95.89488505647623,2484.706770112952,2101.1272298870476,4948194.0
CHDC,2025-04-10,2398.0,2493.0,2398.0,2461.05,0.61 %,118581.0,292246019.3,0.006144675840753733,0.006125874300430529,2415.7740000000003,2299.4695,2366.7253495166515,2303.7704051238015,62.2484037866841,62.95494439284994,51.9951103873548,92.7653671507342,2299.4695,102.79146040070916,2505.0524208014185,2093.886579198582,5066775.0
CHDC,2025-04-13,2460.0,2565.0,2450.0,2555.46,3.84 %,179831.0,453209530.7,0.038361674894861864,0.03764415844264608,2438.222,2316.0425,2395.761449591013,2322.414078818335,66.96843449289213,73.347370772678,56.26556246441944,94.35355521139604,2316.0425,115.87148197689125,2547.7854639537827,2084.2995360462173,5246606.0
CHDC,2025-04-15,2506.0,2681.0,2506.0,2647.55,3.60 %,123729.0,327771250.5,0.03603656484546813,0.035402437466846216,2496.382,2333.92,2434.498149653934,2346.498221128088,70.80308375755936,87.99992852584592,62.612435676704735,100.11401555343919,2333.92,137.2521147377871,2608.424229475574,2059.415770524426,5370335.0
CHDC,2025-04-16,2690.0,2693.0,2587.0,2640.36,-0.27 %,109977.0,288520286.7,-0.002715718305603354,-0.0027194125584435974,2550.088,2354.8779999999997,2466.1692035533288,2368.2657603037856,70.11865044412872,97.90344324954322,69.67063719127243,100.53444301390782,2354.8779999999997,150.4973573679335,2655.872714735867,2053.8832852641326,5260358.0
CHDC,2025-04-17,2603.4,2700.0,2603.4,2626.54,-0.52 %,116521.0,310380681.7,-0.005234134739202312,-0.005247880809271874,2586.192,2373.96,2490.8416337758936,2387.3971854664683,68.74311430262938,103.4444483094253,76.42539941490301,100.25341137005725,2373.96,159.73040843540704,2693.420816870814,2054.499183129186,5143837.0
CHDC,2025-04-20,2574.1,2730.0,2574.1,2613.82,-0.48 %,69169.0,181246034.0,-0.004842873133475867,-0.0048546378422661745,2616.746,2391.156,2509.7613824257564,2404.1692458022853,67.43191798392495,105.5921366234711,82.25874685661664,104.22816770076746,2391.156,166.3149440827784,2723.7858881655566,2058.5261118344433,5074668.0
CHDC,2025-04-21,2575.0,2640.1,2575.0,2603.61,-0.39 %,59320.0,154679405.1,-0.0039061603323871097,-0.0039138093018897925,2626.376,2406.3415,2524.1996312833326,2418.9426350021163,66.33815004642366,105.25699628121629,86.85839674153657,101.43329857928406,2406.3415,171.33371687946115,2749.0089337589225,2063.6740662410775,5015348.0
CHDC,2025-04-22,2625.0,2625.0,2545.0,2554.1,-1.90 %,60157.0,155214067.7,-0.01901590483981863,-0.019199032432830738,2607.686,2421.357,2528.7996880089736,2428.954291668626,61.15775281432878,99.84539634034763,89.45579666129879,99.90234868076377,2421.357,170.41758582652741,2762.1921716530546,2080.5218283469453,4955191.0
CHDC,2025-04-23,2554.1,2554.2,2490.4,2519.74,-1.35 %,78658.0,197776313.0,-0.013452879683645946,-0.01354418951436261,2583.562,2438.5905,2527.405889853747,2435.6791589524314,57.785181804483194,91.72673090131548,89.90998350930212,97.32360948928063,2438.5905,161.3891954080821,2761.368890816164,2115.8121091838357,4876533.0
CHDC,2025-04-24,2539.0,2638.0,2491.0,2600.39,3.20 %,82183.0,210331914.4,0.032007270591410286,0.031505712181269456,2578.332,2458.6385,2538.634214491632,2447.8799619929923,62.94977723566268,90.75425249863974,90.07883730716965,100.87192309718915,2458.6385,154.88975074903962,2768.4180014980793,2148.8589985019207,4958716.0
CHDC,2025-04-27,2617.0,2673.0,2600.0,2632.0,1.22 %,90966.0,241030131.2,0.01215586892735332,0.012082579684509646,2581.968,2484.0899999999997,2552.9981814929197,2461.518483326845,64.76906086289497,91.47969816607474,90.35900947895067,98.88107144738993,2484.0899999999997,137.69744744029651,2759.484894880593,2208.6951051194064,5049682.0
CHDC,2025-04-28,2650.0,2678.0,2568.0,2590.69,-1.57 %,59873.0,155372046.4,-0.01569528875379933,-0.01581976396586223,2579.384,2505.2145,2558.796922801701,2471.086743821153,60.582366983473115,87.71017898054788,89.82924337927011,99.67528062971923,2505.2145,117.63085244568907,2740.476204891378,2269.952795108622,4989809.0
CHDC,2025-04-29,2580.0,2610.0,2540.0,2542.82,-1.85 %,48455.0,124033418.6,-0.018477702851363853,-0.018650548102734768,2577.1279999999997,2518.6465,2556.3389346783624,2476.4003183529194,56.06015595220344,79.93861632544304,87.8511179685047,97.55561772759643,2518.6465,104.46157501933656,2727.569650038673,2309.7233499613267,4941354.0
CHDC,2025-04-30,2540.0,2568.9,2510.0,2522.88,-0.78 %,65188.0,164906183.8,-0.007841687575211753,-0.007872595292364667,2577.7560000000003,2528.173,2551.191406266307,2479.8432577341846,54.24379942497854,71.3481485321222,84.5505240812282,94.79450217562527,2528.173,94.82078525743312,2717.814570514866,2338.5314294851337,4876166.0
CHDC,2025-05-04,2565.0,2614.5,2520.5,2562.33,1.56 %,78482.0,202239633.3,0.01563689117199374,0.015515894698310597,2570.1440000000002,2537.2865,2552.9050360714905,2485.9533867909117,57.19849266162302,66.95164928057875,81.03074912109832,94.73775202022345,2537.2865,88.37621948980335,2714.038938979607,2360.5340610203934,4954648.0
CHDC,2025-05-05,2585.0,2585.0,2520.0,2524.62,-1.47 %,76674.0,195162632.7,-0.01471707391319621,-0.014826444448117803,2548.668,2540.789,2548.5534920604923,2488.8175803619556,53.633237135907216,59.73591169853671,76.771781636586,92.61362687592178,2540.789,86.28893872513375,2713.3668774502676,2368.211122549733,4877974.0
CHDC,2025-05-06,2525.0,2544.0,2490.0,2500.63,-0.95 %,81516.0,204359403.2,-0.009502420166203174,-0.00954785622481348,2530.656,2543.6595,2541.180647128109,2489.692574409218,51.43670473218865,51.488072718890635,71.71503985304693,89.8555106704988,2543.6595,83.79111813717665,2711.2417362743536,2376.077263725647,4796458.0
CHDC,2025-05-07,2501.0,2590.0,2482.0,2581.4,3.23 %,57692.0,145820954.2,0.0322998604351703,0.031789187291461844,2538.3720000000003,2554.8920000000003,2547.368239877631,2496.4857170455725,57.71566364366216,50.882522832058385,67.54853644884922,91.15154562260602,2554.8920000000003,71.5850179561584,2698.0620359123172,2411.7219640876833,4854150.0
CHDC,2025-05-08,2600.0,2675.0,2536.0,2610.85,1.14 %,119248.0,310823755.1,0.011408538002634083,0.01134395139461012,2555.966,2566.843,2557.1346645118415,2504.957145412567,59.75867895687307,52.17751909927438,64.47433297893426,94.56929236384845,2566.843,58.0956357722633,2683.0342715445263,2450.6517284554734,4973398.0
CHDC,2025-05-11,2610.0,2673.4,2600.0,2604.19,-0.26 %,51290.0,134627374.2,-0.0025508933872110395,-0.0025541524592908797,2564.3379999999997,2574.7515,2564.373946894635,2512.3077272338587,59.06367673184757,52.06621966077637,61.99271031530268,93.05720005214499,2574.7515,51.13072444075168,2677.0129488815032,2472.4900511184965,4922108.0
CHDC,2025-05-13,2656.0,2696.0,2602.2,2608.32,0.16 %,63239.0,165891700.0,0.001585905790284059,0.001584649569685864,2581.0780000000004,2582.1150000000002,2571.1348781416145,2519.419747438758,59.37917317786981,51.71513070285664,59.93719439281348,93.11025719127751,2582.1150000000002,44.001829567156754,2670.118659134314,2494.1113408656865,4985347.0
CHDC,2025-05-14,2640.0,2640.0,2534.0,2547.71,-2.32 %,51736.0,133757347.7,-0.023237179487179516,-0.023511419448101478,2590.4939999999997,2581.7275,2567.531050735212,2521.5153217025536,52.93182106199869,46.01572903265833,57.152901320782455,94.03095310618626,2581.7275,44.282152145962414,2670.2918042919246,2493.1631957080754,4933611.0
CHDC,2025-05-15,2547.7,2570.0,2518.1,2527.06,-0.81 %,30896.0,78370780.8,-0.008105318109204007,-0.008138344782221134,2579.626,2575.703,2561.304735237487,2521.9260386134756,50.90386537726841,39.378696624011354,53.59806038142824,91.02159931288726,2575.703,43.034449492840764,2661.7718989856817,2489.6341010143183,4902715.0
CHDC,2025-05-18,2507.0,2575.0,2507.0,2527.52,0.02 %,35704.0,90665645.3,0.00018202971041447746,0.0001820131450169732,2562.96,2570.061,2556.107083662489,2522.3404061235888,50.94894833554193,33.76667753890024,49.63178381292265,89.37719936196675,2570.061,41.48033369142392,2653.021667382848,2487.100332617152,4938419.0
CHDC,2025-05-19,2521.1,2598.0,2521.1,2560.22,1.29 %,30490.0,78257115.3,0.012937583085395943,0.01285460746040568,2554.166,2566.745,2556.7398400221064,2525.146301966286,54.17063673700767,31.593538055820318,46.02413466150219,88.48597083611199,2566.745,39.32241512894323,2645.3898302578864,2488.1001697421134,4968909.0
CHDC,2025-05-20,2599.9,2609.0,2525.2,2595.54,1.38 %,30806.0,79458039.8,0.013795689432939406,0.013701395156107346,2551.6099999999997,2565.8309999999997,2562.7090954033206,2530.3606499687835,57.42347902551072,32.3484454345371,43.288996816109176,88.15125863353258,2565.8309999999997,38.37157855818065,2642.5741571163608,2489.0878428836386,4999715.0
CHDC,2025-05-21,2645.0,2697.0,2592.0,2620.99,0.98 %,35306.0,92424159.5,0.009805281367268437,0.009757521541170463,2566.266,2566.7,2571.6753884181944,2537.0739351562806,59.646056656295606,34.601453261913775,41.551488105270096,89.35474015970883,2566.7,39.45373172923462,2645.6074634584693,2487.7925365415304,5035021.0
CHDC,2025-05-22,2625.0,2647.0,2595.0,2599.27,-0.83 %,46800.0,122391634.7,-0.008286945009328472,-0.008321472622726126,2580.708,2568.9584999999997,2575.920713276934,2541.6810510706305,56.91536291580034,34.239662206303365,40.08912292547675,86.68654443401533,2568.9584999999997,39.98379306859069,2648.9260861371813,2488.990913862818,4988221.0
CHDC,2025-05-25,2560.0,2607.8,2549.0,2554.76,-1.71 %,26248.0,67446924.0,-0.017124038672396424,-0.017272350593760064,2586.156,2570.7095,2572.665218926636,2542.6498621024357,51.692580562060435,30.015356824200353,38.07436970522147,84.69464840301426,2570.7095,38.45242247853395,2647.6143449570677,2493.804655042932,4961973.0
CHDC,2025-05-26,2605.8,2650.0,2525.0,2529.84,-0.98 %,36194.0,92333424.8,-0.009754340916563575,-0.009802226146940764,2580.0800000000004,2567.182,2566.0767237071536,2541.700983428181,48.98246279710468,24.375740278972444,35.33464381997167,87.57360208851324,2567.182,38.82057642125118,2644.823152842502,2489.5408471574974,4925779.0
CHDC,2025-05-27,2520.0,2560.0,2505.0,2516.56,-0.52 %,57643.0,145728655.9,-0.005249343832021025,-0.005263170044274644,2564.284,2561.4100000000003,2558.4587662137455,2539.8386883594267,47.55172213477188,18.62007785431888,31.99173062684111,85.24691622504801,2561.4100000000003,37.225203686047216,2635.860407372095,2486.9595926279057,4868136.0
CHDC,2025-05-28,2511.0,2530.0,2496.0,2509.08,-0.30 %,42499.0,106634508.2,-0.00297231140922527,-0.0029767374994367646,2541.902,2557.3295,2550.8620329500923,2537.560266999469,46.72388022096602,13.301765950623121,28.253737691597514,81.58642220897316,2557.3295,38.3039786959711,2633.937457391942,2480.7215426080575,4825637.0
CHDC,2025-06-02,2559.0,2565.0,2511.0,2520.57,0.46 %,29280.0,74342407.4,0.004579367736381457,0.0045689143331184645,2526.162,2556.2169999999996,2546.2017201885396,2536.301728703212,48.215252739633264,9.899991485327519,24.582988450343517,79.75310633690366,2556.2169999999996,39.06316276566968,2634.343325531339,2478.0906744686604,4854917.0
CHDC,2025-06-03,2475.0,2547.0,2475.0,2503.39,-0.68 %,41844.0,105444885.9,-0.006815918621581707,-0.006839253085894129,2515.888,2555.2425000000003,2539.615301697995,2533.863822873345,46.13566087500084,5.7514788246503485,20.816686525204886,79.19931302712482,2555.2425000000003,40.16611977308274,2635.574739546166,2474.910260453835,4813073.0
CHDC,2025-06-04,2500.0,2606.0,2485.2,2525.8,0.90 %,42731.0,107875085.3,0.008951861276109696,0.008912030893513334,2515.08,2553.416,2537.4898706675344,2533.2665026605046,49.21282792701018,4.223368007029876,17.498022821569887,82.17079066804448,2553.416,40.65446986487534,2634.724939729751,2472.1070602702493,4855804.0
CHDC,2025-06-05,2555.1,2555.1,2488.0,2510.3,-0.61 %,80637.0,202530505.8,-0.006136669570037223,-0.006155576316064215,2513.828,2552.7,2533.3068136417596,2531.565280241208,47.2041760079383,1.7415334005518162,14.346724937366274,81.094305620327,2552.7,41.30914210010526,2635.31828420021,2470.0817157997894,4775167.0
CHDC,2025-06-08,2510.0,2580.0,2505.0,2571.05,2.42 %,69324.0,175987583.9,0.0242002947854838,0.02391210786650559,2526.222,2556.221,2539.113457696874,2534.4900742974146,54.96298755383874,4.6233833994592715,12.402056629784875,80.65899807601794,2556.221,39.60326141532904,2635.4275228306583,2477.0144771693417,4844491.0
CHDC,2025-06-09,2526.0,2745.0,2526.0,2735.51,6.40 %,141407.0,377916030.7,0.06396608389568459,0.062003514373510524,2569.21,2563.9265,2569.3283103588933,2549.3804391642725,68.47128443001004,19.947871194620802,13.911219542752061,90.54049821344523,2563.9265,56.252727117464495,2676.431954234929,2451.421045765071,4985898.0
CHDC,2025-06-10,2780.0,2829.0,2710.0,2717.92,-0.64 %,94662.0,260976175.8,-0.006430245182799554,-0.006451008265020721,2612.116,2569.2799999999997,2592.1885703036787,2561.8648510780304,66.18474263365422,30.323719225648347,17.19371947933132,92.57331976962772,2569.2799999999997,65.3178466786135,2699.9156933572267,2438.644306642773,4891236.0
CHDC,2025-06-11,2730.0,2730.0,2645.0,2653.09,-2.39 %,87188.0,232683847.3,-0.023852799199387764,-0.024141883448881032,2637.574,2571.725,2601.5580210261896,2568.622269516695,58.43891735092011,32.93575150949482,20.342125885364023,92.03236835751144,2571.725,67.5697878219978,2706.8645756439955,2436.5854243560043,4804048.0
CHDC,2025-06-12,2640.0,2687.9,2616.6,2646.88,-0.23 %,74608.0,197179611.5,-0.002340666920458756,-0.0023434105634140283,2664.8900000000003,2573.653,2608.5306331760066,2574.4191384413843,57.741808722820316,34.11149473462228,23.095999655215678,90.5514849034035,2573.653,69.199400902444,2712.051801804888,2435.2541981951117,4729440.0
CHDC,2025-06-15,2679.0,2679.0,2585.0,2593.05,-2.03 %,61549.0,161142915.8,-0.02033715166535688,-0.02054679882180033,2669.29,2575.92,2606.148997302775,2575.7992022605413,51.95615109132709,30.349795042233836,24.54675873261931,90.79780741030325,2575.92,69.04727716720284,2714.0145543344056,2437.8254456655945,4667891.0
CHDC,2025-06-16,2575.1,2624.0,2575.0,2580.21,-0.50 %,44005.0,114174168.3,-0.004951697807601185,-0.004963998084826899,2638.2300000000005,2578.5775000000003,2602.158382333117,2576.1259280190197,50.652420436878415,26.032454314097322,24.843897848914914,87.81224973813873,2578.5775000000003,68.0838730324536,2714.7452460649074,2442.4097539350932,4623886.0
CHDC,2025-06-17,2590.0,2620.0,2555.0,2564.97,-0.59 %,24490.0,63027504.7,-0.005906495982885174,-0.005924008322039201,2607.6400000000003,2580.45,2596.4370927434065,2575.2995629805737,49.078275113439695,21.137529762832855,24.102624231698503,86.18280332827167,2580.45,67.11382013136769,2714.677640262735,2446.2223597372645,4599396.0
CHDC,2025-06-18,2598.8,2598.8,2538.1,2541.09,-0.93 %,39919.0,101985507.2,-0.009310050409946147,-0.009353659810789486,2585.2400000000002,2579.4934999999996,2587.922155398267,2572.765521278309,46.63276305816855,15.156634119958198,22.313426209350446,84.362603090538,2579.4934999999996,67.5521985519681,2714.597897103936,2444.3891028960634,4559477.0
CHDC,2025-06-19,2550.0,2565.0,2520.0,2531.97,-0.36 %,35297.0,89391610.3,-0.003589011014958232,-0.0035954669666075135,2562.258,2576.315,2579.3141314908416,2569.7436308132487,45.69626597275354,9.570500677592918,19.764841102998943,81.55098858407099,2576.315,68.24939818507987,2712.8137963701597,2439.8162036298404,4524180.0
CHDC,2025-06-22,2525.0,2530.0,2485.0,2502.15,-1.18 %,36216.0,90821324.2,-0.011777390727378156,-0.011847293584468172,2544.078,2570.373,2567.4427266460966,2564.7366951974527,42.67826405408357,2.7060314486438983,16.353079172127934,79.08091797092305,2570.373,69.32003242774408,2709.013064855488,2431.732935144512,4487964.0
CHDC,2025-06-23,2549.0,2563.0,2490.0,2547.07,1.80 %,33764.0,85274162.9,0.017952560797714012,0.017793316647325974,2537.45,2567.763,2564.3084610082356,2563.4280511087527,48.22544075551994,0.8804098994828564,13.25854531759892,78.64656668728568,2567.763,69.15726632290477,2706.0775326458097,2429.44846735419,4521728.0
CHDC,2025-06-24,2598.0,2627.0,2551.0,2607.69,2.38 %,48833.0,127022350.5,0.02379989556627815,0.023521093035361085,2545.9939999999997,2570.4095,2570.9825439300453,2566.7067139895858,54.60926277424897,4.275829940459516,11.462002242171039,78.7382404953367,2570.4095,69.64452232016917,2709.6985446403387,2431.1204553596617,4570561.0
CHDC,2025-06-25,2600.0,2659.0,2566.0,2614.64,0.27 %,53087.0,139382180.5,0.0026651940989916856,0.0026616487671336404,2560.704,2574.6495000000004,2577.699075633115,2570.257327768135,55.28991213214718,7.441747864980243,10.65795136673288,79.75693760281264,2574.6495000000004,69.62596728795572,2713.901434575912,2435.397565424089,4623648.0
CHDC,2025-06-26,2620.0,2648.5,2559.0,2572.29,-1.62 %,39107.0,101625445.6,-0.01619725851360032,-0.016329867994977782,2568.768,2577.436,2576.8669101510977,2570.4078960816064,50.336624110769804,6.459014069491332,9.818163907284571,80.45287063118316,2577.436,68.28100478706243,2713.998009574125,2440.8739904258755,4584541.0
CHDC,2025-06-29,2600.0,2620.0,2541.5,2550.24,-0.86 %,32959.0,84404033.6,-0.008572128337007157,-0.008609080352274345,2578.386,2579.494,2572.7704624355442,2568.9139778533395,47.929014628735665,3.8564845822047573,8.625828042268608,80.31337987181294,2579.494,66.71462756038072,2712.9232551207615,2446.064744879239,4551582.0
CHDC,2025-06-30,2523.0,2620.0,2511.0,2564.86,0.57 %,27535.0,70778366.0,0.005732793776272116,0.005716423847849691,2581.9440000000004,2581.7085,2571.5534682146913,2568.613683197537,49.64865065525069,2.9397850171544633,7.488619437245779,82.36242416668345,2581.7085,65.37745670331627,2712.4634134066328,2450.9535865933676,4579117.0
CHDC,2025-07-01,2570.0,2651.0,2565.0,2643.26,3.06 %,59096.0,155119356.6,0.030566970516909375,0.030109107608300236,2589.058,2588.702,2582.585242335508,2574.1430399977194,57.71349366791556,8.442202337788785,7.67933601735438,82.63225101192035,2588.702,64.02575300935575,2716.753506018712,2460.6504939812885,4638213.0
CHDC,2025-07-02,2622.0,2710.0,2622.0,2675.65,1.23 %,73335.0,196210656.2,0.012253807797946381,0.012179337639972395,2601.26,2596.1945,2596.9028973608147,2581.6620740719623,60.526495762203794,15.240823288852425,9.19163347165399,83.01566165392605,2596.1945,65.03731151580982,2726.2691230316195,2466.1198769683806,4711548.0
CHDC,2025-07-03,2729.1,2729.1,2600.1,2620.16,-2.07 %,47864.0,126318500.9,-0.020738885878197943,-0.02095695687404986,2610.834,2601.6875,2600.4809131514585,2584.513772288854,53.91002709585561,15.967140862604538,10.546734949844101,86.30025725007418,2601.6875,61.96782058578344,2725.623141171567,2477.751858828433,4663684.0
CHDC,2025-07-06,2620.0,2634.0,2595.0,2599.11,-0.80 %,27884.0,72821753.4,-0.008033860527601244,-0.00806630587620094,2620.608,2603.0905000000002,2600.2700034358495,2585.5949743415313,51.60541385162256,14.675029094318234,11.372393778738928,82.92166744649747,2603.0905000000002,61.553923255563845,2726.198346511128,2479.9826534888725,4635800.0
CHDC,2025-07-07,2651.0,2651.0,2579.1,2594.37,-0.18 %,45841.0,119169250.7,-0.0018237011900228417,-0.0018253661576149445,2626.5099999999998,2596.0335,2599.362310599565,2586.2449762421584,51.0759263897268,13.117334357406435,11.721381894472431,82.13440548603336,2596.0335,53.08083312264386,2702.1951662452875,2489.8718337547125,4589959.0
CHDC,2025-07-08,2624.0,2640.0,2590.39,2613.08,0.72 %,69661.0,182165247.57,0.0072117701021827685,0.007185889642967409,2620.4739999999997,2590.7915000000003,2601.472724353478,2588.2327557797767,53.12059367189331,13.23996857370139,12.025099230318222,79.81123366560242,2590.7915000000003,44.96701425834018,2680.7255285166807,2500.85747148332,4659620.0
CHDC,2025-07-09,2645.0,2730.0,2620.0,2714.37,3.88 %,99025.0,267028320.8,0.03876268617876222,0.038030280040753296,2628.218,2593.8555,2618.8415359914047,2597.5762553516447,62.30517280721082,21.26528063976002,13.873135512206584,82.4618598323451,2593.8555,51.104328632650784,2696.0641572653017,2491.6468427346986,4758645.0
CHDC,2025-07-10,2700.0,2765.0,2680.0,2706.98,-0.27 %,72539.0,198378793.2,-0.002722547036697276,-0.0027262599083904973,2645.582,2596.8605,2632.4012996850347,2605.680236436708,61.36061313722004,26.721063248326573,16.442721059430582,82.64315555860617,2596.8605,55.92586732964372,2708.7122346592873,2485.008765340712,4686106.0
CHDC,2025-07-13,2761.1,2761.1,2655.0,2660.28,-1.73 %,92395.0,248865404.7,-0.017251697463594007,-0.017402241940467515,2657.816,2600.222,2636.6903305027217,2609.724663367322,55.621975186435016,26.9656671353996,18.547310274624387,84.31864444727715,2600.222,57.67781180602121,2715.5776236120428,2484.8663763879576,4593711.0
CHDC,2025-07-14,2698.0,2698.0,2630.0,2639.38,-0.79 %,53410.0,141489146.2,-0.007856315876524356,-0.007887339319572535,2666.818,2603.1805,2637.1041258099954,2611.921354969743,53.22296395656489,25.182770840252488,19.874402387750006,83.15302698675737,2603.1805,58.113176282367576,2719.406852564735,2486.954147435265,4540301.0
CHDC,2025-07-15,2650.0,2680.0,2631.3,2652.38,0.49 %,43949.0,116678073.3,0.00492539914676926,0.004913309051170996,2674.6780000000003,2607.551,2639.4542603007653,2614.9182916386508,54.53646618292845,24.535968662114556,20.80671564262292,80.69209648770325,2607.551,58.374565018050205,2724.3001300361,2490.8018699638997,4584250.0
CHDC,2025-07-16,2700.0,2700.0,2633.1,2641.99,-0.39 %,80083.0,212264168.3,-0.00391723659505816,-0.003924929061708357,2660.202,2612.5960000000005,2639.8443741006477,2616.923603369121,53.2494901885321,22.920770731526773,21.229526660403693,79.7069467385816,2612.5960000000005,56.663432318376096,2725.922864636753,2499.269135363248,4504167.0
CHDC,2025-07-17,2650.2,2774.0,2650.0,2749.86,4.08 %,104947.0,285438528.5,0.040829072025253765,0.040017580210043785,2668.778,2623.4905,2656.7698550082405,2626.770743860297,63.009379348469096,29.999111147943495,22.983443557911652,83.44287911439721,2623.4905,61.11731509968263,2745.725130199365,2501.2558698006346,4609114.0
CHDC,2025-07-20,2760.0,2869.0,2741.0,2782.53,1.19,106726.0,299377312.9,0.011880604830791341,0.011810584488940947,2693.228,2637.5095,2676.117569622357,2638.308466537312,65.36754826776524,37.80910308504508,25.948575463338337,86.62553060622598,2637.5095,63.91219152905406,2765.3338830581083,2509.685116941892,4715840.0
CHDC,2025-07-21,2790.0,2865.0,2772.0,2823.66,1.48,36826.0,103905513.7,0.014781511789630164,0.014673330001576366,2730.084,2651.339,2698.8164050650716,2652.0382097567704,68.12277917863214,46.77819530830129,30.11449943233093,87.08084984863841,2651.339,72.64122375356064,2796.621447507121,2506.056552492879,4752666.0
CHDC,2025-07-22,2801.0,2870.0,2801.0,2826.7,0.11 %,58350.0,166021154.6,0.0010766168731362047,0.0010760377368251215,2764.948,2662.2895,2718.4908042858297,2664.9761201451574,68.32337102665218,53.514684140672216,34.79453637399919,85.78936057373566,2662.2895,81.66239116820884,2825.6142823364175,2498.964717663582,4811016.0
CHDC,2025-07-23,2811.0,2880.0,2775.0,2853.14,0.94,46507.0,132299805.8,0.009353663282272606,0.00931018866158361,2807.178,2674.2145,2739.2060651649326,2678.91418531959,70.08645601698511,60.291879845342464,39.894005068267845,87.16154910418312,2674.2145,91.19542419698155,2856.605348393963,2491.823651606037,4857523.0
CHDC,2025-07-24,2870.0,2958.0,2856.0,2939.21,3.02 %,49303.0,144360473.3,0.0301667636358538,0.029720695578687385,2845.048,2692.5605,2769.9759012934046,2698.195356777398,74.97033000233976,71.78054451600656,46.27131295781559,88.42572416817005,2692.5605,105.41097503403167,2903.3824500680635,2481.7385499319366,4906826.0
CHDC,2025-07-27,2945.0,2997.9,2844.0,2879.8,-2.02,40668.0,119359370.2,-0.020212914354537426,-0.020419990467239742,2864.502,2709.0384999999997,2786.871916479035,2711.6475525716646,66.8563875967289,75.22436390737039,52.061923147726546,93.10245815615791,2709.0384999999997,107.72553219687002,2924.48956439374,2493.5874356062595,4866158.0
CHDC,2025-07-28,2869.0,2894.0,2840.0,2864.44,-0.53,34123.0,97553609.3,-0.005333703729425654,-0.005347978708794957,2872.6580000000004,2724.0175,2798.8054677899527,2722.9655116404306,64.90066177401687,75.8399561495221,56.81752974808566,90.30942543071806,2724.0175,107.45030503125324,2938.9181100625065,2509.1168899374934,4832035.0
CHDC,2025-07-29,2843.0,2900.0,2843.0,2866.4,0.07 %,54240.0,155565325.0,0.0006842524193211297,0.0006840184253689906,2880.598,2735.1745,2809.2046265914987,2733.590288555954,65.04119247473346,75.61433803554473,60.576891405577484,87.93018075709534,2735.1745,110.17383930929992,2955.5221786186,2514.8268213814004,4886275.0
CHDC,2025-07-30,2913.0,2913.0,2820.0,2828.06,-1.34,30303.0,86204893.1,-0.013375662852358361,-0.013465922791990449,2875.582,2742.795,2812.10545326973,2740.588044959217,59.98207794337568,71.51740831051302,62.76499478656459,88.29231070301711,2742.795,111.10694992234355,2965.008899844687,2520.581100155313,4855972.0
CHDC,2025-07-31,2875.0,2879.0,2805.0,2813.38,-0.52,27056.0,76305685.5,-0.0051908375352714975,-0.005204356736709356,2850.416,2752.456,2812.301537382079,2745.9800416289045,58.11803643247416,66.32149575317453,63.47629497988658,87.27143136708732,2752.456,108.24595110450925,2968.9479022090186,2535.9640977909817,4828916.0
CHDC,2025-08-03,2791.0,2809.0,2745.0,2752.43,-2.17,27706.0,76861316.6,-0.02166433258216105,-0.021902449614569868,2824.942,2760.1220000000003,2803.09053163099,2746.45781632306,51.02762028171463,56.632715307930084,62.107579045495285,85.92204341229538,2760.1220000000003,102.06710551084464,2964.2562110216895,2555.987788978311,4801210.0
CHDC,2025-08-04,2800.0,2800.0,2710.0,2740.56,-0.43,32157.0,88217977.5,-0.004312552907794198,-0.0043218787859721506,2800.166,2767.4315,2793.4704498416068,2746.02094103987,49.75454168951852,47.449508801736556,59.175964996743545,86.21332602570286,2767.4315,94.52834636259159,2956.488192725183,2578.374807274817,4769053.0
CHDC,2025-08-05,2795.0,2840.0,2686.0,2691.39,-1.79 %,31103.0,84405656.5,-0.017941588580436152,-0.018104490299345438,2765.1639999999998,2771.347,2777.7657652505904,2741.9742046665465,44.77159088624705,35.791560584043964,54.49908411420363,91.05523130958123,2771.347,89.27422520109934,2949.895450402199,2592.7985495978014,4737950.0
CHDC,2025-08-06,2724.1,2784.0,2680.0,2731.94,1.51,30068.0,82182080.8,0.015066564117426351,0.014954190754706984,2745.94,2772.2255,2770.7156475197303,2741.230930246802,49.282719042376776,29.484717272928265,49.49621074594856,91.97985764461114,2772.2255,88.76905467645432,2949.7636093529086,2594.6873906470914,4768018.0
CHDC,2025-08-07,2750.0,2773.0,2700.0,2722.41,-0.35,24984.0,68028386.8,-0.0034883635804593416,-0.0034944621074108097,2727.746,2772.9970000000003,2763.2840094397716,2739.836787265557,48.28451971438915,23.447222174214403,44.28641303160173,90.62415352713892,2772.9970000000003,88.23761604472664,2949.4722320894534,2596.521767910547,4743034.0
CHDC,2025-08-11,2730.0,2745.0,2675.0,2682.05,-1.48 %,23279.0,62755150.7,-0.014825099819644971,-0.014936089937726308,2713.6699999999996,2774.0855,2750.7864695259605,2735.5562845051454,44.201318543128494,15.230185020815043,38.4751674294444,89.15099970377186,2774.0855,86.89806457019667,2947.8816291403937,2600.2893708596066,4719755.0
CHDC,2025-08-12,2682.05,2698.0,2635.0,2663.15,-0.7,30434.0,81012476.7,-0.007046848492757385,-0.0070717947938815475,2698.1879999999996,2775.274,2737.303935752736,2730.192856023283,42.39336973115934,7.11107972945274,32.20234988944607,87.28307115350245,2775.274,85.10274337834093,2945.4794867566816,2605.068513243318,4689321.0
CHDC,2025-08-13,2641.1,2704.0,2641.1,2657.79,-0.2,32655.0,87207341.3,-0.002012654187710128,-0.0020146822978629455,2691.468,2775.5445,2725.0710225600073,2724.8296815030403,41.87031777405245,0.24134105696703045,25.810148122950263,85.54142321396657,2775.5445,84.69920564310144,2944.9429112862026,2606.1460887137973,4656666.0
CHDC,2025-08-14,2710.9,2710.9,2620.0,2626.25,-1.19 %,34622.0,91519311.8,-0.011867002283852401,-0.011937977220772056,2670.33,2774.7574999999997,2709.867788320006,2717.5274828731854,38.834042928610806,-7.659694553179179,19.116179587724375,85.92417869868325,2774.7574999999997,86.06754054531679,2946.8925810906335,2602.622418909366,4622044.0
CHDC,2025-08-17,2678.7,2678.7,2595.0,2599.02,-1.04 %,43786.0,114496213.8,-0.010368396001903868,-0.010422522279917803,2645.652,2767.2155,2692.8142824246206,2708.749150808505,36.381132580934064,-15.93486838388435,12.105969993402631,85.76530879163444,2767.2155,94.55462283638113,2956.324745672762,2578.1062543272374,4578258.0
CHDC,2025-08-18,2589.0,2620.0,2582.0,2599.11,0.00 %,22746.0,59192201.1,3.462843687240813e-05,3.4627837321928975e-05,2629.064,2758.0445,2678.398238974679,2700.627732230097,36.39543261001715,-22.22949325541822,5.238877343638461,82.3535010208034,2758.0445,101.62203907640355,2961.288578152807,2554.800421847193,4601004.0
CHDC,2025-08-19,2599.11,2630.0,2581.0,2593.18,-0.23,31152.0,81069187.0,-0.0022815502229610596,-0.002284156924305787,2615.0699999999997,2746.5205,2665.287740670882,2692.6686409537933,35.82405579972183,-27.38090028291117,-1.285078181671465,79.97110809074603,2746.5205,106.7295144142366,2959.979528828473,2533.061471171527,4569852.0
CHDC,2025-08-20,2580.0,2614.9,2575.2,2589.29,-0.15 %,25104.0,65021060.5,-0.0015000886941900493,-0.001501214953702287,2601.37,2734.65,2653.59578056767,2685.010963846105,35.43110335722636,-31.41518327843505,-7.311099201024183,77.09460036997848,2734.65,110.47912358161571,2955.6082471632317,2513.6917528367685,4544748.0
CHDC,2025-08-21,2566.0,2610.0,2566.0,2574.03,-0.59,11074.0,28540793.8,-0.005893507486608218,-0.005910942738798273,2590.9260000000004,2720.6945,2641.354891249567,2676.7901517093565,33.86194506467379,-35.43526045978933,-12.935931452777213,74.73070034355145,2720.6945,112.33663762264709,2945.367775245294,2496.021224754706,4533674.0
CHDC,2025-08-24,2574.0,2590.0,2500.0,2528.42,-1.77,33789.0,85763768.3,-0.01771929620089907,-0.01787816239214879,2576.8059999999996,2700.1549999999997,2623.9802925957874,2665.799770101256,29.637123670083668,-41.81947750546851,-18.712640663315476,75.82136460472636,2700.1549999999997,107.74089808910153,2915.636796178203,2484.6732038217965,4499885.0
CHDC,2025-08-25,2520.0,2568.9,2505.0,2543.36,0.59,20099.0,50857093.6,0.005908828438313307,0.0058914397756835305,2565.656,2683.333,2611.577170657974,2656.730157501163,32.60338719877748,-45.152986843188955,-24.00070989929017,74.96983856153162,2683.333,104.42994973208683,2892.192899464174,2474.4731005358262,4519984.0
CHDC,2025-08-26,2545.0,2574.0,2545.0,2559.6,0.64,9661.0,24713891.5,0.006385254151987763,0.006364954781962391,2558.94,2668.091,2603.5806828644395,2649.535331019595,35.772983885162276,-45.95464815515561,-28.391497550463264,71.80342152142221,2668.091,98.69421467070524,2865.47942934141,2470.7025706585896,4529645.0
CHDC,2025-08-27,2600.0,2649.8,2555.0,2640.4,3.16,27551.0,72130866.2,0.03156743241131443,0.0310794245493107,2569.162,2656.791,2609.2451931929872,2648.8586398329585,48.699881790259155,-39.613446639971244,-30.635887368364862,73.44603426989207,2656.791,87.04413405063632,2830.879268101273,2482.7027318987275,4557196.0
CHDC,2025-08-28,2675.0,2675.0,2580.0,2584.49,-2.12,27548.0,71929715.9,-0.021174821996667315,-0.02140222440635943,2571.254,2644.6125,2605.4367019325277,2644.0905924379244,42.34838299582882,-38.6538905053967,-32.23948799577123,74.98560325061408,2644.6125,78.43367670065612,2801.4798534013125,2487.745146598688,4529648.0
CHDC,2025-08-31,2610.0,2610.0,2500.0,2522.61,-2.39,44540.0,112429588.2,-0.023942828178866837,-0.024234116599062935,2570.0919999999996,2630.0739999999996,2592.6941324044465,2635.0920300351154,36.65095205724106,-42.39789763066892,-34.271169922750765,77.48663158985593,2630.0739999999996,72.20576317568457,2774.4855263513687,2485.6624736486306,4485108.0
CHDC,2025-09-01,2522.0,2560.0,2501.0,2542.82,0.80 %,20069.0,50698531.3,0.008011543599684368,0.007979621567417263,2569.984,2619.5935,2585.0211889576085,2628.2570648473293,39.51317663198222,-43.235875889720774,-36.064111116144765,76.16615790486622,2619.5935,68.63527735519942,2756.8640547103987,2482.322945289601,4505177.0
CHDC,2025-09-02,2542.8,2575.0,2517.1,2546.6,0.15,15354.0,39289942.4,0.001486538567417206,0.001485434762724425,2567.384,2609.8954999999996,2579.110236810284,2622.2083933771564,40.05868329817954,-43.0981565668726,-37.47092020629034,74.86143234023292,2609.8954999999996,64.20336009196743,2738.3022201839344,2481.488779816065,4520531.0
CHDC,2025-09-03,2550.0,2552.0,2530.0,2532.41,-0.56 %,14402.0,36546769.7,-0.005572135396214595,-0.005587717653909668,2545.786,2601.9465,2571.925584993317,2615.5566605344043,38.649528310006176,-43.631075541087284,-38.70295127324973,71.08561574450201,2601.9465,63.41935395066629,2728.785207901333,2475.1077920986672,4506129.0
CHDC,2025-09-04,2532.41,2539.0,2505.5,2527.9,-0.18 %,18260.0,46071016.7,-0.0017809122535449307,-0.0017824999630999697,2534.468,2591.7445,2565.152418071268,2609.063574568893,38.18970893131255,-43.91115649762469,-39.744592318124724,68.400928905609,2591.7445,57.54688372141631,2706.8382674428326,2476.650732557167,4487869.0
CHDC,2025-09-07,2527.0,2540.0,2511.3,2516.63,-0.45 %,13160.0,33242177.0,-0.004458245974919839,-0.004468213589925286,2533.272,2581.4555,2557.6874306756886,2602.2166431193455,37.00493688834913,-44.52921244365689,-40.70151634323116,65.56514826949406,2581.4555,50.97609217480915,2683.407684349618,2479.503315650382,4474709.0
CHDC,2025-09-08,2534.0,2534.0,2460.0,2480.79,-1.42 %,22969.0,57239641.8,-0.014241267091308685,-0.014343647112040907,2520.866,2571.3925,2545.8570567255824,2593.222076962357,33.45087711657591,-47.3650202367744,-42.03421712193982,66.16763767881592,2571.3925,49.92715091688894,2671.2468018337777,2471.538198166222,4451740.0
CHDC,2025-09-18,2431.2,2431.2,2235.0,2245.0,-9.5,17867.0,40446340.0,-0.09504633604617885,-0.09987153664400464,2460.546,2550.4849999999997,2499.571355690877,2567.427849039219,19.905702028995066,-67.8564933483417,-47.1986723672202,78.99780641604335,2550.4849999999997,84.8316728648342,2720.148345729668,2380.8216542703312,4433873.0
CHDC,2025-09-21,2200.1,2434.0,2200.1,2396.83,6.76,100655.0,237198824.6,0.067630289532294,0.06544150975713114,2433.43,2537.4370000000004,2483.764993276896,2554.7909713326103,37.46531605211889,-71.0259780557144,-51.96413350491904,90.0622488148974,2537.4370000000004,87.48603847107294,2712.4090769421464,2362.4649230578543,4534528.0
CHDC,2025-09-23,2348.9,2450.0,2348.9,2448.0,2.13,31425.0,76043873.9,0.02134903184623016,0.02112433369873083,2417.45,2528.5245000000004,2478.262686618912,2546.8805290116766,42.07451597640791,-68.61784239276449,-55.294875282488135,90.85065961383329,2528.5245000000004,87.04049465769829,2702.605489315397,2354.443510684604,4565953.0
CHDC,2025-09-24,2410.0,2449.0,2348.0,2373.0,-3.06,52845.0,126005373.5,-0.030637254901960786,-0.031116387196453137,2388.7239999999997,2517.2235,2462.068427139079,2534.0004898256266,37.68964188362004,-71.9320626865474,-58.622312763299995,91.57561249855948,2517.2235,91.94074437686812,2701.1049887537365,2333.3420112462636,4513108.0
CHDC,2025-09-25,2326.0,2370.0,2326.0,2342.0,-1.31,24412.0,57396592.1,-0.013063632532659075,-0.013149712278100908,2360.966,2504.368,2443.5963614253747,2519.7782313200246,36.01873749771876,-76.18186989464994,-62.13422418956999,88.39164017723381,2504.368,97.68410621134566,2699.736212422691,2308.999787577309,4488696.0
CHDC,2025-09-28,2342.0,2370.0,2320.0,2356.0,0.6,11957.0,28084477.1,0.005977796754910392,0.005960000613814732,2383.166,2492.509,2430.1199981291634,2507.6465104815043,37.36915751519232,-77.52651235234089,-65.21268182212417,85.64938016457425,2492.509,100.68561857790186,2693.8802371558036,2291.1377628441965,4500653.0
CHDC,2025-10-07,2360.0,2360.0,2260.0,2270.0,-3.65,31880.0,73207513.8,-0.03650254668930386,-0.03718543429602892,2357.8,2476.5445,2405.486152263138,2490.0430652606524,32.79067539615494,-84.55691299751425,-69.08152805720218,86.67442443853324,2476.5445,109.46296415127439,2695.470428302549,2257.618571697451,4468773.0
CHDC,2025-10-08,2236.0,2265.0,2156.0,2175.0,-4.19,54883.0,120123832.5,-0.04185022026431717,-0.042751166952663885,2303.2,2456.593,2370.0267442226555,2466.706541908012,28.619318569198683,-96.67979768535633,-74.60118198283301,88.62625126435229,2456.593,125.89157524169696,2708.3761504833938,2204.809849516606,4413890.0
CHDC,2025-10-09,2218.5,2297.0,2175.1,2184.6,0.44,50723.0,112387386.9,0.004413793103448249,0.004404080886658267,2265.52,2439.402,2341.4995528037853,2445.8097610259365,29.594013879984715,-104.31020822215123,-80.54298723069667,91.0100904597557,2439.402,138.41880578802594,2716.239611576052,2162.564388423948,4464613.0
CHDC,2025-10-12,2151.0,2191.9,1990.0,2000.0,-8.45,109749.0,224199927.6,-0.08450059507461316,-0.08828556486736036,2197.12,2412.234,2288.9611600647413,2412.7868157647563,23.070397534566098,-123.82565570001498,-89.19952092456033,98.93079828405888,2412.234,167.25970941526242,2746.753418830525,2077.714581169475,4354864.0
CHDC,2025-10-13,2040.0,2179.8,2000.0,2169.0,8.45,100234.0,209252634.3,0.08450000000000002,0.08111905128479203,2159.7200000000003,2392.704,2270.505596977858,2394.728533115515,36.80476241964642,-124.22293613765669,-96.20420396717961,104.70716983519755,2392.704,171.88705292167623,2736.4781058433528,2048.9298941566476,4455098.0
CHDC,2025-10-14,2175.0,2245.0,2133.0,2170.0,0.05,57892.0,126822965.7,0.0004610419548178868,0.00046093570763085516,2139.7200000000003,2369.184,2255.0431974428034,2378.0819751069585,36.87657551113953,-123.03877766415508,-101.57111870657471,105.22808627554058,2369.184,168.3570728321964,2705.898145664393,2032.4698543356074,4512990.0
CHDC,2025-10-15,2141.0,2220.0,2131.0,2175.0,0.23,39183.0,85834855.2,0.0023041474654377225,0.0023014969882791674,2139.7200000000003,2348.7095,2242.72885937468,2363.0388658397765,37.260472937619795,-120.31000646509665,-105.31889625827911,104.06893725585911,2348.7095,165.67320793069285,2680.0559158613855,2017.3630841386143,4552173.0
CHDC,2025-10-16,2156.0,2262.0,2121.7,2130.0,-2.07,41251.0,89400532.2,-0.020689655172413834,-0.020906684819313712,2128.8,2329.079,2225.385957932421,2345.7767276294226,35.18638803703696,-120.39076969700136,-108.33327094602356,106.65687030901205,2329.079,167.23603797908325,2663.5510759581666,1994.6069240418337,4510922.0
CHDC,2025-10-19,2091.0,2200.0,2091.0,2143.0,0.61,42899.0,92100111.2,0.006103286384976592,0.006084736770106286,2157.4,2309.088,2212.7111951735874,2330.7562292865027,36.28971251529012,-118.04503411291535,-110.27562357940192,106.8242367155112,2309.088,164.2106050040116,2637.5092100080233,1980.666789991977,4553821.0
CHDC,2025-10-26,2144.0,2148.9,2085.0,2147.8,0.22,27614.0,58587224.1,0.002239850676621691,0.002237345950539236,2153.16,2289.148,2202.724857454574,2317.2039160060212,36.71806309657522,-114.47905855144745,-111.11631057381103,103.75821980726042,2289.148,157.94521533878495,2605.03843067757,1973.2575693224303,4581435.0
CHDC,2025-10-28,2150.0,2299.0,2111.0,2267.0,5.55,67943.0,151524289.9,0.05549864978117136,0.05401330908341281,2172.56,2275.8775,2212.613340923101,2313.485107412983,46.36252162032016,-100.8717664898818,-109.06740175702518,109.77548982102753,2275.8775,147.21612107354784,2570.3097421470957,1981.4452578529044,4649378.0
CHDC,2025-10-29,2241.0,2395.0,2241.0,2291.0,1.06,78918.0,183197024.3,0.01058667842964267,0.0105310319459665,2195.7599999999998,2264.0325,2224.6728269349314,2311.8195439009105,48.078320913652234,-87.14671696597907,-104.68326479881597,112.93438340523986,2264.0325,134.88521607080528,2533.80293214161,1994.2620678583892,4728296.0
CHDC,2025-10-30,2271.0,2380.0,2267.0,2341.0,2.18,49374.0,114761904.3,0.02182453077258839,0.021589785037415245,2237.96,2255.251,2242.569315098788,2313.9810591675096,51.55519370850775,-71.41174406872142,-98.02896065279705,112.93907030486558,2255.251,122.74548185057978,2500.74196370116,2009.7600362988405,4777670.0
CHDC,2025-11-02,2311.0,2404.0,2308.0,2338.0,-0.13,53428.0,125449482.2,-0.001281503630926939,-0.0012823254588970286,2276.96,2248.1115,2257.250958929744,2315.7602399699163,51.333081035445886,-58.50928104017248,-90.12502473027214,111.7291367116609,2248.1115,112.67622928104306,2473.463958562086,2022.7590414379138,4724242.0
CHDC,2025-11-03,2293.0,2380.0,2293.0,2364.0,1.11,51577.0,121348671.9,0.011120615911035081,0.011059236493975104,2320.2,2254.0615,2273.673888325168,2319.3335555277004,53.21434778812052,-45.659667202532546,-81.23195322472424,109.96276980368512,2254.0615,115.60712354096192,2485.275747081924,2022.847252918076,4775819.0
CHDC,2025-11-04,2335.0,2405.0,2335.0,2360.0,-0.17,34940.0,83117650.9,-0.0016920473773265332,-0.0016934805063330315,2338.8,2252.22,2286.954828582834,2322.3458847478705,52.87570329972619,-35.39105616503639,-72.06377381278668,107.10828624627905,2252.22,113.48717339994847,2479.1943467998967,2025.2456532001029,4740879.0
CHDC,2025-11-05,2407.0,2407.0,2350.0,2379.0,0.81,22627.0,53601042.1,0.008050847457627075,0.00801861228330188,2356.4,2248.7699999999995,2301.115624185475,2326.542485877658,54.36138580569086,-25.426861692182683,-62.73639138866588,103.5291229429734,2248.7699999999995,108.14530721986227,2465.0606144397243,2032.479385560275,4763506.0
CHDC,2025-11-06,2336.1,2450.0,2336.1,2350.1,-1.21,19687.0,46814419.9,-0.012147961328289214,-0.012222350878625055,2358.2200000000003,2247.625,2308.6516820030943,2328.2874869237576,51.691871169447026,-19.635804920663304,-54.11627409506537,104.26989987561817,2247.625,106.87454462811934,2461.3740892562387,2033.8759107437613,4743819.0
CHDC,2025-11-09,2312.0,2389.9,2312.0,2335.0,-0.64,18069.0,42233368.5,-0.0064252584996382645,-0.006445989321334903,2357.62,2247.275,2312.7052693872333,2328.7847101145903,50.30194929482425,-16.079440727356996,-46.508907421523695,102.3863355987883,2247.275,106.56021216093585,2460.395424321872,2034.1545756781284,4725750.0
CHDC,2025-11-10,2293.0,2370.9,2293.0,2332.0,-0.13,17990.0,41950648.0,-0.0012847965738758127,-0.0012856226326146988,2351.22,2246.075,2315.6736894815053,2329.0228797357317,50.01421568767942,-13.349190254226414,-39.87696398806424,100.6373116274463,2246.075,105.40021409642931,2456.8754281928586,2035.2745718071412,4707760.0
CHDC,2025-11-11,2295.0,2380.0,2295.0,2297.0,-1.5,10765.0,24870382.1,-0.015008576329331058,-0.015122344781284758,2338.62,2247.425,2312.800814176658,2326.6508145701223,46.66078532712964,-13.850000393464143,-34.67157126914422,99.52036079691442,2247.425,105.89453479757199,2459.2140695951443,2035.6359304048563,4696995.0
CHDC,2025-11-12,2260.0,2397.0,2260.0,2262.0,-1.52,32493.0,73932483.6,-0.015237265999129335,-0.015354546013032523,2315.22,2251.775,2304.9853043033263,2321.861865342706,43.51844052970442,-16.876561039379794,-31.112569223191336,102.19747788284911,2251.775,104.54110183883843,2460.857203677677,2042.6927963223231,4664502.0
CHDC,2025-11-13,2216.8,2304.0,2216.8,2247.0,-0.66,37153.0,83652028.7,-0.006631299734747964,-0.006653384490736548,2294.6,2254.895,2296.0644882566608,2316.316541983987,42.20657358969714,-20.252053727326256,-28.94046612401832,101.1262294626456,2254.895,103.35519478704423,2461.6053895740883,2048.1846104259116,4627349.0
CHDC,2025-11-16,2226.0,2270.5,2195.0,2229.7,-0.77,26822.0,59733784.6,-0.00769915442812652,-0.007728945929004404,2273.54,2266.38,2285.854566986405,2309.900501837025,40.68331943405574,-24.045934850619687,-27.961559869338597,99.29578450102805,2266.38,84.60087469993529,2435.5817493998707,2097.1782506001296,4600527.0
CHDC,2025-11-17,2187.0,2289.0,2187.0,2289.0,2.66,44682.0,100844265.2,0.02659550612189987,0.026247993696241863,2264.94,2272.38,2286.3384797577273,2308.352316515764,47.65674648590988,-22.013836758036632,-26.772015247078205,99.48894275095464,2272.38,81.53063744445642,2435.441274888913,2109.318725111087,4645209.0
CHDC,2025-11-18,2265.0,2335.0,2265.0,2280.0,-0.39,25589.0,58915653.9,-0.003931847968545177,-0.003939598004080203,2261.54,2277.88,2285.3633290257694,2306.2521449220035,46.75828290741095,-20.888815896234064,-25.595375376909377,97.38258969731503,2277.88,77.88961554995916,2433.6592310999185,2122.1007689000817,4619620.0
CHDC,2025-11-19,2252.0,2310.0,2246.1,2254.9,-1.1,20837.0,47106990.2,-0.011008771929824523,-0.011069816893020534,2260.12,2281.875,2280.676663021805,2302.4482823351887,44.25257453371556,-21.77161931338378,-24.83062416420426,94.99097614750681,2281.875,74.30153271065147,2430.4780654213027,2133.2719345786973,4598783.0
CHDC,2025-11-20,2242.0,2285.0,2241.0,2263.0,0.36,14162.0,31994442.9,0.003592177036675581,0.0035857405780713903,2263.32,2288.525,2277.9571764030657,2299.526187347397,45.271820387557604,-21.56901094433124,-24.178301520229656,91.34876356554204,2288.525,65.41343717579743,2419.351874351595,2157.698125648405,4612945.0
CHDC,2025-11-23,2260.0,2320.0,2260.0,2296.9,1.5,36539.0,84072774.5,0.014980114891736562,0.014869021062171401,2276.7599999999998,2296.2200000000003,2280.87145695644,2299.331654951294,49.4383523565794,-18.460197994853843,-23.034680815154495,89.10956616800334,2296.2200000000003,55.72856774717956,2407.6771354943594,2184.762864505641,4649484.0
CHDC,2025-11-24,2296.9,2423.0,2296.9,2405.0,4.71,78345.0,185051166.7,0.04706343332317475,0.04598951584415275,2299.96,2309.0800000000004,2299.9681558862185,2307.1589397697167,59.9175619141551,-7.19078388349817,-19.865901428823232,91.75174001314596,2309.0800000000004,48.938625365100386,2406.957250730201,2211.2027492698,4727829.0
CHDC,2025-11-25,2361.0,2445.0,2361.0,2399.0,-0.25,23945.0,57461296.4,-0.002494802494802495,-0.0024979197001669816,2323.7599999999998,2315.6800000000003,2315.203824211416,2313.961981268256,59.18435847766443,1.2418429431600089,-15.644352554426586,91.19804429792126,2315.6800000000003,51.78318768007477,2419.2463753601496,2212.113624639851,4703884.0
CHDC,2025-11-26,2380.0,2440.0,2364.0,2380.0,-0.79,30121.0,71863457.3,-0.007919966652771948,-0.007951496174174155,2348.7799999999997,2320.13,2325.172466640429,2318.853686359496,56.81348267207594,6.31878028093297,-11.251725987354675,90.1124697052126,2320.13,53.35106273290995,2426.83212546582,2213.4278745341803,4673763.0
CHDC,2025-11-27,2370.1,2459.0,2361.0,2430.0,2.1,65359.0,157806387.5,0.021008403361344463,0.02079076966907369,2382.18,2324.5800000000004,2341.299779464978,2327.086746629163,61.21649591764168,14.213032835815284,-6.158774222720683,90.67586472626886,2324.5800000000004,58.6336494011699,2441.84729880234,2207.3127011976608,4739122.0
CHDC,2025-11-30,2390.4,2469.0,2370.0,2389.0,-1.69,24511.0,58807949.0,-0.01687242798353905,-0.017016389008784563,2400.6,2327.13,2348.6382749319046,2331.672913545521,56.1602373006197,16.965361386383393,-1.533947100899868,91.27044581724965,2327.13,60.33240466470422,2447.7948093294085,2206.4651906705917,4714611.0
CHDC,2025-12-01,2351.0,2433.0,2342.0,2367.0,-0.92,13998.0,33040953.0,-0.009208874005860235,-0.009251537811825642,2393.0,2327.28,2351.4631557116118,2334.2897347643716,53.60186232230919,17.173420947240174,2.20752650872814,91.25112825887467,2327.28,60.432542644839636,2448.1450852896796,2206.4149147103208,4700613.0
CHDC,2025-12-02,2350.1,2396.0,2342.0,2369.0,0.08,15947.0,37590957.8,0.0008449514152937265,0.0008445946448016335,2387.0,2327.7300000000005,2354.161131755979,2336.860865522566,53.80787559382735,17.300266233412913,5.226074453665095,88.59033338324078,2327.7300000000005,60.72182560873153,2449.1736512174634,2206.2863487825375,4716560.0
CHDC,2025-12-03,2345.0,2374.0,2342.0,2355.0,-0.59,14284.0,33596159.5,-0.0059096665259603665,-0.005927197708267384,2382.0,2326.53,2354.290188408905,2338.2045051134874,52.0651675197578,16.085683295417766,7.39799622201563,84.5481667130093,2326.53,59.88669213381957,2446.3033842676396,2206.756615732361,4702276.0
CHDC,2025-12-07,2350.0,2390.0,2290.0,2299.0,-2.38,22537.0,52167721.8,-0.023779193205944793,-0.02406648168733657,2355.8,2323.975,2345.784005576766,2335.3004676976734,45.69060505271477,10.483537879092637,8.015104553431032,85.65186909065149,2323.975,59.918232661329434,2443.811465322659,2204.138534677341,4679739.0
CHDC,2025-12-08,2298.0,2300.0,2271.0,2280.0,-0.83,15949.0,36388212.5,-0.008264462809917328,-0.008298802814695066,2334.0,2321.225,2335.663389334187,2331.2041367571046,43.73413195935058,4.459252577082225,7.303934158161271,81.60530701274782,2321.225,60.64334801022109,2442.5116960204423,2199.9383039795575,4663790.0
CHDC,2025-12-09,2299.0,2299.0,2242.0,2279.0,-0.04,20844.0,47167001.7,-0.00043859649122801603,-0.00043869270280214246,2316.4,2318.575,2326.945944821235,2327.337163663986,43.62824419267738,-0.3912188427507317,5.7649035579788706,79.84778508326583,2318.575,61.302141071858586,2441.179282143717,2195.9707178562826,4642946.0
CHDC,2025-12-10,2246.0,2300.0,2246.0,2262.9,-0.71,19780.0,44813164.1,-0.007064501974550219,-0.007089573717989355,2295.1800000000003,2316.87,2317.092722541045,2322.5640404296164,41.87054539980652,-5.4713178885713205,3.5176592686688326,78.00151472017542,2316.87,62.39820425886383,2441.6664085177276,2192.073591482272,4623166.0
CHDC,2025-12-11,2218.0,2307.0,2218.0,2256.9,-0.27,27500.0,61751506.8,-0.002651464934376291,-0.002654986293409356,2275.5600000000004,2316.615,2307.8323036885768,2317.70003743483,41.20430740628995,-9.86773374625318,0.8405806656844304,78.78712081159146,2316.615,62.64417707214838,2441.9033541442964,2191.326645855703,4595666.0
CHDC,2025-12-14,2212.0,2278.6,2212.0,2240.0,-0.75,29667.0,66675312.3,-0.007488147458903804,-0.007516324385200035,2263.76,2316.265,2297.396564659565,2311.9444791063243,39.307112054592515,-14.547914446759478,-2.237118356804351,77.91661218219207,2316.265,63.07169083039216,2442.408381660784,2190.1216183392157,4565999.0
CHDC,2025-12-15,2239.9,2270.0,2200.0,2215.0,-1.12,43354.0,96094620.4,-0.011160714285714302,-0.01122346236984954,2250.76,2315.5299999999997,2284.7201700965547,2304.76340657993,36.62092224082946,-20.04323648337504,-5.7983419821184885,77.35113988346407,2315.5299999999997,64.20896067974462,2443.947921359489,2187.1120786405104,4522645.0
CHDC,2025-12-16,2240.0,2258.9,2190.0,2230.0,0.68,41845.0,92413983.8,0.006772009029345272,0.00674918197492833,2240.96,2312.58,2276.301682389392,2299.225376462898,39.30121062401427,-22.923694073505885,-9.223412400395969,76.74748703464522,2312.58,66.79525353444572,2446.1705070688913,2178.9894929311085,4564490.0
CHDC,2025-12-17,2201.0,2270.0,2201.0,2235.0,0.22,16674.0,37293951.0,0.0022421524663676085,0.00223964259350466,2235.38,2310.33,2269.947577406409,2294.46794116935,40.20889655846375,-24.520363762941088,-12.282802672904992,76.19409510359914,2310.33,68.68174583191923,2447.6934916638384,2172.9665083361615,4581164.0
CHDC,2025-12-18,2192.0,2366.0,2192.0,2229.0,-0.27,22472.0,50077728.7,-0.0026845637583892135,-0.0026881736618003024,2229.8,2309.035,2263.6479501131153,2289.6184640456945,39.44658773406836,-25.97051393257925,-15.020344924839845,83.18023116762778,2309.035,70.013158725563,2449.061317451126,2169.008682548874,4558692.0
CHDC,2025-12-21,2220.0,2250.0,2202.2,2235.0,0.27,23877.0,53153674.0,0.0026917900403768957,0.0026881736618003956,2228.8,2307.6349999999998,2259.2405731726362,2285.5726518941615,40.65817410787479,-26.33207872152525,-17.282691684176925,80.65307179851152,2307.6349999999998,71.251136832994,2450.137273665988,2165.1327263340117,4582569.0
CHDC,2025-12-22,2191.0,2233.7,2191.0,2220.0,-0.67,11790.0,26114399.3,-0.006711409395973145,-0.006734032181344068,2229.8,2303.79,2253.2035619153075,2280.7154184205197,38.57990580380938,-27.51185650521211,-19.32852464838396,78.03499524147497,2303.79,73.88708953527694,2451.564179070554,2156.015820929446,4570779.0
CHDC,2025-12-23,2233.0,2233.0,2175.0,2194.0,-1.17,33894.0,74372918.1,-0.011711711711711703,-0.011780834031149566,2222.6,2293.24,2244.095321620645,2274.292054093074,35.21941541042976,-30.196732472429176,-21.502166213193007,76.60392415279819,2293.24,73.7388949711953,2440.7177899423905,2145.762210057609,4536885.0
CHDC,2025-12-24,2201.0,2222.0,2196.0,2207.9,0.63,15468.0,34177530.2,0.006335460346399202,0.0063154756811213885,2217.18,2283.685,2238.526810602084,2269.374124160254,38.31299515087079,-30.847313558169844,-23.371195682188375,73.13221528474118,2283.685,71.66546753378593,2427.0159350675717,2140.354064932428,4552353.0
CHDC,2025-12-28,2211.0,2260.0,2211.0,2253.0,2.04,18272.0,40934111.5,0.020426649757688153,0.02022082391594728,2221.98,2277.335,2240.7534551248405,2268.161226074309,47.134370210505146,-27.407770949468613,-24.178510735644423,71.62991419297394,2277.335,68.22616626450525,2413.7873325290107,2140.8826674709894,4570625.0
CHDC,2025-12-29,2255.0,2284.8,2242.0,2243.0,-0.44,21245.0,47971328.8,-0.004438526409232146,-0.00444840591203613,2223.58,2267.9849999999997,2241.0990774133265,2266.297431550286,45.57802391290475,-25.19835413695955,-24.382479415907447,69.57063460776153,2267.9849999999997,58.29382268432837,2384.5726453686566,2151.3973546313428,4549380.0
CHDC,2025-12-31,2207.7,2284.9,2207.7,2260.0,0.76,24051.0,54409022.2,0.007579135086937194,0.007550557746123301,2231.58,2261.535,2244.00691165743,2265.830955139154,48.680339046935856,-21.824043481723947,-23.87079222907075,70.11558927863574,2261.535,50.862200575303895,2363.2594011506076,2159.810598849392,4573431.0
CHDC,2026-01-01,2270.0,2279.0,2236.0,2243.0,-0.75,9113.0,20471930.2,-0.007522123893805355,-0.007550557746123289,2241.38,2255.335,2243.8520021716713,2264.1397732769947,45.86471303772619,-20.287771105323372,-23.154188004321277,68.1787614730189,2255.335,44.48783719050369,2344.3106743810076,2166.3593256189924,4564318.0
CHDC,2026-01-04,2227.0,2246.9,2227.0,2230.0,-0.58,10378.0,23159900.2,-0.005795809184128364,-0.0058126700660438395,2245.8,2248.3849999999998,2241.720924914491,2261.6109011824024,43.779404422784864,-19.889976267911152,-22.501345657039252,64.73027851066041,2248.3849999999998,35.80669262632519,2319.99838525265,2176.7716147473493,4553940.0
CHDC,2026-01-05,2250.0,2265.0,2223.3,2246.5,0.74,21715.0,48785107.5,0.007399103139013485,0.007371864056050229,2244.5,2242.96,2242.456167235339,2260.491575168891,47.06888962202475,-18.03540793355205,-21.608158112341812,63.085258617041795,2242.96,25.55535580891681,2294.0707116178337,2191.8492883821664,4575655.0
CHDC,2026-01-06,2265.0,2290.0,2240.1,2240.1,-0.28,19610.0,44193693.2,-0.0028488760293791104,-0.0028529418004490134,2243.92,2240.015,2242.0936799683636,2258.9810881193434,45.945939808988314,-16.88740815097981,-20.66400812006941,62.143454430110246,2240.015,21.888095177980542,2283.791190355961,2196.2388096440386,4556045.0
CHDC,2026-01-07,2233.0,2260.0,2233.0,2244.7,0.21,17168.0,38488487.0,0.0020534797553679596,0.0020513742477339322,2240.8599999999997,2238.25,2242.494652280923,2257.923229740133,46.926039897709295,-15.428577459209919,-19.616921987897513,59.63320768510238,2238.25,19.819620793927157,2277.8892415878545,2198.6107584121455,4573213.0
CHDC,2026-01-08,2235.0,2249.9,2230.0,2244.0,-0.03,12804.0,28661422.8,-0.0003118456809372283,-0.0003118943149127142,2241.06,2236.5,2242.726244237704,2256.891879389012,46.78701507851623,-14.165635151307924,-18.526664620579595,56.795121421880786,2236.5,17.433754313621016,2271.367508627242,2201.632491372758,4560409.0
CHDC,2026-01-12,2220.0,2280.0,2220.0,2259.0,0.67,26741.0,60356315.1,0.006684491978609541,0.00666224982541625,2246.8599999999997,2236.3050000000003,2245.229898970365,2257.0480364713076,50.19229535680768,-11.818137500942612,-17.184959196652198,57.02404132031787,2236.3050000000003,17.142298408639867,2270.58959681728,2202.0204031827207,4587150.0
CHDC,2026-01-13,2265.1,2343.0,2265.1,2314.0,2.43,33890.0,78083263.2,0.024347056219566232,0.024055391285618666,2260.3599999999997,2239.1600000000003,2255.8099145133856,2261.2667004363957,60.23946205142628,-5.456785923010102,-14.83932454192378,58.950895511723736,2239.1600000000003,24.097005710348,2287.354011420696,2190.9659885793044,4621040.0
CHDC,2026-01-14,2340.0,2354.0,2295.0,2305.0,-0.39,33211.0,76837345.7,-0.003889369057908376,-0.003896952322872983,2273.3399999999997,2242.4100000000003,2263.3776199728645,2264.506204107774,58.17159526855165,-1.128584134909488,-12.097176460520924,58.954402975172044,2242.4100000000003,28.242929250090214,2298.8958585001806,2185.92414149982,4587829.0
CHDC,2026-01-18,2305.0,2370.0,2300.0,2336.2,1.35,32310.0,75561191.8,0.013535791757049775,0.013445001290846756,2291.6400000000003,2248.4700000000003,2274.581063053962,2269.8168556553464,62.92320172780705,4.764207398615781,-8.724899688693583,59.74337419123118,2248.4700000000003,34.38664214326204,2317.243284286524,2179.6967157134764,4620139.0
CHDC,2026-01-20,2382.0,2456.0,2352.1,2448.0,4.79,57562.0,139046039.4,0.04785549182433013,0.04674568691062096,2332.44,2259.37,2301.2608995071987,2283.015607088284,74.2230495009411,18.245292418914687,-3.3308612671719295,64.03313317757183,2259.37,55.989313829979515,2371.3486276599588,2147.391372340041,4677701.0
CHDC,2026-01-21,2457.0,2551.7,2430.5,2440.0,-0.33,40813.0,100634250.5,-0.0032679738562091387,-0.0032733253449691376,2368.6400000000003,2269.62,2322.605376506091,2294.6440806373002,72.51987064673193,27.961295868790785,2.927570160020614,68.11648080774526,2269.62,68.63070971353513,2406.8814194270703,2132.3585805729294,4636888.0
CHDC,2026-01-22,2400.1,2450.0,2376.5,2435.0,-0.2,34003.0,81748789.6,-0.002049180327868827,-0.0020512827705573607,2392.84,2279.92,2339.8968570436155,2305.040815404908,71.41684196484864,34.856041638707666,9.313264455758024,68.50101789290632,2279.92,77.14377281546831,2434.2075456309367,2125.6324543690635,4602885.0
CHDC,2026-01-25,2395.0,2475.0,2395.0,2453.0,0.74,36768.0,90217721.8,0.007392197125256628,0.007365008741799092,2422.44,2290.82,2357.297340575367,2316.000755004544,73.00848000662496,41.29658557082303,15.709928678771025,69.32237375769873,2290.82,85.41993850811947,2461.659877016239,2119.9801229837612,4639653.0
CHDC,2026-01-26,2470.0,2545.0,2466.1,2521.0,2.77,109837.0,274303934.4,0.027721157766000815,0.027343882929430522,2459.4,2305.87,2382.4823651022334,2331.1858842634665,77.99386745192453,51.29648083876691,22.827239110770204,70.94220420357739,2305.87,97.89147105472077,2501.6529421094415,2110.0870578905583,4749490.0
CHDC,2026-01-27,2571.0,2571.0,2455.0,2456.0,-2.58,51262.0,127882518.3,-0.025783419278064268,-0.026121637920886752,2461.0,2318.9700000000003,2393.7927704711205,2340.4313743180246,65.5336635772911,53.36139615309594,28.934070519235352,74.16061818903614,2318.9700000000003,99.64779607774562,2518.2655921554915,2119.674407844509,4698228.0
CHDC,2026-01-28,2480.0,2499.0,2430.0,2466.0,0.41,31964.0,78579884.7,0.004071661237784907,0.004063394457256417,2466.2,2331.875,2404.901575014025,2349.7327539981707,66.42242530151773,55.16882101585452,34.18102061855919,73.792002604105,2331.875,101.20705131973853,2534.2891026394773,2129.4608973605227,4730192.0
CHDC,2026-01-29,2425.1,2493.0,2425.1,2455.0,-0.45,37692.0,92917357.4,-0.0044606650446066265,-0.00447064349566863,2470.2,2341.975,2412.6090250118673,2357.530327776084,64.45356662745566,55.07869723578324,38.360555942004,73.37114527524037,2341.975,102.98512347853364,2547.945246957067,2136.004753042933,4692500.0
CHDC,2026-02-01,2450.0,2451.0,2405.0,2405.0,-2.04,24262.0,58908535.3,-0.020366598778004064,-0.020576857688759387,2460.6,2350.075,2411.438405779272,2361.0465997926703,56.28650061723517,50.39180598660187,40.766805950923576,71.70177775558034,2350.075,101.1451998236323,2552.3653996472644,2147.784600352735,4668238.0
CHDC,2026-02-02,2410.0,2450.0,2382.0,2394.0,-0.46,17337.0,41549750.7,-0.0045738045738045185,-0.004584296421943042,2435.2,2356.775,2408.7555741209226,2363.487592400621,54.645968992609696,45.26798172030158,41.66704110479918,71.43736505875317,2356.775,99.28554712754085,2555.346094255082,2158.2039057449183,4650901.0
CHDC,2026-02-03,2400.0,2401.1,2331.0,2347.0,-1.96,22496.0,53019371.6,-0.019632414369256446,-0.019827690266894914,2413.4,2361.975,2399.2547165638575,2362.266289259834,48.18389249295103,36.98842730402339,40.73131834464403,71.34183898312794,2361.975,95.67070098159557,2553.316401963191,2170.633598036809,4628405.0
CHDC,2026-02-04,2350.0,2407.0,2333.4,2369.0,0.94,29169.0,69004783.4,0.009373668512995259,0.009330008307761895,2394.0,2368.925,2394.6001447848025,2362.7650826479944,51.09891533415447,31.83506213680812,38.95206710307685,71.5031361986188,2368.925,90.4871835937605,2549.8993671875214,2187.950632812479,4657574.0
CHDC,2026-02-05,2372.0,2440.0,2372.0,2425.0,2.36,24116.0,58355095.0,0.023638666103841244,0.02336359921279807,2388.0,2377.85,2399.2770455871405,2367.3750765259206,57.632611069428926,31.901969061219916,37.542047494705464,71.46719789871746,2377.85,86.49128036363807,2550.832560727276,2204.867439272724,4681690.0
CHDC,2026-02-08,2400.1,2470.0,2395.0,2396.0,-1.2,34676.0,84036021.4,-0.011958762886597918,-0.012030844136243583,2386.2,2385.645,2398.7728847275803,2369.495441227704,53.63600373925677,29.277443499876426,35.88912669573966,71.71954090595193,2385.645,80.221144836891,2546.087289673782,2225.202710326218,4647014.0
CHDC,2026-02-09,2385.1,2410.0,2350.0,2374.0,-0.92,28926.0,68590948.0,-0.00918196994991649,-0.009224384065726584,2382.2,2392.1099999999997,2394.961671692568,2369.829112247874,50.76022110956418,25.132559444693925,33.73781324553052,70.88243084124109,2392.1099999999997,73.16434204831268,2538.438684096625,2245.7813159033744,4618088.0
CHDC,2026-02-10,2399.9,2399.9,2322.0,2340.0,-1.43,30157.0,70849472.6,-0.01432181971356361,-0.014425366817866239,2380.8,2396.91,2386.5060298937115,2367.6195483776614,46.60166999902888,18.886481516050026,30.76754689963442,71.38368578115245,2396.91,65.70487364759713,2528.3197472951942,2265.5002527048055,4587931.0
CHDC,2026-02-11,2379.3,2379.3,2292.0,2310.0,-1.28,22979.0,53271463.8,-0.012820512820512775,-0.012903404835907841,2369.0,2399.46,2374.735871448525,2363.35143368302,43.23585953254121,11.384437765505027,26.890925072808542,72.520565368213,2399.46,60.88367165076597,2521.227343301532,2277.692656698468,4564952.0
CHDC,2026-02-12,2310.0,2450.0,2310.0,2350.0,1.73,27477.0,64753934.0,0.017316017316017396,0.017167803622365498,2354.0,2401.2599999999998,2370.9303527641364,2362.3624385953885,48.56959575764709,8.567914168747848,23.226322891996404,77.34052498476922,2401.2599999999998,58.717740527251664,2518.695481054503,2283.8245189454965,4592429.0
CHDC,2026-02-16,2397.0,2454.5,2360.0,2430.0,3.4,60057.0,145202848.1,0.03404255319148941,0.033475929196389545,2360.8,2407.5099999999998,2380.0179908004234,2367.3726283290634,57.22624009326923,12.645362471359931,21.11013080786911,79.28048748585712,2407.5099999999998,54.42833917415842,2516.366678348317,2298.6533216516827,4652486.0
CHDC,2026-02-17,2430.0,2560.0,2430.0,2511.0,3.33,123830.0,311199777.5,0.03333333333333344,0.03278982282299097,2388.2,2416.25,2400.16906913882,2378.011692897281,63.85919666399692,22.157376241538714,21.31957989460303,82.90330980829589,2416.25,56.374569668044664,2528.9991393360892,2303.5008606639108,4776316.0
CHDC,2026-02-22,2561.0,2561.0,2463.1,2495.0,-0.64,57486.0,142737504.8,-0.0063719633612107085,-0.0063923509719660074,2419.2,2418.6,2414.7584431174632,2386.6774934234086,61.8199124415391,28.080949694054652,22.671853854493357,83.97450196484618,2418.6,58.69941271107947,2535.998825422159,2301.201174577841,4718830.0
CHDC,2026-02-23,2492.0,2560.0,2469.0,2535.0,1.6,75439.0,189594462.5,0.01603206412825653,0.015904907839664514,2464.2,2423.35,2433.257144176315,2397.6643457624155,64.84261597123083,35.592798413899345,25.256042766374556,84.47632325307146,2423.35,64.1160748379502,2551.5821496759004,2295.1178503240994,4794269.0
CHDC,2026-02-24,2560.0,2570.0,2528.0,2531.1,-0.15,26954.0,68575771.1,-0.0015384615384615996,-0.0015396461855928612,2500.4199999999996,2428.1549999999997,2448.3098912261125,2407.548468298533,64.30803539541573,40.76142292757959,28.357118798615563,81.44230016356636,2428.1549999999997,68.48708272363514,2565.12916544727,2291.1808345527293,4767315.0
CHDC,2026-02-25,2531.1,2550.5,2490.0,2506.5,-0.97,25934.0,65178183.9,-0.009719094464857192,-0.009766633136132657,2515.72,2430.83,2457.2622156528646,2414.8782113875304,60.897613529738024,42.38400426533417,31.162495891959285,79.94642158045447,2430.83,70.52311379215617,2571.8762275843123,2289.7837724156875,4741381.0
CHDC,2026-02-26,2530.0,2530.0,2486.7,2497.0,-0.38,23085.0,57627567.1,-0.0037901456213843554,-0.003797346423784831,2512.9199999999996,2429.63,2463.375720937039,2420.961306840306,59.583472858994824,42.41441409673325,33.41287953291408,77.32882003899346,2429.63,69.09784138599821,2567.8256827719965,2291.4343172280037,4718296.0
CHDC,2026-03-01,2462.3,2519.0,2461.3,2519.0,0.88,19880.0,49749570.9,0.008810572687224738,0.008771986072837041,2517.72,2432.7799999999997,2471.9333023313407,2428.2234322595427,61.64751630883514,43.70987007179792,35.47227764069085,75.92676146477962,2432.7799999999997,71.74842451961342,2576.2768490392264,2289.283150960773,4738176.0
CHDC,2026-03-03,2519.0,2545.0,2500.0,2534.9,0.63,14747.0,37256524.8,0.006312028582770912,0.006292191162835661,2517.7,2436.225,2481.6204865880577,2436.1254002403175,63.1136859686016,45.4950863477402,37.47683938210072,73.71770707443821,2436.225,75.0075285694662,2586.240057138932,2286.2099428610677,4752923.0
CHDC,2026-03-09,2585.5,2708.0,2585.5,2708.0,6.83,1545.0,4069152.0,0.06828671742475034,0.0660561665167196,2553.0800000000004,2448.875,2516.448104036049,2456.2642594817753,74.52960793158832,60.18384455427349,42.01824041653528,80.8164422834069,2448.875,96.57425763026134,2642.023515260523,2255.726484739477,4754468.0
CHDC,2026-03-10,2717.0,2717.0,2585.0,2624.0,-3.1,54268.0,142160361.8,-0.03101920236336775,-0.0315104839681859,2576.5800000000004,2459.825,2532.9945495689644,2468.689129149792,64.15353068302394,64.3054204191726,46.47567641706274,84.47241069173498,2459.825,103.50460388943937,2666.8342077788784,2252.8157922211212,4700200.0
CHDC,2026-03-11,2615.0,2615.0,2508.8,2564.0,-2.29,52156.0,133778858.4,-0.02286585365853655,-0.023131332023418966,2589.9800000000005,2468.325,2537.764618866047,2475.7491936572146,57.94773500153743,62.01542520883231,49.583626175416654,86.66723849946818,2468.325,104.78684065128668,2677.898681302573,2258.7513186974265,4648044.0
CHDC,2026-03-12,2542.0,2588.0,2542.0,2560.0,-0.16,40682.0,104168025.9,-0.0015600624024960652,-0.0015612805669524645,2598.1800000000003,2478.975,2541.185446732809,2481.9899941270505,57.54806544980197,59.19545260575842,51.50599146148501,83.76243574950618,2478.975,102.6084682818714,2684.1919365637427,2273.758063436257,4607362.0
CHDC,2026-03-15,2550.0,2590.0,2541.0,2548.0,-0.47,21353.0,54428648.2,-0.004687499999999956,-0.00469852078155415,2600.8,2487.925,2542.233839543146,2486.8796241917134,56.293682349886716,55.354215351432686,52.275636239474544,81.27940462454146,2487.925,100.29151129001897,2688.508022580038,2287.3419774199624,4586009.0
CHDC,2026-03-16,2539.9,2560.0,2512.0,2515.0,-1.3,36539.0,92250159.3,-0.01295133437990581,-0.013035934158214385,2562.2,2492.425,2538.04401807497,2488.962614992327,52.88010940669823,49.08140308264319,51.63678960810827,78.90230429421707,2492.425,99.3340609151193,2691.093121830239,2293.7568781697614,4549470.0
CHDC,2026-03-17,2565.0,2565.0,2500.0,2509.0,-0.24,24310.0,60942989.3,-0.0023856858846919016,-0.0023885361674173457,2539.2,2498.075,2533.5757076018976,2490.446865733636,52.25961520019396,43.12884186826159,49.93520006013894,77.90928255891585,2498.075,96.74066186401984,2691.5563237280394,2304.5936762719602,4525160.0
CHDC,2026-03-19,2520.0,2538.0,2506.0,2530.0,0.84,46339.0,117032648.2,0.008369868473495412,0.008335035355143627,2532.4,2505.875,2533.025598740067,2493.3767275311443,54.28165016018471,39.64887120892263,47.877934289895684,74.63004809042187,2505.875,92.40191314375184,2690.678826287504,2321.071173712496,4571499.0
CHDC,2026-03-22,2580.0,2580.0,2515.0,2530.0,0.0,32428.0,82491858.9,0.0,0.0,2526.4,2515.375,2532.5601220108256,2496.089562528837,54.28165016006681,36.4705594819884,45.59645932831423,73.94218751253459,2515.375,83.81893313938954,2683.0128662787793,2347.7371337212207,4571499.0
CHDC,2026-03-23,2530.0,2606.0,2521.5,2603.0,2.89,42924.0,110259074.0,0.028853754940711518,0.02844532327299951,2537.4,2530.025,2543.3970263168526,2504.008854193368,60.9497159256617,39.388172123484765,44.354801887348344,74.69631697592499,2530.025,70.5965026343684,2671.2180052687368,2388.8319947312634,4614423.0
CHDC,2026-03-24,2613.9,2614.0,2580.0,2595.0,-0.31,29677.0,77024494.4,-0.00307337687283904,-0.00307810939457637,2553.4,2542.275,2551.335945345029,2510.748939067933,59.91833084496983,40.58700627709595,43.60124276529787,71.78943719193035,2542.275,57.813200778060825,2657.9014015561215,2426.6485984438787,4584746.0
CHDC,2026-03-25,2566.0,2605.0,2566.0,2574.0,-0.81,35849.0,92699651.2,-0.008092485549133,-0.008125407443917092,2566.4,2549.475,2554.822722984255,2515.4342028406786,57.182878438260836,39.38852014357644,42.75869824095359,69.44733453536391,2549.475,51.74276328749188,2652.9605265749838,2445.989473425016,4548897.0
CHDC,2026-03-26,2570.0,2590.0,2540.0,2590.0,0.62,67386.0,172309008.7,0.0062160062160061536,0.006196766537511399,2578.4,2553.425,2560.234611755908,2520.9575952228506,58.72884964754937,39.27701653305758,42.06236189937439,68.05823921140934,2553.425,51.66636771271437,2656.757735425429,2450.0922645745713,4616283.0
CHDC,2026-03-29,2561.0,2575.0,2480.0,2490.0,-3.86,36782.0,92774878.8,-0.038610038610038644,-0.03937516523483017,2570.4,2553.175,2549.429286870384,2518.664440021158,47.24676568109704,30.76484684922616,39.80285888934474,71.05407926773725,2553.175,51.975124363732064,2657.125248727464,2449.224751272536,4579501.0
CHDC,2026-03-30,2491.0,2500.0,2415.0,2415.0,-3.01,58040.0,142474615.6,-0.030120481927710885,-0.030583423372080278,2532.8,2547.175,2528.7478581210944,2510.985592612183,40.80341609025442,17.76226550891124,35.394740213258046,72.05021646289887,2547.175,60.42344329805977,2668.0218865961197,2426.3281134038807,4521461.0
CHDC,2026-03-31,2366.7,2495.9,2366.7,2484.0,2.86,30668.0,75063220.0,0.02857142857142847,0.028170876966696224,2510.6,2544.82,2521.863572256311,2508.9866598260955,47.849825714419,12.87691243021527,30.891174656649493,76.13234385840612,2544.82,61.98073215031091,2668.781464300622,2420.8585356993785,4552129.0
CHDC,2026-04-01,2227.0,2246.9,2227.0,2230.0,-0.58,10378.0,23159900.2,-0.10225442834138487,-0.10786857859920496,2441.8,2530.995,2476.9614842168785,2488.320981320459,32.509109805306,-11.359497103580452,22.441040304603508,89.05146215423426,2530.995,93.69918538652897,2718.393370773058,2343.596629226942,4541751.0
CHDC,2026-04-02,2350.0,2407.0,2333.4,2369.0,0.94,29169.0,69004783.4,0.062331838565022446,0.06046633970462104,2397.6,2524.5950000000003,2460.3520251065897,2479.482390111536,43.234549866659634,-19.13036500494627,14.126759242693552,95.33350057178895,2524.5950000000003,100.28347439551528,2725.1619487910307,2324.02805120897,4570920.0
CHDC,2026-04-05,2261.1,2262.0,2195.2,2197.4,-2.81,10682.0,23659902.5,-0.07243562684677074,-0.07519308189200483,2339.08,2508.5150000000003,2419.8978673978836,2458.587398251422,35.693292804530955,-38.6895308535386,3.5635012234471226,100.93825053094689,2508.5150000000003,124.16726102528068,2756.8495220505615,2260.180477949439,4560238.0
CHDC,2026-04-06,2290.0,2395.0,2290.0,2378.0,4.07,41715.0,97911341.8,0.08218804041139527,0.07898495498394655,2331.68,2500.67,2413.452041644363,2452.6179613439094,46.307990039825555,-39.16591969954652,-4.982382961151606,107.84266120730783,2500.67,127.32878741768114,2755.327574835362,2246.012425164638,4601953.0
CHDC,2026-04-07,2378.0,2417.0,2332.0,2369.0,-0.38,15814.0,37461303.9,-0.003784693019344032,-0.0037918730919417245,2308.68,2483.7200000000003,2406.6132660067688,2446.4240382813973,45.90137217604809,-39.81077227462856,-11.948060823846998,106.21104254964298,2483.7200000000003,120.66591373223838,2725.051827464477,2242.3881725355236,4586139.0
CHDC,2026-04-08,2350.0,2439.0,2350.0,2439.0,2.95,26193.0,62971827.2,0.02954833262980161,0.029120194057134827,2350.48,2474.4700000000003,2411.5958404672656,2445.874109519812,49.60762915488426,-34.27826905254642,-16.414102469586883,104.98168236752564,2474.4700000000003,116.36040699388846,2707.1908139877773,2241.749186012223,4612332.0
CHDC,2026-04-09,2441.0,2487.0,2419.0,2469.0,1.23,42053.0,103483402.5,0.012300123001230068,0.012225091129259276,2370.48,2469.7200000000003,2420.427249626148,2447.5871384442703,51.152180531211926,-27.159888818122454,-18.563259739293997,102.34013362698809,2469.7200000000003,114.43642040794255,2698.592840815885,2240.8471591841153,4654385.0
CHDC,2026-04-10,2518.0,2518.0,2423.0,2449.9,-0.77,34201.0,83520549.4,-0.007735925475901184,-0.0077660029659463795,2420.98,2464.215,2424.961518914433,2447.7584615224723,50.09933104319846,-22.796942608039444,-19.409996313043088,101.81583836791752,2464.215,112.4966538683389,2689.208307736678,2239.2216922633224,4620184.0
CHDC,2026-04-13,2449.9,2470.0,2405.1,2470.0,0.82,26743.0,64821564.2,0.008204416506796264,0.008170943242789814,2439.38,2460.315,2431.89051600452,2449.405982891178,51.23680552025106,-17.515466886658032,-19.031090427766078,99.17899277020913,2460.315,110.77805822546463,2681.8711164509295,2238.7588835490706,4646927.0
CHDC,2026-04-15,2480.0,2480.0,2440.0,2440.0,-1.21,18645.0,45795162.3,-0.012145748987854255,-0.012220111334775333,2453.58,2456.565,2433.1381289269016,2448.7092434177575,49.425884042434326,-15.571114490855962,-18.339095240384054,94.95192185805135,2456.565,110.0967960478138,2676.7585920956276,2236.3714079043725,4628282.0
CHDC,2026-04-16,2400.1,2440.0,2400.0,2403.0,-1.52,11684.0,28159951.9,-0.015163934426229542,-0.015280082550778673,2446.38,2451.2650000000003,2428.5014937073784,2445.323373534961,47.20966030116886,-16.821879827582507,-18.035652157823748,91.02678458247625,2451.2650000000003,109.9910918641487,2671.247183728298,2231.282816271703,4616598.0
CHDC,2026-04-17,2403.0,2417.9,2365.0,2380.1,-0.95,22220.0,53053039.0,-0.009529754473574736,-0.009575453146907182,2428.6,2443.77,2421.055110060089,2440.4920125323715,45.839665134313634,-19.436902472282327,-18.315902220715465,88.30344282658511,2443.77,109.44946490693764,2662.6689298138754,2224.8710701861246,4594378.0
CHDC,2026-04-20,2370.0,2388.0,2350.0,2370.0,-0.42,12308.0,29077299.5,-0.0042435191798663174,-0.004252548460384824,2412.62,2435.77,2413.2004777431525,2435.2703819744183,45.21642564528977,-22.06990423126581,-19.066702622825535,84.71033976754332,2435.77,108.65951698573335,2653.0890339714665,2218.4509660285335,4582070.0
CHDC,2026-04-21,2398.2,2398.9,2328.0,2344.0,-1.1,14892.0,34909234.8,-0.010970464135021119,-0.011031083432273657,2387.42,2422.82,2402.5542503980523,2428.5096129392764,43.57402953644517,-25.955362541224076,-20.444434606505244,83.72388692700451,2422.82,102.96466741963499,2628.74933483927,2216.8906651607304,4567178.0
CHDC,2026-04-22,2325.0,2350.0,2288.0,2350.0,0.26,34392.0,79473027.8,0.0025597269624573205,0.002556456441301394,2369.42,2410.57,2394.4689811060443,2422.6940860548852,44.07883088579423,-28.225104948840908,-22.000568674972378,82.17218071793276,2410.57,95.72116358407212,2602.0123271681446,2219.1276728318558,4601570.0
CHDC,2026-04-23,2350.0,2350.0,2298.0,2310.0,-1.7,10482.0,24212254.6,-0.017021276595744705,-0.017167803622365446,2350.82,2397.37,2381.473753243576,2414.346375976746,41.418536812745515,-32.87262273316992,-24.17497948661189,80.01702495236613,2397.37,90.03170260346175,2577.4334052069235,2217.3065947930763,4591088.0
CHDC,2026-04-24,2300.0,2320.0,2281.0,2300.0,-0.43,9674.0,22195932.7,-0.0043290043290042934,-0.00433840159859813,2334.8,2382.87,2368.9393296676412,2405.8762740525426,40.75629144222037,-36.93694438490138,-26.72737246626979,77.08723745576856,2382.87,80.18991995975475,2543.249839919509,2222.4901600804906,4581414.0
CHDC,2026-04-27,2300.0,2329.1,2295.0,2314.5,0.63,11317.0,26146650.3,0.006304347826086909,0.006284558554084115,2323.7,2374.0950000000003,2360.564048180312,2399.1076611597614,42.19943309579158,-38.543612979449335,-29.090620568905702,74.01672049464223,2374.0950000000003,77.40381110564385,2528.902622211288,2219.2873777887125,4592731.0
CHDC,2026-04-28,2314.5,2349.0,2291.0,2313.0,-0.06,17435.0,40420421.3,-0.0006480881399870686,-0.0006482982398860706,2317.5,2368.995,2353.246502306418,2392.729315888668,42.08522305176965,-39.4828135822504,-31.169059171574645,72.87266903073922,2368.995,77.92534534644302,2524.845690692886,2213.144309307114,4575296.0
CHDC,2026-04-29,2313.0,2319.5,2251.0,2290.0,-0.99,9090.0,20674895.8,-0.0099437959360138,-0.009993565683153812,2305.5,2359.295,2343.5162711823536,2385.119736933952,40.28485718462277,-41.60346575159838,-33.255940487579394,72.56033552854356,2359.295,74.87079730754628,2509.036594615093,2209.5534053849074,4566206.0
CHDC,2026-04-30,2236.1,2280.0,2222.0,2260.9,-1.27,15008.0,33620366.8,-0.012707423580786026,-0.012788853466014773,2295.68,2360.84,2330.806075615838,2375.918274938844,38.06605374662248,-45.11219932300628,-35.62719225466478,72.23459727650474,2360.84,72.33828716155557,2505.5165743231114,2216.163425676889,4551198.0
CHDC,2026-05-01,2250.0,2265.0,2223.3,2246.5,0.74,21715.0,48785107.5,-0.006369145030740042,-0.006389514572055991,2284.98,2354.715,2317.835910136478,2366.331736054485,36.98061500675977,-48.495825918007085,-38.20091898733324,70.05355461389725,2354.715,76.66758922019199,2508.050178440384,2201.379821559616,4529483.0
CHDC,2026-05-02,2372.0,2440.0,2372.0,2425.0,2.36,24116.0,58355095.0,0.07945693300689971,0.07645807486136902,2307.08,2366.0950000000003,2334.3226931924046,2370.6775333837827,54.35533739394114,-36.354840191378116,-37.83170322814222,78.87115785576174,2366.0950000000003,68.54977043221794,2503.194540864436,2228.9954591355645,4553599.0
CHDC,2026-05-04,2380.0,2380.0,2280.0,2285.0,-5.44,102194.0,237825206.6,-0.057731958762886615,-0.05946550004327852,2301.48,2361.445,2326.7345865474194,2364.3310494294283,44.088368616395705,-37.59646288200884,-37.78465515891554,83.59464658035019,2361.445,70.8165047294715,2503.078009458943,2219.811990541057,4451405.0
CHDC,2026-05-05,2192.0,2271.0,2140.0,2198.0,0.03,20712.0,45148512.3,-0.03807439824945291,-0.03881816836473836,2283.08,2352.895,2306.929265540124,2352.0102309531744,39.140660248865025,-45.08096541305031,-39.24391720974249,87.98074325318233,2352.895,79.63063067751798,2512.156261355036,2193.633738644964,4430693.0
CHDC,2026-05-06,2262.0,2289.0,2262.0,2269.0,0.12,8660.0,19654189.5,0.032302092811646865,0.031791349816274975,2284.7,2344.395,2301.0939939185664,2345.861324956643,44.60427528869968,-44.76733103807646,-40.348599975409286,88.19640444938359,2344.395,79.02664757099218,2502.4482951419845,2186.3417048580154,4439353.0
CHDC,2026-05-07,2177.0,2220.0,2177.0,2210.2,0.46,7554.0,16636387.3,-0.025914499779638667,-0.02625619662515994,2277.44,2331.455,2287.110302546479,2335.8123379228173,41.29767204660119,-48.702035376338245,-42.01928705559508,88.4680898458562,2331.455,78.73741486735535,2488.9298297347104,2173.9801702652894,4431799.0
CHDC,2026-05-08,2210.5,2311.0,2210.0,2299.0,4.02,18285.0,41337521.9,0.04017735951497614,0.039391236608499816,2252.2400000000002,2323.91,2288.9394867700976,2333.0854980766826,47.613694873614,-44.146011306585024,-42.444631905793074,89.36322628543789,2323.91,73.86958565068957,2471.649171301379,2176.170828698621,4450084.0
CHDC,2026-05-11,2302.0,2345.0,2302.0,2345.0,2.0,25820.0,60006843.4,0.02000869943453676,0.019811156117198195,2264.2400000000002,2317.66,2297.5641811131595,2333.9680537747063,50.58003115147286,-36.40387266154676,-41.23648005694381,86.2658529793352,2317.66,65.69420706652379,2449.0484141330476,2186.271585866952,4475904.0
CHDC,2026-05-12,2400.0,2400.0,2293.0,2297.0,-2.05,19951.0,46075795.0,-0.020469083155650325,-0.020681478191281494,2284.04,2310.5099999999998,2297.4773840188273,2331.2296794210247,47.55410243420211,-33.75229540219743,-39.73964312599453,87.74686348081124,2310.5099999999998,59.132392939326316,2428.7747858786524,2192.245214121347,4455953.0
CHDC,2026-05-13,2300.1,2300.1,2260.0,2282.0,-0.65,14022.0,31850993.2,-0.006530256856769667,-0.00655167226707727,2286.6400000000003,2304.46,2295.0962480159305,2327.5830365009488,46.61557843365637,-32.486788485018224,-38.28907219779927,84.34351608932472,2304.46,55.23277440447023,2414.9255488089407,2193.9944511910594,4441931.0
CHDC,2026-05-14,2267.0,2280.0,2230.0,2269.0,-0.57,25931.0,58386498.5,-0.005696757230499561,-0.00571304564217922,2298.4,2298.9049999999997,2291.0814406288646,2323.2435523156933,45.77244124240872,-32.162111686828666,-37.06368009560515,82.03326494008724,2298.9049999999997,52.75632638535647,2404.4176527707127,2193.3923472292868,4416000.0
CHDC,2026-05-15,2240.0,2288.0,2240.0,2259.2,-0.43,13481.0,30500228.1,-0.004319083296606463,-0.004328437480918816,2290.4399999999996,2293.365,2286.1766036090394,2318.499585477494,45.11006006731471,-32.32298186845446,-36.11554045017502,79.60231744436672,2293.365,50.674152811388396,2394.7133056227767,2192.016694377223,4402519.0
CHDC,2026-05-18,2250.0,2269.0,2250.0,2252.1,-0.31,6066.0,13679919.8,-0.0031427053824362172,-0.003147654051856524,2271.8599999999997,2288.77,2280.9340492076485,2313.581097664346,44.606422341851534,-32.647048456697576,-35.42184205147953,75.27358048405482,2288.77,50.0032325270271,2388.7764650540544,2188.7635349459456,4396453.0
CHDC,2026-05-19,2256.0,2268.9,2242.5,2257.0,0.22,10681.0,24024752.6,0.0021757470805026102,0.002173383570469289,2263.8599999999997,2284.12,2277.251887791087,2309.389905244765,45.06228899394324,-32.138017453678,-34.76507713191923,71.78261044947948,2284.12,48.304904403877345,2380.7298088077546,2187.510191192245,4407134.0
CHDC,2026-05-20,2240.1,2291.0,2240.1,2285.9,1.28,20939.0,47470137.5,0.012804607886575115,0.012723322048466837,2264.64,2282.915,2278.582366592458,2307.649912263671,47.79131460918084,-29.067545671212883,-33.625570839777964,70.29099541737381,2282.915,47.92442817377708,2378.7638563475543,2187.0661436524456,4428073.0
CHDC,2026-05-21,2299.9,2299.9,2260.0,2265.0,-0.91,7597.0,17300149.3,-0.009143007130670622,-0.00918506094886811,2263.8399999999997,2281.165,2276.4927717320797,2304.490659503399,46.01125613755066,-27.997887771319256,-32.50003422608622,68.12021003041855,2281.165,47.906743564360674,2376.978487128721,2185.351512871279,4420476.0
CHDC,2026-05-22,2152.0,2300.0,2152.0,2300.0,1.55,12202.0,27665004.4,0.015452538631346657,0.015334364000106742,2272.0,2280.4399999999996,2280.1092683886827,2304.158018058703,49.40954519198785,-24.048749670020243,-30.809777314873028,73.82590931396008,2280.4399999999996,47.483563915309766,2375.407127830619,2185.47287216938,4432678.0
CHDC,2026-05-25,2300.0,2328.0,2286.0,2324.0,1.04,11811.0,27386068.5,0.01043478260869568,0.010380716054560818,2286.38,2280.99,2286.8616886365776,2305.627794498799,51.65664202677615,-18.766105862221593,-28.401043024342744,71.55263007724865,2280.99,47.94204725218654,2376.874094504373,2185.1059054956268,4444489.0
CHDC,2026-05-26,2360.2,2360.2,2281.0,2292.0,-1.38,13128.0,30094085.0,-0.013769363166953541,-0.013865040137171677,2293.38,2281.0899999999997,2287.652198077104,2304.618328239629,48.55956898750312,-16.966130162525133,-26.114060451979224,72.09887078601659,2281.0899999999997,47.96391077504158,2377.0178215500828,2185.1621784499166,4431361.0
CHDC,2026-05-27,2290.0,2324.0,2285.0,2314.0,0.96,12374.0,28561615.9,0.009598603839441555,0.00955282991899172,2299.0,2283.745,2291.705706065242,2305.3132668885455,50.74594403283505,-13.60756082330363,-23.612760526244106,69.73466572987256,2283.745,48.256251026700596,2380.257502053401,2187.232497946599,4443735.0
CHDC,2026-06-01,2360.0,2360.0,2277.0,2285.0,-1.25,5932.0,13567433.7,-0.012532411408815891,-0.012611604425316798,2303.0,2285.6699999999996,2290.6740589782817,2303.8085804523566,47.858339658218156,-13.134521474074973,-21.51711271581028,70.68218960631025,2285.6699999999996,47.45353516856305,2380.577070337126,2190.7629296628734,4437803.0
CHDC,2026-06-02,2250.0,2296.0,2250.0,2288.0,0.13,3747.0,8538212.6,0.0013129102844637863,0.0013120491713833355,2300.6,2278.8199999999997,2290.262665289315,2302.637574492923,48.18680133008567,-12.374909203607785,-19.688672013369782,68.91917606300238,2278.8199999999997,34.365720374177286,2347.5514407483543,2210.088559251645,4441550.0
CHDC,2026-06-03,2287.0,2295.8,2268.3,2268.5,-0.85,8388.0,19092127.9,-0.008522727272727293,-0.008559253395669948,2289.5,2277.995,2286.9145629371124,2300.1088652712247,46.15170202946405,-13.194302334112308,-18.38979807751829,65.96066348707365,2277.995,34.40757987167386,2346.8101597433474,2209.1798402566524,4433162.0
CHDC,2026-06-04,2290.0,2395.0,2290.0,2378.0,4.07,41715.0,97911341.8,0.0482697817941371,0.047140978146708555,2306.7,2286.995,2300.9277071006336,2305.878578954838,57.106677018554606,-4.950871854204252,-15.702012832855484,70.28490180942552,2286.995,35.89131950463135,2358.7776390092627,2215.212360990737,4474877.0
CHDC,2026-06-05,2262.0,2289.0,2262.0,2269.0,0.12,8660.0,19654189.5,-0.0458368376787216,-0.0469205924708854,2297.7,2286.995,2296.0157521620745,2303.1468323655904,46.88213521518883,-7.131080203515921,-13.987826306987573,73.55026596589514,2286.995,35.89131950463135,2358.7776390092627,2215.212360990737,4466217.0
CHDC,2026-06-07,2080.1,2135.0,2080.1,2088.0,-1.04,7881.0,16470314.1,-0.07977082415160863,-0.08313253577731239,2258.3,2280.8849999999998,2264.0133287525246,2287.210029968139,35.511935983278036,-23.196701215614667,-15.829601288712993,81.78953268261692,2280.8849999999998,54.97867792435383,2390.8423558487075,2170.927644151292,4458336.0
CHDC,2026-06-08,2228.0,2238.0,2216.0,2218.0,-0.45,20810.0,46257476.0,0.0622605363984674,0.06039921890778298,2244.3,2276.835,2256.93435509829,2282.0833610816103,45.69838663256901,-25.14900598332042,-17.69348222763448,86.66170891957286,2276.835,56.53539436303159,2389.9057887260633,2163.764211273937,4479146.0
CHDC,2026-06-09,2241.2,2274.0,2241.2,2260.0,-0.12,8110.0,18208302.0,0.018935978358881833,0.018758924356019176,2242.6,2272.585,2257.405992775476,2280.4475565570465,48.52724732975423,-23.041563781570403,-18.763098538421666,84.4715868538891,2272.585,54.29183591814187,2381.168671836284,2164.001328163716,4487256.0
CHDC,2026-06-10,2260.0,2270.0,2241.1,2250.0,-0.44,7705.0,17390888.5,-0.004424778761061954,-0.004434597067865753,2217.0,2270.2349999999997,2256.2666092715567,2278.192181997265,47.88757572392551,-21.925572725708207,-19.395593375878974,80.50218779289702,2270.2349999999997,54.19652615585647,2378.6280523117125,2161.841947688287,4479551.0
CHDC,2026-06-11,2240.0,2279.0,2211.0,2255.0,0.22,6005.0,13451112.3,0.0022222222222221255,0.00221975673831281,2214.2,2268.8849999999998,2256.0717463067017,2276.47424259006,48.25485440252721,-20.402496283358232,-19.596973957374825,79.60917437911867,2268.8849999999998,54.22431261843139,2377.3336252368626,2160.436374763137,4485556.0
CHDC,2026-06-12,2211.1,2274.7,2211.1,2255.0,0.0,3934.0,8814340.6,0.0,0.0,2247.6,2268.185,2255.906862259517,2274.883557953759,48.25485440245396,-18.976695694242153,-19.47291830474829,78.46566192346732,2268.185,54.31304268089908,2376.811085361798,2159.5589146382017,4485556.0
CHDC,2026-06-15,2250.0,2254.0,2210.0,2215.0,-1.77,13619.0,30253140.9,-0.0177383592017738,-0.017897569457542676,2247.0,2265.975,2249.613498834976,2270.447738846073,45.293120499571266,-20.834240011097336,-19.7451826460181,76.07525750036251,2265.975,55.58230383848802,2377.139607676976,2154.8103923230237,4471937.0
CHDC,2026-06-16,2221.0,2235.0,2212.0,2224.9,0.45,8159.0,18122681.3,0.004469525959367893,0.004459567290876053,2239.9800000000005,2264.615,2245.8114220911334,2267.0738322648826,46.173681786726945,-21.26241017374923,-20.04862815156433,72.28416767890805,2264.615,56.26820430565977,2377.1514086113193,2152.0785913886803,4480096.0
CHDC,2026-06-17,2114.0,2299.0,2114.0,2280.0,2.48,12853.0,29069452.2,0.024765157984628416,0.024463472178374232,2245.9800000000005,2265.765,2251.071203307882,2268.0313261711876,50.90971049315474,-16.960122863305514,-19.43092709391257,80.33529855898604,2265.765,56.339369005997916,2378.4437380119957,2153.086261988004,4492949.0
CHDC,2026-06-18,2221.0,2279.0,2160.0,2210.0,-3.07,63957.0,140852858.4,-0.030701754385964897,-0.03118292743668794,2236.9800000000005,2261.9700000000003,2244.7525566451313,2263.7327094177663,45.4397216732881,-18.980152772634938,-19.34077222965704,83.16849151905846,2261.9700000000003,57.45691383430202,2376.883827668604,2147.0561723313963,4428992.0
CHDC,2026-06-19,2259.9,2259.9,2210.0,2237.9,1.26,1792.0,3985592.6,0.012624434389140404,0.0125454106093107,2233.5600000000004,2260.6150000000002,2243.698317161265,2261.819175386821,47.84503848745028,-18.12085822555582,-19.096789428836797,80.79217069626858,2260.6150000000002,57.70072767026593,2376.016455340532,2145.2135446594684,4430784.0
CHDC,2026-06-22,2237.9,2255.0,2225.2,2236.0,-0.08,7802.0,17481014.1,-0.0008490102328075899,-0.0008493708461193379,2237.76,2257.415,2242.5139606749167,2259.906643876686,47.69084543257677,-17.39268320176916,-18.75596818342327,77.14987278939228,2257.415,57.17380035787714,2371.762600715754,2143.0673992842458,4422982.0
CHDC,2026-06-23,2220.0,2220.0,2186.5,2197.0,-1.74,21092.0,46393977.0,-0.01744186046511631,-0.0175957618903796,2232.1800000000003,2251.065,2235.5118128787753,2255.246892478413,44.51929329380587,-19.73507959963763,-18.951790466666143,75.17488187586426,2251.065,56.43719634755876,2363.9393926951175,2138.1906073048826,4401890.0
CHDC,2026-06-24,2219.1,2219.9,2140.0,2188.9,-0.37,19112.0,41260764.8,-0.0036868456986799414,-0.003693658865501225,2213.96,2245.9100000000003,2228.3407647435793,2250.3323078503827,43.86679728877167,-21.99154310680342,-19.5597409946936,75.51239031330255,2245.9100000000003,57.20476516767353,2360.3195303353473,2131.5004696646533,4382778.0
CHDC,2026-06-25,2135.3,2200.0,2135.3,2180.0,-0.41,4341.0,9501922.4,-0.004065969208278175,-0.004074257735974257,2207.96,2239.21,2220.9037240137977,2245.1225072688726,43.118993127434024,-24.218783255074868,-20.491549446769852,74.7400767194952,2239.21,56.654724334936105,2352.5194486698724,2125.9005513301277,4378437.0
CHDC,2026-06-26,2209.0,2209.0,2140.1,2165.3,-0.67,9754.0,20985545.6,-0.0067431192660549755,-0.006765956816890585,2193.44,2233.225,2212.3493049347517,2239.20972895266,41.849999564612624,-26.86042401790837,-21.765324360997557,74.32292838238841,2233.225,57.87234477250412,2348.9696895450084,2117.4803104549915,4368683.0
CHDC,2026-06-29,2145.0,2194.0,2126.2,2127.0,-1.77,22383.0,47894600.9,-0.01768808017364809,-0.017846383766006946,2171.6400000000003,2225.175,2199.2186426370977,2230.897897178389,38.65777262802543,-31.679254541291357,-23.74811039705632,73.85700492650354,2225.175,60.96692697032067,2347.1088539406414,2103.241146059359,4346300.0
CHDC,2026-06-30,2164.9,2164.9,2100.1,2115.0,-0.56,22019.0,46475271.2,-0.005641748942172065,-0.005657723719858837,2155.2400000000002,2217.5,2186.2619283852364,2222.3128677577674,37.68778527368052,-36.05093937253105,-26.208676192151266,73.21007600318188,2217.5,64.76911219656107,2347.038224393122,2087.961775606878,4324281.0
CHDC,2026-07-01,2125.0,2165.0,2116.0,2132.0,0.8,32955.0,70031115.8,0.008037825059101555,0.008005693805356717,2143.8599999999997,2205.2,2177.9139394028925,2215.623025701637,39.98520288538021,-37.709086298744296,-28.508758213469875,71.55221343152603,2205.2,55.36002738052793,2315.920054761056,2094.479945238944,4357236.0
CHDC,2026-07-02,2130.0,2150.0,2099.0,2124.0,-0.38,14787.0,31198662.4,-0.0037523452157598447,-0.0037594029239057013,2132.66,2197.95,2169.619487187063,2208.836134908923,39.25178429978174,-39.21664772186023,-30.650336115147947,70.08419818641703,2197.95,56.05526877902361,2310.060537558047,2085.8394624419525,4342449.0
CHDC,2026-07-03,2109.0,2139.0,2080.0,2110.0,-0.66,33496.0,70591169.5,-0.006591337099811634,-0.00661315589171723,2121.6,2199.05,2160.4472583890533,2201.5149397304845,37.94026204191784,-41.067681341431125,-32.733805160404586,69.2924697445301,2199.05,53.960838626331615,2306.9716772526635,2091.128322747337,4308953.0
CHDC,2026-07-04,2378.0,2417.0,2332.0,2369.0,-0.38,15814.0,37461303.9,0.12274881516587688,0.11577997768867337,2170.0,2206.6,2192.532295559968,2213.921240491189,62.742346187635874,-21.388944931220976,-30.464833114567867,86.27157904849224,2206.6,65.97747622041106,2338.554952440822,2074.645047559178,4324767.0
CHDC,2026-07-05,2177.0,2220.0,2177.0,2210.2,0.46,7554.0,16636387.3,-0.06703250316589282,-0.06938491600410365,2189.04,2204.11,2195.2504039353576,2213.645593047397,49.64247363849458,-18.39518911203959,-28.050904314062212,93.82360911645708,2204.11,64.7850364464069,2333.6800728928138,2074.5399271071865,4317213.0
CHDC,2026-07-06,2080.1,2135.0,2080.1,2088.0,-1.04,7881.0,16470314.1,-0.055289114107320514,-0.056876339152152414,2180.2400000000002,2196.01,2178.7503417914563,2204.338512080923,42.3200064820499,-25.58817028946669,-27.558357509143107,96.414779893853,2196.01,68.751404961676,2333.512809923352,2058.5071900766484,4309332.0
CHDC,2026-07-07,2090.0,2120.0,2090.0,2098.1,0.48,8200.0,17267594.6,0.004837164750957745,0.004825503260125626,2175.0600000000004,2188.165,2166.342596900463,2196.4689926675214,43.067485888782095,-30.12639576705851,-28.07196516072619,91.81372418714922,2188.165,70.59298664280838,2329.350973285617,2046.9790267143833,4317532.0
CHDC,2026-07-08,2207.0,2215.0,2191.1,2200.0,-0.81,7774.0,17123921.2,0.048567751775415946,0.047425187083752235,2193.06,2185.415,2171.5206589157765,2196.7305487662234,50.09434552354633,-25.20988985044687,-27.499550098670326,93.60560103092429,2185.415,68.90341275631788,2323.221825512636,2047.6081744873643,4325306.0
CHDC,2026-07-09,2112.0,2133.0,2090.0,2109.0,0.48,10953.0,23060311.7,-0.04136363636363638,-0.042243458867632644,2141.06,2180.1150000000002,2161.902096005657,2190.231989598355,44.77904707329128,-28.329893592698227,-27.665618797475908,94.77662952871542,2180.1150000000002,70.5646793635316,2321.2443587270636,2038.985641272937,4314353.0
CHDC,2026-07-10,2110.0,2126.0,2100.0,2117.0,0.38,11804.0,24953854.7,0.003793266951161778,0.00378609065609065,2122.42,2174.7200000000003,2154.9940812355558,2184.8073977762547,45.32825295287225,-29.813316540698906,-28.09515834612051,89.86401313380718,2174.7200000000003,71.08326918402484,2316.88653836805,2032.5534616319505,4326157.0
CHDC,2026-07-13,2092.0,2120.0,2066.3,2070.0,-2.22,64512.0,133746727.5,-0.022201228153046815,-0.02245138487545045,2118.82,2164.2200000000003,2141.918068737778,2176.3031460891248,42.6448236477138,-34.38507735134681,-29.353142147165773,87.28086933853523,2164.2200000000003,70.21815329831277,2304.6563065966257,2023.7836934033746,4261645.0
CHDC,2026-07-14,1967.0,2145.0,1967.0,2070.0,0.0,10537.0,21736058.6,0.0,0.0,2113.2,2157.2200000000003,2130.8537504704273,2168.428838971412,42.64482364765595,-37.57508850098475,-30.99753141792957,93.76080724292557,2157.2200000000003,72.35977073655215,2301.9395414731043,2012.500458526896,4261645.0
CHDC,2026-07-15,2118.0,2118.0,2055.0,2070.0,0.0,22240.0,46033683.5,0.0,0.0,2087.2,2148.825,2121.4916350134386,2161.1378138624186,42.644823647593654,-39.64617884898007,-32.72726090413967,91.56360672557375,2148.825,72.24641222193048,2293.317824443861,2004.3321755561387,4261645.0
CHDC,2026-07-16,2173.5,2173.5,2052.0,2060.2,-0.47,18516.0,38411053.4,-0.004734299516908291,-0.004745541809821816,2077.4399999999996,2140.035,2112.0621527036787,2153.6609387614985,41.997345248940825,-41.59878605781978,-34.50156593487569,93.70192053088991,2140.035,71.77485467175543,2283.584709343511,1996.485290656489,4243129.0
CHDC,2026-07-17,2160.0,2178.0,2072.1,2154.9,4.6,19790.0,42022695.1,0.045966411028055765,0.044941253299272815,2085.0199999999995,2137.93,2118.6525907492664,2153.7527210754615,49.91151629983031,-35.100130326195085,-34.621278813139575,95.42321192154064,2137.93,70.62439641097662,2279.1787928219533,1996.6812071780466,4262919.0
CHDC,2026-07-20,2179.0,2219.0,2151.1,2218.0,2.93,19524.0,43019162.5,0.029282101257599003,0.028861570161446772,2114.62,2139.3849999999998,2133.9368075570715,2158.5117787735753,54.37828282268901,-24.574971216503855,-32.61201729381243,93.45726821285918,2139.3849999999998,72.01579706084983,2283.4165941216993,1995.3534058783,4282443.0
CHDC,2026-07-21,2250.0,2260.0,2200.0,2209.0,-0.41,39734.0,88566690.0,-0.004057709648331853,-0.0040659644901951935,2142.4199999999996,2140.835,2145.4849910098296,2162.2516470125697,53.64348111917091,-16.766656002740092,-29.442945035597965,91.0674633405121,2140.835,73.1594673155051,2287.15393463101,1994.5160653689898,4242709.0
CHDC,2026-07-22,2160.0,2224.7,2160.0,2219.0,0.45,10269.0,22757550.7,0.004526935264825616,0.0045167195124766486,2172.22,2143.5199999999995,2156.7949923929327,2166.4552287153424,54.381099370436274,-9.660236322409673,-25.486403292960308,89.18407310190408,2143.5199999999995,75.06519692552212,2293.6503938510436,1993.3896061489554,4252978.0
CHDC,2026-07-23,2200.5,2219.0,2187.1,2205.0,-0.63,8086.0,17796586.4,-0.006309148264984188,-0.006329135051647512,2201.1800000000003,2147.4199999999996,2164.2111474094045,2169.3103969586505,53.107051495115655,-5.099249549245997,-21.40897254421745,85.09235359462522,2147.4199999999996,76.17969476658845,2299.7793895331765,1995.0606104668227,4244892.0
CHDC,2026-07-24,2180.0,2265.0,2180.0,2254.0,2.22,34043.0,76039810.3,0.022222222222222143,0.021978906718775167,2221.0,2154.37,2178.0248170387267,2175.583700887639,56.91198426245833,2.441116151087499,-16.63895480515646,85.08575690929484,2154.37,79.34128877990904,2313.052577559818,1995.6874224401818,4278935.0
CHDC,2026-07-27,2267.0,2430.0,2231.2,2300.0,2.04,51266.0,118554977.2,0.020408163265306145,0.02020270731751947,2237.4,2162.7699999999995,2196.7902298019994,2184.7997230441106,60.17863027906888,11.990506757888852,-10.913062492547398,93.20820284434524,2162.7699999999995,85.50230590915815,2333.774611818316,1991.7653881816832,4330201.0
CHDC,2026-07-28,2287.1,2329.0,2274.0,2280.0,-0.87,20017.0,45880453.7,-0.008695652173912993,-0.008733679968754553,2251.6,2170.5699999999997,2209.591732909384,2191.8515954112136,58.115647928876484,17.740137498170498,-5.182422494403819,90.47904549832059,2170.5699999999997,88.83017564576221,2348.230351291524,1992.9096487084753,4310184.0
CHDC,2026-07-29,2282.0,2339.0,2235.1,2243.0,-1.62,20446.0,46511927.7,-0.01622807017543859,-0.01636118742827813,2256.4,2177.22,2214.7314663079405,2195.640366121494,54.40020846627689,19.09110018644651,-0.3277179582337526,91.43768510558341,2177.22,89.03521834227726,2355.290436684554,1999.1495633154452,4289738.0
CHDC,2026-07-30,2231.0,2255.0,2215.0,2229.9,-0.58,9047.0,20209507.0,-0.0058403923316985296,-0.005857514120850736,2261.38,2170.265,2217.0650868759494,2198.178116779161,53.10567787656105,18.886970096788446,3.5152196527706874,87.76356474089889,2170.265,78.0169703198512,2326.2989406397023,2014.2310593602974,4280691.0
CHDC,2026-07-31,2170.0,2243.0,2170.0,2221.9,-0.36,25958.0,57586093.0,-0.0035876048253284942,-0.003594055712965153,2254.96,2170.85,2217.808919664265,2199.935293314038,52.2873789152764,17.873626350226914,6.386900992261933,86.70902440226325,2170.85,78.37522097673285,2327.6004419534656,2014.0995580465342,4254733.0
CHDC,2026-08-01,2235.0,2249.9,2230.0,2244.0,-0.03,12804.0,28661422.8,0.009946442234123998,0.00989730195619464,2243.7599999999998,2178.65,2221.8383166389935,2203.1993456611463,54.37872280811965,18.638970977847293,8.837314989379006,82.51552265924445,2178.65,77.45315392303544,2333.556307846071,2023.7436921539293,4267537.0
CHDC,2026-08-02,2400.1,2470.0,2395.0,2396.0,-1.2,34676.0,84036021.4,0.06773618538324411,0.06554069259275294,2266.96,2193.545,2248.632421771456,2217.4808756121724,65.55999812848964,31.151546159283498,13.300161223359906,92.76441389786984,2193.545,88.94005358427023,2371.4251071685403,2015.6648928314596,4302213.0
CHDC,2026-08-03,2248.0,2250.0,2220.0,2225.0,0.14,11759.0,26222119.3,-0.07136894824707851,-0.07404376463499943,2263.3599999999997,2194.795,2244.9966645758473,2218.0378477890486,50.54995657219383,26.958816786798707,16.03189233604767,98.70981290516485,2194.795,89.21081758216394,2373.216635164328,2016.3733648356722,4290454.0
CHDC,2026-08-04,2350.0,2439.0,2350.0,2439.0,2.95,26193.0,62971827.2,0.09617977528089883,0.09183120361557966,2305.18,2211.295,2274.8433315641782,2234.4054146194894,62.210452057560325,40.43791694468882,20.913097257775902,106.94482626908166,2211.295,102.09467471546766,2415.4843494309353,2007.1056505690647,4316647.0
CHDC,2026-08-05,2210.5,2311.0,2210.0,2299.0,4.02,18285.0,41337521.9,-0.05740057400574006,-0.05911387345273873,2320.6,2220.395,2278.559742092766,2239.1901987217493,53.34776345425703,39.36954337101679,24.604386480424083,115.66305296414727,2220.395,101.35595158177277,2423.1069031635457,2017.6830968364545,4298362.0
CHDC,2026-08-06,2269.0,2269.0,2249.0,2262.7,-0.28,5057.0,11399517.2,-0.015789473684210575,-0.015915455305899568,2324.34,2230.0299999999997,2276.119781770802,2240.931665483101,51.306776921279194,35.18811628770118,26.721132441879504,110.9728348952796,2230.0299999999997,95.28404682286249,2420.598093645725,2039.4619063542748,4293305.0
CHDC,2026-08-07,2120.9,2120.9,2086.1,2099.0,0.04,8414.0,17655435.8,-0.07234719582799298,-0.0750977496366489,2264.94,2231.48,2248.8705845752943,2230.418208780649,43.267570657445916,18.452375794645377,25.06738111243268,115.66048954561677,2231.48,92.91171587782948,2417.303431755659,2045.656568244341,4284891.0
CHDC,2026-08-10,2191.0,2200.0,2165.1,2165.5,-1.57,5977.0,13018655.4,0.03168175321581712,0.031190240834048436,2253.04,2236.255,2236.0443407944795,2225.609452574675,46.907000478991584,10.434888219804634,22.140882533907075,114.61331172092986,2236.255,86.40197046360754,2409.058940927215,2063.451059072785,4290868.0
CHDC,2026-08-11,2170.0,2184.7,2170.0,2176.0,0.48,4674.0,10184953.8,0.004848764719464382,0.004837047321151941,2200.44,2242.045,2226.8067499030212,2221.934678309884,47.479901814822725,4.872071593137207,18.6871203457531,107.79807516943485,2242.045,77.39357021433008,2396.8321404286603,2087.25785957134,4295542.0
CHDC,2026-08-12,2180.0,2251.0,2175.0,2238.0,2.85,18189.0,40310605.6,0.028492647058823595,0.028094280896037358,2188.2400000000002,2246.2,2228.5287883794795,2223.1247021387817,50.85225639109029,5.404086240697779,16.030513524742037,105.5267840859038,2246.2,74.65089275733966,2395.5017855146793,2096.8982144853203,4313731.0
CHDC,2026-08-13,2216.1,2249.0,2212.0,2225.0,-0.58,8348.0,18606780.9,-0.005808757819481647,-0.005825694271529921,2180.7,2246.55,2227.9858978595594,2223.2636130914643,50.12547706175449,4.722284768095051,13.76886777341264,100.63201379405352,2246.55,74.52802722532918,2395.6060544506586,2097.493945549342,4305383.0
CHDC,2026-08-14,2249.8,2249.9,2210.0,2228.0,0.13,7563.0,16822187.8,0.001348314606741674,0.001347406446834154,2206.5,2247.5,2227.988067419627,2223.6144565661707,50.301997038711484,4.3736108534562845,11.88981638942137,96.294012808764,2247.5,74.14429743479542,2395.7885948695907,2099.2114051304093,4312946.0
CHDC,2026-08-17,2240.1,2240.1,2200.0,2213.0,-0.67,5757.0,12734362.5,-0.006732495511669656,-0.006755260996124979,2216.0,2247.2,2225.6822108935303,2222.828200524232,49.361285955601915,2.8540103692980665,10.08265518539671,92.28015475099514,2247.2,74.27770084015397,2395.755401680308,2098.644598319692,4307189.0
CHDC,2026-08-18,2192.0,2218.0,2191.2,2196.0,-0.77,10840.0,23888172.9,-0.007681879801174851,-0.007711537421628383,2220.0,2246.75,2221.11571690991,2220.840926411326,48.25975057218329,0.27479049858402504,8.121082248034174,87.60300084020979,2246.75,74.57349253902375,2395.8969850780477,2097.6030149219523,4296349.0
CHDC,2026-08-19,2179.3,2200.0,2179.3,2182.0,-0.64,9140.0,20005900.2,-0.006375227686703067,-0.006395636236405092,2208.8,2243.15,2215.0979143083855,2217.963820751228,47.32316055095032,-2.8659064428425154,5.923684509858837,82.82421506590907,2243.15,75.93061583476566,2395.0112316695313,2091.288768330469,4287209.0
CHDC,2026-08-20,2199.0,2205.9,2170.0,2205.9,1.1,8465.0,18567231.3,0.01095325389550883,0.010893701477270267,2204.98,2238.445,2213.682850568634,2217.070204399285,49.13789600292473,-3.3873538306511364,4.061476841756842,79.47248541834415,2238.445,75.13377875842816,2388.7125575168566,2088.1774424831437,4295674.0
CHDC,2026-08-21,2204.0,2242.0,2192.0,2240.0,1.55,10637.0,23621860.3,0.015458542998322722,0.015340276978799304,2207.38,2236.445,2217.731642788844,2218.768707777116,51.69487961067991,-1.03706498827205,3.0417684757510637,77.36730788846242,2236.445,74.49910260847302,2385.4432052169464,2087.446794783054,4306311.0
CHDC,2026-08-24,2205.0,2238.0,2200.0,2218.0,-0.98,12370.0,27439183.5,-0.009821428571428537,-0.009869976938773157,2208.38,2235.195,2217.772928513637,2218.7117664602924,49.950168350904555,-0.9388379466554397,2.245647191269763,74.69821446785797,2235.195,74.59300429308225,2384.3810085861646,2086.0089914138357,4293941.0
CHDC,2026-08-25,2239.8,2239.8,2184.2,2196.9,-0.95,16323.0,35845695.2,-0.009513074842200098,-0.009558613175178494,2208.5600000000004,2233.545,2214.5617087423084,2217.096080055826,48.26758696085627,-2.5343713135175676,1.2896434903122969,73.33405629158243,2233.545,75.07968731529532,2383.704374630591,2083.3856253694094,4277618.0
CHDC,2026-08-26,2162.0,2192.9,2160.0,2184.0,-0.59,13890.0,30122258.5,-0.005871910419227189,-0.005889217870338204,2208.96,2231.65,2209.859907397338,2214.644518570209,47.22031389828154,-4.784611172871337,0.07479255767557014,70.73162369932655,2231.65,75.86328076490722,2383.3765615298144,2079.923438470186,4263728.0
CHDC,2026-08-27,2161.0,2199.0,2141.2,2183.0,-0.05,6452.0,14014049.2,-0.00045787545787545625,-0.0004579803148517642,2204.38,2228.6,2205.7276139515934,2212.3004801576008,47.13493663172336,-6.5728662060073475,-1.2547391950610136,69.80793629223182,2228.6,76.56361647946844,2381.727232958937,2075.472767041063,4257276.0
CHDC,2026-08-31,2170.0,2176.9,2135.0,2144.9,-1.75,6712.0,14392409.4,-0.0174530462666056,-0.017607146321194755,2185.3599999999997,2216.045,2196.369519497502,2207.3078519977785,43.87967124556468,-10.938332500276374,-3.191457856104086,68.25022655707241,2216.045,67.74881218608638,2351.5426243721727,2080.5473756278275,4250564.0
CHDC,2026-09-02,2385.1,2410.0,2350.0,2374.0,-0.92,28926.0,68590948.0,0.106811506363933,0.10148336494086414,2216.56,2223.495,2223.6972857286555,2219.6554185164614,61.22217275971073,4.04186721219412,-1.744792842444445,82.31092466013867,2223.495,76.42253370497994,2376.34006740996,2070.64993259004,4279490.0
CHDC,2026-09-03,2585.5,2708.0,2585.5,2708.0,6.83,1545.0,4069152.0,0.1406908171861836,0.13163405886255222,2318.7799999999997,2236.945,2298.2053956165546,2255.829091218946,73.89004586839712,42.37630439760869,7.079426605566184,100.28871575584304,2236.945,124.74232588987256,2486.429651779745,1987.4603482202551,4281035.0
CHDC,2026-09-04,2441.0,2487.0,2419.0,2469.0,1.23,42053.0,103483402.5,-0.08825701624815363,-0.09239714468698612,2375.7799999999997,2245.445,2324.4814885986234,2271.6195289064312,59.02975442472871,52.86195969219216,16.23593322289138,113.76809320185426,2245.445,134.59608375859995,2514.6371675172,1976.2528324828004,4238982.0
CHDC,2026-09-06,2241.2,2274.0,2241.2,2260.0,-0.12,8110.0,18208302.0,-0.0846496557310652,-0.08844839707884793,2391.18,2245.3100000000004,2314.5612595834505,2270.7588230615106,49.62995947322262,43.80243652193985,21.749233882701077,121.91322940172182,2245.3100000000004,134.57921908868573,2514.468438177372,1976.151561822629,4230872.0
