Symbol,Date,Open,High,Low,Close,Percent Change,Volume,Turnover,Daily_Return,Log_Return,SMA_5,SMA_20,EMA_12,EMA_26,RSI_14,MACD,MACD_Signal,ATR_14,BB_Middle,BB_Std,BB_Upper,BB_Lower,OBV
CLI,2023-10-01,508.0,508.0,457.2,457.2,0.00 %,318724.0,147360743.6,,,,,457.2,457.2,,0.0,0.0,50.80000000000001,,,,,0.0
CLI,2023-10-02,450.0,457.0,442.1,450.9,-1.38 %,287052.0,128964045.3,-0.013779527559055094,-0.013875346493617068,,,456.23076923076917,456.7333333333333,0.0,-0.5025641025641221,-0.10051282051282442,48.250000000000014,,,,,-287052.0
CLI,2023-10-03,446.0,450.0,445.0,446.0,-1.09 %,125451.0,55970652.0,-0.010867154579729421,-0.010926633406974421,,,454.65680473372777,455.9382716049382,0.0,-1.2814668712104549,-0.33670363065235054,45.225000000000016,,,,,-412503.0
CLI,2023-10-04,437.1,454.2,437.1,447.7,0.38 %,154840.0,69363122.2,0.003811659192825001,0.0038044132268556696,,,453.58652708238503,455.3280292638317,2.0656136083970864,-1.7415021814466627,-0.617663340811213,43.21607142857144,,,,,-257663.0
CLI,2023-10-05,447.7,447.7,441.1,442.0,-1.27 %,99886.0,44331701.2,-0.012731740004467307,-0.012813483169221753,448.76000000000005,,451.8039844543258,454.34076783688124,1.9222405841725987,-2.536783382555427,-1.0014873491600558,40.60063775510205,,,,,-357549.0
CLI,2023-10-08,442.0,444.0,431.0,432.3,-2.19 %,104649.0,45503056.9,-0.021945701357465985,-0.02219009040411195,443.78000000000003,,448.8033714613526,452.70811836748265,1.7053177657737706,-3.9047469061300717,-1.582139260554059,38.62916362973762,,,,,-462198.0
CLI,2023-10-09,430.0,433.0,424.1,424.6,-1.78 %,69000.0,29438943.5,-0.01781170483460559,-0.017972242404430367,438.52,,445.0797758519137,450.6260355254469,1.5552771109142185,-5.5462596735332,-2.3749633431498873,36.50565194189922,,,,,-531198.0
CLI,2023-10-10,420.0,429.9,418.0,418.2,-1.51 %,61914.0,26067057.0,-0.015073009891662825,-0.015187762274622605,432.96000000000004,,440.94442572085006,448.22410696800637,1.4417335351580363,-7.279681247156304,-3.3559069239511707,34.74810537462071,,,,,-593112.0
CLI,2023-10-11,413.6,425.0,413.6,417.3,-0.22 %,60228.0,25177970.8,-0.002152080344332785,-0.002154399397026214,426.88,,437.30682176379617,445.9334323777837,1.4259678898414307,-8.62661061398751,-4.410047661958439,33.080383562147794,,,,,-653340.0
CLI,2023-10-12,415.1,420.0,408.0,410.0,-1.75 %,79060.0,32533453.3,-0.017493410016774513,-0.017648227899153438,420.48,,433.1057722616737,443.271696646096,1.3016363131226143,-10.16592438442234,-5.561223006451219,31.57464187913724,,,,,-732400.0
CLI,2023-10-16,405.1,408.0,390.6,393.1,-4.12 %,92874.0,36723268.0,-0.04121951219512188,-0.04209312727053877,412.64000000000004,,426.95103806757004,439.5552746723111,1.0692109048976732,-12.604236604741061,-6.969825726109187,30.705024602056007,,,,,-825274.0
CLI,2023-10-17,395.0,407.0,394.2,399.0,1.50 %,41125.0,16358464.3,0.015008903586873457,0.014897384462048706,407.52,,422.6508783648669,436.5511802521399,7.293021445207415,-13.900301887272974,-8.355920958341946,29.504665701909147,,,,,-784149.0
CLI,2023-10-18,399.0,409.5,396.0,407.0,2.01 %,45507.0,18396035.8,0.020050125313283207,0.01985176855273153,405.28000000000003,,420.24305092411817,434.36220393716656,15.092961131712343,-14.11915301304839,-9.508567369283234,28.361475294629923,,,,,-738642.0
CLI,2023-10-19,402.0,409.3,400.1,404.0,-0.74 %,34627.0,13989639.5,-0.0073710073710073765,-0.0073983074814449245,402.62,,417.74412001271537,432.1131517936727,14.596988144109645,-14.369031780957357,-10.48066025161806,26.99279848787064,,,,,-773269.0
CLI,2023-10-29,396.2,400.0,390.0,394.0,-2.48 %,58403.0,23004183.1,-0.024752475247524774,-0.025063968663216276,399.41999999999996,,414.09117847229766,429.28995536451174,13.05676835792994,-15.198776892214084,-11.424283579737267,26.064741453022737,,,,,-831672.0
CLI,2023-10-30,390.0,393.8,388.5,391.0,-0.76 %,35285.0,13779562.6,-0.0076142131979695105,-0.007643349312568012,399.0,,410.5386894765595,426.4536623745479,12.626338097895626,-15.914972897988378,-12.322421443387489,24.5958313492354,,,,,-866957.0
CLI,2023-10-31,391.0,394.0,389.1,391.0,0.00 %,31696.0,12396059.5,0.0,0.0,397.4,,407.5327372493965,423.8274651616184,12.6263380977462,-16.2947279122219,-13.116882737154373,23.18898625286144,,,,,-866957.0
CLI,2023-11-01,386.0,395.0,386.0,389.0,-0.51 %,38011.0,14827242.2,-0.005115089514066473,-0.0051282163669194554,393.8,,404.6815469033355,421.2476529274245,12.312510017089537,-16.56610602408898,-13.806727394541296,22.17548723479991,,,,,-904968.0
CLI,2023-11-02,381.3,389.0,381.3,382.0,-1.80 %,37752.0,14503985.1,-0.01799485861182515,-0.018158735011871065,389.4,,401.1920781489762,418.3404193772449,11.257827595974192,-17.148341228268748,-14.475050161286786,21.14152386088563,,,,,-942720.0
CLI,2023-11-05,381.3,381.3,375.2,378.0,-1.05 %,36349.0,13709754.0,-0.010471204188481686,-0.010526412986987504,386.2,413.715,397.62406612605673,415.3522401641157,10.694104080078446,-17.728174038058967,-15.125674936641223,20.117129299393802,413.715,25.000532099600534,463.716064199201,363.71393580079894,-979069.0
CLI,2023-11-06,375.0,387.0,375.0,383.7,1.51 %,37391.0,14339717.6,0.015079365079365026,0.014966801633318956,384.74,410.03999999999996,395.48190210666337,413.0076297815886,17.067022565605612,-17.525727674925236,-15.605685484298027,19.537334349437103,410.03999999999996,23.636889099790356,457.31377819958067,362.76622180041926,-941678.0
CLI,2023-11-07,383.5,403.2,382.0,403.0,5.03 %,56868.0,22591905.5,0.050299713317696115,0.04907556469377628,387.14,407.645,396.6385325517921,412.2663238718413,34.19118814354748,-15.627791320049198,-15.610106651448262,19.656096181620164,407.645,21.61949595303176,450.8839919060635,364.40600809393646,-884810.0
CLI,2023-11-08,400.0,413.8,397.0,413.0,2.48 %,53030.0,21683603.5,0.02481389578163773,0.024511031014349784,391.94,405.995,399.15568138997793,412.3206702517049,40.99002985486321,-13.164988861726954,-15.121083093504001,19.452089311504437,405.995,19.713433170516485,445.42186634103297,366.56813365896704,-831780.0
CLI,2023-11-09,406.2,411.1,398.5,405.6,-1.79 %,41773.0,16982005.0,-0.017917675544794176,-0.018080140684059335,396.66,403.89,400.147115022289,411.82284282565263,37.87196514248659,-11.675727803363657,-14.432012035475934,19.098368646396978,403.89,17.100320095495864,438.09064019099173,369.68935980900824,-873553.0
CLI,2023-11-20,405.0,415.5,401.2,406.4,0.20 %,56840.0,23247296.8,0.001972386587770991,0.001970443987298517,402.34000000000003,402.11,401.1090973265522,411.4211507644932,38.41735639514307,-10.31205343794096,-13.60802031596894,18.755628028797194,402.11,14.593722514907013,431.297445029814,372.922554970186,-816713.0
CLI,2023-11-21,402.0,406.0,394.0,396.0,-2.56 %,46023.0,18385221.6,-0.025590551181102317,-0.025923685009791544,404.8,400.29499999999996,400.3230823532365,410.27884330045663,34.212653220825615,-9.955760947220142,-12.87756844221918,18.30165459816882,400.29499999999996,12.786854886747376,425.8687097734947,374.72129022650523,-862736.0
CLI,2023-11-22,389.1,409.0,389.1,406.2,2.58 %,45978.0,18492671.8,0.025757575757575646,0.025431437891803656,405.44,399.375,401.2272235296616,409.9767067596821,41.02964997977066,-8.749483230020473,-12.051951399779439,18.41582212687105,399.375,11.548017601576214,422.47103520315244,376.27896479684756,-816758.0
CLI,2023-11-23,400.2,434.0,400.2,430.0,5.86 %,125720.0,53044485.0,0.058591826686361426,0.05693955954132382,408.84000000000003,399.96500000000003,405.6538045250983,411.4599136663723,53.212347030584425,-5.806109141274021,-10.802782948078356,19.51469197495169,399.96500000000003,12.794582529542007,425.554165059084,374.37583494091604,-691038.0
CLI,2023-11-26,430.0,455.0,425.0,453.0,5.35 %,141953.0,63486306.1,0.05348837209302326,0.052106916795425916,418.32,401.75,412.93783459816007,414.53695709849285,61.49175099295514,-1.5991225003327827,-8.96205085852924,20.263642548169425,401.75,17.104646952463522,435.95929390492705,367.54070609507295,-549085.0
CLI,2023-11-27,445.0,462.0,445.0,450.0,-0.66 %,143945.0,64849049.7,-0.0066225165562914245,-0.006644542718668613,427.03999999999996,403.75,418.63970619844315,417.16384916527113,60.00033233806151,1.4758570331720193,-6.874469280188988,20.03052522330018,403.75,20.181818289581418,444.11363657916286,363.38636342083714,-693030.0
CLI,2023-11-28,443.0,456.0,443.0,448.2,-0.40 %,99371.0,44631775.1,-0.0040000000000000036,-0.004008021397538822,437.48,406.505,423.18744370637495,419.46282330117697,59.074528642439546,3.7246204051979817,-4.754651343111594,19.52834485020731,406.505,22.30103785642461,451.1070757128492,361.90292428715077,-792401.0
CLI,2023-11-29,448.2,453.0,435.0,440.0,-1.83 %,95304.0,42531105.3,-0.018295403837572444,-0.018464834454519706,444.23999999999995,408.55499999999995,425.7739908284711,420.98409564923793,54.917330692897316,4.789895179233156,-2.845742038642644,19.41917736090679,408.55499999999995,23.4306698468841,455.4163396937681,361.6936603062318,-887705.0
CLI,2023-11-30,431.2,443.5,431.2,440.0,0.00 %,66153.0,29062164.8,0.0,0.0,446.23999999999995,410.20500000000004,427.9626076240909,422.3926811567018,54.917330692389754,5.5699264673890525,-1.1626083374363048,18.910664692270593,410.20500000000004,24.45495267888113,459.1149053577623,361.29509464223776,-887705.0
CLI,2023-12-03,435.0,445.0,434.0,440.0,0.00 %,63343.0,27713940.5,0.0,0.0,443.64,412.005,429.8145141434615,423.69692699694616,54.91733069184317,6.117587146515348,0.29343075935402585,18.345617214251266,412.005,25.284996071104885,462.5749921422098,361.4350078577902,-887705.0
CLI,2023-12-04,440.0,455.0,438.1,449.8,2.23 %,116797.0,52529751.8,0.022272727272727222,0.022028312612908413,443.6,414.79499999999996,432.88920427523664,425.6304879601354,59.20278822248621,7.258716315101253,1.6864878705034714,18.242358841804748,414.79499999999996,26.253711015878565,467.3024220317571,362.28757796824283,-770908.0
CLI,2023-12-05,458.7,473.0,455.0,461.0,2.49 %,176066.0,81826608.2,0.024899955535793605,0.024595003471433133,446.16,418.29499999999996,437.21394207904643,428.25045181494016,63.47589536062514,8.96349026410627,3.141888349224031,18.59647606739012,418.29499999999996,27.548607281637583,473.3922145632751,363.1977854367248,-594842.0
CLI,2023-12-06,461.0,482.0,458.3,482.0,4.56 %,122992.0,57985795.6,0.045553145336225676,0.04454607105395186,454.56000000000006,422.84499999999997,444.1041048361162,432.2318998286483,69.85202817884868,11.872205007467926,4.88795168087281,18.96101349114797,422.84499999999997,30.191362916185863,483.2277258323717,362.46227416762827,-471850.0
CLI,2023-12-07,473.0,480.0,465.0,468.0,-2.90 %,202661.0,95468796.6,-0.02904564315352698,-0.029475818132953576,460.16,426.79499999999996,447.7803963997906,434.8813887302299,62.072226523544806,12.899007669560717,6.490162878610391,18.820941098923118,426.79499999999996,30.693981494749114,488.1829629894982,365.4070370105017,-674511.0
CLI,2023-12-10,477.0,499.8,477.0,495.0,5.77 %,30869.0,15221728.8,0.05769230769230771,0.05608946665104358,471.16,432.445,455.0449507998228,439.33461919465736,69.1974246462098,15.710331605165436,8.3341966239214,19.748016734714327,432.445,32.368901173161504,497.182802346323,367.707197653677,-643642.0
CLI,2023-12-11,500.0,503.8,480.2,494.3,-0.14 %,296185.0,145676988.6,-0.0014141414141414232,-0.001415142255776699,480.06000000000006,438.26000000000005,461.0841891383116,443.40612888394196,68.83636704057052,17.678060254369655,10.202969350011053,20.023158396520447,438.26000000000005,32.519361034701554,503.29872206940314,373.22127793059695,-939827.0
CLI,2023-12-12,494.0,532.0,492.0,523.1,5.83 %,213327.0,110415481.5,0.05826421201699383,0.05663003006365187,492.48,445.2299999999999,470.6250831170329,449.3093785962426,74.6881650489409,21.31570452079029,12.425516384166901,21.450075653911846,445.2299999999999,35.050401304107076,515.3308026082141,375.12919739178574,-726500.0
CLI,2023-12-13,525.0,533.5,510.0,518.0,-0.97 %,140605.0,73278361.4,-0.00974956987191744,-0.009797408117082353,499.68,450.9799999999999,477.9135318682586,454.39757277429874,72.10605152385969,23.51595909395985,14.64360492612549,21.59649882148957,450.9799999999999,37.12917139421587,525.2383427884316,376.7216572115682,-867105.0
CLI,2023-12-14,508.0,520.0,500.0,510.1,-1.53 %,148129.0,75821565.1,-0.015250965250965254,-0.015368457330602192,508.1,455.8349999999999,482.8652961962188,458.5236784947211,68.17430201227384,24.34161770149774,16.583207481199942,21.482463191383168,455.8349999999999,38.23349695585914,532.3019939117182,379.3680060882816,-1015234.0
CLI,2023-12-17,510.1,519.2,490.0,519.2,1.78 %,143085.0,72897042.9,0.01783963928641441,0.01768238046099935,512.9399999999999,461.51500000000004,488.4552506275698,463.01822082844546,70.19065057085105,25.437029799124332,18.35397194478482,22.033715820570087,461.51500000000004,38.81164061681016,539.1382812336203,383.8917187663797,-872149.0
CLI,2023-12-18,519.2,530.0,515.1,518.0,-0.23 %,113685.0,59433385.8,-0.0023112480739599928,-0.0023139231303972345,517.68,467.0950000000001,493.0005966848667,467.0909452115236,69.56475558399868,25.909651473343104,19.86510785049648,21.524164690529368,467.0950000000001,38.49175543986158,544.0785108797232,390.11148912027693,-985834.0
CLI,2023-12-19,515.2,563.0,515.2,558.0,7.72 %,193036.0,102897223.2,0.07722007722007729,0.07438372012182794,524.6600000000001,475.19500000000005,503.00050488719495,473.8249492699292,76.94474274256481,29.17555561726573,21.72719740385033,23.401010069777268,475.19500000000005,39.76755454810933,554.7301090962187,395.6598909037814,-792798.0
CLI,2023-12-20,550.0,567.0,547.0,547.5,-1.88 %,153173.0,84809512.1,-0.018817204301075252,-0.018996500690655036,530.5600000000001,482.26000000000005,509.8465810583957,479.28236043511964,72.00871210095585,30.56422062327607,23.49460204773548,23.15808077907889,482.26000000000005,39.41488364351199,561.0897672870241,403.4302327129761,-945971.0
CLI,2023-12-21,550.0,550.0,531.0,531.0,-3.01 %,138296.0,74299806.5,-0.03013698630136985,-0.03060044044871704,534.74,487.31000000000006,513.100953203258,483.11329669918484,64.95685924758962,29.98765650407313,24.79321293900301,22.861075009144685,487.31000000000006,38.832676148343374,564.9753522966868,409.6446477033133,-1084267.0
CLI,2023-12-24,531.0,566.1,522.0,540.0,1.69 %,214746.0,117761266.2,0.016949152542372836,0.01680711831638119,538.9,491.66,517.2392680950644,487.3271265733193,66.86308162939632,29.912141521745127,25.816998655551433,24.378141079920066,491.66,39.651221524955126,570.9624430499102,412.35755695008976,-869521.0
CLI,2023-12-27,540.0,555.0,539.0,540.2,0.04 %,146104.0,79552798.5,0.00037037037037035425,0.0003703018001951151,543.34,496.16999999999996,520.7716883881315,491.2436357160364,66.90616303156777,29.528052672095043,26.559209458860156,23.779702431354348,496.16999999999996,39.79284648751532,575.7556929750306,416.58430702496935,-723417.0
CLI,2023-12-28,533.1,550.0,533.1,544.0,0.70 %,120526.0,65285766.0,0.007034431691965937,0.0070098054974274265,540.54,500.9599999999999,524.3452747899574,495.15151455188555,67.76371603657708,29.19376023807189,27.086119614702504,23.288295114829037,500.9599999999999,39.479273709525,579.9185474190499,422.00145258094994,-602891.0
CLI,2024-01-01,542.0,550.8,528.0,529.0,-2.76 %,118403.0,63624601.2,-0.02757352941176472,-0.02796081499764326,536.8399999999999,505.40999999999997,525.0613863607332,497.6588097702644,61.03984160938057,27.40257659046881,27.149411009855765,23.253416892341246,505.40999999999997,37.19629155256168,579.8025831051233,431.0174168948766,-721294.0
CLI,2024-01-02,518.5,518.5,488.0,491.0,-7.18 %,293516.0,147380149.8,-0.07183364839319473,-0.07454430406377882,528.8399999999999,507.9599999999999,519.8211730744665,497.16556460209665,48.03612803747438,22.655608472369863,26.25065050235859,24.52102997145973,507.9599999999999,34.09495100759847,576.1499020151969,439.770097984803,-1014810.0
CLI,2024-01-03,491.0,502.0,477.0,499.4,1.71 %,129318.0,63117651.4,0.01710794297352347,0.016963250051152314,520.72,510.93,516.6794541399332,497.3310783352747,50.54426380075178,19.34837580465853,24.87019556281858,24.555242116355462,510.93,30.23168606123841,571.3933721224769,450.4666278775232,-885492.0
CLI,2024-01-04,500.0,503.0,482.5,482.5,-3.38 %,144263.0,71082002.3,-0.03384060873047656,-0.034426457066632214,509.18,512.565,511.4210765799435,496.2324799400692,45.75887750871433,15.188596639874277,22.93387577822972,24.265581965187216,512.565,27.513695632692368,567.5923912653848,457.53760873461533,-1029755.0
CLI,2024-01-07,482.5,490.1,476.1,478.0,-0.93 %,109394.0,52816987.3,-0.00932642487046631,-0.00937018828758463,495.98,513.4150000000001,506.2793724907214,494.88192587043443,44.549400864569265,11.397446620286985,20.626589946641175,23.532326110530988,513.4150000000001,26.061067454003478,565.537134908007,461.2928650919931,-1139149.0
CLI,2024-01-08,472.0,500.0,472.0,495.0,3.56 %,82470.0,40646343.6,0.03556485355648542,0.03494703007723439,489.18,514.065,504.5440844152258,494.89067210225414,49.933247019931066,9.653412312971682,18.431954419907278,23.85144567406449,514.065,25.389767416691676,564.8445348333834,463.2854651666167,-1056679.0
CLI,2024-01-09,504.9,516.0,498.0,500.0,1.01 %,151508.0,77113498.6,0.010101010101010166,0.010050335853501506,490.98,515.6650000000001,503.84499450519104,495.26914083542056,51.427027720919675,8.575853669770481,16.46073426987992,23.647770983059885,515.6650000000001,23.252397159953745,562.1697943199076,469.1602056800926,-905171.0
CLI,2024-01-10,510.0,512.2,495.0,497.0,-0.60 %,81612.0,40938837.1,-0.006000000000000005,-0.006018072325563021,490.5,515.7650000000001,502.79191842746934,495.39735262538943,50.45434341110323,7.39456580207991,14.64750057631992,23.187215912841324,515.7650000000001,23.162975788279784,562.0909515765596,469.4390484234405,-986783.0
CLI,2024-01-11,503.0,505.9,487.0,495.4,-0.32 %,93969.0,46734366.6,-0.0032193158953722767,-0.003224509041369587,493.0799999999999,515.8199999999999,501.65470020785864,495.39754872721244,49.91213031387239,6.2571514806462005,12.969430757185176,22.880986204781227,515.8199999999999,23.11057174359397,562.0411434871879,469.598856512812,-1080752.0
CLI,2024-01-14,481.0,481.0,468.1,473.0,0.25 %,64542.0,30500158.5,-0.04521598708114649,-0.04627012856332616,492.0799999999999,513.315,497.246284791265,493.7384710437152,42.95268701014906,3.5078137475497897,11.077107355258098,23.19663004729685,513.315,24.924016635830828,563.1630332716617,463.4669667283384,-1145294.0
CLI,2024-01-16,470.0,490.0,470.0,484.2,2.37 %,66912.0,32351402.2,0.023678646934460756,0.023402656012025017,489.91999999999996,511.625,495.2391640541473,493.03191763306967,46.93667091764166,2.2072464210776275,9.303135168422004,22.96829932963279,511.625,25.722750016688853,563.0705000333777,460.1794999666223,-1078382.0
CLI,2024-01-17,484.2,501.0,478.2,478.2,-1.24 %,119396.0,58068114.2,-0.012391573729863659,-0.012468989479733723,485.55999999999995,510.03000000000003,492.6177541996631,491.9332570676571,45.118820955450786,0.6844971320060154,7.579407561138807,22.956277948944734,510.03000000000003,26.789198530279894,563.6083970605598,456.45160293944025,-1197778.0
CLI,2024-01-18,475.0,478.0,465.2,470.0,-1.71 %,69298.0,32618608.6,-0.017147636971978186,-0.017296360320120018,480.15999999999997,507.57,489.13809970740726,490.3085713589418,42.68563773934897,-1.1704716515345126,5.829431718604144,22.245115238305825,507.57,28.12831688043792,563.8266337608759,451.31336623912415,-1267076.0
CLI,2024-01-21,466.1,475.0,460.1,462.0,-1.70 %,58884.0,27511577.5,-0.017021276595744705,-0.017167803622365446,473.48,504.77,484.9630074447292,488.21164014716834,40.39675088910084,-3.2486327024391244,4.01381883439549,21.72046414985541,504.77,29.774487489513074,564.3189749790262,445.22102502097385,-1325960.0
CLI,2024-01-22,455.1,480.0,455.1,467.0,1.08 %,73672.0,34544341.8,0.010822510822510845,0.010764366587158484,472.28000000000003,500.21999999999997,482.1994678378478,486.6404075436744,42.47299777277512,-4.440939705826622,2.322867126351068,21.947573853437166,500.21999999999997,28.1190813655446,556.4581627310891,443.9818372689108,-1252288.0
CLI,2024-01-23,467.0,473.0,458.0,462.5,-0.96 %,46451.0,21585398.8,-0.009635974304068484,-0.009682700716417388,467.93999999999994,495.96999999999997,479.16878047817886,484.85222920710595,41.08583208221236,-5.68344872892709,0.7216039552954365,21.451318578191657,495.96999999999997,26.998169528594875,549.9663390571898,441.9736609428102,-1298739.0
CLI,2024-01-24,464.5,471.0,456.1,457.0,-1.19 %,33324.0,15395518.9,-0.011891891891891881,-0.011963166058275174,463.7,492.27,475.75819886615136,482.7891011176907,39.39241891399796,-7.030902251539317,-0.8288972860715141,20.983367251177967,492.27,27.015475097374356,546.3009501947487,438.2390498052513,-1332063.0
CLI,2024-01-25,456.0,461.0,451.2,453.0,-0.88 %,36291.0,16527697.7,-0.008752735229759279,-0.008791265411170658,460.3,487.91999999999996,472.25693750212804,480.58250103489877,38.16054186538828,-8.32556353277073,-2.3282305354113575,20.184555304665256,487.91999999999996,25.907133746274987,539.73426749255,436.10573250745,-1368354.0
CLI,2024-01-28,455.0,464.0,453.1,458.0,1.10 %,36947.0,16838185.2,0.011037527593819041,0.010977058631150994,459.5,483.81000000000006,470.0635625018006,478.9097231804618,40.65862570739338,-8.846160678661192,-3.6318165640613245,19.528515640046308,483.81000000000006,23.593685595938833,530.9973711918777,436.6226288081224,-1331407.0
CLI,2024-01-29,455.0,462.0,453.5,453.5,-0.98 %,58692.0,26835806.9,-0.009825327510917026,-0.00987391455899366,456.8,479.285,467.51532211690824,477.0275214633906,39.12668627229151,-9.512199346482362,-4.807893120545533,18.740764522900143,479.285,19.818818144167693,518.9226362883354,439.64736371166464,-1390099.0
CLI,2024-01-30,455.0,462.0,454.0,456.0,0.55 %,68660.0,31409286.0,0.005512679162072764,0.005497539959194784,455.5,475.63500000000005,465.74373409892235,475.4699272809172,40.468668230340334,-9.726193181994859,-5.791553132835398,18.00928134269299,475.63500000000005,16.6497755635264,508.9345511270528,442.33544887294727,-1321439.0
CLI,2024-01-31,465.0,465.0,451.0,452.8,-0.70 %,56929.0,26001651.3,-0.007017543859649145,-0.007042282625412923,454.66,473.725,463.7523903913958,473.7906734082566,39.275141513458586,-10.038283016860817,-6.640899109640483,17.722904103929206,473.725,16.982153945586237,507.6893078911725,439.7606921088275,-1378368.0
CLI,2024-02-01,448.0,456.9,448.0,449.6,-0.71 %,48423.0,21799318.3,-0.007067137809187218,-0.007092228309491798,453.98,471.23499999999996,461.5750995619503,471.9987716743117,38.06611325621043,-10.423672112361373,-7.397453710184662,17.09269666793426,471.23499999999996,16.66746831405451,504.56993662810896,437.90006337189095,-1426791.0
CLI,2024-02-04,449.0,455.0,446.1,454.5,1.09 %,36067.0,16254908.8,0.010898576512455405,0.010839615038052095,453.28000000000003,469.8349999999999,460.4866227062656,470.70256636510345,41.058191424028095,-10.21594365883783,-7.9611516999152965,16.507504048796097,469.8349999999999,16.846435668617058,503.52787133723405,436.1421286627658,-1390724.0
CLI,2024-02-05,450.0,456.0,448.0,449.1,-1.19 %,27117.0,12204295.9,-0.01188118811881178,-0.011952333523841058,452.4,468.39,458.7348345976094,469.10237626398464,38.83173714013363,-10.367541666375246,-8.442429693207286,15.899825188167805,468.39,17.341398595937086,503.07279719187414,433.7072028081258,-1417841.0
CLI,2024-02-06,447.0,452.6,447.0,448.6,-0.11 %,32614.0,14695695.7,-0.0011133377866844318,-0.0011139580075843728,450.9200000000001,466.07,457.17562927490025,467.58368172591173,38.62289424237726,-10.408052451011486,-8.835554244768126,15.164123389012964,466.07,16.685420676683748,499.4408413533675,432.6991586466325,-1450455.0
CLI,2024-02-07,448.6,470.0,448.6,468.0,4.32 %,70947.0,32971306.8,0.043245653143111795,0.04233667383153869,453.96000000000004,464.46999999999997,458.8409170787617,467.61452011658497,49.88494564391352,-8.77360303782325,-8.823164003379151,15.609543146940608,464.46999999999997,14.673538661213119,493.8170773224262,435.12292267757374,-1379508.0
CLI,2024-02-08,477.3,477.3,466.0,466.9,-0.24 %,45387.0,21258810.0,-0.002350427350427453,-0.0023531939407555017,457.41999999999996,462.965,460.0807759897215,467.56159270054167,49.33221020287477,-7.480816710820193,-8.55469454486736,15.301718636444852,462.965,12.5516731952362,488.06834639047236,437.8616536095276,-1424895.0
CLI,2024-02-11,466.0,475.0,460.0,462.1,-1.03 %,43661.0,20383811.8,-0.010280573998714848,-0.010333784100670559,458.94000000000005,461.3,460.39142583745667,467.1570302782793,46.89065074968351,-6.765604440822642,-8.196876524058418,15.28016730527022,461.3,9.96472726539444,481.22945453078887,441.37054546921115,-1468556.0
CLI,2024-02-12,461.0,470.0,461.0,464.0,0.41 %,32154.0,14911823.7,0.004111664141960514,0.0041032343500344666,461.91999999999996,460.85,460.94659109323254,466.923176183592,47.987981342014926,-5.9765850903594355,-7.752818237318622,14.831583926322347,460.85,9.605289113159458,480.06057822631897,441.6394217736811,-1436402.0
CLI,2024-02-13,455.1,461.0,451.0,455.0,-1.94 %,44197.0,20145307.9,-0.0193965517241379,-0.019587133275304817,463.2,459.39000000000004,460.0317309250429,466.03997794777035,43.41232742376616,-6.00824702272746,-7.40390399440039,14.700756503013608,459.39000000000004,7.945001738929337,475.2800034778587,443.4999965221414,-1480599.0
CLI,2024-02-14,451.0,459.0,451.0,452.1,-0.64 %,25123.0,11429126.9,-0.006373626373626373,-0.0063940246503909485,460.02,458.08500000000004,458.81146462888245,465.0073869886763,42.02193650741395,-6.195922359793826,-7.1623076674790775,14.222131038512636,458.08500000000004,6.7457803574968365,471.5765607149937,444.59343928500635,-1505722.0
CLI,2024-02-15,443.1,460.0,443.1,447.1,-1.11 %,42602.0,19179671.0,-0.011059500110594978,-0.011121111060624496,456.06000000000006,456.93999999999994,457.0097008398236,463.68091387840394,39.66325709322761,-6.671213038580333,-7.0640887416993285,14.41340739290459,456.93999999999994,6.55779166937762,470.0555833387552,443.8244166612447,-1548324.0
CLI,2024-02-18,440.0,450.0,439.9,441.0,-1.36 %,38182.0,16853010.2,-0.013643480205770553,-0.013737407793088987,451.84000000000003,455.89,454.5466699413892,462.0008461837074,36.9391494791409,-7.454176242318169,-7.142106241823098,14.105306864839978,455.89,7.339575493246442,470.56915098649284,441.21084901350713,-1586506.0
CLI,2024-02-20,441.0,443.9,436.0,438.5,-0.57 %,35686.0,15691663.2,-0.005668934240362855,-0.005685063634608306,446.74000000000007,454.465,452.07795148886777,460.260042762692,35.85235255491433,-8.182091273824255,-7.35010324822333,13.66207066020855,454.465,7.8199660115031,470.1049320230062,438.82506797699375,-1622192.0
CLI,2024-02-21,436.0,445.0,433.1,434.2,-0.98 %,30636.0,13372299.4,-0.009806157354618095,-0.009854554368046341,442.58000000000004,453.05,449.32749741365734,458.32966922471485,33.99947447511792,-9.002171811057508,-7.6805169607901655,13.536208470193653,453.05,8.789796716409342,470.6295934328187,435.4704065671813,-1652828.0
CLI,2024-02-22,434.0,440.0,428.0,428.2,-1.38 %,32837.0,14240563.7,-0.01381851681252877,-0.013914881288609028,437.8,451.61,446.0771131961716,456.097841874736,31.54935559819762,-10.02072867856441,-8.148559304345014,13.42647929375125,451.61,10.332366112062381,472.27473222412476,430.94526777587527,-1685665.0
CLI,2024-02-25,428.0,436.0,427.0,427.6,-0.14 %,38625.0,16664751.2,-0.0014012143858009862,-0.0014021970046922203,433.9,450.34,443.23448039676055,453.9868906247556,31.306396749520843,-10.752410227995028,-8.669329489075018,13.110302201340446,450.34,11.631825670163021,473.603651340326,427.07634865967395,-1724290.0
CLI,2024-02-26,424.0,434.7,424.0,432.0,1.03 %,27782.0,11919111.5,0.010289990645462987,0.01023740909322009,432.1,449.03999999999996,441.5060987972589,452.3582320599589,35.24465300393646,-10.852133262699965,-9.105890243800008,12.938137758387557,449.03999999999996,12.171078748194324,473.38215749638863,424.6978425036113,-1696508.0
CLI,2024-02-27,429.0,437.0,429.0,434.1,0.49 %,22878.0,9919322.1,0.004861111111111205,0.00484933406143765,431.21999999999997,448.07,440.366698982296,451.0057704258879,37.09819356165576,-10.639071443591888,-9.412526483758384,12.585413632788445,448.07,12.563652670344844,473.1973053406897,422.9426946593103,-1673630.0
CLI,2024-02-28,433.0,450.0,431.0,434.0,-0.02 %,17855.0,7824962.0,-0.00023036166781853495,-0.00023038820514306816,431.18,446.96999999999997,439.3872068311735,449.746083727674,37.0438175202376,-10.358876896500476,-9.601796566306803,13.043598373303556,446.96999999999997,12.79379372566039,472.5575874513207,421.3824125486792,-1691485.0
CLI,2024-02-29,430.0,435.1,426.0,427.0,-1.61 %,19812.0,8499011.6,-0.016129032258064502,-0.01626052087178029,430.93999999999994,445.68,437.4814827033006,448.06118863673515,33.357971583416656,-10.579705933434525,-9.797378439732347,12.761912775210448,445.68,13.458458502487124,472.5969170049743,418.76308299502574,-1711297.0
CLI,2024-03-03,418.5,430.0,418.5,421.0,-1.41 %,32952.0,13940362.0,-0.014051522248243575,-0.014151179546243151,429.62,444.25,434.9458699797159,446.05665614512515,30.55190701815519,-11.110786165409252,-10.060059984867728,12.671776148409702,444.25,14.499201429915818,473.24840285983163,415.25159714016837,-1744249.0
CLI,2024-03-04,429.4,454.0,429.4,445.0,5.70 %,3985.0,1792467.0,0.05700712589073631,0.05544144848385876,432.21999999999997,443.775,436.49265921360575,445.9783853195603,49.02376110066282,-9.48572610595454,-9.94519320908509,14.12379213780901,443.775,14.299976996669356,472.3749539933387,415.17504600666126,-1740264.0
CLI,2024-03-05,450.0,450.0,432.4,434.0,-2.47 %,59212.0,26058535.0,-0.024719101123595544,-0.02502974806583539,432.2,443.02,436.1091731807433,445.0910975181114,43.33456697875934,-8.98192433736807,-9.752539434741687,14.372092699394083,443.02,14.402287829954364,471.8245756599087,414.21542434009126,-1799476.0
CLI,2024-03-06,434.0,445.5,428.0,437.0,0.69 %,46061.0,20103665.6,0.00691244239631339,0.006888660995185316,432.8,442.43999999999994,436.2462234606289,444.49175696121426,45.202320426275,-8.245533500585339,-9.451138247910418,14.595514649437362,442.43999999999994,14.399320159390893,471.23864031878173,413.64135968121815,-1753415.0
CLI,2024-03-07,437.0,449.8,437.0,447.9,2.49 %,42963.0,19122551.2,0.02494279176201375,0.02463679811766426,436.98,441.43499999999995,438.0391121589937,444.74421940853176,51.46226857230359,-6.7051072495380595,-8.901932048235945,14.46726360304898,441.43499999999995,13.17047235695335,467.77594471390665,415.09405528609324,-1710452.0
CLI,2024-03-10,448.0,461.1,445.1,459.0,2.48 %,56684.0,25863126.5,0.024782317481580662,0.024480216847290716,444.58000000000004,441.03999999999996,441.26386413453315,445.8002031560479,56.866173707732095,-4.536339021514777,-8.028813442891712,14.576744774259767,441.03999999999996,12.466181621111398,465.97236324222274,416.1076367577772,-1653768.0
CLI,2024-03-12,463.0,489.5,461.0,486.0,5.88 %,133782.0,63890280.2,0.05882352941176472,0.05715841383994862,452.78000000000003,442.23499999999996,448.1463465753742,448.77796588522955,66.60549549020817,-0.6316193098553526,-6.549374616284441,15.714120147526927,442.23499999999996,15.393138423542005,473.021276847084,411.44872315291593,-1519986.0
CLI,2024-03-13,486.0,494.0,476.3,481.0,-1.03 %,91736.0,44382748.5,-0.010288065843621408,-0.010341353794732595,462.18,443.0849999999999,453.2007547945474,451.1647832270644,63.73548838688065,2.0359715674829886,-4.832305379530955,15.855968708417862,443.0849999999999,17.03956000791005,477.16412001582,409.00587998417984,-1611722.0
CLI,2024-03-14,481.0,482.0,465.0,466.0,-3.12 %,74640.0,35188014.5,-0.03118503118503113,-0.03168163598011525,467.98,443.63499999999993,455.1698694415401,452.2636881732078,55.94696106630665,2.9061812683322614,-3.2846080499583117,15.937685229245158,443.63499999999993,17.612294599303105,478.85958919860616,408.4104108013937,-1686362.0
CLI,2024-03-17,463.1,476.3,463.1,467.2,0.26 %,56844.0,26698599.3,0.0025751072961373023,0.00257179738837139,471.84,444.39,457.0206587582262,453.3700816418591,56.40592249781437,3.650577116367117,-1.897571016693226,15.742136284299074,444.39,18.304325056922572,480.99865011384514,407.7813498861548,-1629518.0
CLI,2024-03-18,460.5,470.0,460.0,469.0,0.39 %,46064.0,21349711.0,0.00385273972602751,0.0038453369322621754,473.84,445.485,458.86363433388374,454.5278533720918,57.12745439025633,4.335780961791954,-0.65090062099619,15.331983692563425,445.485,19.11219712506593,483.7093942501319,407.26060574986815,-1583454.0
CLI,2024-03-19,464.0,478.0,464.0,465.3,-0.79 %,51559.0,24264573.2,-0.00788912579957357,-0.007920409595676546,469.7,446.7,459.8538444363632,455.32579015934425,55.108347408558785,4.528054277018953,0.3848903586068386,15.236842000237466,446.7,19.578774758718733,485.85754951743746,407.5424504825625,-1635013.0
CLI,2024-03-20,464.0,471.0,457.0,465.0,-0.06 %,53814.0,24836082.9,-0.0006447453255964408,-0.0006449532632465692,466.5,448.025,460.64556067692274,456.0423982956891,54.93879739761454,4.603162381233631,1.228544763132197,15.148496143077647,448.025,19.88887218627833,487.8027443725566,408.24725562744334,-1688827.0
CLI,2024-03-21,458.1,467.0,457.1,458.2,-1.46 %,25493.0,11714735.3,-0.014623655913978517,-0.014731635567961188,464.93999999999994,449.225,460.26932057278077,456.20222064415657,51.10099893572618,4.067099928624202,1.7962557962305983,14.773603561429242,449.225,19.734257550073735,488.69351510014747,409.7564848998526,-1714320.0
CLI,2024-03-25,450.1,458.0,450.1,452.0,-1.35 %,23967.0,10850829.3,-0.013531209079004736,-0.013623590187163893,461.9,450.41499999999996,458.99711740773756,455.8909450408857,47.82089096592693,3.1061723668518653,2.058239110354852,14.296917592755722,450.41499999999996,19.10732223933813,488.62964447867625,412.2003555213237,-1738287.0
CLI,2024-03-26,444.0,458.0,444.0,451.0,-0.22 %,23481.0,10621168.7,-0.0022123893805309214,-0.0022148403295527874,458.3,451.58500000000004,457.76679165270104,455.52865281563487,47.29359545278749,2.238138837066174,2.0942190556971165,14.27570919327317,451.58500000000004,18.33768839820016,488.26037679640035,414.9096232035997,-1761768.0
CLI,2024-03-27,442.0,452.5,442.0,445.0,-1.33 %,27297.0,12204029.4,-0.013303769401330379,-0.013393057336438136,454.23999999999995,452.235,455.8026698599778,454.7487526070694,44.1481317644978,1.053917252908434,1.88615869513938,14.006015679467945,452.235,17.830319387876802,487.89563877575364,416.5743612242464,-1789065.0
CLI,2024-03-28,442.0,456.0,442.0,453.9,2.00 %,23759.0,10679443.2,0.020000000000000018,0.01980262729617973,452.02,453.225,455.50995141998123,454.68588204358275,49.51217695942194,0.8240693763984837,1.673740831391201,14.005585988077378,453.225,17.31257148949742,487.8501429789949,418.59985702100516,-1765306.0
CLI,2024-03-31,444.9,457.0,444.9,452.0,-0.42 %,23942.0,10825974.1,-0.004185944040537515,-0.00419472963018869,450.78000000000003,454.125,454.96995889383027,454.4869278181322,48.44255564554451,0.48303107569807935,1.4355988802525768,13.86947270321471,454.125,16.71821808056963,487.5614361611393,420.6885638388607,-1789248.0
CLI,2024-04-01,453.0,453.0,447.6,449.5,-0.55 %,19065.0,8569550.2,-0.00553097345132747,-0.00554632592055626,450.28000000000003,455.25,454.12842675631794,454.1175257575298,47.00368734029268,0.010900998788144989,1.1506593039596904,13.2645103672708,455.25,15.510251278972047,486.2705025579441,424.2294974420559,-1808313.0
CLI,2024-04-02,447.0,454.0,447.0,450.4,0.20 %,22022.0,9911402.0,0.002002224694104493,0.002000222913805595,450.16,456.71999999999997,453.55482263996134,453.8421534791943,47.60701649589639,-0.28733083923293634,0.8630612753211651,12.817045341037172,456.71999999999997,13.33383507827921,483.3876701565584,430.05232984344156,-1786291.0
CLI,2024-04-03,450.0,460.0,450.0,450.2,-0.04 %,25689.0,11673209.2,-0.000444049733570151,-0.0004441483528487497,451.2,456.98,453.0386960799673,453.5723643325873,47.47766537790635,-0.533668252620032,0.5837153697329257,12.615827816677374,456.98,13.142602482005321,483.26520496401065,430.6947950359894,-1811980.0
CLI,2024-04-04,450.0,455.0,448.1,450.1,-0.02 %,27910.0,12599246.3,-0.0002221235006663047,-0.0002221481737447935,450.43999999999994,457.785,452.5865889907415,453.31515215980306,47.40830549617237,-0.7285631690615446,0.32125966197403166,12.207554401200419,457.785,12.113770980517735,482.0125419610355,433.55745803896457,-1839890.0
CLI,2024-04-07,450.0,465.0,450.0,465.0,3.31 %,39600.0,18206431.8,0.033103754721172995,0.03256762528846923,453.03999999999996,459.18500000000006,454.4963445306274,454.1806964442621,57.395535414555404,0.3156480863653428,0.3201373468522939,12.407014801114675,459.18500000000006,11.166127114485798,481.51725422897164,436.8527457710285,-1800290.0
CLI,2024-04-09,465.0,471.9,460.0,462.5,-0.54 %,48050.0,22285540.6,-0.005376344086021501,-0.005390848634876423,455.64,459.9150000000001,455.7276761413001,454.7969411520945,55.491424758882346,0.9307349892055754,0.4422568753229502,12.370799458177911,459.9150000000001,10.862648460617713,481.6402969212355,438.18970307876464,-1848340.0
CLI,2024-04-10,462.0,465.0,451.0,451.5,-2.38 %,31009.0,14107277.0,-0.023783783783783763,-0.024071184095439752,455.86,459.5400000000001,455.0772644272539,454.55272328897644,47.95320085358866,0.5245411382774705,0.45871372791385434,12.487170925450918,459.5400000000001,11.0241552964394,481.5883105928789,437.49168940712127,-1879349.0
CLI,2024-04-14,450.0,454.0,446.0,448.0,-0.78 %,39488.0,17713693.4,-0.007751937984496138,-0.007782140442054963,455.41999999999996,457.64000000000004,453.98845451536874,454.0673363786819,45.820344766713426,-0.07888186331314273,0.35119460966845495,12.166658716490138,457.64000000000004,9.375073333047176,476.3901466660944,438.8898533339057,-1918837.0
CLI,2024-04-15,446.0,450.0,443.1,444.0,-0.89 %,34999.0,15626993.4,-0.008928571428571397,-0.008968669982760375,454.2,455.7900000000001,452.451769205312,453.3216077580388,43.44223060974855,-0.869838552726776,0.10698797718940878,11.790468808169413,455.7900000000001,8.084611763618145,471.95922352723636,439.6207764727638,-1953836.0
CLI,2024-04-16,442.1,445.8,442.0,443.4,-0.14 %,29459.0,13084172.2,-0.0013513513513514486,-0.0013522652500137608,449.88,454.66,451.0591893275717,452.58667385003594,43.08103998632983,-1.527484522464249,-0.2199065227413228,11.219721036157313,454.66,8.161488512327502,470.98297702465504,438.337022975345,-1983295.0
CLI,2024-04-18,442.2,444.0,439.0,439.5,-0.88 %,21755.0,9583608.2,-0.008795669824086527,-0.008834580056979326,445.28000000000003,453.275,449.28085250794527,451.6172906018851,40.711626563881715,-2.336438093939819,-0.643212836981022,10.775455247860362,453.275,8.271057655273204,469.8171153105464,436.73288468945356,-2005050.0
CLI,2024-04-21,438.4,442.5,430.0,439.0,-0.11 %,35992.0,15759787.7,-0.0011376564277588708,-0.001138304050060392,442.78000000000003,451.775,447.6991828913383,450.68267648322694,40.404810691262156,-2.983493591888646,-1.1112689879625468,10.898637015870337,451.775,7.984516265874277,467.74403253174853,435.8059674682514,-2041042.0
CLI,2024-04-22,436.1,446.0,431.7,435.0,-0.91 %,48596.0,21310724.9,-0.009111617312072884,-0.009153381986487248,440.18,450.26000000000005,445.745462446517,449.52099674372863,37.9413437064147,-3.775534297211607,-1.644122049812359,11.141591514736742,450.26000000000005,8.155940682782283,466.5718813655646,433.9481186344355,-2089638.0
CLI,2024-04-24,433.2,441.0,433.2,437.0,0.46 %,14323.0,6264997.9,0.0045977011494253706,0.00458716400690614,438.78000000000003,448.86,444.40000668551437,448.59351550345247,39.913957026975226,-4.1935088179380955,-2.1539994034375063,10.902906406541263,448.86,7.891461074778677,464.64292214955736,433.07707785044266,-2075315.0
CLI,2024-04-25,435.0,443.0,433.0,440.2,0.73 %,25832.0,11366060.9,0.0073226544622424505,0.00729597399677103,438.14,447.96000000000004,443.75385181081987,447.97177361430784,43.03399597774737,-4.217921803487968,-2.5667838834475987,10.838413091788315,447.96000000000004,7.796044881187105,463.55208976237424,432.36791023762584,-2049483.0
CLI,2024-04-28,449.0,449.7,442.2,448.9,1.98 %,24489.0,10937025.6,0.019763743752839513,0.01957097669552504,440.02,447.805,444.5455669168476,448.04053112435906,50.5517978436656,-3.4949642075114866,-2.752419948260376,10.742812156660579,447.805,7.742125031282428,463.28925006256486,432.32074993743515,-2024994.0
CLI,2024-04-29,445.2,448.9,445.0,446.9,-0.45 %,29134.0,13006517.6,-0.004455335263978566,-0.004465289848480566,441.6,447.6,444.9077873911787,447.95604733736945,48.95244269157254,-3.04825994619074,-2.8115879478464487,10.25403985975625,447.6,7.707276124751713,463.0145522495034,432.1854477504966,-2054128.0
CLI,2024-04-30,445.0,462.9,445.0,452.1,1.16 %,65523.0,29726735.6,0.011635712687402266,0.011568538361153808,445.02,447.95500000000004,446.0142816386897,448.2630067938606,53.10655714832225,-2.2487251551709164,-2.6990153893113424,10.80017986977366,447.95500000000004,7.744639912121869,463.4442798242438,432.4657201757563,-1988605.0
CLI,2024-05-02,461.1,470.3,452.0,453.0,0.20 %,63449.0,28963993.7,0.001990710019907027,0.0019887311824744805,448.21999999999997,447.91,447.0890075404297,448.61389517950056,53.807207841399105,-1.5248876390708688,-2.464189839263248,11.335881307646972,447.91,7.7108194663158365,463.3316389326317,432.4883610673684,-1925156.0
CLI,2024-05-05,450.0,460.2,449.0,451.3,-0.38 %,49489.0,22449026.7,-0.0037527593818984517,-0.003759818650078514,450.44000000000005,447.875,447.7368525342098,448.812865906945,52.22005816792688,-1.07601337273519,-2.1865545459576365,11.326175499957902,447.875,7.69284527473825,463.2606905494765,432.4893094505235,-1974645.0
CLI,2024-05-06,460.0,496.4,460.0,463.1,2.61 %,666481.0,319830942.3,0.026146687347662345,0.02581070665375081,453.28000000000003,448.555,450.1004136827929,449.8711721360602,60.85193927910877,0.22924154673273733,-1.703395327419562,13.73859153567519,448.555,8.41155064245211,465.37810128490423,431.7318987150958,-1308164.0
CLI,2024-05-07,463.1,463.1,463.1,463.1,0.00 %,200.0,92620.0,0.0,0.0,456.52,449.19000000000005,452.1003500392863,450.85108531116686,60.851939278105455,1.2492647281194422,-1.1128633163117612,12.75726356884125,449.19000000000005,9.01582818684713,467.2216563736943,431.1583436263058,-1308164.0
CLI,2024-05-12,453.9,464.0,449.6,450.5,-2.72 %,110151.0,50143568.0,-0.027207946447851517,-0.027584936438313754,456.2,449.20500000000004,451.8541423409346,450.82507899182116,49.72674151507848,1.0290633491134145,-0.6844779832267261,12.874601885352588,449.20500000000004,9.017846341094382,467.2406926821888,431.1693073178113,-1418315.0
CLI,2024-05-13,459.0,464.0,454.0,455.2,1.04 %,49645.0,22741256.1,0.01043285238623759,0.010378805763728636,456.64,449.4599999999999,452.36888967309847,451.14914721464925,53.16630799685895,1.2197424584492182,-0.30363389489153725,12.919273179255974,449.4599999999999,9.116058705153227,467.69211741030637,431.2278825896935,-1368670.0
CLI,2024-05-14,452.3,467.4,452.3,462.4,1.58 %,37039.0,17151242.8,0.01581722319859402,0.015693434546046547,458.86,449.33000000000004,453.9121374156987,451.9825437172678,57.91636911484966,1.9295936984308923,0.1430116237729487,13.075039380737687,449.33000000000004,8.898734386654143,467.12746877330835,431.53253122669173,-1331631.0
CLI,2024-05-15,471.0,474.0,460.0,462.9,0.11 %,58629.0,27396673.1,0.0010813148788926252,0.0010807306790570244,458.82,449.35,455.2948855055912,452.79124418265536,58.23317587906664,2.5036413229358345,0.6151375636055259,13.141107996399281,449.35,8.930285549746454,467.21057109949294,431.4894289005071,-1273002.0
CLI,2024-05-16,465.0,472.0,456.1,458.0,-1.06 %,36683.0,16889373.5,-0.010585439619788195,-0.010641863923039792,457.8,449.675,455.71105696626944,453.1770779469031,53.94709770035813,2.5339790193663134,0.9989058547576835,13.33817171094219,449.675,9.12872130320503,467.93244260641006,431.41755739358996,-1309685.0
CLI,2024-05-19,467.1,484.5,465.0,483.9,5.66 %,202026.0,96654680.5,0.05655021834061125,0.05500908968508781,464.48,451.46999999999997,460.0478174329972,455.4528499508362,67.54472808248377,4.594967482160996,1.718118180238346,14.278302303017748,451.46999999999997,11.89303644110639,475.2560728822127,427.6839271177872,-1107659.0
CLI,2024-05-20,488.0,493.5,478.3,481.0,-0.60 %,126558.0,61544135.2,-0.0059929737549080375,-0.006011003693511687,469.64,453.32,463.271230135613,457.3452314359594,65.22259441987981,5.925998699653576,2.559694284121392,14.344137852802195,453.32,13.44621253658289,480.2124250731658,426.4275749268342,-1234217.0
CLI,2024-05-21,480.0,496.7,474.1,487.0,1.25 %,99064.0,48453271.8,0.012474012474012364,0.012396852976828502,474.55999999999995,455.5,466.9218101147495,459.5418809592217,67.69702997030626,7.379929155527805,3.5237412584026746,14.933842291887752,455.5,15.176331988711608,485.8526639774232,425.1473360225768,-1135153.0
CLI,2024-05-22,487.0,489.0,481.0,482.1,-1.01 %,69057.0,33450087.4,-0.010061601642710416,-0.01011256167101314,478.4,457.63,469.2569162509419,461.2128527400201,63.71028869331961,8.04406351092183,4.427805708906506,14.438567842467197,457.63,15.789606841544202,489.2092136830884,426.05078631691157,-1204210.0
CLI,2024-05-26,480.0,490.0,480.0,480.6,-0.31 %,52678.0,25466300.7,-0.0031113876789048422,-0.003116238109208107,482.91999999999996,459.71000000000004,471.0020060584893,462.6489377222408,62.496936089979414,8.353068336248498,5.212858234374905,14.121527282290968,459.71000000000004,15.94552898893154,491.6010579778631,427.818942022137,-1256888.0
CLI,2024-05-27,475.0,488.0,475.0,480.1,-0.10 %,80439.0,38866476.8,-0.0010403662089055743,-0.001040907765473909,482.16,461.965,472.4016974341064,463.9416090020748,62.072570061951104,8.460088432031569,5.862304273906238,14.041418190698757,461.965,15.448395419999015,492.861790839998,431.06820916000197,-1337327.0
CLI,2024-05-29,489.7,489.7,469.0,469.0,-2.31 %,75394.0,35833177.4,-0.023120183295146868,-0.02339164709061533,479.76000000000005,463.56499999999994,471.87835936732074,464.3163046315508,53.40321236656626,7.562054735769948,6.20225436627898,14.517031177077417,463.56499999999994,14.344346951802992,492.25369390360595,434.87630609639393,-1412721.0
CLI,2024-05-30,461.1,476.0,461.1,468.0,-0.21 %,47052.0,22133363.7,-0.002132196162046962,-0.002134472528632681,475.96000000000004,464.9549999999999,471.28168869542526,464.58917095513965,52.68925714301856,6.692517740285609,6.300307041080306,14.544386093000458,464.9549999999999,13.267589119830612,491.49017823966113,438.4198217603387,-1459773.0
CLI,2024-06-02,462.0,478.8,462.0,471.0,0.64 %,45471.0,21364311.5,0.0064102564102563875,0.006389798098770988,473.73999999999995,466.05999999999995,471.23835197305215,465.06404718068484,54.64812343450039,6.174304792367309,6.275106591337707,14.705501372071856,466.05999999999995,12.771077521205799,491.60215504241154,440.51784495758835,-1414302.0
CLI,2024-06-03,479.0,479.0,467.1,472.3,0.28 %,34235.0,16218744.4,0.0027600849256901316,0.0027562828856537904,472.08000000000004,467.33000000000004,471.40168243873643,465.6000436858193,55.507801163134324,5.8016387529171425,6.180413023653594,14.505108416923864,467.33000000000004,12.005441748597358,491.34088349719474,443.31911650280534,-1380067.0
CLI,2024-06-04,470.6,482.0,470.0,480.0,1.63 %,46565.0,22274942.7,0.016303197120474344,0.016171726999865254,472.06000000000006,468.725,472.7245005250847,466.6667071164993,60.30717401510638,6.057793408585383,6.1558891006399525,14.326172101429304,468.725,11.761081001158324,492.24716200231666,445.2028379976834,-1333502.0
CLI,2024-06-05,478.0,482.3,475.1,479.0,-0.21 %,38707.0,18559155.8,-0.002083333333333326,-0.0020855064910213707,474.06000000000006,470.025,473.689961982764,467.58028436712897,59.4108595291138,6.109677615635007,6.146646803638964,13.817159808470068,470.025,11.361610106430552,492.7482202128611,447.30177978713886,-1372209.0
CLI,2024-06-06,475.2,480.0,475.1,478.1,-0.19 %,48175.0,23042795.4,-0.0018789144050104234,-0.0018806817788575357,476.08000000000004,471.36500000000007,474.36842937003104,468.3595225621564,58.5671887478493,6.0089068078746095,6.119098804486093,13.180219822150775,471.36500000000007,10.591221538813631,492.54744307762735,450.1825569223728,-1420384.0
CLI,2024-06-09,470.1,479.5,470.1,475.0,-0.65 %,36322.0,17231540.1,-0.006483999163354959,-0.006505111597416487,476.88,471.96000000000004,474.46559408233395,468.85140977977443,55.63649266075046,5.614184302559522,6.01811590410078,12.910204120568576,471.96000000000004,10.435586887388277,492.8311737747766,451.0888262252235,-1456706.0
CLI,2024-06-10,472.0,478.0,471.0,471.6,-0.72 %,50338.0,23860113.2,-0.00715789473684203,-0.0071836353714252715,476.74000000000007,472.38499999999993,474.02473345428257,469.0550090553467,52.531651634274,4.969724398935853,5.808437603067794,12.488046683385107,472.38499999999993,10.226759274725193,492.8385185494503,451.93148145054954,-1507044.0
CLI,2024-06-11,469.0,487.0,469.0,486.0,3.05 %,54596.0,26351339.6,0.03053435114503822,0.030077455237277954,477.94000000000005,474.15999999999997,475.8670821536237,470.3101935697655,62.162602018701456,5.5568885838582105,5.7581277992258775,12.881757634571887,474.15999999999997,9.263817560244505,492.68763512048895,455.632364879511,-1452448.0
CLI,2024-06-12,486.0,494.0,484.0,484.7,-0.27 %,55957.0,27246500.8,-0.002674897119341546,-0.002678481049163444,479.08000000000004,475.63500000000005,477.22599259152776,471.37610515719024,60.96012599830613,5.849887434337518,5.776479726248206,12.675917803531037,475.63500000000005,8.39374924070352,492.4224984814071,458.847501518593,-1508405.0
CLI,2024-06-13,479.0,489.4,479.0,486.1,0.29 %,47716.0,23110373.0,0.0028883845677738496,0.002884221200079472,480.68,476.82,478.5912245005235,472.4667640344354,61.816748567959166,6.124460466088067,5.8460758742161785,12.513352246135963,476.82,8.094546572263843,493.0090931445277,460.6309068554723,-1460689.0
CLI,2024-06-16,481.0,493.0,480.0,483.0,-0.64 %,95866.0,46652228.2,-0.006377288623739985,-0.006397710398837134,482.28000000000003,477.825,479.2694976542891,473.24700373558835,58.74308588394338,6.022493918700775,5.881359483113098,12.548112799983395,477.825,7.501359525903594,492.82771905180715,462.8222809481928,-1556555.0
CLI,2024-06-18,479.0,487.0,475.0,485.0,0.41 %,42406.0,20517071.3,0.0041407867494824835,0.004132237284910591,484.96000000000004,479.175,480.15111339978307,474.1175960514707,60.12077044135777,6.033517348312387,5.911791056152955,12.508961885698868,479.175,6.031223581891157,491.23744716378235,467.1125528362177,-1514149.0
CLI,2024-06-19,484.0,485.0,480.0,481.5,-0.72 %,31469.0,15182448.3,-0.007216494845360799,-0.007242659699302924,484.06000000000006,479.055,480.3586344152011,474.6644407883988,56.56122463654927,5.694193626802303,5.8682715702828245,11.972607465291807,479.055,5.955667358427067,490.96633471685413,467.1436652831459,-1545618.0
CLI,2024-06-20,480.0,486.0,480.0,482.0,0.10 %,48532.0,23355937.3,0.0010384215991692258,0.0010378828124200214,483.52,479.105,480.61115219747785,475.2078155448137,56.9533241564268,5.403336652664166,5.775284586759093,11.545992646342393,479.105,5.977015185386342,491.0590303707727,467.15096962922735,-1497086.0
CLI,2024-06-23,480.0,484.0,477.2,480.0,-0.41 %,44549.0,21435898.9,-0.004149377593360981,-0.004158010148663677,482.3,478.755,480.5171287824813,475.56279217112376,54.82167505870877,4.954336611357519,5.611094991678778,11.206993171603651,478.755,5.68835144002954,490.1317028800591,467.3782971199409,-1541635.0
CLI,2024-06-24,480.0,485.0,480.0,480.1,0.02 %,38958.0,18766994.2,0.0002083333333333659,0.00020831163495808793,481.7200000000001,478.65500000000003,480.45295512363805,475.8988816399294,54.9125422424227,4.554073483708635,5.399690690084749,10.763636516489106,478.65500000000003,5.643857863108382,489.9427157262168,467.36728427378324,-1502677.0
CLI,2024-06-25,475.5,483.0,475.5,480.8,0.15 %,22485.0,10815565.1,0.001458029577171338,0.0014569676841030706,480.88,478.66499999999996,480.50634664307836,476.26192744437907,55.58595295279647,4.2444191986992905,5.168636391807658,10.53051962245417,478.66499999999996,5.647661369752206,489.96032273950436,467.36967726049556,-1480192.0
CLI,2024-06-26,475.5,482.0,475.5,479.9,-0.19 %,38896.0,18669836.4,-0.0018718801996673307,-0.001873634356798095,480.56000000000006,478.65500000000003,480.41306254414326,476.53141430035095,54.4597184786505,3.8816482437923128,4.911238762204589,10.242625363707443,478.65500000000003,5.645163276741918,489.9453265534839,467.3646734465162,-1519088.0
CLI,2024-06-27,476.1,484.0,474.0,475.0,-1.02 %,41200.0,19616264.2,-0.010210460512606767,-0.010262944829558602,479.16,478.95500000000004,479.58028369119813,476.4179762040286,48.67707414987016,3.162307487169528,4.561452507197577,10.225294980585483,478.95500000000004,5.2507117312068825,489.4564234624138,468.4535765375863,-1560288.0
CLI,2024-06-30,470.0,480.0,470.0,471.5,-0.74 %,24306.0,11520801.7,-0.00736842105263158,-0.007395701961129025,477.46000000000004,479.13,478.3371631233215,476.0536816703969,45.00142536853036,2.2834814529246046,4.105858296342983,10.209202481972234,479.13,4.913900798007089,488.9578015960142,469.3021984039858,-1584594.0
CLI,2024-07-01,472.0,478.0,468.7,477.0,1.17 %,21025.0,9964454.0,0.01166489925768821,0.011597388814829013,476.84,479.43,478.1314457197336,476.12377932444156,51.23321766963131,2.0076663952920626,3.686219916132799,10.144259447545647,479.43,4.561982486874489,488.553964973749,470.30603502625104,-1563569.0
CLI,2024-07-02,486.5,515.0,485.0,490.0,2.73 %,65881.0,32274923.1,0.027253668763102645,0.026888900216331,478.68,480.31499999999994,479.9573771474669,477.1516475226311,62.14996322625065,2.8057296248358057,3.5101218578734006,12.133955201292386,480.31499999999994,4.81579364394657,489.94658728789307,470.6834127121068,-1497688.0
CLI,2024-07-03,484.0,491.0,483.5,490.0,0.00 %,31055.0,15147805.0,0.0,0.0,480.7,480.81499999999994,481.50239604785656,478.10337733576955,62.14996322509812,3.3990187120870132,3.4879012287161233,11.802958401200074,480.81499999999994,5.278284709421039,491.371569418842,470.2584305811579,-1497688.0
CLI,2024-07-04,486.0,514.0,486.0,510.0,4.08 %,117197.0,59119552.2,0.04081632653061229,0.040005334613699206,487.7,482.36499999999995,485.8866428097248,480.4660901257125,72.95297055015848,5.42055268401225,3.8744315197753494,12.959889943971499,482.36499999999995,8.36586265096201,499.096725301924,465.6332746980759,-1380491.0
CLI,2024-07-07,507.0,525.0,507.0,524.0,2.75 %,142867.0,74409651.8,0.027450980392156765,0.027080958602670614,498.2,484.65999999999997,491.75023622361323,483.6908241904746,77.74199744498509,8.059412033138642,4.711427622448008,13.31989780511639,484.65999999999997,12.438708682344625,509.5374173646892,459.78258263531075,-1237624.0
CLI,2024-07-08,524.0,529.0,513.0,515.9,-1.55 %,113445.0,58776530.8,-0.015458015267175607,-0.015578736070437972,505.98,486.7049999999999,495.4655844969035,486.07668906525424,70.01740812981225,9.388895431649246,5.6469211842882565,13.511333676179506,486.7049999999999,14.027584666612176,514.7601693332243,458.6498306667756,-1351069.0
CLI,2024-07-09,511.0,523.9,511.0,523.5,1.47 %,94704.0,49264922.0,0.01473153711959685,0.014624082059987348,512.6800000000001,489.3,499.77857149737986,488.8487861715317,72.75300199251554,10.929785325848172,6.70349401260024,13.467666985023826,489.3,15.777599043548229,520.8551980870965,457.74480191290354,-1256365.0
CLI,2024-07-10,520.0,530.0,519.1,527.0,0.67 %,81883.0,42988486.4,0.006685768863419206,0.0066635182307706944,520.08,491.35,503.96648357470605,491.67480201067747,73.93256172088246,12.291681564028579,7.821131522885908,13.284262200379265,491.35,17.853305753160026,527.0566115063201,455.64338849368,-1174482.0
CLI,2024-07-11,527.0,548.0,527.0,548.0,3.98 %,130229.0,70398247.3,0.03984819734345346,0.03907473840665316,527.6800000000001,494.515,510.74087071705895,495.84703889877545,79.63049834870301,14.893831818283502,9.235671581965427,13.835386328923605,494.515,21.789332856143588,538.0936657122871,450.93633428771284,-1044253.0
CLI,2024-07-14,558.9,580.0,550.0,558.0,1.82 %,132221.0,73876321.1,0.018248175182481674,0.018083675433295327,534.48,498.10999999999996,518.0115059913576,500.4509619433106,81.68366085845194,17.560544048047007,10.900646075181744,15.13285873400049,498.10999999999996,25.875997819560997,549.8619956391219,446.35800436087794,-912032.0
CLI,2024-07-15,558.0,565.0,543.0,544.6,-2.40 %,152845.0,84238436.5,-0.024014336917562717,-0.024307382141651707,540.22,501.18999999999994,522.1020435311488,503.7212610586209,71.31102602958299,18.38078247252787,12.396673354650968,15.623368824429026,501.18999999999994,27.592006851718764,556.3740137034374,446.0059862965624,-1064877.0
CLI,2024-07-16,550.0,567.1,545.5,567.0,4.11 %,111874.0,62414272.6,0.041131105398457546,0.04030772348809281,548.92,505.28999999999996,529.0094214494336,508.4085750542786,76.64910835227576,20.60084639515503,14.037507962751782,16.114556765541238,505.28999999999996,30.9479171988585,567.1858343977169,443.39416560228295,-953003.0
CLI,2024-07-17,570.0,578.0,557.0,570.0,0.53 %,133172.0,76115397.2,0.005291005291005346,0.005277057100843819,557.52,509.715,535.3156643033669,512.9709028280357,77.2593899588803,22.34476147533121,15.698958665267668,16.463516996574008,509.715,33.58218943679009,576.8793788735802,442.5506211264198,-819831.0
CLI,2024-07-18,570.0,583.0,563.1,577.0,1.23 %,196691.0,113133190.9,0.012280701754386003,0.012205905679503764,563.3199999999999,514.4649999999999,541.7286390259259,517.7137989148479,78.66080360355855,24.014840111078,17.362134954429735,16.708980068247293,514.4649999999999,36.0813448664051,586.6276897328102,442.30231026718974,-623140.0
CLI,2024-07-21,577.1,582.0,567.0,580.0,0.52 %,149883.0,86361361.6,0.005199306759098743,0.0051858370323654155,567.72,519.4649999999999,547.6165407142449,522.3275915878221,79.2509639873865,25.288949126422835,18.947497788828358,16.586910063372486,519.4649999999999,37.9351284917324,595.3352569834647,443.5947430165351,-473257.0
CLI,2024-07-22,571.0,585.0,570.0,574.0,-1.03 %,117144.0,67435643.0,-0.010344827586206917,-0.010398707220898622,573.6,524.16,551.6755344505149,526.1551773961315,74.79560452830684,25.52035705438334,20.262069641939355,16.473559344560165,524.16,38.61142999573866,601.3828599914773,446.93714000852265,-590401.0
CLI,2024-07-23,568.0,600.0,568.0,599.0,4.36 %,123354.0,72684111.0,0.04355400696864109,0.04263220179588291,580.0,530.0699999999999,558.956221458128,531.5510901816033,79.87290376486102,27.405131276524685,21.69068196885642,17.582590819948724,530.0699999999999,40.61914378843185,611.3082875768637,448.83171242313625,-467047.0
CLI,2024-07-24,600.0,610.0,581.0,590.0,-1.50 %,163297.0,97251234.1,-0.015025041736227096,-0.015139061215684266,584.0,535.575,563.7321873876467,535.8806390570401,74.0868212823909,27.851548330606647,22.922855241206467,18.398120047095247,535.575,40.921527920746804,617.4180558414937,453.73194415850645,-630344.0
CLI,2024-07-25,589.0,599.0,582.0,591.0,0.17 %,99166.0,58675895.3,0.0016949152542373724,0.0016934805063331477,586.8,541.375,567.927235481855,539.9635546824445,74.30951075896645,27.96368079941044,23.931020352847263,18.298254329445587,541.375,40.09636910980237,621.5677382196047,461.18226178039527,-531178.0
CLI,2024-07-28,602.8,620.0,585.0,605.0,2.37 %,148990.0,89068600.2,0.02368866328257191,0.02341244062474326,591.8,548.05,573.6307377154158,544.7810691504116,77.25632262829417,28.849668565004208,24.914749995278655,19.491236163056616,548.05,38.94744772395963,625.9448954479192,470.15510455208073,-382188.0
CLI,2024-07-29,601.0,612.0,592.9,594.0,-1.82 %,111691.0,66788869.7,-0.018181818181818188,-0.01834913866819654,595.8,553.9,576.7644703745825,548.4269158800107,70.42139396653448,28.337554494571805,25.599310895137286,19.46329072283829,553.9,36.41863317184357,626.7372663436871,481.06273365631284,-493879.0
CLI,2024-07-30,594.0,601.0,584.1,598.0,0.67 %,106149.0,62853842.8,0.006734006734006703,0.006711434587986778,595.6,559.3,580.031474932339,552.0989961851951,71.41185615758283,27.932478747143932,26.065944465538614,19.280198528349842,559.3,34.39585348326376,628.0917069665275,490.50829303347246,-387730.0
CLI,2024-07-31,600.0,618.0,600.0,613.0,2.51 %,164600.0,100768911.2,0.025083612040133874,0.024774181985579756,600.2,565.45,585.1035557119792,556.6101816529584,74.81733259590258,28.493374059020766,26.551430384235047,19.331612919181996,565.45,32.284239270318885,630.0184785406378,500.88152145936226,-223130.0
CLI,2024-08-01,605.0,658.9,605.0,635.0,3.59 %,199180.0,127358597.7,0.03588907014681886,0.03526006295648018,609.0,571.7,592.7799317562901,562.4168348638505,78.8051740292558,30.36309689243967,27.313763685875976,21.80078342495471,571.7,33.07441370765786,637.8488274153158,505.5511725846843,-23950.0
CLI,2024-08-05,630.0,665.0,630.0,661.3,4.14 %,176530.0,115180371.3,0.0414173228346455,0.04058259578792488,620.26,578.565,603.3214807168608,569.7415137628245,82.39442699045203,33.57996695403631,28.567004339508046,22.743584608886515,578.565,36.70273580796829,651.9704716159366,505.1595283840635,152580.0
CLI,2024-08-06,661.0,664.1,618.0,620.0,-6.25 %,226424.0,145038715.6,-0.062452744593981535,-0.06448811664147944,625.46,583.7700000000001,605.8874067604207,573.4643645952078,64.05104471695766,32.423042165212905,29.338211904649018,24.411899993966053,583.7700000000001,34.67354671944172,653.1170934388836,514.4229065611166,-73844.0
CLI,2024-08-07,615.0,648.0,608.0,642.0,3.55 %,152006.0,96255645.9,0.03548387096774186,0.03486882565082386,634.26,589.695,611.4431903357406,578.5410783288961,68.1222795134723,32.902112006844504,30.05099192508812,25.525335708682764,589.695,33.94964498690504,657.5942899738102,521.7957100261899,78162.0
CLI,2024-08-08,645.0,655.0,635.2,637.0,-0.78 %,126088.0,80996728.1,-0.007788161993769416,-0.007818648117797772,639.0600000000001,595.195,615.3750072071651,582.871368823052,66.28495096860485,32.503638384113174,30.54152121689313,25.116383158062565,595.195,32.11909540248183,659.4331908049637,530.9568091950364,-47926.0
CLI,2024-08-11,639.0,660.0,635.0,652.0,2.35 %,174198.0,113091369.6,0.023547880690737877,0.023274906354489647,642.46,600.3950000000001,621.0096214829858,587.9920081694926,68.98730987460993,33.01761331349326,31.036739636213156,25.10807007534381,600.3950000000001,32.49269513047743,665.380390260955,535.4096097390452,126272.0
CLI,2024-08-12,665.0,706.8,663.1,694.0,6.44 %,185903.0,126711393.2,0.0644171779141105,0.062427398580151616,649.0,607.195,632.2389104856034,595.8444520087894,75.02384271749575,36.39445847681395,32.10828340433332,27.22892221281925,607.195,37.06288361832241,681.3207672366449,533.0692327633552,312175.0
CLI,2024-08-13,700.0,714.0,680.0,692.0,-0.29 %,166143.0,114621771.6,-0.0028818443804035088,-0.0028860048891349867,663.4,614.565,641.432924257049,602.9670851933236,74.28236308146587,38.46583906372541,33.37979453621174,27.7125706261893,614.565,38.58477031161455,691.7345406232291,537.395459376771,146032.0
CLI,2024-08-14,700.0,705.0,679.0,694.0,0.29 %,130824.0,90629402.6,0.0028901734104045396,0.0028860048891348514,673.8,620.9150000000001,649.5201666790415,609.7102640678921,74.5532061201697,39.80990261114937,34.665816151199266,27.590244152890065,620.9150000000001,40.73531088173543,702.3856217634709,539.4443782365292,276856.0
CLI,2024-08-15,694.0,715.0,693.1,700.0,0.86 %,167361.0,118040390.1,0.008645533141210304,0.008608374536600101,686.4,627.4150000000001,657.2862948822659,616.3983926554557,75.39053249675338,40.88790222681018,35.91023336632145,27.183798141969348,627.4150000000001,42.516278925657005,712.4475578513141,542.3824421486861,444217.0
CLI,2024-08-18,700.0,731.0,700.0,714.0,2.00 %,217985.0,156457209.7,0.020000000000000018,0.01980262729617973,698.8,634.2650000000001,666.0114802849941,623.6281413476443,77.26995117014522,42.38333893734989,37.20485448052714,27.456383988971538,634.2650000000001,44.93380247946101,724.1326049589221,544.3973950410781,662202.0
CLI,2024-08-21,714.0,723.0,704.0,705.0,-1.26 %,151468.0,107730208.1,-0.012605042016806678,-0.012685159527315687,701.0,640.5150000000001,672.0097140873028,629.6556864330039,73.38973604716207,42.354027654298875,38.23468911528149,26.852356561187857,640.5150000000001,45.67585190632445,731.866703812649,549.1632961873512,510734.0
CLI,2024-08-22,696.1,710.0,696.1,700.0,-0.71 %,103954.0,73162613.9,-0.007092198581560294,-0.0071174677688639896,702.6,646.815,676.3159119200254,634.8663763268554,71.24912922380678,41.449535593170026,38.8776584108592,25.927188235388723,646.815,44.69770128317635,736.2104025663527,557.4195974336474,406780.0
CLI,2024-08-25,714.0,719.0,683.0,683.1,-2.41 %,101530.0,70334520.7,-0.024142857142857133,-0.024439073305601036,700.42,651.02,677.3596177784831,638.439237339681,64.41063415159613,38.92038043880211,38.886202816447785,26.646674790003814,651.02,43.91168888863987,738.8433777772798,563.1966222227202,305250.0
CLI,2024-08-27,672.0,691.0,654.3,658.0,-3.67 %,151446.0,101445279.3,-0.036744254135558485,-0.037436330412486424,692.0200000000001,654.42,674.3812150433318,639.8881827219268,55.8385434314487,34.49303232140505,38.00756871743924,27.364769447860688,654.42,41.50495975435459,737.4299195087092,571.4100804912907,153804.0
CLI,2024-08-28,656.0,678.0,647.8,657.8,-0.03 %,90753.0,60340644.2,-0.0003039513677812744,-0.00030399757036072444,680.78,657.76,671.8302588828193,641.214984001784,55.774847962640095,30.615274881035248,36.52910995015844,27.56728591587064,657.76,38.72765094049069,735.2153018809813,580.3046981190187,63051.0
CLI,2024-08-29,660.0,662.0,637.0,645.0,-1.95 %,79284.0,51274985.9,-0.019458802067497616,-0.019650616959184002,668.78,659.76,667.702526747001,641.4953555572075,51.70939822380248,26.207171189793485,34.464722198085454,27.38390835045131,659.76,36.846758052065276,733.4535161041306,586.0664838958694,-16233.0
CLI,2024-09-01,645.0,657.0,638.0,642.0,-0.47 %,75753.0,48949245.5,-0.0046511627906976605,-0.004662013105811301,657.18,662.1600000000001,663.748291862847,641.532736627044,50.775244830144054,22.215555235803095,32.014888805628985,26.785057753990504,662.1600000000001,33.77310359318283,729.7062071863658,594.6137928136344,-91986.0
CLI,2024-09-02,639.2,672.0,639.2,672.0,4.67 %,74598.0,49268424.4,0.04672897196261672,0.045670036833188266,654.9599999999999,665.86,665.017785422409,643.7895709509667,58.792252069014914,21.228214471442357,29.85755393879166,27.21469648584832,665.86,30.24317930934036,726.3463586186807,605.3736413813193,-17388.0
CLI,2024-09-03,675.0,693.8,665.6,688.0,2.38 %,93094.0,63656872.5,0.023809523809523725,0.023530497410194036,660.9599999999999,669.61,668.5535107420384,647.0644175471913,62.317219159956466,21.4890931948471,28.18386179000275,27.285075308287723,669.61,27.903119991557045,725.4162399831141,613.8037600168859,75706.0
CLI,2024-09-04,685.0,698.0,660.2,662.0,-3.78 %,89586.0,60414214.0,-0.03779069767441856,-0.0385232819963354,661.8,670.96,667.5452783201863,648.17075698814,54.20314908474541,19.374521332046243,26.421993698411452,28.03614135769574,670.96,26.77067130471958,724.5013426094392,617.4186573905608,-13880.0
CLI,2024-09-05,663.0,670.0,651.0,662.0,0.00 %,42260.0,27833427.7,0.0,0.0,665.2,670.995,666.6921585786191,649.195145359389,54.20314908445309,17.497013219230098,24.636997602575185,27.390702689288904,670.995,26.757831613037183,724.5106632260744,617.4793367739256,-13880.0
CLI,2024-09-08,652.0,675.2,652.0,659.0,-0.45 %,54819.0,36573103.9,-0.004531722054380682,-0.004542021434501009,668.6,672.9449999999999,665.5087495665239,649.9214308883231,53.27488723530024,15.587318678200745,22.8270618177003,27.09136678291113,672.9449999999999,24.138841270757197,721.2226825415144,624.6673174584855,-68699.0
CLI,2024-09-09,660.0,669.0,649.0,657.0,-0.30 %,81463.0,53531893.8,-0.003034901365705611,-0.003039516017896704,665.6,673.6949999999999,664.199711171674,650.4457693410399,52.62781208406225,13.753941830634176,21.012437820287076,26.584840584131765,673.6949999999999,23.346801313649408,720.3886026272987,627.0013973727011,-150162.0
CLI,2024-09-10,665.0,670.0,646.8,648.0,-1.37 %,27901.0,18246962.3,-0.013698630136986356,-0.013793322132335873,657.6,674.245,661.7074479144934,650.2646012417035,49.70227474095205,11.44284667278987,19.098519590787635,26.34306625669379,674.245,22.552919638277455,719.3508392765549,629.1391607234451,-178063.0
CLI,2024-09-11,650.0,656.0,637.0,639.0,-1.39 %,53964.0,34792415.5,-0.01388888888888884,-0.01398624197473984,653.0,673.595,658.2139943891867,649.4301863349107,46.89489853540321,8.78380805427605,17.03557728348532,25.818561524072805,673.595,23.399245939268862,720.3934918785377,626.7965081214624,-232027.0
CLI,2024-09-12,631.0,659.0,631.0,657.0,2.82 %,43405.0,28109439.9,0.028169014084507005,0.02777956410707567,652.0,671.745,658.0272260216195,649.9909132730654,52.65479916569156,8.03631274855411,15.235724376499078,25.974378558067606,671.745,23.162525882624116,718.0700517652482,625.4199482347518,-188622.0
CLI,2024-09-15,657.0,667.0,639.1,645.0,-1.83 %,67000.0,43868812.6,-0.0182648401826484,-0.01843370168883802,649.2,669.395,656.0230374029089,649.6212159935792,48.85077204773106,6.401821409329727,13.46894378306521,26.11192294677706,669.395,23.382550286374038,716.1601005727481,622.6298994272519,-255622.0
CLI,2024-09-16,641.1,649.0,635.0,638.0,-1.09 %,36889.0,23600847.4,-0.010852713178294615,-0.01091203345098265,645.4,666.595,653.250262417846,648.76038517924,46.729958372393135,4.489877238606027,11.673130474173373,25.246785593435842,666.595,23.632681986918243,713.8603639738365,619.3296360261636,-292511.0
CLI,2024-09-18,640.0,640.0,625.5,633.0,-0.78 %,38148.0,24141715.0,-0.00783699059561127,-0.007867861200613679,642.4,663.245,650.134837430485,647.592949240037,45.21982061483404,2.5418881904480486,9.846882017428308,24.479158051047566,663.245,23.395736791135096,710.0364735822702,616.4535264177298,-330659.0
CLI,2024-09-22,645.0,658.0,628.2,635.0,0.32 %,52307.0,33086012.9,0.003159557661927437,0.003154576748515567,641.6,659.295,647.8064009027181,646.6601381852195,45.971937331469015,1.1462627174986437,8.106758157442377,24.859218190258453,659.295,20.91273787104953,701.120475742099,617.469524257901,-278352.0
CLI,2024-09-23,627.5,635.0,610.0,611.0,-3.78 %,40233.0,24936554.2,-0.03779527559055118,-0.03852803972109632,632.4,654.595,642.1438776869153,644.0186464677957,39.04429704405498,-1.8747687808804585,6.11045276977781,24.869274033811422,654.595,20.661647027640516,695.9182940552811,613.271705944719,-318585.0
CLI,2024-09-24,610.0,615.0,600.0,600.0,-1.80 %,51460.0,31162731.0,-0.018003273322422242,-0.018167303955448938,623.4,649.595,635.6602041966206,640.7580059886998,36.341221572815556,-5.097801792079167,3.8688018574064147,24.16432588853918,649.595,21.188588661677098,691.9721773233542,607.2178226766458,-370045.0
CLI,2024-09-25,595.0,612.0,590.2,609.0,1.50 %,26971.0,16273905.9,0.014999999999999902,0.014888612493750559,617.6,645.8900000000001,631.5586343202175,638.4055611006479,40.00119292960213,-6.846926780430408,1.72565612983905,23.995445467929237,645.8900000000001,21.4978554622025,688.8857109244051,602.8942890755951,-343074.0
CLI,2024-09-26,610.0,616.0,600.0,602.0,-1.15 %,37043.0,22461301.3,-0.011494252873563204,-0.011560822401075971,611.4,643.09,627.0111521171071,635.7088528709703,38.16335929173025,-8.69770075386316,-0.35901524690139186,23.424342220220005,643.09,23.40026765479092,689.8905353095819,596.2894646904182,-380117.0
CLI,2024-09-29,600.0,605.0,590.1,599.0,-0.50 %,16156.0,9679022.8,-0.004983388704318914,-0.004995847193371666,604.2,640.15,622.7017440990907,632.9896785842317,37.37090402710111,-10.287934485141022,-2.3447990945493182,22.815460633061434,640.15,25.08779321544875,690.3255864308975,589.9744135691025,-396273.0
CLI,2024-09-30,591.1,610.0,591.1,608.0,1.50 %,18657.0,11308481.3,0.015025041736226985,0.0149132838507176,603.6,638.3,620.4399373146151,631.138591281696,41.30831438453277,-10.698653967080872,-4.015570069055629,22.535784873557045,638.3,26.056820503217683,690.4136410064353,586.1863589935646,-377616.0
CLI,2024-10-01,603.0,643.0,603.0,633.0,4.11 %,49079.0,30644354.0,0.04111842105263164,0.04029554017800924,610.2,637.85,622.3722546508282,631.2764734089778,50.599084538969265,-8.904218758149682,-4.99329980687444,23.783228811160114,637.85,26.067271272210494,689.9845425444211,585.715457455579,-328537.0
CLI,2024-10-02,628.0,650.0,625.2,628.7,-0.68 %,22707.0,14341257.2,-0.0067930489731437005,-0.006816226755160724,614.1400000000001,635.685,623.3457539353162,631.0856235268313,49.15770013049447,-7.7398695915151166,-5.542613763802575,23.855855324648676,635.685,24.851459239164438,685.3879184783289,585.982081521671,-351244.0
CLI,2024-10-06,628.0,638.0,620.0,637.0,1.32 %,17817.0,11231099.4,0.01320184507714317,0.013115460183147803,621.1400000000001,633.135,625.4464071760368,631.5237254878068,52.00001744122613,-6.07731831177,-5.64955467339606,23.437579944316628,633.135,21.60546409932982,676.3459281986596,589.9240718013403,-333427.0
CLI,2024-10-07,640.0,667.9,639.0,649.0,1.88 %,47058.0,30822340.3,0.018838304552590168,0.01866306113192655,631.1400000000001,632.4849999999999,629.0700368412619,632.8182643405618,55.84354019442398,-3.748227499299901,-5.269289238576828,23.970609948294012,632.4849999999999,20.87454443247131,674.2340888649426,590.7359111350572,-286369.0
CLI,2024-10-08,650.0,660.0,639.0,644.0,-0.77 %,18960.0,12225708.3,-0.007704160246533087,-0.007733990599736339,638.34,631.5849999999999,631.3669542502985,633.6465410560758,53.906653608852636,-2.279586805777285,-4.67134875201692,23.758423523415868,631.5849999999999,19.90033787071169,671.3856757414233,591.7843242585766,-305329.0
CLI,2024-10-09,633.1,656.0,633.1,642.4,-0.25 %,11162.0,7195547.5,-0.00248447204968949,-0.0024875634718017465,640.22,630.755,633.0643459040987,634.2949454222924,53.269934225298755,-1.230599518193685,-3.983198905252273,23.69710755745759,630.755,19.023599609572415,668.8021992191448,592.7078007808552,-316491.0
CLI,2024-10-15,655.0,655.0,640.0,655.0,1.96 %,12512.0,8134999.0,0.019613947696139444,0.01942407300269997,645.4799999999999,630.655,636.4390619188528,635.8286531687892,57.52471551084535,0.6104087500635842,-3.0644773741891016,23.075885589067763,630.655,18.883116240372747,668.4212324807455,592.8887675192544,-303979.0
CLI,2024-10-16,655.0,667.0,649.0,662.0,1.07 %,21609.0,14304980.7,0.010687022900763399,0.01063032030175633,650.4799999999999,631.355,640.371513931337,637.7672714525826,59.71900161323189,2.6042424787543723,-1.930733403600407,22.71332233270578,631.355,19.797301118561798,670.9496022371236,591.7603977628764,-282370.0
CLI,2024-10-17,658.0,675.0,656.4,664.0,0.30 %,20748.0,13837773.6,0.0030211480362538623,0.0030165935394257273,653.4799999999999,632.605,644.0066656342082,639.7104365301691,60.34926894026233,4.296229104039071,-0.6853409020725114,22.419513594655367,632.605,21.054727560138133,674.7144551202763,590.4955448797238,-261622.0
CLI,2024-10-20,650.8,664.9,638.2,648.0,-2.41 %,35926.0,23415509.7,-0.02409638554216864,-0.024391453124159124,654.28,632.155,644.621024767407,640.3244782686751,53.180397131257884,4.296546498731914,0.3110365780883737,22.72526262360855,632.155,20.597099310341278,673.3491986206825,590.9608013793174,-297548.0
CLI,2024-10-21,641.9,649.0,627.3,639.8,-1.27 %,64880.0,41129900.1,-0.0126543209876544,-0.012735068836857143,653.76,631.895,643.8793286493443,640.285628026551,49.90827211251512,3.5937006227933352,0.967569387029366,22.652029579065086,631.895,20.458776909474327,672.8125538189487,590.9774461810513,-362428.0
CLI,2024-10-22,634.0,647.8,627.4,638.9,-0.14 %,43431.0,27555551.6,-0.0014066895904969456,-0.0014076799071199577,650.5400000000001,631.9399999999999,643.1132780879067,640.1829889134732,49.54792823040037,2.930289174433483,1.3601133445101894,22.491170323417577,631.9399999999999,20.47389608874414,672.8877921774882,590.9922078225117,-405859.0
CLI,2024-10-23,631.0,644.0,629.0,634.0,-0.77 %,26048.0,16498083.6,-0.007669431835968021,-0.007698993171071615,644.9399999999999,631.99,641.7112353051518,639.7249897346974,47.53558651949443,1.9862455704544573,1.4853397896990432,21.95608672888775,631.99,20.47784168314769,672.9456833662954,591.0343166337046,-431907.0
CLI,2024-10-24,625.0,630.0,622.1,625.0,-1.42 %,11460.0,7159414.0,-0.014195583596214534,-0.014297304700824449,637.14,631.49,639.1402760274362,638.6342497543494,44.00076440476788,0.5060262730868317,1.289477086376601,21.237794819681483,631.49,20.522513952911062,672.5350279058222,590.4449720941778,-443367.0
CLI,2024-10-27,625.0,632.0,620.0,628.0,0.48 %,15050.0,9410309.6,0.0047999999999999154,0.004788516731797094,633.14,632.3399999999999,637.4263874078307,637.8465275503235,45.45673716342472,-0.42014014249275533,0.9475536406027298,20.577952332561377,632.3399999999999,19.973914567704448,672.2878291354089,592.392170864591,-428317.0
CLI,2024-10-28,625.0,645.0,625.0,644.8,2.68 %,23629.0,15088957.9,0.026751592356687892,0.026400024724219852,634.14,634.58,638.5607893450875,638.3615995836328,52.84984418896301,0.19918976145470424,0.7978808647731248,20.536670023092707,634.58,18.622583912524313,671.8251678250487,597.3348321749514,-404688.0
CLI,2024-10-29,640.0,660.0,640.0,657.0,1.89 %,32412.0,21163915.6,0.018920595533498785,0.018743827292192,637.76,636.98,641.3975909843049,639.742221836697,57.368899482827615,1.6553691476078711,0.9693785213400742,20.498336450014655,636.98,18.24155464288986,673.4631092857798,600.4968907142203,-372276.0
CLI,2024-10-30,648.0,662.9,648.0,654.9,-0.32 %,29320.0,19233789.1,-0.0031963470319634757,-0.003201466260602615,641.9399999999999,639.625,643.4748846790271,640.8650202191639,56.36743184644397,2.6098644598632745,1.2974757090447144,20.098455275013606,639.625,16.670076405598298,672.9651528111966,606.2848471888034,-401596.0
CLI,2024-11-05,656.1,670.0,656.1,664.0,1.39 %,33983.0,22530099.8,0.013895251183386748,0.01379959725242592,649.74,642.875,646.6325947284076,642.5787224251518,59.6541751012308,4.053872303255844,1.8487550278869405,19.74142275536978,642.875,14.53206527141607,671.9391305428321,613.8108694571679,-367613.0
CLI,2024-11-06,655.0,681.3,655.0,681.3,2.61 %,60673.0,40788603.5,0.02605421686746978,0.02572058830318853,660.4,646.54,651.9660416932679,645.4469652084739,65.0449836500024,6.519076484794027,2.782819319268358,20.20989255855765,646.54,14.516792454187728,675.5735849083754,617.5064150916245,-306940.0
CLI,2024-11-10,682.2,692.9,668.6,690.0,1.28 %,47017.0,32336828.4,0.01276970497578156,0.012688859811682556,669.4399999999999,649.39,657.8174198943036,648.7471900078461,67.40372902348508,9.070229886457469,4.040301432706181,20.50204309008925,649.39,17.086464325832985,683.562928651666,615.217071348334,-259923.0
CLI,2024-11-11,690.0,700.5,682.5,690.0,0.00 %,69091.0,47897851.7,0.0,0.0,676.04,652.455,662.7685860644108,651.8029537109686,67.40372902292206,10.965632353442174,5.4253676168533795,20.323325726511445,652.455,18.609858027119497,689.6747160542391,615.235283945761,-259923.0
CLI,2024-11-12,690.0,697.8,680.0,684.0,-0.87 %,32733.0,22452566.9,-0.008695652173912993,-0.008733679968754553,681.86,654.8050000000001,666.0349574391169,654.1879201027486,63.95207274541349,11.847037336368203,6.7097015607563435,20.14308817461777,654.8050000000001,19.501672667804083,693.8083453356082,615.8016546643919,-292656.0
CLI,2024-11-13,677.0,697.6,671.0,675.0,-1.32 %,36812.0,24925979.4,-0.013157894736842146,-0.01324522675002068,684.0600000000001,656.105,667.4141947561758,655.7295556506932,59.06602917568199,11.684639105482574,7.70468906970159,20.604296162145076,656.105,19.955647531992664,696.0162950639854,616.1937049360147,-329468.0
CLI,2024-11-14,670.2,685.0,670.2,676.2,0.18 %,39878.0,27113299.5,0.001777777777777878,0.0017761994012558946,683.04,657.715,668.7658571013795,657.245884861753,59.51022198676522,11.519972239626554,8.467745703686584,20.18970357913471,657.715,20.2247444847582,698.1644889695165,617.2655110304836,-289590.0
CLI,2024-11-17,689.7,695.0,679.1,694.0,2.63 %,95387.0,65567354.0,0.02632357290742382,0.025983070233018865,683.8399999999999,660.295,672.6480329319365,659.9684119090306,65.49200689332048,12.679621022905962,9.31012076753046,20.090439037767943,660.295,21.423903890159956,703.1428077803199,617.44719221968,-194203.0
CLI,2024-11-19,695.0,699.0,680.0,681.0,-1.87 %,77316.0,52999841.9,-0.018731988472622474,-0.01890965435729213,682.04,661.595,673.9329509424078,661.5263073231765,58.674257508976055,12.406643619231318,9.929425337870633,20.012550535070233,661.595,21.869889779041937,705.3347795580839,617.8552204419161,-271519.0
CLI,2024-11-20,680.0,684.0,668.0,680.0,-0.15 %,52634.0,35622646.1,-0.001468428781204123,-0.0014695079793599947,681.24,662.495,674.8663431051143,662.8947290029412,58.1725940184381,11.971614102173135,10.337863090731133,19.725939782565217,662.495,22.254425343479348,707.0038506869587,617.9861493130413,-324153.0
CLI,2024-11-21,680.0,685.0,670.0,671.0,-1.32 %,34403.0,23199910.4,-0.013235294117647012,-0.013323661198470543,680.4399999999999,662.845,674.2715210889429,663.4951194471678,53.7208047769684,10.776401641775124,10.425570800939932,19.38837265523913,662.845,22.334242649727724,707.5134852994555,618.1765147005445,-358556.0
CLI,2024-11-24,670.0,682.9,667.0,680.0,1.34 %,48309.0,32525709.3,0.013412816691505292,0.013323661198470664,681.2,664.4449999999999,675.1528255367979,664.717703191822,57.244458777556495,10.435122344975866,10.427481109747118,19.139203179864904,664.4449999999999,22.360996941339657,709.1669938826792,619.7230061173207,-310247.0
CLI,2024-11-25,671.0,680.0,668.0,675.0,-0.74 %,14435.0,9752588.8,-0.007352941176470562,-0.007380107297622534,677.4,666.205,675.129313915752,665.4793548072427,54.75039863009178,9.649959108509393,10.271976709499574,18.62926009558884,666.205,21.694468734778603,709.5939374695572,622.8160625304429,-324682.0
CLI,2024-11-26,679.0,691.0,673.4,682.3,1.08 %,50862.0,34638710.2,0.010814814814814833,0.010756752948848137,677.6600000000001,668.375,676.2324963902518,666.7253285252247,57.6514133275609,9.5071678650271,10.11901494060508,18.555741517332496,668.375,20.97825628697919,710.3315125739584,626.4184874260416,-273820.0
CLI,2024-11-27,685.0,710.0,685.0,710.0,4.06 %,120670.0,84498692.8,0.04059797742928328,0.03979552621398314,683.6600000000001,672.175,681.4274969455977,669.9308597455785,66.44288177583077,11.496637200019222,10.394539392487909,19.208902837523034,672.175,21.304629469722865,714.7842589394456,629.5657410605543,-153150.0
CLI,2024-11-28,724.0,724.0,700.0,702.0,-1.13 %,71889.0,50761178.2,-0.011267605633802802,-0.01133156600954997,689.86,676.025,684.5924974155057,672.3063516162764,62.41299864845872,12.286145799229303,10.772860673836188,19.551124063414246,676.025,19.182581874411532,714.390163748823,637.6598362511769,-225039.0
CLI,2024-12-01,691.0,700.0,688.0,693.9,-1.15 %,46311.0,32135437.5,-0.011538461538461608,-0.011605546120308003,692.64,679.3199999999999,686.0244208900433,673.9058811261818,58.5414294284327,12.118539763861463,11.041996491841244,19.1546152017418,679.3199999999999,15.873566242758448,711.0671324855168,647.572867514483,-271350.0
CLI,2024-12-02,687.0,714.0,687.0,709.0,2.18 %,97219.0,68596901.6,0.02176106067156658,0.02152766862662438,699.4399999999999,682.53,689.5591253684981,676.5054454872054,63.132672144329,13.053679881292737,11.444333169731543,19.714999830188816,682.53,14.992317330801558,712.514634661603,652.5453653383969,-174131.0
CLI,2024-12-03,712.0,712.0,700.0,703.0,-0.85 %,38542.0,27148730.0,-0.008462623413258097,-0.008498634721462582,703.5799999999999,684.8299999999999,691.6269522348831,678.4680050807457,60.276257856268174,13.158947154137422,11.78725596661272,19.16392841374676,684.8299999999999,14.385778796402825,713.6015575928055,656.0584424071943,-212673.0
CLI,2024-12-04,693.1,725.0,693.1,720.0,2.42 %,125254.0,89671519.8,0.024182076813655806,0.023894320199436134,705.5799999999999,688.0849999999999,695.9920365064395,681.5444491488387,65.09503250952882,14.44758735760081,12.31932224481034,20.073647812764847,688.0849999999999,14.620255415728563,717.325510831457,658.8444891685429,-87419.0
CLI,2024-12-05,720.0,725.0,705.0,706.2,-1.92 %,79482.0,56829621.4,-0.019166666666666554,-0.019352728515814845,706.42,690.1949999999999,697.5624924285257,683.3707862489247,58.85372907399399,14.191706179601056,12.693799031768485,20.068387254710213,690.1949999999999,13.993061250419222,718.1811225008383,662.2088774991615,-166901.0
CLI,2024-12-08,698.0,708.4,690.0,693.0,-1.87 %,53708.0,37322137.4,-0.018691588785046842,-0.018868484304382916,706.24,690.78,696.8605705164449,684.0840613415969,53.56348396169865,12.776509174848002,12.71034106038439,19.949216736516625,690.78,13.845409651618915,718.4708193032378,663.0891806967621,-220609.0
CLI,2024-12-09,693.0,720.0,690.0,695.0,0.29 %,36683.0,25514981.7,0.0028860028860029363,0.00288184637488895,703.44,691.03,696.5743288985303,684.8926493903675,54.23472520151939,11.681679508162802,12.504608749940074,20.66712982676544,691.03,13.875692491020146,718.7813849820402,663.2786150179597,-183926.0
CLI,2024-12-10,690.0,700.0,688.0,689.0,-0.86 %,25046.0,17331965.1,-0.008633093525179825,-0.00867057455113353,700.6400000000001,690.98,695.4090475295257,685.1968975836737,51.81492337191059,10.212149945851934,12.046116989122446,20.048049124853623,690.98,13.881399899073019,718.742799798146,663.217200201854,-208972.0
CLI,2024-12-11,698.0,700.0,686.0,696.0,1.02 %,28379.0,19646647.4,0.010159651669085612,0.010108389320761057,695.84,691.58,695.499963294214,685.9971273922905,54.37267760944275,9.502835901923504,11.537460771682658,19.61604561593551,691.58,13.823039501235671,719.2260790024714,663.9339209975287,-180593.0
CLI,2024-12-12,691.0,700.0,687.0,687.0,-1.29 %,39431.0,27359763.8,-0.012931034482758674,-0.013015368112070361,692.0,692.1800000000001,694.1922766335657,686.0714142521209,50.65000451689989,8.120862381444795,10.854141093635086,19.143470929082973,692.1800000000001,13.316653602087326,718.8133072041747,665.5466927958254,-220024.0
CLI,2024-12-16,673.3,688.0,673.3,679.0,-1.16 %,42431.0,28821698.7,-0.011644832605531286,-0.011713164663653203,689.2,692.3199999999999,691.8550033053248,685.5476057890008,47.53458829229398,6.307397516323931,9.944792378172854,18.826080148434194,692.3199999999999,13.153530644703096,718.6270612894061,666.0129387105937,-262455.0
CLI,2024-12-17,671.1,685.0,671.1,679.0,0.00 %,32029.0,21774019.3,0.0,0.0,686.0,691.5699999999999,689.877310489121,685.0625979527786,47.53458829190039,4.814712536342427,8.91877640980677,18.474217280688894,691.5699999999999,13.476376992433666,718.5227539848672,664.6172460151327,-262455.0
CLI,2024-12-18,675.0,687.0,675.0,685.0,0.88 %,30491.0,20754912.5,0.008836524300441795,0.008797710703529131,685.2,691.77,689.1269550292562,685.0579610673876,50.19902299666246,4.068993961868614,7.9488199202191385,18.011773189211116,691.77,13.340247768553857,718.4504955371077,665.0895044628923,-231964.0
CLI,2024-12-19,672.2,681.9,667.0,672.0,-1.90 %,45840.0,30920511.6,-0.01897810218978102,-0.019160497739075744,680.4,691.37,686.4920388709091,684.0907046920256,44.88076903873147,2.4013341788835305,6.839322771952017,18.010932247124607,691.37,13.82294431276398,719.015888625528,663.724111374472,-277804.0
CLI,2024-12-22,685.4,695.0,663.1,669.8,-0.33 %,31787.0,21415042.0,-0.003273809523809623,-0.003279180163045431,676.9599999999999,691.31,683.9240328907692,683.0321339740979,44.03062470117392,0.89189891667138,5.64983800089589,19.003008515187133,691.31,13.918291637458708,719.1465832749174,663.4734167250825,-309591.0
CLI,2024-12-23,665.0,678.0,665.0,671.0,0.18 %,16053.0,10764582.9,0.0017915795759928521,0.0017899766115775989,675.3599999999999,690.8599999999999,681.9357201383433,682.1408647908313,44.64653916622772,-0.20514465248800207,4.478841470219112,18.574222192673766,690.8599999999999,14.43896045245147,719.7379209049028,661.982079095097,-293538.0
CLI,2024-12-24,671.0,684.0,668.0,674.8,0.57 %,20481.0,13837946.9,0.005663189269746516,0.005647213700131312,674.52,690.85,680.8379170401366,681.5970970285475,46.648713433230576,-0.7591799884108923,3.4312371784931113,18.390349178911354,690.85,14.450587312780742,719.7511746255615,661.9488253744386,-273057.0
CLI,2024-12-26,670.0,682.0,670.0,677.9,0.46 %,22825.0,15405862.3,0.004593953764078229,0.004583433765106677,673.1,690.63,680.3859298031924,681.3232379893958,48.29186912668378,-0.9373081862033814,2.5575281055538133,17.933895666131974,690.63,14.620105118784181,719.8702102375684,661.3897897624316,-250232.0
CLI,2024-12-29,667.2,685.0,667.2,674.0,-0.58 %,26218.0,17758156.7,-0.005753060923439968,-0.005769673524612827,673.5,688.83,679.4034790642398,680.7807759161071,46.357491146045724,-1.3772968518672997,1.7705631140695908,17.924331689979688,688.83,14.322896649111835,717.4757932982237,660.1842067017764,-276450.0
CLI,2024-12-31,670.0,680.0,668.0,677.2,0.47 %,46082.0,30984164.9,0.004747774480712286,0.0047365393466733356,674.98,687.5899999999999,679.064482285126,680.5155332556548,48.19124294360798,-1.4510509705287404,1.1262402971499248,17.501165140695427,687.5899999999999,14.195659084459237,715.9813181689184,659.1986818310814,-230368.0
CLI,2025-01-01,670.0,680.0,670.0,675.1,-0.31 %,16925.0,11442410.8,-0.0031010041346721806,-0.0031058222111554545,675.8,686.65,678.4545619335681,680.1143826441248,47.05443772311933,-1.6598207105566871,0.5690280956086025,16.965367630645755,686.65,14.377119980978529,715.404239961957,657.8957600380429,-247293.0
CLI,2025-01-02,671.5,684.9,671.5,680.5,0.80 %,29323.0,19963964.5,0.007998814990371805,0.007966994043695974,676.9399999999999,685.225,678.7692447130192,680.1429468927081,50.30100696084172,-1.3737021796888484,0.18048204054911227,16.710698514171057,685.225,13.426245899262021,712.0774917985241,658.372508201476,-217970.0
CLI,2025-01-05,671.8,690.0,671.8,685.0,0.66 %,34787.0,23820125.5,0.006612784717119791,0.006591016170704553,678.36,684.325,679.7278224494778,680.5027286043594,52.893283759139656,-0.7749061548815916,-0.010595598537028517,16.81707719173027,684.325,12.758727663016716,709.8424553260335,658.8075446739666,-183183.0
CLI,2025-01-06,675.1,700.0,675.1,699.0,2.04 %,49609.0,34387283.3,0.020437956204379493,0.0202319039715849,683.36,683.275,682.6927728418658,681.8728968558883,59.90087669675965,0.8198759859775464,0.15549871836588647,17.394428820892394,683.275,10.294396789673355,703.8637935793466,662.6862064206533,-133574.0
CLI,2025-01-07,690.0,700.0,685.4,700.0,0.14 %,36657.0,25380487.7,0.0014306151645206988,0.0014295928095943715,687.92,682.9649999999999,685.3554231738865,683.2156452369336,60.354542574567176,2.139777936952896,0.5523545620832885,17.194826762257225,682.9649999999999,9.640281443810037,702.2455628876199,663.6844371123799,-96917.0
CLI,2025-01-08,698.0,704.0,690.3,704.0,0.57 %,52431.0,36610345.7,0.005714285714285783,0.005698021114637796,693.7,683.515,688.2238196086732,684.7552270712348,62.196897730274735,3.4685925374384396,1.1356021571543187,16.945196279238857,683.515,10.516867404321472,704.548734808643,662.481265191357,-44486.0
CLI,2025-01-09,690.5,699.0,688.2,695.0,-1.28 %,37046.0,25675842.5,-0.01278409090909094,-0.012866510593250299,696.6,683.515,689.2663088996466,685.5140991400323,55.902185122025266,3.7522097596142885,1.6589236776463128,16.863396545007507,683.515,10.516867404321472,704.548734808643,662.481265191357,-81532.0
CLI,2025-01-12,692.0,703.0,692.0,692.0,-0.43 %,23141.0,16081077.5,-0.004316546762589968,-0.004325889947122606,698.0,683.665,689.6868767612394,685.9945362407706,53.942433002107784,3.6923405204688606,2.0656070462108227,16.4445825060784,683.665,10.620103825445282,704.9052076508905,662.4247923491095,-104673.0
CLI,2025-01-13,693.0,695.0,685.0,695.0,0.43 %,32039.0,22022887.7,0.004335260115607031,0.004325889947122661,697.2,683.615,690.5042803364333,686.6616076303432,55.61800785608665,3.842672706090184,2.421020178186695,15.984255184215657,683.615,10.561163960975417,704.7373279219509,662.4926720780492,-72634.0
CLI,2025-01-15,695.0,700.0,686.1,695.0,0.00 %,27283.0,18867881.9,0.0,0.0,696.2,684.015,691.1959295154436,687.2792663243919,55.618007855360304,3.9166631910517253,2.7201487807597013,15.835379813914539,684.015,10.843832833753751,705.7026656675075,662.3273343324925,-72634.0
CLI,2025-01-16,686.1,695.0,686.1,688.0,-1.01 %,19396.0,13371861.4,-0.010071942446043147,-0.010123007631448452,693.0,684.4649999999999,690.7042480515291,687.3326540040665,50.63324235345102,3.3715940474626223,2.8504378341002856,15.33999554149207,684.4649999999999,10.81145956357501,706.0879191271499,662.8420808728499,-92030.0
CLI,2025-01-19,681.0,695.0,681.0,690.0,0.29 %,44877.0,30987710.7,0.0029069767441860517,0.00290275965796141,692.0,685.015,690.5959021974478,687.5302351889504,51.9580907984576,3.065667008497371,2.8934836689797025,15.244281574242638,685.015,10.798600055469052,706.6122001109381,663.4177998890618,-47153.0
CLI,2025-01-20,685.1,700.0,685.1,694.0,0.58 %,33859.0,23479137.1,0.005797101449275255,0.005780362915499329,692.4,685.4649999999999,691.1196095516866,688.0094770268059,54.58328818506494,3.110132524880669,2.936813440159896,15.219690033225307,685.4649999999999,10.983876939936145,707.4327538798722,663.4972461201277,-13294.0
CLI,2025-01-21,695.0,706.0,688.0,704.0,1.44 %,64094.0,44956950.2,0.014409221902017322,0.01430639565123793,694.2,687.0649999999999,693.1012080821963,689.1939602100055,60.40799292767966,3.907247872190851,3.130900326566087,15.418283602280642,687.0649999999999,11.246766786858302,709.5585335737165,664.5714664262833,50800.0
CLI,2025-01-22,715.0,715.0,700.8,710.5,0.92 %,60717.0,42854246.6,0.009232954545454586,0.009190591379112968,697.3,689.1,695.77794530032,690.7721853796347,63.66956421278708,5.00575992068525,3.50587224538992,15.331263344974886,689.1,11.633888791850278,712.3677775837006,665.8322224162995,111517.0
CLI,2025-01-23,710.0,744.9,703.3,736.0,3.59 %,217875.0,158880235.7,0.03589021815622795,0.035261171191720855,706.9,692.35,701.9659537156554,694.122393870032,73.04946515760356,7.843559845623304,4.373409765436597,17.20760167747668,692.35,14.924987877984558,722.1999757559691,662.5000242440309,329392.0
CLI,2025-01-26,737.0,754.0,735.0,741.0,0.68 %,188390.0,140450972.0,0.006793478260869623,0.006770506567210707,717.1,695.66,707.9711916055545,697.5948091389185,74.44279977488748,10.37638246663596,5.57400430567647,17.33563012908549,695.66,17.876841826349143,731.4136836526983,659.9063163473016,517782.0
CLI,2025-01-27,755.8,755.8,725.1,726.0,-2.02 %,132611.0,97905786.9,-0.020242914979757054,-0.020450610471290768,723.5,698.0649999999999,710.7448544354693,699.6988973508505,63.78825920101423,11.045957084618749,6.668394861464927,18.29022797700795,698.0649999999999,18.58333364802404,735.231667296048,660.8983327039518,385171.0
CLI,2025-01-28,721.6,735.0,721.0,730.0,0.55 %,83606.0,60879306.8,0.005509641873278293,0.00549451931764078,728.7,700.865,713.7071845223202,701.9434234730097,65.21788200997474,11.76376104931046,7.687468099034035,17.983783121507383,700.865,18.98113398531611,738.8272679706322,662.9027320293678,468777.0
CLI,2025-02-02,730.0,752.0,730.0,745.0,2.05 %,132505.0,98509504.2,0.020547945205479534,0.020339684237122783,735.6,704.2549999999999,718.5214638265786,705.1327995120461,70.00084517316549,13.388664314532548,8.827707342133738,18.27065575568543,704.2549999999999,20.523939167408212,745.3028783348163,663.2071216651834,601282.0
CLI,2025-02-03,748.0,755.0,735.1,738.0,-0.94 %,166834.0,124595612.8,-0.00939597315436247,-0.009440393779087073,736.0,707.4,721.5181616994126,707.5674069555981,65.47589384207498,13.950754743814514,9.852316822469895,18.387037487422184,707.4,20.640149938258485,748.680299876517,666.119700123483,434448.0
CLI,2025-02-04,728.0,755.0,728.0,749.0,1.49 %,185725.0,139477425.9,0.01490514905149043,0.014795158916746898,737.6,710.825,725.74613682258,710.6364879218502,68.88018688615477,15.10964890072978,10.903783238121873,19.002249095463455,710.825,21.602433464289582,754.0298669285792,667.6201330714209,620173.0
CLI,2025-02-05,763.9,763.9,745.0,748.0,-0.13 %,127551.0,96122264.2,-0.001335113484646211,-0.0013360055427422512,742.0,713.975,729.1698080806445,713.4041554831946,68.22159201747644,15.765652597449957,11.87615710998749,18.994945588644637,713.975,22.222839720955385,758.4206794419108,669.5293205580892,492622.0
CLI,2025-02-06,759.4,759.4,738.0,739.0,-1.20 %,82706.0,61472413.4,-0.012032085561497374,-0.012105057026275517,743.8,715.975,730.682145299007,715.3001439659209,62.43553077170458,15.38200133308601,12.577325954607195,19.166735189455736,715.975,22.60092860225719,761.1768572045144,670.7731427954857,409916.0
CLI,2025-02-09,731.1,753.6,725.0,729.0,-1.35 %,70196.0,51533415.3,-0.013531799729364025,-0.013624188939543645,740.6,717.425,730.4233537145444,716.3149481165934,56.68303333952188,14.108405597950991,12.883541883275957,19.84053981878033,717.425,22.451863713523757,762.3287274270475,672.5212725729524,339720.0
CLI,2025-02-10,729.0,735.0,719.0,721.6,-1.02 %,77500.0,56064212.5,-0.010150891632373038,-0.01020276326024417,737.32,718.3050000000001,729.0659146815376,716.7064334412902,52.805794040414355,12.359481240247419,12.77872975467025,19.566215546010305,718.3050000000001,22.24191100744892,762.788822014898,673.8211779851022,262220.0
CLI,2025-02-11,723.1,758.3,720.3,721.3,-0.04 %,42492.0,30887054.7,-0.00041574279379164025,-0.0004158292387870213,731.78,719.6200000000001,727.8711585766856,717.0466976308243,52.6485658961417,10.824460945861347,12.38787599290847,20.882914435581,719.6200000000001,21.558503023904517,762.7370060478091,676.5029939521911,219728.0
CLI,2025-02-12,722.0,740.0,721.0,733.1,1.64 %,37339.0,27349229.7,0.016359351171495895,0.016226978719913937,728.8,721.675,728.675595718734,718.2358311396521,57.951808196916225,10.439764579081952,11.998253710143167,20.748420547325214,721.675,20.730091908296984,763.1351838165939,680.214816183406,257067.0
CLI,2025-02-13,725.0,733.9,722.0,723.1,-1.36 %,54806.0,39740952.8,-0.013640703860319237,-0.013734593048634775,725.6200000000001,723.08,727.8178117620058,718.5961399441223,52.577630530711765,9.221671817883475,11.44293733169123,20.116390508230555,723.08,19.7564006949945,762.5928013899891,683.567198610011,202261.0
CLI,2025-02-16,723.1,732.0,720.0,729.0,0.82 %,57276.0,41715480.1,0.0081593140644447,0.00812620682775193,725.6200000000001,724.78,727.9996868755434,719.3667962445577,55.21639583927826,8.632890630985685,10.88092799155012,19.53664832907123,724.78,18.64453073466637,762.0690614693327,687.4909385306672,259537.0
CLI,2025-02-17,722.0,743.5,722.0,730.0,0.14 %,56014.0,40980450.7,0.00137174211248281,0.0013708021337786216,727.3,726.88,728.307427356229,720.154440967183,55.666673608213095,8.152986389046077,10.335339671049312,19.67688773413757,726.88,16.52913217705179,759.9382643541036,693.8217356458964,315551.0
CLI,2025-02-18,733.0,747.0,730.2,743.1,1.79 %,114576.0,84692495.3,0.017945205479451998,0.017786091020986695,731.6600000000001,729.5350000000001,730.583207762963,721.8541120066509,61.173991971815994,8.729095756312063,10.014090888101864,19.48568146741346,729.5350000000001,14.424039692567716,758.3830793851355,700.6869206148647,430127.0
CLI,2025-02-20,743.0,764.0,741.0,759.8,2.25 %,183321.0,138407678.1,0.022473422150450784,0.022224615590101603,737.0,732.825,735.0780988763532,724.6649185246768,66.83083649450532,10.413180351676488,10.093908780816788,19.73670421974107,732.825,13.356956594742178,759.5389131894844,706.1110868105156,613448.0
CLI,2025-02-23,774.0,774.9,737.0,742.1,-2.33 %,810672.0,614885979.7,-0.02329560410634368,-0.023571235777437236,740.8,734.73,736.1583913569143,725.9564060413674,57.301569439082755,10.201985315546949,10.115524087762822,21.034082489759566,734.73,11.635521837081395,758.0010436741628,711.4589563258372,-197224.0
CLI,2025-02-24,742.1,749.0,725.0,726.2,-2.14 %,213832.0,157042003.3,-0.021425683870098355,-0.021658545995852443,740.24,735.5150000000001,734.6263311481583,725.9744500383031,50.35551497681064,8.651881109855253,9.822795492181308,21.245933740491026,735.5150000000001,10.376251985341554,756.2675039706833,714.7624960293169,-411056.0
CLI,2025-02-25,730.0,739.9,720.0,724.9,-0.18 %,116463.0,84649118.5,-0.001790140457174405,-0.0017917446734034043,739.22,734.96,733.1299725099801,725.8948611465769,49.82372666574722,7.2351113634032345,9.305258666425694,21.149795616170238,734.96,10.64238793940426,756.2447758788086,713.6752241211915,-527519.0
CLI,2025-02-27,735.0,739.0,717.5,721.5,-0.47 %,135152.0,97528622.7,-0.004690302110635924,-0.004701336092906491,734.9,733.985,731.3407459699831,725.5693158764601,48.384535226941786,5.7714300935230085,8.598492951845158,21.17481021501522,733.985,10.948745422007644,755.8824908440153,712.0875091559848,-662671.0
CLI,2025-03-02,735.9,744.8,726.0,738.0,2.29 %,139217.0,102821142.2,0.022869022869022926,0.02261144638654699,730.5400000000001,734.585,732.3652465899858,726.4901072930186,55.15456136124455,5.875139296967177,8.053822220869561,21.326609485371275,734.585,10.816131957703767,756.2172639154076,712.9527360845925,-523454.0
CLI,2025-03-03,745.0,752.5,730.0,736.0,-0.27 %,203943.0,150718800.1,-0.0027100271002710175,-0.002713705871596273,729.32,734.885,732.9244394222957,727.194543789832,54.22612990145166,5.729895632463695,7.589036903188388,21.410423093559043,734.885,10.765357451231104,756.4157149024622,713.3542850975377,-727397.0
CLI,2025-03-04,740.0,746.0,731.0,733.0,-0.41 %,103747.0,76336286.0,-0.0040760869565217295,-0.004084416842224736,730.6800000000001,734.2850000000001,732.9360641265578,727.6245775831778,52.790636328790306,5.311486543379942,7.1335268312267,20.9525357297334,734.2850000000001,10.503146145203964,755.291292290408,713.2787077095921,-831144.0
CLI,2025-03-05,734.0,744.0,722.2,725.6,-1.01 %,140846.0,102474537.1,-0.010095497953615196,-0.01014680308572456,730.8199999999999,733.6650000000001,731.8074388763181,727.4746088733128,49.32222608593394,4.332830003005256,6.573387465582411,21.013068891895294,733.6650000000001,10.637435138036464,754.939870276073,712.3901297239272,-971990.0
CLI,2025-03-06,711.1,734.9,711.1,725.0,-0.08 %,98015.0,71135758.9,-0.0008269018743108925,-0.0008272439462520481,731.52,732.465,730.7601405876537,727.2913045123267,49.040883120880366,3.4688360753269762,5.952477187531325,21.212135399617054,732.465,10.15942782268528,752.7838556453706,712.1461443546294,-1070005.0
CLI,2025-03-09,725.0,730.0,722.5,723.7,-0.18 %,120242.0,87207226.0,-0.001793103448275768,-0.0017947129825926754,728.6600000000001,731.25,729.6739651126302,727.0252819558581,48.396734275501466,2.6486831567721083,5.291718381379482,20.232697156787264,731.25,9.643732625260172,750.5374652505203,711.9625347494797,-1190247.0
CLI,2025-03-10,725.0,727.8,719.0,721.0,-0.37 %,110594.0,79748695.3,-0.003730827691032279,-0.0037378045871330145,725.6600000000001,730.35,728.3395089414563,726.5789647739426,47.015479121154925,1.7605441675136717,4.58548353860632,19.41607593130246,730.35,9.722004341759476,749.794008683519,710.905991316481,-1300841.0
CLI,2025-03-11,734.0,734.0,710.5,725.6,0.64 %,335477.0,241746338.8,0.006380027739251171,0.006359761515977901,724.1800000000001,730.1800000000001,727.9180460273861,726.5064488647618,49.65192854774935,1.411597162624389,3.9507062634099346,19.707784793352282,730.1800000000001,9.776427073114524,749.7328541462291,710.627145853771,-965364.0
CLI,2025-03-12,582.8,590.0,560.1,562.1,-1.63 %,105955.0,59919001.1,-0.22533076074972436,-0.25531912879289753,691.48,722.205,702.4075774077883,714.328193393298,17.093948997758233,-11.920615985509698,0.7764418136260081,30.121514450969975,722.205,38.87987539237283,799.9647507847457,644.4452492152544,-1071319.0
CLI,2025-03-16,565.0,565.0,539.0,539.0,-4.11 %,70449.0,38319783.1,-0.04109589041095896,-0.04196419909903219,654.28,713.0899999999999,677.2679501142824,701.3409198086092,15.543202738013406,-24.072969694326844,-4.193440487964562,29.82712056161498,713.0899999999999,56.48606628373613,826.0621325674722,600.1178674325276,-1141768.0
CLI,2025-03-17,549.0,549.7,529.4,531.5,-1.39 %,36114.0,19374022.5,-0.013914656771799594,-0.0140123731269945,615.8399999999999,703.01,654.8421116351619,688.7601109338974,15.065331387249586,-33.91799929873548,-10.138352250118746,29.14661195007106,703.01,69.26882719559153,841.5476543911831,564.4723456088169,-1177882.0
CLI,2025-03-18,532.0,538.0,529.0,530.3,-0.23 %,33849.0,18011271.4,-0.002257761053621965,-0.002260313638918451,577.7,693.37,635.6817867682139,677.0223249387939,14.98594259158645,-41.340538170579975,-16.378789434210994,27.707568239351698,693.37,79.05087702166756,851.4717540433351,535.2682459566649,-1211731.0
CLI,2025-03-19,530.0,530.0,514.0,515.5,-2.79 %,60567.0,31528290.8,-0.02790873090703372,-0.028305580686069656,535.68,682.6949999999999,617.1922811115655,665.0577082766611,14.005664290939492,-47.865427165095525,-22.676116980387903,26.892741936540858,682.6949999999999,87.90572387207636,858.5064477441526,506.88355225584723,-1272298.0
CLI,2025-03-20,510.0,512.9,505.1,509.53,-1.16 %,52110.0,26463092.8,-0.011580989330746916,-0.011648571271534834,525.1659999999999,671.6715,600.6288532482477,653.5371372932046,13.618676271396524,-52.908284044956986,-28.72255039330172,25.714688941073653,671.6715,95.1837316526087,862.0389633052174,481.30403669478267,-1324408.0
CLI,2025-03-23,507.0,512.0,498.3,499.26,-2.02 %,42888.0,21549966.4,-0.02015582988244069,-0.020361730045086335,517.2180000000001,659.4795,585.0336450562096,642.1092011974117,12.955500285096818,-57.07555614120213,-34.3931515428818,24.856496873854105,659.4795,100.99236815746346,861.4642363149269,457.4947636850731,-1367296.0
CLI,2025-03-24,493.0,509.6,492.0,505.73,1.30 %,55400.0,27756392.0,0.012959179585787073,0.012875927895671564,512.064,646.7760000000001,572.8330842783312,632.0070381457515,15.739296851823141,-59.17395386742032,-39.34931200778951,24.338175668578817,646.7760000000001,103.65348088196244,854.0829617639249,439.4690382360752,-1311896.0
CLI,2025-03-25,505.0,505.0,492.0,494.69,-2.18 %,33405.0,16611854.0,-0.021829830146520957,-0.022071626277988816,504.942,634.4055000000001,560.811071312434,621.8354056905107,14.865662112924298,-61.024334378076674,-43.68431648184694,23.580448835108903,634.4055000000001,106.40531716408461,847.2161343281693,421.59486567183086,-1345301.0
CLI,2025-03-26,495.1,501.9,495.0,500.43,1.16 %,26613.0,13262143.6,0.011603226262912214,0.011536425075997583,501.928,623.117,551.5216757259058,612.8424126763988,17.431828074216213,-61.32073695049303,-47.21160057557616,22.41113106117255,623.117,108.11649141940396,839.3499828388078,406.88401716119205,-1318688.0
CLI,2025-03-27,490.5,511.0,490.5,509.93,1.90 %,41093.0,20848584.5,0.018983674040325305,0.01880573256202085,502.008,612.3685,545.1229563834587,605.2192709966655,21.641630960017295,-60.0963146132068,-49.788543383102294,22.274621699660226,612.3685,108.1507844716904,828.6700689433808,396.06693105661924,-1277595.0
CLI,2025-03-30,499.8,524.0,499.8,516.55,1.30 %,41571.0,21527613.3,0.012982174023885573,0.012898627899359744,505.466,602.121,540.7271169398497,598.6511768487644,24.52929437197757,-57.92405990891473,-51.415646688264786,22.412148721113066,602.121,106.9693824812547,816.0597649625093,388.1822350374906,-1236024.0
CLI,2025-04-01,516.0,521.0,509.0,509.51,-1.36 %,23266.0,11892766.0,-0.013628883941535164,-0.01372260973990579,506.2219999999999,590.6965,535.9244835644882,592.0481267118189,23.53596660751529,-56.123643147330654,-52.35724598007796,21.668423812462134,590.6965,103.84954644884812,798.3955928976962,382.9974071023038,-1259290.0
CLI,2025-04-02,503.0,514.0,503.0,506.4,-0.61 %,15210.0,7723218.6,-0.006103903750662387,-0.00612260872558216,508.56399999999996,579.2165,531.3822553237977,585.7038210294619,23.091105279341292,-54.32156570566417,-52.750109925195204,20.90639354014341,579.2165,99.54285574168742,778.3022114833748,380.13078851662516,-1274500.0
CLI,2025-04-03,500.0,510.0,500.0,502.25,-0.82 %,29805.0,15042030.0,-0.008195102685623956,-0.00822886713492258,508.928,567.679,526.9003698893673,579.522056508761,22.480485740598013,-52.6216866193937,-52.724425264034906,20.127365430133167,567.679,93.99860625506413,755.6762125101283,379.6817874898717,-1304305.0
CLI,2025-04-07,502.0,511.0,500.0,500.14,-0.42 %,27576.0,13827627.3,-0.004201095072175254,-0.004209944465536298,506.96999999999997,556.406,522.7833899063877,573.6419041747787,22.15963166890718,-50.85851426839099,-52.35124306490613,19.475410756552225,556.406,87.34682390514044,731.0996478102809,381.71235218971907,-1331881.0
CLI,2025-04-08,500.0,503.0,495.1,500.21,0.01 %,17788.0,8878798.7,0.00013996081097289448,0.00013995101737239324,503.70199999999994,545.1665,519.3105606900203,568.2025038655358,22.199303807584883,-48.89194317551551,-51.659383087028004,18.64859570251278,545.1665,78.52837625074616,702.2232525014924,388.1097474985077,-1314093.0
CLI,2025-04-09,500.0,512.0,500.0,501.07,0.17 %,15502.0,7813406.0,0.001719277903280636,0.0017178016368589002,502.01399999999995,534.0350000000001,516.5043205838633,563.229725801422,22.720415247308836,-46.72540521755866,-50.67258751313414,18.173696009476153,534.0350000000001,66.79091354053134,667.6168270810628,400.4531729189374,-1298591.0
CLI,2025-04-10,500.0,506.0,498.9,499.62,-0.29 %,17468.0,8737484.3,-0.0028938072524796743,-0.00289800240795588,500.658,522.966,513.9067328017305,558.517894260576,22.447412109631045,-44.61116145884546,-49.4603023022764,17.382717723085,522.966,50.5431146229557,624.0522292459113,421.8797707540886,-1316059.0
CLI,2025-04-13,498.0,505.0,495.0,497.46,-0.43 %,21837.0,10890655.5,-0.004323285697129919,-0.004332658119600718,499.7,511.559,511.37646621684894,553.9950872783111,22.022894025852978,-42.618621061462136,-48.091966054113556,16.855380742864646,511.559,17.052777795012137,545.6645555900243,477.45344440997576,-1337896.0
CLI,2025-04-15,497.0,504.0,497.0,498.7,0.25 %,24069.0,12023761.5,0.0024926627266514956,0.0024895611958946316,499.412,508.38899999999995,509.42624064502604,549.899154887325,22.92405297938869,-40.472914242299,-46.56815569175065,16.151424975517173,508.38899999999995,12.429020751525137,533.2470415030502,483.53095849694967,-1313827.0
CLI,2025-04-16,495.1,500.1,495.1,497.45,-0.25 %,23248.0,11592545.4,-0.002506516944054571,-0.0025096635167081694,498.85999999999996,506.31149999999997,507.58374208425283,546.0140323030788,22.640010093151844,-38.430290218825974,-44.940582597165715,15.35489462012309,506.31149999999997,10.340108049407297,526.9917160988145,485.6312839011854,-1337075.0
CLI,2025-04-17,497.0,509.0,497.0,503.61,1.24 %,41429.0,20873402.0,0.0123831540858379,0.01230710996706371,499.36800000000005,504.91700000000003,506.97239714821393,542.8729928732212,27.413167339588256,-35.900595725007236,-43.13258522273402,15.115259290114299,504.91700000000003,8.477163813181871,521.8713276263637,487.9626723736363,-1295646.0
CLI,2025-04-20,502.0,509.0,499.0,499.57,-0.80 %,21021.0,10543190.9,-0.008022080578225288,-0.00805443059239615,499.358,503.38050000000004,505.8335668177195,539.6653637715011,26.268422569732977,-33.831796953781634,-41.27242756894355,14.749883626534706,503.38050000000004,6.080429758854187,515.5413595177084,491.21964048229165,-1316667.0
CLI,2025-04-21,498.1,502.0,498.1,499.02,-0.11 %,14446.0,7207562.5,-0.0011009468142603174,-0.0011015533013851414,499.66999999999996,502.5565,504.7853257688396,536.6545960847233,26.10857771064066,-31.869270315883682,-39.39179611833158,13.974891938925083,502.5565,5.433875494935758,513.4242509898716,491.6887490101285,-1331113.0
CLI,2025-04-22,500.0,500.0,490.0,492.06,-1.39 %,39650.0,19575009.0,-0.01394733678008897,-0.014045514832276297,498.342,501.683,502.8275833428643,533.35129267104,24.109268590264634,-30.523709328175755,-37.61817876030041,13.69097108614472,501.683,5.653596060984326,512.9901921219687,490.37580787803137,-1370763.0
CLI,2025-04-23,492.0,494.0,486.0,488.04,-0.82 %,25036.0,12256303.3,-0.008169735398122158,-0.008203290569241342,496.46000000000004,501.12199999999996,500.5525705208852,529.9949006213334,23.013109634105234,-29.442330100448203,-35.983009028329974,13.284473151420096,501.12199999999996,6.4124300344793,513.9468600689586,488.29713993104133,-1395799.0
CLI,2025-04-24,489.1,489.1,479.0,481.0,-1.44 %,33858.0,16302991.5,-0.014425047127284651,-0.014530099601372299,491.938,499.8855,497.5444827484413,526.3656487234568,21.195639376308932,-28.82116597501556,-34.5506404176671,13.05701078346152,499.8855,7.726742675160247,515.3389853503205,484.4320146496795,-1429657.0
CLI,2025-04-27,477.0,488.0,477.0,477.17,-0.80 %,31704.0,15214081.2,-0.007962577962577932,-0.007994448580743527,487.45799999999997,499.00949999999995,494.4099469409888,522.7215265957933,20.258281555775895,-28.311579654804518,-33.30282826509458,12.910081441785698,499.00949999999995,9.19954717133482,517.4085943426696,480.6104056573303,-1461361.0
CLI,2025-04-28,477.3,486.7,476.0,479.31,0.45 %,21649.0,10382770.1,0.004484774818198867,0.004474748182572159,483.51599999999996,497.95349999999996,492.08687818083666,519.5058579590678,22.325271259002463,-27.418979778231176,-32.126058567721905,12.752218481658149,497.95349999999996,10.187069861748215,518.3276397234964,477.5793602765035,-1439712.0
CLI,2025-04-29,479.31,485.0,475.0,475.89,-0.71 %,19390.0,9291775.05,-0.007135256931839584,-0.00716083461911639,480.282,496.25149999999996,489.59505076840026,516.2750536658035,21.3718352365467,-26.680002897403256,-31.036847433658178,12.555631447253996,496.25149999999996,10.899485393440365,518.0504707868807,474.45252921311925,-1459102.0
CLI,2025-04-30,473.0,478.0,470.6,471.0,-1.03 %,18434.0,8703559.4,-0.010275483830296861,-0.01032864107205575,476.87399999999997,493.974,486.7342737271079,512.9213459868552,20.053139439571368,-26.187072259747254,-30.066892398875996,12.187372058164422,493.974,11.189858848633529,516.353717697267,471.59428230273295,-1477536.0
CLI,2025-05-04,470.0,479.0,470.0,470.67,-0.07 %,15762.0,7436994.0,-0.0007006369426750814,-0.0007008825034437988,474.808,492.032,484.2628469998605,509.79161665449556,19.96361702242801,-25.528769654635028,-29.159267850027803,11.959702625438393,492.032,11.709932176518118,515.4518643530362,468.61213564696374,-1493298.0
CLI,2025-05-05,470.0,475.0,470.0,471.15,0.10 %,14830.0,6988346.2,0.0010198228057873848,0.0010193031397912624,473.604,490.2695,482.2454859229589,506.92927468008844,20.519421987729046,-24.68378875712955,-28.264172031448155,11.46258100933565,490.2695,12.080471616347934,514.4304432326959,466.10855676730415,-1478468.0
CLI,2025-05-06,470.7,473.5,469.0,469.5,-0.35 %,23012.0,10830208.4,-0.003502069404648145,-0.0035082160044475888,471.642,488.63199999999995,480.28464193481136,504.1567358148967,20.005136951576503,-23.872093880085345,-27.385756401175595,10.965253794383104,488.63199999999995,12.580330762939582,513.7926615258791,463.4713384741208,-1501480.0
CLI,2025-05-07,470.0,482.0,469.7,481.42,2.54 %,26742.0,12686889.8,0.025388711395101238,0.025071771329978062,472.74800000000005,487.696,480.4593124063789,502.4725331619414,33.05821784810493,-22.013220755562486,-26.311249272052976,11.07487852335574,487.696,12.373755503599426,512.4435110071988,462.9484889928012,-1474738.0
CLI,2025-05-08,488.0,497.0,480.0,493.41,2.49 %,24032.0,11807199.4,0.024905487931535797,0.024600401442991686,477.23,487.35599999999994,482.4517258823206,501.801234409205,43.11337199552128,-19.349508526884392,-24.91890112301926,11.498101485973185,487.35599999999994,12.10224920372954,511.560498407459,463.15150159254085,-1450706.0
CLI,2025-05-11,497.9,497.9,485.0,487.8,-1.14 %,19093.0,9371226.2,-0.01136985468474494,-0.011434985639467451,480.65600000000006,486.6925,483.27453728504054,500.76410593444905,40.07985802916148,-17.48956864940851,-23.43303462829711,11.598237094117955,486.6925,11.666738539865898,510.0259770797318,463.3590229202682,-1469799.0
CLI,2025-05-13,480.0,489.0,480.0,481.09,-1.38 %,21791.0,10539948.6,-0.013755637556375655,-0.01385112299187641,482.64399999999995,485.7660000000001,482.9384546258035,499.30676475411946,36.74922675863835,-16.368310128315954,-22.02008972830088,11.412648730252387,485.7660000000001,11.31659861487639,508.3991972297529,463.1328027702473,-1491590.0
CLI,2025-05-14,475.3,485.0,475.3,477.1,-0.83 %,8092.0,3873734.7,-0.008293666465733929,-0.008328250267882132,484.16400000000004,484.74799999999993,482.04023083721836,497.66181921677725,34.892420719167234,-15.621588379558887,-20.740389458552485,11.290316678091502,484.74799999999993,11.123389581830166,506.99477916366027,462.5012208363396,-1499682.0
CLI,2025-05-15,475.0,480.0,470.0,473.35,-0.79 %,17399.0,8261617.0,-0.007859987424020165,-0.007891039947161142,482.55,483.48049999999995,480.7032722468771,495.8609437192382,33.194834289329634,-15.15767147236113,-19.623845861314216,11.198151201084965,483.48049999999995,10.891790957544583,505.2640819150891,461.6969180849108,-1517081.0
CLI,2025-05-18,471.3,478.0,471.0,473.06,-0.06 %,16307.0,7714553.3,-0.0006126544839970549,-0.0006128422334430454,478.48,482.2610000000001,479.527384208896,494.17198492522056,33.060876929827884,-14.644600716324533,-18.62799683231628,10.898283258150325,482.2610000000001,10.607066611695867,503.4751332233918,461.04686677660834,-1533388.0
CLI,2025-05-19,474.0,482.0,473.0,481.43,1.77 %,14628.0,7011207.0,0.017693315858453573,0.017538611304284853,477.20599999999996,481.15199999999993,479.8200943306043,493.22813419001903,40.521395043138014,-13.408039859414714,-17.584005437735968,10.762691596853873,481.15199999999993,9.341476610410481,499.8349532208209,462.46904677917894,-1518760.0
CLI,2025-05-20,482.0,494.0,475.0,491.44,2.08 %,16631.0,8095356.3,0.020792223168477175,0.020579015209929954,479.276,480.7455,481.60777212589596,493.0956798055731,47.987438533176714,-11.487907679677164,-16.364785886124206,11.351070768507169,480.7455,8.64905195593885,498.0436039118777,463.4473960881223,-1502129.0
CLI,2025-05-21,500.0,521.4,492.0,492.66,0.25 %,24275.0,12171031.9,0.002482500406967292,0.0024794240930804423,482.38800000000003,480.42749999999995,483.3081148757581,493.0634072273825,48.8304849347746,-9.755292351624405,-15.042887179224246,12.680279999328084,480.42749999999995,8.037056855243959,496.50161371048785,464.35338628951206,-1477854.0
CLI,2025-05-22,490.0,493.0,486.1,488.06,-0.93 %,18972.0,9268055.3,-0.00933706816059765,-0.009380931833765711,485.33000000000004,480.22749999999996,484.03917412564147,492.69278446979865,45.81515341849987,-8.653610344157187,-13.765031812210836,12.267402856518935,480.22749999999996,7.777942411562423,495.78338482312483,464.6716151768751,-1496826.0
CLI,2025-05-25,485.0,489.0,484.5,488.7,0.13 %,12774.0,6212778.0,0.001311314182682377,0.0013104551611222899,488.45799999999997,480.2605,484.75622426015815,492.397022657221,46.311893202822944,-7.640798397062838,-12.540185129181237,11.712588366767582,480.2605,7.814149430070827,495.8887988601416,464.63220113985835,-1484052.0
CLI,2025-05-26,498.4,505.0,487.1,489.05,0.07 %,18382.0,9010882.9,0.0007161857990587439,0.0007159294603927969,489.98199999999997,480.6629999999999,485.41680514321075,492.14909505298243,46.60020567754338,-6.73228990977168,-11.378606085299326,12.154546340569896,480.6629999999999,8.057771730624129,496.77854346124815,464.54745653875165,-1465670.0
CLI,2025-05-27,484.0,486.0,472.0,482.26,-1.39 %,28266.0,13598552.0,-0.013884060934464815,-0.013981346032942873,488.146,480.9175,484.931142813486,491.41656949350227,41.89932930669528,-6.485426680016246,-10.399970204242711,12.504221601957761,480.9175,8.021943507110162,496.96138701422035,464.8736129857797,-1493936.0
CLI,2025-05-28,480.0,486.7,477.0,478.51,-0.78 %,34778.0,16663616.2,-0.007775888524862107,-0.007806278387335398,485.316,480.87749999999994,483.9432746883343,490.4605273087984,39.527741680111305,-6.517252620464092,-9.623426687486988,12.303920058960777,480.87749999999994,8.03236864519548,496.9422372903909,464.812762709609,-1528714.0
CLI,2025-06-02,488.0,488.0,475.7,477.13,-0.29 %,45019.0,21638945.9,-0.002883952268500134,-0.0028881188716282005,483.13,480.93950000000007,482.8950785824367,489.47308084148005,38.66051575878205,-6.5780022590433305,-9.014341801798258,12.303640054749295,480.93950000000007,7.996550884745219,496.93260176949053,464.9463982305096,-1573733.0
CLI,2025-06-03,486.0,486.0,472.3,473.13,-0.84 %,24512.0,11640369.9,-0.008383459434535667,-0.008418798277019423,480.01599999999996,481.046,481.3927588005234,488.2624822606297,36.182551570765156,-6.869723460106343,-8.585418133459875,12.40338005083863,481.046,7.870395830325432,496.78679166065086,465.3052083393491,-1598245.0
CLI,2025-06-04,473.13,475.0,468.1,469.48,-0.77 %,30286.0,14272994.3,-0.007714581616046323,-0.007744492935652897,476.102,480.9865,479.56002667736595,486.8711872783608,34.03859230487879,-7.311160600994867,-8.330566626966874,12.010281475778728,480.9865,7.9569885039705595,496.9004770079411,465.07252299205885,-1628531.0
CLI,2025-06-05,467.0,474.9,467.0,467.65,-0.39 %,23405.0,10962689.2,-0.003897929624265273,-0.003905546351363301,473.18,480.81149999999997,477.7277148808481,485.44739562811185,32.98334336476604,-7.719680747263737,-8.208389451026246,11.716689941794533,480.81149999999997,8.218889203324855,497.2492784066497,464.37372159335024,-1651936.0
CLI,2025-06-08,472.9,472.9,463.9,464.23,-0.73 %,23365.0,10877471.3,-0.007313161552442993,-0.007340033812666102,470.32399999999996,480.54800000000006,475.65114336071764,483.87573669269614,31.046243157267583,-8.224593331978497,-8.211630227216697,11.52264066023778,480.54800000000006,8.672582690640835,497.89316538128173,463.2028346187184,-1675301.0
CLI,2025-06-09,463.7,469.0,461.0,464.71,0.10 %,18147.0,8432655.2,0.0010339702302737397,0.001033436051240296,467.84,479.7125,473.96789053599184,482.45605249323717,31.652947378750014,-8.488161957245325,-8.266936573222424,11.271023470220795,479.7125,9.361682189688901,498.4358643793778,460.98913562062216,-1657154.0
CLI,2025-06-10,464.0,479.7,462.0,476.54,2.55 %,29464.0,13966858.9,0.025456736459297247,0.025138109887368747,468.52199999999993,478.869,474.36359968430077,482.017826382627,44.59241712436635,-7.654226698326227,-8.144394598243185,11.730236079490737,478.869,8.806080973108713,496.48116194621747,461.2568380537826,-1627690.0
CLI,2025-06-11,477.0,479.0,469.0,473.08,-0.73 %,21321.0,10073316.7,-0.0072606706677299515,-0.007287157623586789,469.242,478.133,474.1661228097929,481.3557651690991,42.08296422255224,-7.189642359306163,-7.9534441504557805,11.606647788098542,478.133,8.633807539623623,495.40061507924725,460.8653849207527,-1649011.0
CLI,2025-06-12,470.1,474.1,470.0,470.36,-0.57 %,27641.0,13023706.4,-0.005749556100448028,-0.005766148427701009,469.784,477.59649999999993,473.58056545444015,480.5412640454621,40.1691988425939,-6.9606985910219805,-7.754895038569021,11.07045866037722,477.59649999999993,8.772652047531022,495.14180409506196,460.0511959049379,-1676652.0
CLI,2025-06-15,468.0,474.0,466.0,466.93,-0.73 %,26716.0,12527849.3,-0.007292286759078115,-0.007319005455005008,470.32399999999996,477.088,472.5574015383724,479.5330222643168,37.83273021574867,-6.975620725944395,-7.599040176044097,10.85114018463599,477.088,9.091885682455471,495.271771364911,458.90422863508905,-1703368.0
CLI,2025-06-16,476.0,476.0,465.1,467.91,0.21 %,27835.0,13024563.7,0.0020988156683015013,0.0020966162316338544,470.96400000000006,476.816,471.8424166863151,478.6720576521452,38.92578348333096,-6.8296409658300945,-7.445160334001297,10.854630171447702,476.816,9.288840729872785,495.39368145974555,458.2383185402544,-1675533.0
CLI,2025-06-17,466.3,471.0,466.3,468.72,0.17 %,14879.0,6988420.5,0.0017311021350259193,0.001729605504689352,469.4,476.599,471.3620448884205,477.9348681964308,39.86688582545372,-6.5728233080103,-7.270692928803098,10.41501373063001,476.599,9.43081338232878,495.46062676465755,457.73737323534243,-1660654.0
CLI,2025-06-18,469.0,472.9,465.0,465.49,-0.69 %,18909.0,8826092.2,-0.0068911076975592955,-0.006914961027280204,467.88200000000006,475.802,470.458653367125,477.01302610780624,37.39250951019904,-6.554372740681231,-7.127428891178726,10.235369892727865,475.802,9.671530984214753,495.1450619684295,456.45893803157054,-1679563.0
CLI,2025-06-19,465.0,470.0,463.0,463.91,-0.34 %,20550.0,9533439.9,-0.0033942727018839713,-0.003400046313982806,466.592,474.4255,469.4511682337212,476.0424315813021,36.20863719414284,-6.5912633475808775,-7.020195782459156,10.004272043247305,474.4255,9.279885704246938,492.9852714084939,455.8657285915061,-1700113.0
CLI,2025-06-22,462.0,467.0,451.0,455.57,-1.80 %,37260.0,17082116.8,-0.017977624970360706,-0.018141185724683564,464.32000000000005,472.571,467.31560389007177,474.52595516787227,30.685917381145984,-7.210351277800498,-7.058226881527425,10.432538325872496,472.571,9.149227117181976,490.86945423436396,454.2725457656361,-1737373.0
CLI,2025-06-23,452.0,457.1,448.2,452.28,-0.72 %,19984.0,9041006.2,-0.007221722238075379,-0.007247925103542235,461.1940000000001,470.78200000000004,465.00243406082996,472.87810663691874,28.818559210274216,-7.875672576088789,-7.221716020439698,10.323071302595892,470.78200000000004,9.454221891759094,489.6904437835182,451.87355621648186,-1757357.0
CLI,2025-06-24,451.0,459.0,451.0,451.91,-0.08 %,11950.0,5411856.5,-0.0008180772972493644,-0.0008184121050930862,457.832,468.9425,462.9882134360869,471.3249135527025,28.60771475128641,-8.336700116615646,-7.444712839674888,10.157137638124757,468.9425,9.363103328866693,487.66870665773337,450.2162933422666,-1769307.0
CLI,2025-06-25,450.5,454.0,450.0,450.26,-0.37 %,15156.0,6834209.4,-0.0036511694806489192,-0.0036578512691235136,454.78600000000006,467.00300000000004,461.030026753612,469.7645495858357,27.63666287602355,-8.734522832223718,-7.702674838184654,9.717342092544419,467.00300000000004,8.98881591638242,484.98063183276486,449.02536816723523,-1784463.0
CLI,2025-06-26,450.0,454.0,449.1,450.47,0.05 %,25389.0,11448083.3,0.00046639719273322555,0.0004662884633685975,452.09799999999996,465.4135,459.4054072530563,468.33532369058867,27.971768755405577,-8.92991643753237,-7.948123158054198,9.373246228791244,465.4135,8.959591317610808,483.3326826352216,447.4943173647784,-1759074.0
CLI,2025-06-29,451.0,459.0,450.0,458.02,1.68 %,22371.0,10137666.3,0.016760272604168902,0.016621369126834706,452.588,464.389,459.192267675663,467.5712256394339,38.922797926655754,-8.378957963770915,-8.034290119197543,9.346585783877583,464.389,8.545127204847581,481.47925440969516,447.29874559030486,-1736703.0
CLI,2025-06-30,458.0,465.0,456.0,462.16,0.90 %,15088.0,6947263.8,0.009038906597965246,0.00899830018997918,454.564,463.6405,459.6488418794072,467.1703941105869,43.954671039028874,-7.521552231179726,-7.93174254159398,9.321829656457755,463.6405,8.009189113937461,479.6588782278749,447.62212177212507,-1721615.0
CLI,2025-07-01,462.0,467.0,457.2,465.67,0.76 %,22706.0,10530179.7,0.007594772373204162,0.007566077286356917,457.316,463.26750000000004,460.5751738979599,467.05925380609904,47.875550466751996,-6.484079908139108,-7.642210014903005,9.355984680996489,463.26750000000004,7.7121939502304775,478.691887900461,447.8431120995391,-1698909.0
CLI,2025-07-02,461.3,480.5,461.3,478.91,2.84 %,41975.0,19942705.4,0.028432151523611227,0.028035459557239264,463.046,463.73900000000003,463.39591637519686,467.9370868574991,59.410657592256065,-4.5411704823022205,-7.022002108382849,10.05912863235388,463.73900000000003,8.37203106839571,480.48306213679143,446.99493786320863,-1656934.0
CLI,2025-07-03,481.0,493.9,476.1,488.3,1.96 %,75727.0,36943900.0,0.01960702428431227,0.019417282751008434,470.61199999999997,464.7715,467.2273138559358,469.4454507939807,65.27922215801982,-2.2181369380448928,-6.061229074315259,10.612048015757173,464.7715,9.995664468035802,484.7628289360716,444.7801710639284,-1581207.0
CLI,2025-07-06,497.9,497.9,479.0,479.6,-1.78 %,32556.0,15729572.6,-0.0178169158304321,-0.017977547914255383,474.92800000000005,465.53999999999996,469.1308040319457,470.1976396240562,57.049087884002155,-1.0668355921105217,-5.062350377874312,11.204044586060231,465.53999999999996,10.528488170556821,486.5969763411136,444.48302365888634,-1613763.0
CLI,2025-07-07,472.0,481.0,472.0,472.94,-1.39 %,33008.0,15692809.8,-0.013886572143452902,-0.013983892601846274,477.084,465.9515,469.7168341808771,470.4007774296817,51.67783140506606,-0.68394324880461,-4.186668952060371,11.046612829913071,465.9515,10.654420024210257,487.2603400484205,444.6426599515795,-1646771.0
CLI,2025-07-08,466.1,473.0,466.1,470.18,-0.58 %,24674.0,11605592.3,-0.005835835412525858,-0.005852930441636853,477.986,465.6335,469.7880904607421,470.3844235460016,49.59393884625793,-0.5963330852594595,-3.468601778700189,10.750426199204995,465.6335,10.413953329405158,486.46140665881035,444.8055933411897,-1671445.0
CLI,2025-07-09,470.0,477.8,470.0,473.26,0.66 %,41605.0,19664568.0,0.006550682717257228,0.006529320237029177,476.85600000000005,465.64250000000004,470.32223038985876,470.5974292092607,51.92378697010494,-0.27519881940196456,-2.829921186840544,10.539681470690354,465.64250000000004,10.420803017329142,486.48410603465834,444.80089396534174,-1629840.0
CLI,2025-07-10,472.0,481.4,472.0,477.55,0.91 %,35658.0,16999049.2,0.0090647846849512,0.009023946133841382,474.70599999999996,466.00200000000007,471.4341949452651,471.1124344530192,55.04090783243204,0.3217604922459145,-2.1995848510232525,10.458275651355327,466.00200000000007,10.712065307752551,487.42613061550514,444.577869384495,-1594182.0
CLI,2025-07-13,487.1,489.9,473.4,476.71,-0.18 %,50554.0,24278440.1,-0.0017589781174747188,-0.001760526935975305,474.128,466.4910000000001,472.2458572613782,471.52706893798074,54.29854155838272,0.7187883233974617,-1.61591021613911,10.889827390544234,466.4910000000001,10.976616725407878,488.44423345081583,444.53776654918437,-1644736.0
CLI,2025-07-14,470.0,477.0,470.0,470.7,-1.26 %,25243.0,11918072.7,-0.012607245495164787,-0.012687391137674793,473.68,466.63050000000004,472.00803306732007,471.4658045722044,49.18688322196766,0.5422284951156939,-1.1842824738881492,10.611982576933931,466.63050000000004,11.013267345853409,488.6570346917069,444.6039653082932,-1669979.0
CLI,2025-07-15,472.0,479.0,471.0,474.12,0.73 %,35684.0,16872314.7,0.00726577437858511,0.007239505804203099,474.468,466.9005,472.33295105696317,471.66241164093,51.95845986097914,0.6705394160331934,-0.8133180959038807,10.446840964295793,466.9005,11.13273431914708,489.1659686382942,444.63503136170584,-1634295.0
CLI,2025-07-16,470.0,482.5,470.0,474.24,0.03 %,39814.0,18999841.0,0.0002531004808909998,0.00025306845636778705,474.66399999999993,467.338,472.62634320204575,471.8533441119722,52.05727275353696,0.7729990900735402,-0.4960546587083966,10.593495181131807,467.338,11.245743803051617,489.82948760610327,444.8465123938968,-1594481.0
CLI,2025-07-17,480.0,497.8,480.0,492.93,3.94 %,91456.0,44997042.5,0.03941042510121462,0.038653653464182,477.73999999999995,468.78900000000004,475.7499827094233,473.4145778814557,64.3546462255936,2.3354048279675794,0.07023723862679859,11.51967409676525,468.78900000000004,12.573906942121834,493.9368138842437,443.6411861157564,-1503025.0
CLI,2025-07-20,502.0,507.0,492.2,495.92,0.61 %,82750.0,41432490.1,0.00606576998762498,0.006047447261814582,481.582,470.8065,478.8530622925889,475.0816461865331,65.86319404315967,3.771416106055824,0.8104730121126037,11.753983089853449,470.8065,13.541170467550014,497.88884093510006,443.7241590649,-1420275.0
CLI,2025-07-21,495.0,503.5,490.0,499.53,0.73,59830.0,29802948.5,0.0072793999032101375,0.00725303295147106,487.34800000000007,473.169,482.0341296321906,476.892635357901,67.64366996561164,5.1414942742896415,1.6766772645480112,11.878698583435344,473.169,14.242417705745646,501.6538354114913,444.6841645885087,-1360445.0
CLI,2025-07-22,509.5,527.0,499.5,526.23,5.35,133592.0,69116153.5,0.05345024322863501,0.05207072317866353,497.77,476.88500000000005,488.8334943041613,480.54725496101946,77.14034591247753,8.286239343141858,2.9985896802667806,12.994505827475676,476.88500000000005,17.683525339160564,512.2520506783212,441.51794932167894,-1226853.0
CLI,2025-07-23,536.7,540.0,514.5,526.33,0.02,92177.0,48539741.8,0.00019003097504888267,0.0001900129214502694,508.188,480.68850000000003,494.6021874881365,483.9385694083514,77.16737563587947,10.663618079785124,4.531595360170449,13.887755411227413,480.68850000000003,19.719105689919484,520.126711379839,441.2502886201611,-1134676.0
CLI,2025-07-24,526.0,530.0,517.0,522.09,-0.81,52910.0,27591627.6,-0.008055782493872732,-0.008088405631056563,514.0200000000001,484.2695,498.8310817207309,486.7646013040291,73.21444428454711,12.06648041670178,6.038572371476715,13.824344310425456,484.2695,20.432784150907843,525.1350683018156,443.4039316981843,-1187586.0
CLI,2025-07-27,522.0,530.0,512.2,513.58,-1.63,77167.0,40147860.0,-0.016299871669635535,-0.016434176006622826,517.552,487.0475,501.1001460713877,488.7509271333603,65.91608357206317,12.349218938027434,7.30070168478686,14.108319716823635,487.0475,20.453024708745243,527.9535494174905,446.14145058250955,-1264753.0
CLI,2025-07-28,504.0,515.0,499.8,511.07,-0.49,96972.0,49029516.3,-0.004887261965029865,-0.004899243684261934,519.8599999999999,489.49300000000005,502.6339697527127,490.4041917901484,63.89301419923074,12.229777962564299,8.286516940342349,14.186296879907662,489.49300000000005,20.24362358346894,529.9802471669379,449.00575283306216,-1361725.0
CLI,2025-07-29,513.0,531.4,513.0,520.98,1.94,90308.0,47239594.4,0.01939069012072725,0.01920508617730125,518.8100000000001,492.2585,505.4564359446031,492.6690664723596,68.06099218483465,12.787369472243483,9.186687446722576,14.625132817057114,492.2585,20.59281639565056,533.4441327913012,451.0728672086989,-1271417.0
CLI,2025-07-30,521.0,527.0,509.0,510.47,-2.02,42873.0,22078635.6,-0.020173519137011042,-0.020379783338441503,515.638,493.8365,506.22775349158724,493.9876541410737,60.13303896607768,12.24009935051356,9.797369827480773,14.866194758695894,493.8365,20.72487985489215,535.2862597097843,452.3867402902157,-1314290.0
CLI,2025-07-31,511.0,512.0,500.0,501.33,-1.79 %,68061.0,34338408.2,-0.017905067878621783,-0.01806730307876648,511.48600000000005,494.488,505.47425295441997,494.53153161210525,54.21828428825278,10.942721342314712,10.026440130447561,14.661466561646188,494.488,20.746468209254566,535.9809364185091,452.99506358149085,-1382351.0
CLI,2025-08-03,502.0,503.0,491.0,492.46,-1.77 %,54212.0,26808141.6,-0.017692936788143543,-0.017851327843751683,507.262,495.13100000000003,503.4720601922015,494.3780848260234,49.16428244085075,9.093975366178142,9.839947177593679,14.47136180724289,495.13100000000003,20.4580368713935,536.047073742787,454.21492625721305,-1436563.0
CLI,2025-08-04,490.0,499.0,488.0,495.12,0.54,35568.0,17494303.2,0.005401453925191868,0.005386918391456771,504.072,496.23999999999995,502.1871278549398,494.4330415055772,50.64994429678522,7.754086349362581,9.42277501194746,14.223407392439826,496.23999999999995,19.781778164971424,535.8035563299428,456.6764436700571,-1400995.0
CLI,2025-08-05,500.0,500.0,486.0,486.58,-1.72 %,27125.0,13294007.9,-0.017248343835837843,-0.017398829447130823,497.192,497.05999999999995,499.7860312618721,493.8513347273863,46.00173043658627,5.934696534485795,8.725159316455127,14.207449721551267,497.05999999999995,18.96784009565817,534.9956801913163,459.1243198086836,-1428120.0
CLI,2025-08-06,483.0,490.0,480.2,485.23,-0.28,20709.0,10039106.8,-0.0027744666858481315,-0.002778322652362103,492.14399999999995,497.6585,497.5466418369687,493.2127173401725,45.29409544243994,4.3339244967962145,7.846912352523344,13.892631884297607,497.6585,18.356334135509158,534.3711682710183,460.9458317289817,-1448829.0
CLI,2025-08-07,494.9,495.0,484.0,488.96,0.77,33008.0,16095145.4,0.007687076231889911,0.007657681206487676,489.66999999999996,498.229,496.2256200158966,492.89770124090046,47.68847111997443,3.327918774996135,6.943113637017904,13.686015321133494,498.229,17.869332417646575,533.9676648352931,462.49033516470683,-1415821.0
CLI,2025-08-11,485.5,499.8,485.0,486.85,-0.43,21121.0,10343416.3,-0.004315281413612482,-0.004324619113335675,488.54799999999994,498.736,494.7832169365279,492.44972337120413,46.449954916724494,2.3334935653237494,6.021189622679072,13.765585655338246,498.736,17.363332629415478,533.462665258831,464.009334741169,-1436942.0
CLI,2025-08-12,481.0,484.0,480.0,482.56,-0.88,19723.0,9503373.3,-0.008811748998664881,-0.008850802045228654,486.03600000000006,499.329,492.9027220232159,491.71715126963346,43.950683365700385,1.1855707535824536,5.054065848859749,13.271615251385516,499.329,16.53836652659949,532.405733053199,466.252266946801,-1456665.0
CLI,2025-08-13,480.0,483.0,479.0,479.65,-0.6,40480.0,19495130.8,-0.006030338196286511,-0.006048594115580013,484.65,499.60549999999995,490.8638417119519,490.82328821262354,42.28852990953592,0.04055349932838226,4.051363378953476,12.609357019143694,499.60549999999995,16.136056543939095,531.8776130878781,467.33338691212174,-1497145.0
CLI,2025-08-14,476.1,480.0,476.1,477.85,-0.38 %,17474.0,8348541.1,-0.003752736370269849,-0.0037597955517677745,483.174,499.78599999999994,488.86171221780546,489.86230390057733,41.24935921470506,-1.0005916827718693,3.040972366608407,11.987260089204858,499.78599999999994,15.855126482913972,531.4962529658279,468.075747034172,-1514619.0
CLI,2025-08-17,477.0,482.0,472.0,472.99,-1.02 %,30430.0,14486807.9,-0.010170555613686294,-0.010222629092792134,479.98,498.78899999999993,486.4199103381431,488.6125036116457,38.49856978851016,-2.1925932735026095,1.9942592385862041,11.845312939975939,498.78899999999993,16.901349027432474,532.5916980548649,464.986301945135,-1545049.0
CLI,2025-08-18,482.4,482.4,471.0,476.83,0.81,17603.0,8364861.3,0.008118564874521672,0.008085786615484343,477.976,497.83449999999993,484.9445395168903,487.7397255663386,41.80101188735103,-2.7951860494483185,1.0363701809792998,11.8135048728348,497.83449999999993,17.596652634722627,533.0278052694451,462.6411947305547,-1527446.0
CLI,2025-08-19,476.0,484.0,476.0,479.98,0.66,19832.0,9547104.8,0.006606127970136155,0.0065844031323094646,477.46000000000004,496.8570000000001,484.18076420659946,487.1649310799432,44.43674648488613,-2.9841668733437245,0.23226277011469487,11.541111667632315,496.8570000000001,18.035053324589118,532.9271066491783,460.78689335082186,-1507614.0
CLI,2025-08-20,480.0,484.5,475.1,479.67,-0.06,13164.0,6316434.0,-0.000645860244176899,-0.0006460689017516617,477.46400000000006,494.529,483.4868004825072,486.6097509999474,44.22447835808313,-3.122950517440188,-0.43877988739628176,11.38817511994429,494.529,17.020464431777402,528.5699288635548,460.48807113644517,-1520778.0
CLI,2025-08-21,477.0,484.9,476.0,476.45,-0.67,13474.0,6426981.8,-0.006712948485417147,-0.006735581671241529,477.184,492.03499999999997,482.4042157928907,485.85717685180316,41.98123395307051,-3.4529610589124786,-1.0416161216995212,11.210448325662554,492.03499999999997,15.720208080842104,523.4754161616842,460.59458383831577,-1534252.0
CLI,2025-08-24,470.9,480.0,470.2,474.67,-0.37,14349.0,6817258.1,-0.003735963899674566,-0.0037429600431330666,477.52,489.66400000000004,481.21433644013825,485.0284970850029,40.75068855758524,-3.814160644864671,-1.5961250263325513,11.10970201668666,489.66400000000004,14.475353427181345,518.6147068543627,460.71329314563735,-1548601.0
CLI,2025-08-25,470.0,482.2,470.0,475.74,0.23 %,16206.0,7677123.1,0.0022541976531063046,0.0022516607612984036,477.302,487.77199999999993,480.3721308339632,484.3404602638916,41.85403146403731,-3.968329429928417,-2.0705659070517246,11.187580444066183,487.77199999999993,13.63333901255597,515.0386780251118,460.505321974888,-1532395.0
CLI,2025-08-26,477.9,478.0,471.5,475.64,-0.02 %,8212.0,3897546.7,-0.0002101988481103545,-0.00021022094298449358,476.434,486.0005,479.6441107056612,483.69598172582556,41.77573318966695,-4.051871020164356,-2.4668269296742507,10.852753269490027,486.0005,12.71781819875329,511.4361363975066,460.5648636024934,-1540607.0
CLI,2025-08-27,477.0,483.0,473.0,481.0,1.13 %,17738.0,8492142.1,0.011269026995206488,0.011206004536383138,476.7,484.0015,479.8527090586364,483.4962793757644,47.45032229171742,-3.643570317128024,-2.7021756071650054,10.79184232166931,484.0015,9.7187682103243,503.4390364206486,464.5639635793514,-1522869.0
CLI,2025-08-28,490.6,490.6,471.1,473.22,-1.62 %,20473.0,9817811.0,-0.016174636174636103,-0.016306873467806574,476.054,482.139,478.83229228038465,482.73507349607814,41.1771631494581,-3.9027812156934942,-2.942296728870703,11.413853584407217,482.139,7.749077296495309,497.6371545929906,466.6408454070094,-1543342.0
CLI,2025-08-31,468.0,475.0,468.0,472.19,-0.22 %,14040.0,6628694.6,-0.0021765774903851343,-0.002178949677962754,475.558,480.6820000000001,477.8104011603255,481.9539569408131,40.41537181415491,-4.143555780487588,-3.18254853919408,11.09857832837813,480.6820000000001,6.6060057204512965,493.89401144090266,467.4699885590975,-1557382.0
CLI,2025-09-01,470.0,473.0,466.7,470.57,-0.34 %,8486.0,3987552.0,-0.003430822338465478,-0.0034367211050356696,474.524,479.5875,476.6964932895062,481.1107008711232,39.18739964355269,-4.414207581617006,-3.428880347678666,10.755822733493979,479.5875,6.360733055213518,492.30896611042704,466.8660338895729,-1565868.0
CLI,2025-09-02,468.0,470.0,468.0,469.34,-0.26 %,17077.0,8011165.7,-0.002613851286737412,-0.0026172733605073417,473.264,478.29850000000005,475.56472509112064,480.2387971028918,38.23743919113209,-4.674072011771159,-3.677918680497165,10.17112110967298,478.29850000000005,5.615963407972272,489.53042681594457,467.0665731840555,-1582945.0
CLI,2025-09-03,465.0,473.0,465.0,467.83,-0.32,11181.0,5229325.3,-0.0032172838453998764,-0.003222470430536205,470.63,477.36100000000005,474.3747673847944,479.319626947122,37.05002004807499,-4.944859562327622,-3.9313068568632565,10.016041030410625,477.36100000000005,5.724692499183529,488.8103849983671,465.911615001633,-1594126.0
CLI,2025-09-04,467.83,467.83,461.4,462.95,-1.04,28983.0,13428689.4,-0.010431139516490995,-0.010485925169856573,468.576,476.24699999999996,472.61711086405677,478.10706198807594,33.4362510930854,-5.489951124019171,-4.24303571029444,9.759895242524152,476.24699999999996,6.255969023319447,488.75893804663883,463.7350619533611,-1623109.0
CLI,2025-09-07,460.1,465.0,460.0,460.92,-0.44,12299.0,5675025.6,-0.004384922777837752,-0.004394564748242332,466.322,474.84499999999997,470.81755534650955,476.83394628525554,32.036416363347726,-6.016390938745985,-4.597706755984749,9.419902725200998,474.84499999999997,6.397327978369978,487.63965595673994,462.05034404326,-1635408.0
CLI,2025-09-08,458.5,461.0,454.0,455.07,-1.27,21810.0,9964243.9,-0.012692007289768381,-0.012773238874123153,463.22200000000004,473.25600000000003,468.39485452396957,475.22180211597737,28.35261039136894,-6.826947592007798,-5.043554923189359,9.247052530543785,473.25600000000003,7.159912084118504,487.57582416823703,458.936175831763,-1657218.0
CLI,2025-09-18,447.0,447.0,412.0,412.0,-9.46,3632.0,1516126.9,-0.09464477992396769,-0.09942790392216423,451.754,469.72800000000007,459.71872305874354,470.53870566294205,14.831024038298267,-10.819982604198515,-6.1988404593911905,11.662977349790657,469.72800000000007,15.201834930784713,500.1316698615695,439.32433013843064,-1660850.0
CLI,2025-09-21,412.0,450.0,411.0,444.12,7.8,40268.0,17430184.4,0.07796116504854367,0.0750714468365385,447.012,467.9515,457.31891951124453,468.5817645027241,38.41805769290639,-11.262844991479597,-7.211641365808871,13.615621824805611,467.9515,16.034542408900325,500.0205848178007,435.88241518219934,-1620582.0
CLI,2025-09-23,444.0,461.9,442.0,456.7,2.83,15528.0,7089852.4,0.028325677744753586,0.02793192400488828,445.762,466.89400000000006,457.2237011248992,467.7016337988186,44.85909186747763,-10.477932673919383,-7.864899627430974,14.064505980176637,466.89400000000006,16.044796303497154,498.98359260699436,434.80440739300576,-1605054.0
CLI,2025-09-24,448.0,483.9,448.0,468.0,2.47,16446.0,7617298.9,0.02474271950952489,0.024441575726693494,447.178,466.64450000000005,458.8815932595301,467.72373499890614,49.92551224656531,-8.842141739376018,-8.060348049819984,15.624184124449734,466.64450000000005,15.983694479380828,498.6118889587617,434.6771110412384,-1588608.0
CLI,2025-09-25,459.0,468.0,451.0,467.8,-0.04,14296.0,6573408.2,-0.00042735042735042583,-0.00042744176756808513,449.724,466.19300000000004,460.253655834987,467.72938425824645,49.83822995200099,-7.475728423259454,-7.943424124507878,15.722456686989037,466.19300000000004,15.80740169732884,497.8078033946577,434.5781966053424,-1602904.0
CLI,2025-09-28,477.1,477.1,462.0,463.7,-0.88,13303.0,6173002.2,-0.00876442924326637,-0.008803062752663522,460.06399999999996,465.379,460.7838626296044,467.4309113502282,47.98615679855851,-6.647048720623786,-7.68414904373106,15.67799549506125,465.379,15.475765060577363,496.33053012115477,434.4274698788453,-1616207.0
CLI,2025-10-07,463.0,464.0,453.0,455.1,-1.85,14749.0,6746718.5,-0.018546474013370617,-0.018720616374818793,462.26000000000005,464.1505,459.90942222504987,466.5175105094706,44.26991871722397,-6.608088284420717,-7.468936891868992,15.343852959699733,464.1505,15.255245336041519,494.6609906720831,433.64000932791697,-1630956.0
CLI,2025-10-08,450.0,451.0,440.0,448.0,-1.56,28417.0,12591472.3,-0.015600966820479067,-0.015723942607611147,460.52,462.72800000000007,458.07720342119603,465.1458430643246,41.41809755056205,-7.068639643128563,-7.388877442120907,15.326434891149756,462.72800000000007,15.373967265261767,493.4759345305236,431.98006546947653,-1659373.0
CLI,2025-10-09,450.0,474.0,448.0,452.0,0.89,25229.0,11498578.4,0.008928571428571397,0.008888947417245994,457.32,461.59450000000004,457.14224904870434,464.17207691141164,43.621595597135446,-7.029827862707293,-7.317067526238184,16.088832398924772,461.59450000000004,15.282602242924586,492.1597044858492,431.0292955141509,-1634144.0
CLI,2025-10-12,445.0,446.0,430.0,437.0,-3.32,50727.0,22143206.7,-0.0331858407079646,-0.033748984736641036,451.16,459.6575000000001,454.04344150274983,462.1593304735293,37.86917084918076,-8.115888970779451,-7.476831815146438,16.51105865614443,459.6575000000001,15.840247829988012,491.3379956599761,427.97700434002405,-1684871.0
CLI,2025-10-13,435.0,451.8,430.0,451.8,3.39,30391.0,13264265.6,0.03386727688787183,0.03330640893831272,448.78000000000003,458.46549999999996,453.69829665617294,461.39197266067526,45.50507699506963,-7.693676004502322,-7.520200653017615,16.888840180705543,458.46549999999996,15.466837690929033,489.399175381858,427.5318246181419,-1654480.0
CLI,2025-10-14,443.0,448.0,435.1,442.1,-2.15,6680.0,2960308.6,-0.021469676848162922,-0.02170350320170539,446.18,456.52049999999997,451.913943324454,459.9629376487734,41.872790939315635,-8.04899432431938,-7.625959387277969,16.875351596369434,456.52049999999997,14.920144797860313,486.3607895957206,426.68021040427936,-1661160.0
CLI,2025-10-15,434.0,442.0,434.0,440.0,-0.48,11634.0,5093393.9,-0.004750056548292303,-0.004761373919890736,444.58000000000004,454.8595,450.0810289668457,458.48420152664204,41.10776476085601,-8.40317255979636,-7.7814020217816475,16.248540768057335,454.8595,14.811942008132245,484.4833840162645,425.23561598373556,-1672794.0
CLI,2025-10-16,437.0,443.0,435.0,435.2,-1.09,9782.0,4263979.3,-0.01090909090909098,-0.010969031370574046,441.21999999999997,453.00999999999993,447.79163989502325,456.7594458580019,39.33859363265654,-8.967805962978673,-8.018682810021053,15.659359284624669,453.00999999999993,14.843420658384062,482.6968413167681,423.3231586832318,-1682576.0
CLI,2025-10-19,434.0,440.0,432.0,434.0,-0.28,4413.0,1924376.2,-0.0027573529411764053,-0.002761161441327946,440.62,451.18149999999997,445.66984914194273,455.0735609796314,38.887998737746116,-9.403711837688661,-8.295688615554575,15.112262192865764,451.18149999999997,14.818860413236989,480.81922082647395,421.543779173526,-1686989.0
CLI,2025-10-26,434.0,438.4,425.0,435.5,0.35,13214.0,5695613.0,0.003456221198156584,0.0034502621921525278,437.35999999999996,449.48949999999996,444.1052569662592,453.62366757373275,39.81598866813738,-9.518410607473527,-8.540233013938366,14.989957750518208,449.48949999999996,14.566173674851827,478.6218473497036,420.3571526502963,-1673775.0
CLI,2025-10-28,435.0,451.8,435.0,451.0,3.56,20808.0,9300427.0,0.03559127439724463,0.03497254321012094,439.14,448.64799999999997,445.16598666375785,453.4293218275303,48.5159030705545,-8.263335163772467,-8.484853443905187,15.119246482624051,448.64799999999997,13.922794864600075,476.4935897292001,420.80241027079984,-1652967.0
CLI,2025-10-29,451.0,460.0,445.9,446.0,-1.11,21143.0,9562689.3,-0.011086474501108667,-0.0111483874826143,440.34,447.8005,445.29429640779506,452.87900169215766,46.19604388623283,-7.584705284362599,-8.30482381199667,15.04644316243662,447.8005,13.516344287356848,474.8331885747137,420.7678114252863,-1674110.0
CLI,2025-10-30,442.0,460.0,438.0,456.0,2.24,28517.0,12884470.8,0.022421524663677195,0.022173857494322075,444.5,447.5545,446.9413277296727,453.11018675199784,51.2198756370844,-6.168859022325137,-7.877630854062364,15.543125793691148,447.5545,13.308169028621613,474.17083805724326,420.9381619427568,-1645593.0
CLI,2025-11-02,465.0,475.0,457.3,473.0,3.73,41273.0,19445961.3,0.037280701754385914,0.03660257897754684,452.3,448.4509999999999,450.9503542328,454.5835062518498,58.34120657565157,-3.6331520190498168,-7.028735087059855,15.790045379856068,448.4509999999999,14.400212681165039,477.25142536233,419.6505746376698,-1604320.0
CLI,2025-11-03,475.0,481.0,465.1,470.0,-0.63,35499.0,16779991.4,-0.006342494714587699,-0.006362693787828657,459.2,451.35099999999994,453.8810689662154,455.7254687517128,56.76626092542672,-1.8443997854973873,-5.991868026747362,15.797899281294919,451.35099999999994,12.370253752222347,476.0915075044446,426.61049249555526,-1639819.0
CLI,2025-11-04,462.0,472.0,462.0,465.0,-1.06,16112.0,7514838.2,-0.010638297872340385,-0.010695289116747919,462.0,452.395,455.59167374064384,456.41247106640077,54.14285929113993,-0.8207973257569279,-4.957653886549275,15.38376361834528,452.395,12.60670143424789,477.6084028684958,427.1815971315042,-1655931.0
CLI,2025-11-05,463.0,470.0,461.1,470.0,1.08,14565.0,6756101.2,0.010752688172043001,0.01069528911674795,466.8,453.05999999999995,457.80833931900634,457.4189546911118,56.31692364103999,0.3893846278945148,-3.8882461836605176,14.920637645606332,453.05999999999995,13.183338767257295,479.4266775345145,426.6933224654854,-1641366.0
CLI,2025-11-06,470.0,474.0,464.0,472.0,0.43,32783.0,15387051.5,0.004255319148936065,0.004246290881451004,470.0,453.25999999999993,459.9916717314669,458.49903212139986,57.19118898421426,1.4926396100670445,-2.8120690249150053,14.569163528063022,453.25999999999993,13.449570527271826,480.15914105454357,426.3608589454563,-1608583.0
CLI,2025-11-09,466.0,472.0,463.1,467.0,-1.06,14669.0,6839444.7,-0.010593220338983023,-0.010649727916658039,468.8,453.21999999999997,461.069876080472,459.12873344574064,54.267095089803604,1.9411426347313636,-1.8614266929857317,14.16422327605852,453.21999999999997,13.40516789583134,480.03033579166265,426.4096642083373,-1623252.0
CLI,2025-11-10,476.0,476.0,460.0,470.0,0.64,13926.0,6441788.2,0.0064239828693790635,0.006403437035207007,468.8,453.53499999999997,462.4437412988609,459.93401244975985,55.72964640516427,2.509728849101066,-0.9871955845683722,14.295350184911483,453.53499999999997,13.734370063904278,481.0037401278085,426.06625987219144,-1609326.0
CLI,2025-11-11,461.0,476.0,461.0,469.0,-0.21,8385.0,3903851.7,-0.0021276595744680327,-0.0021299262578248533,469.6,454.2299999999999,463.45239648365157,460.605567083111,55.09712577115685,2.846829400540571,-0.22039058754658358,14.345682314560662,454.2299999999999,14.162742077632227,482.55548415526437,425.90451584473544,-1617711.0
CLI,2025-11-12,469.0,471.9,460.0,464.0,-1.07,14033.0,6495895.0,-0.010660980810234588,-0.010718216220024147,468.4,455.0299999999999,463.5366431784744,460.8570065584361,51.923835069545426,2.679636620038252,0.3596148539703835,14.17099072066347,455.0299999999999,14.243968252512662,483.51793650502526,426.54206349497457,-1631744.0
CLI,2025-11-13,464.0,469.0,459.0,459.0,-1.08,13104.0,6023236.0,-0.010775862068965525,-0.010834342165710118,465.8,455.37999999999994,462.8386980740937,460.71945051707047,48.89135685926774,2.119247557023243,0.7115413945809554,13.873062812044651,455.37999999999994,14.251596401794501,483.88319280358894,426.87680719641094,-1644848.0
CLI,2025-11-16,456.0,460.0,452.0,453.3,-1.24,10613.0,4830033.7,-0.012418300653594727,-0.012496052113741532,463.06000000000006,456.195,461.3712060626947,460.1698615898801,45.62036672687515,1.2013444728145828,0.809502010227681,13.453558325470034,456.195,13.596186578350853,483.3873731567017,429.0026268432983,-1655461.0
CLI,2025-11-17,460.0,460.0,453.0,458.9,1.24,12395.0,5666648.3,0.012353849547760865,0.012278163453984242,460.84,456.55,460.99102051458783,460.0757977684075,49.215199938221915,0.9152227461803477,0.8306461574182145,12.992589873650747,456.55,13.568054586520583,483.6861091730412,429.41389082695883,-1643066.0
CLI,2025-11-18,456.1,468.0,456.1,460.0,0.24,11192.0,5165202.8,0.002397036391370788,0.0023941680823529837,459.03999999999996,457.445,460.8385558200359,460.07018311889584,49.915581092103906,0.7683727011400379,0.8181914661625791,12.914547739818548,457.445,13.148603087687336,483.7422061753747,431.1477938246253,-1631874.0
CLI,2025-11-19,456.0,468.0,456.0,462.6,0.57,7449.0,3431832.6,0.005652173913043512,0.005636260314198156,458.76000000000005,458.575,461.10954723233806,460.2575769619406,51.614154743692346,0.8519702703974872,0.8249472270095608,12.849222901260081,458.575,12.526892125161691,483.62878425032335,433.5212157496766,-1624425.0
CLI,2025-11-20,459.6,463.0,459.6,460.1,-0.54,10738.0,4943488.7,-0.00540423692174663,-0.0054188926359158745,458.98,459.82000000000005,460.9542322735168,460.2459045943894,49.86305076643477,0.7083276791274216,0.8016233174331331,12.174278408312931,459.82000000000005,11.25417349485437,482.3283469897088,437.3116530102913,-1635163.0
CLI,2025-11-23,460.0,473.0,460.0,470.0,2.15,27616.0,12921216.1,0.02151706150836774,0.021288837542681353,462.32,461.62000000000006,462.34588884682194,460.96843017999015,56.20021500301501,1.3774586668317852,0.9167903873128636,12.233258522004865,461.62000000000006,9.67534033127365,480.97068066254735,442.26931933745277,-1607547.0
CLI,2025-11-24,475.0,493.0,472.0,490.0,4.26,74567.0,36185835.9,0.042553191489361764,0.04167269640056808,468.53999999999996,464.3450000000001,466.6003674857724,463.11891683332425,65.64695190775518,3.4814506524481317,1.4297224403399174,13.002311484718803,464.3450000000001,9.606164413359906,483.55732882671987,445.1326711732803,-1532980.0
CLI,2025-11-25,490.0,501.8,484.0,499.9,2.02,65992.0,32445136.3,0.02020408163265297,0.02000268731485229,476.52,466.7900000000001,471.7233878725766,465.8434415123372,69.18937354945281,5.879946360239387,2.3197672243198113,13.345003521524603,466.7900000000001,11.964416540624104,490.7188330812483,442.86116691875185,-1466988.0
CLI,2025-11-26,504.0,504.0,490.1,497.0,-0.58,53519.0,26547461.3,-0.005801160232046354,-0.005818052322895894,483.4,469.34000000000003,475.6120974306417,468.1513347336456,67.00956058107482,7.460762696996085,3.3479663188550663,13.384646127129988,469.34000000000003,12.711718588505418,494.76343717701087,443.9165628229892,-1520507.0
CLI,2025-11-27,497.0,499.0,490.0,496.0,-0.2,46115.0,22805197.1,-0.002012072434607659,-0.0020140993717012562,490.58000000000004,471.34000000000003,478.7486978259276,470.21419882744965,66.23464969311627,8.534498998477943,4.385272854779642,13.071457118049274,471.34000000000003,13.616878071743411,498.57375614348683,444.10624385651323,-1566622.0
CLI,2025-11-30,488.0,504.0,486.0,488.0,-1.61,67766.0,33627677.5,-0.016129032258064502,-0.01626052087178029,494.18,472.09000000000003,480.1719750834772,471.5316655809719,60.23358416083877,8.640309502505318,5.2362801843247775,13.42349589533147,472.09000000000003,14.117025928017098,500.3240518560342,443.85594814396586,-1634388.0
CLI,2025-12-01,487.0,490.0,484.2,488.0,0.0,40072.0,19514627.1,0.0,0.0,493.78000000000003,472.99000000000007,481.3762866090961,472.7515422046036,60.23358416010413,8.624744404492503,5.913973028358322,12.878960474236367,472.99000000000007,14.54408543196542,502.0781708639309,443.90182913606924,-1634388.0
CLI,2025-12-02,479.0,490.0,479.0,487.8,-0.04,13167.0,6405840.7,-0.0004098360655737654,-0.0004099200713272636,491.36,474.13,482.3645502076967,473.8662427820404,60.075767868638025,8.498307425656321,6.430839907817923,12.744749011790914,474.13,14.77654970053263,503.68309940106525,444.57690059893474,-1647555.0
CLI,2025-12-03,485.0,491.6,481.5,485.1,-0.55,21196.0,10312392.8,-0.0055350553505534306,-0.00555043053064898,488.98,474.88500000000005,482.7853886372818,474.6983729463337,57.871343799927175,8.087015690948135,6.762075064443966,12.555838368091566,474.88500000000005,14.93929030230429,504.76358060460865,445.00641939539145,-1668751.0
CLI,2025-12-07,482.0,485.1,477.2,483.0,-0.43,17377.0,8377973.7,-0.0043290043290044045,-0.004338401598598242,486.38,475.43500000000006,482.8184057700077,475.3133082836423,56.14569470701813,7.5050974863654005,6.910679548828253,12.223278484656456,475.43500000000006,15.029699545258202,505.4943990905165,445.37560090948364,-1686128.0
CLI,2025-12-08,475.0,487.0,475.0,485.0,0.41,17930.0,8678195.4,0.0041407867494824835,0.004132237284910591,485.78000000000003,476.33500000000004,483.154035651545,476.0308410033725,57.44710261213583,7.1231946481725,6.953182568697103,12.20733002146671,476.33500000000004,15.036946603535524,506.40889320707106,446.261106792929,-1668198.0
CLI,2025-12-09,477.5,491.8,477.5,489.4,0.91,18826.0,9181436.2,0.009072164948453532,0.009031260071088015,486.06000000000006,477.305,484.114953243615,477.0211490771967,60.24240427220262,7.093804166418295,6.981306888241341,12.356806448504804,477.305,15.2312516332531,507.7675032665062,446.8424967334938,-1649372.0
CLI,2025-12-10,499.1,499.1,494.0,498.0,1.76,103150.0,51290483.9,0.017572537801389565,0.017419926016081742,488.1,478.755,486.2511142830589,478.57513803444135,65.0719310670575,7.6759762486175305,7.1202407603165785,12.167034559325893,478.755,15.769873843893626,510.29474768778726,447.2152523122127,-1546222.0
CLI,2025-12-11,500.0,506.0,496.0,499.7,0.34,70476.0,35279062.1,0.0034136546184739824,0.0034078413255064894,491.02,480.5400000000001,488.3201736241267,480.1399426244827,65.95238436243966,8.180230999643982,7.332238808182059,12.0122463765169,480.5400000000001,16.030149226074556,512.6002984521492,448.47970154785094,-1475746.0
CLI,2025-12-14,499.7,506.0,498.2,499.1,-0.12,70636.0,35389150.2,-0.0012007204322592724,-0.001201441874595686,494.23999999999995,482.5450000000001,489.97860845118413,481.5443913189655,65.32647994217221,8.434217132218635,7.552634472989375,11.711371635337123,482.5450000000001,15.698557593804994,513.94211518761,451.1478848123901,-1546382.0
CLI,2025-12-15,497.0,504.0,497.0,501.0,0.38,60873.0,30429782.8,0.003806852334201416,0.0037996246093010945,497.43999999999994,484.93,491.67420715100195,482.98554751756063,66.41347997748824,8.688659633441318,7.779839505079765,11.374845089955901,484.93,14.607139566509634,514.1442791330193,455.71572086698075,-1485509.0
CLI,2025-12-16,500.0,508.6,498.9,507.0,1.2,70846.0,35655268.5,0.011976047904191711,0.011904902506318458,500.96000000000004,487.33500000000004,494.0320214354632,484.76439584959314,69.64928863312082,9.267625585870064,8.077396721237825,11.255213297816198,487.33500000000004,14.044750845618312,515.4245016912366,459.2454983087634,-1414663.0
CLI,2025-12-17,509.0,526.0,506.0,519.0,2.37,135518.0,70263113.1,0.023668639053254337,0.023392879574705375,505.16,490.285,497.8732489069304,487.3003665274011,74.8649785491557,10.572882379529347,8.57649385289613,11.879840919400756,490.285,14.196488631820092,518.6779772636402,461.8920227363598,-1279145.0
CLI,2025-12-18,520.0,523.0,515.1,519.9,0.17,104340.0,54172771.0,0.001734104046242635,0.0017326022237813096,509.2,493.15,501.26197984432577,489.715154192038,75.20907607283249,11.546825652287737,9.17056021277445,11.595566568014988,493.15,14.096826817248928,521.3436536344979,464.9563463655021,-1174805.0
CLI,2025-12-21,519.9,523.0,513.5,516.0,-0.75,123345.0,63808480.7,-0.007501442585112428,-0.007529719908107259,512.58,495.945,503.5293675605833,491.6621798074426,70.69276313732279,11.867187753140684,9.709885720847698,11.445883241728204,495.945,12.66838065503157,521.2817613100631,470.60823868993685,-1298150.0
CLI,2025-12-22,513.5,522.0,512.2,519.0,0.58,137877.0,71234523.1,0.005813953488372103,0.005797117684325915,516.1800000000001,498.395,505.9094648589551,493.6872035254098,72.08158292178665,12.222261333545305,10.21236084338722,11.32832015303333,498.395,12.112649977334247,522.6202999546684,474.16970004533147,-1160273.0
CLI,2025-12-23,508.7,508.7,483.0,488.0,-5.97,103198.0,50408471.8,-0.05973025048169556,-0.061588477312741446,512.38,498.29499999999996,503.15416257296204,493.2659291901943,47.19399207188314,9.888233382767737,10.147535351263324,13.090582999245235,498.29499999999996,12.193590853168223,522.6821817063365,473.9078182936635,-1263471.0
CLI,2025-12-24,497.7,497.7,470.0,471.5,-3.38,67041.0,31887724.0,-0.03381147540983609,-0.03439630377963502,502.88,496.875,498.284291407891,491.6536381390688,39.39697696851482,6.630653268822186,9.444158934775096,14.134112785013432,496.875,13.57252933801606,524.0200586760321,469.72994132396786,-1330512.0
CLI,2025-12-28,471.0,480.0,465.2,473.1,0.34,69482.0,32943080.8,0.0033934252386003116,0.0033876805635903048,493.52,495.68,494.4097850374462,490.2792945732118,40.42482220840244,4.130490464234413,8.38142524066696,14.181676157512474,495.68,14.575993240499715,524.8319864809995,466.5280135190006,-1261030.0
CLI,2025-12-29,482.5,482.5,466.0,467.9,-1.1,36302.0,17052944.7,-0.010991333756077082,-0.011052184764931932,483.9,494.275,490.3313565701468,488.6215690492702,38.15962713887776,1.7097875208766027,7.04709769670889,14.347270717690154,494.275,15.842776039296295,525.9605520785925,462.5894479214074,-1297332.0
CLI,2025-12-31,477.2,477.5,468.2,470.0,0.45,38232.0,18001672.5,0.004488138491130611,0.004478096831933695,474.1,493.375,487.203455559355,487.24219356413903,39.63083253796997,-0.03873800478402245,5.629930556410308,14.008179952140859,493.375,16.705778231363823,526.7865564627276,459.9634435372724,-1259100.0
CLI,2026-01-01,473.0,473.0,464.2,467.0,-0.64,38469.0,17936196.0,-0.006382978723404209,-0.006403437035206913,469.9,492.325,484.0952316271466,485.74277181864727,38.231536493414126,-1.6475401915006955,4.174436406828108,13.636167098416513,492.325,17.692218777272554,527.709437554545,456.9405624454549,-1297569.0
CLI,2026-01-04,470.0,470.0,461.0,464.8,-0.47,23596.0,10944320.5,-0.004710920770877869,-0.004722052131195763,468.56000000000006,491.175,481.1267344537394,484.1914553876364,37.19439033126189,-3.0647209338969787,2.726604938683091,13.305012305672475,491.175,18.719505026062194,528.6140100521244,453.7359899478756,-1321165.0
CLI,2026-01-05,464.8,468.0,461.4,467.0,0.47,32647.0,15178535.7,0.004733218588640176,0.004722052131195739,467.34000000000003,490.27,478.95339069162566,482.91801424781147,38.97716029759456,-3.9646235561858134,1.38835923970931,12.8260828552673,490.27,19.45185960531734,529.1737192106347,451.3662807893653,-1288518.0
CLI,2026-01-06,467.0,476.0,464.0,473.9,1.48,42620.0,20141483.8,0.014775160599571624,0.014667071304645195,468.53999999999996,489.81499999999994,478.17594596983713,482.250013192418,44.31590476336535,-4.074067222580879,0.29587394725127214,12.767076937033922,489.81499999999994,19.73522831998195,529.2854566399639,450.344543360036,-1245898.0
CLI,2026-01-07,470.1,480.0,468.3,479.9,1.27,40390.0,19194010.9,0.012660898923823494,0.012581419890657128,470.52,489.56000000000006,478.4411850514007,482.0759381411278,48.53254238291702,-3.6347530897270985,-0.490251460144402,12.690857155817213,489.56000000000006,19.833422084417485,529.226844168835,449.8931558311651,-1205508.0
CLI,2026-01-08,472.5,483.0,472.4,479.0,-0.19,33195.0,15847818.0,-0.0018753907063970843,-0.001877151453284521,472.91999999999996,489.0400000000001,478.5271565819544,481.84809087141457,47.94604798233156,-3.320934289460183,-1.0563880260075584,12.541510216115984,489.0400000000001,19.97367741487268,528.9873548297454,449.09264517025474,-1238703.0
CLI,2026-01-12,471.2,480.0,471.1,475.5,-0.73,47799.0,22769497.2,-0.007306889352818424,-0.007333715425470292,475.06000000000006,487.9150000000001,478.0614401847306,481.3778619179765,45.63636643729112,-3.3164217332458747,-1.5083947674552218,12.28140234353627,487.9150000000001,20.075837139253093,528.0666742785063,447.7633257214939,-1286502.0
CLI,2026-01-13,471.0,475.0,471.0,475.0,-0.11,30707.0,14544815.3,-0.001051524710830698,-0.0010520779508037803,476.66,486.68,477.59044938707973,480.90542770183004,45.30063637149284,-3.314978314750306,-1.869711476914239,11.725587890426537,486.68,20.072437242193867,526.8248744843877,446.53512551561226,-1317209.0
CLI,2026-01-14,475.0,480.0,471.5,474.0,-0.21,25644.0,12154295.4,-0.002105263157894721,-0.0021074823395646983,476.68,485.425,477.03807255829827,480.3939145387315,44.59404116648441,-3.3558419804332402,-2.1669375776180395,11.495188755396072,485.425,20.039667898280843,525.5043357965617,445.34566420343833,-1342853.0
CLI,2026-01-18,472.1,480.0,471.5,476.9,0.61,29464.0,14005880.1,0.00611814345991557,0.006099503609102126,476.08000000000004,484.21999999999997,477.0168306262524,480.135106054381,47.16768646916897,-3.1182754281286407,-2.35720514772016,11.28124670143921,484.21999999999997,19.776690159981563,523.773380319963,444.66661968003683,-1313389.0
CLI,2026-01-20,485.0,486.4,478.0,480.5,0.75,59499.0,28648034.9,0.007548752358985222,0.00752040310616863,476.38,482.895,477.5527028375982,480.162135235538,50.25667446148124,-2.609432397939827,-2.4076505977640936,11.154014794193554,482.895,19.04431051935441,520.9836210387089,444.80637896129116,-1253890.0
CLI,2026-01-21,483.0,490.0,474.0,474.6,-1.23,32863.0,15710904.6,-0.012278876170655484,-0.012354884408683908,476.2,480.675,477.09844086258306,479.7501252180908,45.55564487562616,-2.6516843555077116,-2.4564573493128172,11.500156594608299,480.675,17.10293526668846,514.8808705333769,446.4691294666231,-1286753.0
CLI,2026-01-22,474.0,477.0,470.0,476.0,0.29,19471.0,9228536.8,0.002949852507374562,0.0029455102297567446,476.4,478.48,476.9294499606472,479.4723381648989,46.826669050150414,-2.5428882042516534,-2.4737435203005846,11.178716837850564,478.48,14.408681593499352,507.2973631869987,449.6626368130013,-1267282.0
CLI,2026-01-25,476.0,484.0,473.2,482.0,1.26,57147.0,27457966.1,0.012605042016806678,0.012526259819180256,478.0,476.78000000000003,477.7095345820861,479.65957237490636,51.99870790436139,-1.9500377928202397,-2.369002374804516,11.151665635146953,476.78000000000003,11.4511134829625,499.68222696592505,453.877773034075,-1210135.0
CLI,2026-01-26,482.0,493.0,480.2,486.0,0.83,62452.0,30372701.4,0.008298755186721962,0.008264509849893431,479.82,475.13,478.98499080022674,480.1292336804689,55.13198087723103,-1.1442428802421318,-2.124050475892039,11.269403804065028,475.13,6.23851365561229,487.60702731122456,462.65297268877544,-1147683.0
CLI,2026-01-27,481.0,490.0,477.0,479.8,-1.28,44867.0,21644739.7,-0.01275720164609051,-0.012839273494899543,479.68,474.71999999999997,479.1103768309611,480.1048460004341,49.71509191705732,-0.9944691694730068,-1.8981342146082327,11.393017818060384,474.71999999999997,5.583207906391896,485.88641581278375,463.5535841872162,-1192550.0
CLI,2026-01-28,475.0,482.0,475.0,477.3,-0.52,29616.0,14181353.7,-0.005210504376823688,-0.005224126393743335,480.21999999999997,475.00999999999993,478.8318573185055,479.8970796300316,47.68075687664871,-1.0652223115260995,-1.7315518339918061,11.079230831056071,475.00999999999993,5.5577257749150855,486.12545154983013,463.89454845016974,-1222166.0
CLI,2026-01-29,475.0,483.0,472.8,474.1,-0.67,31671.0,15088313.2,-0.006704378797402044,-0.006726954103778218,479.84000000000003,475.05999999999995,478.10387926950466,479.46766632410333,45.134859015761464,-1.3637870545986743,-1.6579988781131798,11.01642862883778,475.05999999999995,5.544119691851598,486.1482393837031,463.97176061629676,-1253837.0
CLI,2026-02-01,471.6,475.0,468.0,472.0,-0.44,28836.0,13574061.6,-0.004429445264712117,-0.0044392843225173,477.84000000000003,475.265,477.16482092035005,478.9145058556512,43.493599757462555,-1.7496849353011612,-1.6763360895507762,10.72954086963508,475.265,5.337383056744118,485.93976611348825,464.5902338865117,-1282673.0
CLI,2026-02-02,472.0,475.0,465.3,468.5,-0.74,15315.0,7180920.2,-0.007415254237288171,-0.007442883907078536,474.34000000000003,475.18999999999994,475.8317715479885,478.1430609774548,40.82879673279122,-2.311289429466285,-1.803326757533878,10.656002236089716,475.18999999999994,5.4250782191497215,486.0401564382994,464.3398435617005,-1297988.0
CLI,2026-02-03,469.2,473.0,465.0,465.2,-0.7,27227.0,12700881.7,-0.007043756670224166,-0.007068681033967566,471.41999999999996,475.1,474.1961143867595,477.1843157198656,38.43754146623889,-2.988201333106076,-2.040301672648318,10.466287790654736,475.1,5.580794133237379,486.2615882664748,463.93841173352524,-1325215.0
CLI,2026-02-04,462.0,470.0,462.0,470.0,1.03,19319.0,9056019.6,0.010318142734307756,0.010265274059594843,469.96000000000004,475.36,473.55055832725805,476.6521441850607,43.61083371055424,-3.101585857802661,-2.2525585096791865,10.290124377036541,475.36,5.182602475661741,485.7252049513235,464.9947950486765,-1305896.0
CLI,2026-02-05,468.0,474.0,466.2,473.0,0.64,20837.0,9792266.9,0.006382978723404209,0.00636269378782865,469.73999999999995,475.66,473.4658570461414,476.3816149861673,46.629512662553395,-2.9157579400258555,-2.3851983957485206,10.112258350105362,475.66,4.835221651665603,485.3304433033312,465.98955669666884,-1285059.0
CLI,2026-02-08,473.0,478.0,466.2,471.8,-0.25,21293.0,10024312.4,-0.0025369978858350573,-0.0025402215183582743,469.7,475.555,473.20957134673506,476.0422360983031,45.57845740105663,-2.832664751568018,-2.4746916669124204,10.232811325097837,475.555,4.897848614679159,485.35069722935833,465.7593027706417,-1306352.0
CLI,2026-02-09,471.8,471.8,465.0,465.1,-1.42,31226.0,14570492.0,-0.014200932598558702,-0.014302730743523315,469.02,474.81499999999994,471.9619449856989,475.23170009102137,40.13840564587439,-3.2697551053224743,-2.6337043545944314,9.987610516162277,474.81499999999994,5.307717816607625,485.4304356332152,464.19956436678467,-1337578.0
CLI,2026-02-10,463.3,466.0,462.2,462.5,-0.56,15691.0,7273635.1,-0.00559019565684804,-0.005605879277571497,468.48,473.98999999999995,470.5062611417452,474.28861119539016,38.23142149435641,-3.7823500536449615,-2.8634334944045374,9.5456383364364,473.98999999999995,5.8750050391643,485.74001007832857,462.23998992167134,-1353269.0
CLI,2026-02-11,462.5,469.9,461.9,462.1,-0.09,12674.0,5866668.6,-0.0008648648648648116,-0.0008652390762591326,466.9,473.32,469.2129901968613,473.38575110684275,37.93283265627454,-4.1727609099814345,-3.125298977519917,9.435235598119515,473.32,6.431468687116679,486.18293737423335,460.45706262576664,-1365943.0
CLI,2026-02-12,462.6,467.0,459.2,464.0,0.41,27426.0,12663190.8,0.004111664141960514,0.0041032343500344666,465.1,472.77,468.4109917050365,472.69051028411366,40.31723927417163,-4.279518579077148,-3.356142897831363,9.318433055396694,472.77,6.743035393312598,486.2560707866252,459.2839292133748,-1338517.0
CLI,2026-02-16,459.2,466.0,459.0,460.0,-0.86,17216.0,7931874.9,-0.008620689655172376,-0.008658062743114541,462.74000000000007,472.07,467.11699298118475,471.7504724852904,37.08702409424332,-4.633479504105651,-3.611610219086221,9.15283069429693,472.07,7.31135382378103,486.69270764756203,457.44729235243796,-1355733.0
CLI,2026-02-17,460.0,463.7,456.3,456.9,-0.67,18647.0,8566219.1,-0.006739130434782692,-0.00676194091391495,461.1,471.07,465.5451479071563,470.65043748638,34.762479915759144,-5.105289579223665,-3.91034609111371,9.027628501847149,471.07,7.955342461760135,486.98068492352024,455.15931507647974,-1374380.0
CLI,2026-02-22,454.0,457.0,450.1,452.0,-1.07,19375.0,8787379.6,-0.010724447362661316,-0.010782368736994532,459.0,469.645,463.46127899836307,469.26892359849995,31.41113925506434,-5.807644600136882,-4.289805792918345,8.875655037429494,469.645,8.695399570110663,487.0357991402213,452.2542008597787,-1393755.0
CLI,2026-02-23,447.0,457.0,447.0,455.0,0.66,12983.0,5885597.4,0.006637168141592875,0.006615239118719183,457.58000000000004,468.66499999999996,462.15954376784566,468.21196629490737,35.51041617124301,-6.052422527061708,-4.642329139747018,8.955965391898816,468.66499999999996,9.197555453241774,487.0601109064835,450.26988909351644,-1380772.0
CLI,2026-02-24,455.0,462.0,450.0,462.0,1.54,18695.0,8499757.3,0.01538461538461533,0.01526747213078838,457.18,467.965,462.1349985727925,467.7518206434328,43.93092823927847,-5.616822070640296,-4.837227725925674,9.173396435334617,467.965,9.142513474490777,486.25002694898154,449.6799730510184,-1362077.0
CLI,2026-02-25,456.1,472.2,456.1,471.0,1.95,19924.0,9340544.3,0.01948051948051943,0.01929320293467885,459.38,467.41499999999996,463.49884494620903,467.992426521697,52.51568941915342,-4.493581575487951,-4.76849849583813,9.668153832810713,467.41499999999996,8.566475354523893,484.54795070904777,450.28204929095216,-1342153.0
CLI,2026-02-26,462.1,474.3,462.1,474.0,0.64,13648.0,6423639.9,0.006369426751592355,0.0063492276786587445,462.8,466.81499999999994,465.1144072621769,468.4374319645342,54.989584636057025,-3.3230247023573156,-4.479403737141967,9.848999987609947,466.81499999999994,7.557030536260905,481.92906107252173,451.70093892747815,-1328505.0
CLI,2026-03-01,470.0,474.5,453.0,469.0,-1.05,20615.0,9650637.7,-0.010548523206751037,-0.010604553248797112,466.2,466.275,465.71219076030354,468.479103670865,50.287161361693464,-2.766912910561473,-4.136905571825868,10.681214274209236,466.275,6.94109615184349,480.15719230368694,452.392807696313,-1349120.0
CLI,2026-03-03,470.0,474.9,462.1,473.8,1.02,15877.0,7486164.7,0.010234541577825107,0.01018252327840567,469.96000000000004,466.1,466.9564691048722,468.87324413968986,54.325228868829875,-1.9167750348176469,-3.692879464424224,10.832556111765715,466.1,6.688009695258595,479.4760193905172,452.72398060948285,-1333243.0
CLI,2026-03-09,483.2,492.8,483.2,492.8,4.01,1010.0,488128.0,0.0401013085690165,0.03931812049462497,476.12,467.035,470.93239693489187,470.64559642563876,66.07284009077638,0.28680050925311207,-2.896943469688757,11.415944960925307,467.035,8.829572022749884,484.6941440454998,449.37585595450025,-1332233.0
CLI,2026-03-10,502.0,502.0,483.0,495.0,0.45,86553.0,42576347.8,0.004464285714285587,0.004454350349380153,480.91999999999996,468.18500000000006,474.6351050987547,472.4496263200359,67.12714063389532,2.185478778718789,-1.8804590200072477,11.957663178002072,468.18500000000006,10.790359976419653,489.7657199528394,446.6042800471607,-1245680.0
CLI,2026-03-11,495.0,497.3,484.0,486.0,-1.82,25020.0,12259283.6,-0.018181818181818188,-0.01834913866819654,483.32,469.06000000000006,476.3835504681771,473.45335770373697,59.04372048560382,2.9301927644401076,-0.9183286631177768,12.053544379573355,469.06000000000006,11.50324439358808,492.06648878717624,446.0535112128239,-1270700.0
CLI,2026-03-12,480.0,492.0,480.0,485.1,-0.19,19593.0,9529206.9,-0.0018518518518517713,-0.0018535686493228326,486.53999999999996,470.055,477.7245427038422,474.3160719479046,58.287828803410996,3.4084707559375715,-0.05296877930670718,12.049719781032401,470.055,12.001643527787817,494.05828705557565,446.05171294442437,-1290293.0
CLI,2026-03-15,481.0,490.0,481.0,484.2,-0.19,20602.0,10019254.3,-0.0018552875695733162,-0.0018570107472127711,488.62,470.765,478.7207669032511,475.0482147665784,57.49514189749,3.6725521366727207,0.6921354038891785,11.831882653815802,470.765,12.411254442713547,495.5875088854271,445.9424911145729,-1310895.0
CLI,2026-03-16,481.0,484.9,473.5,480.0,-0.87,32513.0,15527733.9,-0.008674101610904539,-0.008711940602021455,486.06000000000006,471.11499999999995,478.91757199505867,475.41501367275777,53.81695025642765,3.5025583223008994,1.2542199875715228,11.801033892828958,471.11499999999995,12.575216854871352,496.26543370974264,445.96456629025727,-1343408.0
CLI,2026-03-17,475.0,479.9,475.0,478.7,-0.27,12040.0,5752301.9,-0.0027083333333333126,-0.002712007503473248,482.8,471.46000000000004,478.88409938043424,475.65834599329423,52.69328431632138,3.225753387140003,1.648526667485219,11.31524575762689,471.46000000000004,12.689133353497025,496.8382667069941,446.081733293006,-1355448.0
CLI,2026-03-19,475.0,491.9,475.0,490.0,2.36,55838.0,27246449.6,0.023605598495926472,0.023331294706208955,483.6,472.70500000000004,480.5942379372905,476.72069073453173,60.42772519796424,3.8735472027587434,2.093530774539924,11.714156774939253,472.70500000000004,13.241778978898223,499.1885579577965,446.2214420422036,-1299610.0
CLI,2026-03-22,495.0,502.4,488.0,502.0,2.45,73644.0,36672522.9,0.02448979591836742,0.02419472858705697,486.98,474.68,483.8874321007842,478.59323216160345,66.66136164889508,5.294199939180771,2.7336646074680937,11.906002719586448,474.68,14.523288013962981,503.72657602792594,445.63342397207407,-1225966.0
CLI,2026-03-23,503.0,511.0,496.1,500.0,-0.4,43211.0,21597830.5,-0.003984063745019917,-0.00399202126953745,490.14000000000004,476.575,486.36628870066363,480.17891866815137,64.82841718887194,6.187370032512263,3.4244056924769275,12.119859668187415,476.575,15.249879205723428,507.07475841144685,446.0752415885531,-1269177.0
CLI,2026-03-24,496.0,500.0,491.0,498.0,-0.4,39060.0,19389195.5,-0.0040000000000000036,-0.004008021397538822,493.74000000000007,478.275,488.15609043902305,481.49899876680684,62.96396238834024,6.657091672216211,4.070942888424785,11.897012549031171,478.275,15.663765595515788,509.6025311910316,446.9474688089684,-1308237.0
CLI,2026-03-25,490.0,499.0,490.0,490.3,-1.55,41452.0,20465946.7,-0.015461847389558248,-0.015582628367465372,496.06000000000006,479.78999999999996,488.4859226791733,482.1509247840804,56.25586083807413,6.334997895092897,4.5237538897584075,11.69008308124323,479.78999999999996,15.263368601076216,510.3167372021524,449.2632627978475,-1349689.0
CLI,2026-03-26,486.0,494.8,486.0,491.0,0.14,19843.0,9711687.1,0.0014276973281663885,0.0014266791373329713,496.26000000000005,481.495,488.87270380545436,482.8064118371115,56.70741833799946,6.066291968342853,4.832261505475297,11.483648575440144,481.495,14.455029173984512,510.40505834796903,452.584941652031,-1329846.0
CLI,2026-03-29,492.0,492.0,480.5,481.0,-2.04,39927.0,19333110.0,-0.020366598778004064,-0.020576857688759387,492.06000000000006,482.945,487.66151860461525,482.672603552881,48.93587631983522,4.988915051734239,4.863592214727086,11.484816534337277,482.945,12.687020926903736,508.31904185380745,457.57095814619254,-1369773.0
CLI,2026-03-30,490.0,490.0,472.1,474.8,-1.29,24301.0,11556668.1,-0.012889812889812835,-0.012973607370248153,487.02,483.93500000000006,485.68282343467445,482.08944773414913,44.833406155136764,3.593375700525314,4.609548911886732,11.943043924741756,483.93500000000006,11.059802748774516,506.0546054975491,461.815394502451,-1394074.0
CLI,2026-03-31,472.0,480.0,467.2,479.9,1.07,21955.0,10369547.0,0.010741364785172625,0.010684086128686788,483.4,484.83000000000004,484.7931582908784,481.92726642050843,48.64710310210947,2.8658918703699783,4.260817503583381,12.00425507297449,484.83000000000004,9.849344087149413,504.52868817429885,465.13131182570123,-1372119.0
CLI,2026-04-01,475.0,480.0,466.0,470.5,-1.96,33633.0,15853063.8,-0.01958741404459252,-0.01978178983876541,479.43999999999994,484.805,482.59421086151247,481.08080224121153,42.77727378095603,1.513408620300936,3.7113357269268916,12.14680828204774,484.805,9.886858635780488,504.578717271561,465.031282728439,-1405752.0
CLI,2026-04-02,462.0,470.0,462.0,470.0,1.03,19319.0,9056019.6,-0.0010626992561104665,-0.0010632643213300003,475.23999999999995,484.605,480.6566399597413,480.26000207519587,42.483632595210736,0.39663788454544147,3.048396158450602,11.886321976187189,484.605,10.153789803227038,504.9125796064541,464.29742039354596,-1425071.0
CLI,2026-04-05,445.1,453.0,445.1,450.0,-0.57,14901.0,6696050.4,-0.04255319148936165,-0.04348511193973878,469.03999999999996,483.65500000000003,475.9402338120888,478.01852043999617,32.788218542737354,-2.078286627907346,2.0230596011790123,12.815870406459531,483.65500000000003,12.343396913658564,508.34179382731713,458.9682061726829,-1439972.0
CLI,2026-04-06,450.0,468.9,450.0,468.0,3.08,19674.0,9095456.1,0.040000000000000036,0.03922071315328133,467.68,483.36500000000007,474.7186593794598,477.2764078148113,44.962207782142016,-2.5577484353515274,1.1068979938729044,13.25045109171242,483.36500000000007,12.651410364470062,508.66782072894017,458.06217927105996,-1420298.0
CLI,2026-04-07,467.0,475.5,465.5,466.0,-0.43,12120.0,5679204.4,-0.004273504273504258,-0.004282661792000848,464.9,482.025,473.3773271672352,476.4411183470475,44.008390543878015,-3.0637911798123127,0.27276015913586105,13.018276013732962,482.025,13.013591073614954,508.05218214722987,455.9978178527701,-1432418.0
CLI,2026-04-08,465.0,469.0,457.1,467.0,0.21,9911.0,4619803.5,0.0021459227467810482,0.002143623543251369,464.2,480.625,472.3961999107375,475.7417762472662,44.640747705930636,-3.3455763365287225,-0.4509071399970557,12.938399155609178,480.625,13.050342806536174,506.72568561307236,454.52431438692764,-1422507.0
CLI,2026-04-09,467.0,473.0,467.0,472.0,1.07,14718.0,6926936.8,0.010706638115631772,0.010649727916658148,464.6,479.925,472.33524607831635,475.46460763635764,47.81430022497776,-3.129361558041296,-0.9865980236059039,12.442799215922808,479.925,13.122133772238808,506.16926754447763,453.6807324555224,-1407789.0
CLI,2026-04-10,472.0,475.0,465.0,468.5,-0.74,9688.0,4544617.7,-0.007415254237288171,-0.007442883907078536,468.3,479.09499999999997,471.74520822011385,474.94871077440524,45.83358506135252,-3.20350255429139,-1.4299789297430012,12.268313557642607,479.09499999999997,13.301344411659349,505.6976888233187,452.49231117668126,-1417477.0
CLI,2026-04-13,468.5,468.5,461.1,466.0,-0.53,11890.0,5532518.9,-0.005336179295624355,-0.005350467552831026,467.9,478.18500000000006,470.861330032404,474.2858433096345,44.41817720342794,-3.424513277230517,-1.8288857992405045,11.920576874953849,478.18500000000006,13.553879809649404,505.29275961929886,451.07724038070126,-1429367.0
CLI,2026-04-15,466.0,470.0,461.2,467.0,0.21,14824.0,6917638.0,0.0021459227467810482,0.002143623543251369,468.1,477.535,470.267279258188,473.74615121262457,45.14786317763441,-3.4788719544365563,-2.158883030279715,11.69767852674286,477.535,13.772217457036255,505.0794349140725,449.9905650859275,-1414543.0
CLI,2026-04-16,467.0,470.0,463.0,464.0,-0.64,13096.0,6076224.8,-0.0064239828693790635,-0.006444705442642095,467.5,476.8,469.30308244923606,473.0242140857635,43.31087602166521,-3.7211316365274456,-2.4713327515292614,11.362130060546942,476.8,14.09523995799172,504.9904799159834,448.6095200840166,-1427639.0
CLI,2026-04-17,460.0,466.5,460.0,465.0,0.22,15161.0,7003378.1,0.0021551724137931494,0.0021528533611010927,466.1,475.55,468.64106976473823,472.42982785718846,44.126959625072644,-3.788758092450223,-2.734817819713454,11.01483505622216,475.55,13.971003806745625,503.49200761349124,447.6079923865088,-1412478.0
CLI,2026-04-20,465.0,465.0,460.2,463.8,-0.26,9333.0,4308620.4,-0.002580645161290307,-0.002583980765925018,465.16,473.64,467.8962898009324,471.79058134924855,43.32102546354325,-3.8942915483161755,-2.9667125654339985,10.570918266492008,473.64,12.71983118059488,499.0796623611898,448.2003376388102,-1421811.0
CLI,2026-04-21,461.0,465.0,460.0,463.0,-0.17,10134.0,4686084.3,-0.0017248814144027458,-0.0017263707351971903,464.56000000000006,471.78999999999996,467.1430144469428,471.13942717523014,42.760326189908234,-3.996412728287339,-3.172652598004667,10.17299553317115,471.78999999999996,11.29508043817907,494.3801608763581,449.1998391236418,-1431945.0
CLI,2026-04-22,460.1,463.0,455.0,458.2,-1.04,19796.0,9059995.2,-0.010367170626349953,-0.010421284066838989,462.8,469.8,465.7671660704901,470.1809510881761,39.46022851351785,-4.413785017685996,-3.420879081940933,10.017781566516067,469.8,9.847575175736104,489.4951503514722,450.1048496485278,-1451741.0
CLI,2026-04-23,455.0,457.8,452.0,456.3,-0.41,9923.0,4516320.1,-0.0041466608467917165,-0.004155282086038207,461.26000000000005,468.1,464.3106789827224,469.1527324890519,38.2033752805831,-4.842053506329535,-3.7051139668186535,9.74508288319349,468.1,9.022544862129495,486.14508972425904,450.054910275741,-1461664.0
CLI,2026-04-24,450.1,460.0,450.1,459.0,0.59,10823.0,4929135.8,0.00591715976331364,0.005899722127188322,460.06000000000006,466.5,463.4936514469189,468.4006782306036,41.075578372056555,-4.907026783684728,-3.9454965301918685,9.756148391536811,466.5,7.447783138885922,481.3955662777718,451.6044337222282,-1450841.0
CLI,2026-04-27,459.0,465.0,455.0,457.0,-0.44,16827.0,7696932.5,-0.004357298474945481,-0.0043668191663404025,458.7,465.3,462.4946281473929,467.5561835468552,39.607077842419194,-5.061555399462293,-4.168708304045953,9.773566363569897,465.3,6.902021061725544,479.1040421234511,451.4959578765489,-1467668.0
CLI,2026-04-28,457.0,461.0,455.0,456.1,-0.2,10338.0,4729702.3,-0.0019693654266957905,-0.0019713071765498987,457.32,464.36499999999995,461.5108392016401,466.7075773581993,38.932549103960966,-5.1967381565591495,-4.374314274548593,9.50402590902919,464.36499999999995,6.813398178332265,477.9917963566645,450.7382036433354,-1478006.0
CLI,2026-04-29,456.1,456.5,453.0,454.0,-0.46,8046.0,3658522.8,-0.004604253453190155,-0.004614885676306829,456.48,463.07,460.3553254783109,465.766275331666,37.33481986018961,-5.410949853355135,-4.581641390309901,9.075166915527106,463.07,6.1326649139689415,475.33532982793787,450.8046701720621,-1486052.0
CLI,2026-04-30,449.0,455.0,448.2,452.6,-0.31,13491.0,6085464.1,-0.003083700440528636,-0.0030884648419109858,455.73999999999995,462.175,459.1621984816477,464.7909956774686,36.266289436831165,-5.62879719582088,-4.791072551412097,8.912654992989456,462.175,6.295267646136894,474.7655352922738,449.5844647077262,-1499543.0
CLI,2026-05-01,464.8,468.0,461.4,467.0,0.47,32647.0,15178535.7,0.03181617322138752,0.03132052446946029,457.34,462.025,460.36801409985577,464.95462562728574,51.6077789228296,-4.586611527429966,-4.750180346615671,9.376036779204492,462.025,6.132645604053668,474.2902912081073,449.75970879189265,-1466896.0
CLI,2026-05-02,468.0,474.0,466.2,473.0,0.64,20837.0,9792266.9,0.012847965738758127,0.012766130823035751,460.53999999999996,463.175,462.3113965460318,465.5505792845238,56.325180847964326,-3.2391827384919907,-4.447980824990935,9.26346272354703,463.175,5.911529769034718,474.99805953806947,451.35194046193055,-1446059.0
CLI,2026-05-04,461.1,463.9,453.0,454.0,-2.8,48556.0,22201047.6,-0.04016913319238902,-0.040998190450585,460.12,462.475,461.03272015433464,464.6949808190035,42.27218167132656,-3.6622606646688496,-4.290836792926519,10.030358243293673,462.475,6.134790778371589,474.7445815567432,450.20541844325686,-1494615.0
CLI,2026-05-05,448.3,453.0,448.2,453.0,0.67,6340.0,2859242.0,-0.0022026431718061845,-0.002205072558313981,459.91999999999996,461.825,459.79691705366776,463.82868594352175,41.68272269180568,-4.031768889853993,-4.239023212312014,9.728189797344125,461.825,6.423548371723042,474.67209674344605,448.97790325655393,-1500955.0
CLI,2026-05-06,464.7,465.5,457.1,465.5,-0.11,14320.0,6642877.0,0.02759381898454749,0.02721997123408777,462.5,461.75,460.6743144300266,463.95248698474234,50.899507892460186,-3.278172554715752,-4.046853080792761,9.926176240390973,461.75,6.368466724472047,474.4869334489441,449.0130665510559,-1486635.0
CLI,2026-05-07,450.9,459.0,447.1,452.0,0.24,5216.0,2356460.5,-0.029001074113856107,-0.029429916884890613,459.5,460.75,459.3398045177148,463.0671175784651,42.996018009781956,-3.727313060750305,-3.9829450767842705,10.53144936607733,460.75,6.243270060816296,473.2365401216326,448.2634598783674,-1491851.0
CLI,2026-05-08,452.0,458.0,452.0,456.0,0.88,6678.0,3039657.2,0.008849557522123908,0.008810629682154906,456.1,460.125,458.82598843806636,462.5436273874677,45.68705446195681,-3.717638949401362,-3.929883851307689,10.207774411357521,460.125,6.049260502840947,472.2235210056819,448.0264789943181,-1485173.0
CLI,2026-05-11,456.0,459.9,454.0,459.5,0.77,9558.0,4375752.7,0.007675438596491224,0.007646132281355657,457.2,459.8,458.92968252451766,462.3181735069146,48.00022976831331,-3.388490982396945,-3.8216052775255407,9.900076239117697,459.8,5.889508959932546,471.5790179198651,448.0209820801349,-1475615.0
CLI,2026-05-12,466.0,466.0,455.7,456.0,-0.76,9348.0,4268156.5,-0.007616974972796564,-0.007646132281355707,457.8,459.25,458.47896213613035,461.85016065455056,45.895205099642105,-3.371198518420215,-3.731523925704476,9.928642222037862,459.25,5.692053555955155,470.63410711191034,447.86589288808966,-1484963.0
CLI,2026-05-13,455.0,456.0,450.3,455.0,-0.22,8957.0,4050770.6,-0.002192982456140302,-0.002195390563435615,455.7,458.8,457.9437371921103,461.34274134680606,45.284155053135244,-3.399004154695774,-3.665019971502736,9.626596349035157,458.8,5.652386547632869,470.1047730952657,447.4952269047343,-1493920.0
CLI,2026-05-14,451.7,455.0,451.7,452.8,-0.48,4247.0,1921021.7,-0.004835164835164774,-0.004846892061977175,455.86,458.18999999999994,457.1523930087087,460.70994569148706,43.89939240738772,-3.5575526827783506,-3.6435265137578594,9.17469660981836,458.18999999999994,5.606190187703428,469.4023803754068,446.9776196245931,-1498167.0
CLI,2026-05-15,451.8,459.5,451.8,455.0,0.49,17123.0,7756357.5,0.004858657243816289,0.004846892061977272,455.66,457.75,456.82125562275354,460.2869867513769,45.687977990339895,-3.4657311286233607,-3.60796743673096,9.069361137688476,457.75,5.4867783663780445,468.7235567327561,446.7764432672439,-1481044.0
CLI,2026-05-18,453.0,455.9,451.1,451.6,-0.75,16397.0,7426155.7,-0.007472527472527468,-0.007500586675443459,454.08000000000004,457.18,456.01798552694527,459.6435062512749,43.38584131200916,-3.625520724329647,-3.611478094250698,8.764406770710725,457.18,5.504792170623087,468.1895843412462,446.1704156587538,-1497441.0
CLI,2026-05-19,450.0,453.0,450.0,451.6,0.0,10197.0,4609085.7,0.0,0.0,453.2,456.85,455.3382954458768,459.0476909734027,43.38584131131672,-3.709395527525942,-3.631061580905747,8.352663429945672,456.85,5.636675018377888,468.1233500367558,445.5766499632442,-1497441.0
CLI,2026-05-20,450.0,456.0,450.0,454.5,0.64,7673.0,3478192.5,0.006421612046058511,0.006401081342026624,453.1,456.76000000000005,455.20932691574194,458.71082497537293,46.073769591347016,-3.5014980596309897,-3.6051488766507958,8.18461604209241,456.76000000000005,5.660239905615399,468.0804798112309,445.4395201887692,-1489768.0
CLI,2026-05-21,452.2,456.0,452.2,454.0,-0.11,3535.0,1604542.2,-0.0011001100110010764,-0.0011007155761855161,453.34,456.51000000000005,455.0232766210124,458.36187497719715,45.67115335139202,-3.3385983561847183,-3.5518387725575806,7.871429181942953,456.51000000000005,5.666512897779341,467.84302579555873,445.17697420444136,-1493303.0
CLI,2026-05-22,452.0,455.0,451.2,452.0,-0.44,9306.0,4211061.2,-0.004405286343612369,-0.004415018209116831,452.73999999999995,456.26000000000005,454.5581571408567,457.89062497888625,44.01432961424636,-3.3324678380295722,-3.5079645856519788,7.580612811804172,456.26000000000005,5.753388017842804,467.76677603568567,444.75322396431443,-1502609.0
CLI,2026-05-25,452.0,459.8,452.0,456.2,0.93,20675.0,9435027.8,0.00929203539822998,0.009249130018056361,453.66,456.265,454.81074834995565,457.76539349896876,48.259263341596046,-2.9546451490131176,-3.397300698324207,7.596283325246731,456.265,5.75328510273312,467.7715702054662,444.75842979453375,-1481934.0
CLI,2026-05-26,455.0,460.0,454.0,457.0,0.18,20764.0,9480805.3,0.0017536168347216385,0.001752081043917068,454.73999999999995,456.41499999999996,455.1475562961163,457.70869768423034,49.05167224209755,-2.561141388114038,-3.2300688362821735,7.482263087729108,456.41499999999996,5.7301855393552765,467.87537107871054,444.9546289212894,-1461170.0
CLI,2026-05-27,456.8,459.0,454.5,458.0,0.22,10262.0,4687316.6,0.002188183807439792,0.0021857932199802256,455.43999999999994,456.68499999999995,455.5863937890215,457.7302756335466,50.08082265683443,-2.14388184452514,-3.012831437930767,7.269244295748457,456.68499999999995,5.667847916065433,468.0206958321308,445.3493041678691,-1450908.0
CLI,2026-06-01,450.0,460.0,450.0,455.0,-0.66,16729.0,7637699.8,-0.0065502183406113135,-0.006571765163234502,455.64,456.0849999999999,455.49617935994127,457.52803299402467,47.01271767866602,-2.0318536340834044,-2.816635877161295,7.464298274623568,456.0849999999999,5.127867618751076,466.3407352375021,445.82926476249776,-1467637.0
CLI,2026-06-02,452.4,459.0,452.3,454.3,-0.15,18928.0,8610010.1,-0.0015384615384614886,-0.0015396461855927501,456.1,455.15,455.3121517661042,457.28891943891176,46.29996171114622,-1.9767676728075685,-2.6486622362905496,7.409705540721884,455.15,3.237851789407801,461.6257035788156,448.67429642118435,-1486565.0
CLI,2026-06-03,455.0,470.0,453.3,466.9,2.77,36787.0,17119747.2,0.027734976887519247,0.02735732921153371,458.24000000000007,455.79499999999996,457.094897648242,458.00085133232574,58.49716921484066,-0.9059536840837268,-2.3001205258491852,8.073298002098891,455.79499999999996,4.152421614287718,464.0998432285754,447.4901567714245,-1449778.0
CLI,2026-06-04,450.0,468.9,450.0,468.0,3.08,19674.0,9095456.1,0.002355964874705574,0.002353193940755468,460.44000000000005,456.54499999999996,458.77260570235865,458.74152901141275,59.36491754207122,0.031076690945894825,-1.8338810824901692,8.846633859091826,456.54499999999996,4.907081349240922,466.3591626984818,446.73083730151814,-1430104.0
CLI,2026-06-05,449.2,451.0,449.2,450.9,-0.46,5213.0,2347694.1,-0.03653846153846163,-0.03722271049060834,459.02,455.81499999999994,457.5614355943035,458.16067501056733,43.973064517541374,-0.5992394162638561,-1.5869527492449067,9.55758858344241,455.81499999999994,4.579850031980896,464.97470006396173,446.65529993603815,-1435317.0
CLI,2026-06-07,444.0,452.0,444.0,451.9,0.67,5660.0,2536106.4,0.002217786648924358,0.0022153309901954865,458.4,455.80999999999995,456.6904455028722,457.69692130608087,44.873209203904416,-1.006475803208673,-1.47085736003766,9.446332256053667,455.80999999999995,4.584286663175881,464.9785733263517,446.6414266736482,-1429657.0
CLI,2026-06-08,442.0,445.0,440.0,440.1,-1.28,6652.0,2938733.0,-0.026111971675149226,-0.026458942600188128,455.55999999999995,455.015,454.1380692716611,456.3934456537786,37.264988006247634,-2.255376382117504,-1.627761164453629,9.621594237764118,455.015,5.7739227748707345,466.56284554974144,443.46715445025853,-1436309.0
CLI,2026-06-09,457.1,458.0,454.1,455.5,-0.39,13863.0,6312438.9,0.03499204726198579,0.03439374288296717,453.28000000000003,454.81499999999994,454.3475970760209,456.32726449423944,49.33768786214507,-1.9796674182185257,-1.6981424152066085,10.212908935066679,454.81499999999994,5.678887492946049,466.17277498589203,443.45722501410785,-1422446.0
CLI,2026-06-10,454.3,457.8,454.0,455.0,-0.11,16135.0,7346388.6,-0.001097694840834218,-0.0010982977490625657,450.68,454.765,454.4479667566331,456.22894860577725,49.007930312039335,-1.7809818491441547,-1.714710301994118,9.754844011133345,454.765,5.672303439999812,466.1096068799996,443.42039312000037,-1438581.0
CLI,2026-06-11,455.0,456.9,454.1,454.2,-0.18,14763.0,6717651.3,-0.0017582417582417964,-0.001759789279492361,451.34,454.725,454.4098180248434,456.0786561164604,48.44995625132089,-1.6688380916170331,-1.705535859918701,9.258069438909533,454.725,5.673379666631649,466.07175933326334,443.3782406667367,-1453344.0
CLI,2026-06-12,452.0,456.0,452.0,455.0,0.18,13285.0,6041488.8,0.001761338617349173,0.0017597892794923103,451.96000000000004,454.83500000000004,454.5006152517906,455.99875566338926,49.074364721300746,-1.4981404115986834,-1.6640567702546973,8.882493050415997,454.83500000000004,5.655391000458359,466.14578200091677,443.5242179990833,-1440059.0
CLI,2026-06-15,455.0,455.0,451.0,451.0,-0.88,16823.0,7617741.3,-0.00879120879120876,-0.008830079448272037,454.14,454.63500000000005,453.9620590592074,455.6284774661012,46.069610355849576,-1.666418406893797,-1.6645290975825173,8.533743546814856,454.63500000000005,5.719613071166139,466.07422614233235,443.19577385766775,-1456882.0
CLI,2026-06-16,450.2,455.0,450.2,452.0,0.22,9140.0,4128383.8,0.0022172949002217113,0.0022148403295528213,453.43999999999994,454.65500000000003,453.6602038193293,455.3597013575011,46.94421489223196,-1.6994975381717836,-1.6715227857003707,8.267047579185224,454.65500000000003,5.7091316511506705,466.07326330230137,443.2367366976987,-1447742.0
CLI,2026-06-17,450.0,455.0,450.0,452.5,0.11,7237.0,3273501.5,0.0011061946902655162,0.0011055833077496541,452.93999999999994,454.7,453.4817109240479,455.14787162731585,47.40350769144589,-1.6661607032679626,-1.6704503692138892,8.03368703781485,454.7,5.687289614354001,466.074579228708,443.325420771292,-1440505.0
CLI,2026-06-18,451.2,453.0,451.2,453.0,0.11,2482.0,1122376.9,0.0011049723756906271,0.0011043623430532275,452.7,454.625,453.4076015511174,454.98877002529247,47.88931977935017,-1.5811684741750582,-1.6525939902061233,7.588423677970933,454.625,5.699942289611991,466.02488457922396,443.22511542077604,-1438023.0
CLI,2026-06-19,450.2,455.0,450.2,452.0,-0.22,13767.0,6236815.6,-0.002207505518763808,-0.002209945650802844,452.1,454.525,453.19104746633013,454.7673796530486,46.955184516512084,-1.5763321867184459,-1.637341629508588,7.389250558115868,454.525,5.728954621244216,465.9829092424884,443.06709075751155,-1451790.0
CLI,2026-06-22,450.0,453.5,450.0,450.2,-0.4,13646.0,6159790.2,-0.0039823008849557695,-0.0039902513595993375,451.94000000000005,454.43499999999995,452.73088631766393,454.42905523430426,45.244408317007476,-1.698168916640327,-1.649507086934936,7.111446946821878,454.43499999999995,5.7845779539139155,466.0041559078278,442.8658440921721,-1465436.0
CLI,2026-06-23,445.0,452.0,445.0,450.9,0.16,8913.0,4018343.8,0.001554864504664577,0.0015536569544066132,451.71999999999997,454.1700000000001,452.4492114995618,454.16764373546687,46.06735478790591,-1.7184322359050839,-1.6632921167289656,7.1034864506203155,454.1700000000001,5.820752347796648,465.8115046955934,442.52849530440676,-1456523.0
CLI,2026-06-24,450.1,453.0,446.0,447.7,-0.71,18636.0,8370410.9,-0.007096917276557924,-0.007122220180118577,450.76000000000005,453.70500000000004,451.71856357655224,453.6885590143212,42.8936077456656,-1.9699954377689437,-1.7246327809369615,7.096094561290293,453.70500000000004,5.95275035943453,465.6105007188691,441.799499281131,-1475159.0
CLI,2026-06-25,448.1,450.0,447.9,448.2,0.11,16549.0,7427420.9,0.0011168192986374947,0.0011161961199067888,449.8,453.21500000000003,451.1772461032365,453.28199908733444,43.548037127267655,-2.1047529840979564,-1.8006568215691605,6.753516378340988,453.21500000000003,5.983862069165687,465.1827241383314,441.24727586166864,-1458610.0
CLI,2026-06-26,448.2,450.0,447.0,447.5,-0.16,7226.0,3240034.8,-0.0015618027666219891,-0.001563023651916507,448.9,452.84000000000003,450.6115159335078,452.85370285864303,42.80839819441196,-2.242186925135229,-1.8889628422823743,6.485408065602346,452.84000000000003,6.099991371836809,465.03998274367365,440.6400172563264,-1465836.0
CLI,2026-06-29,447.5,450.0,440.7,445.0,-0.56,6274.0,2793740.7,-0.005586592178770999,-0.005602255548669898,447.86,452.375,449.7482057898912,452.2719470913362,40.18342552050926,-2.523741301445,-2.0159185341148995,6.686450346630751,452.375,6.332861247381634,465.04072249476326,439.70927750523674,-1472110.0
CLI,2026-06-30,442.0,449.0,441.1,443.0,-0.45,11086.0,4907963.9,-0.004494382022471877,-0.004504512121104541,446.28000000000003,451.18,448.71002028375403,451.5851361956817,38.16710443080139,-2.875115911927651,-2.18775800967745,6.773132464728553,451.18,5.667785235285747,462.5155704705715,439.8444295294285,-1483196.0
CLI,2026-07-01,440.0,451.9,440.0,448.0,1.13,8478.0,3797587.3,0.011286681715575675,0.011223462369849576,446.34000000000003,450.18,448.6007863939458,451.3195705515571,45.526209809285035,-2.71878415761131,-2.2939632392642224,7.139337288676511,450.18,4.08818580271642,458.35637160543286,442.00362839456716,-1474718.0
CLI,2026-07-02,448.0,453.0,446.2,451.0,0.67,7338.0,3295890.0,0.006696428571428603,0.006674107087693218,446.9,450.18500000000006,448.9698961794926,451.2958986588491,49.416235902072984,-2.326002479356532,-2.3003710872826844,7.115098910913905,450.18500000000006,4.089173768000148,458.36334753600033,442.0066524639998,-1467380.0
CLI,2026-07-03,445.3,452.0,445.3,448.9,-0.47,6174.0,2772898.9,-0.004656319290465727,-0.004667193714792008,447.18,450.035,448.9591429211091,451.11842468411953,46.89190920840177,-2.1592817630104264,-2.2721532224282326,7.085448988705768,450.035,4.077960661596907,458.19092132319383,441.8790786768062,-1473554.0
CLI,2026-07-04,467.0,475.5,465.5,466.0,-0.43,12120.0,5679204.4,0.0380931165070173,0.03738548833775958,451.38,451.33000000000004,451.5808132409385,452.220763596407,63.322080469741294,-0.6399503554684998,-1.945712649036286,8.4793454895125,451.33000000000004,4.804614010418814,460.9392280208377,441.7207719791624,-1461434.0
CLI,2026-07-05,450.9,459.0,447.1,452.0,0.24,5216.0,2356460.5,-0.030042918454935674,-0.03050345429341474,453.18,451.15500000000003,451.6453035115633,452.20441073741387,49.75135847398682,-0.5591072258505392,-1.6683915643991367,9.22367795454732,451.15500000000003,4.707494025449083,460.5699880508982,441.74001194910187,-1466650.0
CLI,2026-07-06,444.0,452.0,444.0,451.9,0.67,5660.0,2536106.4,-0.00022123893805314765,-0.0002212634149972384,453.96000000000004,451.0,451.6844875867074,452.1818617939017,49.669475425346434,-0.4973742071942979,-1.434188092958169,9.136272386365368,451.0,4.62453411589884,460.24906823179765,441.75093176820235,-1472310.0
CLI,2026-07-07,445.0,458.0,445.0,458.0,1.35,7869.0,3560081.9,0.013498561628678907,0.013408267696950953,455.36,451.18999999999994,452.6561048810601,452.6128349943534,54.580232803703744,0.04326988670669607,-1.138696497025196,9.412252930196415,451.18999999999994,4.836146791518279,460.8622935830365,441.5177064169634,-1464441.0
CLI,2026-07-08,440.0,446.0,435.1,443.9,0.86,18558.0,8151631.2,-0.03078602620087345,-0.03126987227419549,454.35999999999996,450.63499999999993,451.3090118224355,451.9674398095865,43.91433747999675,-0.6584279871510148,-1.0426427950503598,10.375663435182384,450.63499999999993,5.009703741598445,460.65440748319685,440.615592516803,-1482999.0
CLI,2026-07-09,444.0,449.0,441.5,444.0,-1.11,8752.0,3897507.5,0.00022527596305477182,0.0002252505922352257,449.9599999999999,450.28499999999997,450.1845484651377,451.37725908295045,43.9979231126936,-1.192710617812736,-1.0726563596028351,10.17025890409793,450.28499999999997,5.222852114521712,460.7307042290434,439.83929577095654,-1474247.0
CLI,2026-07-10,441.0,445.0,441.0,444.9,0.2,3912.0,1734748.2,0.002027027027027062,0.0020249753797713828,448.53999999999996,449.93,449.37154100896265,450.89746211384295,44.79533508835082,-1.5259211048802968,-1.1633093086583275,9.729526125233793,449.93,5.340126156567669,460.61025231313533,439.2497476868647,-1470335.0
CLI,2026-07-13,444.0,450.0,435.1,436.0,-2.0,17029.0,7490617.4,-0.020004495392222932,-0.020207294462961743,445.36,449.105,447.31438085373765,449.7939464017064,38.897029876757024,-2.4795655479687753,-1.4265605565204171,10.098845687717093,449.105,6.137243938245472,461.37948787649094,436.8305121235091,-1487364.0
CLI,2026-07-14,436.0,442.0,429.3,436.0,0.0,10212.0,4437540.8,0.0,0.0,440.96000000000004,448.255,445.57370687623956,448.7721725941726,38.89702987613729,-3.198465717933061,-1.780941588802946,10.284642424308728,448.255,6.719059692957765,461.6931193859155,434.8168806140845,-1487364.0
CLI,2026-07-15,434.1,442.0,434.1,438.9,0.67,11976.0,5266443.1,0.006651376146789012,0.006629353345154018,439.9599999999999,447.6,444.54698274143345,448.04090055015985,41.79333635939945,-3.493917808726394,-2.123536832787636,10.11431082257239,447.6,6.968651610088711,461.5373032201774,433.6626967798226,-1475388.0
CLI,2026-07-16,435.0,443.0,435.0,435.1,-0.87,4932.0,2153801.7,-0.008658008658008587,-0.008695706967553821,438.18,446.8450000000001,443.0936007812129,447.0823153242221,39.17310028286225,-3.9887145430092232,-2.4965723748319535,9.963288620960077,446.8450000000001,7.471945776291709,461.7888915525835,431.9011084474167,-1480320.0
CLI,2026-07-17,435.1,457.0,433.0,451.0,3.65,4003.0,1785067.6,0.03654332337393695,0.03589144977604385,439.4,446.85,444.3099698917955,447.37251418909455,52.571934209335794,-3.0625442972990413,-2.609766759325371,10.96591086232007,446.85,7.474834974390395,461.79966994878083,431.9003300512192,-1476317.0
CLI,2026-07-20,450.0,457.9,441.0,457.5,1.44,10614.0,4818859.3,0.014412416851441234,0.01430954521289765,443.7,447.34000000000003,446.3392052930577,448.1226983232357,56.76478899321775,-1.783493030177965,-2.4445120134958898,11.38977437215435,447.34000000000003,7.845508269043739,463.0310165380875,431.64898346191256,-1465703.0
CLI,2026-07-21,464.6,464.6,450.3,451.5,-1.31,13496.0,6132140.8,-0.013114754098360604,-0.013201511858535842,446.8,447.505,447.13317370951034,448.37286881781085,52.179207037850965,-1.2396951083005092,-2.2035486324568136,11.597647631286183,447.505,7.899065567631349,463.3031311352627,431.7068688647373,-1479199.0
CLI,2026-07-22,429.0,453.0,429.0,450.0,-0.33,5568.0,2494797.6,-0.0033222591362126463,-0.003327790092674691,449.02,447.63,447.5742239080472,448.49339705352855,51.06851576351773,-0.9191731454813521,-1.9466735350617215,12.48352994333717,447.63,7.918738602344799,463.4674772046896,431.7925227953104,-1484767.0
CLI,2026-07-23,442.2,455.0,442.0,455.0,1.11,10896.0,4890454.9,0.011111111111111072,0.011049836186584935,453.0,448.13,448.71665099911684,448.9753676421561,54.54203199052587,-0.2587166430392358,-1.6090821566572244,12.52042066167023,448.13,8.05841175416315,464.2468235083263,432.0131764916737,-1473871.0
CLI,2026-07-24,443.3,460.2,443.3,454.0,-0.22,11247.0,5119860.8,-0.00219780219780219,-0.0022002209096024235,453.6,448.68,449.52947392232966,449.347562631626,53.72066545246883,0.18191129070368106,-1.2508834671850433,12.833247757265212,448.68,8.065234032539637,464.8104680650793,432.5495319349207,-1485118.0
CLI,2026-07-27,450.3,459.9,450.3,453.0,-0.22,29516.0,13456135.3,-0.0022026431718061845,-0.002205072558313981,452.7,448.93,450.063401011202,449.61811354780184,52.86334144250418,0.44528746340017733,-0.9116492810679991,12.602301488889124,448.93,8.12035130168602,465.17070260337204,432.689297396628,-1514634.0
CLI,2026-07-28,445.5,454.0,445.5,450.0,-0.66,4683.0,2101576.8,-0.0066225165562914245,-0.006644542718668613,452.4,448.88,450.0536470094786,449.64640143314983,50.27136972086659,0.4072455763287621,-0.6478703095886469,12.309279953968472,448.88,8.110006814174183,465.10001362834834,432.65998637165166,-1519317.0
CLI,2026-07-29,441.0,455.0,441.0,447.0,-0.67,14371.0,6399271.9,-0.00666666666666671,-0.006688988150796652,451.8,448.785,449.5838551618665,449.45037169736094,47.750015582382424,0.13348346450555937,-0.49159955476980566,12.430045671542153,448.785,8.12088114221305,465.0267622844261,432.5432377155739,-1533688.0
CLI,2026-07-30,425.0,446.1,425.0,444.3,-0.6,6750.0,3006190.4,-0.006040268456375841,-0.006058584671706045,449.66,447.7,448.7709543677332,449.0688626827416,45.53641548846275,-0.2979083150083852,-0.4528613068175216,13.113613837860571,447.7,7.083115579702451,461.8662311594049,433.5337688405951,-1540438.0
CLI,2026-07-31,441.0,448.0,441.0,448.0,0.83,9671.0,4282178.7,0.008327706504613896,0.00829322247312227,448.46000000000004,447.5,448.6523460034666,448.9896876692052,49.02391960548408,-0.3373416657385633,-0.42975737860172997,12.676927135156244,447.5,7.0114192571571285,461.52283851431423,433.47716148568577,-1530767.0
CLI,2026-08-01,472.5,483.0,472.4,479.0,-0.19,33195.0,15847818.0,0.0691964285714286,0.0669073649959301,453.66,448.855,453.32121584908714,451.2126737677826,67.69100761860035,2.108542081304563,0.07790251337952858,14.271432339787943,448.855,9.921294217339002,468.69758843467804,429.012411565322,-1497572.0
CLI,2026-08-02,473.0,478.0,466.2,471.8,-0.25,21293.0,10024312.4,-0.015031315240083498,-0.015145430437340571,458.02,449.54499999999996,456.16410571845836,452.737660896095,62.011174459024694,3.426444822363351,0.747610975176293,14.16633002980309,449.54499999999996,11.010830792291703,471.56666158458336,427.52333841541656,-1518865.0
CLI,2026-08-03,442.0,450.0,442.0,448.5,0.11,6668.0,2973241.3,-0.04938533276812207,-0.05064648547472383,458.32,449.775,454.98501253100324,452.42376008897685,47.980526769160896,2.5612524420263867,1.1103392685463118,15.283020741960014,449.775,10.934487931102527,471.643975862205,427.90602413779493,-1525533.0
CLI,2026-08-04,465.0,469.0,457.1,467.0,0.21,9911.0,4619803.5,0.04124860646599782,0.040420576170046546,462.85999999999996,450.925,456.83347214161813,453.50348156386747,56.41316693595398,3.3299905777506638,1.5542695303871823,15.655662117534298,450.925,11.490493782603956,473.9059875652079,427.9440124347921,-1515622.0
CLI,2026-08-05,452.0,458.0,452.0,456.0,0.88,6678.0,3039657.2,-0.023554603854389677,-0.023836448154511188,464.4599999999999,451.4799999999999,456.70524565829226,453.68840885543284,51.10807646309055,3.016836802859416,1.846782984881629,15.608829109138991,451.4799999999999,11.452170559590689,474.3843411191813,428.57565888081854,-1522300.0
CLI,2026-08-06,460.0,465.1,457.3,457.3,-1.76,13332.0,6138907.6,0.0028508771929824928,0.0028468211496234593,460.12,452.54499999999996,456.79674632624733,453.9559341254008,51.686329203578794,2.8408122008465284,2.0455888280746093,15.143912744200495,452.54499999999996,10.914619601812658,474.3742392036253,430.71576079637464,-1508968.0
CLI,2026-08-07,458.0,458.0,444.0,449.0,-1.97,9139.0,4088033.8,-0.018150010933741578,-0.018316742921755263,455.56000000000006,453.195,455.5972468914401,453.58882789388963,47.79926910383259,2.00841899755045,2.0381548619697774,15.062204691043318,453.195,10.243944295850335,473.68288859170065,432.70711140829934,-1518107.0
CLI,2026-08-10,442.0,442.0,436.3,440.0,-0.88,4963.0,2179565.9,-0.020044543429844075,-0.020248160829947424,453.86,453.25,453.1976704466031,452.5822480498978,43.94041122716274,0.6154223967052985,1.7536083689168818,14.893475784540223,453.25,10.165809569835986,473.58161913967194,432.91838086032806,-1523070.0
CLI,2026-08-11,435.2,439.9,435.0,437.2,-0.64,6889.0,3007544.3,-0.006363636363636349,-0.006383970609923337,447.9,453.3549999999999,450.73649037789494,451.4428222684239,42.783204256250414,-0.7063318905289862,1.2616203170277083,14.186798942787352,453.3549999999999,9.977578811866698,473.3101576237333,433.3998423762665,-1529959.0
CLI,2026-08-12,437.2,437.2,430.0,432.0,-1.19,21143.0,9151137.3,-0.011893870082342106,-0.011965168058273112,443.1,452.4049999999999,447.8539533966803,450.0026132115036,40.64249690238324,-2.1486598148233043,0.5795642906575057,13.687741875445399,452.4049999999999,11.059479144471942,474.5239582889438,430.28604171105604,-1551102.0
CLI,2026-08-13,430.0,433.0,428.0,432.0,0.0,9320.0,4020682.1,0.0,0.0,438.03999999999996,451.12999999999994,445.41488364334487,448.6690863069478,40.64249690196209,-3.254202663602939,-0.18718910019458324,13.067188884342157,451.12999999999994,11.880594527018797,474.8911890540375,427.36881094596237,-1551102.0
CLI,2026-08-14,433.0,442.0,432.1,440.0,1.85,14215.0,6194944.6,0.0185185185185186,0.018349138668196617,436.23999999999995,450.55499999999995,444.5818246212918,448.02693176569244,45.5074343335397,-3.4451071444006516,-0.838772709035797,12.848103964032003,450.55499999999995,12.137262112131635,474.8295242242632,426.2804757757367,-1536887.0
CLI,2026-08-17,440.0,443.9,434.5,439.4,-0.14,6976.0,3069337.0,-0.0013636363636364557,-0.0013645669617971055,436.12,450.025,443.7846208334007,447.3878997830485,45.20816346267413,-3.6032789496478017,-1.391673957158198,12.601810823744001,450.025,12.391545292516188,474.80809058503235,425.2419094149676,-1543863.0
CLI,2026-08-18,435.0,439.0,435.0,438.8,-0.14,6645.0,2901845.8,-0.001365498406918464,-0.0013664315494345913,436.43999999999994,449.215,443.01775608980057,446.75175905837824,44.89024281519543,-3.73400296857767,-1.8601397594420923,12.015967193476571,449.215,12.577309351604283,474.3696187032085,424.06038129679143,-1550508.0
CLI,2026-08-19,438.0,438.0,433.0,435.0,-0.87,11805.0,5127150.8,-0.008659981768459502,-0.008697697312391155,437.03999999999996,448.265,441.78425515290814,445.8812583873873,42.83565679426622,-4.097003234479132,-2.3075124544495003,11.571969536799674,448.265,12.91002364544508,474.08504729089015,422.4449527091098,-1562313.0
CLI,2026-08-20,435.0,442.0,429.1,440.0,1.15,15739.0,6782071.2,0.011494252873563315,0.01142869582362285,438.64,447.61499999999995,441.509754360153,445.4456096179512,46.31725146348238,-3.9358552577982095,-2.6331810151192423,11.666828855599695,447.61499999999995,12.986117081011532,473.58723416202304,421.64276583797687,-1546574.0
CLI,2026-08-21,462.0,462.0,429.4,430.0,-2.27,16441.0,7119889.1,-0.022727272727272707,-0.02298951822469872,436.64,446.61499999999995,439.7390229201295,444.3014903869919,40.945959907286785,-4.562467466862358,-3.019038305467866,13.162055365914004,446.61499999999995,13.550578740782953,473.71615748156586,419.51384251843405,-1563015.0
CLI,2026-08-24,430.0,432.0,426.0,426.5,-0.81,5124.0,2190104.6,-0.008139534883720878,-0.008172841755874247,434.06000000000006,445.59,437.7022501631865,442.98286146943695,39.23113588982342,-5.280611306250478,-3.4713529056243884,12.650479982634433,445.59,14.27585005302567,474.1417001060513,417.03829989394865,-1568139.0
CLI,2026-08-25,425.0,439.0,424.0,426.0,-0.12,8403.0,3591003.2,-0.0011723329425556983,-0.0011730206623633988,431.5,444.675,435.9019039842347,441.72487173096016,38.97998379838856,-5.822967746725453,-3.9416758738446016,12.818302841017688,444.675,14.934166937090685,474.54333387418137,414.80666612581865,-1576542.0
CLI,2026-08-26,425.0,425.0,416.1,419.0,-1.64,10136.0,4257974.7,-0.016431924882629123,-0.016568426347232705,428.3,443.225,433.3016110635832,440.04154789903714,35.5488029033999,-6.739936835453932,-4.501328066166468,12.609852638087853,443.225,15.96650688487905,475.1580137697581,411.29198623024195,-1586678.0
CLI,2026-08-27,412.5,420.0,412.5,417.1,-0.45,4575.0,1908039.4,-0.004534606205250591,-0.004544918719238164,423.71999999999997,440.13,430.80905551533965,438.3421739805899,34.65707148703575,-7.533118465250254,-5.107686145983225,12.24486316393872,440.13,14.608472667730599,469.3469453354612,410.9130546645388,-1591253.0
CLI,2026-08-31,415.0,417.0,412.3,412.3,-1.15,6700.0,2773143.9,-0.011508031647087025,-0.01157476149004523,420.18,437.15500000000003,427.96150851297966,436.41312405610176,32.442948581717886,-8.451615543122102,-5.7764720254110005,11.713087223657384,437.15500000000003,13.858779280929141,464.87255856185834,409.4374414381417,-1597953.0
CLI,2026-09-02,471.8,471.8,465.0,465.1,-1.42,31226.0,14570492.0,0.12806209071064756,0.12050119651719697,427.9,437.985,433.6751225879059,438.5380778297239,61.54562719734406,-4.8629552418179856,-5.593768668692397,15.126438136253286,437.985,15.02223877770402,468.02947755540805,407.940522444592,-1566727.0
CLI,2026-09-03,483.2,492.8,483.2,492.8,4.01,1010.0,488128.0,0.05955708449795738,0.057850975989258646,441.26000000000005,439.275,442.77125757438193,442.55747947196653,69.07282123771364,0.21377810241540374,-4.432259314470837,16.02454969794948,439.275,18.377929412023104,476.03085882404616,402.5191411759538,-1565717.0
CLI,2026-09-04,467.0,473.0,467.0,472.0,1.07,14718.0,6926936.8,-0.04220779220779225,-0.04312442663375469,451.86,440.075,447.2679871783232,444.7384069184875,59.63340313475852,2.5295802598357113,-3.0398913996095276,16.72279614809595,440.075,19.460645172396948,478.99629034479386,401.1537096552061,-1580435.0
CLI,2026-09-06,457.1,458.0,454.1,455.5,-0.39,13863.0,6312438.9,-0.03495762711864403,-0.03558326888554233,459.53999999999996,439.98499999999996,448.5344506893504,445.5355619615625,53.39923699243676,2.9988887277879144,-1.8321353741300395,16.806882137517665,439.98499999999996,19.380790136509145,478.74658027301825,401.22341972698166,-1594298.0
