Symbol,Date,Open,High,Low,Close,Percent Change,Volume,Turnover,Daily_Return,Log_Return,SMA_5,SMA_20,EMA_12,EMA_26,RSI_14,MACD,MACD_Signal,ATR_14,BB_Middle,BB_Std,BB_Upper,BB_Lower,OBV
JFL,2012-01-02,230.0,226.0,226.0,226.0,-1.74 %,50.0,11300.0,,,,,226.0,226.0,,0.0,0.0,0.0,,,,,0.0
JFL,2012-01-12,226.0,222.0,213.0,213.0,-5.75 %,648.0,141334.0,-0.05752212389380529,-0.05924283356286074,,,224.0,225.03703703703704,0.0,-1.037037037037038,-0.20740740740740762,0.9285714285714285,,,,,-648.0
JFL,2012-01-18,213.0,209.0,200.0,200.0,-6.10 %,239.0,48447.0,-0.06103286384976525,-0.06297479916138843,,,220.30769230769232,223.18244170096023,0.0,-2.874749393267905,-0.7408758045795072,1.790816326530612,,,,,-887.0
JFL,2012-01-22,200.0,196.0,196.0,196.0,-2.00 %,500.0,98000.0,-0.020000000000000018,-0.020202707317519466,,,216.56804733727813,221.16892750088908,0.0,-4.600880163610952,-1.5128766763857961,1.948615160349854,,,,,-1387.0
JFL,2012-01-23,196.0,199.0,196.0,196.0,0.00 %,180.0,35604.0,0.0,0.0,206.2,,213.40373236231227,219.3045625008232,0.0,-5.9008301385109405,-2.390467368810825,2.0237140774677216,,,,,-1387.0
JFL,2012-01-26,196.0,194.0,191.0,191.0,-2.55 %,246.0,47294.0,-0.025510204081632626,-0.025841231183887328,199.2,,209.95700430657192,217.20792824150297,0.0,-7.250923934931052,-3.3625586820348707,2.23630592907717,,,,,-1633.0
JFL,2012-02-02,191.0,191.0,191.0,191.0,0.00 %,123.0,23493.0,0.0,0.0,194.8,,207.04054210556086,215.26660022361386,0.0,-8.226058118053004,-4.335258569238498,2.0765697912859435,,,,,-1633.0
JFL,2012-02-09,191.0,194.0,194.0,194.0,1.57 %,500.0,97000.0,0.015706806282722585,0.01558473101669833,193.6,,205.03430485855148,213.6912965033462,2.2070038973805026,-8.656991644794715,-5.199605184349742,2.142529091908376,,,,,-1133.0
JFL,2012-02-12,194.0,191.0,188.0,188.0,-3.09 %,925.0,175739.0,-0.030927835051546393,-0.03141619623337893,192.0,,202.4136425726205,211.78823750309832,2.1068536231998394,-9.374594930477826,-6.0346031335753585,2.418062728200635,,,,,-2058.0
JFL,2012-02-28,188.0,191.0,191.0,191.0,1.60 %,49.0,9359.0,0.015957446808510634,0.015831465216680662,191.0,,200.65769756144812,210.24836805842438,4.4417726014912375,-9.590670496976259,-6.74581660625554,2.459629676186304,,,,,-2009.0
JFL,2012-03-01,191.0,204.0,194.0,204.0,6.81 %,90.0,17970.0,0.0680628272251309,0.06584656579758653,193.6,,201.17189793660995,209.78552598002258,14.012830867185855,-8.613628043412632,-7.119378893686958,3.212513270744425,,,,,-1919.0
JFL,2012-03-04,204.0,208.0,208.0,208.0,1.96 %,20.0,4160.0,0.019607843137254832,0.019418085857101516,197.0,,202.22237517713148,209.65326479631722,16.774979892443596,-7.430889619185734,-7.181681038786714,3.268762322834109,,,,,-1899.0
JFL,2012-03-05,208.0,212.0,204.0,204.0,-1.92 %,130.0,27080.0,-0.019230769230769273,-0.019418085857101627,199.0,,202.49585591911125,209.23450444103446,16.2140736420492,-6.73864852192321,-7.093074535414013,3.606707871203101,,,,,-2029.0
JFL,2012-03-06,204.0,207.0,205.0,205.0,0.49 %,401.0,82619.0,0.004901960784313708,0.00488998529419177,202.4,,202.8811088546326,208.92083744540227,16.961609254575805,-6.03972859076967,-6.882405346485145,3.563371594688594,,,,,-1628.0
JFL,2012-03-11,205.0,205.0,205.0,205.0,0.00 %,10.0,2050.0,0.0,0.0,205.2,,203.20709210776604,208.63040504203914,16.96160925441282,-5.423312934273099,-6.590586864042736,3.3088450522108372,,,,,-1628.0
JFL,2012-03-12,205.0,204.0,202.0,202.0,-1.46 %,359.0,72868.0,-0.014634146341463428,-0.014742281737203431,204.8,,203.0213856296482,208.13926392781403,16.45093721690114,-5.117878298165834,-6.296045150867356,3.2867846913386347,,,,,-1987.0
JFL,2012-03-13,202.0,199.0,199.0,199.0,-1.49 %,200.0,39800.0,-0.014851485148514865,-0.014962872676712377,203.0,,202.40271091739461,207.4622814146426,15.934291924146194,-5.059570497247989,-6.048750220143483,3.2663000705287324,,,,,-2187.0
JFL,2012-03-14,199.0,202.0,200.0,200.0,0.50 %,207.0,41580.0,0.005025125628140614,0.0050125418235441935,202.2,,202.0330630839493,206.90951982837277,16.871455576793792,-4.8764567444234785,-5.814291524999483,3.2472786369195377,,,,,-1980.0
JFL,2012-03-18,200.0,204.0,204.0,204.0,2.00 %,1000.0,204000.0,0.020000000000000018,0.01980262729617973,202.0,,202.33566876334172,206.6939998410859,20.68054323364609,-4.358331077744197,-5.523099435548426,3.3010444485681423,,,,,-980.0
JFL,2012-03-27,204.0,200.0,199.0,199.0,-2.45 %,1750.0,348300.0,-0.02450980392156865,-0.02481516911972402,200.8,200.8,201.82248895359683,206.1240739269314,19.47901891125879,-4.30158497333457,-5.278796543105655,3.4223984165275607,200.8,8.751541217649061,218.30308243529814,183.2969175647019,-2730.0
JFL,2012-03-29,199.0,200.0,200.0,200.0,0.50 %,60.0,12000.0,0.005025125628140614,0.0050125418235441935,200.4,199.5,201.54210603765887,205.67043882123278,20.474180163407667,-4.12833278357391,-5.048703791199307,3.2493699582041637,199.5,6.435918942278474,212.37183788455695,186.62816211544305,-2670.0
JFL,2012-04-01,200.0,202.0,202.0,202.0,1.00 %,130.0,26260.0,0.010000000000000009,0.009950330853168092,201.0,198.95,201.61255126263444,205.39855446410442,22.53622329944963,-3.786003201469981,-4.796163673253442,3.160129246903866,198.95,5.642647754752237,210.23529550950445,187.66470449049552,-2540.0
JFL,2012-04-15,202.0,206.0,206.0,206.0,1.98 %,40.0,8240.0,0.01980198019801982,0.019608471388376337,202.2,199.25,202.2875433760753,205.44310598528187,26.633560558193125,-3.1555626092065836,-4.46804346044407,3.2201200149821614,199.25,5.856844848461268,210.96368969692253,187.53631030307747,-2500.0
JFL,2012-04-18,206.0,210.0,136.0,210.0,1.94 %,2502.0,381250.0,0.01941747572815533,0.019231361927887592,203.4,199.95,203.4740751643714,205.7806536900758,30.587460398387122,-2.3065785257043956,-4.035750473496136,8.275825728197722,199.95,6.270020565734753,212.4900411314695,187.40995886853048,2.0
JFL,2012-05-02,210.0,214.0,214.0,214.0,1.90 %,50.0,10700.0,0.01904761904761898,0.018868484304382736,206.4,200.85,205.09344821600658,206.3894941574776,34.39504487008506,-1.2960459414710215,-3.487809567091113,7.9704096047550275,200.85,6.930292011771289,214.71058402354257,186.98941597645742,52.0
JFL,2012-05-07,214.0,224.0,224.0,224.0,4.67 %,10.0,2240.0,0.04672897196261672,0.045670036833188266,211.2,202.5,208.0021484904671,207.69397607173852,42.83714021312411,0.3081724187285886,-2.728613169927173,8.115380347272525,202.5,8.26215213456741,219.02430426913483,185.97569573086517,62.0
JFL,2012-05-08,224.0,228.0,228.0,228.0,1.79 %,40.0,9120.0,0.017857142857142794,0.017699577099400857,216.4,204.35,211.07874103039524,209.19812599235047,45.83935730921767,1.8806150380447662,-1.8067675283327853,7.821424608181631,204.35,9.587683985745796,223.5253679714916,185.1746320285084,102.0
JFL,2012-05-09,228.0,232.0,232.0,232.0,1.75 %,2844.0,659808.0,0.01754385964912286,0.01739174271186924,221.6,206.25,214.2973962564883,210.8871536966208,48.738718290671905,3.4102425598674984,-0.7633655106927287,7.548465707597229,206.25,11.07807222446787,228.40614444893575,184.09385555106425,2946.0
JFL,2012-05-13,232.0,240.0,236.0,240.0,3.45 %,1060.0,253732.0,0.034482758620689724,0.033901551675681416,227.6,208.85,218.25164298625933,213.04366083020443,54.038164889651135,5.2079821560548964,0.4309040226567963,7.580718157054569,208.85,12.570956501731338,233.99191300346268,183.7080869965373,4006.0
JFL,2012-05-14,240.0,257.0,244.0,257.0,7.08 %,120.0,29770.0,0.0708333333333333,0.06843716155322847,236.2,212.15,224.212928680681,216.299685953893,62.83159967776501,7.913242726787985,1.927371763483034,8.253524002979242,212.15,15.868787636509353,243.8875752730187,180.4124247269813,4126.0
JFL,2012-05-16,257.0,267.0,262.0,262.0,1.95 %,1025.0,269050.0,0.01945525291828787,0.019268418865876987,243.8,215.05,230.02632426826852,219.68489440175279,64.95528186504737,10.341429866515739,3.6101833840895754,8.378272288480725,215.05,19.242154929107866,253.53430985821575,176.56569014178427,5151.0
JFL,2012-05-17,262.0,287.0,267.0,287.0,9.54 %,1479.0,410828.0,0.09541984732824438,0.09113771199852434,255.6,219.0,238.79150515007336,224.67119852014147,73.20042571996179,14.12030662993189,5.7122080332580385,9.565538553589246,219.0,24.97367034551222,268.94734069102446,169.05265930897556,6630.0
JFL,2012-05-20,287.0,297.0,292.0,297.0,3.48 %,41.0,12127.0,0.03484320557491283,0.034249923043078445,268.6,223.65,247.74665820390823,230.02888751864953,75.66659676039423,17.7177706852587,8.11332056365817,9.596571514047156,223.65,30.15447073425695,283.9589414685139,163.3410585314861,6671.0
JFL,2012-05-21,297.0,302.0,292.0,295.0,-0.67 %,3189.0,953863.0,-0.006734006734006703,-0.0067567824628797625,279.6,228.15,255.01640309561466,234.84156251726807,74.19601040774597,20.17484057834659,10.525624566595855,9.625387834472358,228.15,33.72844340815098,295.606886816302,160.69311318369805,3482.0
JFL,2012-05-22,295.0,290.0,280.0,280.0,-5.08 %,150.0,43135.0,-0.05084745762711862,-0.05218575317057019,284.2,231.9,258.860033388597,238.1866319604334,64.12927594321947,20.6734014281636,12.555179938909404,10.009288703438617,231.9,35.15813898433913,302.21627796867824,161.58372203132174,3332.0
JFL,2012-05-23,280.0,280.0,275.0,280.0,0.00 %,78.0,21570.0,0.0,0.0,287.8,235.8,262.11233594419747,241.28391848188278,64.12927594259479,20.82841746231469,14.209827443590463,9.651482367478717,235.8,35.98332947352151,307.766658947043,163.833341052957,3332.0
JFL,2012-05-24,280.0,285.0,285.0,285.0,1.79 %,20.0,5700.0,0.017857142857142794,0.017699577099400857,287.4,240.1,265.63351502970556,244.52214674248407,65.91697458333547,21.111368287221495,15.59013561231667,9.319233626944524,240.1,36.48921974905381,313.0784394981076,167.12156050189236,3352.0
JFL,2012-05-29,285.0,280.0,257.0,257.0,-9.82 %,2159.0,561589.0,-0.09824561403508769,-0.1034130953734307,279.4,242.95,264.3052819482124,245.44643216896674,50.68364825483149,18.858849779245645,16.243878445702467,10.653574082162772,242.95,35.402163181008284,313.75432636201657,172.1456736379834,1193.0
JFL,2012-05-30,257.0,252.0,247.0,251.0,-2.33 %,490.0,122010.0,-0.023346303501945553,-0.02362314576343594,270.6,245.3,262.25831549464124,245.85780756385807,48.117518547832994,16.400507930783164,16.27520434271861,10.606890219151145,245.3,34.22080007677697,313.7416001535539,176.85839984644608,703.0
JFL,2012-06-04,251.0,256.0,256.0,256.0,1.99 %,20.0,5120.0,0.019920318725099584,0.019724505347778573,265.8,248.15,261.2954977262349,246.60908107764635,50.372468200260506,14.686416648588533,15.957446803892594,10.20639806064035,248.15,32.49173984099248,313.13347968198497,183.16652031801505,723.0
JFL,2012-06-05,256.0,255.0,251.0,252.0,-1.56 %,595.0,150018.0,-0.015625,-0.015748356968139168,260.2,250.75,259.865421152968,247.0084084052281,48.55436286893775,12.857012747739901,15.337359992662055,9.834512484880326,250.75,30.452508322926306,311.6550166458526,189.8449833541474,128.0
JFL,2012-06-06,252.0,250.0,249.0,250.0,-0.79 %,467.0,116300.0,-0.007936507936507908,-0.007968169649176845,253.2,253.15,258.3476640525114,247.2300077826186,47.62870756577741,11.117656269892791,14.493419248108204,9.346333021674589,253.15,28.217715600030623,309.58543120006124,196.71456879993877,-339.0
JFL,2012-06-07,250.0,260.0,255.0,255.0,2.00 %,45.0,11525.0,0.020000000000000018,0.01980262729617973,252.8,255.6,257.8326388136635,247.8055627616839,50.18553375975323,10.027076051979606,13.600150608882483,9.393023520126404,255.6,25.94406939634,307.48813879268,203.71186120732,-294.0
JFL,2012-06-10,255.0,260.0,259.0,260.0,1.96 %,59.0,15321.0,0.019607843137254832,0.019418085857101516,254.6,258.1,258.1660789961768,248.70885440896657,52.6737857713646,9.45722458721022,12.771565404548031,9.079236125831661,258.1,23.6240288020927,305.34805760418544,210.85194239581463,-235.0
JFL,2012-06-11,260.0,270.0,265.0,270.0,3.85 %,470.0,124800.0,0.03846153846153855,0.03774032798284711,257.4,260.9,259.9866822275342,250.28597630459868,57.27082365790807,9.700705922935498,12.157393508225526,9.145004973986543,260.9,21.329248512436227,303.55849702487245,218.24150297512753,235.0
JFL,2012-06-12,270.0,270.0,265.0,270.0,0.00 %,2669.0,716902.0,0.0,0.0,261.0,263.2,261.5271926540674,251.7462743561099,57.27082365730898,9.780918297957498,11.682098466171922,8.848933190130362,263.2,19.546435938419467,302.29287187683894,224.10712812316106,235.0
JFL,2012-06-13,270.0,290.0,271.0,290.0,7.41 %,140.0,38400.0,0.07407407407407418,0.07145896398214505,269.0,266.3,265.9076245534416,254.57988366306472,65.12779382000518,11.327740890376901,11.611226951012918,9.645437962263909,266.3,18.561703642318555,303.4234072846371,229.17659271536291,375.0
JFL,2012-06-14,290.0,285.0,270.0,275.0,-5.17 %,365.0,99675.0,-0.051724137931034475,-0.05310982531394841,273.0,268.45,267.30645154521983,256.0924848732081,56.705984162813074,11.213966672011736,11.531774895212681,10.385049536387916,268.45,16.784939991740046,302.0198799834801,234.8801200165199,10.0
JFL,2012-06-17,275.0,271.0,270.0,270.0,-1.82 %,2196.0,593020.0,-0.018181818181818188,-0.01834913866819654,275.0,269.95,267.720843615186,257.1226711788964,54.19047755909884,10.598172436289644,11.345054403428074,10.000403140931637,269.95,15.391299661274752,300.7325993225495,239.16740067745047,-2186.0
JFL,2012-06-18,270.0,275.0,270.0,275.0,1.85 %,2957.0,801190.0,0.0185185185185186,0.018349138668196617,276.0,270.85,268.8407138282343,258.44691775823736,56.27914776436901,10.393796069996938,11.154802736741846,9.643231488007949,270.85,15.118044290115472,301.086088580231,240.61391141976907,771.0
JFL,2012-06-26,275.0,270.0,265.0,265.0,-3.64 %,118.0,31620.0,-0.036363636363636376,-0.0370412716803491,275.0,271.0,268.24983477773674,258.9323312576272,51.24653734396168,9.31750352010954,10.787342893415385,9.668714953150237,271.0,15.040296749592,301.080593499184,240.919406500816,653.0
JFL,2012-06-27,265.0,265.0,261.0,265.0,0.00 %,221.0,57921.0,0.0,0.0,270.0,269.9,267.7498601965465,259.38178820150665,51.24653734346816,8.368071995039827,10.303488713740274,9.263806742210935,269.9,14.606775644776654,299.1135512895533,240.68644871044665,653.0
JFL,2012-06-28,265.0,270.0,270.0,270.0,1.89 %,1218.0,328860.0,0.018867924528301883,0.018692133012152546,269.0,268.55,268.09603555092394,260.16832240880245,53.64998700927773,7.92771314212149,9.828333599416517,8.959249117767298,268.55,13.144840893113221,294.83968178622644,242.26031821377356,1871.0
JFL,2012-07-01,270.0,270.0,270.0,270.0,0.00 %,67.0,18090.0,0.0,0.0,269.0,267.3,268.3889531584741,260.8965948229652,53.64998700870807,7.492358335508925,9.361138546634999,8.319302752212492,267.3,11.594463288456566,290.4889265769132,244.11107342308688,1871.0
JFL,2012-07-02,270.0,271.0,271.0,271.0,0.37 %,48.0,13008.0,0.0037037037037037646,0.0036968618813262026,268.2,266.85,268.79065267255504,261.64499520644927,54.1739985966419,7.145657466105774,8.918042330529154,7.796495412768742,266.85,11.24499888839473,289.33999777678946,244.36000222321056,1919.0
JFL,2012-07-03,271.0,276.0,276.0,276.0,1.85 %,10.0,2760.0,0.01845018450184499,0.018282044837449073,270.4,266.65,269.8997830306235,262.7083288948604,56.803619120961024,7.191454135763081,8.57272469157594,7.596745740428117,266.65,11.032368643892188,288.7147372877844,244.5852627122156,1929.0
JFL,2012-07-04,276.0,280.0,280.0,280.0,1.45 %,450.0,126000.0,0.01449275362318847,0.01438873745209967,273.4,266.4,271.4536625643737,263.98919342116704,58.83853566914509,7.4644691432066566,8.351073581902085,7.339835330397538,266.4,10.644494499876146,287.68898899975227,245.1110110002477,2379.0
JFL,2012-07-09,280.0,275.0,275.0,275.0,-1.79 %,146.0,40150.0,-0.017857142857142905,-0.018018505502678365,274.4,267.3,271.9992529390854,264.8048087233028,55.32978186638913,7.194444215782596,8.119747708678187,7.172704235369142,267.3,10.568573075023128,288.43714615004626,246.16285384995376,2233.0
JFL,2012-07-11,275.0,280.0,280.0,280.0,1.82 %,18.0,5040.0,0.018181818181818077,0.018018505502678212,276.4,268.75,273.23013710230305,265.9303784475026,58.02542286668905,7.299758654800428,7.955749897902635,7.017511075699918,268.75,10.19739388791378,289.1447877758276,248.35521222417245,2251.0
JFL,2012-07-12,280.0,280.0,275.0,280.0,0.00 %,503.0,138375.0,0.0,0.0,278.2,269.95,274.2716544711795,266.9725726365765,58.02542286593487,7.299081834602987,7.824416285242705,6.873403141721353,269.95,10.028774391194148,290.0075487823883,249.8924512176117,2251.0
JFL,2012-07-16,280.0,285.0,285.0,285.0,1.79 %,25.0,7125.0,0.017857142857142794,0.017699577099400857,280.0,271.6,275.9221691679211,268.3079376264597,60.7709228080137,7.614231541461379,7.78237933648644,6.739588631598399,271.6,9.626717208400995,290.85343441680203,252.34656558319804,2276.0
JFL,2012-07-17,285.0,295.0,285.0,295.0,3.51 %,2339.0,684593.0,0.03508771929824572,0.034486176071169404,283.0,273.85,278.85722006516403,270.28512743190714,65.6150758852383,8.572092633256887,7.940321995840529,6.9724751579127995,273.85,9.571201321508145,292.9924026430163,254.70759735698374,4615.0
JFL,2012-07-18,295.0,300.0,299.0,300.0,1.69 %,1517.0,455075.0,0.016949152542372836,0.01680711831638119,288.0,276.1,282.1099554397542,272.48622910361775,67.75883128033831,9.623726336136428,8.277002863899709,6.831584075204742,276.1,10.176857130402704,296.45371426080544,255.7462857391946,6132.0
JFL,2012-07-19,300.0,305.0,300.0,305.0,1.67 %,519.0,157194.0,0.016666666666666607,0.016529301951210506,293.0,278.35,285.63150075671507,274.89465657742386,69.78735719246201,10.73684417929121,8.768971126978009,6.700756641261546,278.35,11.33822134013493,301.0264426802699,255.67355731973015,6651.0
JFL,2012-07-22,305.0,329.0,311.0,329.0,7.87 %,665.0,215293.0,0.07868852459016384,0.07574597415796018,302.8,281.3,292.3035775633743,278.90245979391096,77.20202859239072,13.401117769463326,9.695400455475072,7.936416881171436,281.3,15.835004528608394,312.97000905721677,249.62999094278322,7316.0
JFL,2012-07-23,329.0,335.0,334.0,334.0,1.52 %,100.0,33420.0,0.015197568389057725,0.0150832422113285,312.6,284.5,298.71841178439365,282.9837590684361,78.3918044181429,15.734652715957566,10.903250907571572,7.798101389659191,284.5,19.47873334258606,323.4574666851721,245.5425333148279,7416.0
JFL,2012-07-24,334.0,328.0,327.0,327.0,-2.10 %,94.0,30792.0,-0.020958083832335328,-0.021180822079447024,319.0,286.35,303.0694253560254,286.2442213596631,72.67361644496019,16.825203996362347,12.087641525329726,7.741094147540678,286.35,21.66315086184723,329.6763017236945,243.02369827630557,7322.0
JFL,2012-07-25,327.0,325.0,321.0,321.0,-1.83 %,115.0,37135.0,-0.01834862385321101,-0.018519047767237527,323.2,288.65,305.8279753012523,288.8187234811695,68.08900387320283,17.009251820082795,13.07196358428034,7.616730279859201,288.65,22.80645107258711,334.26290214517417,243.03709785482576,7207.0
JFL,2012-07-26,321.0,333.0,314.0,323.0,0.62 %,4614.0,1479029.0,0.006230529595015577,0.0062112000926406764,326.8,291.3,308.4698252549058,291.35066988997175,68.79565390485256,17.119155364934045,13.881401940411083,8.429820974154973,291.3,23.59103308685858,338.48206617371716,244.11793382628287,11821.0
JFL,2012-07-29,323.0,318.0,317.0,318.0,-1.55 %,143.0,45370.0,-0.015479876160990669,-0.015600940442479661,324.6,293.45,309.93600598492026,293.32469434256643,64.9248626294692,16.611311642353826,14.427383880799633,8.256262333143903,293.45,23.983492129730287,341.41698425946055,245.48301574053943,11678.0
JFL,2012-07-30,318.0,315.0,312.0,315.0,-0.94 %,694.0,216915.0,-0.009433962264150941,-0.00947874395454377,320.8,295.95,310.7150819872402,294.93027253941335,62.647266022781224,15.78480944782683,14.698868994205073,8.095100737919338,295.95,23.462119525558013,342.87423905111604,249.02576094888397,10984.0
JFL,2012-07-31,315.0,321.0,321.0,321.0,1.90 %,100.0,32100.0,0.01904761904761898,0.018868484304382736,319.6,298.75,312.2973770661263,296.8613634624198,65.27129729749977,15.436013603706499,14.84629791610536,7.945450685210814,298.75,22.909145496251313,344.5682909925026,252.93170900749737,11084.0
JFL,2012-08-01,321.0,325.0,320.0,325.0,1.25 %,424.0,136800.0,0.012461059190031154,0.012384059199721622,320.4,301.5,314.25162674826066,298.9457069096479,66.93877113375686,15.305919838612738,14.938222300606837,7.735061350552899,301.5,22.575021128392287,346.65004225678456,256.34995774321544,11508.0
JFL,2012-08-05,325.0,325.0,324.0,325.0,0.00 %,325.0,105500.0,0.0,0.0,320.8,304.25,315.90522263314364,300.8756545459703,66.93877113289153,15.029568087173345,14.95649145792014,7.25398553979912,304.25,21.874943608949614,347.99988721789924,260.50011278210076,11508.0
JFL,2012-08-06,325.0,327.0,324.0,327.0,0.62 %,2400.0,780400.0,0.006153846153846176,0.006134988567515929,322.6,307.05,317.61211145881384,302.8107912462688,67.83434665677481,14.801320212545022,14.925457208845119,6.950129429813469,307.05,20.959798612933394,348.9695972258668,265.13040277413324,13908.0
JFL,2012-08-07,327.0,326.0,325.0,325.0,-0.61 %,400.0,130300.0,-0.006116207951070374,-0.006134988567515944,324.6,309.5,318.7487096959194,304.4544363391378,65.91156688814738,14.29427335678156,14.799220438432407,6.596548756255364,309.5,19.980253409698687,349.4605068193974,269.5394931806026,13508.0
JFL,2012-08-12,325.0,327.0,325.0,325.0,0.00 %,630.0,205350.0,0.0,0.0,325.4,311.75,319.71044666577797,305.97632994364614,65.91156688714136,13.73411672213183,14.586199695172292,6.268223845094267,311.75,18.9927271398952,349.7354542797904,273.7645457202096,13508.0
JFL,2012-08-14,325.0,331.0,319.0,319.0,-1.85 %,440.0,142640.0,-0.018461538461538418,-0.018634079544892868,324.2,313.95,319.60114717873523,306.94104624411676,59.99480409702793,12.66010093461847,14.200979943061528,6.677636427587534,313.95,16.950314389259017,347.850628778518,280.049371221482,13068.0
JFL,2012-08-15,319.0,313.0,313.0,313.0,-1.88 %,95.0,29735.0,-0.018808777429467072,-0.018987912244691343,321.8,315.6,318.5855860743144,307.3898576334414,54.706170048658514,11.195728440872983,13.59992964262382,6.629233825616996,315.6,14.961001936613474,345.522003873227,285.67799612677305,12973.0
JFL,2012-08-19,313.0,319.0,319.0,319.0,1.92 %,100.0,31900.0,0.019169329073482455,0.01898791224469138,320.2,317.55,318.64934206288143,308.2498681791124,58.633218773554205,10.39947388376902,12.95983849085286,6.58428855235864,317.55,12.398960058258854,342.34792011651774,292.7520798834823,13073.0
JFL,2012-08-21,319.0,342.0,325.0,342.0,7.21 %,408.0,136428.0,0.07210031347962387,0.06961963427776062,323.6,320.4,322.2417509762843,310.7498779436226,69.53670519252448,11.491873032661715,12.666245399214633,7.756839370047308,320.4,10.99473558237291,342.38947116474577,298.4105288352542,13481.0
JFL,2012-08-23,342.0,336.0,336.0,336.0,-1.75 %,24.0,8064.0,-0.01754385964912286,-0.017699577099400975,325.8,322.45,324.35840467224057,312.62025735520615,64.74255547183378,11.738147317034418,12.48062578277859,7.631350843615357,322.45,9.762845788739929,341.97569157747984,302.92430842252014,13457.0
JFL,2012-08-27,336.0,330.0,320.0,329.0,-2.08 %,324.0,105620.0,-0.02083333333333337,-0.02105340919783238,327.8,323.9,325.0724962611267,313.83357162519087,59.581479630081084,11.238924635935803,12.232285553410033,8.229111497642831,323.9,8.296479913032265,340.4929598260645,307.30704017393543,13133.0
JFL,2012-08-28,329.0,323.0,323.0,323.0,-1.82 %,200.0,64600.0,-0.018237082066869248,-0.0184054275427153,329.8,324.8,324.7536506824918,314.51256631962116,55.497691384399204,10.241084362870652,11.834045315302157,8.0698892478112,324.8,7.015771706060423,338.8315434121209,310.76845658787914,12933.0
JFL,2012-08-30,323.0,322.0,316.0,316.0,-2.17 %,630.0,199560.0,-0.021671826625387025,-0.021910109635744458,329.2,324.15,323.4069351928777,314.6227465922418,51.097392818106606,8.7841886006359,11.224073972368906,7.9934685872532585,324.15,7.205809060092122,338.5616181201842,309.73838187981573,12303.0
JFL,2012-09-02,316.0,326.0,320.0,326.0,3.16 %,1814.0,584380.0,0.03164556962025311,0.03115516777979548,326.0,323.75,323.80586824012727,315.4655061039276,56.41406886610664,8.340362136199644,10.647331605135054,8.136792259592312,323.75,6.843167933669367,337.43633586733876,310.06366413266124,14117.0
JFL,2012-09-03,326.0,338.0,325.0,336.0,3.07 %,2486.0,819779.0,0.030674846625766916,0.030213778596496633,326.0,324.2,325.6818885108769,316.98657972585886,60.982360872753844,8.695308785018028,10.25692704111165,8.484164241050005,324.2,7.3456037693862495,338.8912075387725,309.5087924612275,16603.0
JFL,2012-09-04,336.0,342.0,330.0,330.0,-1.79 %,301.0,101005.0,-0.017857142857142905,-0.018018505502678365,326.2,324.65,326.34621335535735,317.95053678320266,57.1143415390266,8.395676572154684,9.884676947320257,8.735295366689291,324.65,7.414601526006155,339.4792030520123,309.8207969479877,16302.0
JFL,2012-09-05,330.0,328.0,318.0,328.0,-0.61 %,987.0,317152.0,-0.0060606060606061,-0.006079046076382226,327.2,324.9,326.60064206991774,318.6949414659284,55.84284447062372,7.905700603989317,9.488881678654069,8.968488554782914,324.9,7.440288619188176,339.78057723837634,310.0194227616236,15315.0
JFL,2012-09-06,328.0,322.0,315.0,321.0,-2.13 %,1151.0,366200.0,-0.021341463414634165,-0.021572485254127888,328.2,325.05,325.7390048283919,318.8656865425263,51.51973220784174,6.873318285865594,8.965769000096374,9.256453658012706,325.05,7.323178774849072,339.6963575496982,310.40364245030185,14164.0
JFL,2012-09-10,321.0,327.0,321.0,327.0,1.87 %,603.0,196953.0,0.01869158878504673,0.01851904776723753,328.4,325.65,325.9330040855624,319.46822828011693,54.753104148140494,6.46477580544547,8.465570361166193,9.023849825297514,325.65,6.937882279650929,339.5257645593018,311.77423544069813,14767.0
JFL,2012-09-11,327.0,325.0,316.0,325.0,-0.61 %,2656.0,851569.0,-0.006116207951070374,-0.006134988567515944,326.2,325.85,325.7894649954759,319.8779891482564,53.47287526530068,5.911475847219492,7.954751458376854,9.165003409204836,325.85,6.853927034149996,339.5578540683,312.14214593170004,12111.0
JFL,2012-09-12,325.0,343.0,331.0,343.0,5.54 %,472.0,159086.0,0.055384615384615365,0.053905264836202414,328.8,326.75,328.43723961155655,321.59073069283,62.06896210076892,6.846508918726556,7.733102950446795,9.796074594261633,326.75,7.846387033129462,342.44277406625895,311.05722593374105,12583.0
JFL,2012-09-13,343.0,343.0,337.0,337.0,-1.75 %,130.0,43990.0,-0.017492711370262426,-0.017647516813578228,330.6,327.35,329.7545873636248,322.73215804891663,58.20845729845985,7.022429314708177,7.590968223299072,9.524926408957231,327.35,8.158140913092414,343.66628182618484,311.0337181738152,12453.0
JFL,2012-09-17,337.0,361.0,343.0,357.0,5.93 %,3015.0,1063694.0,0.05934718100890213,0.0576528514272774,337.8,328.85,333.9461893076825,325.2705167119599,65.83624562963709,8.67567259572263,7.807909097783784,10.558860236888858,328.85,10.509519494247899,349.86903898849584,307.8309610115042,15468.0
JFL,2012-09-18,357.0,392.0,364.0,392.0,9.80 %,1922.0,719516.0,0.0980392156862746,0.09352605801082355,350.8,332.2,342.8775447988083,330.21344139996285,74.58015818335264,12.664103398845441,8.779147957996116,12.30465593425394,332.2,17.542729788177986,367.28545957635595,297.11454042364403,17390.0
JFL,2012-09-19,392.0,414.0,376.0,383.0,-2.30 %,1385.0,554979.0,-0.022959183673469385,-0.023226850609816545,362.4,335.1,349.0502302143762,334.12355685181745,69.64406366318457,14.926673362558745,10.008653038908642,14.140037653235801,335.1,20.78435646548104,376.6687129309621,293.53128706903794,16005.0
JFL,2012-09-20,383.0,377.0,370.0,377.0,-1.57 %,292.0,108780.0,-0.015665796344647487,-0.015789801732635195,369.2,338.0,353.3501947967799,337.29958967760876,66.48486884869874,16.05060511917111,11.217043454961138,14.058606392290388,338.0,22.40300731692236,382.8060146338447,293.1939853661553,15713.0
JFL,2012-09-23,377.0,377.0,369.0,369.0,-2.12 %,2065.0,767185.0,-0.021220159151193685,-0.021448543407483627,375.6,340.8,355.7578571357368,339.6477682200081,62.419183124844686,16.11008891572868,12.195652547114646,13.625848792841074,340.8,22.612525639331928,386.02505127866385,295.57494872133617,13648.0
JFL,2012-09-25,369.0,365.0,362.0,365.0,-1.08 %,484.0,176316.0,-0.010840108401083959,-0.010899290458035631,377.2,343.1,357.1797252687004,341.52571131482233,60.429363561242475,15.654013953878064,12.88732482846733,13.152573879066711,343.1,22.61787834993814,388.3357566998763,297.86424330012375,13164.0
JFL,2012-09-26,365.0,369.0,369.0,369.0,1.10 %,300.0,110700.0,0.010958904109588996,0.010899290458035638,372.6,344.45,358.99822907351574,343.5608438100207,61.74275444420276,15.43738526349506,13.397336915472877,12.49881860199052,344.45,23.342924094104536,391.1358481882091,297.7641518117909,13464.0
JFL,2012-09-27,369.0,372.0,372.0,372.0,0.81 %,20.0,7440.0,0.008130081300812941,0.008097210232619303,370.4,346.25,360.9985015237441,345.66744797224135,62.74158380105131,15.331053551502748,13.78408024267885,11.820331558991196,346.25,24.0347883833319,394.3195767666638,298.1804232333362,13484.0
JFL,2012-09-30,372.0,366.0,365.0,365.0,-1.88 %,350.0,127800.0,-0.018817204301075252,-0.018996500690655036,368.0,348.05,361.61411667393736,347.0994888631864,58.8788198866702,14.514627810750937,13.930189756293268,11.476022161920396,348.05,24.022960508207838,396.0959210164157,300.00407898358435,13134.0
JFL,2012-10-01,365.0,366.0,366.0,366.0,0.27 %,100.0,36600.0,0.00273972602739736,0.0027359798188748455,367.4,350.2,362.28886795487006,348.4995267251726,59.26465410326176,13.78934122969747,13.90202005097411,10.727734864640368,350.2,23.583223296500332,397.36644659300066,303.0335534069993,13234.0
JFL,2012-10-04,366.0,359.0,359.0,359.0,-1.91 %,48.0,17232.0,-0.01912568306010931,-0.019310944913087397,366.2,352.35,361.7828882695054,349.277339560345,55.34964536175932,12.505548709160394,13.622725782611369,10.461468088594629,352.35,22.22202558392449,396.79405116784903,307.905948832151,13186.0
JFL,2012-10-07,359.0,361.0,359.0,359.0,0.00 %,170.0,61170.0,0.0,0.0,364.2,354.0,361.3547516126584,349.9975366299491,55.3496453611968,11.357214982709309,13.169623622630958,9.857077510837868,354.0,21.371402436555847,396.7428048731117,311.2571951268883,13186.0
JFL,2012-10-08,359.0,359.0,348.0,353.0,-1.67 %,1060.0,374365.0,-0.01671309192200554,-0.016854331554982074,360.4,354.85,360.06940521071095,350.21994132402693,51.93887781996883,9.84946388668402,12.505591675441572,9.938714831492307,354.85,20.951761639285493,396.75352327857104,312.946476721429,12126.0
JFL,2012-10-09,353.0,360.0,350.0,350.0,-0.85 %,1650.0,585600.0,-0.008498583569405138,-0.008534902449837444,357.4,355.85,358.52026594752465,350.20364937409903,50.27083176455675,8.31661657342562,11.667796655038382,9.943092343528571,355.85,20.165825703792798,396.1816514075856,315.51834859241444,10476.0
JFL,2012-10-10,350.0,357.0,350.0,357.0,2.00 %,2225.0,785250.0,0.020000000000000018,0.01980262729617973,355.6,357.3,358.28637887867467,350.7070827537954,53.98432582079045,7.579296124879249,10.850096549006556,9.732871461847958,357.3,19.070782281858946,395.4415645637179,319.1584354362821,12701.0
JFL,2012-10-11,357.0,360.0,360.0,360.0,0.84 %,200.0,72000.0,0.008403361344537785,0.00836824967051658,355.8,359.25,358.55001289734014,351.39544699425505,55.51742194342241,7.154565903085086,10.110990419822262,9.25195207171596,359.25,17.050621226526754,393.3512424530535,325.1487575469465,12901.0
JFL,2012-10-15,360.0,377.0,367.0,377.0,4.72 %,931.0,344210.0,0.047222222222222276,0.04614115599785513,359.4,361.75,361.3884724515955,353.29208055023616,63.033399293317665,8.096391901359311,9.708070716129672,9.805384066593392,361.75,15.683967677383801,393.1179353547676,330.3820646452324,13832.0
JFL,2012-10-18,377.0,370.0,370.0,370.0,-1.86 %,200.0,74000.0,-0.018567639257294433,-0.01874218180974064,362.8,364.0,362.7133228436577,354.5297042131816,58.63978729507234,8.183618630476076,9.403180298998954,9.60499949040815,364.0,13.158947326317454,390.3178946526349,337.6821053473651,13632.0
JFL,2012-10-31,370.0,384.0,377.0,384.0,3.78 %,20.0,7610.0,0.037837837837837895,0.037139546949456786,369.6,366.05,365.98819625232574,356.7126890862793,64.03864303331275,9.275507166046452,9.377645672408454,9.91892809823614,366.05,12.906444738557067,391.86288947711415,340.23711052288587,13652.0
JFL,2012-11-04,384.0,391.0,380.0,380.0,-1.04 %,1259.0,483769.0,-0.01041666666666663,-0.010471299867295366,374.2,368.2,368.14385836735255,358.4376750798882,61.565917274489145,9.706183287464341,9.443353195419633,9.996147519790703,368.2,11.293221068641808,390.7864421372836,345.6135578627164,12393.0
JFL,2012-11-05,380.0,386.0,385.0,385.0,1.32 %,480.0,185000.0,0.013157894736842035,0.0130720815673527,379.2,369.6,370.73711092622136,360.40525470360024,63.46497404845599,10.331856222621127,9.621053800859931,9.710708411234226,369.6,11.564009503170803,392.72801900634164,346.4719809936584,12873.0
JFL,2012-11-06,385.0,390.0,390.0,390.0,1.30 %,40.0,15600.0,0.01298701298701288,0.012903404835907782,381.8,369.5,373.7006323221873,362.59745805888906,65.31083893396638,11.103174263298229,9.917477893347591,9.37422923900321,369.5,11.367080817683162,392.2341616353663,346.7658383646337,12913.0
JFL,2012-11-08,390.0,402.0,394.0,394.0,1.03 %,40.0,15870.0,0.01025641025641022,0.010204170174241668,386.6,370.05,376.82361196492775,364.9235722767491,66.7577938405989,11.900039688178651,10.313990252313804,9.561784293360125,370.05,12.28381476834898,394.61762953669796,345.48237046330206,12953.0
JFL,2012-11-11,394.0,387.0,380.0,380.0,-3.55 %,400.0,153400.0,-0.035532994923857864,-0.036179656577502356,385.8,370.2,377.31228704724657,366.0403447006936,57.687963997203894,11.271942346552976,10.505580671161638,9.87879970097726,370.2,12.390998430522604,394.9819968610452,345.41800313895476,12553.0
JFL,2012-11-20,380.0,397.0,386.0,397.0,4.47 %,540.0,209684.0,0.044736842105263186,0.04376502796675898,389.2,371.6,380.3411659630548,368.3336525006422,64.07125670109829,12.00751346241259,10.805967229411829,10.387456865193169,371.6,13.754999091237675,399.10999818247535,344.0900018175247,13093.0
JFL,2012-11-25,397.0,404.0,397.0,404.0,1.76 %,864.0,343078.0,0.017632241813602123,0.017478597273959763,393.0,373.55,383.98098658412323,370.9756041672613,66.32411392693388,13.005382416861949,11.245850266901854,10.145495660536515,373.55,15.432279907967011,404.414559815934,342.685440184066,13957.0
JFL,2012-11-26,404.0,404.0,385.0,385.0,-4.70 %,8775.0,3524940.0,-0.04702970297029707,-0.04817154367336589,392.0,374.35,384.1377578788735,372.0144483030197,56.05073716495381,12.123309575853796,11.421342128692244,10.777960256212479,374.35,15.597823734838933,405.5456474696779,343.15435253032217,5182.0
JFL,2012-11-27,385.0,378.0,371.0,378.0,-1.82 %,405.0,151970.0,-0.018181818181818188,-0.01834913866819654,388.8,374.65,383.1934874359699,372.45782250279603,52.80547465914069,10.735664933173894,11.284206689588574,11.008105952197303,374.65,15.60794332180857,405.8658866436171,343.43411335638285,4777.0
JFL,2012-11-29,378.0,392.0,380.0,381.0,0.79 %,1526.0,586922.0,0.007936507936507908,0.007905179507113247,389.0,375.45,382.8560278304361,373.09057639147784,54.03380438566606,9.76545143895828,10.980455639462516,11.221812669897496,375.45,15.496943671506349,406.4438873430127,344.4561126569873,6303.0
JFL,2012-12-02,381.0,417.0,388.0,395.0,3.67 %,2844.0,1156800.0,0.036745406824147064,0.03608638977442098,388.6,376.9,384.72433124113826,374.71349665877574,59.35080546647463,10.01083458236252,10.786531428042517,12.991683193476247,376.9,15.917220069370995,408.73444013874195,345.065559861258,9147.0
JFL,2012-12-03,395.0,400.0,393.0,393.0,-0.51 %,1031.0,407590.0,-0.005063291139240533,-0.005076153031860661,386.4,378.6,385.9975110501939,376.0680524618294,58.313083903495496,9.929458588364525,10.61511686010692,12.563705822513658,378.6,15.719247337008484,410.038494674017,347.16150532598306,8116.0
JFL,2012-12-04,393.0,400.0,387.0,400.0,1.78 %,1325.0,518700.0,0.01781170483460559,0.017654935238720745,389.4,380.65,388.15174011939484,377.8407893165087,60.89052604898507,10.310950802886168,10.55428364866277,12.594869692334111,380.65,15.70207830695783,412.05415661391567,349.2458433860843,9441.0
JFL,2012-12-05,400.0,408.0,400.0,400.0,0.00 %,1200.0,482400.0,0.0,0.0,393.8,383.0,389.97454933179563,379.4822123301006,60.890526048405874,10.492337001695034,10.541894319269224,12.266664714310247,383.0,14.839492117849854,412.6789842356997,353.3210157643003,9441.0
JFL,2012-12-06,400.0,401.0,390.0,401.0,0.25 %,4792.0,1900104.0,0.0024999999999999467,0.002496880198587146,397.8,385.55,391.6707725115194,381.0761225278709,61.287092773095594,10.59464998364848,10.552445452145076,12.176188663288087,385.55,13.156847326730029,411.8636946534601,359.23630534653995,14233.0
JFL,2012-12-09,401.0,400.0,385.0,392.0,-2.24 %,1789.0,698608.0,-0.02244389027431426,-0.022699587516106692,397.2,387.3,391.72142289436255,381.88529863691747,55.80283622596988,9.836124257445078,10.409181213205077,12.449318044481796,387.3,11.365228596582007,410.030457193164,364.569542806836,12444.0
JFL,2012-12-11,392.0,390.0,390.0,390.0,-0.51 %,100.0,39000.0,-0.005102040816326481,-0.005115100666770377,396.6,388.8,391.4565886029221,382.48638762677547,54.63286577386087,8.970200976146657,10.121385165793393,11.702938184161667,388.8,9.378587033064965,407.55717406612996,370.04282593387006,12344.0
JFL,2012-12-13,390.0,266.0,266.0,266.0,-31.79 %,50.0,13300.0,-0.31794871794871793,-0.38265043034199303,369.8,383.25,372.1555749717033,373.8577663210884,22.764704365440537,-1.7021913493850889,7.756669862757697,19.724156885292977,383.25,29.015195655850857,441.2803913117017,325.2196086882983,12294.0
JFL,2012-12-16,266.0,275.0,270.0,274.0,3.01 %,900.0,246950.0,0.03007518796992481,0.02963179760637115,344.6,378.45,357.0547172837489,366.4608947417485,25.772982731486707,-9.406177457999604,4.3241003986062365,18.958145679200623,378.45,37.902194076193226,454.25438815238647,302.6456118476135,13194.0
JFL,2012-12-17,274.0,289.0,279.0,289.0,5.47 %,500.0,141000.0,0.054744525547445244,0.05329858172436192,322.2,373.7,346.58476077855676,360.7230506868042,31.185139830837358,-14.13828990824743,0.6316223372355032,18.675420987829153,373.7,42.80568088220794,459.3113617644159,288.0886382355841,13694.0
JFL,2012-12-18,289.0,284.0,270.0,275.0,-4.84 %,2600.0,706200.0,-0.04844290657439443,-0.049655590445860834,298.8,368.45,335.5717206587788,354.3731950803743,29.05571911976817,-18.801474421595458,-3.254997014530689,18.698605202984215,368.45,48.10347946710362,464.65695893420724,272.24304106579274,11094.0
JFL,2012-12-19,275.0,280.0,280.0,280.0,1.82 %,200.0,56000.0,0.018181818181818077,0.018018505502678212,276.8,363.2,327.02222517281285,348.8640695188651,30.871231644228487,-21.841844346052255,-6.972366480835003,17.720133402771058,363.2,51.79067178759593,466.78134357519184,259.61865642480814,11294.0
JFL,2012-12-20,280.0,280.0,275.0,275.0,-1.79 %,300.0,83500.0,-0.017857142857142905,-0.018018505502678365,278.6,357.45,319.01880591545705,343.39265696191217,30.043263461103805,-24.373851046455115,-10.452663393959027,16.81155244543027,357.45,54.94636140436337,467.34272280872676,247.55727719127324,10994.0
JFL,2012-12-23,275.0,274.0,272.0,272.0,-1.09 %,2220.0,605440.0,-0.010909090909090868,-0.010969031370573933,278.2,351.35,311.7851434669252,338.10431200177055,29.531486265401853,-26.319168534845346,-13.625964422136292,15.825012985042394,351.35,57.39271455690607,466.13542911381217,236.56457088618788,8774.0
JFL,2012-12-24,272.0,272.0,272.0,272.0,0.00 %,147.0,39984.0,0.0,0.0,274.8,345.95,305.6643521643214,333.2076962979357,29.531486265221275,-27.543344133614312,-16.409440364431894,14.694654914682223,345.95,59.593778375369084,465.13755675073816,226.76244324926182,8774.0
JFL,2012-12-26,272.0,272.0,272.0,272.0,0.00 %,100.0,27200.0,0.0,0.0,274.2,339.7,300.4852210621181,328.673792868459,29.5314862650268,-28.18857180634086,-18.76526665281369,13.645036706490636,339.7,60.505850086886845,460.7117001737737,218.68829982622628,8774.0
JFL,2013-01-03,272.0,277.0,267.0,277.0,1.84 %,764.0,208288.0,0.018382352941176405,0.01821543989134112,273.6,333.35,296.87211012948455,324.8461045078324,31.944714960245022,-27.973994378347868,-20.607012197920525,13.384676941741304,333.35,60.06511817230213,453.4802363446043,213.21976365539575,9538.0
JFL,2013-01-06,277.0,272.0,272.0,272.0,-1.81 %,375.0,102000.0,-0.018050541516245522,-0.018215439891341216,273.0,327.7,293.0456316480254,320.931578247993,30.808504785916426,-27.88594659996761,-22.06279907832994,12.785771445902641,327.7,60.265290700019754,448.2305814000395,207.16941859996047,9163.0
JFL,2013-01-07,272.0,272.0,270.0,270.0,-0.74 %,130.0,35160.0,-0.007352941176470562,-0.007380107297622534,272.6,322.3,289.5001498560215,317.1588687481417,30.343592177745194,-27.65871889212019,-23.181983041087996,12.015359199766738,322.3,60.35953681242529,443.0190736248506,201.58092637514943,9033.0
JFL,2013-01-31,270.0,265.0,265.0,265.0,-1.85 %,200.0,53000.0,-0.01851851851851849,-0.01869213301215252,271.2,316.5,285.7308960320182,313.2952488408719,29.15892356514688,-27.564352808853698,-24.058456994641137,11.514262114069115,316.5,59.99429797467161,436.4885959493432,196.51140405065678,8833.0
JFL,2013-02-04,265.0,270.0,260.0,265.0,0.00 %,1329.0,348800.0,0.0,0.0,269.8,310.0,282.54152741170776,309.7178230008073,29.15892356490167,-27.17629558909954,-24.68202471353282,11.406100534492749,310.0,58.05260772056585,426.1052154411317,193.8947845588683,8833.0
JFL,2013-02-06,265.0,265.0,255.0,255.0,-3.77 %,1100.0,284000.0,-0.037735849056603765,-0.03846628082779605,265.4,303.1,278.30436934836814,305.66465092667346,26.73760590532629,-27.36028157830532,-25.21767608648732,11.30566478202898,303.1,55.826705550583874,414.7534111011678,191.44658889883226,7733.0
JFL,2013-02-13,255.0,260.0,260.0,260.0,1.96 %,100.0,26000.0,0.019607843137254832,0.019418085857101516,263.0,296.1,275.48831252554226,302.2820841913643,29.873194150587423,-26.79377166582202,-25.53289520235426,10.855260154741197,296.1,51.65869774424824,399.4173954884965,192.78260451150356,7833.0
JFL,2013-02-14,260.0,255.0,255.0,255.0,-1.92 %,130.0,33150.0,-0.019230769230769273,-0.019418085857101627,260.0,288.85,272.3362644446896,298.77970758459657,28.556955876887002,-26.443443139906947,-25.7150047898648,10.437027286545398,288.85,46.19555116424575,381.24110232849154,196.4588976715085,7703.0
JFL,2013-02-25,255.0,260.0,256.0,256.0,0.39 %,30.0,7720.0,0.0039215686274509665,0.003913899321136315,258.2,281.6,269.82299299166044,295.61084035610793,29.228578706319084,-25.787847364447487,-25.72957330478134,10.048668194649299,281.6,38.38640110082888,358.3728022016578,204.82719779834227,7733.0
JFL,2013-02-26,256.0,255.0,250.0,250.0,-2.34 %,279.0,70049.0,-0.0234375,-0.023716526617316044,255.2,274.5,266.77330176217424,292.2322595889888,27.554797611092,-25.458957826814583,-25.675450209187993,9.759477609317207,274.5,28.836198012038835,332.17239602407767,216.82760397592233,7454.0
JFL,2013-02-27,250.0,253.0,253.0,253.0,1.20 %,360.0,91080.0,0.01200000000000001,0.011928570865273812,254.8,267.65,264.65433226030126,289.3261662861008,29.721833340976445,-24.671834025799512,-25.4747269725103,9.276657780080264,267.65,10.214927157946374,288.0798543158927,247.22014568410722,7814.0
JFL,2013-03-07,253.0,250.0,250.0,250.0,-1.19 %,150.0,37500.0,-0.011857707509881465,-0.011928570865273845,252.8,266.85,262.3998196048703,286.4131169315748,28.79426250556851,-24.013297326704503,-25.182441043349144,8.8283250815031,266.85,10.950967272829018,288.75193454565806,244.948065454342,7664.0
JFL,2013-03-11,250.0,245.0,245.0,245.0,-2.00 %,200.0,49000.0,-0.020000000000000018,-0.020202707317519466,250.8,265.4,259.7229242810441,283.34547864034704,27.266904783362975,-23.622554359302967,-24.870463706539912,8.554873289967166,265.4,11.838385380663192,289.0767707613264,241.72322923867358,7464.0
JFL,2013-03-13,245.0,241.0,231.0,233.0,-4.90 %,832.0,194300.0,-0.048979591836734726,-0.050219756979026454,246.2,262.6,255.61170516088345,279.61618392624723,23.979382363795153,-24.004478765363785,-24.69726671830469,8.943810912112369,262.6,12.563103873940491,287.726207747881,237.47379225211904,6632.0
JFL,2013-03-14,233.0,237.0,230.0,230.0,-1.29 %,825.0,192190.0,-0.012875536480686733,-0.012959144642505228,242.2,260.35,251.67144282843984,275.9409110428215,23.225467949538256,-24.269468214381646,-24.611707017520082,8.804967275532913,260.35,14.154318664003494,288.658637328007,232.04136267199303,5807.0
JFL,2013-03-17,230.0,235.0,228.0,228.0,-0.87 %,1350.0,310350.0,-0.008695652173912993,-0.008733679968754553,237.2,257.75,248.02968239329527,272.38973244705693,22.71278616133708,-24.360050053761654,-24.5613756247684,8.676041041566277,257.75,15.099233162823808,287.9484663256476,227.55153367435238,4457.0
JFL,2013-03-18,228.0,225.0,225.0,225.0,-1.32 %,20.0,4500.0,-0.013157894736842146,-0.01324522675002068,232.2,255.25,244.4866543327883,268.8793818954231,21.930774326353728,-24.392727562634775,-24.527646012341677,8.270609538597258,255.25,16.19250963937062,287.63501927874125,222.86498072125875,4437.0
JFL,2013-03-20,225.0,225.0,221.0,223.0,-0.89 %,492.0,109726.0,-0.008888888888888835,-0.008928630744301318,227.8,252.8,241.181015204667,265.48090916242876,21.40173813408242,-24.299893957761753,-24.482095601425694,7.965566000126025,252.8,17.200367193144682,287.20073438628935,218.39926561371064,3945.0
JFL,2013-03-21,223.0,225.0,223.0,223.0,0.00 %,250.0,55950.0,0.0,0.0,225.8,250.35,238.38393594241052,262.334175150397,21.40173813380443,-23.9502392079865,-24.375724322737856,7.539454142974167,250.35,17.800872243562733,285.95174448712544,214.74825551287452,3945.0
JFL,2013-03-27,223.0,227.0,227.0,227.0,1.79 %,20.0,4540.0,0.017937219730941756,0.01777824602128397,225.2,248.1,236.63256118203967,259.7168288429602,25.566582158724074,-23.084267660920517,-24.11743299037439,7.286635989904584,248.1,17.764245580735967,283.6284911614719,212.57150883852808,3965.0
JFL,2013-03-28,227.0,225.0,225.0,225.0,-0.88 %,210.0,47250.0,-0.008810572687224627,-0.0088496152769825,224.6,245.5,234.84293638480278,257.1452118916298,24.857339051984454,-22.302275506827016,-23.75440149366492,6.909019133482828,245.5,17.10493926819063,279.70987853638127,211.29012146361873,3755.0
JFL,2013-03-31,225.0,222.0,222.0,222.0,-1.33 %,200.0,44400.0,-0.013333333333333308,-0.013423020332140661,224.0,243.0,232.86710001791005,254.54186286262018,23.79119791246744,-21.67476284471013,-23.33847376387396,6.629803481091198,243.0,16.676488334117778,276.35297666823556,209.64702333176444,3555.0
JFL,2013-04-01,222.0,220.0,218.0,220.0,-0.90 %,448.0,98464.0,-0.009009009009009028,-0.009049835519917927,223.4,240.5,230.8875461690008,251.98320635427794,23.080478308443034,-21.095660185277126,-22.889911048154595,6.44196037529897,240.5,16.155494421405812,272.81098884281164,208.18901115718836,3107.0
JFL,2013-04-02,220.0,224.0,224.0,224.0,1.82 %,1000.0,224000.0,0.018181818181818077,0.018018505502678212,223.6,238.45,229.8279236814622,249.91037625396103,27.73046715621173,-20.082452572498823,-22.328419353023442,6.267534634206186,238.45,15.469749768332179,269.38949953666435,207.51050046333563,4107.0
JFL,2013-04-03,224.0,225.0,224.0,224.0,0.00 %,1680.0,376425.0,0.0,0.0,223.0,236.4,228.93132003816032,247.99108912403798,27.730467155760394,-19.05976908587766,-21.674689299594284,5.891282160334315,236.4,14.449185007068744,265.2983700141375,207.5016299858625,4107.0
JFL,2013-04-04,224.0,224.0,220.0,224.0,0.00 %,1273.0,282752.0,0.0,0.0,222.8,234.85,228.1726554169049,246.21397141114628,27.73046715527434,-18.041315994241387,-20.948014638523706,5.756190577453292,234.85,14.004792412827717,262.8595848256554,206.84041517434457,4107.0
JFL,2013-04-07,224.0,225.0,221.0,222.0,-0.89 %,830.0,183930.0,-0.008928571428571397,-0.008968669982760375,222.8,232.95,227.22301612199644,244.4203438992095,26.72167192841995,-17.197327777213076,-20.19787726626158,5.630748393349486,232.95,12.951224286776872,258.8524485735537,207.04755142644623,3277.0
JFL,2013-04-08,222.0,218.0,218.0,218.0,-1.80 %,250.0,54500.0,-0.018018018018018056,-0.018182319083190474,222.4,231.1,225.80409056476623,242.46328138815696,24.78005820117292,-16.65919082339073,-19.490139977687413,5.5142663652530945,231.1,12.259904696121433,255.61980939224287,206.58019060775712,3027.0
JFL,2013-04-11,218.0,221.0,214.0,214.0,-1.83 %,3937.0,856018.0,-0.01834862385321101,-0.018519047767237527,220.4,229.0,223.98807663172528,240.3548901742194,22.981739014562123,-16.36681354249413,-18.865474690648757,5.620390196306445,229.0,11.33230129460328,251.66460258920657,206.33539741079343,-910.0
JFL,2013-04-15,214.0,215.0,210.0,210.0,-1.87 %,1400.0,295800.0,-0.01869158878504673,-0.018868484304382805,217.6,227.0,221.83606484222906,238.1063797909439,21.315829612624256,-16.270314948714827,-18.34644274226197,5.576076610855985,227.0,10.954451150107463,248.90890230021492,205.09109769978508,-2310.0
JFL,2013-04-18,210.0,210.0,206.0,206.0,-1.90 %,2530.0,522880.0,-0.01904761904761909,-0.019231361927887644,214.0,224.65,219.3997471741938,235.72812943605916,19.772315166137133,-16.328382261865357,-17.94283064618265,5.463499710080558,224.65,10.090511436628233,244.83102287325647,204.46897712674354,-4840.0
JFL,2013-04-28,206.0,203.0,200.0,200.0,-2.91 %,2239.0,451060.0,-0.029126213592232997,-0.02955880224154439,209.6,222.15,216.4151706858563,233.08160132968442,17.701700057488594,-16.666430643828107,-17.68755064571174,5.501821159360518,222.15,9.664231393191558,241.47846278638312,202.8215372136169,-7079.0
JFL,2013-04-30,200.0,202.0,202.0,202.0,1.00 %,142.0,28684.0,0.010000000000000009,0.009950330853168092,206.4,220.0,214.1974521188015,230.77926049044854,20.683435963999898,-16.581808371647043,-17.466402190898805,5.251691076549053,220.0,9.078604112509707,238.15720822501942,201.84279177498058,-6937.0
JFL,2013-05-12,202.0,206.0,206.0,206.0,1.98 %,3069.0,632214.0,0.01980198019801982,0.019608471388376337,204.8,218.65,212.93630563898586,228.94375971337828,26.42491474683291,-16.007454074392427,-17.17461256759753,5.162284571081264,218.65,9.051170322705632,236.75234064541127,200.54765935458875,-3868.0
JFL,2013-05-13,206.0,210.0,210.0,210.0,1.94 %,50.0,10500.0,0.01941747572815533,0.019231361927887592,204.8,217.65,212.4845663099111,227.54051825312803,31.745686827149754,-15.05595194321694,-16.750880442721414,5.079264244575459,217.65,8.833399536334984,235.31679907266997,199.98320092733005,-3818.0
JFL,2013-05-15,210.0,210.0,210.0,210.0,0.00 %,190.0,39900.0,0.0,0.0,205.6,216.75,212.10232533915553,226.24122060474815,31.745686826531667,-14.138895265592623,-16.228483407295656,4.716459655677212,216.75,8.638195474329967,234.02639094865992,199.47360905134008,-3818.0
JFL,2013-05-23,210.0,210.0,210.0,210.0,0.00 %,40.0,8400.0,0.0,0.0,207.6,216.0,211.77889067159316,225.03816722661864,31.74568682586603,-13.25927655502548,-15.634642036841623,4.379569680271697,216.0,8.534758652900615,233.06951730580124,198.93048269419876,-3818.0
JFL,2013-05-30,210.0,206.0,206.0,206.0,-1.90 %,96.0,19776.0,-0.01904761904761909,-0.019231361927887644,208.4,215.15,210.88983056827112,223.62793261723948,29.115857758873446,-12.738102048968358,-15.05533403926697,4.35245756025229,215.15,8.646721313526257,232.44344262705252,197.8565573729475,-3914.0
JFL,2013-06-02,206.0,207.0,207.0,207.0,0.49 %,150.0,31050.0,0.004854368932038833,0.004842624475787991,208.6,214.35,210.2913950962294,222.39623390485139,30.662311191436658,-12.104838808621992,-14.465234993137976,4.112996305948555,214.35,8.622339406577034,231.59467881315408,197.1053211868459,-3764.0
JFL,2013-06-03,207.0,206.0,206.0,206.0,-0.48 %,210.0,43260.0,-0.004830917874396157,-0.004842624475788015,207.8,213.3,209.63118046604023,221.18169806004758,29.958442459184482,-11.550517594007346,-13.88229151331185,3.89063942695223,213.3,8.272338178983953,229.84467635796793,196.7553236420321,-3974.0
JFL,2013-06-04,206.0,205.0,205.0,205.0,-0.49 %,240.0,49200.0,-0.004854368932038833,-0.004866189651172899,206.8,212.3,208.9186911635725,219.98305375930332,29.235697731000855,-11.064362595730813,-13.318705729795644,3.684165182169928,212.3,7.987490219093117,228.27498043818625,196.32501956181378,-4214.0
JFL,2013-06-06,205.0,209.0,209.0,209.0,1.95 %,50.0,10450.0,0.019512195121951237,0.019324272826402842,206.6,211.65,208.9312002153306,219.16949422157717,35.897411144944044,-10.238294006246576,-12.702623385085833,3.7067248120149334,211.65,7.67960388233551,227.00920776467103,196.29079223532898,-4164.0
JFL,2013-06-09,209.0,213.0,213.0,213.0,1.91 %,200.0,42600.0,0.019138755980861344,0.018957913744614207,208.0,211.3,209.55716941297203,218.7124946496085,41.79798709463685,-9.155325236636457,-11.993163755395958,3.7276730397281526,211.3,7.4346273753723295,226.16925475074467,196.43074524925535,-3964.0
JFL,2013-06-10,213.0,214.0,210.0,214.0,0.47 %,531.0,113510.0,0.0046948356807512415,0.0046838493124264375,209.4,210.8,210.24068181097635,218.3634209718597,43.20549184756227,-8.122739160883356,-11.219078836493438,3.747124965461856,210.8,6.848741720783801,224.49748344156762,197.1025165584324,-3433.0
JFL,2013-06-17,214.0,218.0,218.0,218.0,1.87 %,10.0,2180.0,0.01869158878504673,0.01851904776723753,211.8,210.5,211.43442307082614,218.33650089987012,48.56377464026766,-6.902077829043975,-10.355678635003546,3.7651874679288664,210.5,6.353614802043153,223.2072296040863,197.7927703959137,-3423.0
JFL,2013-06-20,218.0,222.0,220.0,222.0,1.83 %,110.0,24220.0,0.0183486238532109,0.01818231908319033,215.2,210.4,213.0598964445452,218.60787120358344,53.30781295203006,-5.547974759038254,-9.394137859810488,3.7819597916482333,210.4,6.142175167608302,222.6843503352166,198.1156496647834,-3313.0
JFL,2013-06-23,222.0,222.0,222.0,222.0,0.00 %,300.0,66600.0,0.0,0.0,217.8,210.4,214.43529699153825,218.85914000331798,53.307812950706364,-4.423843011779724,-8.400078890204336,3.5118198065305024,210.4,6.142175167608302,222.6843503352166,198.1156496647834,-3313.0
JFL,2013-06-24,222.0,230.0,225.0,230.0,3.60 %,716.0,162318.0,0.03603603603603611,0.035401927050916,221.2,211.0,216.82986668514775,219.68438889196108,61.53644871787501,-2.8545222068133285,-7.290967553526135,3.832404106064038,211.0,7.384193645184516,225.76838729036902,196.23161270963098,-2597.0
JFL,2013-06-25,230.0,238.0,234.0,238.0,3.48 %,650.0,154100.0,0.034782608695652195,0.03419136474827934,226.0,212.2,220.0868102720481,221.04110082588988,67.67192344660569,-0.954290553841787,-6.023632153589266,4.1300895270594635,212.2,9.534425161382469,231.26885032276493,193.13114967723504,-1947.0
JFL,2013-06-26,238.0,240.0,234.0,238.0,0.00 %,671.0,160107.0,0.0,0.0,230.0,213.6,222.84268561480994,222.29731557952766,67.67192344515256,0.545370035282275,-4.709831715814959,4.263654560840931,213.6,11.118500466865385,235.83700093373076,191.36299906626923,-1947.0
JFL,2013-06-27,238.0,244.0,240.0,240.0,0.84 %,1550.0,372200.0,0.008403361344537785,0.00836824967051658,233.6,215.3,225.48227244330073,223.60862553659967,69.10099087029103,1.8736469067010546,-3.3931359913117562,4.387679235066579,215.3,12.41857691652646,240.13715383305293,190.4628461669471,-397.0
JFL,2013-07-02,240.0,240.0,236.0,236.0,-1.67 %,147.0,35088.0,-0.01666666666666672,-0.01680711831638129,236.4,217.1,227.1003843751006,224.5265051264812,63.09376480056497,2.5738792486193915,-2.199732943325527,4.359987861133252,217.1,12.690236611791788,242.48047322358357,191.71952677641642,-544.0
JFL,2013-07-03,236.0,235.0,234.0,234.0,-0.85 %,785.0,183975.0,-0.008474576271186418,-0.00851068966790862,237.2,218.7,228.1618637020082,225.2282454874826,60.27237747109886,2.9336182145255805,-1.1730627117553056,4.191417299623734,218.7,12.70350138223797,244.10700276447594,193.29299723552404,-1329.0
JFL,2013-07-04,234.0,230.0,230.0,230.0,-1.71 %,50.0,11500.0,-0.017094017094017144,-0.017241806434506103,235.6,219.9,228.44465390169924,225.5817087847061,54.97727734787275,2.8629451169931315,-0.36586114600561825,4.177744635364896,219.9,12.573572954502826,245.04714590900565,194.75285409099436,-1379.0
JFL,2013-07-08,230.0,230.0,226.0,226.0,-1.74 %,791.0,180730.0,-0.017391304347826098,-0.017544309650909508,233.2,220.7,228.06855330143782,225.6126933191723,50.225412806159554,2.4558599822655083,0.19848307964860706,4.16504858998169,220.7,12.418576916526215,245.53715383305243,195.86284616694755,-2170.0
JFL,2013-07-11,226.0,226.0,225.0,225.0,-0.44 %,1150.0,259100.0,-0.004424778761061954,-0.004434597067865753,230.2,221.45,227.59646817813967,225.56730862886323,49.08322220672209,2.029159549276443,0.5646183735741743,3.9389736906972836,221.45,12.189188479532657,245.8283769590653,197.07162304093467,-3320.0
JFL,2013-07-17,225.0,222.0,220.0,220.0,-2.22 %,400.0,88600.0,-0.022222222222222254,-0.02247285585205863,227.0,221.95,226.4277807661182,225.1549153970956,43.72852868354929,1.2728653690225826,0.706267772663856,4.014761284218906,221.95,11.896372733342872,245.74274546668573,198.15725453331424,-3720.0
JFL,2013-07-18,220.0,226.0,224.0,226.0,2.73 %,400.0,90000.0,0.027272727272727337,0.026907452919924402,225.4,222.95,226.36196834056156,225.21751425657,50.68159687801587,1.1444540839915476,0.7939050349293943,4.156564049631841,222.95,11.311265925713247,245.57253185142648,200.3274681485735,-3320.0
JFL,2013-07-21,226.0,230.0,227.0,230.0,1.77 %,599.0,137716.0,0.017699115044247815,0.017544309650909525,225.4,224.1,226.9216655189367,225.57177245978704,54.70022388049679,1.3498930591496503,0.9051026397734456,4.145380903229567,224.1,10.760062609878998,245.620125219758,202.579874780242,-2721.0
JFL,2013-07-22,230.0,230.0,230.0,230.0,0.00 %,466.0,107180.0,0.0,0.0,226.2,225.3,227.39525543910028,225.89978931461764,54.700223879296786,1.4954661244826468,1.023175336715286,3.849282267284598,225.3,9.942466071304493,245.184932142609,205.41506785739102,-2721.0
JFL,2013-07-23,230.0,230.0,224.0,225.0,-2.17 %,2112.0,476160.0,-0.021739130434782594,-0.02197890671877523,226.2,226.3,227.0267546023156,225.83313825427558,48.92131086410929,1.193616348040024,1.0572635389802336,4.0029049624785555,226.3,8.72443634132181,243.74887268264362,208.8511273173564,-4833.0
JFL,2013-07-24,225.0,225.0,222.0,225.0,0.00 %,275.0,61440.0,0.0,0.0,227.2,227.1,226.71494620195935,225.77142430951443,48.92131086299608,0.9435218924449202,1.0345152096731711,3.9312688937300875,227.1,7.731684639747835,242.56336927949567,211.63663072050431,-4833.0
JFL,2013-07-25,225.0,221.0,221.0,221.0,-1.78 %,172.0,38012.0,-0.01777777777777778,-0.017937700686667318,226.2,227.5,225.83572370935022,225.41798547177262,44.55410072265929,0.4177382375775949,0.911159815254056,3.9361782584636527,227.5,7.148794524812266,241.79758904962452,213.20241095037548,-5005.0
JFL,2013-07-29,221.0,225.0,225.0,225.0,1.81 %,200.0,45000.0,0.018099547511312153,0.01793770068666725,225.2,228.05,225.70715083098864,225.38702358497466,49.41699995943836,0.3201272460139819,0.7929533014060413,3.9407369542876776,228.05,6.443887352415216,240.93777470483045,215.16222529516958,-4805.0
JFL,2013-07-30,225.0,228.0,226.0,228.0,1.33 %,700.0,159400.0,0.01333333333333342,0.013245226750020723,224.8,228.55,226.0598968569904,225.58057739349505,52.76320255262098,0.4793194634953579,0.7302265338239047,3.8735414575528435,228.55,5.995392968121035,240.5407859362421,216.55921406375793,-4105.0
JFL,2013-07-31,228.0,232.0,230.0,230.0,0.88 %,1389.0,320848.0,0.00877192982456143,0.008733679968754631,225.8,228.95,226.66606657129958,225.90794203101393,54.9049579423459,0.7581245402856496,0.7358061351162537,3.8825742105847834,228.95,5.799047108664532,240.54809421732907,217.3519057826709,-2716.0
JFL,2013-08-01,230.0,238.0,230.0,238.0,3.48 %,280.0,65520.0,0.034782608695652195,0.03419136474827934,228.4,229.75,228.4097486372535,226.8036500287166,62.27348647551203,1.6060986085369109,0.9098646298003852,4.17667605268587,229.75,5.892680562410864,241.53536112482172,217.96463887517828,-2436.0
JFL,2013-08-04,238.0,235.0,234.0,234.0,-1.68 %,637.0,149204.0,-0.01680672268907568,-0.01694955831377332,231.0,229.95,229.26978730844527,227.3367129895524,57.237470556188065,1.9330743188928636,1.114506567618881,4.1640563346368795,229.95,5.968998858142739,241.88799771628547,218.0120022837145,-3073.0
JFL,2013-08-05,234.0,231.0,231.0,231.0,-1.28 %,95.0,21945.0,-0.012820512820512775,-0.012903404835907841,232.2,229.6,229.53597387637677,227.6080675829189,53.728083958697894,1.9279062934578803,1.277186512786681,4.080909453591389,229.6,5.669864938527309,240.93972987705462,218.26027012294537,-3168.0
JFL,2013-08-07,231.0,232.0,232.0,232.0,0.43 %,50.0,11600.0,0.0043290043290042934,0.00431966114451638,233.0,229.3,229.91505481847264,227.93339591011008,54.72458251007637,1.9816589083625615,1.418080991901857,3.8608444926205756,229.3,5.351831953943144,240.0036639078863,218.59633609211372,-3118.0
JFL,2013-08-12,232.0,234.0,227.0,229.0,-1.29 %,4004.0,918530.0,-0.012931034482758674,-0.013015368112070361,232.8,228.75,229.77427715409223,228.0124036204723,51.16470080941653,1.7618735336199336,1.4868395002454724,4.0850698860048205,228.75,4.722566206951154,238.19513241390231,219.30486758609769,-7122.0
JFL,2013-08-13,229.0,228.0,220.0,220.0,-3.93 %,1093.0,245588.0,-0.0393013100436681,-0.04009445720187809,229.2,227.95,228.2705422073088,227.41889224117807,42.27913411010996,0.8516499661307364,1.3598015934225252,4.436136322718761,227.95,4.784569496124861,237.5191389922497,218.38086100775027,-8215.0
JFL,2013-08-14,220.0,226.0,222.0,226.0,2.73 %,822.0,184112.0,0.027272727272727337,0.026907452919924402,227.6,227.55,227.921228021569,227.3137891122019,48.678113723417574,0.6074389093670902,1.2093290566114383,4.547840871095993,227.55,4.582288557167012,236.71457711433405,218.38542288566597,-7393.0
JFL,2013-08-15,226.0,230.0,227.0,227.0,0.44 %,774.0,177330.0,0.004424778761061843,0.004415018209116693,226.8,227.4,227.7795006336353,227.29054547426102,49.67939744245856,0.48895515937428513,1.0652542771640077,4.508709380303422,227.4,4.546832327084165,236.49366465416833,218.30633534583168,-6619.0
JFL,2013-08-18,227.0,230.0,230.0,230.0,1.32 %,200.0,46000.0,0.013215859030837107,0.013129291441792802,226.4,227.6,228.12111592076835,227.49124580950095,52.66313082668197,0.6298701112673939,0.978177443984685,4.400944424567464,227.6,4.569924564629797,236.7398491292596,218.4601508707404,-6419.0
JFL,2013-08-19,230.0,230.0,230.0,230.0,0.00 %,531.0,122130.0,0.0,0.0,226.6,227.85,228.4101750098809,227.67707945324162,52.66313082556102,0.7330955566392845,0.9291610665156049,4.086591251384074,227.85,4.556949579902651,236.9638991598053,218.7361008401947,-6419.0
JFL,2013-08-20,230.0,230.0,230.0,230.0,0.00 %,285.0,65550.0,0.0,0.0,228.6,228.35,228.65476346989922,227.8491476418904,52.66313082435385,0.8056158280088255,0.9044520188142491,3.7946918762852118,228.35,4.1836146547020165,236.71722930940402,219.98277069059597,-6419.0
JFL,2013-08-25,230.0,230.0,230.0,230.0,0.00 %,500.0,115000.0,0.0,0.0,229.4,228.55,228.86172293606856,228.0084700387874,52.66313082305381,0.853252897281152,0.8942121945076297,3.523642456550554,228.55,4.160908301660432,236.87181660332087,220.22818339667916,-6419.0
JFL,2013-08-26,230.0,230.0,228.0,230.0,0.00 %,1400.0,320000.0,0.0,0.0,230.0,228.55,229.0368424843657,228.15599077665502,52.66313082165378,0.8808517077106899,0.8915400971482418,3.414810852511229,228.55,4.160908301660432,236.87181660332087,220.22818339667916,-6419.0
JFL,2013-08-27,230.0,234.0,230.0,230.0,0.00 %,242.0,56228.0,0.0,0.0,230.0,228.55,229.18502056369405,228.29258405245835,52.66313082014605,0.8924365112357009,0.8917193799657336,3.4566100773318555,228.55,4.160908301660432,236.87181660332087,220.22818339667916,-6419.0
JFL,2013-08-29,230.0,234.0,222.0,222.0,-3.48 %,1697.0,382874.0,-0.034782608695652195,-0.03540192705091595,228.4,228.4,228.0796327846642,227.82646671523923,42.24352741965144,0.2531660694249638,0.7640087178575796,4.066852214665294,228.4,4.345596682436812,237.09119336487362,219.7088066351264,-8116.0
JFL,2013-09-02,222.0,230.0,226.0,230.0,3.60 %,150.0,34300.0,0.03603603603603611,0.035401927050916,228.4,228.65,228.37507389471585,227.98746918077708,52.388310985361386,0.38760471393877083,0.6887279170738179,4.347791342189202,228.65,4.283075628820368,237.21615125764075,220.08384874235927,-7966.0
JFL,2013-09-04,230.0,234.0,230.0,230.0,0.00 %,2587.0,595610.0,0.0,0.0,228.4,229.1,228.62506252629802,228.13654553775655,52.38831098412267,0.48851698854147685,0.6486857313673497,4.3229491034614025,229.1,3.8919620271968003,236.8839240543936,221.3160759456064,-7966.0
JFL,2013-09-09,230.0,238.0,230.0,238.0,3.48 %,1900.0,437576.0,0.034782608695652195,0.03419136474827934,230.0,229.75,230.06736059917526,228.86717179421902,60.44586742439814,1.200188804956241,0.758986346085128,4.585595596071302,229.75,4.241089730877144,238.2321794617543,221.2678205382457,-6066.0
JFL,2013-09-10,238.0,260.0,242.0,260.0,9.24 %,160.0,40090.0,0.09243697478991586,0.08841095734405294,236.0,231.35,234.67238204545598,231.17330721686946,73.6515776147495,3.499074828586515,1.3070040425854055,5.829481624923352,231.35,7.955633555113282,247.26126711022656,215.43873288977343,-5906.0
JFL,2013-09-11,260.0,280.0,265.0,278.0,6.92 %,1433.0,391332.0,0.0692307692307692,0.06693948267510931,247.2,233.75,241.33816942307814,234.64195112673096,79.64074325116684,6.696218296347183,2.384846893337761,6.841661508857397,233.75,13.102330045898809,259.9546600917976,207.54533990820238,-4473.0
JFL,2013-09-15,278.0,275.0,275.0,275.0,-1.08 %,10.0,2750.0,-0.010791366906474864,-0.010850016024065818,256.2,235.6,246.51691258875843,237.6314362284546,76.51888090065245,8.88547636030384,3.6849727867309774,6.567257115367584,235.6,16.021038799360294,267.64207759872056,203.5579224012794,-4483.0
JFL,2013-09-17,275.0,270.0,269.0,270.0,-1.82 %,622.0,167888.0,-0.018181818181818188,-0.01834913866819654,264.2,237.4,250.129695267411,240.02910761893943,71.48907142508821,10.10058764847156,4.968095759079095,6.526738749984185,237.4,17.75980085237076,272.9196017047415,201.8803982952585,-5105.0
JFL,2013-09-19,270.0,268.0,253.0,253.0,-6.30 %,691.0,183433.0,-0.062962962962963,-0.06503247027085456,267.2,238.5,250.57128061088625,240.98991446198096,57.62071053349351,9.581366148905289,5.890749837044334,7.274828839271029,238.5,18.021916482002933,274.54383296400584,202.45616703599413,-5796.0
JFL,2013-09-22,253.0,253.0,240.0,240.0,-5.14 %,302.0,75491.0,-0.0513833992094862,-0.05275056538552897,263.2,238.9,248.944929747673,240.91658746479717,49.68336013583822,8.028342282875826,6.318268326210633,7.683769636465956,238.9,17.958724605989204,274.81744921197844,202.9825507880216,-6098.0
JFL,2013-09-23,240.0,236.0,236.0,236.0,-1.67 %,250.0,59000.0,-0.01666666666666672,-0.01680711831638129,254.8,239.25,246.95340209418487,240.5523958007381,47.51453399011789,6.4010062934467555,6.334815919657858,7.420643233861245,239.25,17.823328887490586,274.8966577749812,203.60334222501882,-6348.0
JFL,2013-09-24,236.0,232.0,228.0,232.0,-1.69 %,1227.0,282388.0,-0.016949152542372836,-0.017094433359300068,246.2,239.85,244.6528786950795,239.91888500068345,45.38112687407635,4.733993694396048,6.014651474605497,7.4620258600140135,239.85,17.33652973227259,274.52305946454516,205.1769405354548,-7575.0
JFL,2013-09-25,232.0,250.0,228.0,250.0,7.76 %,1150.0,272580.0,0.07758620689655182,0.07472354619593657,242.2,241.05,245.47551274199037,240.6656342598921,55.141920646983046,4.80987848209827,5.773696876104052,8.500452584298728,241.05,17.157091521401863,275.36418304280375,206.73581695719628,-6425.0
JFL,2013-09-26,250.0,260.0,250.0,260.0,4.00 %,2435.0,624856.0,0.040000000000000036,0.03922071315328133,243.6,242.7,247.7100492432226,242.0978094999001,59.47482839098681,5.612239743322505,5.7414054495477425,8.607563113991676,242.7,17.32081194158816,277.34162388317634,208.05837611682367,-3990.0
JFL,2013-09-29,260.0,255.0,255.0,255.0,-1.92 %,43.0,10965.0,-0.019230769230769273,-0.019418085857101627,246.6,243.95,248.83158012888066,243.05352731472232,56.53442809152456,5.778052814158343,5.748734922469863,8.349880034420842,243.95,17.25802635541743,278.46605271083484,209.43394728916513,-4033.0
JFL,2013-09-30,255.0,250.0,250.0,250.0,-1.96 %,193.0,48250.0,-0.019607843137254943,-0.019802627296179754,249.4,244.95,249.0113370321298,243.56808084696513,53.676557252523004,5.443256185164671,5.687639175008825,8.110602889105067,244.95,16.984435599443685,278.91887119888736,210.98112880111262,-4226.0
JFL,2013-10-03,250.0,252.0,248.0,250.0,0.00 %,506.0,126182.0,0.0,0.0,253.0,245.95,249.16343902718677,244.04451930274547,53.67655725193859,5.118919724441298,5.57389528489532,7.816988397026134,245.95,16.643237918780184,279.23647583756036,212.66352416243961,-4226.0
JFL,2013-10-06,250.0,245.0,245.0,245.0,-2.00 %,58.0,14210.0,-0.020000000000000018,-0.020202707317519466,252.0,246.7,248.52290994608109,244.11529565069026,50.70392917263138,4.407614295390829,5.340639086994422,7.6157749400956956,246.7,16.219221864652013,279.138443729304,214.26155627069596,-4284.0
JFL,2013-10-10,245.0,249.0,249.0,249.0,1.63 %,210.0,52290.0,0.01632653061224487,0.016194685919980606,249.8,247.65,248.59630841591473,244.47712560249096,52.948849045608526,4.119182813423777,5.096347832280293,7.357505301517432,247.65,15.738905867143526,279.12781173428704,216.17218826571295,-4074.0
JFL,2013-10-27,249.0,245.0,245.0,245.0,-1.61 %,20.0,4900.0,-0.016064257028112428,-0.016194685919980606,247.8,248.4,248.04303019808168,244.51585703934347,50.473498926999596,3.527173158738208,4.782512897571877,7.117683494266187,248.4,15.2018004473869,278.8036008947738,217.9963991052262,-4094.0
JFL,2013-10-30,245.0,241.0,241.0,241.0,-1.63 %,20.0,4820.0,-0.01632653061224487,-0.016461277054071962,246.0,249.35,246.9594870906845,244.2554231845773,48.05416492688338,2.7040639061071943,4.366823099278941,6.894991816104317,249.35,14.012306621044642,277.37461324208925,221.3253867579107,-4114.0
JFL,2013-10-31,241.0,241.0,237.0,237.0,-1.66 %,1222.0,290154.0,-0.016597510373444035,-0.016736792355523864,243.4,249.7,245.42725830750226,243.71798443016417,45.695374579100765,1.7092738773380916,3.835313254890771,6.68820668638258,249.7,13.584433816148872,276.86886763229774,222.53113236770224,-5336.0
JFL,2013-11-06,237.0,233.0,233.0,233.0,-1.69 %,100.0,23300.0,-0.016877637130801704,-0.017021687569430635,241.0,249.85,243.51537241404037,242.9240596575594,43.40110835675867,0.5913127564809599,3.1865131552088086,6.496191923069539,249.85,13.370332436919806,276.5906648738396,223.10933512616037,-5436.0
JFL,2013-11-11,233.0,230.0,226.0,226.0,-3.00 %,295.0,67050.0,-0.030042918454935674,-0.03050345429341474,236.4,249.25,240.82069973495723,241.6704256088513,39.64938539586604,-0.849725873894073,2.3792653493882323,6.532178214278858,249.25,14.175126473029513,277.600252946059,220.89974705394098,-5731.0
JFL,2013-11-13,226.0,230.0,228.0,230.0,1.77 %,165.0,37710.0,0.017699115044247815,0.017544309650909525,233.4,247.75,239.15597669880995,240.80594963782528,42.69762564253163,-1.6499729390153277,1.5734176917075202,6.351308341830368,247.75,14.55976792759181,276.86953585518364,218.6304641448164,-5566.0
JFL,2013-11-24,230.0,234.0,234.0,234.0,1.74 %,145.0,33930.0,0.017391304347825987,0.017241806434505954,232.0,245.55,238.36274951437764,240.3018052202086,45.653743940422856,-1.9390557058309525,0.8709230121998258,6.183357745985342,245.55,12.987747262225223,271.52549452445044,219.57450547554956,-5421.0
JFL,2013-11-25,234.0,246.0,237.0,246.0,5.13 %,323.0,78278.0,0.05128205128205132,0.050010420574661416,233.8,244.1,239.5377111275503,240.72389372241537,53.41759257558074,-1.1861825948650733,0.459501890786846,6.598832192700675,244.1,10.992341831813652,266.0846836636273,222.1153163363727,-5098.0
JFL,2013-11-26,246.0,250.0,250.0,250.0,1.63 %,110.0,27500.0,0.016260162601626105,0.016129381929883717,237.2,243.1,241.1472940310041,241.41101270594015,55.689932351856065,-0.26371867493605805,0.3148577776422652,6.413201321793484,243.1,9.290062602478399,261.68012520495677,224.5198747950432,-4988.0
JFL,2013-11-27,250.0,250.0,250.0,250.0,0.00 %,200.0,50000.0,0.0,0.0,242.0,242.95,242.509248795465,242.0472339869816,55.689932351124675,0.4620148084833886,0.3442891838104899,5.95511551309395,242.95,9.144886405445076,261.23977281089014,224.66022718910983,-4988.0
JFL,2013-11-28,250.0,245.0,245.0,245.0,-2.00 %,600.0,147000.0,-0.020000000000000018,-0.020202707317519466,245.0,243.2,242.89244128847037,242.26595739535335,52.01175845351958,0.6264838931170118,0.4007281256717943,5.886892976444382,243.2,9.128324916957467,261.4566498339149,224.94335016608505,-5588.0
JFL,2013-12-02,245.0,248.0,248.0,248.0,1.22 %,20.0,4960.0,0.012244897959183598,0.012170535620255114,247.8,243.8,243.67821955178263,242.69070129199386,53.97591745296795,0.9875182597887715,0.5180861524951897,5.680686335269783,243.8,9.023944755340684,261.8478895106814,225.75211048931865,-5568.0
JFL,2013-12-03,248.0,266.0,252.0,266.0,7.26 %,6168.0,1590113.0,0.07258064516129026,0.07006756261671684,251.8,245.5,247.11233962073916,244.4173160111054,63.602099529135714,2.6950236096337505,0.9534736439229019,6.560637311321941,245.5,9.848857801799682,265.19771560359936,225.80228439640064,600.0
JFL,2013-12-04,266.0,290.0,271.0,280.0,5.26 %,1855.0,520925.0,0.05263157894736836,0.05129329438755048,257.8,247.0,252.17197967908697,247.05307038065317,69.02806988339663,5.118909298433806,1.7865607748250827,7.806306074798946,247.0,12.498420952898742,271.9968419057975,222.00315809420252,2455.0
JFL,2013-12-05,280.0,285.0,280.0,285.0,1.79 %,2290.0,646165.0,0.017857142857142794,0.017699577099400857,264.8,248.25,257.2224443438428,249.86395405616034,70.70758133020931,7.358490287682486,2.9009466773965635,7.6058556408847355,248.25,14.888621582659907,278.0272431653198,218.47275683468018,4745.0
JFL,2013-12-08,285.0,280.0,257.0,262.0,-8.07 %,1195.0,319510.0,-0.08070175438596494,-0.08414467650755371,268.2,248.6,257.9574529063285,250.76292042237066,55.73531149783814,7.1945324839578575,3.7596638387088226,9.062580237964397,248.6,15.13587582012261,278.87175164024524,218.32824835975478,3550.0
JFL,2013-12-09,262.0,257.0,245.0,250.0,-4.58 %,2088.0,518715.0,-0.04580152671755722,-0.04688358589885038,268.6,248.6,256.73322938227795,250.70640779849134,49.80920603333626,6.026821583786614,4.2130953877243815,9.629538792395511,248.6,15.13587582012261,278.87175164024524,218.32824835975478,1462.0
JFL,2013-12-10,250.0,245.0,233.0,233.0,-6.80 %,5511.0,1305965.0,-0.06799999999999995,-0.07042246429654582,262.0,247.75,253.08196332346594,249.39482203564015,42.8571317444907,3.6871412878257956,4.107904567744664,10.156000307224403,247.75,15.525446005969636,278.80089201193925,216.69910798806072,-4049.0
JFL,2013-12-11,233.0,230.0,229.0,230.0,-1.29 %,990.0,227320.0,-0.012875536480686733,-0.012959144642505228,252.0,247.0,249.53089204293272,247.95816855151867,41.74970448924349,1.5727234914140524,3.600868352478542,9.716285999565518,247.0,16.01972468388384,279.0394493677677,214.96055063223233,-5039.0
JFL,2013-12-12,230.0,234.0,230.0,234.0,1.74 %,515.0,119570.0,0.017391304347825987,0.017241806434505954,241.8,246.25,247.1415240363277,246.92423014029507,43.83367483791891,0.21729389603262916,2.9241534611893596,9.30797985673941,246.25,16.27033141059505,278.7906628211901,213.7093371788099,-4524.0
JFL,2013-12-15,234.0,238.0,232.0,232.0,-0.85 %,568.0,132108.0,-0.008547008547008517,-0.008583743691391442,235.8,245.6,244.81205879996958,245.81873161138432,43.00521920318534,-1.0066728114147452,2.1379882066685387,9.071695581258023,245.6,16.579632400218834,278.7592648004377,212.4407351995623,-5092.0
JFL,2013-12-16,232.0,232.0,228.0,228.0,-1.72 %,240.0,55100.0,-0.017241379310344862,-0.01739174271186922,231.4,244.95,242.22558821535887,244.4988255660966,41.32305467315001,-2.2732373507377304,1.255743095187285,8.709431611168165,244.95,17.01848839845925,278.9869767969185,210.91302320308148,-5332.0
JFL,2013-12-22,228.0,232.0,228.0,228.0,0.00 %,1351.0,313164.0,0.0,0.0,230.4,244.5,240.03703618222676,243.27669033897834,41.323054672714846,-3.239654156751584,0.3566636447995112,8.37304363894187,244.5,17.355417779928576,279.2108355598572,209.78916444014286,-5332.0
JFL,2013-12-23,228.0,229.0,228.0,228.0,0.00 %,203.0,46384.0,0.0,0.0,230.0,244.25,238.1851844618842,242.14508364720217,41.32305467224619,-3.9598991853179655,-0.5066489212239842,7.846397664731736,244.25,17.564542632667912,279.37908526533585,209.12091473466418,-5332.0
JFL,2013-12-24,228.0,232.0,230.0,230.0,0.88 %,1226.0,283304.0,0.00877192982456143,0.008733679968754631,229.2,244.45,236.925925313902,241.24544782148348,42.72218384156706,-4.319522507581468,-1.269223638495481,7.571654974393755,244.45,17.367468075931296,279.1849361518626,209.7150638481374,-4106.0
JFL,2013-12-26,230.0,232.0,226.0,232.0,0.87 %,1018.0,230688.0,0.008695652173912993,0.008658062743114531,229.2,244.55,236.16809065022477,240.56059983470692,44.15618685125127,-4.392509184482151,-1.893880747692815,7.459393904794201,244.55,17.285451747216058,279.1209034944321,209.9790965055679,-3088.0
JFL,2013-12-29,232.0,230.0,230.0,230.0,-0.86 %,108.0,24840.0,-0.008620689655172376,-0.008658062743114541,229.6,244.35,235.21915362711326,239.7783331802842,42.996914217541416,-4.559179553170935,-2.426940508788439,7.069437197308901,244.35,17.43642587712553,279.22285175425105,209.47714824574894,-3196.0
JFL,2013-12-31,230.0,235.0,230.0,235.0,2.17 %,446.0,102835.0,0.021739130434782705,0.021506205220963682,231.0,243.8,235.18543768448046,239.4243825743372,46.7601023061649,-4.238944889856725,-2.7893413850020963,6.92162025464398,243.8,17.55472645906805,278.90945291813614,208.6905470818639,-2750.0
JFL,2014-01-01,235.0,232.0,231.0,231.0,-1.70 %,700.0,161900.0,-0.017021276595744705,-0.017167803622365446,231.6,242.85,234.5415241945604,238.8003542354974,44.243680295737605,-4.258830040936999,-3.083239116189077,6.712933093597981,242.85,17.71492085934072,278.27984171868144,207.42015828131855,-3450.0
JFL,2014-01-02,231.0,235.0,235.0,235.0,1.73 %,350.0,82250.0,0.017316017316017396,0.017167803622365498,232.6,242.1,234.6120589338588,238.51884651434943,47.2980352881677,-3.9067875804906294,-3.2479488090493875,6.519152158340983,242.1,17.713806687679956,277.5276133753599,206.67238662464007,-3100.0
JFL,2014-01-05,235.0,239.0,235.0,236.0,0.43 %,285.0,67275.0,0.004255319148936065,0.004246290881451004,233.4,241.65,234.82558832864976,238.3322652910643,48.064017102244556,-3.506676962414531,-3.2996944397224164,6.339212718459485,241.65,17.750537427003245,277.1510748540065,206.14892514599353,-2815.0
JFL,2014-01-06,236.0,235.0,232.0,232.0,-1.69 %,355.0,82660.0,-0.016949152542372836,-0.017094433359300068,233.8,240.85,234.39088243193441,237.86320860283732,45.23208439403142,-3.472326170902903,-3.334220785958514,6.172126095712379,240.85,17.809740090897975,276.4694801817959,205.23051981820404,-3170.0
JFL,2014-01-07,232.0,236.0,236.0,236.0,1.72 %,1219.0,287684.0,0.01724137931034475,0.01709443335930004,234.0,239.35,234.6384389808676,237.72519315077528,48.499886394003084,-3.0867541699076924,-3.28472746274835,6.016974231732924,239.35,16.81564121506407,272.98128243012815,205.71871756987184,-1951.0
JFL,2014-01-09,236.0,234.0,228.0,234.0,-0.85 %,2070.0,474984.0,-0.008474576271186418,-0.00851068966790862,234.6,237.05,234.54021759919564,237.44925291738454,46.990183961114276,-2.9090353181888986,-3.20958903383646,6.158618929466287,237.05,13.846812287540967,264.7436245750819,209.35637542491807,-4021.0
JFL,2014-01-12,234.0,237.0,235.0,235.0,0.43 %,36.0,8500.0,0.004273504273504258,0.004264398786457518,234.6,234.55,234.61095335316554,237.26782677535607,47.86404554833431,-2.656873422190529,-3.099045911507274,5.933003291647267,234.55,8.02282926864126,250.59565853728253,218.5043414627175,-3985.0
JFL,2014-01-13,235.0,235.0,235.0,235.0,0.00 %,340.0,79900.0,0.0,0.0,234.4,233.2,234.67080668344778,237.0998396068112,47.86404554748458,-2.4290329233634225,-2.965043313878504,5.509217342243891,233.2,4.774934554534146,242.74986910906827,223.6501308909317,-3985.0
JFL,2014-01-16,235.0,243.0,239.0,243.0,3.40 %,484.0,117137.0,0.03404255319148941,0.033475929196389545,236.6,232.85,235.95222103984042,237.5368885248252,54.78033342944446,-1.5846674849847773,-2.688968148099759,5.6871303892264695,232.85,3.58762492906708,240.02524985813415,225.67475014186584,-3501.0
JFL,2014-01-19,243.0,251.0,247.0,251.0,3.29 %,100.0,24900.0,0.03292181069958855,0.0323914957912355,239.6,233.75,238.26726395678804,238.53415604150481,60.43300194593798,-0.2668920847167726,-2.2045529354231617,5.852335361424578,233.75,5.418049755952628,244.58609951190525,222.91390048809475,-3401.0
JFL,2014-01-20,251.0,272.0,255.0,268.0,6.77 %,1043.0,275675.0,0.06772908366533859,0.06553404137907273,246.4,235.65,242.84153104035911,240.71681114954148,69.23414010183998,2.12471989081763,-1.3386983701750035,6.934311407037109,235.65,9.303508110276262,254.25701622055254,217.04298377944747,-2358.0
JFL,2014-01-21,268.0,273.0,273.0,273.0,1.87 %,52.0,14196.0,0.018656716417910557,0.01848481467410316,254.0,237.6,247.48129549568847,243.10815847179768,71.25908013599029,4.373137023890791,-0.19633129136184446,6.7961463065344585,237.6,12.483251937994668,262.5665038759893,212.63349612401066,-2306.0
JFL,2014-01-22,273.0,292.0,276.0,290.0,6.23 %,2583.0,724849.0,0.06227106227106227,0.06040912779555998,265.0,240.5,254.02263465019794,246.58162821462747,76.8404088116837,7.441006435570472,1.3311362540246188,7.667850141781997,240.5,17.0247497856278,274.5494995712556,206.4505004287444,277.0
JFL,2014-01-23,290.0,290.0,285.0,285.0,-1.72 %,460.0,133100.0,-0.017241379310344862,-0.01739174271186922,273.4,243.35,258.7883831655521,249.42743353206248,72.38786241940485,9.36094963348961,2.9370989299176173,7.477289417368997,243.35,19.42400847567851,282.19801695135703,204.50198304864298,-183.0
JFL,2014-01-26,285.0,290.0,290.0,290.0,1.75 %,20.0,5800.0,0.01754385964912286,0.01739174271186924,281.2,246.45,263.59017037085175,252.43280882598378,74.00972602036217,11.157361544867967,4.5811514529076875,7.300340173271211,246.45,21.663636765206483,289.77727353041297,203.122726469587,-163.0
JFL,2014-01-27,290.0,291.0,286.0,286.0,-1.38 %,1048.0,300600.0,-0.01379310344827589,-0.01388911216066715,284.8,249.35,267.0378364676438,254.91926743146647,70.44489853889799,12.11856903617732,6.088634969561614,7.136030160894696,249.35,22.91006443970957,295.1701288794191,203.52987112058085,-1211.0
JFL,2014-01-28,286.0,292.0,290.0,292.0,2.10 %,461.0,134049.0,0.020979020979021046,0.020761991448429225,288.6,252.45,270.8781693187755,257.66598836246897,72.57851627461471,13.212180956306554,7.513344166910603,7.054885149402218,252.45,24.306107094829592,301.0622141896592,203.8377858103408,-750.0
JFL,2014-02-04,292.0,287.0,272.0,272.0,-6.85 %,224.0,62773.0,-0.06849315068493156,-0.07095173597228449,285.0,254.45,271.0507586543485,258.72776700228604,57.640980817605644,12.322991652062456,8.475273663940973,7.979536210159203,254.45,24.180189803792448,302.8103796075849,206.0896203924151,-974.0
JFL,2014-02-05,272.0,267.0,257.0,257.0,-5.51 %,520.0,135940.0,-0.05514705882352944,-0.056725981400777545,279.4,255.8,268.8891034767564,258.59978426137593,49.424933951483766,10.289319215380488,8.838082774228877,8.480997909433546,255.8,23.48706250818131,302.77412501636263,208.8258749836374,-1494.0
JFL,2014-02-06,257.0,262.0,257.0,257.0,0.00 %,276.0,71188.0,0.0,0.0,272.8,256.9,267.0600106341785,258.48128172349624,49.42493395097798,8.578728910682287,8.786212001519559,8.232355201616864,256.9,22.97114895277516,302.8422979055503,210.95770209444964,-1494.0
JFL,2014-02-09,257.0,260.0,250.0,250.0,-2.72 %,630.0,158300.0,-0.027237354085603127,-0.02761516703297338,265.6,257.85,264.43539361353567,257.8530386328669,45.88512659265362,6.582354980668754,8.345440597349398,8.358615544358516,257.85,22.224393899735087,302.2987877994702,213.40121220052984,-2124.0
JFL,2014-02-11,250.0,255.0,246.0,250.0,0.00 %,600.0,150050.0,0.0,0.0,257.2,258.6,262.2145638268379,257.27133206746936,45.88512659214804,4.94323175936853,7.664998829753225,8.40442871976148,258.6,21.658594987721624,301.91718997544325,215.28281002455677,-2124.0
JFL,2014-02-12,250.0,249.0,245.0,249.0,-0.40 %,590.0,144910.0,-0.0040000000000000036,-0.004008021397538822,252.6,259.25,260.18155400732434,256.6586408032124,45.34703800336855,3.522913204111944,6.83658170462497,8.161255239778518,259.25,21.133348552765742,301.5166971055315,216.98330289446852,-2714.0
JFL,2014-02-13,249.0,258.0,250.0,253.0,1.61 %,445.0,113674.0,0.016064257028112428,0.015936592262812597,251.8,260.3,259.07669954465905,256.3876303733448,47.97511250005281,2.6890691713142587,6.0070791979628275,8.221165579794338,260.3,20.20969022393519,300.7193804478704,219.88061955212964,-2269.0
JFL,2014-02-16,253.0,249.0,247.0,247.0,-2.37 %,596.0,147562.0,-0.02371541501976282,-0.024001152099543014,249.8,260.85,257.21874576855765,255.69225034568964,44.51709840026513,1.5264954228680097,5.1109624429438645,8.062510895523314,260.85,19.655654068032376,300.1613081360648,221.53869186393527,-2865.0
JFL,2014-02-17,247.0,243.0,243.0,243.0,-1.62 %,120.0,29160.0,-0.01619433198380571,-0.01632689328742878,248.4,261.3,255.03124641954878,254.75208365341635,42.32672168136825,0.27916276613242985,4.1446025075815776,7.772331545843077,261.3,19.1038711976629,299.5077423953258,223.09225760467422,-2985.0
JFL,2014-02-18,243.0,249.0,240.0,249.0,2.47 %,4017.0,978975.0,0.024691358024691468,0.024391453124159263,248.2,262.0,254.1033623550028,254.32600338279292,46.57318332768843,-0.22264102779013228,3.271153800507236,7.860022149711428,262.0,18.330302779824756,298.6606055596495,225.33939444035047,1032.0
JFL,2014-02-20,249.0,245.0,245.0,245.0,-1.61 %,200.0,49000.0,-0.016064257028112428,-0.016194685919980606,247.4,262.5,252.70284506961775,253.63518831740086,44.23482887424264,-0.9323432477831091,2.430454390849167,7.584306281874897,262.5,17.679902357436017,297.85980471487204,227.14019528512796,832.0
JFL,2014-02-23,245.0,249.0,245.0,249.0,1.63 %,398.0,98702.0,0.01632653061224487,0.016194685919980606,246.6,262.8,252.13317659736884,253.2918410346304,47.09539867190785,-1.1586644372615638,1.712630625227021,7.3282844045981195,262.8,17.37996426621146,297.55992853242293,228.0400714675771,1230.0
JFL,2014-02-24,249.0,246.0,246.0,246.0,-1.20 %,351.0,86346.0,-0.012048192771084376,-0.01212136053234485,246.4,262.55,251.1896109670044,252.75170466169482,45.22177211349686,-1.562093694690418,1.057685761243533,7.019121232841111,262.55,17.59328520233151,297.73657040466304,227.36342959533698,879.0
JFL,2014-03-03,246.0,260.0,246.0,260.0,5.69 %,555.0,140807.0,0.05691056910569103,0.0553500950831649,249.8,262.15,252.5450554336191,253.28861542749522,54.34912998709482,-0.7435599938761186,0.6974366102196028,7.517755430495318,262.15,17.553752035572533,297.25750407114504,227.04249592885492,1434.0
JFL,2014-03-04,260.0,270.0,260.0,260.0,0.00 %,1022.0,271390.0,0.0,0.0,252.0,261.5,253.69196998229307,253.78575502545854,54.349129986398204,-0.0937850431654681,0.5391922795425886,7.695058614031367,261.5,17.370574029240228,296.24114805848046,226.75885194151954,1434.0
JFL,2014-03-05,260.0,265.0,265.0,265.0,1.92 %,1790.0,474350.0,0.019230769230769162,0.01904819497069441,256.0,260.25,255.43166690809414,254.61643983838752,57.29635555617716,0.8152270697066228,0.5943992375753955,7.50255442731484,260.25,16.061968811615728,292.3739376232314,228.12606237676854,3224.0
JFL,2014-03-06,265.0,276.0,261.0,276.0,4.15 %,5826.0,1583782.0,0.04150943396226414,0.04067103973092778,261.4,259.8,258.5960258453104,256.20040725776624,62.96165935398362,2.3956185875441633,0.954643107569149,8.038086253935209,259.8,15.446341757330899,290.6926835146618,228.9073164853382,9050.0
JFL,2014-03-09,276.0,291.0,281.0,290.0,5.07 %,2788.0,802597.0,0.050724637681159424,0.049480057263369716,270.2,259.8,263.4274064844934,258.704080794228,68.6603206557711,4.723325690265426,1.7083796241084046,8.535365807225551,259.8,15.446341757330899,290.6926835146618,228.9073164853382,11838.0
JFL,2014-03-10,290.0,300.0,294.0,300.0,3.45 %,4600.0,1369138.0,0.034482758620689724,0.033901551675681416,278.2,260.5,269.0539593330329,261.76303777243334,71.97692565185602,7.290921560599543,2.8248880114066326,8.639982535280868,260.5,16.94107434609898,294.382148692198,226.61785130780203,16438.0
JFL,2014-03-11,300.0,306.0,295.0,301.0,0.33 %,3123.0,938123.0,0.0033333333333334103,0.0033277900926747457,286.4,260.95,273.9687348202586,264.66947941891976,72.29270089437708,9.299255401338826,4.119761489393071,8.808555211332235,260.95,17.913461565627408,296.7769231312548,225.12307686874516,19561.0
JFL,2014-03-12,301.0,305.0,295.0,300.0,-0.33 %,1947.0,580307.0,-0.0033222591362126463,-0.003327790092674691,293.4,262.35,277.9735448479111,267.2865550175183,71.42593282470563,10.686989830392804,5.433207157593018,8.89365841052279,262.35,19.81566366074678,301.9813273214936,222.71867267850646,17614.0
JFL,2014-03-13,300.0,306.0,300.0,300.0,0.00 %,915.0,274590.0,0.0,0.0,298.2,264.5,281.36223025592477,269.7097731643688,71.42593282378337,11.65245709155596,6.677057144385607,8.686968524056876,264.5,21.468459116623944,307.43691823324787,221.5630817667521,17614.0
JFL,2014-03-18,300.0,300.0,290.0,290.0,-3.33 %,964.0,283058.0,-0.033333333333333326,-0.03390155167568134,298.2,266.15,282.69111790885944,271.21275292997115,62.70646219202033,11.478364978888294,7.637318711286145,8.780756486624242,266.15,22.11994812975845,310.3898962595169,221.91010374048307,16650.0
JFL,2014-03-19,290.0,290.0,290.0,290.0,0.00 %,443.0,128470.0,0.0,0.0,296.2,268.15,283.81556130749647,272.6044008610844,62.706462191195946,11.211160446412066,8.35208705831133,8.15355959472251,268.15,22.389553485123407,312.9291069702468,223.37089302975318,16650.0
JFL,2014-03-20,290.0,296.0,290.0,296.0,2.07 %,329.0,95660.0,0.020689655172413834,0.0204785313435407,295.2,270.45,285.6900903371124,274.3374082047078,65.62643862277525,11.352682132404595,8.952206073129984,7.999733909385189,270.45,22.786133826011007,316.022267652022,224.87773234797797,16979.0
JFL,2014-03-25,296.0,305.0,301.0,305.0,3.04 %,336.0,101832.0,0.030405405405405483,0.029952322283351325,296.2,273.25,288.66084566986433,276.6087113006554,69.48586505480378,12.052134369208943,9.572191732345777,8.071181487286248,273.25,23.442819571752057,320.13563914350414,226.3643608564959,17315.0
JFL,2014-03-26,305.0,300.0,295.0,295.0,-3.28 %,891.0,263938.0,-0.032786885245901676,-0.033336420267591836,295.2,275.35,289.6361001821929,277.97102898208834,61.25606130884486,11.665071200104535,9.99076762589753,8.208954238194373,275.35,23.414514167162316,322.17902833432464,228.5209716656754,16424.0
JFL,2014-03-27,295.0,296.0,291.0,291.0,-1.36 %,955.0,281858.0,-0.013559322033898313,-0.01365208916832732,295.4,277.55,289.845930923394,278.9361379463781,58.28250677402965,10.909792977015911,10.174572696121206,7.979743221180489,277.55,22.66570560398126,322.8814112079625,232.2185887920375,15469.0
JFL,2014-03-31,291.0,296.0,291.0,296.0,1.72 %,125.0,36875.0,0.01718213058419238,0.0170361871525678,296.6,280.2,290.79271078133337,280.2001277281279,60.841380792668964,10.592583053205487,10.258174767538064,7.766904419667597,280.2,21.480958520219634,323.1619170404393,237.23808295956073,15594.0
JFL,2014-04-01,296.0,300.0,295.0,295.0,-0.34 %,1420.0,421525.0,-0.0033783783783783994,-0.0033840979842405684,296.4,282.5,291.4399860457436,281.2964145630814,60.04806806941969,10.143571482662196,10.235254110562892,7.56926838969134,282.5,20.399948400348155,323.29989680069633,241.7001031993037,14174.0
JFL,2014-04-02,295.0,300.0,295.0,298.0,1.02 %,2252.0,670500.0,0.01016949152542379,0.010118130165584686,295.0,285.15,292.44921896178306,282.53371718803834,61.6630542325623,9.915501773744722,10.17130364319926,7.385749218999101,285.15,18.638598885674703,322.42719777134937,247.87280222865058,16426.0
JFL,2014-04-03,298.0,305.0,303.0,305.0,2.35 %,810.0,245830.0,0.02348993288590595,0.023218290102007086,297.0,287.95,294.38010835227794,284.1978862852207,65.19810298036259,10.18222206705724,10.173487327970856,7.358195703356309,287.95,17.06173002889698,322.07346005779397,253.826539942206,17236.0
JFL,2014-04-06,305.0,301.0,300.0,301.0,-1.31 %,192.0,57646.0,-0.013114754098360604,-0.013201511858535842,299.0,290.7,295.39855322115824,285.4424873011303,61.69712439606249,9.956065920027925,10.13000304638227,7.189753153116572,290.7,14.123887939456667,318.9477758789133,262.45222412108666,17044.0
JFL,2014-04-09,301.0,295.0,295.0,295.0,-1.99 %,362.0,106790.0,-0.019933554817275767,-0.020134908409055925,298.8,292.45,295.33723734098004,286.1504512047503,56.77254858431222,9.186786136229728,9.941359664351763,7.104770785036818,292.45,12.150265320906877,316.7505306418137,268.14946935818625,16682.0
JFL,2014-04-10,295.0,300.0,295.0,296.0,0.34 %,515.0,153225.0,0.003389830508474523,0.003384097984240494,299.0,294.25,295.4392008269831,286.88004741180583,57.38309577288423,8.559153415177263,9.664918414516864,6.954430014677045,294.25,9.458357485092122,313.1667149701842,275.3332850298158,17197.0
JFL,2014-04-13,296.0,300.0,300.0,300.0,1.35 %,266.0,79800.0,0.013513513513513598,0.01342302033214077,299.4,296.0,296.14086223821647,287.8518957516721,59.82728838283218,8.288966486544382,9.389728028922368,6.74339929934297,296.0,6.553424175273473,309.10684835054695,282.89315164945305,17463.0
JFL,2014-04-15,300.0,300.0,297.0,297.0,-1.00 %,169.0,50403.0,-0.010000000000000009,-0.01005033585350145,297.8,297.05,296.27303727849085,288.52953310340007,57.17858760766396,7.743504175090777,9.06048325815605,6.476013635104187,297.05,4.559258942555009,306.16851788511,287.93148211489,17294.0
JFL,2014-04-21,297.0,295.0,295.0,295.0,-0.67 %,220.0,64900.0,-0.006734006734006703,-0.0067567824628797625,296.6,297.3,296.07718538949223,289.00882694759264,55.41713456606837,7.068358441899591,8.66205829490476,6.156298375453889,297.3,4.280924641882636,305.8618492837653,288.7381507162347,17074.0
JFL,2014-04-22,295.0,300.0,298.0,300.0,1.69 %,704.0,210521.0,0.016949152542372836,0.01680711831638119,297.6,297.3,296.6806953295703,289.82298791443765,58.83162618052955,6.857707415132666,8.301188118950343,6.0737056343500395,297.3,4.280924641882636,305.8618492837653,288.7381507162347,17778.0
JFL,2014-04-28,300.0,300.0,300.0,300.0,0.00 %,88.0,26400.0,0.0,0.0,298.4,297.25,297.1913575865595,290.57684066151637,58.83162617955908,6.6145169250431195,7.963853880168899,5.639869517610752,297.25,4.241089730867236,305.73217946173446,288.76782053826554,17778.0
JFL,2014-04-29,300.0,300.0,300.0,300.0,0.00 %,80.0,24000.0,0.0,0.0,298.4,297.25,297.62345641939646,291.27485246436703,58.83162617851395,6.348603955029432,7.640803895141007,5.23702169492427,297.25,4.241089730867236,305.73217946173446,288.76782053826554,17778.0
JFL,2014-05-04,300.0,300.0,300.0,300.0,0.00 %,3481.0,1044300.0,0.0,0.0,299.0,297.25,297.98907850872007,291.9211596892287,58.831626177388436,6.067918819491354,7.326226880011077,4.862948716715393,297.25,4.241089730867236,305.73217946173446,288.76782053826554,17778.0
JFL,2014-05-06,300.0,330.0,306.0,330.0,10.00 %,3554.0,1155516.0,0.10000000000000009,0.09531017980432493,306.0,299.25,302.91383566122465,294.74181452706364,74.55734453335032,8.172021134161014,7.495385730841065,6.6584523798071515,299.25,8.213435719343702,315.6768714386874,282.8231285613126,21332.0
JFL,2014-05-07,330.0,363.0,336.0,363.0,10.00 %,1830.0,662945.0,0.10000000000000009,0.09531017980432493,318.6,302.9,312.15786094411317,299.7979764139478,82.48361178226212,12.359884530165345,8.468285490705922,8.539991495535212,302.9,16.212081265135726,335.32416253027145,270.4758374697285,23162.0
JFL,2014-05-08,363.0,399.0,370.0,391.0,7.71 %,3218.0,1262432.0,0.07713498622589521,0.07430472572051489,336.8,307.65,324.287420798865,306.55368186476653,86.36502162347037,17.733738934098483,10.321376179384435,10.501420674425553,307.65,25.3984562315775,358.446912463155,256.85308753684495,26380.0
JFL,2014-05-11,391.0,386.0,384.0,386.0,-1.28 %,310.0,119060.0,-0.012787723785166238,-0.012870190520534907,354.0,311.7,333.78166375288583,312.4385943192283,82.83517066403965,21.343069433657547,12.525714830239059,10.251319197680871,311.7,30.83077751379695,373.3615550275939,250.0384449724061,26070.0
JFL,2014-05-12,386.0,379.0,379.0,379.0,-1.81 %,100.0,37900.0,-0.01813471502590669,-0.018301164382404467,369.8,315.9,340.7383308678265,317.3690688141003,78.02703924742852,23.36926205372623,14.694424274936495,10.019082112132239,315.9,33.99520089969325,383.8904017993865,247.90959820061346,25970.0
JFL,2014-05-13,379.0,372.0,365.0,365.0,-3.69 %,565.0,208780.0,-0.03693931398416883,-0.03763885149993481,376.8,319.6,344.4708953496994,320.8972859389817,69.35619303290785,23.573609410717665,16.47026130209273,10.303433389837078,319.6,35.149904544303645,389.8998090886073,249.30019091139275,25405.0
JFL,2014-05-15,365.0,365.0,351.0,351.0,-3.84 %,820.0,291600.0,-0.0383561643835616,-0.03911113011662565,374.4,322.35,345.4753729882072,323.1271166101683,61.94318346533216,22.34825637803891,17.645860317281965,10.567473861991573,322.35,35.35723703184803,393.0644740636961,251.63552593630396,24585.0
JFL,2014-05-18,351.0,344.0,344.0,344.0,-1.99 %,501.0,172344.0,-0.019943019943019946,-0.020144566092467463,365.0,324.8,345.248392528483,324.67325612052616,58.5722079557144,20.575136407956848,18.231715535416942,10.312654300420746,324.8,35.05874768832525,394.9174953766505,254.68250462334953,24084.0
JFL,2014-05-19,344.0,338.0,338.0,338.0,-1.74 %,300.0,101400.0,-0.01744186046511631,-0.0175957618903796,355.4,326.8,344.1332552164087,325.6604223338205,55.77061274859041,18.472832882588193,18.279939004851194,10.004607564676407,326.8,34.58718959687951,395.97437919375903,257.625620806241,23784.0
JFL,2014-05-20,338.0,340.0,340.0,340.0,0.59 %,500.0,170000.0,0.00591715976331364,0.005899722127188322,347.6,328.55,343.4973697984997,326.72261327205604,56.51722391589471,16.77475652644364,17.978902509169686,9.432849881485234,328.55,34.310463341913696,397.1709266838274,259.9290733161726,24284.0
JFL,2014-05-21,340.0,350.0,345.0,350.0,2.94 %,2397.0,833369.0,0.02941176470588225,0.028987536873252187,344.6,331.0,344.4977744448844,328.4468641407926,60.140260372776105,16.050910304091758,17.5933040681541,9.473360604236289,331.0,33.98761384293991,398.9752276858798,263.0247723141202,26681.0
JFL,2014-05-22,350.0,364.0,350.0,364.0,4.00 %,2031.0,723625.0,0.040000000000000036,0.03922071315328133,347.2,334.45,347.49811683797907,331.0804297599932,64.58872120159361,16.417687077985875,17.358180670120454,9.796691989647982,334.45,33.64125756457789,401.7325151291558,267.1674848708442,28712.0
JFL,2014-05-25,364.0,391.0,371.0,391.0,7.42 %,682.0,264082.0,0.07417582417582413,0.07155369234862508,356.6,339.2,354.19071424752076,335.5189164444381,71.2521915256413,18.671797803082654,17.620904096712895,11.025499704673127,339.2,34.61913070148155,408.4382614029631,269.96173859703686,29394.0
JFL,2014-05-26,391.0,390.0,378.0,378.0,-3.32 %,700.0,267200.0,-0.03324808184143224,-0.0338133643657781,364.6,343.1,357.85368128636367,338.6656633744797,64.91803894084289,19.188017911883946,17.934326859747106,11.166535440053618,343.1,34.36323004240593,411.82646008481186,274.3735399151882,28694.0
JFL,2014-05-27,378.0,380.0,371.0,371.0,-1.85 %,2078.0,778157.0,-0.01851851851851849,-0.01869213301215252,370.8,346.8,359.87619185769233,341.06079942081453,61.73556335251892,18.8153924368778,18.110539975173246,11.011782908621216,346.8,33.09889487740034,412.9977897548007,280.60221024519933,26616.0
JFL,2014-05-28,371.0,371.0,364.0,371.0,0.00 %,389.0,144179.0,0.0,0.0,375.0,350.6,361.5875469565089,343.27851798223566,61.73556335205332,18.309028974273247,18.150237774993247,10.725226986576844,350.6,31.143809049395244,412.88761809879054,288.3123819012095,26616.0
JFL,2014-06-01,371.0,364.0,364.0,364.0,-1.89 %,58.0,21112.0,-0.018867924528301883,-0.019048194970694474,375.0,353.8,361.9586935785845,344.8134425761441,58.41440912504758,17.145251002440375,17.949240420482674,10.4591393446785,353.8,28.87650656812338,411.55301313624676,296.04698686375326,26558.0
JFL,2014-06-03,364.0,371.0,370.0,370.0,1.65 %,877.0,324515.0,0.016483516483516425,0.01634913800152941,370.8,357.3,363.1958176434176,346.6791134964297,60.38178104991781,16.516704146987934,17.662733165783727,10.21205796291575,357.3,26.123391413583505,409.546782827167,305.053217172833,27435.0
JFL,2014-06-04,370.0,363.0,358.0,358.0,-3.24 %,367.0,132811.0,-0.032432432432432434,-0.03297001923756983,366.8,360.2,362.39646108289185,347.5176976818794,54.79806301159841,14.878763401012463,17.105939212829476,10.339768108421769,360.2,22.378561169117102,404.95712233823417,315.4428776617658,27068.0
JFL,2014-06-05,358.0,353.0,353.0,353.0,-1.40 %,239.0,84367.0,-0.013966480446927387,-0.014064929467403552,363.2,362.85,360.9508516855239,347.92379414988835,52.614834419998154,13.02705753563555,16.290162877390692,9.958356100677358,362.85,17.47562211828135,397.80124423656275,327.8987557634373,26829.0
JFL,2014-06-08,353.0,350.0,350.0,350.0,-0.85 %,150.0,52500.0,-0.008498583569405138,-0.008534902449837444,359.0,363.85,359.2661052723664,348.07758717582254,51.29433166327407,11.188518096543874,15.269833921221329,9.461330664914689,363.85,16.00748180333561,395.86496360667127,331.8350363933288,26679.0
JFL,2014-06-09,350.0,355.0,355.0,355.0,1.43 %,60.0,21300.0,0.014285714285714235,0.014184634991956381,357.2,363.45,358.60978138431005,348.590358496132,53.39379492208045,10.019422888178042,14.219751714612672,9.142664188849356,363.45,16.129329284189268,395.7086585683785,331.1913414316215,26739.0
JFL,2014-06-11,355.0,362.0,355.0,362.0,1.97 %,1017.0,367643.0,0.019718309859154903,0.019526422350355236,355.6,362.0,359.1313534790316,349.58366527419633,56.23786314951222,9.547688204835254,13.285339012657188,8.989616746788688,362.0,14.768387290351226,391.53677458070246,332.46322541929754,27756.0
JFL,2014-06-16,362.0,369.0,365.0,369.0,1.93 %,727.0,266263.0,0.01933701657458564,0.019152432214756137,357.8,361.15,360.6496067899498,351.0219122909225,58.936456089092886,9.627694499027314,12.553810109931215,8.847501264875211,361.15,13.769818253584768,388.6896365071695,333.61036349283046,28483.0
JFL,2014-06-17,369.0,362.0,362.0,362.0,-1.90 %,247.0,89414.0,-0.01897018970189701,-0.019152432214756123,359.6,360.3,360.857359591496,351.8351039730764,55.26630476534808,9.022255618419592,11.847499211628891,8.715536888812697,360.3,13.11929073820683,386.5385814764137,334.0614185235863,28236.0
JFL,2014-06-19,362.0,370.0,356.0,356.0,-1.66 %,2305.0,838955.0,-0.016574585635359074,-0.016713480973740556,360.8,359.85,360.1100735004966,352.1436147898856,52.26213157559909,7.966458710610993,11.071291111425312,9.09299853961179,359.85,13.103936732701849,386.0578734654037,333.64212653459634,25931.0
JFL,2014-06-23,356.0,373.0,363.0,372.0,4.49 %,2617.0,954721.0,0.04494382022471921,0.043963123421116204,364.2,360.9,361.93929296195864,353.61445813878294,58.708031277838295,8.324834823175706,10.521999853775391,9.657784358210947,360.9,13.198484761513894,387.29696952302777,334.5030304769722,28548.0
JFL,2014-06-24,372.0,372.0,365.0,370.0,-0.54 %,2205.0,814364.0,-0.005376344086021501,-0.005390848634876423,365.8,362.2,363.1794017370419,354.82820198035455,57.659962999464874,8.351199756687379,10.08783983435779,9.467942618338736,362.2,12.717993883508727,387.63598776701747,336.7640122329825,26343.0
JFL,2014-06-29,370.0,377.0,373.0,377.0,1.89 %,180.0,67260.0,0.018918918918918948,0.018742181809740664,367.4,364.15,365.3056476236509,356.47055738921716,60.32936475558183,8.835090234433721,9.837289914372978,9.291661002743112,364.15,11.76647780773457,387.6829556154691,340.61704438453086,26523.0
JFL,2014-06-30,377.0,384.0,384.0,384.0,1.86 %,30.0,11520.0,0.018567639257294433,0.0183973651397161,371.8,366.35,368.1817018353969,358.5097753603863,62.851610415666066,9.671926475010594,9.804217226500501,9.127970931118604,366.35,11.108436812664497,388.56687362532904,344.133126374671,26553.0
JFL,2014-07-01,384.0,391.0,391.0,391.0,1.82 %,37.0,14467.0,0.01822916666666674,0.018065007397638985,378.8,368.4,371.6922092453358,360.91645866702436,65.23217739381202,10.775750578311431,9.998523896862688,8.975973007467275,368.4,11.69975258397459,391.7995051679492,345.0004948320508,26590.0
JFL,2014-07-02,391.0,413.0,398.0,413.0,5.63 %,1075.0,432805.0,0.05626598465473154,0.05474003297566706,387.0,370.85,378.0472539768226,364.7744987657633,71.42907170223857,13.272755211059291,10.653370159702009,9.90626064979104,370.85,15.304883981399906,401.45976796279984,340.2402320372002,27665.0
JFL,2014-07-03,413.0,413.0,413.0,413.0,0.00 %,700.0,289100.0,0.0,0.0,395.6,371.95,383.4245995188499,368.3467581164475,71.42907170161536,15.077841402402385,11.538264408242085,9.198670603377394,371.95,17.467187282984256,406.8843745659685,337.01562543403145,27665.0
JFL,2014-07-06,413.0,442.0,418.0,442.0,7.02 %,980.0,412928.0,0.07021791767554486,0.06786228911666543,408.6,375.15,392.436199592873,373.8025538115255,77.54712480329047,18.633645781347468,12.957340682863162,10.613051274564723,375.15,23.466157041912187,422.0823140838244,328.2176859161756,28645.0
JFL,2014-07-07,442.0,486.0,445.0,486.0,9.95 %,4502.0,2151285.0,0.09954751131221728,0.09489874182279573,429.0,380.9,406.8306304247387,382.1134757514125,83.36685276767446,24.71715467332615,15.30930348095576,12.997833326381528,380.9,34.083334405694735,449.06666881138943,312.7333311886105,33147.0
JFL,2014-07-08,486.0,514.0,495.0,513.0,5.56 %,891.0,452762.0,0.05555555555555558,0.05406722127027579,453.4,388.0,423.16437959016355,391.8087738439005,85.79926565787297,31.355605746263052,18.51856393401722,14.06941666021142,388.0,44.965483838628764,477.9309676772575,298.0690323227425,34038.0
JFL,2014-07-09,513.0,505.0,495.0,495.0,-3.51 %,1082.0,538847.0,-0.03508771929824561,-0.03571808260207923,469.8,394.55,434.2160134993692,399.452568373982,77.64695504905717,34.76344512538719,21.767540172291216,14.350172613053463,394.55,50.48759618382443,495.52519236764886,293.57480763235117,32956.0
JFL,2014-07-10,495.0,487.0,485.0,487.0,-1.62 %,423.0,205451.0,-0.016161616161616155,-0.016293639486100502,484.6,400.4,442.3366268071585,405.9375633092426,74.269349475058,36.399063497915904,24.693844837416155,14.039445997835358,400.4,54.139585672980246,508.67917134596047,292.1208286540395,32533.0
JFL,2014-07-13,487.0,489.0,480.0,482.0,-1.03 %,1089.0,529881.0,-0.010266940451745366,-0.010320009031989472,492.6,406.6,448.4386842214418,411.5718178789283,72.15670746271248,36.866866342513504,27.128449138435624,13.679485569418548,406.6,56.09334325831,518.78668651662,294.41331348338,31444.0
JFL,2014-07-14,482.0,480.0,475.0,478.0,-0.83 %,2289.0,1094420.0,-0.008298755186721962,-0.0083333815591443,491.0,412.85,452.9865789566046,416.49242396197064,70.43066005105334,36.49415499463396,29.001590309675294,13.202379457317223,412.85,56.76662752004779,526.3832550400956,299.31674495990444,29155.0
JFL,2014-07-15,478.0,477.0,477.0,477.0,-0.21 %,702.0,334854.0,-0.0020920502092049986,-0.002094241603114737,483.8,419.2,456.6809514248192,420.9744666314543,69.97997362320874,35.70648479336495,30.342569206413224,12.330780924651707,419.2,56.46852872921292,532.1370574584258,306.26294254157415,28453.0
JFL,2014-07-16,477.0,471.0,470.0,471.0,-1.26 %,803.0,377483.0,-0.012578616352201255,-0.012658396871923465,479.0,425.0,458.88388197484704,424.680061695791,67.20136887028445,34.20382027905606,31.114819420941792,11.950010858605157,425.0,55.47593124381287,535.9518624876257,314.04813751237424,27650.0
JFL,2014-07-17,471.0,518.0,480.0,518.0,9.98 %,3201.0,1620593.0,0.0997876857749469,0.09511714824306529,485.2,432.8,467.9786693633321,431.592649718325,75.43087794469994,36.38601964500708,32.169059465754856,14.453581511561932,432.8,57.095119157234194,546.9902383144683,318.6097616855316,30851.0
JFL,2014-07-20,518.0,508.0,497.0,500.0,-3.47 %,2390.0,1208807.0,-0.03474903474903479,-0.03536714383729136,488.8,439.35,472.9050279228195,436.6598608503009,68.35695611782259,36.2451670725186,32.9842809871076,14.921182832164652,439.35,56.90460623294157,553.1592124658831,325.5407875341169,28461.0
JFL,2014-07-21,500.0,510.0,500.0,500.0,0.00 %,3499.0,1757805.0,0.0,0.0,493.2,446.25,477.07348516546267,441.35172300953786,68.35695611743905,35.72176215592481,33.53177722087104,14.56966977272432,446.25,55.378007224983584,557.0060144499672,335.49398555003285,28461.0
JFL,2014-07-22,500.0,510.0,491.0,502.0,0.40 %,1250.0,625790.0,0.0040000000000000036,0.003992021269537457,498.2,453.55,480.90833360154534,445.84418797179427,68.7347886241689,35.06414562975107,33.83825090264705,14.88612193181544,453.55,52.39774502982285,558.3454900596457,348.7545099403543,29711.0
JFL,2014-07-23,502.0,495.0,492.0,495.0,-1.39 %,1350.0,665400.0,-0.013944223107569709,-0.014042357123038881,503.0,459.7,483.0762822782307,449.48535923314284,65.77451765390761,33.590923045087834,33.78878533113521,14.537113222400052,459.7,49.45822266795963,558.6164453359193,360.7835546640807,28361.0
JFL,2014-07-24,495.0,524.0,504.0,506.0,2.22 %,4119.0,2114919.0,0.022222222222222143,0.021978906718775167,500.6,466.5,486.60300808157984,453.6716289195767,68.0995599969131,32.93137916200317,33.6173040973088,15.570176563657192,466.5,45.681390890427075,557.8627817808541,375.13721821914584,32480.0
JFL,2014-07-27,506.0,516.0,499.0,499.0,-1.38 %,1009.0,514635.0,-0.013833992094861691,-0.01393057353594691,500.4,472.6,488.51023760749064,457.0292860366451,65.07018278508764,31.480951570845548,33.19003359201615,15.67230680911025,472.6,41.007573113162344,554.6151462263247,390.5848537736753,31471.0
JFL,2014-07-28,499.0,505.0,498.0,505.0,1.20 %,2035.0,1018295.0,0.012024048096192397,0.011952333523841173,501.4,478.65,491.0471241294151,460.5826722561528,66.4479200027229,30.464451873262306,32.64491724826538,15.052856322745232,478.65,35.849502675839624,550.3490053516792,406.9509946483207,33506.0
JFL,2014-07-30,505.0,555.0,515.0,555.0,9.90 %,881.0,487955.0,0.0990099009900991,0.09440968447107477,512.0,486.85,500.8860281095051,467.57654838532665,75.2195857925731,33.30947972417846,32.777829743447995,17.549080871120573,486.85,33.419620773302306,553.6892415466046,420.0107584533954,34387.0
JFL,2014-07-31,555.0,610.0,566.0,610.0,9.91 %,3650.0,2215632.0,0.0990990990990992,0.09449084342092251,535.0,496.7,517.6727930157351,478.12643369011727,81.07930783929727,39.54635932561786,34.13153565988197,20.22414652318339,496.7,39.062837366960984,574.8256747339219,418.574325266078,38037.0
JFL,2014-08-03,610.0,634.0,610.0,630.0,3.28 %,21373.0,13296824.0,0.032786885245901676,0.03226086221822148,559.8,507.55,534.9539017825451,489.37632749084935,82.68290569229055,45.57757429169578,36.42074338624474,20.493850342956005,507.55,44.3674548811549,596.2849097623098,418.81509023769024,59410.0
JFL,2014-08-04,630.0,628.0,603.0,620.0,-1.59 %,7723.0,4746305.0,-0.015873015873015928,-0.01600034134644119,584.0,516.45,548.0379168929228,499.05215508411976,79.07422800149719,48.98576180880303,38.9337470707564,20.958575318459147,516.45,48.21276856426424,612.8755371285285,420.02446287147154,51687.0
JFL,2014-08-05,620.0,632.0,620.0,622.0,0.32 %,3192.0,1979598.0,0.003225806451612856,0.003220614700042157,607.4,523.25,559.4166989093962,508.15940285566643,79.26910700598228,51.25729605372982,41.398456867351086,20.31867708142635,523.25,53.04107147444907,629.3321429488981,417.16785705110186,54879.0
JFL,2014-08-06,622.0,622.0,616.0,620.0,-0.32 %,877.0,543832.0,-0.003215434083601254,-0.003220614700042172,620.4,528.6,568.7372067694891,516.4438915330245,78.4819918684979,52.29331523646465,43.5774285411738,19.29591443275304,528.6,57.18704306690945,642.9740861338189,414.22591386618114,54002.0
JFL,2014-08-07,620.0,611.0,610.0,610.0,-1.61 %,1874.0,1143286.0,-0.016129032258064502,-0.01626052087178029,620.4,534.35,575.0853288049524,523.3739736416893,74.49873873337881,51.71135516326308,45.20421386559166,18.631920544699252,534.35,59.37062449251555,653.0912489850311,415.6087510149689,52128.0
JFL,2014-08-12,610.0,611.0,600.0,600.0,-1.64 %,1000.0,603600.0,-0.016393442622950838,-0.016529301951210582,614.4,540.0,578.918355142652,529.0499755941568,70.63782674020446,49.86837954849523,46.13704700217238,18.08678336293502,540.0,60.00087718656784,660.0017543731357,419.99824562686433,51128.0
JFL,2014-08-13,600.0,600.0,595.0,595.0,-0.83 %,2113.0,1259735.0,-0.008333333333333304,-0.00836824967051658,609.4,545.65,581.3924543514747,533.9351625871822,68.72013123617668,47.45729176429256,46.40109595459642,17.152013122725375,545.65,59.570634765087796,664.7912695301756,426.5087304698244,49015.0
JFL,2014-08-14,595.0,600.0,595.0,595.0,0.00 %,911.0,545760.0,0.0,0.0,604.0,551.5,583.4859229127862,538.4584838770205,68.72013123577486,45.027439035765724,46.12636457083028,16.284012185387848,551.5,58.30906763463762,668.1181352692753,434.88186473072477,49015.0
JFL,2014-08-18,595.0,599.0,585.0,585.0,-1.68 %,2697.0,1589202.0,-0.01680672268907568,-0.01694955831377332,597.0,556.9,583.7188578492807,541.9060035898339,64.64910236370332,41.812854259446794,45.26366250855359,16.120868457860144,556.9,56.00178568581262,668.9035713716253,444.89642862837474,46318.0
JFL,2014-08-19,585.0,603.0,585.0,590.0,0.85 %,5725.0,3406895.0,0.008547008547008517,0.00851068966790861,593.0,562.85,584.6851874109298,545.4685218424388,65.74189613628293,39.21666556849095,44.054263120541066,16.25509213944156,562.85,52.61406155852153,668.0781231170431,457.62187688295694,52043.0
JFL,2014-08-20,590.0,592.0,590.0,592.0,0.34 %,1236.0,729633.0,0.003389830508474523,0.003384097984240494,591.4,566.55,585.8105431938636,548.9152980022582,66.19209121979168,36.895245191605454,42.62245953475394,15.236871272338593,566.55,51.891054903008545,670.332109806017,462.76789019398285,53279.0
JFL,2014-08-21,592.0,596.0,585.0,596.0,0.68 %,819.0,484615.0,0.006756756756756799,0.0067340321813441194,591.6,571.35,587.3781519332692,552.4030537057946,67.12266062519886,34.97509822747463,41.092987273298085,14.934237610028696,571.35,49.80939987381044,670.9687997476209,471.73120025237915,54098.0
JFL,2014-08-24,596.0,607.0,607.0,607.0,1.85 %,146.0,88622.0,0.01845637583892623,0.01828812399414856,594.0,576.7,590.3968977896893,556.4472719498099,69.60071698771893,33.949625839879445,39.66431498661436,14.65322063788379,576.7,47.432056670564776,671.5641133411295,481.8358866588705,54244.0
JFL,2014-08-25,607.0,606.0,595.0,606.0,-0.16 %,892.0,533640.0,-0.0016474464579900872,-0.0016488049901837822,598.2,581.9,592.797375052814,560.1178443979721,69.09088477924966,32.67953065484187,38.26735812025986,14.463704878034948,581.9,44.41656874351092,670.7331374870218,493.0668625129781,53352.0
JFL,2014-08-26,606.0,600.0,564.0,564.0,-6.93 %,1167.0,672975.0,-0.06930693069306926,-0.0718257345712555,593.0,585.35,588.3670096600733,560.4054114796039,51.896531041212576,27.961598180469423,36.20620613230177,16.430583101032454,585.35,39.74560551676621,664.8412110335324,505.8587889664676,52185.0
JFL,2014-08-27,564.0,586.0,575.0,586.0,3.90 %,128.0,74403.0,0.03900709219858145,0.03826553807895361,591.8,589.35,588.0028543277543,562.3013069255592,57.818249735488344,25.70154740219516,34.105274386280456,16.82839859381585,589.35,35.09277178534923,659.5355435706985,519.1644564293016,52313.0
JFL,2014-08-28,586.0,605.0,595.0,596.0,1.71 %,2178.0,1305144.0,0.017064846416382284,0.016920877488337177,591.8,594.2,589.2331844311767,564.7975064125548,60.215676536805326,24.435678018621957,32.171355112748756,16.983512979971863,594.2,27.91830186359871,650.0366037271974,538.3633962728027,54491.0
JFL,2014-08-31,596.0,600.0,592.0,592.0,-0.67 %,392.0,232754.0,-0.006711409395973145,-0.006734032181344068,588.8,598.55,589.6588483648418,566.8125059375507,58.77664527238197,22.84634242729112,30.30635257565723,16.341833481402446,598.55,18.46611405847746,635.4822281169548,561.6177718830451,54099.0
JFL,2014-09-01,592.0,651.0,590.0,650.0,9.80 %,4965.0,3046036.0,0.09797297297297303,0.09346572800567716,597.6,603.3,598.9421024625584,572.9745425347692,69.97954812514854,25.96755992778924,29.438594046083633,19.53170251844513,603.3,18.88775710402623,641.0755142080524,565.5244857919475,59064.0
JFL,2014-09-03,650.0,697.0,640.0,640.0,-1.54 %,14061.0,9217964.0,-0.01538461538461533,-0.015504186535965199,612.8,604.8,605.2587020837033,577.9393912358973,66.61802810752137,27.319310847805923,29.014737406428093,22.208009481413335,604.8,20.564660540780483,645.9293210815609,563.670678918439,45003.0
JFL,2014-09-04,640.0,640.0,618.0,619.0,-3.28 %,5636.0,3519317.0,-0.03281250000000002,-0.03336290366912146,619.4,604.25,607.3727479169797,580.9809178110161,60.090152741814315,26.391830105963663,28.490155946335207,22.193151661312385,604.25,19.994407112718132,644.2388142254363,564.2611857745637,39367.0
JFL,2014-09-07,619.0,631.0,590.0,590.0,-4.68 %,2625.0,1604980.0,-0.04684975767366717,-0.04798273578483093,618.2,602.75,604.7000174682137,581.648997973163,52.447129338251685,23.051019495050696,27.402328656078303,23.53649797121864,602.75,19.87559995783402,642.501199915668,562.998800084332,36742.0
JFL,2014-09-09,590.0,613.0,594.0,611.0,3.56 %,4374.0,2635220.0,0.035593220338983045,0.03497442227183018,622.0,602.2,605.669245550027,583.8231462714472,56.73826095182022,21.8460992785798,26.291082780578606,23.498176687560168,602.2,19.46278500111538,641.1255700022308,563.2744299977693,41116.0
JFL,2014-09-10,611.0,617.0,587.0,587.0,-3.93 %,1341.0,807897.0,-0.039279869067103124,-0.04007213934349889,609.4,600.55,602.7970539269459,584.0584687698586,51.06661870723674,18.7385851570873,24.780583255880344,23.962592638448726,600.55,19.272218892807203,639.0944377856143,562.0055622143856,39775.0
JFL,2014-09-11,587.0,600.0,595.0,600.0,2.21 %,660.0,394025.0,0.022146507666098714,0.02190483538804983,601.4,600.05,602.366737938185,585.2393229350542,53.762753292134995,17.12741500313075,23.24994960533043,23.17955030713096,600.05,19.143433668786347,638.3368673375727,561.7631326624272,40435.0
JFL,2014-09-14,600.0,600.0,595.0,595.0,-0.83 %,1965.0,1175225.0,-0.008333333333333304,-0.00836824967051658,596.6,599.8,601.2333936400028,585.9623360509761,52.563173194439216,15.271057589026668,21.65417120206968,21.88101099947875,599.8,19.17674029705509,638.1534805941101,561.4465194058898,38470.0
JFL,2014-09-15,595.0,612.0,590.0,600.0,0.84 %,2285.0,1361150.0,0.008403361344537785,0.00836824967051658,598.6,600.05,601.04364077231,587.002163010163,53.67627755497627,14.041477762146997,20.131632514085144,21.8895102138017,600.05,19.143433668786347,638.3368673375727,561.7631326624272,40755.0
JFL,2014-09-16,600.0,612.0,600.0,600.0,0.00 %,6011.0,3625470.0,0.0,0.0,596.4,600.3,600.883080653493,587.964965750151,53.67627755470498,12.91811490334203,18.68892899193652,21.18311662710158,600.3,19.106626020686654,638.5132520413732,562.0867479586267,40755.0
JFL,2014-09-17,600.0,612.0,600.0,602.0,0.33 %,4551.0,2751695.0,0.0033333333333334103,0.0033277900926747457,599.4,601.15,601.0549143991095,589.0045979168065,54.17510585250217,12.05031648230306,17.36120649000983,20.527179725165755,601.15,18.765239420960196,638.6804788419204,563.6195211580796,45306.0
JFL,2014-09-21,601.0,600.0,588.0,590.0,-1.83 %,800.0,472350.0,-0.019933554817275767,-0.020134908409055925,597.4,601.15,599.354158337708,589.0783314044504,50.65082819569982,10.275826933257576,15.944130578659381,20.06095260193963,601.15,18.765239420960196,638.6804788419204,563.6195211580796,44506.0
JFL,2014-09-22,590.0,601.0,585.0,601.0,1.86 %,2018.0,1189750.0,0.01864406779661021,0.01847239763544248,598.6,601.6,599.6073647472914,589.9614179670837,53.628762781920784,9.645946780207737,14.684493818969052,19.77088455894394,601.6,18.641775384156055,638.8835507683121,564.3164492316879,46524.0
JFL,2014-09-23,601.0,658.0,606.0,638.0,6.16 %,11666.0,7338682.0,0.061564059900166335,0.05974334880958225,606.2,603.7,605.5139240169389,593.5198314510034,61.946789499395585,11.994092565935489,14.146413568362341,22.430107090447947,603.7,20.272096456372793,644.2441929127456,563.1558070872545,58190.0
JFL,2014-09-24,638.0,676.0,650.0,664.0,4.08 %,7110.0,4730651.0,0.040752351097178785,0.03994386613164407,619.0,606.55,614.5117818604867,598.7405846768551,66.49497234320705,15.77119718363167,14.471370291416207,23.542242298273095,606.55,24.355859556510815,655.2617191130216,557.8382808869783,65300.0
JFL,2014-09-28,664.0,666.0,658.0,661.0,-0.45 %,1600.0,1056100.0,-0.004518072289156572,-0.004528309624747511,630.8,609.3,621.6638154204119,603.3523932193102,65.52185461587149,18.311422201101664,15.239380673353299,22.432082134110733,609.3,27.226341733882656,663.7526834677652,554.8473165322347,63700.0
JFL,2014-09-29,661.0,675.0,661.0,661.0,0.00 %,1110.0,740771.0,0.0,0.0,645.0,614.15,627.7155361249639,607.6225863141761,65.52185461552727,20.092949810787786,16.2100945008402,21.829790553102825,614.15,27.37127768491804,668.892555369836,559.4074446301639,63700.0
JFL,2014-09-30,661.0,679.0,661.0,670.0,1.36 %,2059.0,1379949.0,0.013615733736762392,0.01352387253332537,658.8,618.35,634.2208382595849,612.243135476089,67.1923391617627,21.97770278349583,17.363616157371325,21.55623408502405,618.35,29.207560304602534,676.765120609205,559.934879390795,65759.0
JFL,2014-10-08,670.0,688.0,660.0,665.0,-0.75 %,1342.0,901619.0,-0.007462686567164201,-0.007490671729157626,664.2,621.8,638.9560939119564,616.1510513667491,65.29947082751204,22.805042545207243,18.45190143493851,22.016503078950905,621.8,30.4762202380745,682.752440476149,560.8475595238509,64417.0
JFL,2014-10-09,665.0,666.0,655.0,666.0,0.15 %,1292.0,854132.0,0.0015037593984963404,0.0015026298845350965,664.6,625.5,643.1166948485785,619.8435660803233,65.50874916095367,23.27312876825522,19.416146901601852,21.229610001882982,625.5,31.15242661832532,687.8048532366506,563.1951467633494,65709.0
JFL,2014-10-12,666.0,665.0,660.0,660.0,-0.90 %,305.0,201425.0,-0.009009009009009028,-0.009049835519917927,664.4,626.0,645.7141264103357,622.8181167410401,63.051661557125016,22.89600966929561,20.112119455140604,20.141780716034198,626.0,31.64274257858117,689.2854851571624,562.7145148428376,65404.0
JFL,2014-10-13,660.0,660.0,647.0,647.0,-1.97 %,380.0,246900.0,-0.019696969696969657,-0.019893540519570624,661.6,626.35,645.9119531164379,624.6093673528148,57.97757184051654,21.30258576362303,20.350212716837092,19.631653522031755,626.35,31.843821180380306,690.0376423607606,562.6623576392394,65024.0
JFL,2014-10-14,647.0,637.0,624.0,637.0,-1.55 %,1905.0,1192975.0,-0.015455950540958274,-0.015576638928737225,655.0,627.25,644.5408834062166,625.5271919933471,54.35401899803485,19.013691412869548,20.082908456043583,19.872249699029485,627.25,31.87950174608384,691.0090034921677,563.4909965078323,63119.0
JFL,2014-10-15,637.0,634.0,626.0,634.0,-0.47 %,600.0,378000.0,-0.004709576138147598,-0.0047207011349374535,648.8,629.45,642.9192090360294,626.1548074012472,53.27822221950934,16.76440163478219,19.419207091791304,19.238517577670237,629.45,30.668816667571097,690.7876333351422,568.1123666648579,62519.0
JFL,2014-10-16,634.0,623.0,613.0,613.0,-3.31 %,251.0,154373.0,-0.03312302839116721,-0.03368401850101454,638.2,629.55,638.3162537997172,625.180377223377,46.36096717918133,13.135876576340138,18.16254098870107,19.364337750693792,629.55,30.608693295578146,690.7673865911562,568.3326134088437,62268.0
JFL,2014-10-19,613.0,625.0,615.0,625.0,1.96 %,2837.0,1757779.0,0.019575856443719397,0.019386713800190084,631.2,631.45,636.2675993689915,625.1670159475714,50.3294936838614,11.100583421420083,16.750149475244875,18.838313625644236,631.45,28.963634186040405,689.3772683720808,573.5227316279193,65105.0
JFL,2014-10-20,625.0,632.0,625.0,632.0,1.12 %,983.0,616250.0,0.011200000000000099,0.011137744410456021,628.2,633.05,635.6110456199159,625.673162914418,52.535558164516225,9.937882705497941,15.38769612129549,17.992719795241076,633.05,28.002772419128497,689.055544838257,577.0444551617429,66088.0
JFL,2014-10-21,632.0,640.0,632.0,640.0,1.27 %,230.0,145600.0,0.012658227848101333,0.012578782206860185,628.8,635.3,636.286269370698,626.7344101059425,54.99564688179775,9.551859264755535,14.2205287499875,17.278954095581,635.3,26.555007457205466,688.4100149144109,582.189985085589,66318.0
JFL,2014-10-22,640.0,652.0,640.0,652.0,1.88 %,841.0,544040.0,0.018750000000000044,0.018576385572935457,632.4,637.9,638.7037663905907,628.6059352832801,58.47255744671772,10.097831107310526,13.395989221452105,16.901885945896645,637.9,25.43909134424137,688.7781826884827,587.0218173115172,67159.0
JFL,2014-10-27,652.0,660.0,647.0,652.0,0.00 %,680.0,440790.0,0.0,0.0,640.2,640.5,640.7493407920382,630.3388289660002,58.472557446312315,10.410511826038032,12.798893742369291,16.623179806904027,640.5,23.976962627524482,688.453925255049,592.546074744951,67159.0
JFL,2014-10-30,652.0,639.0,639.0,639.0,-1.99 %,308.0,196812.0,-0.019938650306748462,-0.020140107549118144,643.0,642.35,640.4802114394168,630.980397190741,53.29899724030979,9.499814248675875,12.13907784363061,16.364381249268025,642.35,22.212549795569412,686.7750995911389,597.9249004088612,66851.0
JFL,2014-11-02,639.0,630.0,630.0,630.0,-1.41 %,500.0,315000.0,-0.014084507042253502,-0.014184634991956413,642.6,644.35,638.8678712179681,630.907775176612,50.00064619610318,7.96009604135611,11.30328148317571,15.838354017177451,644.35,18.787663925806992,681.925327851614,606.774672148386,66351.0
JFL,2014-11-03,630.0,630.0,623.0,623.0,-1.11 %,700.0,437500.0,-0.011111111111111072,-0.011173300598125189,639.2,645.45,636.4266602613576,630.3220140524185,47.536614446489544,6.10464620893913,10.263554428328394,15.207043015950491,645.45,16.636912036338277,678.7238240726766,612.1761759273235,65651.0
JFL,2014-11-04,623.0,630.0,619.0,630.0,1.12 %,2475.0,1541939.0,0.011235955056179803,0.011173300598125255,634.8,645.05,635.4379432980718,630.2981611596467,50.180569825849986,5.139782138425062,9.238799970347728,14.906539943382601,645.05,16.919235393935036,678.88847078787,611.2115292121299,68126.0
JFL,2014-11-05,630.0,635.0,635.0,635.0,0.79 %,680.0,431800.0,0.007936507936507908,0.007905179507113247,631.4,643.6,635.3705674060608,630.6464455181914,52.03980940736027,4.724121887869387,8.33586435385206,14.198929947426702,643.6,16.44576413227226,676.4915282645445,610.7084717354555,68806.0
JFL,2014-11-06,635.0,630.0,612.0,630.0,-0.79 %,3053.0,1912054.0,-0.007874015748031482,-0.007905179507113261,629.6,642.05,634.5443262666668,630.598560664992,50.02912374737961,3.9457656016747933,7.457844603416607,14.827577808324795,642.05,16.17820170865456,674.4064034173091,609.6935965826908,65753.0
JFL,2014-11-09,630.0,692.0,642.0,650.0,3.17 %,8534.0,5628192.0,0.031746031746031855,0.03125254350410453,633.6,641.5,636.9221222256411,632.0357043194371,57.15943302400131,4.886417906204088,6.9435592639741035,18.197036536301596,641.5,15.679352833033512,672.8587056660671,610.1412943339329,74287.0
JFL,2014-11-10,650.0,655.0,638.0,643.0,-1.08 %,2863.0,1853391.0,-0.010769230769230753,-0.010827638652063392,637.6,640.15,637.8571803447733,632.8478743698491,54.242134311590526,5.009305974924132,6.5567086061641096,18.11153392656577,640.15,14.18774489701438,668.5254897940288,611.7745102059712,71424.0
JFL,2014-11-11,643.0,641.0,620.0,630.0,-2.02 %,7788.0,4871100.0,-0.02021772939346811,-0.020424904852041004,637.6,638.4,636.6483833686543,632.6369207128232,49.21815005629811,4.01146265583111,6.04765941609751,18.460710074668214,638.4,13.076294340669005,664.552588681338,612.247411318662,63636.0
JFL,2014-11-12,630.0,628.0,612.0,612.0,-2.86 %,5354.0,3313590.0,-0.02857142857142858,-0.028987536873252298,633.0,635.7,632.8563243888614,631.1082599192808,43.24550979853864,1.7480644695805267,5.187740426794114,18.427802212191914,635.7,12.645365283672092,660.9907305673443,610.4092694326558,58282.0
JFL,2014-11-13,612.0,615.0,594.0,605.0,-1.14 %,5575.0,3373631.0,-0.011437908496731986,-0.011503824481484577,628.0,632.95,628.5707360213443,629.1743147400748,41.15398423803092,-0.6035787187305459,4.029476597689182,18.61153062560678,632.95,13.0564563581083,659.0629127162166,606.8370872837835,52707.0
JFL,2014-11-16,605.0,612.0,595.0,612.0,1.16 %,9649.0,5782198.0,0.011570247933884392,0.011503824481484713,620.4,631.2,626.0213920180605,627.9021432778471,44.06720477052902,-1.8807512597866207,2.847431026194022,18.496421295206297,631.2,13.41483860269857,658.0296772053972,604.3703227946029,62356.0
JFL,2014-12-09,360.0,353.0,353.0,353.0,-1.94 %,150.0,52950.0,-0.423202614379085,-0.5502642255790294,562.4,617.0,584.0181009383589,607.5390215535622,14.824381744541853,-23.520920615203295,-2.4262393020854414,35.67524834554871,617.0,63.556025843756586,744.1120516875131,489.88794831248686,62206.0
JFL,2014-12-10,353.0,346.0,342.0,342.0,-3.12 %,707.0,242962.0,-0.031161473087818692,-0.03165731987069161,504.8,602.4,546.7845469478422,587.8694644014465,14.387692452602266,-41.08491745360436,-10.157974932389227,33.91273060658094,602.4,88.20454696478406,778.8090939295681,425.99090607043183,61499.0
JFL,2014-12-11,342.0,348.0,339.0,339.0,-0.88 %,1020.0,347960.0,-0.00877192982456143,-0.00881062968215492,450.2,588.7,514.8176935712511,569.4346892605986,14.264279978106188,-54.616995689347505,-19.049779083780884,32.13324984896802,588.7,105.9628038014913,800.6256076029827,376.77439239701744,60479.0
JFL,2014-12-15,339.0,357.0,345.0,357.0,5.31 %,595.0,211700.0,0.053097345132743445,0.05173567439918889,400.6,575.3,490.5380484064432,553.6987863524062,18.76662080179713,-63.16073794596298,-27.871970856217303,31.123732002613163,575.3,117.45328298608855,810.206565972177,340.3934340278229,61074.0
JFL,2014-12-18,357.0,355.0,355.0,355.0,-0.56 %,150.0,53250.0,-0.0056022408963585235,-0.005617992304223261,349.2,561.45,469.6860409592981,538.9803577337094,18.64943247256437,-69.2943167744113,-36.15644003985611,29.043465430997937,561.45,126.4059771238341,814.2619542476682,308.63804575233183,60924.0
JFL,2014-12-21,355.0,362.0,360.0,360.0,1.41 %,832.0,300156.0,0.014084507042253502,0.01398624197473987,350.6,547.45,452.8112654270984,525.7225534571384,19.99449613533693,-72.91128803003994,-43.50740963789288,27.468932185926658,547.45,132.6020857976768,812.6541715953537,282.24582840464643,61756.0
JFL,2014-12-22,360.0,367.0,365.0,365.0,1.39 %,131.0,47877.0,0.01388888888888884,0.01379332213233577,355.2,533.1,439.30183997677557,513.81717912698,21.3941536642876,-74.51533915020445,-49.70899554035519,26.006865601217612,533.1,136.17361209712647,805.447224194253,260.7527758057471,61887.0
JFL,2014-12-23,365.0,367.0,367.0,367.0,0.55 %,200.0,73400.0,0.005479452054794498,0.005464494472078745,360.8,518.85,428.1784799803485,502.94183252498146,21.982104249811186,-74.76335254463294,-54.71986694121074,24.292089486844926,518.85,137.97645680179895,794.802913603598,242.89708639640213,62087.0
JFL,2014-12-24,367.0,381.0,374.0,381.0,3.81 %,110.0,41210.0,0.038147138964577554,0.03743752707213059,365.6,505.95,420.9202522910642,493.9091041897977,26.146389169180253,-72.98885189873351,-58.3736639327153,23.556940237784573,505.95,138.21245088249873,782.3749017649975,229.52509823500253,62197.0
JFL,2014-12-28,381.0,375.0,368.0,375.0,-1.57 %,176.0,65734.0,-0.015748031496062964,-0.01587334915629012,369.6,493.2,413.8555980924389,485.10102239796083,25.51775700336573,-71.24542430552191,-60.94801600727662,22.802873077942817,493.2,137.92812773706603,769.0562554741321,217.34374452586792,62021.0
JFL,2014-12-31,375.0,368.0,368.0,368.0,-1.87 %,100.0,36800.0,-0.01866666666666672,-0.018843087801479943,371.2,480.45,406.8008906936022,476.4268725907045,24.769528763518906,-69.62598189710229,-62.683609185241764,21.67409642951833,480.45,137.0814106941365,754.612821388273,206.28717861172697,61921.0
JFL,2015-01-01,368.0,361.0,358.0,358.0,-2.72 %,525.0,188550.0,-0.02717391304347827,-0.02754995176823063,369.8,466.85,399.29306135612495,467.65451165805973,23.700390805785517,-68.36145030193478,-63.81917740858037,20.84023239883845,466.85,134.93946986080684,736.7289397216136,196.97106027838635,61396.0
JFL,2015-01-04,358.0,365.0,365.0,365.0,1.96 %,200.0,73000.0,0.019553072625698276,0.019364367181791152,369.4,453.35,394.01720576287494,460.05047375746267,26.104835263154527,-66.03326799458773,-64.26199552578186,19.851644370349987,453.35,130.67004448731015,714.6900889746203,192.00991102537972,61596.0
JFL,2015-01-05,365.0,358.0,355.0,358.0,-1.92 %,400.0,142600.0,-0.019178082191780854,-0.019364367181791232,364.8,439.75,388.4760971839711,452.49117940505806,25.247987083116996,-64.01508222108697,-64.21261286484288,19.14795548675356,439.75,125.36383890605379,690.4776778121076,189.02232218789243,61196.0
JFL,2015-01-06,358.0,351.0,351.0,351.0,-1.96 %,100.0,35100.0,-0.019553072625698276,-0.019746762934834447,360.0,424.8,382.71054377105247,444.97331426394265,24.385985782027063,-62.26277049289018,-63.82264439045234,18.280244380556876,424.8,116.48519219196862,657.7703843839372,191.82961561606277,61096.0
JFL,2015-01-07,351.0,358.0,358.0,358.0,1.99 %,20.0,7160.0,0.019943019943019946,0.0197467629348345,358.0,410.55,378.908921652429,438.53084654068766,27.067540747113085,-59.62192488825866,-62.98250049001361,17.47451263908853,410.55,105.28081496645002,621.1116299329001,199.98837006709996,61116.0
JFL,2015-01-08,358.0,365.0,353.0,365.0,1.96 %,278.0,99819.0,0.019553072625698276,0.019364367181791152,359.4,397.3,376.76908755205534,433.08411716730336,29.75048960241641,-56.31502961524802,-61.64900631506049,17.083476022010778,397.3,92.05324546152572,581.4064909230515,213.19350907694857,61394.0
JFL,2015-01-11,365.0,373.0,370.0,373.0,2.19 %,680.0,252900.0,0.021917808219177992,0.021681066061323948,361.0,385.35,376.18922792866226,428.63344182157715,32.79333918266616,-52.44421389291489,-59.808047830631374,16.434656306152867,385.35,76.99642848859888,539.3428569771978,231.35714302280226,62074.0
JFL,2015-01-18,373.0,403.0,366.0,403.0,8.04 %,1895.0,711320.0,0.08042895442359255,0.07735814230286749,370.0,375.25,380.31396209348344,426.7346683533122,42.79921526907601,-46.42070625982876,-57.13057951647086,17.903609427141948,375.25,57.42993442814459,490.10986885628915,260.39013114371085,63969.0
JFL,2015-01-19,403.0,443.0,407.0,436.0,8.19 %,2882.0,1214294.0,0.08188585607940446,0.07870568140235133,387.0,366.45,388.8810448483322,427.42098921602985,51.375099279106095,-38.53994436769767,-53.41245248671623,19.481923039488954,366.45,21.468397827111,409.386795654222,323.513204345778,66851.0
JFL,2015-01-20,436.0,428.0,428.0,428.0,-1.83 %,200.0,85600.0,-0.01834862385321101,-0.018519047767237527,401.0,370.2,394.89934564089646,427.4638789037313,49.43994488636509,-32.56453326283486,-49.24286864193995,18.661785679525458,370.2,25.218205620876034,420.63641124175206,319.7635887582479,66651.0
JFL,2015-01-26,428.0,470.0,436.0,470.0,9.81 %,221.0,100751.0,0.0981308411214954,0.09360949912230754,422.0,376.6,406.4532924653739,430.61470268864014,58.31694919046562,-24.161410223266216,-44.2265769582052,20.328800988130784,376.6,32.790242451069695,442.1804849021394,311.0195150978606,66872.0
JFL,2015-01-27,470.0,461.0,435.0,435.0,-7.45 %,401.0,177391.0,-0.07446808510638303,-0.07738666361542024,434.4,381.4,410.84509362454713,430.9395395265187,50.37894383387574,-20.09444590197154,-39.400150746958474,21.376743774692873,381.4,34.00061918940719,449.40123837881436,313.3987616211856,66471.0
JFL,2015-01-28,435.0,429.0,412.0,419.0,-3.68 %,2941.0,1231067.0,-0.0367816091954023,-0.03747511116654636,437.6,384.5,412.09969460538605,430.05512919122094,47.2149696716797,-17.955434585834894,-35.111207514733756,21.492690647929095,384.5,34.48187929913221,453.4637585982644,315.5362414017356,63530.0
JFL,2015-01-29,419.0,435.0,415.0,415.0,-0.95 %,2899.0,1230497.0,-0.009546539379474916,-0.009592399691439409,433.4,387.5,412.54589543532666,428.9399344363157,46.42990335991634,-16.39403900098904,-31.367773811984815,21.38606988736273,387.5,34.390176075824826,456.28035215164965,318.71964784835035,60631.0
JFL,2015-02-01,415.0,420.0,400.0,419.0,0.96 %,4326.0,1777651.0,0.009638554216867545,0.009592399691439508,431.6,390.45,413.53883459912254,428.2036429965886,47.37228288417526,-14.66480839746606,-28.027180729081067,21.28706489540825,390.45,34.43754835701897,459.32509671403795,321.574903285962,64957.0
JFL,2015-02-02,419.0,411.0,410.0,410.0,-2.15 %,1275.0,523050.0,-0.021479713603818618,-0.021713760223784247,419.6,392.7,412.99439850694984,426.8552249968413,45.43556421683674,-13.860826489891451,-25.193909881243144,20.40941740287909,392.7,34.15614300917288,461.0122860183458,324.3877139816542,63682.0
JFL,2015-02-03,410.0,410.0,402.0,402.0,-1.95 %,345.0,138850.0,-0.019512195121951237,-0.019705071079332444,413.0,394.45,411.3029525828037,425.01409721929747,43.72437514781579,-13.71114463649377,-22.89735683229327,19.523030445530587,394.45,33.66315336888022,461.7763067377604,327.12369326223956,63337.0
JFL,2015-02-04,402.0,402.0,392.0,393.0,-2.24 %,2205.0,871860.0,-0.02238805970149249,-0.022642476749759777,407.8,395.05,408.4871137239108,422.6426826104606,41.816344515263886,-14.155568886549815,-21.14899924314458,18.842813985135546,395.05,33.51743458340062,462.08486916680124,328.0151308331988,61132.0
JFL,2015-02-05,393.0,404.0,386.0,404.0,2.80 %,606.0,236490.0,0.027989821882951738,0.027605266091888916,405.6,396.5,407.7967885356169,421.2617431578339,44.976750151479195,-13.464954622217022,-19.61219031895907,18.782612986197293,396.5,33.23045527666817,462.96091055333636,330.03908944666364,61738.0
JFL,2015-02-08,404.0,408.0,397.0,408.0,0.99 %,2869.0,1146053.0,0.00990099009900991,0.00985229644301164,403.4,398.5,407.82805183782966,420.2793918128092,46.12278791593111,-12.451339974979533,-18.180020250163164,18.22671205861177,398.5,32.623046422654035,463.74609284530806,333.25390715469194,64607.0
JFL,2015-02-10,408.0,425.0,416.0,425.0,4.17 %,100.0,41960.0,0.04166666666666674,0.0408219945202552,406.4,401.85,410.4698900166251,420.62906649334184,50.81185798945629,-10.159176476716766,-16.575851495473884,18.13908976871093,401.85,31.671463163978824,465.19292632795765,338.5070736720424,64707.0
JFL,2015-02-12,425.0,417.0,393.0,399.0,-6.12 %,4295.0,1708930.0,-0.06117647058823528,-0.06312775203455336,405.8,403.55,408.70529155252893,419.02691341976094,44.44130000916987,-10.321621867232011,-15.32500556982551,19.129154785231577,403.55,30.479458138571783,464.50891627714356,342.59108372285647,60412.0
JFL,2015-02-15,399.0,406.0,406.0,406.0,1.75 %,10.0,4060.0,0.01754385964912286,0.01739174271186924,408.4,405.95,408.28909285213985,418.061956870149,46.39009783776694,-9.772864018009159,-14.214577259462242,18.262786586286467,405.95,28.531561471463387,463.01312294292677,348.8868770570732,60422.0
JFL,2015-02-16,406.0,430.0,414.0,430.0,5.91 %,60.0,25320.0,0.059113300492610765,0.057432049085875396,413.6,409.9,411.6292324133491,418.9462563612491,52.53714387524587,-7.317023947899997,-12.835066597149794,18.672587544408863,409.9,25.867882952049673,461.63576590409934,358.1642340959006,60482.0
JFL,2015-02-19,430.0,435.0,435.0,435.0,1.16 %,20.0,8700.0,0.011627906976744207,0.011560822401076006,419.0,413.75,415.22473511898767,420.1354225567121,53.72752926103814,-4.910687437724448,-11.250190765264726,17.69597414837966,413.75,23.34382596161565,460.43765192323133,367.06234807676867,60502.0
JFL,2015-02-25,435.0,428.0,400.0,400.0,-8.05 %,260.0,106160.0,-0.08045977011494254,-0.08388148398070212,414.0,415.5,412.88246817760495,418.64390977473346,45.18459879321088,-5.76144159712851,-10.152440931637484,18.93197599492397,415.5,20.653787724490247,456.8075754489805,374.1924245510195,60242.0
JFL,2015-03-01,398.0,413.0,405.0,413.0,3.77 %,40.0,16360.0,0.03249999999999997,0.03198304585305074,416.8,417.5,412.90054999643496,418.2258423840125,48.46248212562074,-5.3252923875775195,-9.187011222825491,18.508263423857972,417.5,18.100596093699483,453.701192187399,381.298807812601,60282.0
JFL,2015-03-02,413.0,407.0,400.0,400.0,-3.15 %,120.0,48140.0,-0.03147699757869249,-0.031983045853050764,415.6,417.35,410.9158499969834,416.87577998519674,45.5303942055292,-5.959929988213332,-8.54159497590306,18.114816036439546,417.35,18.238983697445157,453.8279673948903,380.8720326051097,60162.0
JFL,2015-03-03,400.0,400.0,400.0,400.0,0.00 %,33.0,13200.0,0.0,0.0,409.6,415.55,409.23648845898595,415.62572220851547,45.53039420530099,-6.389233749529524,-8.111122730628352,16.820900605265294,415.55,18.0772465299654,451.7044930599308,379.3955069400692,60162.0
JFL,2015-03-04,400.0,408.0,408.0,408.0,2.00 %,20.0,8160.0,0.020000000000000018,0.01980262729617973,404.2,414.55,409.0462594652958,415.0608538967736,47.78505971758156,-6.0145944314778035,-7.691817070798243,16.190836276317775,414.55,17.904645089734615,450.3592901794692,378.7407098205308,60182.0
JFL,2015-03-09,408.0,400.0,400.0,400.0,-1.96 %,50.0,20000.0,-0.019607843137254943,-0.019802627296179754,404.2,411.05,407.6545272398657,413.9452350896052,45.74583928976879,-6.290707849739533,-7.411595226586502,15.605776542295077,411.05,12.529859074265,436.10971814853,385.99028185147,60132.0
JFL,2015-03-10,400.0,404.0,404.0,404.0,1.00 %,100.0,40400.0,0.010000000000000009,0.009950330853168092,402.4,409.5,407.09229227988635,413.2085510088937,46.96452903654411,-6.11625872900737,-7.152527927070676,14.776792503559715,409.5,11.264756404023812,432.0295128080476,386.9704871919524,60232.0
JFL,2015-03-11,404.0,396.0,389.0,390.0,-3.47 %,2538.0,990830.0,-0.034653465346534684,-0.03526813883745799,400.4,408.05,404.4627088522115,411.489399082309,43.29857948545655,-7.026690230097472,-7.127360387676036,14.792735896162593,408.05,11.82982404104124,431.7096480820825,384.39035191791754,57694.0
JFL,2015-03-12,390.0,400.0,388.0,389.0,-0.26 %,699.0,275150.0,-0.002564102564102555,-0.0025673955052458097,398.2,406.75,402.0838305672559,409.82351766880464,43.04014711698675,-7.739687101548725,-7.249825730450574,14.59325476072241,406.75,12.438797538766355,431.6275950775327,381.8724049224673,56995.0
JFL,2015-03-17,389.0,387.0,382.0,387.0,-0.51 %,209.0,80163.0,-0.005141388174807249,-0.0051546505886645375,394.0,405.15,399.76324124921655,408.1328867303747,42.493868491940354,-8.369645481158159,-7.473789680592091,14.050879420670809,405.15,12.832011779751644,430.81402355950326,379.4859764404967,56786.0
JFL,2015-03-18,387.0,382.0,375.0,375.0,-3.10 %,925.0,348925.0,-0.03100775193798455,-0.03149866705937105,389.0,403.4,395.9535118262601,405.67859882442104,39.27301728129643,-9.725086998160918,-7.924049144105856,13.904388033480037,403.4,14.423664765345018,432.24732953069,374.55267046930993,55861.0
JFL,2015-03-19,375.0,380.0,379.0,380.0,1.33 %,1491.0,566080.0,0.01333333333333342,0.013245226750020723,384.2,402.3,393.4991253914509,403.7764803929825,41.270460446004066,-10.277355001531589,-8.394710315591004,13.268360316802893,402.3,15.345494795744271,432.9909895914885,371.6090104085115,57352.0
JFL,2015-03-22,380.0,382.0,375.0,380.0,0.00 %,2240.0,847400.0,0.0,0.0,382.2,401.65,391.4223368696892,402.01525962313195,41.270460445711684,-10.592922753442735,-8.83435280316135,12.820620294174114,401.65,16.020628149847585,433.69125629969517,369.6087437003048,57352.0
JFL,2015-03-23,380.0,379.0,374.0,379.0,-0.26 %,991.0,372094.0,-0.0026315789473684292,-0.0026350476380051138,380.2,400.4,389.5112081205063,400.310425576974,40.95797444843812,-10.799217456467716,-9.227325733822624,12.333433130304535,400.4,16.784704816867485,433.9694096337349,366.830590366265,56361.0
JFL,2015-03-24,379.0,373.0,373.0,373.0,-1.58 %,101.0,37673.0,-0.0158311345646438,-0.015957785438610806,377.4,398.65,386.97102225581307,398.28743108979074,39.04758731302046,-11.316408833977675,-9.645142353853634,11.881045049568497,398.65,17.74757210971057,434.1451442194211,363.1548557805788,56260.0
JFL,2015-03-25,373.0,366.0,366.0,366.0,-1.88 %,515.0,188490.0,-0.018766756032171594,-0.018945086242449304,375.6,395.7,383.74471113953416,395.895769527584,36.88598511242876,-12.151058388049819,-10.146325560692873,11.53239897459932,395.7,18.03826342440777,431.77652684881554,359.62347315118444,55745.0
JFL,2015-03-29,366.0,362.0,361.0,361.0,-1.37 %,200.0,72300.0,-0.013661202185792365,-0.013755375068485344,371.8,393.8,380.24552481037506,393.31089771072595,35.3794166077312,-13.065372900350894,-10.730135028624478,11.065799047842226,393.8,19.605584596444178,433.01116919288836,354.58883080711166,55545.0
JFL,2015-04-01,361.0,368.0,366.0,366.0,1.39 %,389.0,142524.0,0.013850415512465464,0.013755375068485419,369.0,391.8,378.0539056087789,391.28786825067215,38.10204567562015,-13.233962641893243,-11.230900551278232,10.77538483013921,391.8,20.322660414318293,432.44532082863657,351.15467917136345,55934.0
JFL,2015-04-02,366.0,402.0,361.0,402.0,9.84 %,653.0,239504.0,0.09836065573770503,0.09381875521765491,373.6,390.4,381.73792013050524,392.0813594913631,53.34404308565661,-10.343439360857872,-11.053408313194161,12.934285913700695,390.4,18.428810396536473,427.25762079307293,353.542379206927,56587.0
JFL,2015-04-05,402.0,394.0,380.0,380.0,-5.47 %,137.0,53418.0,-0.05472636815920395,-0.05628083589858958,375.0,387.65,381.4705478027352,391.18644397348436,45.90480294316713,-9.715896170749147,-10.785905884705159,13.581836919864932,387.65,15.253213638958336,418.15642727791663,357.1435727220833,56450.0
JFL,2015-04-06,380.0,381.0,368.0,368.0,-3.16 %,500.0,187400.0,-0.03157894736842104,-0.03208831455150051,375.4,386.05,379.39815583308365,389.4689296050781,42.429047732212084,-10.070773771994425,-10.642879462163013,13.540277139874581,386.05,15.564720566579615,417.17944113315923,354.9205588668408,55950.0
JFL,2015-04-08,368.0,370.0,365.0,370.0,0.54 %,951.0,348115.0,0.005434782608695565,0.005420067469339113,377.2,383.9,377.9522857049169,388.0267866713686,43.20095568670199,-10.074500966451694,-10.52920376302075,12.930257344169254,383.9,14.585140238934725,413.0702804778694,354.72971952213055,56901.0
JFL,2015-04-12,370.0,398.0,377.0,398.0,7.57 %,75.0,29045.0,0.07567567567567557,0.07294899964616748,383.6,383.8,381.036549442622,388.76554321423015,52.75213523092497,-7.728993771608145,-9.969161764738228,14.00666753387145,383.8,14.47538745958748,412.750774919175,354.849225080825,56976.0
JFL,2015-04-15,398.0,413.0,405.0,413.0,3.77 %,30.0,12230.0,0.03768844221105527,0.03699558767659505,385.8,384.45,385.95400337452634,390.5606881613242,56.93047694057983,-4.606684786797871,-8.896666369150157,14.077619852880632,384.45,15.49694367150547,415.44388734301094,353.45611265698903,57006.0
JFL,2015-04-21,413.0,405.0,405.0,405.0,-1.94 %,160.0,64800.0,-0.01937046004842613,-0.019560525854493596,390.8,384.3,388.8841567015223,391.63026681604094,54.17857619043254,-2.7461101145186717,-7.666555118223861,13.643504149103444,384.3,15.269853340898544,414.8397066817971,353.7602933182029,56846.0
JFL,2015-04-23,397.0,400.0,400.0,400.0,0.76 %,345.0,138000.0,-0.012345679012345734,-0.012422519998557209,397.2,384.3,390.5942864397496,392.25024705188974,52.471411604178684,-1.6559606121401202,-6.464436217007113,13.026110995596056,384.3,15.269853340898544,414.8397066817971,353.7602933182029,56501.0
JFL,2015-05-25,400.0,392.0,378.0,378.0,-5.50 %,43.0,16576.0,-0.05500000000000005,-0.05657035148839435,398.8,383.0,388.6567039105573,391.19467319619423,45.65475820570571,-2.5379692856369047,-5.679142830733071,13.667103067339195,383.0,14.596322536134487,412.192645072269,353.807354927731,56458.0
JFL,2015-05-26,378.0,371.0,371.0,371.0,-1.85 %,15.0,5565.0,-0.01851851851851849,-0.01869213301215252,393.4,382.05,385.9402879243178,389.6987714779576,43.70904071852353,-3.7584835536398487,-5.295010975314427,13.19088141967211,382.05,14.734402993635962,411.51880598727195,352.5811940127281,56443.0
JFL,2015-05-28,371.0,364.0,350.0,350.0,-5.66 %,269.0,96817.0,-0.05660377358490565,-0.05826890812397576,380.8,380.1,380.4110128590381,386.75812173884964,38.4191422372621,-6.347108879811515,-5.505430556213844,13.748675603981246,380.1,16.26717715620943,412.6343543124189,347.56564568758114,56174.0
JFL,2015-06-01,350.0,357.0,357.0,357.0,2.00 %,20.0,7140.0,0.020000000000000018,0.01980262729617973,371.2,378.6,376.8093185730322,384.55381642486077,40.983128390798065,-7.744497851828555,-5.953244015336788,13.266627346554014,378.6,16.96559986995134,412.5311997399027,344.6688002600973,56194.0
JFL,2015-06-02,357.0,350.0,337.0,345.0,-3.36 %,8698.0,2938430.0,-0.03361344537815125,-0.03419136474827931,360.2,377.1,371.9155772541042,381.6239040970933,38.05775693709657,-9.708326842989095,-6.70426058086725,13.74758253608587,377.1,18.552627846208903,414.20525569241784,339.9947443075822,47496.0
JFL,2015-06-03,345.0,365.0,351.0,365.0,5.80 %,60.0,21480.0,0.05797101449275366,0.05635293655113178,357.6,376.35,370.85164229193435,380.3925037936049,45.092396272791724,-9.54086150167052,-7.271580765027904,14.19418378350831,376.35,18.731552328397818,413.81310465679564,338.8868953432044,47556.0
JFL,2015-06-04,365.0,393.0,372.0,373.0,2.19 %,880.0,336060.0,0.021917808219177992,0.021681066061323948,358.0,376.0,371.182158862406,379.8449109200045,47.65327548389202,-8.662752057598482,-7.5498150235420205,15.180313513257717,376.0,18.725158983231506,413.450317966463,338.549682033537,48436.0
JFL,2015-06-07,373.0,372.0,361.0,371.0,-0.54 %,1755.0,640911.0,-0.00536193029490617,-0.005376357036380406,362.2,375.6,371.1541344220359,379.1897323333375,47.062320186002864,-8.03559791130158,-7.646971601093933,14.953148262310739,375.6,18.74313909562169,413.0862781912434,338.1137218087566,46681.0
JFL,2015-06-08,371.0,405.0,371.0,404.0,8.89 %,2321.0,889098.0,0.08894878706199472,0.08521281535371503,371.6,377.15,376.2073445109535,381.02752993827545,56.621218629229794,-4.820185427321974,-7.081614366339541,16.313637672145685,377.15,19.770459090054153,416.69091818010827,337.6090818198917,49002.0
JFL,2015-06-09,404.0,428.0,412.0,420.0,3.96 %,1717.0,724820.0,0.03960396039603964,0.03883983331626396,386.6,379.85,382.9446761246529,383.91437957247723,60.35871983820277,-0.9697034478243154,-5.859232182636497,16.862663552706707,379.85,21.75527764159955,423.3605552831991,336.3394447168009,50719.0
JFL,2015-06-10,420.0,420.0,412.0,420.0,0.00 %,496.0,207920.0,0.0,0.0,397.6,382.8,388.6454951823986,386.58738849303444,60.35871983785273,2.0581066893641378,-4.27576440823637,16.2296161560848,382.8,23.02767214050189,428.8553442810038,336.7446557189962,50719.0
JFL,2015-06-14,420.0,428.0,428.0,428.0,1.90 %,20.0,8560.0,0.01904761904761898,0.018868484304382736,408.6,385.9,394.7000343851065,389.65498934540227,62.24504816271136,5.045045039704235,-2.411602518648249,15.64178643065017,385.9,24.755435341501993,435.41087068300396,336.389129316996,50739.0
JFL,2015-06-16,428.0,420.0,404.0,404.0,-5.61 %,211.0,86364.0,-0.05607476635514019,-0.05770831762064673,415.2,386.0,396.13079832585936,390.71758272722434,53.95085931094707,5.41321559863502,-0.8466388951915953,16.23880168560373,386.0,24.82782818998666,435.6556563799733,336.3443436200267,50528.0
JFL,2015-06-17,404.0,426.0,410.0,426.0,5.44 %,73.0,30410.0,0.054455445544554504,0.0530244683082204,419.6,388.3,400.726060121881,393.3310951178003,59.30409043498038,7.394965004080689,0.8016818846628615,16.65031585091775,388.3,26.328091861214446,440.95618372242893,335.6438162775711,50601.0
JFL,2015-06-18,426.0,418.0,384.0,388.0,-8.92 %,7759.0,2993162.0,-0.08920187793427226,-0.09343400664609693,413.2,389.3,398.76820471851465,392.93619918314846,48.76010703643958,5.832005535366193,1.8077466148035277,18.461007575852197,389.3,25.89269354368684,441.0853870873737,337.5146129126263,42842.0
JFL,2015-06-21,388.0,382.0,376.0,376.0,-3.09 %,353.0,133328.0,-0.030927835051546393,-0.03141619623337893,404.4,389.6,395.2654039925893,391.68166591032264,45.97994055915361,3.5837380822666773,2.162944908296158,17.999507034719898,389.6,25.691284616832053,440.98256923366415,338.2174307663359,42489.0
JFL,2015-06-22,383.0,383.0,383.0,383.0,1.86 %,139.0,53237.0,0.018617021276595702,0.018445845790751432,395.4,388.85,393.37841876296017,391.03857954659503,47.84794977967694,2.339839216365135,2.1983237699099534,17.213827960811333,388.85,25.65207491351012,440.15414982702026,337.5458501729798,42628.0
JFL,2015-06-24,390.0,390.0,390.0,390.0,1.83 %,250.0,97500.0,0.018276762402088753,0.018111749943046103,392.6,387.7,392.8586620301971,390.9616477283288,49.72035915916499,1.8970143018682961,2.138061876301622,16.484268820753382,387.7,25.020202363604195,437.7404047272084,337.6595952727916,42878.0
JFL,2015-06-25,388.0,388.0,388.0,388.0,-0.51 %,104.0,40352.0,-0.00512820512820511,-0.005141399500418652,385.0,386.85,392.1111755640129,390.7422664151193,49.177097626363185,1.3689091488936356,1.9842313308200248,15.449678190699569,386.85,24.688107087803708,436.2262141756074,337.4737858243926,42774.0
JFL,2015-06-28,381.0,381.0,381.0,381.0,-1.80 %,330.0,125730.0,-0.01804123711340211,-0.018205964496572524,383.6,385.9,390.40176393878016,390.02061705103637,47.231903826717385,0.381146887743796,1.6636144422047792,14.846129748506742,385.9,24.52045333143057,434.9409066628611,336.85909333713886,42444.0
JFL,2015-06-29,388.0,402.0,388.0,398.0,4.46 %,275.0,109020.0,0.044619422572178546,0.04365263015773681,388.0,386.9,391.570723332814,390.6116824546633,52.17903972230238,0.9590408781506881,1.522699729393961,15.28569190932769,386.9,24.589043345187203,436.0780866903744,337.72191330962556,42719.0
JFL,2015-06-30,391.0,391.0,384.0,385.0,-3.52 %,550.0,212000.0,-0.03266331658291455,-0.03320867099665346,388.4,387.6,390.55984282007336,390.19600227283644,48.43915602367131,0.3638405472369186,1.2909278929625527,15.193856772947141,387.6,24.31027506393389,436.2205501278678,338.97944987213225,42169.0
JFL,2015-07-01,383.0,385.0,383.0,385.0,0.26 %,610.0,234354.0,0.0,0.0,387.4,389.35,389.7044823862159,389.81111321558933,48.439156023383696,-0.1066308293734437,1.0114161484953534,14.251438432022345,389.35,22.665241183244675,434.6804823664894,344.01951763351065,42169.0
JFL,2015-07-02,379.0,379.0,378.0,378.0,-1.82 %,485.0,183405.0,-0.018181818181818188,-0.01834913866819654,385.4,390.4,387.90379278833655,388.9362159403605,46.36392585758953,-1.0324231520239664,0.6026482883914895,13.73347854402075,390.4,21.546522493870327,433.49304498774063,347.3069550122593,41684.0
JFL,2015-07-05,371.0,377.0,366.0,366.0,-3.17 %,2499.0,921279.0,-0.031746031746031744,-0.032260862218221435,382.4,391.45,384.53397851320784,387.2372369818153,42.96564746431931,-2.70325846860743,-0.05853306300829436,13.609658648019268,391.45,19.645476243706003,430.740952487412,352.15904751258796,39185.0
JFL,2015-07-06,359.0,366.0,359.0,365.0,-0.27 %,3805.0,1376820.0,-0.002732240437158473,-0.0027359798188747488,375.8,391.45,381.52875104963744,385.5900342424215,42.68487391491257,-4.06128319278406,-0.8590830889634475,13.13754017316075,391.45,19.645476243706003,430.740952487412,352.15904751258796,35380.0
JFL,2015-07-07,368.0,369.0,368.0,369.0,1.10 %,150.0,55312.0,0.010958904109588996,0.010899290458035638,372.6,391.25,379.60125088815477,384.36114281705693,44.25412431347414,-4.759891928902164,-1.639244856951191,12.484858732220697,391.25,19.862355295751023,430.97471059150206,351.52528940849794,35530.0
JFL,2015-07-08,365.0,369.0,365.0,365.0,-1.08 %,596.0,217820.0,-0.010840108401083959,-0.010899290458035631,368.6,390.95,377.3549045976695,382.9269840898675,42.98664400791758,-5.572079492198043,-2.4258117840005617,11.878797394204934,390.95,20.226285659479338,431.4025713189587,350.4974286810413,34934.0
JFL,2015-07-09,366.0,372.0,365.0,372.0,1.92 %,1405.0,519006.0,0.019178082191780854,0.018996500690655085,367.4,389.35,376.53107312110495,382.11757786098843,45.906460771409215,-5.58650473988348,-3.0579503751771457,11.53031186604744,389.35,20.404527361397495,430.159054722795,348.540945277205,36339.0
JFL,2015-07-13,370.0,370.0,365.0,365.0,-1.88 %,606.0,221720.0,-0.018817204301075252,-0.018996500690655036,367.2,386.6,374.7570618717042,380.8496091305448,43.50695204083906,-6.092547258840625,-3.664869751909842,11.206718161329766,386.6,19.752148450762743,426.1042969015255,347.09570309847453,35733.0
JFL,2015-07-14,366.0,373.0,366.0,370.0,1.37 %,1613.0,593335.0,0.013698630136986356,0.013605652055778678,368.2,384.1,374.0252061991343,380.0459343801341,45.690588163630665,-6.020728180999811,-4.136041437727836,10.977666864091926,384.1,18.421669162612844,420.9433383252257,347.25666167477436,37346.0
JFL,2015-07-15,370.0,377.0,370.0,376.0,1.89 %,320.0,120100.0,0.016216216216216273,0.016086137751624444,369.6,381.5,374.3290206300367,379.7462355371612,48.274376463552336,-5.417214907124503,-4.3922761316071695,10.693547802371075,381.5,15.305657708659837,412.1113154173197,350.8886845826803,37666.0
JFL,2015-07-16,377.0,371.0,370.0,370.0,-1.86 %,650.0,240700.0,-0.015957446808510634,-0.01608613775162438,370.6,379.8,373.6630174561849,379.0242921640382,45.92158528327212,-5.361274707853283,-4.586075846856392,10.358294387915999,379.8,14.544306174760838,408.8886123495217,350.71138765047834,37016.0
JFL,2015-07-22,370.0,377.0,370.0,375.0,1.35 %,2432.0,904568.0,0.013513513513513598,0.01342302033214077,371.2,377.25,373.86870707831025,378.7261964481835,48.187805626964405,-4.857489369873235,-4.6403585514597605,10.118416217350571,377.25,9.672941097391723,396.5958821947834,357.9041178052166,39448.0
JFL,2015-07-23,375.0,408.0,382.0,408.0,8.80 %,3182.0,1242093.0,0.08800000000000008,0.08434114843375096,379.8,378.25,379.11967522010866,380.89462634091063,60.07863575816158,-1.7749511208019726,-4.067277065328203,11.752815058968388,378.25,11.670362823022137,401.5907256460443,354.9092743539557,42630.0
JFL,2015-07-26,408.0,440.0,416.0,440.0,7.84 %,471.0,203736.0,0.07843137254901955,0.0755075525081451,393.8,381.45,388.4858790323996,385.27280216750984,67.7965982079635,3.2130768648897856,-2.6112062792846054,13.19904255475636,381.45,18.051024172720286,417.55204834544054,345.34795165455944,43101.0
JFL,2015-07-27,440.0,450.0,440.0,445.0,1.14 %,2771.0,1232810.0,0.011363636363636465,0.011299555253933466,407.6,384.55,397.1803591812612,389.69703904399057,68.81121139625735,7.483320137270653,-0.5923009959735537,12.970539515130906,384.55,22.981628818641493,430.513257637283,338.586742362717,45872.0
JFL,2015-07-28,445.0,439.0,431.0,431.0,-3.15 %,612.0,268572.0,-0.03146067415730336,-0.03196619206249241,419.8,386.6,402.3833808456826,392.7565176333246,62.84106470732244,9.62686321235799,1.451531845692755,13.04407240690727,386.6,25.21361369953522,437.02722739907045,336.1727726009296,45260.0
JFL,2015-08-06,431.0,423.0,415.0,415.0,-3.71 %,290.0,120758.0,-0.037122969837587005,-0.03782956987304949,427.8,387.95,404.32439917711605,394.4041829938191,56.7781221486494,9.92021618329693,3.14526871321359,13.255210092128179,387.95,26.002985658531784,439.9559713170636,335.9440286829364,44970.0
JFL,2015-08-09,415.0,407.0,400.0,407.0,-1.93 %,1444.0,586033.0,-0.01927710843373498,-0.01946533478810335,427.6,389.25,404.73603007294435,395.3372064757585,53.9741087375846,9.398823597185867,4.395979690008046,13.379837942690452,389.25,26.285627451636557,441.82125490327314,336.67874509672686,43526.0
JFL,2015-08-10,407.0,400.0,374.0,396.0,-2.70 %,12937.0,5101350.0,-0.027027027027026973,-0.027398974188114388,418.8,389.15,403.3920254463375,395.38630229236895,50.29603688563568,8.005723153968574,5.117928382800152,14.781278089641136,389.15,26.254373069320692,441.6587461386414,336.64125386135856,30589.0
JFL,2015-08-11,396.0,389.0,368.0,382.0,-3.54 %,2123.0,804163.0,-0.03535353535353536,-0.03599360264790537,406.2,389.0,400.1009446084394,394.3947243447861,45.99959654353262,5.706220263653336,5.235586758970789,15.725472511809626,389.0,26.287879936937884,441.57575987387577,336.42424012612423,28466.0
JFL,2015-08-12,375.0,375.0,370.0,374.0,-2.09 %,845.0,314400.0,-0.020942408376963373,-0.021164811192043272,394.8,388.45,396.0854146686795,392.8840040229501,43.70225532503849,3.2014106457294247,4.828751536322517,15.459367332394653,388.45,26.490266335509546,441.4305326710191,335.4694673289809,27621.0
JFL,2015-08-13,374.0,381.0,374.0,381.0,1.87 %,214.0,81079.0,0.018716577540107027,0.018543577712169104,388.0,388.6,393.76458164272884,392.0037074286575,46.23261987155892,1.7608742140713503,4.215176071872284,14.855126808652178,388.6,26.436418262053394,441.4728365241068,335.72716347589324,27835.0
JFL,2015-08-16,374.0,377.0,370.0,377.0,-1.05 %,1720.0,642136.0,-0.01049868766404205,-0.010554187678690256,382.0,389.15,391.18541523615517,390.8923216932014,44.988282498048896,0.293093542953784,3.430759566088584,14.579760608034167,389.15,26.053133966446303,441.25626793289257,337.0437320671074,26115.0
JFL,2015-08-17,372.0,374.0,370.0,373.0,-1.06 %,4171.0,1555690.0,-0.010610079575596787,-0.010666767804195192,377.4,389.55,388.38765904597744,389.566964530742,43.721025596023274,-1.1793054847645408,2.508746555917959,14.038349136031727,389.55,25.72214896481891,440.9942979296378,338.1057020703622,21944.0
JFL,2015-08-18,370.0,370.0,365.0,370.0,-0.80 %,1610.0,593450.0,-0.008042895442359255,-0.008075414005545418,375.0,389.6,385.55878842351933,388.117559750687,42.74843203857106,-2.558771327167676,1.4952429793008322,13.607038483458032,389.6,25.681039493634163,440.96207898726834,338.2379210127317,20334.0
JFL,2015-08-19,377.0,398.0,377.0,398.0,7.57 %,760.0,289570.0,0.07567567567567557,0.07294899964616748,379.8,391.25,387.4728209737471,388.8495923617472,53.21036956421085,-1.3767713880001224,0.9208401058406414,14.63510716321103,391.25,25.070164696201108,441.39032939240224,341.10967060759776,21094.0
JFL,2015-08-20,401.0,409.0,401.0,409.0,2.76 %,40.0,16200.0,0.027638190954773822,0.027263150758363996,385.4,393.1,390.7846946700937,390.34221514976593,56.568150778734854,0.4424795203277654,0.8251679887380662,14.375456651553101,393.1,24.939716792379986,442.97943358476,343.22056641524006,21134.0
JFL,2015-08-25,410.0,418.0,410.0,418.0,2.20 %,134.0,55340.0,0.022004889975550057,0.021766276481954505,393.6,395.75,394.97166472084854,392.39093995348696,59.15110998758805,2.5807247673615734,1.1762793444627677,13.99149546215645,395.75,24.610385056546477,444.97077011309295,346.52922988690705,21268.0
JFL,2015-08-27,410.0,410.0,408.0,408.0,-2.39 %,237.0,96862.0,-0.02392344497607657,-0.024214258120594627,400.6,397.65,396.9760239945642,393.547166623599,55.22141425060003,3.4288573709651473,1.626794949763244,13.706388643430989,397.65,23.976468727306035,445.60293745461206,349.6970625453879,21031.0
JFL,2015-09-01,408.0,400.0,400.0,400.0,-1.96 %,300.0,120000.0,-0.019607843137254943,-0.019802627296179754,406.6,398.85,397.44125107232355,394.0251542811102,52.23186162718617,3.416096791213363,1.9846553180532678,13.29878945461449,398.85,23.430243613530312,445.71048722706064,351.9895127729394,20731.0
JFL,2015-09-03,392.0,392.0,386.0,386.0,-3.50 %,240.0,93360.0,-0.03500000000000003,-0.03562717764315116,404.2,399.65,395.6810585996584,393.4306984084354,47.396108770810265,2.2503601912230238,2.037796292687219,13.348875922142026,399.65,22.653627570549638,444.95725514109927,354.3427448589007,20491.0
JFL,2015-09-06,380.0,381.0,377.0,378.0,-2.07 %,2108.0,797944.0,-0.020725388601036232,-0.020943173845243135,398.0,399.8,392.96089573817244,392.28768371151426,44.84132769965651,0.6732120266581774,1.764879439481411,13.03824192770331,399.8,22.49116785715786,444.7823357143157,354.8176642856843,18383.0
JFL,2015-09-07,385.0,385.0,375.0,375.0,-0.79 %,2759.0,1043380.0,-0.007936507936507908,-0.007968169649176845,389.4,398.15,390.19768100922283,391.0071145476984,43.885998747149436,-0.8094335384755595,1.250016843890017,12.821224647153073,398.15,23.061188630522427,444.2723772610448,352.02762273895513,15624.0
JFL,2015-09-08,377.0,377.0,370.0,370.0,-1.33 %,1889.0,705130.0,-0.013333333333333308,-0.013423020332140661,381.8,394.65,387.09034546934237,389.4510319886096,42.269644656798114,-2.360686519267233,0.5278761712585669,12.40542288664214,394.65,21.6437057825112,437.9374115650224,351.36258843497757,13735.0
JFL,2015-09-09,364.0,371.0,353.0,365.0,-1.35 %,7181.0,2604420.0,-0.013513513513513487,-0.013605652055778598,374.8,390.65,383.69183078175126,387.63984443389774,40.657029103281026,-3.9480136521464715,-0.36730179342244074,12.805035537596275,390.65,19.09057359012329,428.83114718024655,352.4688528197534,6554.0
JFL,2015-09-10,365.0,365.0,360.0,361.0,-1.10 %,2488.0,900732.0,-0.010958904109588996,-0.011019395249610538,369.8,387.15,380.2007798922511,385.6665226239794,39.363227693460054,-5.465742731728312,-1.386989981083615,12.247532999196542,387.15,17.66732041160267,422.4846408232053,351.81535917679463,4066.0
JFL,2015-09-13,365.0,388.0,365.0,377.0,4.43 %,4761.0,1814530.0,0.04432132963988922,0.043367229115129864,369.6,385.25,379.70835221652015,385.0245579851661,46.67329541766212,-5.316205768645943,-2.172833138596081,13.301280642111076,385.25,16.52072064185562,418.29144128371126,352.20855871628874,8827.0
JFL,2015-09-14,380.0,392.0,380.0,392.0,3.98 %,1740.0,664660.0,0.039787798408488007,0.03901665234245172,373.0,384.5,381.59937495244014,385.5412573936723,52.459633560715595,-3.941882441232167,-2.5266429991232986,13.422617739103142,384.5,15.806394442221068,416.1127888844421,352.8872111155579,10567.0
JFL,2015-09-15,390.0,392.0,385.0,392.0,0.00 %,2364.0,917852.0,0.0,0.0,377.4,384.3,383.1994711136032,386.0196827719188,52.459633560306926,-2.8202116583156,-2.5853567309617587,12.963859329167203,384.3,15.678010077810237,415.65602015562047,352.94397984437956,10567.0
JFL,2015-09-16,392.0,392.0,385.0,385.0,-1.79 %,410.0,159550.0,-0.017857142857142905,-0.018018505502678365,381.4,384.45,383.47647555766423,385.94415071473964,49.54974324494248,-2.467675157075405,-2.5618204161844877,12.537869377083831,384.45,15.669195391290696,415.78839078258136,353.1116092174186,10157.0
JFL,2015-09-17,380.0,386.0,380.0,386.0,0.26 %,1068.0,408840.0,0.0025974025974024872,0.002594035177046528,386.4,385.05,383.86471008725437,385.94828769883304,49.97662831902022,-2.0835776115786757,-2.466171855263325,12.07087870729213,385.05,15.476552723731636,416.00310544746327,354.09689455253675,11225.0
JFL,2015-09-22,386.0,386.0,379.0,379.0,-1.81 %,1244.0,476916.0,-0.01813471502590669,-0.018301164382404467,386.8,384.95,383.1162931507537,385.4335997211417,46.97993224272129,-2.317306570388041,-2.4363987982882684,11.708673085342692,384.95,15.510522743911391,415.9710454878228,353.9289545121772,9981.0
JFL,2015-09-23,375.0,385.0,375.0,385.0,1.58 %,646.0,246800.0,0.0158311345646438,0.015707129205357877,385.4,385.35,383.40609420448385,385.4014812232794,49.76065449801068,-1.9953870187955545,-2.3481964423897255,11.586625007818213,385.35,15.397453651408956,416.14490730281796,354.5550926971821,10627.0
JFL,2015-09-24,378.0,385.0,378.0,385.0,0.00 %,2774.0,1055760.0,0.0,0.0,384.0,385.95,383.6513104807171,385.37174187340685,49.760654497542255,-1.7204313926897612,-2.2226434324497326,11.259008935831199,385.95,15.122221362858253,416.1944427257165,355.7055572742835,10627.0
JFL,2015-09-28,390.0,390.0,383.0,383.0,-0.52 %,2193.0,847177.0,-0.0051948051948051965,-0.005208345107138235,383.6,386.6,383.551108868299,385.19605729019156,48.77179589887761,-1.6449484218925363,-2.1071044303382935,10.954794011843257,386.6,14.673283993633202,415.9465679872664,357.25343201273364,8434.0
JFL,2015-09-29,378.0,378.0,376.0,376.0,-1.83 %,515.0,193670.0,-0.018276762402088753,-0.018445845790751456,381.6,385.5,382.38939981163765,384.5148678612885,45.37319476979843,-2.1254680496508627,-2.1107771542008074,10.672308725283024,385.5,14.598125330254334,414.69625066050867,356.30374933949133,7919.0
JFL,2015-09-30,375.0,375.0,375.0,375.0,-0.27 %,100.0,37500.0,-0.0026595744680850686,-0.002663117419483662,380.8,383.8,381.25256907138566,383.8100628345264,44.89192747890678,-2.5574937631407124,-2.2001204759887885,9.98142953061995,383.8,13.66747965061298,411.134959301226,356.46504069877403,7819.0
JFL,2015-10-01,375.0,376.0,370.0,376.0,0.27 %,2083.0,773130.0,0.002666666666666595,0.0026631174194836284,379.0,381.7,380.4444815219417,383.2315396615985,45.51430537642718,-2.7870581396567786,-2.3175080087223865,9.69704170700424,381.7,11.126544836557384,403.95308967311473,359.44691032688525,9902.0
JFL,2015-10-04,376.0,380.0,376.0,380.0,1.06 %,1812.0,685312.0,0.010638297872340496,0.010582109330537008,378.0,380.3,380.3760997493353,382.992166353332,48.04206347175403,-2.6160666039966713,-2.3772197277772436,9.290110156503939,380.3,9.245767168074202,398.7915343361484,361.8084656638516,11714.0
JFL,2015-10-06,377.0,390.0,374.0,375.0,-1.32 %,6414.0,2418280.0,-0.013157894736842146,-0.01324522675002068,376.4,379.05,379.5490074802068,382.40015403086295,45.21809418769822,-2.8511465506561535,-2.4720050923530255,9.769388002467943,379.05,8.055563621689187,395.16112724337836,362.93887275662166,5300.0
JFL,2015-10-07,375.0,375.0,360.0,365.0,-2.67 %,1885.0,688342.0,-0.026666666666666616,-0.02702867238791926,374.2,378.0,377.3106986370981,381.1112537322805,40.13657775257901,-3.8005550951824034,-2.737715092918901,10.143003145148805,378.0,8.460434230484058,394.9208684609681,361.0791315390319,3415.0
JFL,2015-10-08,361.0,361.0,361.0,361.0,-1.10 %,140.0,50540.0,-0.010958904109588996,-0.011019395249610538,371.4,377.15,374.8013603852368,379.6215312335931,38.28332194072378,-4.82017084835627,-3.1542062440063754,9.704217206209606,377.15,9.2751791016857,395.70035820337137,358.5996417966286,3275.0
JFL,2015-10-14,368.0,375.0,368.0,370.0,2.49 %,3152.0,1173170.0,0.024930747922437657,0.024625047305389194,370.2,376.9,374.0626895567388,378.90882521628987,44.493526022734365,-4.8461356595510665,-3.492592127115314,10.011058834337492,376.9,9.402687185890839,395.70537437178166,358.0946256282183,6427.0
JFL,2015-10-15,377.0,380.0,373.0,380.0,2.70 %,1239.0,464323.0,0.027027027027026973,0.026668247082161273,370.2,377.4,374.9761219326251,378.9896529780462,50.45857481545453,-4.013531045421075,-3.5967799107764664,10.010268917599099,377.4,9.28156066731121,395.9631213346224,358.8368786653776,7666.0
JFL,2015-10-18,385.0,385.0,373.0,373.0,-1.84 %,2533.0,951690.0,-0.018421052631578894,-0.01859283307661586,369.8,377.8,374.67210317375975,378.5459749796724,46.67713433134863,-3.8738718059126427,-3.6521982898037018,10.152392566342021,377.8,8.882863454867481,395.56572690973496,360.03427309026506,5133.0
JFL,2015-10-19,374.0,387.0,374.0,380.0,1.88 %,2586.0,978748.0,0.018766756032171594,0.018592833076615925,372.8,378.75,375.49177960856593,378.6536805367337,50.65924023149965,-3.1619009281677677,-3.554138817476515,10.427221668746164,378.75,7.959601947196821,394.66920389439366,362.83079610560634,7719.0
JFL,2015-10-25,377.0,417.0,377.0,417.0,9.74 %,293.0,115361.0,0.09736842105263155,0.09291496907836996,384.0,380.75,381.8776596687866,381.4941486451238,65.37725391896635,0.383511023662777,-2.766608849248657,12.539562978121438,380.75,11.661339635958903,404.0726792719178,357.4273207280822,8012.0
JFL,2015-10-27,334.0,328.0,319.0,319.0,-4.49 %,1191.0,389529.0,-0.23501199040767384,-0.26789511901395685,373.8,377.1,372.2041735658963,376.8649524491887,35.322849137609936,-4.66077888329238,-3.1454428560574015,18.64387990825562,377.1,17.776092756400004,412.65218551280003,341.5478144872,6821.0
JFL,2015-11-01,315.0,315.0,300.0,300.0,-5.96 %,2689.0,823906.0,-0.059561128526645746,-0.06140862812864349,357.8,372.5,361.09583917114304,371.17125226776733,32.229381113196965,-10.075413096624288,-4.5314369041707785,18.669317057665936,372.5,24.390464055487662,421.2809281109753,323.7190718890247,4132.0
JFL,2015-11-02,302.0,302.0,300.0,300.0,0.00 %,343.0,103142.0,0.0,0.0,343.2,368.25,351.6964792986595,365.8993076553401,32.22938111303698,-14.20282835668064,-6.465715194672751,17.47865155354694,368.25,29.0568861301221,426.3637722602442,310.1362277397558,4132.0
JFL,2015-11-09,306.0,306.0,306.0,306.0,2.00 %,40.0,12240.0,0.020000000000000018,0.01980262729617973,328.4,364.25,344.66625171425034,361.46232190309274,34.335521989972875,-16.796070188842407,-8.531786193506683,16.658747871150727,364.25,31.856380010421137,427.96276002084227,300.53723997915773,4172.0
JFL,2015-12-01,306.0,300.0,290.0,290.0,-5.23 %,6554.0,1902940.0,-0.05228758169934644,-0.0537041789718611,303.0,359.8,336.2560591428272,356.16881657693773,31.52222104926159,-19.912757434110517,-10.80798044162745,16.611694451782817,359.8,35.67484739760001,431.14969479520005,288.4503052048,-2382.0
JFL,2015-12-07,295.0,296.0,295.0,296.0,2.07 %,265.0,78250.0,0.020689655172413834,0.0204785313435407,298.4,355.35,330.06281927469996,351.71186720086826,33.71553227509769,-21.649047926168294,-12.97619393853562,15.853716276655474,355.35,37.85050232580457,431.05100465160916,279.6489953483909,-2117.0
JFL,2015-12-08,296.0,296.0,296.0,296.0,0.00 %,73.0,21608.0,0.0,0.0,297.6,350.9,324.82238554013077,347.58506222302617,33.715532274903865,-22.762676682895403,-14.933490487407578,14.721307971180083,350.9,39.38193547942019,429.66387095884033,272.1361290411596,-2117.0
JFL,2015-12-09,301.0,307.0,301.0,305.0,3.04 %,811.0,246195.0,0.030405405405405483,0.029952322283351325,298.6,347.0,321.772787764726,344.4306131694687,37.21397074157298,-22.65782540474271,-16.478357470874606,14.455500258952936,347.0,39.89459797226157,426.78919594452316,267.21080405547684,-1306.0
JFL,2015-12-10,311.0,317.0,311.0,317.0,3.93 %,30.0,9450.0,0.03934426229508192,0.03858999726986895,300.8,344.05,321.0385127239989,342.3987158976562,41.637034854963765,-21.360203173657283,-17.45472661143114,14.280107383313442,344.05,39.81863488632534,423.68726977265067,264.41273022734936,-1276.0
JFL,2015-12-13,317.0,322.0,317.0,322.0,1.58 %,79.0,25298.0,0.01577287066246047,0.015649771667127596,307.2,341.4,321.18643384338367,340.8876999052372,43.425395821688795,-19.701266061853516,-17.904034501515618,13.617242570219625,341.4,39.4119938997998,420.22398779959957,262.5760122004004,-1197.0
JFL,2015-12-14,328.0,328.0,328.0,328.0,1.86 %,10.0,3280.0,0.01863354037267073,0.018462062839735352,313.6,339.0,322.2346747905554,339.9330554678122,45.58035700548022,-17.698380677256807,-17.862903736663856,13.073153815203938,339.0,38.64821096152163,416.2964219230432,261.7035780769568,-1187.0
JFL,2015-12-15,334.0,334.0,334.0,334.0,1.83 %,20.0,6680.0,0.018292682926829285,0.0181273845925567,321.2,336.7,324.04472482277765,339.49356987760393,47.72472320070152,-15.448845054826279,-17.380092000296344,12.567928542689371,336.7,37.429372085793915,411.5587441715878,261.84125582841216,-1167.0
JFL,2015-12-16,340.0,346.0,340.0,346.0,3.59 %,40.0,13780.0,0.03592814371257491,0.035297782081023896,329.4,335.25,327.4224594654272,339.97552766444807,51.8142804436868,-12.553068199020856,-16.414687240041246,12.52736221821156,335.25,36.41554757604403,408.08109515208804,262.41890484791196,-1127.0
JFL,2015-12-17,352.0,359.0,345.0,345.0,-0.29 %,147.0,51114.0,-0.0028901734104046506,-0.002894358026364526,335.0,334.25,330.12669647074614,340.34771080041486,51.45304160200549,-10.22101432966872,-15.175952657966743,12.632550631196448,334.25,35.82541732228333,405.90083464456666,262.59916535543334,-1274.0
JFL,2015-12-20,345.0,358.0,351.0,358.0,3.77 %,40.0,14180.0,0.037681159420289934,0.036988569369340626,342.2,334.1,334.4148970137083,341.65528777816195,55.770109407866926,-7.24039076445365,-13.588840279264126,12.658797014682417,334.1,35.713627061595204,405.52725412319046,262.6727458768096,-1234.0
JFL,2015-12-21,358.0,372.0,365.0,372.0,3.91 %,30.0,11020.0,0.03910614525139655,0.03836086787244616,351.0,334.2,340.1972205500609,343.9030442390388,59.905193390516935,-3.7058236889779437,-11.612236961206891,12.754597227919387,334.2,35.82207493475982,405.84414986951964,262.55585013048034,-1204.0
JFL,2015-12-22,379.0,379.0,379.0,379.0,1.88 %,10.0,3790.0,0.018817204301075252,0.018642350809279774,360.0,334.15,346.1668789269746,346.50281873985074,61.8268726300491,-0.33593981287611996,-9.356977531540737,12.343554568782288,334.15,35.75541916968628,405.6608383393725,262.63916166062745,-1194.0
JFL,2015-12-23,379.0,386.0,386.0,386.0,1.85 %,10.0,3860.0,0.01846965699208436,0.018301164382404443,368.0,334.8,352.29505139974776,349.42853587023217,63.70047899427457,2.8665155295155955,-6.912278919329471,11.961872099583553,334.8,36.60687309638321,408.01374619276646,261.58625380723356,-1184.0
JFL,2015-12-25,393.0,393.0,393.0,393.0,1.81 %,22.0,8646.0,0.0181347150259068,0.017972242404430436,377.6,335.45,358.55735118440197,352.65605173169644,65.52284942675347,5.90129945270553,-4.349563244922471,11.607452663899014,335.45,37.554837098217476,410.5596741964349,260.34032580356507,-1162.0
JFL,2016-01-03,400.0,406.0,392.0,406.0,3.31 %,57.0,22753.0,0.0330788804071247,0.03254354773247142,387.2,334.9,365.8562202329555,356.6074553071263,68.66874006851339,9.248764925829164,-1.6298976107721437,11.778348902191942,334.9,36.359173171074424,407.6183463421488,262.18165365785114,-1105.0
JFL,2016-01-05,398.0,398.0,378.0,378.0,-6.90 %,3330.0,1270570.0,-0.06896551724137934,-0.07145896398214498,388.4,337.85,367.72449404327006,358.1920882473392,56.673894160051255,9.532405795930856,0.6025630705684561,12.937038266321089,337.85,37.38037058755735,412.61074117511475,263.0892588248853,-4435.0
JFL,2016-01-06,371.0,371.0,370.0,370.0,-2.12 %,6328.0,2341370.0,-0.021164021164021163,-0.02139118998131756,386.6,341.35,368.074571882767,359.06674837716594,53.78322067725679,9.007823505601039,2.283615157574973,12.584392675869584,341.35,36.924211141485664,415.19842228297136,267.5015777170287,-10763.0
JFL,2016-01-10,370.0,376.0,362.0,376.0,1.62 %,9668.0,3500066.0,0.016216216216216273,0.016086137751624444,384.6,345.15,369.29386851618744,360.3210633121907,55.61186332808663,8.972805203996757,3.6214531668593297,12.685507484736043,345.15,36.35102981238647,417.8520596247729,272.44794037522706,-1095.0
JFL,2016-02-28,376.0,390.0,346.0,346.0,-7.98 %,2184.0,788850.0,-0.07978723404255317,-0.08315036833217024,375.2,347.15,365.71019643677397,359.26024380758395,45.84461583021524,6.449952629190022,4.187153059325468,14.92225695011204,347.15,35.16468773013419,417.47937546026833,276.8206245397316,-3279.0
JFL,2016-02-29,346.0,365.0,334.0,365.0,5.49 %,1551.0,527070.0,0.054913294797687806,0.053458578524767195,367.0,350.9,365.600935446501,359.68541093294806,51.63792494914631,5.915524513552953,4.532827350170965,16.07066716796118,350.9,32.65916491019834,416.21832982039666,285.5816701796033,-1728.0
JFL,2016-03-01,358.0,358.0,329.0,329.0,-9.86 %,2426.0,815050.0,-0.09863013698630141,-0.10383960281711965,357.2,352.55,359.9700223008855,357.41241753050747,42.38584302269573,2.5576047703780205,4.137782834212376,17.49419094167824,352.55,30.50189812902853,413.55379625805705,291.546203741943,-4154.0
JFL,2016-03-02,335.0,353.0,335.0,345.0,4.86 %,3507.0,1213100.0,0.04863221884498481,0.047486666265987874,352.2,355.0,357.66694194690314,356.4929791949143,46.936448320246555,1.1739627519888245,3.545018817767666,17.958891588701224,355.0,27.545178200643587,410.0903564012872,299.9096435987128,-647.0
JFL,2016-03-03,351.0,351.0,335.0,335.0,-2.90 %,4250.0,1443550.0,-0.02898550724637683,-0.02941388520629334,344.0,356.5,354.17972010891805,354.9009066619577,44.56715117458611,-0.7211865530396722,2.6917777436061985,17.81897076093685,356.5,25.41342372178735,407.3268474435747,305.6731525564253,-4897.0
JFL,2016-03-06,341.0,355.0,340.0,346.0,3.28 %,12225.0,4161480.0,0.032835820895522394,0.03230824323265783,344.0,357.95,352.92130163062296,354.2415802425534,47.6948921395768,-1.320278611930462,1.8893664724988664,17.974758563727075,357.95,23.818336589583275,405.58667317916655,310.3133268208334,7328.0
JFL,2016-03-10,345.0,345.0,345.0,345.0,-0.29 %,500.0,172500.0,-0.0028901734104046506,-0.002894358026364526,340.0,359.1,351.7026398412964,353.557018743105,47.43287180433816,-1.8543789018086159,1.14061739763737,16.762275809175144,359.1,22.510582306760018,404.1211646135201,314.07883538647997,6828.0
JFL,2016-03-13,351.0,351.0,351.0,351.0,1.74 %,20.0,7020.0,0.017391304347825987,0.017241806434505954,344.4,360.25,351.59454140417387,353.36760994731947,49.23491091655062,-1.7730685431455981,0.5578802094807763,15.993541822805492,360.25,21.398167653967725,403.04633530793546,317.45366469206454,6848.0
JFL,2016-03-15,344.0,344.0,344.0,344.0,-1.99 %,10.0,3440.0,-0.019943019943019946,-0.020144566092467463,344.2,360.75,350.42615041891634,352.6737129141847,47.2018945958542,-2.247562495268369,-0.0032083314690526943,15.351145978319385,360.75,20.862646045023666,402.47529209004733,319.02470790995267,6838.0
JFL,2016-03-16,338.0,344.0,338.0,338.0,-1.74 %,2330.0,789340.0,-0.01744186046511631,-0.0175957618903796,344.8,360.35,348.5144349698523,351.5867712168377,45.46881219755021,-3.072336246985401,-0.6170339145723224,14.683206979868002,360.35,21.23372441733953,402.8174488346791,317.88255116532093,4508.0
JFL,2016-03-17,344.0,350.0,344.0,344.0,1.78 %,170.0,58600.0,0.01775147928994092,0.01759576189037966,344.4,360.3,347.8199065129519,351.0247881637386,47.542999254481934,-3.2048816507867173,-1.1346034618152014,14.49154933844886,360.3,21.272913343150844,402.8458266863017,317.75417331369835,4678.0
JFL,2016-03-20,338.0,344.0,329.0,333.0,-3.78 %,9963.0,3305120.0,-0.03197674418604646,-0.03249916739295447,342.0,359.05,345.53992089557465,349.68961867012837,44.222009369817805,-4.149697774553715,-1.7376223243629043,14.52786724284537,359.05,22.1323174042881,403.3146348085762,314.7853651914238,-5285.0
JFL,2016-03-21,337.0,349.0,330.0,330.0,-0.30 %,1448.0,480560.0,-0.009009009009009028,-0.009049835519917927,337.8,356.95,343.149163834717,348.231128398267,43.33298666364519,-5.081964563550002,-2.406490772200324,14.847305296927845,356.95,22.82075463487588,402.5915092697517,311.30849073024825,-6733.0
JFL,2016-03-23,332.0,335.0,330.0,331.0,0.30 %,4286.0,1423830.0,0.003030303030302939,0.00302572091653689,335.2,354.55,341.28006170629897,346.9547485169139,43.73900460122661,-5.674686810614958,-3.060129979883251,14.143926347147286,354.55,22.903631061240525,400.3572621224811,308.74273787751895,-2447.0
JFL,2016-03-24,331.0,349.0,332.0,338.0,2.11 %,1678.0,569826.0,0.02114803625377637,0.02092752010595582,335.2,352.15,340.77543682840684,346.2914338119573,46.622100577365075,-5.515996983550451,-3.551303380616691,14.419360179493907,352.15,21.928772255453094,396.00754451090614,308.2924554890938,-769.0
JFL,2016-03-27,338.0,332.0,331.0,331.0,-2.07 %,210.0,69620.0,-0.020710059171597628,-0.020927520105955874,332.6,349.05,339.2715234701904,345.1587350110716,44.18373511424596,-5.8872115408811965,-4.018485012669592,13.889405880958629,349.05,20.16112726589296,389.3722545317859,308.7277454682141,-979.0
JFL,2016-03-28,331.0,337.0,318.0,320.0,-3.32 %,7310.0,2363420.0,-0.033232628398791486,-0.03379737958329061,330.0,344.75,336.30667370554573,343.29512501025147,40.5910695992265,-6.988451304705734,-4.612478271076821,14.254448318033013,344.75,16.146940397811722,377.04388079562347,312.45611920437653,-8289.0
JFL,2016-03-29,318.0,322.0,316.0,320.0,0.00 %,2390.0,761580.0,0.0,0.0,328.0,341.85,333.7979546739233,341.56956019467725,40.591069598903374,-7.771605520753951,-5.244303721012247,13.664844866744941,341.85,15.030757938656544,371.9115158773131,311.78848412268695,-8289.0
JFL,2016-03-30,320.0,326.0,320.0,320.0,0.00 %,820.0,263120.0,0.0,0.0,325.8,339.35,331.6751924163966,339.9718149950715,40.591069598555386,-8.296622578674885,-5.854767492544775,13.117355947691731,339.35,14.239585298513676,367.82917059702737,310.8708294029727,-8289.0
JFL,2016-03-31,320.0,320.0,315.0,315.0,-1.56 %,2550.0,805400.0,-0.015625,-0.015748356968139168,321.2,336.3,329.10977819848944,338.1220509213625,38.79998032326318,-9.012272722873035,-6.486268538610426,12.537544808570894,336.3,12.388874465676098,361.07774893135223,311.5222510686478,-10839.0
JFL,2016-04-03,315.0,309.0,297.0,297.0,-5.71 %,90.0,27075.0,-0.05714285714285716,-0.058840500022933465,314.4,333.85,324.16981232179876,335.07597307533564,33.13207532628222,-10.90616075353688,-7.370246981595718,12.927720179387258,333.85,14.95000440063197,363.75000880126396,303.9499911987361,-10929.0
JFL,2016-04-04,297.0,326.0,293.0,326.0,9.76 %,323.0,97099.0,0.09764309764309775,0.09316524256400813,315.6,331.9,324.4513796569066,334.4036787734589,46.6531202478003,-9.952299116552297,-7.886657408587034,14.36145445228817,331.9,13.102430469592129,358.1048609391842,305.69513906081573,-10606.0
JFL,2016-04-05,332.0,349.0,326.0,327.0,0.31 %,6853.0,2257300.0,0.0030674846625766694,0.003062789530545731,317.0,331.8,324.84347509430563,333.8552581235731,47.050713684814646,-9.011783029267463,-8.11168253272312,14.978493419981872,331.8,13.133324427816659,358.06664885563333,305.5333511443667,-3753.0
JFL,2016-04-06,327.0,330.0,327.0,330.0,0.92 %,880.0,289800.0,0.00917431192660545,0.009132483563272472,319.0,331.05,325.6367866182586,333.5696834477529,48.29569498281415,-7.932896829494268,-8.075925392077352,14.122886747126023,331.05,12.762919151319918,356.57583830263985,305.52416169736017,-2873.0
JFL,2016-04-10,330.0,326.0,324.0,324.0,-1.82 %,513.0,166938.0,-0.018181818181818188,-0.01834913866819654,320.8,330.5,325.3849732923727,332.8608180071786,45.967760558653566,-7.4758447148058735,-7.955909256623056,13.542680550902736,330.5,12.820624830818621,356.14124966163723,304.85875033836277,-3386.0
JFL,2016-04-11,324.0,325.0,321.0,321.0,-0.93 %,437.0,141317.0,-0.0092592592592593,-0.009302392662313561,325.6,329.25,324.7103620166231,331.9822388955357,44.804861159564595,-7.271876878912622,-7.81910278108097,12.861060511552541,329.25,12.443028062670031,354.1360561253401,304.3639438746599,-3823.0
JFL,2016-04-14,321.0,338.0,327.0,332.0,3.43 %,300.0,100000.0,0.03426791277258556,0.033693845786472575,326.8,328.6,325.8318447832965,331.98355453290344,49.817823131140464,-6.151709749606937,-7.485624174786164,13.156699046441645,328.6,11.904886214888709,352.40977242977743,304.7902275702226,-3523.0
JFL,2016-04-17,330.0,333.0,329.0,332.0,0.00 %,1818.0,602686.0,0.0,0.0,327.8,327.65,326.7807917397124,331.98477271565133,49.8178231306975,-5.203980975938919,-7.029295535016715,12.502649114552957,327.65,10.72270095589018,349.09540191178036,306.2045980882196,-3523.0
JFL,2016-04-18,332.0,326.0,326.0,326.0,-1.81 %,85.0,27710.0,-0.01807228915662651,-0.0182375875497809,327.0,326.75,326.6606699336028,331.54145621819566,47.11109456326789,-4.880786284592887,-6.59959368493195,12.038174177799176,326.75,10.009863556563998,346.769727113128,306.730272886872,-3608.0
JFL,2016-04-19,326.0,330.0,310.0,330.0,1.23 %,1390.0,443440.0,0.012269938650306678,0.012195273093818206,328.2,326.35,327.1744130207408,331.4272742761071,49.09672802654435,-4.25286125536627,-6.1302471990188145,12.606876022242092,326.35,9.691423229356053,345.7328464587121,306.9671535412879,-2218.0
JFL,2016-04-20,330.0,332.0,324.0,324.0,-1.82 %,840.0,276440.0,-0.018181818181818188,-0.01834913866819654,328.8,325.35,326.6860417867807,330.87710581121024,46.28940708909168,-4.191064024429522,-5.742410564100956,12.2778134492248,325.35,8.76160884048478,342.87321768096956,307.8267823190305,-3058.0
JFL,2016-04-21,324.0,330.0,330.0,330.0,1.85 %,570.0,188100.0,0.0185185185185186,0.018349138668196617,328.4,325.2,327.1958815118914,330.81213501037985,49.404939795325,-3.6162534984884473,-5.317179150978454,11.8293982028516,325.2,8.64869932417453,342.4973986483491,307.9026013516509,-2488.0
JFL,2016-04-24,330.0,324.0,315.0,315.0,-4.55 %,2951.0,934565.0,-0.045454545454545414,-0.04652001563489282,325.0,324.45,325.3195920485235,329.6408657503517,42.731560450862176,-4.321273701828204,-5.117998061148404,12.055869759790772,324.45,8.858388828198763,342.1667776563975,306.73322234360245,-5439.0
JFL,2016-04-25,315.0,326.0,308.0,326.0,3.49 %,830.0,262100.0,0.03492063492063502,0.034324742541074676,325.0,324.2,325.42427019490447,329.3711719910664,48.25178703894663,-3.94690179616191,-4.8837788081511055,12.48045049123429,324.2,8.733480646941643,341.6669612938833,306.7330387061167,-4609.0
JFL,2016-04-26,326.0,320.0,314.0,314.0,-3.68 %,852.0,271128.0,-0.036809815950920255,-0.037504395458454284,321.8,323.0,323.66669016491915,328.2325666583948,43.3434104120094,-4.565876493475628,-4.82019834521601,12.44613259900327,323.0,8.379172173655848,339.7583443473117,306.2416556526883,-5461.0
JFL,2016-04-27,314.0,331.0,316.0,331.0,5.41 %,5474.0,1750664.0,0.05414012738853513,0.05272538946880963,323.2,323.0,324.79489167800847,328.4375617207359,50.95494251670997,-3.6426700427274454,-4.584692684718298,12.771408841931608,323.0,8.379172173655848,339.7583443473117,306.2416556526883,13.0
JFL,2016-04-28,331.0,325.0,325.0,325.0,-1.81 %,100.0,32500.0,-0.01812688821752262,-0.018293193047325376,322.2,323.25,324.8264468044687,328.18292751919995,48.479424329921876,-3.3564807147312763,-4.339050290720894,12.287736781793637,323.25,8.359520258205443,339.96904051641087,306.53095948358913,-87.0
JFL,2016-05-02,325.0,326.0,320.0,320.0,-1.54 %,2305.0,738500.0,-0.01538461538461533,-0.015504186535965199,323.2,323.25,324.0839165268581,327.57678473999994,46.454043187993456,-3.4928682131418327,-4.169813875205081,11.838612725951235,323.25,8.359520258205443,339.96904051641087,306.53095948358913,-2392.0
JFL,2016-05-04,320.0,326.0,314.0,326.0,1.88 %,495.0,157850.0,0.018750000000000044,0.018576385572935457,323.2,323.55,324.3786985996491,327.4599858703703,49.19691386890112,-3.081287270721191,-3.9521085543083037,11.85014038838329,323.55,8.344396165595182,340.2387923311904,306.86120766880964,-1897.0
JFL,2016-05-05,326.0,330.0,321.0,321.0,-1.53 %,1913.0,620690.0,-0.015337423312883458,-0.015456258236691802,324.6,323.85,323.85889881508774,326.981468398491,47.03469135608853,-3.1225695834032763,-3.7862007601272984,11.646558932070198,323.85,8.125819796697396,340.1016395933948,307.59836040660525,-3810.0
JFL,2016-05-08,321.0,320.0,320.0,320.0,-0.31 %,1000.0,320000.0,-0.0031152647975077885,-0.003120127336243634,322.4,325.0,323.26522207430503,326.46432259119536,46.59362522904836,-3.1991005168903257,-3.668780711479904,10.886090436922327,325.0,5.241534528218197,335.4830690564364,314.5169309435636,-4810.0
JFL,2016-05-09,321.0,326.0,320.0,325.0,1.87 %,2630.0,851080.0,0.015625,0.015504186535965254,322.4,324.95,323.5321109859504,326.3558542511068,49.16070640606695,-2.823743265156395,-3.4997732222152025,10.537083977142162,324.95,5.236260216281164,335.4225204325623,314.4774795674377,-2180.0
JFL,2016-05-10,320.0,325.0,320.0,325.0,-0.31 %,2204.0,710300.0,0.0,0.0,323.4,324.85,323.757940065035,326.25542060287665,49.160706405557995,-2.497480537841682,-3.299314685340499,10.141577978774865,324.85,5.214100315993213,335.27820063198646,314.4217993680136,-2180.0
JFL,2016-05-11,325.0,331.0,319.0,319.0,-1.85 %,5260.0,1678360.0,-0.018461538461538418,-0.018634079544892868,322.0,324.3,323.02594928579884,325.7179820397006,46.078275614257144,-2.692032753901742,-3.177858299052748,10.274322408862377,324.3,5.22242129768407,334.74484259536814,313.8551574046319,-7440.0
JFL,2016-05-12,325.0,325.0,325.0,325.0,1.88 %,510.0,165750.0,0.018808777429467183,0.01863407954489301,322.8,324.35,323.3296493956759,325.66479818490797,49.48899443163559,-2.3351487892320506,-3.0093163970886088,9.969013665372207,324.35,5.224184650558947,334.79836930111793,313.9016306988821,-6930.0
JFL,2016-05-15,320.0,323.0,319.0,320.0,0.00 %,2802.0,897813.0,-0.01538461538461533,-0.015504186535965199,322.8,324.3,322.817395642495,325.2451835045444,46.830623829829925,-2.4277878620493993,-2.893010690080767,9.685512689274193,324.3,5.262578915520708,334.82515783104145,313.77484216895857,-9732.0
JFL,2016-05-16,320.0,314.0,311.0,312.0,-2.50 %,899.0,280596.0,-0.025000000000000022,-0.025317807984289897,320.2,323.3,321.153180928265,324.2640588005041,42.86330405458098,-3.1108778722390866,-2.936584126512431,9.636547497183178,323.3,5.611079265729045,334.5221585314581,312.0778414685419,-10631.0
JFL,2016-05-17,306.0,324.0,306.0,324.0,3.85 %,830.0,258540.0,0.03846153846153855,0.03774032798284711,320.0,322.9,321.59115309314734,324.2444988893556,49.74119610145221,-2.6533457962082707,-2.879936460451599,10.233936961670093,322.9,5.2304774865036,333.36095497300715,312.4390450269928,-9801.0
JFL,2016-05-18,324.0,330.0,330.0,330.0,1.85 %,100.0,33000.0,0.0185185185185186,0.018349138668196617,322.2,323.1,322.88482184804775,324.67083230495894,52.80056415656194,-1.7860104569111854,-2.6611512597435167,9.931512892979372,323.1,5.427997595312252,333.95599519062455,312.2440048093755,-9701.0
JFL,2016-05-19,330.0,342.0,330.0,330.0,0.00 %,660.0,222060.0,0.0,0.0,323.2,323.1,323.9794646406558,325.06558546755457,52.80056415598506,-1.0861208268987639,-2.346145173174566,10.079261972052274,323.1,5.427997595312252,333.95599519062455,312.2440048093755,-9701.0
JFL,2016-05-23,330.0,330.0,330.0,330.0,0.00 %,300.0,99000.0,0.0,0.0,325.2,323.4,324.90570084978566,325.43109765514316,52.800564155363794,-0.5253968053575022,-1.9819954996111535,9.359314688334255,323.4,5.6419481517776235,334.68389630355523,312.1161036964447,-9701.0
JFL,2016-05-30,330.0,325.0,315.0,324.0,-1.82 %,3317.0,1057858.0,-0.018181818181818188,-0.01834913866819654,327.6,323.1,324.76636225751093,325.32509042142885,49.06987886271799,-0.5587281639179196,-1.6973420324725068,9.762220782024665,323.1,5.427997595312252,333.95599519062455,312.2440048093755,-13018.0
JFL,2016-05-31,324.0,326.0,322.0,326.0,0.62 %,2724.0,884152.0,0.006172839506172867,0.006153865574378286,328.0,323.65,324.9561526794323,325.37508372354523,50.32970388423832,-0.4189310441129237,-1.4416598348005902,9.350633583308618,323.65,5.1121629987994455,333.8743259975989,313.4256740024011,-10294.0
JFL,2016-06-01,326.0,326.0,317.0,325.0,-0.31 %,3684.0,1182726.0,-0.0030674846625766694,-0.0030721990369701403,327.0,323.6,324.9628984210581,325.34729974402336,49.668145536472004,-0.3844013229652319,-1.2302081324335186,9.325588327358002,323.6,5.092822606889183,333.78564521377837,313.4143547862217,-13978.0
JFL,2016-06-02,325.0,331.0,320.0,324.0,-0.31 %,6504.0,2118013.0,-0.003076923076923088,-0.003081666537408112,325.8,324.1,324.81476020243383,325.2474997629846,48.974876487671004,-0.4327395605507718,-1.0707144180569692,9.445189161118146,324.1,4.5641624584743266,333.2283249169487,314.97167508305137,-20482.0
JFL,2016-06-05,324.0,330.0,324.0,324.0,0.00 %,1799.0,588021.0,0.0,0.0,324.6,323.75,324.6894124789825,325.15509237313387,48.974876486934825,-0.46567989415137845,-0.9497075132758511,9.19910422103828,323.75,4.26583736457813,332.28167472915624,315.21832527084376,-20482.0
JFL,2016-06-06,324.0,330.0,319.0,329.0,1.54 %,6196.0,2023681.0,0.015432098765432167,0.015314234973042575,325.6,323.95,325.3525797899083,325.4399003454943,52.795600876634985,-0.08732055558601814,-0.7772301217378845,9.32773963382126,323.95,4.418561328136618,332.7871226562732,315.1128773437268,-14286.0
JFL,2016-06-07,335.0,345.0,332.0,340.0,3.34 %,4878.0,1652490.0,0.033434650455927084,0.03288786684483521,328.4,324.95,327.60602905299936,326.51842624582804,59.90814761025523,1.0876028071713222,-0.40426353595604325,9.804329659976883,324.95,5.586402665116389,336.1228053302328,313.7771946697672,-9408.0
JFL,2016-06-08,340.0,349.0,330.0,336.0,-1.18 %,2752.0,938125.0,-0.0117647058823529,-0.011834457647002796,330.6,325.45,328.8974091986918,327.2207650424334,56.57017933723314,1.6766441562583623,0.011918002486837831,10.46116325569282,325.45,6.108449712874282,337.66689942574857,313.2331005742514,-12160.0
JFL,2016-06-09,330.0,330.0,330.0,330.0,-1.79 %,100.0,33000.0,-0.017857142857142905,-0.018018505502678365,331.8,325.9,329.0670385527392,327.42663429854946,51.89895357905207,1.6404042541897184,0.33761525282741395,10.142508737429049,325.9,6.094864101932822,338.0897282038656,313.71027179613435,-12260.0
JFL,2016-06-12,330.0,335.0,323.0,335.0,1.52 %,2294.0,748339.0,0.015151515151515138,0.015037877364540502,334.0,326.65,329.9798018523178,327.9876243505088,55.21755105194441,1.9921775018090102,0.6685277026237333,10.275186684755546,326.65,6.251526129461881,339.15305225892376,314.1469477410762,-9966.0
JFL,2016-06-13,335.0,341.0,333.0,335.0,0.00 %,10804.0,3642770.0,0.0,0.0,335.2,327.15,330.7521400288843,328.50705958380445,55.21755105112388,2.24508044507985,0.9838382511149567,10.11267335013015,327.15,6.50728336881691,340.1645667376338,314.1354332623662,-9966.0
JFL,2016-06-14,341.0,345.0,334.0,334.0,-0.30 %,4803.0,1634630.0,-0.0029850746268657025,-0.0029895388483660483,334.0,327.6,331.2518107936713,328.91394405907823,54.34782676179894,2.337866734593092,1.254643947810584,10.176053825120855,327.6,6.66017227531073,340.9203445506215,314.27965544937854,-14769.0
JFL,2016-06-15,330.0,344.0,330.0,344.0,2.99 %,4199.0,1421380.0,0.029940119760478945,0.02950066439669784,335.6,328.85,333.213070671568,330.03142968433167,60.96852904458911,3.181640987236335,1.6400433556957341,10.449192837612223,328.85,7.278483069256154,343.4069661385123,314.29303386148774,-10570.0
JFL,2016-06-16,344.0,345.0,340.0,340.0,-1.16 %,2555.0,874608.0,-0.011627906976744207,-0.011696039763191298,337.6,329.6,334.25721364517295,330.76984230030706,57.38364270212804,3.487371344865892,2.0095089535297657,10.05996477778278,329.6,7.625442178721634,344.8508843574433,314.34911564255674,-13125.0
JFL,2016-06-19,340.0,357.0,335.0,353.0,3.82 %,2828.0,979394.0,0.038235294117647145,0.037522439323089775,341.2,331.25,337.14071923822326,332.4165206484325,64.65708620160433,4.724198589790774,2.5524468807819676,10.912824436512581,331.25,8.90224690738092,349.0544938147618,313.4455061852382,-10297.0
JFL,2016-06-21,353.0,346.0,334.0,334.0,-5.38 %,1351.0,460771.0,-0.053824362606232246,-0.0553270639565963,341.0,332.35,336.65753166311197,332.53381541521526,50.9659671556173,4.123716247896709,2.866700754204916,11.49047983390454,332.35,7.6727473978719845,347.69549479574397,317.0045052042561,-11648.0
JFL,2016-06-22,329.0,337.0,329.0,337.0,0.90 %,763.0,252625.0,0.008982035928143617,0.008941937375661213,341.6,333.0,336.7102190995563,332.86464390297704,52.67012762898642,3.8455751965792615,3.062475642679785,11.241159845768502,333.0,7.476278274788674,347.95255654957737,318.04744345042263,-10885.0
JFL,2016-06-23,337.0,348.0,340.0,342.0,1.48 %,617.0,211621.0,0.014836795252225476,0.014727806710243386,341.2,333.6,337.5240315457784,333.54133694720093,55.4492117930289,3.9826945985774955,3.2465194338593273,11.223934142499324,333.6,7.70099105036917,349.00198210073836,318.1980178992617,-10268.0
JFL,2016-06-26,342.0,340.0,335.0,340.0,-0.58 %,2238.0,754344.0,-0.005847953216374324,-0.005865119452398134,341.2,334.1,337.9049497695048,334.01975643259345,54.08129978485007,3.8851933369113567,3.374254214469733,10.92222456089223,334.1,7.779189512645587,349.6583790252912,318.54162097470885,-12506.0
JFL,2016-06-27,340.0,336.0,334.0,335.0,-1.47 %,2000.0,669050.0,-0.014705882352941124,-0.014815085785140587,337.6,334.35,337.4580344203502,334.0923670672162,50.713028785943415,3.365667353134029,3.3725368422025928,10.570637092257071,334.35,7.720614919604057,349.79122983920814,318.9087701607919,-14506.0
JFL,2016-06-28,335.0,349.0,339.0,344.0,2.69 %,2660.0,914090.0,0.02686567164179099,0.026511125548331863,339.6,335.35,338.4644906633732,334.8262658029779,56.02246029520863,3.6382248603953258,3.42567444584114,10.815591585667281,335.35,7.60384251892432,350.55768503784867,320.1423149621514,-11846.0
JFL,2016-06-29,344.0,350.0,339.0,340.0,-1.16 %,6299.0,2162650.0,-0.011627906976744207,-0.011696039763191298,340.2,336.05,338.70072286900813,335.2095053731277,53.27554084265803,3.4912174958804485,3.438783055849002,10.828763615262476,336.05,7.337538666622459,350.72507733324494,321.3749226667551,-18145.0
JFL,2016-06-30,340.0,352.0,340.0,341.0,0.29 %,2353.0,810538.0,0.002941176470588225,0.0029368596733097057,340.0,336.85,339.0544578122376,335.63843090104416,53.884316237679094,3.4160269111934554,3.4342318269178924,10.912423357029443,336.85,6.930292011769023,350.71058402353805,322.989415976462,-15792.0
JFL,2016-07-03,341.0,341.0,333.0,337.0,-1.17 %,5800.0,1960700.0,-0.011730205278592365,-0.011799546931155055,339.4,337.5,338.7383873795857,335.7392878713372,51.02076817699173,2.9990995082484915,3.3472053631840124,10.704393117241626,337.5,6.236564506366719,349.97312901273347,325.02687098726653,-21592.0
JFL,2016-07-04,337.0,344.0,338.0,340.0,0.89 %,1989.0,679582.0,0.008902077151335286,0.008862687257845324,340.4,338.3,338.93248162888017,336.05489617716404,53.03657009556663,2.8775854517161292,3.253281380890436,10.439793608867225,338.3,5.381254011548725,349.06250802309745,327.5374919769026,-19603.0
JFL,2016-07-05,342.0,347.0,340.0,345.0,1.47 %,2710.0,932542.0,0.014705882352941124,0.014598799421152631,340.6,339.1,339.8659459936678,336.7174964603371,56.26712652487672,3.1484495333307336,3.2323150113784953,10.19409406537671,339.1,5.10830077834809,349.3166015566962,328.88339844330386,-16893.0
JFL,2016-07-06,351.0,366.0,350.0,362.0,4.93 %,3406.0,1222400.0,0.049275362318840665,0.04809979479441138,345.0,340.2,343.27118507156507,338.59027450031215,65.06603831726082,4.680910571252923,3.522034123353381,10.965944489278375,340.2,7.23733012708323,354.67466025416644,325.72533974583354,-13487.0
JFL,2016-07-10,362.0,398.0,355.0,395.0,9.12 %,17738.0,6926183.0,0.09116022099447507,0.08724155307535075,355.8,343.15,351.2294642913243,342.7687726854742,75.40903229211689,8.460691605850116,4.509765619852728,13.254091311472777,343.15,14.154318664000341,371.45863732800063,314.8413626719993,4251.0
JFL,2016-07-11,395.0,411.0,385.0,385.0,-2.53 %,4777.0,1904052.0,-0.025316455696202556,-0.02564243061333767,365.4,345.9,356.4249313234282,345.89701174580944,68.76493180336927,10.527919577618775,5.713396411405938,14.164513360653293,345.9,16.597082812792667,379.09416562558533,312.7058343744146,-526.0
JFL,2016-07-12,385.0,378.0,371.0,375.0,-2.60 %,1515.0,566720.0,-0.025974025974025983,-0.026317308317373417,372.4,347.9,359.2826341967469,348.0527886535273,62.805621176999445,11.229845543219653,6.816686237768682,14.152762406320916,347.9,17.594556574480386,383.08911314896073,312.7108868510392,-2041.0
JFL,2016-07-13,375.0,373.0,366.0,366.0,-2.40 %,1850.0,683450.0,-0.02400000000000002,-0.024292692569044587,376.6,349.45,360.3160750895551,349.38221171622894,57.93900358490707,10.933863373326176,7.640121664880181,13.784707948726565,349.45,17.762986353946356,384.9759727078927,313.92402729210727,-3891.0
JFL,2016-07-14,373.0,385.0,373.0,384.0,4.92 %,2477.0,940852.0,0.049180327868852514,0.04800921918636066,381.0,351.95,363.9597558450082,351.94649232984165,63.95477263006013,12.013263515166557,8.514750034937457,14.15722880953181,351.95,18.952780659755394,389.8555613195108,314.0444386804892,-1414.0
JFL,2016-07-17,384.0,382.0,374.0,374.0,-2.60 %,1831.0,692763.0,-0.02604166666666663,-0.026386755173194887,376.8,353.45,365.50440879193,353.5800854905941,58.91351693542302,11.924323301335903,9.196664688217147,13.860283894565253,353.45,19.47055807055623,392.39111614111243,314.50888385888754,-3245.0
JFL,2016-07-18,374.0,382.0,378.0,379.0,1.34 %,3541.0,1342348.0,0.013368983957219305,0.013280407667894466,375.6,355.4,367.5806535931716,355.4630421209205,60.58640359887074,12.117611472251099,9.780854045023938,13.441692187810592,355.4,19.998420990298616,395.39684198059723,315.4031580194027,296.0
JFL,2016-07-19,380.0,400.0,380.0,400.0,5.54 %,2714.0,1053800.0,0.0554089709762533,0.053928342025555645,380.6,357.75,372.5682453480683,358.7620760378893,66.71606148380158,13.806169310178973,10.585917098054946,13.981571317252692,357.75,22.327408221616047,402.4048164432321,313.0951835567679,3010.0
JFL,2016-07-20,392.0,392.0,385.0,385.0,-3.75 %,1317.0,514650.0,-0.03749999999999998,-0.03822121282019774,384.4,360.3,374.480822986827,360.70562596100865,59.58749877189245,13.77519702581833,11.223773083607623,14.054316223163214,360.3,22.3844400844579,405.0688801689158,315.5311198310842,1693.0
JFL,2016-07-21,385.0,387.0,373.0,387.0,0.52 %,3851.0,1463979.0,0.0051948051948051965,0.0051813587419975845,385.0,362.8,376.4068502196228,362.6533573713043,60.19815694874962,13.753492848318501,11.7297170365498,14.050436492937271,362.8,22.4372810061138,407.6745620122276,317.9254379877724,5544.0
JFL,2016-07-25,387.0,418.0,390.0,410.0,5.94 %,11769.0,4760962.0,0.05943152454780365,0.05773246666857171,392.2,366.2,381.5750271089116,366.16051608454103,66.47247421214269,15.414511024370597,12.46667583411396,15.261119600584609,366.2,24.202218254139353,414.6044365082787,317.7955634917213,17313.0
JFL,2016-07-26,410.0,447.0,418.0,440.0,7.32 %,9389.0,4099079.0,0.07317073170731714,0.07061756721395342,404.4,371.2,390.56348447677135,371.63010748568615,72.55065232625185,18.933376991085197,13.760016065508207,16.81389677197142,371.2,28.45975921782862,428.11951843565726,314.2804815643427,26702.0
JFL,2016-07-27,440.0,456.0,435.0,442.0,0.45 %,7046.0,3157588.0,0.00454545454545463,0.004535155165391363,412.8,376.55,398.4767945572681,376.8426921163761,72.90333264196114,21.63410244089198,15.33483334058496,17.112904145402034,376.55,31.21989075809367,438.98978151618735,314.1102184838127,33748.0
JFL,2016-07-28,442.0,455.0,435.0,450.0,1.81 %,4192.0,1870478.0,0.018099547511312153,0.01793770068666725,425.8,381.85,406.4034415484576,382.26175195960747,74.32439939656115,24.141689588850113,17.096204590237992,17.31912527787332,381.85,34.25335173764879,450.3567034752976,313.34329652470245,37940.0
JFL,2016-07-31,450.0,495.0,450.0,472.0,4.89 %,15137.0,7206212.0,0.04888888888888898,0.047731402821190025,442.8,388.45,416.49521977177176,388.9090295922291,77.77612154967915,27.586190179542655,19.194201708098927,19.296330615168085,388.45,38.24914859733451,464.948297194669,311.95170280533097,53077.0
JFL,2016-08-01,472.0,465.0,450.0,450.0,-4.66 %,4352.0,1988482.0,-0.04661016949152541,-0.04773140282118992,450.8,393.9,421.64980134534534,393.43428665947135,67.93996918509802,28.215514685873984,20.99846430365394,19.489449856941796,393.9,38.89242924569637,471.68485849139273,316.1151415086072,48725.0
JFL,2016-08-02,450.0,445.0,437.0,437.0,-2.89 %,3261.0,1439775.0,-0.028888888888888853,-0.029314387668775255,450.2,398.9,424.0113703691384,396.66137653654755,62.87947180025625,27.349993832590826,22.268770209441318,19.025917724303095,398.9,37.59885216612924,474.09770433225844,323.7022956677415,45464.0
JFL,2016-08-03,437.0,440.0,432.0,440.0,0.69 %,1875.0,816500.0,0.006864988558352492,0.006841531816716784,449.8,403.9,426.4711595431171,399.8716449412477,63.55412231799548,26.599514601869373,23.134919087926928,18.23835217256716,403.9,35.96767554639077,475.83535109278154,331.9646489072184,47339.0
JFL,2016-08-04,440.0,433.0,417.0,420.0,-4.55 %,5347.0,2265862.0,-0.045454545454545414,-0.04652001563489282,443.8,407.65,425.47559653648364,401.362634204859,56.21849363696601,24.112962331624658,23.330527736666475,18.57846987452665,407.65,33.31551716858727,474.2810343371745,341.01896566282545,41992.0
JFL,2016-08-07,420.0,436.0,402.0,402.0,-4.29 %,4864.0,2063757.0,-0.042857142857142816,-0.04380262265839289,429.8,409.65,421.86396630010154,401.40984648598055,50.562026373484706,20.454119814120986,22.755246152157376,19.68000774063189,409.65,31.586597757508514,472.823195515017,346.47680448498295,37128.0
JFL,2016-08-08,402.0,410.0,394.0,394.0,-1.99 %,1200.0,478900.0,-0.01990049751243783,-0.020101179321087265,418.6,409.6,417.5772022539321,400.8609689685005,48.23893674714591,16.7162332854316,21.54744357881222,19.417150044872468,409.6,31.61178993916352,472.82357987832705,346.376420121673,35928.0
JFL,2016-08-09,401.0,409.0,401.0,409.0,3.81 %,400.0,162000.0,0.038071065989847774,0.037364246744867984,413.0,410.8,416.25763267640406,401.463860156019,52.63334282041449,14.793772520385062,20.19670936712679,19.10163932738158,410.8,31.079863171139383,472.95972634227877,348.64027365772125,36328.0
JFL,2016-08-10,410.0,421.0,405.0,410.0,0.24 %,6662.0,2762510.0,0.0024449877750611915,0.002442003655551809,407.0,412.55,415.2949199569573,402.09616681112874,52.920304605681736,13.198753145828562,18.797118122867147,18.880093661140037,412.55,29.921784002539678,472.3935680050794,352.70643199492065,42990.0
JFL,2016-08-11,418.0,418.0,400.0,405.0,-2.44 %,896.0,365242.0,-0.012195121951219523,-0.01227009259181436,404.0,414.5,413.7110861174254,402.31126556585997,51.248493816445446,11.399820551565426,17.317658608606802,18.817229828201462,414.5,27.933190972293833,470.36638194458766,358.63361805541234,42094.0
JFL,2016-08-14,394.0,394.0,388.0,390.0,-2.50 %,804.0,314042.0,-0.03703703703703709,-0.037740327982847086,401.6,414.8,410.0632267147446,401.3993199683889,46.50230306579604,8.663906746355678,15.586908236156578,18.687427697615647,414.8,27.618834153524666,470.03766830704933,359.5623316929507,41290.0
JFL,2016-08-15,383.0,383.0,377.0,382.0,-2.05 %,669.0,253712.0,-0.02051282051282055,-0.02072613051711697,399.2,415.2,405.7458072201685,399.9623333040638,44.15367446504541,5.783473916104697,13.626221372146201,18.28118286207167,415.2,27.04888362323033,469.29776724646064,361.10223275353934,40621.0
JFL,2016-08-16,389.0,403.0,389.0,399.0,4.45 %,2405.0,950027.0,0.04450261780104703,0.043540808283288185,397.2,416.2,404.7079907247579,399.8910493556146,49.939659427573616,4.816941369143308,11.864365371545622,18.47538408620941,416.2,25.989066527046866,468.17813305409373,364.22186694590624,43026.0
JFL,2016-08-17,392.0,406.0,392.0,400.0,0.25 %,725.0,290155.0,0.0025062656641603454,0.0025031302181184748,395.2,416.2,403.98368445941054,399.8991197737172,50.26607524200634,4.084564685693351,10.308405234375169,18.15571379433731,416.2,25.989066527046866,468.17813305409373,364.22186694590624,43751.0
JFL,2016-08-21,392.0,392.0,392.0,392.0,-2.00 %,200.0,78400.0,-0.020000000000000018,-0.020202707317519466,392.6,416.55,402.1400406964243,399.3139997904789,47.59251066500743,2.8260409059454332,8.811932368689222,17.430305666170362,416.55,25.590859799214584,467.7317195984292,365.3682804015708,43551.0
JFL,2016-08-22,385.0,385.0,382.0,382.0,-2.55 %,210.0,80520.0,-0.025510204081632626,-0.025841231183887328,391.0,416.3,399.0415728969744,398.03148128748046,44.412588541869965,1.0100916094939407,7.251564216850166,16.899569547158194,416.3,25.91707423383289,468.1341484676658,364.4658515323342,43341.0
JFL,2016-08-24,376.0,376.0,376.0,376.0,-1.57 %,150.0,56400.0,-0.015706806282722474,-0.015831465216680628,389.8,414.6,395.4967155282091,396.39951971063005,42.57451245342974,-0.9028041824209367,5.620690536995946,16.121028865218324,414.6,27.42338610133801,469.446772202676,359.75322779732403,43191.0
JFL,2016-08-28,376.0,383.0,376.0,376.0,0.00 %,545.0,205060.0,0.0,0.0,385.2,411.4,392.49722083156155,394.8884441765093,42.57451245311349,-2.3912233449477753,4.018307760607201,15.469526803417017,411.4,28.03081011653743,467.4616202330748,355.33837976692513,43191.0
JFL,2016-08-29,370.0,390.0,369.0,390.0,3.72 %,270.0,101620.0,0.037234042553191404,0.036557595733797514,383.2,408.8,392.1130330113213,394.52633720047163,48.358201190508716,-2.413304189150324,2.7319853706556962,15.864560603172944,408.8,27.448708147147368,463.6974162942947,353.9025837057053,43461.0
JFL,2016-08-30,390.0,405.0,390.0,404.0,3.85 %,2856.0,1141790.0,0.03589743589743599,0.03526813883745805,385.6,406.5,393.9417971634257,395.2280900004367,53.41138089005315,-1.2862928370109898,1.9283297291223591,15.802806274374877,406.5,25.685342943110005,457.87068588622003,355.12931411377997,46317.0
JFL,2016-09-01,413.0,413.0,405.0,405.0,0.00 %,210.0,85130.0,0.0024752475247524774,0.002472189145389073,390.2,403.15,395.64305913828326,395.95193518558955,53.759432131754274,-0.3088760473062848,1.4808885738366304,15.316891540490957,403.15,20.548466455775262,444.2469329115505,362.05306708844944,46527.0
JFL,2016-09-04,397.0,405.0,397.0,398.0,-1.73 %,1111.0,444022.0,-0.01728395061728394,-0.017435061822101423,394.6,400.55,396.0056654247012,396.1036436903607,50.89323453965506,-0.09797826565949208,1.165115205937406,14.794256430455889,400.55,17.349275731884767,435.24855146376956,365.85144853623046,45416.0
JFL,2016-09-05,400.0,414.0,400.0,402.0,1.00 %,5079.0,2057280.0,0.01005025125628145,0.010000083334583399,399.8,398.8,396.92787074397796,396.540410824408,52.453215300738826,0.38745991956994885,1.0095841486639145,14.88038097113761,398.8,15.098274561576783,428.99654912315356,368.60345087684647,50495.0
JFL,2016-09-08,394.0,410.0,394.0,394.0,-1.99 %,1376.0,544010.0,-0.01990049751243783,-0.020101179321087265,400.6,396.5,396.4774290910583,396.35223224482223,49.09412183306098,0.12519684623606508,0.8327066881783447,14.960353758913495,396.5,11.58719801740927,419.6743960348185,373.3256039651815,49119.0
JFL,2016-09-11,396.0,398.0,389.0,398.0,0.51 %,1800.0,711700.0,0.010152284263959421,0.01010109598650392,399.4,395.4,396.711670769357,396.47428911557614,50.790994481087495,0.23738165378085796,0.7136416812988474,14.534614204705388,395.4,10.2001031986483,415.80020639729656,374.9997936027034,50919.0
JFL,2016-09-12,395.0,395.0,392.0,392.0,-1.01 %,1832.0,721295.0,-0.015075376884422065,-0.01519016549397512,396.8,394.9,395.9867983433021,396.1428602922001,48.195819604076576,-0.15606194889801372,0.5397009552594753,13.92499890436929,394.9,10.104194022386105,415.1083880447722,374.69161195522776,49087.0
JFL,2016-09-14,391.0,391.0,380.0,380.0,-3.06 %,861.0,333780.0,-0.030612244897959218,-0.03109058707003112,393.2,394.2,393.527290905871,394.94709286314827,43.41765651092677,-1.4198019572772864,0.14780037275212293,13.787498982628627,394.2,10.640538173959879,415.4810763479197,372.91892365208025,48226.0
JFL,2016-09-18,387.0,401.0,387.0,401.0,5.53 %,1430.0,562510.0,0.0552631578947369,0.05379017458613779,393.0,393.8,394.6769384588139,395.3954563547669,52.325290896581514,-0.7185178959530276,-0.025463280988907183,14.302677626726583,393.8,10.195974437824026,414.19194887564805,373.40805112435197,49656.0
JFL,2016-09-21,393.0,393.0,393.0,393.0,-1.99 %,10.0,3930.0,-0.01995012468827928,-0.02015181543730793,392.8,392.95,394.41894792668865,395.2180151433027,49.1508457759888,-0.7990672166140484,-0.18018406811393545,13.852486367674684,392.95,9.456131399919908,411.8622627998398,374.03773720016017,49646.0
JFL,2016-09-22,400.0,402.0,386.0,386.0,-1.78 %,2365.0,934870.0,-0.01781170483460559,-0.017972242404430367,390.4,392.0,393.12372516873654,394.5351992067618,46.492961203530605,-1.4114740380252329,-0.42644206209619495,14.005880198555063,392.0,9.130630923027836,410.2612618460557,373.7387381539443,47281.0
JFL,2016-09-25,400.0,402.0,386.0,386.0,-1.78 %,2365.0,934870.0,0.0,0.0,389.2,391.8,392.02776745046936,393.90296222848315,46.492961203143814,-1.8751947780137925,-0.7161926052797145,14.148317327229702,391.8,9.220115309241539,410.2402306184831,373.3597693815169,47281.0
JFL,2016-09-26,390.0,393.0,390.0,393.0,1.55 %,1700.0,663600.0,0.0181347150259068,0.017972242404430436,391.8,392.35,392.1773416888587,393.8360761374844,49.650643359793314,-1.6587344486256939,-0.9047009739489104,13.63772323242758,392.35,8.928222549570386,410.2064450991408,374.49355490085924,48981.0
JFL,2016-09-27,395.0,400.0,395.0,400.0,1.78 %,173.0,69010.0,0.01781170483460559,0.017654935238720745,391.6,392.4,393.38082758288044,394.2926630902633,52.65932753841303,-0.9118355073828752,-0.9061278806357034,13.163600144397039,392.4,8.970125857236178,410.34025171447234,374.4597482855276,49154.0
JFL,2016-09-29,392.0,392.0,392.0,392.0,-2.00 %,11.0,4312.0,-0.020000000000000018,-0.020202707317519466,391.4,392.0,393.16839257012964,394.1228361946882,49.05176439912887,-0.9544436245585644,-0.9157910294202756,12.794771562654393,392.0,8.789946410226708,409.57989282045344,374.42010717954656,49143.0
JFL,2016-10-02,399.0,399.0,390.0,390.0,-0.51 %,922.0,364322.0,-0.005102040816326481,-0.005115100666770377,392.2,391.9,392.68094755934044,393.8174409210076,48.16342145917254,-1.136493361667135,-0.9599314958696475,12.523716451036222,391.9,8.801315691114452,409.50263138222886,374.2973686177711,48221.0
JFL,2016-10-03,388.0,388.0,388.0,388.0,-0.51 %,100.0,38800.0,-0.00512820512820511,-0.005141399500418652,392.6,392.2,391.9608017809804,393.38651937130334,47.242040251492696,-1.4257175903229609,-1.0530887147603103,11.772022418819349,392.2,8.544619729145928,409.28923945829183,375.11076054170815,48121.0
JFL,2016-10-04,381.0,388.0,381.0,388.0,0.00 %,210.0,80080.0,0.0,0.0,391.6,392.8,391.35144766082954,392.987517936392,47.24204025100606,-1.6360702755624743,-1.1696850269207433,11.431163674617967,392.8,7.729642192299234,408.25928438459846,377.34071561540156,48121.0
JFL,2016-10-05,395.0,395.0,385.0,395.0,1.80 %,170.0,66470.0,0.018041237113401998,0.017880425277848364,390.6,393.75,391.9127634053173,393.13659068184444,51.043657540679845,-1.2238272765271176,-1.1805134768420182,11.32893769785954,393.75,6.648110139052426,407.04622027810484,380.45377972189516,48291.0
JFL,2016-10-06,390.0,390.0,388.0,388.0,-1.77 %,700.0,272600.0,-0.017721518987341756,-0.01788042527784841,389.8,393.65,391.31079980449925,392.7561024831893,47.36788146553162,-1.445302678690041,-1.233471317211623,11.019727862298145,393.65,6.7221158949531885,407.09423178990636,380.2057682100936,47591.0
JFL,2016-10-16,390.0,390.0,390.0,390.0,0.51 %,268.0,104520.0,0.005154639175257714,0.005141399500418652,389.8,392.95,391.10913829611474,392.55194674369375,48.5088058520593,-1.4428084475790115,-1.2753387432851007,10.375461586419707,392.95,6.303507795365655,405.5570155907313,380.3429844092687,47859.0
JFL,2016-10-17,390.0,390.0,390.0,390.0,0.00 %,150.0,58500.0,0.0,0.0,390.2,392.2,390.938501635174,392.3629136515683,48.508805851493086,-1.4244120163942853,-1.3051533979069376,9.634357187389728,392.2,5.653131409826114,403.5062628196522,380.8937371803478,47859.0
JFL,2016-10-19,383.0,383.0,377.0,379.0,-2.82 %,827.0,313433.0,-0.028205128205128216,-0.028610534041265775,388.4,391.25,389.1018090759165,391.37306819589656,42.61613566443241,-2.2712591199800727,-1.4983745423215646,9.87476024543332,391.25,6.197410325027985,403.644820650056,378.855179349944,47032.0
JFL,2016-10-20,381.0,381.0,375.0,375.0,-1.06 %,863.0,326425.0,-0.01055408970976257,-0.010610179112015571,384.4,389.9,386.9322999873139,390.16024832953383,40.68089900617364,-3.2279483422199178,-1.8442893023012354,9.597991656473798,389.9,6.656219885026143,403.21243977005224,376.5875602299477,46169.0
JFL,2016-10-23,371.0,378.0,371.0,378.0,0.80 %,161.0,59801.0,0.008000000000000007,0.007968169649176881,382.4,389.1,385.55809998926566,389.2594891940128,42.77962929071016,-3.7013892047471586,-2.21570928279042,9.412420823868528,389.1,7.085195833561943,403.27039166712393,374.9296083328761,46330.0
JFL,2016-10-24,385.0,385.0,385.0,385.0,1.85 %,10.0,3850.0,0.0185185185185186,0.018349138668196617,381.4,388.45,385.47223845245554,388.9439714759378,47.451431298687645,-3.4717330234822725,-2.4669140309287907,9.240105050735062,388.45,6.8169679940207395,402.08393598804145,374.81606401195853,46340.0
JFL,2016-10-25,392.0,395.0,382.0,388.0,-0.78 %,1793.0,700325.0,0.007792207792207684,0.007762005335489109,381.0,388.25,385.8611248443854,388.8740476629054,49.35969323549939,-3.0129228185199963,-2.576115788447032,9.508668975682559,388.25,6.765819668702241,401.7816393374045,374.7183606625955,48133.0
JFL,2016-10-27,385.0,385.0,384.0,384.0,0.52 %,280.0,107720.0,-0.010309278350515427,-0.010362787035546547,382.0,388.45,385.5747979452492,388.51300709528283,46.91345936419712,-2.9382091500336287,-2.6485344607643513,9.115192620276662,388.45,6.565259444901745,401.5805188898035,375.3194811101965,47853.0
JFL,2016-11-07,384.0,384.0,377.0,377.0,-1.82 %,320.0,120780.0,-0.01822916666666663,-0.018397365139716057,382.4,387.25,384.2555982613647,387.6601917548915,42.906023997392914,-3.404593493526818,-2.7997462673168445,8.964107433114044,387.25,6.340139463842904,399.93027892768583,374.56972107231417,47533.0
JFL,2016-11-08,380.0,380.0,370.0,370.0,-1.86 %,200.0,74450.0,-0.018567639257294433,-0.01874218180974064,380.8,386.1,382.0624292980778,386.3520294026773,39.291490490297015,-4.289600104599515,-3.0977170347733787,9.038099759320184,386.1,7.2612888518086445,400.6225777036173,371.57742229638274,47333.0
JFL,2016-11-09,363.0,365.0,363.0,364.0,-1.89 %,950.0,345250.0,-0.01621621621621616,-0.01634913800152941,376.6,385.0,379.2835940214504,384.69632352099757,36.45652881208466,-5.41272949954714,-3.560719527728131,8.892521205083028,385.0,8.783956667514373,402.5679133350287,367.4320866649713,46383.0
JFL,2016-11-10,356.0,360.0,356.0,357.0,-1.65 %,410.0,146960.0,-0.019230769230769273,-0.019418085857101627,370.4,383.55,375.8553487873811,382.6447440009237,33.42634449162456,-6.789395213542605,-4.206454664891026,8.82876969043424,383.55,10.777535115128348,405.10507023025673,361.9949297697433,45973.0
JFL,2016-11-14,355.0,355.0,351.0,353.0,-1.12 %,400.0,141050.0,-0.011204481792717047,-0.011267724846342269,364.2,381.55,372.3391412816302,380.4488370378923,31.79980424887073,-8.109695756262113,-4.987102883165243,8.62671471254608,381.55,12.504630721201506,406.559261442403,356.540738557597,45573.0
JFL,2016-11-15,350.0,351.0,347.0,348.0,-1.70 %,3125.0,1092950.0,-0.014164305949008527,-0.014265577158822458,358.4,378.95,368.59465800753327,378.0452194795299,29.844835523151644,-9.45056147199665,-5.879794600931525,8.439092233078505,378.95,13.804938094370764,406.5598761887415,351.3401238112585,42448.0
JFL,2016-11-16,350.0,352.0,350.0,352.0,1.44 %,1300.0,456100.0,0.011494252873563315,0.01142869582362285,354.8,376.95,366.04163369868195,376.1159439625277,33.37370581769461,-10.074310263845746,-6.71869773351437,8.12201421643004,376.95,14.684309563897067,406.31861912779414,347.58138087220584,43748.0
JFL,2016-11-17,345.0,345.0,345.0,345.0,-1.99 %,110.0,37950.0,-0.019886363636363646,-0.020086758566737344,351.0,374.7,362.80445928350014,373.81105922456265,30.483896060428407,-11.006599941062518,-7.576278175024,8.041870343827895,374.7,15.97069685062857,406.64139370125713,342.75860629874285,43638.0
JFL,2016-11-20,345.0,345.0,325.0,325.0,-5.80 %,805.0,269197.0,-0.05797101449275366,-0.05971923470162231,344.6,371.55,356.9883886245001,370.1954252079284,24.07075058512298,-13.207036583428305,-8.702429856704862,8.896022462125902,371.55,19.113167134064437,409.7763342681289,333.32366573187113,42833.0
JFL,2016-11-21,319.0,330.0,313.0,315.0,-3.69 %,1288.0,413330.0,-0.03076923076923077,-0.031252543504104426,337.0,367.9,350.52863652842314,366.1068751925263,21.621459946540867,-15.57823866410314,-10.077591618184519,9.47487800054548,367.9,22.480166697264288,412.86033339452854,322.9396666054714,41545.0
JFL,2016-11-22,313.0,319.0,313.0,319.0,1.92 %,1007.0,315491.0,0.012698412698412653,0.012618463959211464,331.2,364.1,345.6780770625119,362.6174770301169,24.912716646889734,-16.939399967605027,-11.44995328806862,9.226672429077947,364.1,24.028272820508647,412.1565456410173,316.04345435898273,42552.0
JFL,2016-11-24,313.0,313.0,313.0,313.0,-1.88 %,10.0,3130.0,-0.018808777429467072,-0.018987912244691343,323.4,360.35,340.65068059135615,358.9421083612193,23.33016347391741,-18.291427769863162,-12.81824818442753,8.996195827000951,360.35,25.88288400102436,412.11576800204875,308.5842319979513,42542.0
JFL,2016-11-27,319.0,319.0,304.0,304.0,-2.88 %,1800.0,557700.0,-0.028753993610223683,-0.02917548913393156,315.2,356.05,335.01211434653214,354.87232255668454,21.158928454479224,-19.860208210152393,-14.226640189572503,9.425038982215169,356.05,27.772525234387636,411.5950504687753,300.5049495312247,40742.0
JFL,2016-11-28,298.0,315.0,298.0,315.0,3.62 %,962.0,291976.0,0.03618421052631571,0.03554493741941129,313.2,352.3,331.93332752398874,351.9188171821153,29.762750308387737,-19.98548965812654,-15.378410083283311,9.966107626342657,352.3,28.009584825649032,408.31916965129807,296.28083034870195,41704.0
JFL,2016-11-29,321.0,321.0,320.0,320.0,1.59 %,475.0,152200.0,0.015873015873015817,0.015748356968139112,314.2,349.35,330.0974309818366,349.55446035381044,33.32452942562921,-19.457029371973817,-16.194133941021413,9.682814224461039,349.35,28.15609684373267,405.66219368746533,293.0378063125347,42179.0
JFL,2016-11-30,325.0,337.0,324.0,335.0,4.69 %,3856.0,1279810.0,0.046875,0.0458095360312942,317.4,347.35,330.8516723692464,348.4763521794541,42.71052353906589,-17.624679810207738,-16.48024311485868,10.20547035128525,347.35,27.654399098039633,402.65879819607926,292.0412018039208,46035.0
JFL,2016-12-01,329.0,335.0,329.0,330.0,-1.49 %,709.0,235106.0,-0.014925373134328401,-0.015037877364540559,320.8,344.95,330.7206458509008,347.1077334994946,40.65603988379622,-16.38708764859382,-16.46161202160571,9.905079611907732,344.95,26.927729788805465,398.8054595776109,291.09454042238906,45326.0
JFL,2016-12-04,324.0,324.0,324.0,324.0,-1.82 %,812.0,263088.0,-0.018181818181818188,-0.01834913866819654,324.8,341.9,329.6867003353776,345.3960495365691,38.27663950249156,-15.709349201191458,-16.311159457522862,9.626145353914323,341.9,25.57321789850053,393.04643579700104,290.7535642029989,44514.0
JFL,2016-12-05,325.0,325.0,308.0,308.0,-4.94 %,2504.0,792210.0,-0.04938271604938271,-0.050643732818754915,323.4,337.9,326.3502848991657,342.62597179311956,32.76907001763465,-16.27568689395389,-16.30406494480907,10.152849257206157,337.9,24.202870643136592,386.30574128627313,289.4942587137268,42010.0
JFL,2016-12-06,310.0,310.0,302.0,302.0,-1.95 %,1000.0,306400.0,-0.01948051948051943,-0.01967276559870478,319.8,333.8,322.60408722237094,339.6166405491848,30.96947031881581,-17.012553326813872,-16.445762621210033,9.99907431026286,333.8,22.892425775673566,379.5848515513471,288.0151484486529,41010.0
JFL,2016-12-07,303.0,308.0,300.0,300.0,-0.66 %,1250.0,379300.0,-0.0066225165562914245,-0.006644542718668613,312.8,329.95,319.12653534200615,336.68207458257854,30.370740882272884,-17.555539240572386,-16.667717945082504,9.856283288101226,329.95,21.687918053000725,373.3258361060014,286.57416389399856,39760.0
JFL,2016-12-08,306.0,306.0,306.0,306.0,2.00 %,400.0,122400.0,0.020000000000000018,0.01980262729617973,308.0,326.75,317.1070683663129,334.4093283172024,34.46411943916132,-17.302259950889493,-16.794626346243902,9.580834481808282,326.75,20.133436446813764,367.0168728936275,286.4831271063725,40160.0
JFL,2016-12-11,306.0,306.0,296.0,299.0,-2.29 %,1650.0,494500.0,-0.022875816993464082,-0.023141528561694377,303.0,323.5,314.3213655407263,331.7864151085207,32.09361767029584,-17.465049567794438,-16.92871099055401,9.610774875964832,323.5,19.019380697206227,361.53876139441246,285.46123860558754,38510.0
JFL,2016-12-12,294.0,299.0,289.0,294.0,-1.67 %,3276.0,957944.0,-0.01672240802675584,-0.016863806052004805,300.2,320.35,311.19500161138376,328.9874213967784,30.480902869453672,-17.792419785394657,-17.10145274952214,9.638576670538772,320.35,18.38556355862996,357.12112711725996,283.5788728827401,35234.0
JFL,2016-12-14,290.0,300.0,290.0,294.0,0.00 %,930.0,274900.0,0.0,0.0,298.6,317.4,308.54961674809397,326.3957605525726,30.48090286912378,-17.84614380447863,-17.250390960513435,9.664392622643145,317.4,17.58707659498584,352.57415318997164,282.2258468100283,35234.0
JFL,2016-12-15,299.0,304.0,299.0,304.0,3.40 %,300.0,90200.0,0.03401360544217691,0.033447934067540125,299.4,315.2,307.8496757099257,324.7368153264561,37.7379759163254,-16.88713961653042,-17.17774069171683,9.688364578168635,315.2,16.259733926741465,347.7194678534829,282.68053214651707,35534.0
JFL,2016-12-18,298.0,298.0,292.0,294.0,-3.95 %,3562.0,1054700.0,-0.03289473684210531,-0.03344793406754013,297.0,312.3,305.71895636993713,322.46001419116305,33.924227645835245,-16.741057821225922,-17.09040411761865,9.853481394013732,312.3,14.41892031873067,341.13784063746135,283.46215936253867,31972.0
JFL,2016-12-19,287.0,287.0,284.0,284.0,-2.74 %,503.0,143152.0,-0.03401360544217691,-0.03460552917747561,294.0,309.25,302.37757846686986,319.6111242510769,30.59455011473564,-17.233545784207024,-17.119032450936327,9.863947008727036,309.25,13.564174951145239,336.3783499022905,282.1216500977095,31469.0
JFL,2016-12-20,280.0,280.0,274.0,276.0,-2.82 %,1620.0,448130.0,-0.028169014084507005,-0.028573372444056,290.4,306.8,298.3194894719668,316.38067060284897,28.209172073549325,-18.061181130882176,-17.3074621869255,9.873665079532248,306.8,14.926486525636749,336.65297305127353,276.9470269487265,29849.0
JFL,2017-01-01,250.0,250.0,250.0,250.0,-0.40 %,550.0,137500.0,-0.09420289855072461,-0.09893994785490354,281.6,303.55,290.885721860895,311.4635838915268,22.16158633660352,-20.57786203063182,-17.961542155666763,11.025546145279945,303.55,19.440800828209838,342.4316016564197,264.66839834358035,29299.0
JFL,2017-01-02,250.0,252.0,245.0,252.0,0.80 %,832.0,207388.0,0.008000000000000007,0.007968169649176881,271.2,300.2,284.903303113065,307.05887397363597,23.519842851221384,-22.155570860570947,-18.8003478966476,10.738007134902807,300.2,22.21331985425391,344.6266397085078,255.77336029149217,30131.0
JFL,2017-01-04,249.0,249.0,245.0,245.0,-3.54 %,310.0,76190.0,-0.02777777777777779,-0.028170876966696335,261.4,296.8,278.7643334033627,302.46192034595924,22.068364080150545,-23.69758694259656,-19.779795705837394,10.471006625266892,296.8,25.159700441694763,347.1194008833895,246.48059911661048,29821.0
JFL,2017-01-05,241.0,241.0,233.0,235.0,-4.90 %,1350.0,319030.0,-0.04081632653061229,-0.041672696400568074,251.6,293.35,272.0313590336146,297.46474106107337,20.154806443438787,-25.433382027458777,-20.910512970161673,10.580220437747828,293.35,28.61408376086353,350.5781675217271,236.12183247827295,28471.0
JFL,2017-01-08,231.0,231.0,226.0,226.0,-3.00 %,200.0,45950.0,-0.03829787234042559,-0.03905051487187314,241.6,288.9,264.9496114899816,292.17105653803094,18.592267136754785,-27.22144504804936,-22.17269938573921,10.46734754933727,288.9,31.811781994793137,352.52356398958625,225.2764360104137,28271.0
JFL,2017-01-09,223.0,233.0,223.0,227.0,0.44 %,1060.0,241560.0,0.004424778761061843,0.004415018209116693,237.0,284.25,259.1112097222921,287.3435708685472,19.340522600907406,-28.23236114625513,-23.384631737842398,10.433965581527463,284.25,33.76369118010207,351.7773823602041,216.72261763979586,29331.0
JFL,2017-01-10,226.0,238.0,226.0,238.0,4.85 %,374.0,86144.0,0.048458149779735615,0.047320656190071954,234.2,279.4,255.8633313034779,283.6884915449511,27.260631149510147,-27.825160241473185,-24.272737438568555,10.545825182846931,279.4,33.04924555234191,345.4984911046838,213.30150889531615,29705.0
JFL,2017-01-11,242.0,250.0,242.0,246.0,3.36 %,1290.0,318380.0,0.03361344537815136,0.03306086226088821,234.4,275.2,254.34589571832745,280.8967514305103,32.455201425306285,-26.550855712182823,-24.72836109329141,10.64969481264358,275.2,31.585473009964662,338.3709460199293,212.02905398007067,30995.0
JFL,2017-01-12,250.0,250.0,245.0,245.0,-0.41 %,900.0,222500.0,-0.004065040650406471,-0.004073325387635786,236.4,271.25,252.90806560781556,278.237732806028,32.14616902270275,-25.329667198212462,-24.848622314275623,10.24614518316904,271.25,30.064623379437517,331.379246758875,211.12075324112496,30095.0
JFL,2017-01-15,245.0,245.0,238.0,238.0,-2.86 %,850.0,204850.0,-0.02857142857142858,-0.028987536873252298,238.8,267.75,250.614517052767,275.2571600055815,29.993258025167208,-24.642642952814498,-24.807426441983402,10.014277670085537,267.75,29.632618940336915,327.01523788067385,208.48476211932618,29245.0
JFL,2017-01-16,242.0,242.0,239.0,239.0,0.42 %,160.0,38270.0,0.004201680672268893,0.004192878260035958,241.2,264.6,248.82766827541823,272.5714444496125,30.707214140076275,-23.743776174194267,-24.594696388425575,9.584686407936571,264.6,29.144648330625795,322.8892966612516,206.31070333874843,29405.0
JFL,2017-01-17,240.0,242.0,240.0,242.0,1.26 %,640.0,153680.0,0.012552301255230214,0.012474174225175818,242.0,261.7,247.77725777150772,270.3068930089005,32.91749203392668,-22.529635237392768,-24.181684158219017,9.11435166451253,261.7,28.31049647262264,318.3209929452453,205.0790070547547,30045.0
JFL,2017-01-18,246.0,246.0,246.0,246.0,1.65 %,100.0,24600.0,0.016528925619834656,0.016393809775676352,242.0,258.7,247.50383349896805,268.5063824156486,35.8554271186934,-21.002548916680553,-23.545857109911324,8.749040831333064,258.7,26.489521264873247,311.6790425297465,205.7209574702535,30145.0
JFL,2017-01-19,246.0,249.0,246.0,249.0,1.22 %,400.0,99300.0,0.012195121951219523,0.01212136053234482,242.8,256.2,247.73401296066527,267.0614651996746,38.04692823355109,-19.327452239009347,-22.70217613573093,8.338395057666416,256.2,24.790915144146656,305.7818302882933,206.61816971170668,30545.0
JFL,2017-01-24,245.0,245.0,241.0,241.0,-3.21 %,760.0,183960.0,-0.032128514056224855,-0.03265596297405257,243.4,253.55,246.69801096671677,265.130986295995,34.64749130071601,-18.432975329278236,-21.848335974440392,8.314223982118815,253.55,23.327135768412877,300.2042715368258,206.89572846317427,29785.0
JFL,2017-01-25,237.0,237.0,237.0,237.0,-1.66 %,200.0,47400.0,-0.016597510373444035,-0.016736792355523864,243.0,250.7,245.20600927952955,263.0472095333287,33.05709008757003,-17.841200253799173,-21.046908830312148,8.006065126253185,250.7,21.538460092540753,293.7769201850815,207.62307981491847,29585.0
JFL,2017-01-26,233.0,233.0,225.0,225.0,-5.06 %,200.0,45120.0,-0.05063291139240511,-0.051959738930711104,239.6,246.75,242.09739246729424,260.22889771604514,28.787854328902398,-18.131505248750898,-20.4638281139999,8.291346188663672,246.75,18.240715013688657,283.2314300273773,210.26856997262269,29385.0
JFL,2017-01-30,229.0,229.0,205.0,205.0,-8.89 %,1586.0,339198.0,-0.0888888888888889,-0.09309042306601198,231.4,242.3,236.39010131847974,256.13786825559737,23.370502917222666,-19.747766937117632,-20.320615878623446,9.41339288947341,242.3,16.914957566419435,276.1299151328389,208.47008486716115,27799.0
JFL,2017-01-31,209.0,210.0,209.0,210.0,2.44 %,145.0,30355.0,0.024390243902439046,0.024097551579060524,223.6,238.6,232.3300857310213,252.72024838481238,27.06567259987399,-20.390162653791066,-20.334525233656972,9.09815054022531,238.6,15.33279938048482,269.2655987609696,207.93440123903036,27944.0
JFL,2017-02-01,212.0,212.0,212.0,212.0,0.95 %,50.0,10600.0,0.00952380952380949,0.009478743954543739,217.8,235.4,229.2023802339411,249.70393368964108,28.54985139286066,-20.501553455699963,-20.36793087806557,8.591139787352073,235.4,13.709005875896228,262.8180117517925,207.98198824820756,27994.0
JFL,2017-02-02,215.0,229.0,215.0,229.0,8.02 %,990.0,215810.0,0.08018867924528306,0.07713572888222724,216.2,234.35,229.1712448133348,248.17030897188988,39.769392460000724,-18.999064158555086,-20.09415753416348,9.191772659684068,234.35,13.33090986747837,261.01181973495676,207.68818026504326,28984.0
JFL,2017-02-05,225.0,225.0,222.0,222.0,-3.06 %,662.0,146994.0,-0.03056768558951961,-0.031044621681960163,215.6,232.85,228.06797638051407,246.2317675665647,37.18046113627084,-18.163791186050645,-19.708084264540915,9.035217469706634,232.85,12.921931581213808,258.6938631624276,207.00613683757237,28322.0
JFL,2017-02-06,220.0,220.0,218.0,218.0,-1.80 %,106.0,23148.0,-0.018018018018018056,-0.018182319083190474,218.2,231.5,226.51905693735807,244.14052552459697,35.748357965111495,-17.621468587238894,-19.29076112908051,8.675559079013304,231.5,12.995950786387427,257.49190157277485,205.50809842722515,28216.0
JFL,2017-02-07,222.0,222.0,222.0,222.0,1.83 %,100.0,22200.0,0.0183486238532109,0.01818231908319033,220.6,230.85,225.82381740853376,242.50048659684904,38.307399274610724,-16.676669188315287,-18.767942740927467,8.341590573369498,230.85,13.136029200561113,257.1220584011222,204.57794159887777,28316.0
JFL,2017-02-08,225.0,225.0,224.0,224.0,0.90 %,30.0,6740.0,0.009009009009008917,0.008968669982760316,223.0,230.75,225.54323011491317,241.13008018226762,39.602684433162175,-15.586850067354447,-18.131724206212866,7.960048389557391,230.75,13.182424503465716,257.1148490069314,204.38515099306858,28346.0
JFL,2017-02-12,220.0,220.0,208.0,209.0,-7.14 %,960.0,204700.0,-0.0669642857142857,-0.06931179989022883,219.0,229.85,222.9981177895419,238.7500742428404,33.86056232504802,-15.751956453298504,-17.655770655629993,8.534330647446149,229.85,14.038574676492951,257.9271493529859,201.77285064701408,27386.0
JFL,2017-02-13,205.0,205.0,200.0,201.0,-3.85 %,520.0,105400.0,-0.038277511961722466,-0.03902934390573523,214.8,228.0,219.61379197576625,235.95377244707444,31.25749511364522,-16.339980471308195,-17.392612618765636,8.567592744057139,228.0,15.290175724441934,258.58035144888385,197.41964855111613,26866.0
JFL,2017-02-14,204.0,204.0,200.0,202.0,1.00 %,840.0,169480.0,0.004975124378109541,0.004962789342129097,211.6,225.8,216.90397782564838,233.4386781917356,31.961604245259267,-16.534700366087208,-17.22103016822995,8.24133611948163,225.8,15.723264693812299,257.2465293876246,194.35347061237542,27706.0
JFL,2017-02-15,206.0,214.0,205.0,210.0,3.96 %,710.0,148650.0,0.03960396039603964,0.03883983331626396,209.2,224.05,215.84182739093325,231.70247980716258,37.47877905447866,-15.860652416229328,-16.948954617829827,8.509812110947228,224.05,15.418631927847011,254.88726385569404,193.21273614430598,28416.0
JFL,2017-02-16,214.0,217.0,213.0,214.0,1.43 %,970.0,206940.0,0.01904761904761898,0.018868484304382736,207.2,222.85,215.55846933078968,230.391185006632,40.094457610146385,-14.832715675842337,-16.52570682943233,8.401968388736712,222.85,15.208290675262184,253.26658135052435,192.43341864947564,29386.0
JFL,2017-02-19,210.0,210.0,209.0,209.0,-1.88 %,180.0,37720.0,-0.02336448598130836,-0.023641763057040424,207.2,221.35,214.54947404912974,228.80665278391854,37.95678572198776,-14.257178734788795,-16.072001210503625,8.15897064668409,221.35,15.009733683955501,251.369467367911,191.330532632089,29206.0
JFL,2017-02-20,213.0,225.0,213.0,213.0,1.91 %,405.0,88301.0,0.019138755980861344,0.018957913744614207,209.6,219.9,214.31109342618672,227.6357896147394,40.681503396690495,-13.324696188552679,-15.522540206113437,8.71904417192094,219.9,14.293539210356785,248.48707842071357,191.31292157928644,29611.0
JFL,2017-02-21,217.0,217.0,215.0,215.0,0.94 %,132.0,28444.0,0.009389671361502261,0.009345862418237599,212.2,218.35,214.41707905292725,226.69980519883276,42.05182242865966,-12.282726145905514,-14.874577394071853,8.381969588212302,218.35,12.930075100531207,244.21015020106242,192.48984979893757,29743.0
JFL,2017-02-23,215.0,215.0,215.0,215.0,0.00 %,100.0,21500.0,0.0,0.0,213.2,216.65,214.50675919863073,225.83315296188218,42.05182242813658,-11.326393763251446,-14.164940667907771,7.7832574747685666,216.65,10.737416135331342,238.1248322706627,195.17516772933732,29743.0
JFL,2017-02-26,211.0,211.0,211.0,211.0,-1.86 %,200.0,42200.0,-0.018604651162790753,-0.01877989465159636,212.6,215.15,213.96725778345677,224.73440089063163,39.913137611853024,-10.76714310717486,-13.485381155761191,7.513024797999384,215.15,9.132215964439865,233.41443192887974,196.88556807112028,29543.0
JFL,2017-02-28,207.0,207.0,207.0,207.0,-1.90 %,187.0,38709.0,-0.018957345971563955,-0.019139340210697395,212.2,213.65,212.89537197061725,223.42074156539968,37.84058986144413,-10.525369594782433,-12.89337884356544,7.262094455285142,213.65,7.70696882186324,229.0639376437265,198.23606235627352,29356.0
JFL,2017-03-01,210.0,214.0,210.0,210.0,1.45 %,211.0,45070.0,0.01449275362318847,0.01438873745209967,211.6,212.9,212.4499301289838,222.42661256055524,40.34265462407835,-9.976682431571447,-12.310039561166644,7.243373422764775,212.9,7.261288851821966,227.42257770364392,198.3774222963561,29567.0
JFL,2017-03-02,206.0,206.0,206.0,206.0,-1.90 %,400.0,82400.0,-0.01904761904761909,-0.019231361927887644,209.8,212.95,211.45763318606322,221.20982644495857,38.13832423051803,-9.752193258895346,-11.798470300712385,7.011703892567291,212.95,7.207269721761875,227.36453944352374,198.53546055647624,29167.0
JFL,2017-03-06,210.0,217.0,210.0,217.0,5.34 %,300.0,64100.0,0.05339805825242716,0.05202118475087845,210.2,213.3,212.31030500359196,220.89798744903572,46.75446504985626,-8.587682445443761,-11.15631272965866,7.296582185955342,213.3,7.22641353865794,227.75282707731589,198.84717292268414,29467.0
JFL,2017-03-07,215.0,215.0,213.0,213.0,-1.84 %,829.0,176997.0,-0.018433179723502335,-0.01860518783103447,210.6,213.35,212.41641192611627,220.31295134169974,44.33621232482976,-7.896539415583476,-10.504358066843626,7.061112029815675,213.35,7.220402379814821,227.79080475962962,198.90919524037037,28638.0
JFL,2017-03-13,215.0,215.0,215.0,215.0,0.94 %,50.0,10750.0,0.009389671361502261,0.009345862418237599,212.2,212.65,212.81388701440608,219.91939939046273,45.84447184956269,-7.105512376056652,-9.824588928686232,6.699604027685984,212.65,6.2346653985358,225.1193307970716,200.1806692029284,28688.0
JFL,2017-03-19,215.0,217.0,217.0,217.0,0.93 %,1000.0,217000.0,0.009302325581395321,0.009259325412796726,213.6,212.4,213.45790439680513,219.7031475837618,47.37993495553084,-6.245243186956657,-9.108719780340317,6.363918025708414,212.4,5.932958789686721,224.26591757937345,200.53408242062656,29688.0
JFL,2017-03-20,221.0,238.0,221.0,238.0,9.68 %,742.0,171234.0,0.09677419354838701,0.09237332013101507,220.0,213.4,217.23361141268126,221.0584699849646,60.1545831167451,-3.824858572283347,-8.051947538728923,7.409352452443527,213.4,8.184709749547032,229.76941949909406,197.03058050090596,30430.0
JFL,2017-03-21,238.0,246.0,238.0,246.0,3.36 %,818.0,196956.0,0.03361344537815136,0.03306086226088821,225.8,214.6,221.65920965688414,222.90599072681908,63.763668575618844,-1.24678106993494,-6.690914244970126,7.451541562983275,214.6,10.840469983990662,236.2809399679813,192.91906003201868,31248.0
JFL,2017-03-22,242.0,255.0,238.0,255.0,3.66 %,1975.0,489050.0,0.03658536585365857,0.03593200922606337,234.2,216.15,226.7885620173635,225.2833247470547,67.34694131380996,1.5052372703087826,-5.0516839419143444,8.13357430848447,216.15,14.008550020766851,244.1671000415337,188.1328999584663,33223.0
JFL,2017-03-23,250.0,250.0,245.0,245.0,-3.92 %,210.0,52450.0,-0.039215686274509776,-0.04000533461369913,240.2,217.95,229.59032170699987,226.74381921023584,60.221241527652396,2.8465024967640318,-3.472046654178669,8.266890429307008,217.95,15.295252101296645,248.54050420259327,187.3594957974067,33013.0
JFL,2017-03-26,249.0,254.0,245.0,253.0,3.27 %,4350.0,1084900.0,0.03265306122448974,0.032131278182793196,247.4,220.55,233.19181067515376,228.6887214909591,63.544382562549956,4.503089184194664,-1.8770194865040026,8.319255398642222,220.55,16.624253050101085,253.7985061002022,187.30149389979783,37363.0
JFL,2017-03-28,253.0,269.0,255.0,269.0,6.32 %,3100.0,813400.0,0.06324110671936767,0.06132189087431895,253.6,223.9,238.70076287897626,231.67474212125842,69.1036699316224,7.026020757717845,-0.096411437659633,8.86788001302492,223.9,19.235110441178065,262.37022088235614,185.42977911764387,40463.0
JFL,2017-03-29,269.0,274.0,265.0,265.0,-1.49 %,1900.0,512100.0,-0.014869888475836479,-0.014981553615616946,257.4,226.65,242.74679935913377,234.14327974190593,66.37842041349742,8.603519617227846,1.6435747733178627,8.87731715495171,226.65,20.994422818305527,268.63884563661105,184.66115436338896,38563.0
JFL,2017-03-30,265.0,260.0,260.0,260.0,-1.89 %,100.0,26000.0,-0.018867924528301883,-0.019048194970694474,258.4,228.95,245.40113791926703,236.0585923536166,63.032143100646984,9.342545565650425,3.1833689317843756,8.600365929598016,228.95,22.02982428197823,273.00964856395643,184.89035143604355,38463.0
JFL,2017-04-02,265.0,270.0,264.0,270.0,3.85 %,1143.0,304550.0,0.03846153846153855,0.03774032798284711,263.4,232.0,249.1855782393798,238.57277069779315,66.65296316847818,10.612807541586648,4.669256653744831,8.700339791769586,232.0,23.30800630459057,278.61601260918115,185.38398739081885,39606.0
JFL,2017-04-03,265.0,275.0,265.0,270.0,0.00 %,2182.0,590130.0,0.0,0.0,266.8,234.85,252.3877969717829,240.90071360906774,66.65296316777513,11.487083362715168,6.032821995538899,8.793172663786043,234.85,24.325154838044305,283.5003096760886,186.1996903239114,39606.0
JFL,2017-04-04,275.0,275.0,270.0,270.0,0.00 %,1250.0,342500.0,0.0,0.0,267.0,237.6,255.0973666684317,243.05621630469236,66.65296316701799,12.041150363739348,7.234487669178989,8.522231759229898,237.6,25.06076824966162,287.72153649932324,187.47846350067675,39606.0
JFL,2017-04-06,270.0,270.0,255.0,260.0,-3.70 %,2111.0,553370.0,-0.03703703703703709,-0.037740327982847086,266.0,239.85,255.85161795021145,244.31131139323367,59.38797015240008,11.540306556977782,8.095651446738747,8.984929490713478,239.85,24.944728374634543,289.7394567492691,189.9605432507309,37495.0
JFL,2017-04-09,257.0,261.0,256.0,256.0,-1.54 %,1458.0,375093.0,-0.01538461538461533,-0.015504186535965199,265.2,242.1,255.87444595787122,245.17714017892007,56.72459807853454,10.697305778951147,8.615982313181227,8.70029166994823,242.1,24.224606889430685,290.5492137788614,193.65078622113862,36037.0
JFL,2017-04-10,251.0,256.0,251.0,253.0,-1.17 %,1079.0,274329.0,-0.01171875,-0.01178795575204224,261.8,244.4,255.4322235028141,245.75661127677785,54.74171235802018,9.675612226036264,8.827908295752234,8.435985122094786,244.4,22.86205774226388,290.12411548452775,198.67588451547226,34958.0
JFL,2017-04-11,252.0,270.0,252.0,270.0,6.72 %,2056.0,539775.0,0.06719367588932812,0.06503247027085457,261.8,247.4,257.67341988699656,247.55241784886837,62.69890977760911,10.121002038128182,9.086527044227424,9.119129041945158,247.4,22.03203409392485,291.4640681878497,203.3359318121503,37014.0
JFL,2017-04-12,275.0,297.0,270.0,292.0,8.15 %,5020.0,1426530.0,0.08148148148148149,0.078331843269907,266.2,251.7,262.954432212074,250.8448313415448,70.04002314909849,12.109600870529192,9.691141809487778,10.396334110377646,251.7,21.918749484116116,295.5374989682322,207.86250103176775,42034.0
JFL,2017-04-13,287.0,287.0,277.0,277.0,-5.14 %,330.0,94510.0,-0.05136986301369861,-0.05273629608094323,269.6,254.7,265.1152887948318,252.78225124217113,61.19659012036981,12.333037552660699,10.219520958122363,10.725167388207815,254.7,21.006515280040965,296.7130305600819,212.68696943991807,41704.0
JFL,2017-04-16,277.0,277.0,262.0,262.0,-5.42 %,670.0,182090.0,-0.054151624548736454,-0.05567300242624164,270.8,257.15,264.63601359562693,253.46504744645472,53.87141997425189,11.170966149172216,10.409809996332335,11.0305125747644,257.15,18.6075112168252,294.3650224336504,219.93497756634957,41034.0
JFL,2017-04-18,260.0,260.0,255.0,260.0,-0.76 %,2714.0,701370.0,-0.007633587786259555,-0.007662872745569137,272.2,259.4,263.92278073476126,253.9491180059766,52.96114772858845,9.97366272878466,10.3225805428228,10.742618819424086,259.4,15.742667466075458,290.8853349321509,227.91466506784906,38320.0
JFL,2017-04-19,260.0,275.0,265.0,275.0,5.77 %,180.0,48500.0,0.05769230769230771,0.05608946665104358,273.2,262.3,265.6269683140288,255.5084425981265,58.60993171762323,10.11852571590228,10.281769577438697,11.04671747517951,262.3,12.536683016360033,287.37336603272007,237.22663396727995,38500.0
JFL,2017-04-20,280.0,282.0,274.0,274.0,-0.36 %,791.0,219624.0,-0.0036363636363636598,-0.003642991278501092,269.6,264.1,266.91512703494743,256.87818759085786,58.10893533040497,10.036939444089569,10.232803550768871,10.829094798380973,264.1,11.396675415504816,286.8933508310097,241.3066491689904,37709.0
JFL,2017-04-23,279.0,279.0,279.0,279.0,1.82 %,500.0,139500.0,0.018248175182481674,0.018083675433295327,270.0,265.75,268.77433826034013,258.51684036190545,59.952236640962944,10.257497898434679,10.237742420302034,10.412730884210905,265.75,11.020913134393327,287.7918262687867,243.70817373121335,38209.0
JFL,2017-04-24,280.0,284.0,275.0,275.0,-1.43 %,1710.0,478220.0,-0.014336917562724039,-0.01444068415479436,272.6,266.75,269.7321323741339,259.7378151499125,57.76248202424651,9.994317224221447,10.189057381085917,10.311821535338698,266.75,10.90086911069359,288.55173822138715,244.94826177861282,36499.0
JFL,2017-04-25,280.0,280.0,275.0,275.0,0.00 %,510.0,141800.0,0.0,0.0,275.6,268.25,270.5425735473441,260.8683473610301,57.762482023678494,9.674226186314002,10.086091142131535,9.932405711385934,268.25,9.754216362279228,287.7584327245585,248.74156727544155,36499.0
JFL,2017-04-27,275.0,280.0,275.0,280.0,1.82 %,982.0,272550.0,0.018181818181818077,0.018018505502678212,276.6,269.6,271.99756223236807,262.2855068157686,59.88650840263482,9.712055416599469,10.01128399702512,9.580091017715512,269.6,9.394287177800994,288.38857435560203,250.81142564439804,37481.0
JFL,2017-04-30,275.0,275.0,275.0,275.0,-1.79 %,200.0,55000.0,-0.017857142857142905,-0.018018505502678365,276.8,269.9,272.4594757350807,263.2273211257117,56.80991342006824,9.23215460936899,9.855458119493896,9.252941659307263,269.9,9.469619010845932,288.8392380216918,250.9607619783081,37281.0
JFL,2017-05-02,270.0,275.0,265.0,275.0,0.00 %,665.0,179375.0,0.0,0.0,276.0,270.4,272.8503256219913,264.099371412696,56.809913419439624,8.750954209295344,9.634557337454186,9.306302969356743,270.4,9.461278427027283,289.32255685405454,251.47744314594541,37281.0
JFL,2017-05-03,275.0,275.0,275.0,275.0,0.00 %,453.0,124575.0,0.0,0.0,276.0,271.15,273.18104475706957,264.9068253821259,56.80991341876267,8.274219374943698,9.36248974495209,8.641567042974119,271.15,9.183939070036988,289.51787814007395,252.782121859926,37281.0
JFL,2017-05-04,280.0,285.0,276.0,279.0,1.45 %,4388.0,1233810.0,0.014545454545454639,0.014440684154794428,276.8,271.6,274.07626864059733,265.95076424270917,58.918685775764104,8.125504397888164,9.115092675539305,8.738597968475966,271.6,9.343728546888588,290.2874570937772,252.91254290622285,41669.0
JFL,2017-05-07,276.0,276.0,273.0,273.0,-2.15 %,1240.0,340770.0,-0.021505376344086002,-0.021739986636405875,275.4,271.75,273.9106888497362,266.47292985436036,54.61138904965755,7.437758995375816,8.779625939506609,8.542983827870541,271.75,9.340770846137152,290.4315416922743,253.0684583077257,40429.0
JFL,2017-05-08,268.0,269.0,264.0,269.0,-1.47 %,230.0,61810.0,-0.0146520146520146,-0.014760415583120573,274.2,271.7,273.15519825746907,266.6601202355189,51.887985648399805,6.495078021950178,8.322716355995322,8.575627840165502,271.7,9.353299445990256,290.4065988919805,252.99340110801947,40199.0
JFL,2017-05-09,269.0,281.0,274.0,281.0,4.46 %,756.0,210196.0,0.044609665427509215,0.043643289731906586,275.4,272.75,274.3620908332431,267.7223335514064,58.56393715700881,6.639757281836694,7.986124541163597,8.820225851582252,272.75,9.147188236372063,291.04437647274415,254.45562352725588,40955.0
JFL,2017-05-11,286.0,300.0,285.0,295.0,4.98 %,2605.0,765410.0,0.04982206405693956,0.048620687006074116,279.4,274.7,277.5371537819749,269.7429014364874,64.71537466570518,7.794252345487507,7.94775010202838,9.547352576469235,274.7,9.537184843384555,293.7743696867691,255.6256303132309,43560.0
JFL,2017-05-15,290.0,290.0,290.0,290.0,-1.69 %,50.0,14500.0,-0.016949152542372836,-0.017094433359300068,281.6,276.55,279.4545147385941,271.24342725600684,61.21981439910659,8.211087482587288,8.000417578140162,9.222541678150005,276.55,8.654022490333466,293.85804498066693,259.2419550193331,43510.0
JFL,2017-05-16,285.0,285.0,285.0,285.0,-1.72 %,200.0,57000.0,-0.017241379310344862,-0.01739174271186922,284.0,277.3,280.307666317272,272.26243264445077,57.85445966073393,8.045233672821212,8.009380797076371,8.920931558282149,277.3,8.70631954387378,294.71263908774756,259.88736091225246,43310.0
JFL,2017-05-17,280.0,280.0,276.0,276.0,-3.16 %,1100.0,304000.0,-0.03157894736842104,-0.03208831455150051,285.4,276.5,279.64494842230704,272.5392894856026,52.2831444705489,7.105658936704458,7.8286364250019895,8.926579304119137,276.5,7.9901254848217205,292.48025096964346,260.51974903035654,42210.0
JFL,2017-05-18,276.0,276.0,271.0,276.0,0.00 %,2010.0,551410.0,0.0,0.0,284.4,276.45,279.0841871265675,272.795638412595,52.283144469946436,6.288548713972489,7.52061888279609,8.646109353824913,276.45,7.9899608061773515,292.4299216123547,260.4700783876453,42210.0
JFL,2017-05-21,271.0,271.0,261.0,268.0,-2.90 %,5900.0,1556200.0,-0.02898550724637683,-0.02941388520629334,279.0,276.75,277.378927568634,272.44040593758797,47.56150008090126,4.938521631046058,7.004199432446084,9.099958685694563,276.75,7.517523388375731,291.78504677675147,261.71495322324853,36310.0
JFL,2017-05-22,263.0,263.0,263.0,263.0,-1.87 %,100.0,26300.0,-0.018656716417910446,-0.018832948333092125,273.6,276.9,275.1667848657673,271.74111660887775,44.83613643591204,3.425668256889537,6.288493197334775,8.807104493859239,276.9,7.188441013917092,291.2768820278342,262.5231179721658,36210.0
JFL,2017-05-23,262.0,265.0,262.0,265.0,0.76 %,762.0,200644.0,0.0076045627376426506,0.007575793808457723,269.6,276.4,273.6026641171877,271.24177463784974,46.16499376710706,2.3608894793379704,5.502972453735414,8.392311315726435,276.4,7.659874947449604,291.71974989489917,261.0802501051008,36972.0
JFL,2017-05-24,265.0,270.0,261.0,270.0,1.89 %,1077.0,283627.0,0.018867924528301883,0.018692133012152546,268.4,276.2,273.04840809915885,271.1497913313424,49.44384994479682,1.8986167678164634,4.782101316551624,8.435717650317404,276.2,7.777159541012119,291.7543190820242,260.64568091797577,38049.0
JFL,2017-05-28,275.0,275.0,265.0,267.0,-1.85 %,1140.0,303850.0,-0.011111111111111072,-0.011173300598125189,266.6,275.6,272.11788377621133,270.84239938087256,47.57169346471917,1.275484395338765,4.0807779323090525,8.54745210386616,275.6,8.00920523030179,291.6184104606036,259.5815895393964,36909.0
JFL,2017-05-30,264.0,264.0,256.0,260.0,-1.89 %,1397.0,362056.0,-0.02621722846441943,-0.02656702738472175,265.0,274.85,270.2535939644865,270.0392586859931,43.43867014785315,0.21433527849342227,3.3074894015459266,8.722634096447148,274.85,8.737547530179581,292.32509506035916,257.3749049396409,35512.0
JFL,2017-05-31,260.0,257.0,252.0,257.0,-1.15 %,800.0,203030.0,-0.011538461538461497,-0.01160554612030789,263.8,273.95,268.21457950841165,269.0733876722158,41.764000185059096,-0.8588081638041558,2.47422988847591,8.671017375272353,273.95,9.60523431863236,293.1604686372647,254.73953136273528,34712.0
JFL,2017-06-01,260.0,264.0,257.0,264.0,2.72 %,1970.0,510316.0,0.027237354085603016,0.02687301825109627,263.6,273.15,267.5661826609637,268.6975811779776,46.90737718562304,-1.1313985170139063,1.7531042073779468,8.551658991324327,273.15,9.740177238203808,292.6303544764076,253.66964552359235,36682.0
JFL,2017-06-04,263.0,263.0,262.0,262.0,-0.76 %,250.0,65550.0,-0.007575757575757569,-0.007604599385219304,262.0,272.5,266.70984686696926,268.20146405368297,45.666382082462974,-1.491617186713711,1.1041599285596153,8.083683349086876,272.5,10.039396081650338,292.5787921633007,252.42120783669932,36432.0
JFL,2017-06-05,260.0,265.0,260.0,265.0,1.14 %,167.0,43920.0,0.011450381679389388,0.011385322225125429,261.6,272.0,266.4467935028201,267.964318568225,47.89327157525425,-1.5175250654048682,0.5798229297667187,7.863420252723527,272.0,10.156667501542447,292.3133350030849,251.6866649969151,36599.0
JFL,2017-06-06,261.0,265.0,261.0,265.0,0.00 %,813.0,212593.0,0.0,0.0,262.6,271.5,266.2242098870016,267.74473941502316,47.89327157454961,-1.520529528021541,0.15975243820906676,7.587461663243276,271.5,10.2469507659619,291.9939015319238,251.0060984680762,36599.0
JFL,2017-06-07,265.0,266.0,260.0,266.0,0.38 %,1140.0,301840.0,0.0037735849056603765,0.0037664827954768648,264.4,270.85,266.18971605823214,267.6154994583548,48.70599865760776,-1.4257834001226684,-0.1573547294572803,7.474071544440185,270.85,10.158092444219601,291.1661848884392,250.5338151115608,37739.0
JFL,2017-06-11,262.0,262.0,262.0,262.0,-1.50 %,100.0,26200.0,-0.015037593984962405,-0.01515180502060222,264.0,270.3,265.54514435696564,267.1995365355137,45.639541682052005,-1.6543921785480507,-0.4567622192754344,7.225923576980172,270.3,10.331861808072238,290.9637236161445,249.63627638385555,37639.0
JFL,2017-06-12,257.0,257.0,257.0,257.0,-1.91 %,145.0,37265.0,-0.01908396946564883,-0.019268418865877032,263.0,269.7,264.2305067635863,266.4440153106608,42.073716892593794,-2.2135085470745253,-0.8081114848352526,7.066929035767302,269.7,10.751254516765036,291.2025090335301,248.19749096646993,37494.0
JFL,2017-06-18,257.0,262.0,262.0,262.0,1.95 %,20.0,5240.0,0.01945525291828787,0.019268418865876987,262.4,268.75,263.8873518768807,266.11482899135257,46.569378694483305,-2.227477114471867,-1.0919846107625757,6.919291247498209,268.75,10.537526924485743,289.8250538489715,247.6749461510285,37514.0
JFL,2017-06-22,265.0,265.0,265.0,265.0,1.14 %,200.0,53000.0,0.011450381679389388,0.011385322225125429,262.4,267.25,264.05852851120676,266.0322490660672,49.12086713453429,-1.9737205548604493,-1.2683317995821506,6.6393418726769085,267.25,8.552469634097443,284.35493926819487,250.1450607318051,37714.0
JFL,2017-06-25,260.0,260.0,251.0,256.0,-3.40 %,1496.0,383657.0,-0.03396226415094339,-0.03455238150665973,260.4,265.55,262.818754894098,265.2891195056178,42.55542142215989,-2.4703646115198126,-1.508738361969683,7.165103167485701,265.55,7.0373066020021,279.6246132040042,251.4753867959958,36218.0
JFL,2017-06-27,261.0,261.0,258.0,258.0,0.78 %,99.0,25653.0,0.0078125,0.007782140442054949,259.6,264.2,262.0774079873137,264.7491847274239,44.33593495172914,-2.6717767401102037,-1.7413460375977872,7.010452941236722,264.2,5.54028310126507,275.2805662025301,253.11943379746984,36317.0
JFL,2017-06-28,254.0,254.0,253.0,254.0,-1.94 %,800.0,202600.0,-0.015503875968992276,-0.01562531790308087,259.0,263.1,260.83472983541924,263.9529488216888,41.561334853595135,-3.1182189862695395,-2.0167206273321376,6.866849159719814,263.1,5.2505638794982135,273.6011277589964,252.5988722410036,35517.0
JFL,2017-07-02,251.0,254.0,249.0,249.0,-1.58 %,1994.0,499080.0,-0.019685039370078705,-0.019881370553828933,256.4,261.75,259.01400216843166,262.84532298304515,38.332084887858926,-3.831320814613491,-2.3796406647884085,6.733502791168398,261.75,5.2302259184433595,272.2104518368867,251.2895481631133,33523.0
JFL,2017-07-03,245.0,248.0,241.0,244.0,-1.61 %,3960.0,962591.0,-0.02008032128514059,-0.020284671171505776,252.2,260.55,256.70415568098065,261.4493731324492,35.37229993298756,-4.745217451468534,-2.8527560221244337,6.823966877513512,260.55,6.353407705613439,273.2568154112269,247.84318458877314,29563.0
JFL,2017-07-04,242.0,246.0,242.0,244.0,-0.41 %,180.0,44036.0,0.0,0.0,249.8,259.6,254.74967019159902,260.15682697448995,35.37229993239929,-5.407156782890922,-3.3636361742777314,6.622254957691118,259.6,7.315448685743743,274.2308973714875,244.96910262851253,29563.0
JFL,2017-07-06,242.0,252.0,242.0,252.0,3.28 %,508.0,125302.0,0.032786885245901676,0.03226086221822148,248.6,258.95,254.3266440082761,259.55261756897215,43.47170228140233,-5.225973560696048,-3.736103651561395,6.863522460713182,258.95,7.387578479416679,273.72515695883334,244.17484304116664,30071.0
JFL,2017-07-09,252.0,262.0,253.0,256.0,1.59 %,2324.0,597167.0,0.015873015873015817,0.015748356968139112,249.0,258.25,254.58408339161824,259.28946071201125,47.04520603928477,-4.705377320393012,-3.9299583853277187,7.08755657066224,258.25,6.93484716942096,272.1196943388419,244.38030566115808,32395.0
JFL,2017-07-10,252.0,255.0,250.0,251.0,-1.95 %,878.0,221727.0,-0.01953125,-0.01972450534777859,249.4,257.45,254.0326859467539,258.6754265851956,43.35569209850569,-4.6427406384417225,-4.072514835950519,7.009873958472081,257.45,6.7937664927464345,271.0375329854929,243.86246701450713,31517.0
JFL,2017-07-11,251.0,261.0,251.0,261.0,3.98 %,206.0,52746.0,0.03984063745019917,0.03906746819090949,252.8,257.5,255.10458041648408,258.84761720851446,51.54112716663077,-3.743036792030381,-4.006619227166492,7.22345439000979,257.5,6.817161008117359,271.1343220162347,243.8656779837653,31723.0
JFL,2017-07-12,266.0,266.0,266.0,266.0,1.92 %,500.0,133000.0,0.019157088122605304,0.018975901459005604,257.2,257.95,256.7807988139481,259.3774233412171,55.03953902127192,-2.5966245272690003,-3.724620287186994,7.064636219294805,257.95,7.074602462334448,272.09920492466887,243.80079507533108,32223.0
JFL,2017-07-13,261.0,270.0,261.0,269.0,1.13 %,1688.0,448258.0,0.011278195488721776,0.011215070820140003,260.6,258.2,258.66067591949457,260.0902067974232,57.043381806545476,-1.4295308779286415,-3.265602405335324,7.202876489345176,258.2,7.38134205455783,272.9626841091156,243.43731589088432,33911.0
JFL,2017-07-16,273.0,275.0,270.0,272.0,1.12 %,2540.0,690786.0,0.011152416356877248,0.011090686694158138,263.8,258.7,260.71287962418774,260.97241370131775,59.01075820962405,-0.259534077130013,-2.6643887396942616,7.116956740106235,258.7,7.967697943972474,274.6353958879449,242.76460411205505,36451.0
JFL,2017-07-17,269.0,271.0,269.0,271.0,-0.37 %,1775.0,477625.0,-0.003676470588235281,-0.003683245416296405,267.8,259.0,262.29551352815884,261.7151978715905,58.05627137220343,0.5803156565683594,-2.0154478604417374,6.822888401527218,259.0,8.322449032274317,275.6448980645486,242.35510193545136,34676.0
JFL,2017-07-18,276.0,294.0,276.0,289.0,6.64 %,3412.0,967902.0,0.06642066420664205,0.06430786723273126,273.4,260.2,266.40389606228825,263.73629432554674,68.06822794833832,2.667601736741517,-1.0788379410050866,7.978396372846703,260.2,10.640538173966759,281.4810763479335,238.91892365206647,38088.0
JFL,2017-07-19,284.0,284.0,279.0,279.0,-3.46 %,1108.0,311836.0,-0.03460207612456745,-0.03521490629106651,276.0,260.85,268.3417582065516,264.86693919032103,59.56206244666214,3.474819016230583,-0.16810654955795257,8.12279663192908,260.85,11.384546312300102,283.6190926246002,238.08090737539982,36980.0
JFL,2017-07-20,280.0,280.0,277.0,277.0,-0.72 %,242.0,67460.0,-0.007168458781361964,-0.007194275634027085,277.6,261.6,269.6737954055437,265.76568443548246,58.0009325552875,3.908110970061216,0.6471369543658811,7.756882586791289,261.6,11.944609001997042,285.4892180039941,237.71078199600595,36738.0
JFL,2017-07-23,279.0,279.0,267.0,267.0,-3.61 %,2728.0,746454.0,-0.03610108303249093,-0.03676884778708893,276.6,262.1,269.26244226622924,265.8571152180393,50.827561821999154,3.4053270481899176,1.1987749731306885,8.059962402020483,262.1,11.95121663042847,286.00243326085695,238.19756673914307,34010.0
JFL,2017-07-24,266.0,267.0,262.0,267.0,0.00 %,1700.0,449800.0,0.0,0.0,275.8,262.35,268.9143742252709,265.94177335003644,50.82756182132217,2.972600875234434,1.5535401535514377,7.84139365901902,262.35,12.001206079743913,286.35241215948787,238.3475878405122,34010.0
JFL,2017-07-25,272.0,272.0,272.0,272.0,1.87 %,20.0,5440.0,0.01872659176029967,0.018553407895747834,272.4,262.7,269.3890858829215,266.39053087966334,54.1181150663203,2.9985550032581614,1.8425431234927827,7.638436969089089,262.7,12.183249933717562,287.06649986743514,238.33350013256486,34030.0
JFL,2017-07-30,272.0,272.0,272.0,272.0,0.00 %,10.0,2720.0,0.0,0.0,271.0,263.5,269.79076497785667,266.8060471107994,54.11811506554028,2.9847178670572703,2.0709780722056803,7.092834328439869,263.5,12.245299850191982,287.99059970038394,239.00940029961603,34030.0
JFL,2017-08-01,277.0,299.0,277.0,299.0,9.93 %,15629.0,4577000.0,0.09926470588235303,0.09464150709468919,275.4,265.55,274.2844934428018,269.1907843618513,67.6681598184292,5.093709080950532,2.6755242739546508,8.514774733551308,265.55,14.50036297186539,294.5507259437308,236.54927405626924,49659.0
JFL,2017-08-02,300.0,322.0,289.0,307.0,2.68 %,9754.0,2972560.0,0.026755852842809347,0.02640417419651071,283.4,268.2,279.3176482977554,271.99146700171417,70.45255174024403,7.326181296041227,3.605655678371966,10.2637193954405,268.2,16.91962423372863,302.03924846745724,234.36075153254274,59413.0
JFL,2017-08-03,307.0,304.0,293.0,293.0,-4.56 %,3383.0,1013418.0,-0.0456026058631922,-0.04667513857012987,288.6,270.4,281.4226254827161,273.54765463121686,60.61469297096742,7.874970851499256,4.459518712997424,10.530596581480465,270.4,17.15072501152938,304.7014500230587,236.09854997694123,56030.0
JFL,2017-08-06,295.0,302.0,290.0,290.0,-1.02 %,1819.0,538484.0,-0.010238907849829393,-0.010291686036547636,292.2,272.7,282.74222156229825,274.7663468807564,58.72241190605888,7.975874681541882,5.162789906706315,10.635553968517575,272.7,16.495932513008388,305.6918650260168,239.70813497398322,54211.0
JFL,2017-08-07,285.0,293.0,285.0,288.0,-0.69 %,697.0,200911.0,-0.006896551724137945,-0.006920442844573795,295.4,274.9,283.5511105527139,275.7466174821818,57.43511520918425,7.804493070532089,5.69113053947147,10.447300113623463,274.9,15.361948889520821,305.6238977790416,244.17610222095834,53514.0
JFL,2017-08-09,285.0,285.0,285.0,285.0,-1.04 %,20.0,5700.0,-0.01041666666666663,-0.010471299867295366,292.6,276.55,283.77401662152715,276.4320532242424,55.47078269174381,7.341963397284758,6.021297111034128,9.915350105507502,276.55,14.52212468143676,305.59424936287354,247.50575063712648,53494.0
JFL,2017-08-10,285.0,290.0,285.0,290.0,1.75 %,410.0,118240.0,0.01754385964912286,0.01739174271186924,289.2,278.25,284.7318602182153,277.43708631874296,58.04617002857316,7.294773899472318,6.275992468721767,9.564253669399823,278.25,13.969421492751206,306.1888429855024,250.31115701449758,53904.0
JFL,2017-08-13,285.0,285.0,282.0,282.0,-2.76 %,426.0,121380.0,-0.02758620689655178,-0.02797385204240618,287.0,279.8,284.31157403079754,277.775079924762,52.7857672441603,6.536494106035548,6.3280927961845235,9.452521264442693,279.8,12.420695802190703,304.6413916043814,254.9586083956186,53478.0
JFL,2017-08-15,280.0,280.0,275.0,280.0,-0.71 %,1153.0,320340.0,-0.007092198581560294,-0.0071174677688639896,285.0,280.75,283.6482549491364,277.9398888192241,51.528528200756625,5.708366129912292,6.204147462930077,9.277341174125358,280.75,11.607053209603038,303.9641064192061,257.5358935807939,52325.0
JFL,2017-08-16,278.0,278.0,278.0,278.0,-0.71 %,10.0,2780.0,-0.0071428571428571175,-0.007168489478612516,283.0,281.35,282.7792926492692,277.9443414992816,50.23988021368483,4.834951149987603,5.930308200341583,8.75753109025926,281.35,11.10369781933869,303.5573956386774,259.14260436132264,52315.0
JFL,2017-08-17,281.0,281.0,281.0,281.0,1.08 %,50.0,14050.0,0.010791366906474753,0.010733555643108633,282.2,281.95,282.50555531861244,278.17068657340894,52.172045653875394,4.334868745203494,5.611220309313965,8.346278869526454,281.95,10.718773496216151,303.3875469924323,260.5124530075677,52365.0
JFL,2017-08-20,283.0,283.0,283.0,283.0,0.71 %,200.0,56600.0,0.007117437722419906,0.007092228309491837,280.8,282.5,282.5816237311336,278.5284134938971,53.469215055490565,4.053210237236499,5.2996182948984725,7.892973235988851,282.5,10.46045183687617,303.4209036737523,261.5790963262477,52565.0
JFL,2017-08-21,280.0,280.0,275.0,275.0,-2.83 %,1233.0,342912.0,-0.028268551236749095,-0.02867579997666631,279.4,282.7,281.41522008018995,278.26704953138625,47.87581658631324,3.148170548803705,4.869328745679519,7.90061800484679,282.7,10.265424850849955,303.2308497016999,262.16915029830005,51332.0
JFL,2017-08-22,280.0,280.0,280.0,280.0,1.82 %,20.0,5600.0,0.018181818181818077,0.018018505502678212,279.4,282.25,281.1974939140069,278.39541623276506,51.304485943490924,2.802077681241826,4.455878532791981,7.6934310045005905,282.25,10.171554763939335,302.59310952787865,261.90689047212135,51352.0
JFL,2017-08-23,277.0,280.0,276.0,278.0,-1.43 %,779.0,215954.0,-0.0071428571428571175,-0.007168489478612516,279.4,282.2,280.70557177339043,278.3661261414492,49.890804605990475,2.3394456319412598,4.0325919526218375,7.42961450417912,282.2,10.19081113449636,302.5816222689927,261.8183777310073,50573.0
JFL,2017-08-24,276.0,272.0,272.0,272.0,-1.45 %,10.0,2720.0,-0.021582733812949617,-0.021819047394639725,277.6,281.95,279.3662530390227,277.89456124208255,45.812444343286096,1.4716917969401493,3.5204119214855,7.327499182452041,281.95,10.384578647409754,302.7191572948195,261.18084270518045,50563.0
JFL,2017-08-27,272.0,280.0,270.0,280.0,2.94 %,1995.0,542608.0,0.02941176470588225,0.028987536873252187,277.0,282.6,279.46375257148077,278.050519668595,51.504744004298445,1.4132329028857953,3.098976117765559,7.518392097991181,282.6,9.789360497366278,302.1787209947326,263.02127900526744,52558.0
JFL,2017-08-28,280.0,284.0,278.0,278.0,-0.71 %,4179.0,1170880.0,-0.0071428571428571175,-0.007168489478612516,277.6,283.15,279.238559868176,278.0467774709213,50.088142139042844,1.1917823972547126,2.71753737366339,7.4099355195632395,283.15,9.155240087111727,301.46048017422345,264.8395198257765,48379.0
JFL,2017-08-30,278.0,278.0,267.0,267.0,-3.96 %,691.0,187407.0,-0.03956834532374098,-0.040372455290387514,275.0,282.9,277.35570450384125,277.2284976582605,43.071380262160496,0.12720684558075845,2.1994712680468638,7.666368696737294,282.9,9.53608106641767,301.9721621328353,263.82783786716465,47688.0
JFL,2017-08-31,267.0,267.0,262.0,267.0,0.00 %,4310.0,1129970.0,0.0,0.0,272.8,282.65,275.76251919555796,276.470831165056,43.07138026156978,-0.7083119694980269,1.6179146205378858,7.475913789827487,282.65,9.895639656462494,302.44127931292496,262.858720687075,47688.0
JFL,2017-09-04,272.0,272.0,263.0,263.0,-1.50 %,685.0,184300.0,-0.014981273408239737,-0.015094626222485016,271.0,280.85,273.7990547039337,275.47299181949626,40.66868538530106,-1.6739371155625804,0.9595442733177926,7.584777090554095,280.85,10.03821644883762,300.9264328976753,260.77356710232476,47003.0
JFL,2017-09-06,265.0,265.0,258.0,259.0,-1.52 %,1596.0,415800.0,-0.01520912547528519,-0.01532597047822682,266.8,278.45,271.5222770571747,274.2527702032373,38.36396620544486,-2.7304931460625994,0.22153678944171418,7.54300729837166,278.45,9.156389773499406,296.7627795469988,260.1372204530012,45407.0
JFL,2017-09-07,262.0,268.0,262.0,268.0,3.47 %,410.0,108670.0,0.03474903474903468,0.03415891881131886,264.8,277.2,270.9803882791478,273.78960204003454,45.80576876319924,-2.8092137608867347,-0.3846133206239756,7.647078205630827,277.2,8.763560920084716,294.72712184016945,259.67287815983053,45817.0
JFL,2017-09-10,266.0,266.0,263.0,263.0,-1.87 %,400.0,105900.0,-0.018656716417910446,-0.018832948333092125,264.0,275.85,269.75263623620197,272.99037225929123,42.71984425346133,-3.237736023089269,-0.9552378611170343,7.458001190942911,275.85,8.767613850507857,293.38522770101576,258.3147722989843,45417.0
JFL,2017-09-11,260.0,272.0,260.0,272.0,3.42 %,2528.0,667160.0,0.034220532319391594,0.03364803411823273,265.0,275.05,270.0983845075555,272.9170113511956,49.336216469126185,-2.818626843640061,-1.3279156576216398,7.7824296773041315,275.05,8.319128243805457,291.68825648761094,258.4117435123891,47945.0
JFL,2017-09-12,267.0,267.0,263.0,263.0,-3.31 %,150.0,39700.0,-0.03308823529411764,-0.03364803411823276,265.0,273.95,269.006325352547,272.1824179177737,43.87803922379429,-3.1760925652267247,-1.6975510391426567,7.869398986068122,273.95,8.388431884072585,290.72686376814517,257.1731362318548,47795.0
JFL,2017-09-13,258.0,268.0,258.0,266.0,1.90 %,338.0,90009.0,0.011406844106463865,0.01134227660393451,266.4,272.75,268.54381375984747,271.72446103497566,46.02173970455642,-3.1806472751281945,-1.9941702863397643,8.021584772777542,272.75,7.6562667830134306,288.06253356602684,257.43746643397316,48133.0
JFL,2017-09-14,268.0,268.0,268.0,268.0,0.00 %,400.0,107200.0,0.007518796992481258,0.007490671729157659,266.4,272.05,268.46015010448633,271.4485750323849,47.46250763652234,-2.9884249278985635,-2.1930212146515244,7.5914715747220045,272.05,7.401813433565284,286.8536268671306,257.24637313286945,48533.0
JFL,2017-09-17,270.0,270.0,270.0,270.0,0.75 %,10.0,2700.0,0.00746268656716409,0.0074349784875179905,267.8,271.55,268.6970500884115,271.3412731781342,48.930492256098454,-2.6442230897226864,-2.283261589665757,7.1920807479561475,271.55,7.1706639199363345,285.8913278398727,257.2086721601273,48543.0
JFL,2017-09-18,269.0,269.0,264.0,265.0,-1.85 %,1534.0,408776.0,-0.01851851851851849,-0.01869213301215252,266.4,270.9,268.12827315173286,270.8715492390132,45.507104733708694,-2.7432760872803215,-2.37526448918867,7.106932123102138,270.9,7.14437577841508,285.18875155683014,256.6112484431698,47009.0
JFL,2017-09-20,261.0,265.0,261.0,261.0,-1.51 %,919.0,242659.0,-0.015094339622641506,-0.015209418663528795,266.0,269.9,267.03161574377395,270.14032336945667,42.920017689022124,-3.1087076256827118,-2.521953116487478,6.8850084000234135,269.9,7.055419715967923,284.01083943193584,255.78916056806412,46090.0
JFL,2017-09-24,266.0,274.0,266.0,274.0,4.98 %,613.0,163508.0,0.04980842911877392,0.04860769906537679,267.6,269.45,268.1036748601164,270.4262253420895,52.392708349042366,-2.322550481973053,-2.482072589584593,7.321793514307456,269.45,6.435714494341722,282.3214289886834,256.57857101131657,46703.0
JFL,2017-09-25,271.0,271.0,269.0,271.0,-1.82 %,1450.0,391200.0,-0.010948905109489093,-0.011009285508369368,268.2,269.25,268.5492633431754,270.46872716860133,50.31745658420186,-1.9194638254259075,-2.369550836752856,7.155951120428352,269.25,6.31518637471748,281.88037274943497,256.61962725056503,45253.0
JFL,2017-09-26,274.0,274.0,266.0,271.0,0.74 %,1110.0,298550.0,0.0,0.0,268.4,268.8,268.92629975191767,270.5080807116679,50.317456583486404,-1.5817809597502333,-2.2119968613523318,7.2162403261120405,268.8,5.809248524646046,280.4184970492921,257.1815029507079,45253.0
JFL,2017-10-03,0.0,275.0,275.0,275.0,1.48 %,1000.0,275000.0,0.014760147601476037,0.014652276786870415,270.4,268.65,269.8607151746996,270.84081547376655,53.18489467776687,-0.9801002990669758,-1.9656175488952607,6.986508874246895,268.65,5.593934685282603,279.83786937056516,257.4621306294348,46253.0
JFL,2017-10-04,271.0,271.0,270.0,270.0,-1.82 %,1000.0,270500.0,-0.018181818181818188,-0.01834913866819654,272.2,268.55,269.88214360936115,270.7785328460801,49.35066654663873,-0.8963892367189601,-1.7517718864600007,6.844615383229259,268.55,5.548589199545521,279.64717839909105,257.452821600909,45253.0
JFL,2017-10-08,265.0,270.0,265.0,265.0,-1.85 %,631.0,168215.0,-0.01851851851851849,-0.01869213301215252,270.4,267.8,269.13104459253634,270.3504933760001,45.79521753096914,-1.219448783463747,-1.64530726586075,6.712857141570026,267.8,4.894680248687706,277.5893604973754,258.0106395026246,44622.0
JFL,2017-10-09,265.0,265.0,265.0,265.0,0.00 %,350.0,92750.0,0.0,0.0,269.2,267.15,268.49549927060764,269.95416053333344,45.795217530258526,-1.4586612627257978,-1.6079780652337596,6.233367345743596,267.15,4.295346318989029,275.74069263797804,258.5593073620219,44622.0
JFL,2017-10-10,270.0,275.0,265.0,275.0,3.77 %,1103.0,292875.0,0.037735849056603765,0.037041271680349076,270.0,267.55,269.49619169051414,270.32792641975317,53.556381269863216,-0.8317347292390309,-1.452729398034814,6.502412535333339,267.55,4.63936247889494,276.8287249577899,258.2712750422101,45725.0
JFL,2017-10-11,271.0,279.0,271.0,278.0,1.09 %,299.0,82661.0,0.01090909090909098,0.010850016024065844,270.6,268.1,270.8044698919735,270.8962281664381,55.60982151422505,-0.09175827446460971,-1.1805351733207732,6.609383068523814,268.1,5.190071493275795,278.48014298655164,257.7198570134484,46024.0
JFL,2017-10-12,273.0,278.0,273.0,275.0,-1.08 %,1296.0,353990.0,-0.010791366906474864,-0.010850016024065818,271.6,268.7,271.4499360624391,271.20021126522045,53.08232459347075,0.24972479721867558,-0.8944831792128835,6.494427135057827,268.7,5.26257891552754,279.22515783105507,258.1748421689449,44728.0
JFL,2017-10-15,274.0,274.0,270.0,270.0,-1.82 %,606.0,163824.0,-0.018181818181818188,-0.01834913866819654,272.6,269.25,271.22686897591,271.111306727056,49.07859542410118,0.11556224885401889,-0.6924740935995031,6.387682339696553,269.25,4.74480325143051,278.739606502861,259.760393497139,44122.0
JFL,2017-10-16,270.0,275.0,266.0,275.0,1.85 %,5028.0,1344750.0,0.0185185185185186,0.018349138668196617,274.6,269.6,271.80735067192387,271.3993580806074,52.90404962742928,0.4079925913164857,-0.4723807566163054,6.574276458289656,269.6,4.903274952845895,279.4065499056918,259.79345009430824,49150.0
JFL,2017-10-17,276.0,276.0,271.0,275.0,-1.45 %,200.0,54900.0,0.0,0.0,274.6,270.2,272.2985274916279,271.6660722968587,52.90404962657326,0.632455194769193,-0.25141356633920575,6.461828139840395,270.2,4.785944332933842,279.77188866586766,260.6281113341323,49150.0
JFL,2017-10-18,270.0,275.0,270.0,274.0,1.11 %,1891.0,517895.0,-0.0036363636363636598,-0.003642991278501092,273.8,270.3,272.5602924929159,271.8389558304247,51.99796585881444,0.7213366624911828,-0.056863520573128046,6.357411844137509,270.3,4.846051023912398,279.9921020478248,260.6078979521752,47259.0
JFL,2017-10-23,274.0,278.0,270.0,278.0,1.46 %,94.0,25660.0,0.014598540145985384,0.014493007302566824,274.4,271.05,273.39717057092884,272.2953294726155,55.29610852212717,1.1018410983133435,0.17487740320416628,6.474739569556259,271.05,4.817457289575818,280.68491457915167,261.41508542084836,47353.0
JFL,2017-10-24,278.0,273.0,268.0,270.0,-2.88 %,106.0,28598.0,-0.02877697841726623,-0.029199154692262353,274.4,271.25,272.87452894463206,272.1253050672366,48.16787437853663,0.7492238773954796,0.2897466980424289,6.726543886016526,271.25,4.677774999656684,280.6055499993134,261.8944500006866,47247.0
JFL,2017-10-29,265.0,265.0,262.0,265.0,-1.85 %,1943.0,512341.0,-0.01851851851851849,-0.01869213301215252,272.4,271.1,271.6630629531502,271.5975046918857,44.32219275684672,0.06555826126447073,0.2449090106868373,6.817505037015346,271.1,4.833000593511973,280.76600118702396,261.4339988129761,45304.0
JFL,2017-10-30,260.0,266.0,256.0,266.0,0.38 %,570.0,150492.0,0.0037735849056603765,0.0037664827954768648,270.6,270.9,270.7918224988194,271.182874714709,45.26344917612201,-0.3910522158896015,0.11771676537154954,7.044826105799965,270.9,4.961960563287898,280.8239211265758,260.97607887342417,45874.0
JFL,2017-11-01,261.0,261.0,246.0,255.0,-4.14 %,4445.0,1120340.0,-0.041353383458646586,-0.0422327636232729,266.8,270.4,268.36231134515486,269.98414325436016,37.711240007938656,-1.621831909205298,-0.23019296954381996,7.970195669671396,270.4,5.985948458466282,282.37189691693254,258.4281030830674,41429.0
JFL,2017-11-02,260.0,260.0,244.0,251.0,-1.57 %,2783.0,697200.0,-0.015686274509803977,-0.015810606026642315,261.4,269.9,265.69118652282333,268.57791042070386,35.39831803904154,-2.886723897880529,-0.7614991552111618,8.543753121837725,269.9,7.122240924703488,284.14448184940693,255.655518150593,38646.0
JFL,2017-11-05,246.0,246.0,242.0,242.0,-3.59 %,225.0,55250.0,-0.03585657370517925,-0.03651521297509745,255.8,268.3,262.04638859623515,266.6091763154665,30.81831047030471,-4.56278771923138,-1.5217568680152056,8.576342184563602,268.3,9.387001090536591,287.0740021810732,249.52599781892684,38421.0
JFL,2017-11-06,242.0,246.0,234.0,234.0,-3.31 %,2909.0,691638.0,-0.03305785123966942,-0.033616610798984974,249.6,266.45,257.73155958142974,264.1936817735801,27.42194800417782,-6.462122192150389,-2.5098299328422424,8.820889171380488,266.45,12.085114811207012,290.620229622414,242.27977037758598,35512.0
JFL,2017-11-07,230.0,234.0,230.0,231.0,-1.28 %,612.0,142286.0,-0.012820512820512775,-0.012903404835907841,242.6,264.45,253.6190119535175,261.7348905310927,26.253502635976133,-8.115878577575188,-3.6310396617888316,8.476539944853311,264.45,14.383744479905694,293.21748895981136,235.68251104018861,34900.0
JFL,2017-11-08,230.0,230.0,226.0,230.0,-0.43 %,917.0,208664.0,-0.0043290043290042934,-0.00433840159859813,237.6,262.2,249.98531780682248,259.38415789915985,25.857982880252933,-9.398840092337366,-4.784599747898539,8.228215663078075,262.2,16.06762026725477,294.3352405345095,230.06475946549045,33983.0
JFL,2017-11-09,226.0,230.0,222.0,226.0,-1.74 %,781.0,178470.0,-0.017391304347826098,-0.017544309650909508,232.6,260.0,246.29526891346518,256.9112573140369,24.28214120401283,-10.615988400571723,-5.950877478433176,8.211914544286785,260.0,17.856150348359737,295.71230069671947,224.28769930328053,33202.0
JFL,2017-11-12,226.0,226.0,222.0,226.0,0.00 %,702.0,156564.0,0.0,0.0,229.4,258.05,243.17291984985516,254.62153455003417,24.282141203614415,-11.448614700179007,-7.050424922782343,7.911063505409158,258.05,19.34853455623341,296.7470691124668,219.3529308875332,33202.0
JFL,2017-11-14,230.0,236.0,230.0,236.0,4.42 %,2060.0,479033.0,0.04424778761061954,0.04329680575332426,229.8,256.6,242.06939371910823,253.242161620402,35.65216232265443,-11.172767901293753,-7.874893518484626,8.06027325502279,256.6,19.87963782366463,296.3592756473293,216.84072435267075,35262.0
JFL,2017-11-15,235.0,240.0,235.0,238.0,0.85 %,600.0,142883.0,0.008474576271186418,0.008438868645864604,231.2,254.75,241.44333314693773,252.1131126114833,37.66814896493734,-10.66977946454557,-8.433870707696816,7.8416823082354465,254.75,19.798657583415714,294.34731516683144,215.15268483316856,35862.0
JFL,2017-11-16,242.0,255.0,242.0,245.0,2.94 %,170.0,42330.0,0.02941176470588225,0.028987536873252187,234.2,253.1,241.9905126627935,251.58621538100306,44.25139959089205,-9.595702718209566,-8.666237109799365,8.4958478576472,253.1,19.122596168162193,291.3451923363244,214.85480766367562,36032.0
JFL,2017-11-19,245.0,249.0,245.0,245.0,0.00 %,73.0,17977.0,0.0,0.0,238.0,251.6,242.45351071467144,251.09834757500283,44.25139959017303,-8.644836860331395,-8.66195705990577,8.174715867815259,251.6,18.48014581852028,288.56029163704056,214.63970836295942,36032.0
JFL,2017-11-20,241.0,242.0,237.0,242.0,-1.22 %,2069.0,494496.0,-0.01224489795918371,-0.012320484388040624,241.2,250.2,242.3837398354912,250.4243959027804,42.04426068176678,-8.040656067289177,-8.537696861382452,8.162236162971313,250.2,18.068874080207856,286.3377481604157,214.0622518395843,33963.0
JFL,2017-11-22,238.0,238.0,238.0,238.0,-1.65 %,50.0,11900.0,-0.016528925619834656,-0.016667052485211647,241.6,248.35,241.7093183223387,249.5040702803522,39.23434986565257,-7.7947519580135065,-8.389107880708663,7.864933579901933,248.35,17.2726586500805,282.89531730016097,213.804682699839,33913.0
JFL,2017-11-26,238.0,235.0,231.0,231.0,-2.94 %,650.0,151560.0,-0.02941176470588236,-0.02985296314968116,240.2,246.15,240.06173088813276,248.13339840773352,34.84545939726216,-8.071667519600766,-8.325619808487083,7.803152609908938,246.15,16.483724029928347,279.1174480598567,213.1825519401433,33263.0
JFL,2017-11-27,235.0,239.0,235.0,235.0,1.73 %,1676.0,394364.0,0.017316017316017396,0.017167803622365498,238.2,244.2,239.28300305918927,247.16055408123475,39.041766731149764,-7.8775510220454805,-8.236006051198764,7.817213137772586,244.2,15.278467820677346,274.7569356413547,213.6430643586453,34939.0
JFL,2017-11-28,239.0,239.0,235.0,239.0,1.70 %,393.0,93875.0,0.017021276595744705,0.01687803778735173,237.0,242.25,239.2394641270063,246.55606859373586,42.99557711475048,-7.316604466729558,-8.052125734304923,7.544555056503116,242.25,13.06612736087611,268.38225472175225,216.11774527824778,35332.0
JFL,2017-11-29,243.0,247.0,243.0,247.0,3.35 %,580.0,143200.0,0.03347280334728042,0.03292478469646661,238.0,241.1,240.4333927228515,246.5889524016073,49.982982446754754,-6.155559678755793,-7.672812523195097,7.577086838181465,241.1,11.401292632167722,263.9025852643354,218.29741473566455,35912.0
JFL,2017-11-30,243.0,243.0,235.0,235.0,-4.86 %,1405.0,339095.0,-0.04858299595141702,-0.04980282248381825,237.4,239.6,239.5974861501051,245.7305114829697,41.72173411298268,-6.133025332864577,-7.364855085128994,7.893009206882789,239.6,9.975760095040322,259.5515201900806,219.64847980991937,34507.0
JFL,2017-12-04,232.0,239.0,232.0,236.0,0.42 %,2529.0,599204.0,0.004255319148936065,0.004246290881451004,238.4,238.1,239.04402674239662,245.00973285460157,42.57353682236394,-5.965706112204941,-7.085025290544183,7.82922283496259,238.1,7.819678281180786,253.73935656236156,222.46064343763842,37036.0
JFL,2017-12-05,240.0,240.0,236.0,236.0,0.00 %,142.0,33680.0,0.0,0.0,238.6,237.15,238.5757149358741,244.3423452357422,42.573536821693814,-5.766630299868098,-6.8213462924089665,7.555706918179548,237.15,6.737756928026753,250.62551385605352,223.6744861439465,37036.0
JFL,2017-12-06,240.0,240.0,240.0,240.0,1.69 %,1010.0,242400.0,0.016949152542372836,0.01680711831638119,238.8,236.6,238.7948357149704,244.0206900330946,46.2200842962505,-5.22585431812422,-6.502247897552018,7.301727852595294,236.6,5.950674442104064,248.5013488842081,224.69865111579188,38046.0
JFL,2017-12-10,240.0,240.0,240.0,240.0,0.00 %,200.0,48000.0,0.0,0.0,237.4,236.5,238.98024560497495,243.72286114175427,46.22008429546032,-4.7426155367793115,-6.150321425397477,6.780175863124202,236.5,5.871429486134325,248.24285897226866,224.75714102773134,38046.0
JFL,2017-12-12,244.0,244.0,244.0,244.0,1.67 %,50.0,12200.0,0.016666666666666607,0.016529301951210506,239.2,237.0,239.7525155119019,243.74338994606876,49.90900110671133,-3.9908744341668694,-5.718432027151357,6.581591872901045,237.0,6.0697697866787435,249.1395395733575,224.8604604266425,38096.0
JFL,2017-12-17,240.0,240.0,236.0,236.0,-3.28 %,42.0,10000.0,-0.032786885245901676,-0.033336420267591836,239.2,237.25,239.17520543314777,243.1698055056192,43.484648269620685,-3.994600072471428,-5.373665636215371,6.682906739122399,237.25,5.910516942403218,249.07103388480644,225.42896611519356,38054.0
JFL,2017-12-18,233.0,233.0,228.0,228.0,-3.39 %,420.0,97060.0,-0.03389830508474578,-0.03448617607116932,237.6,237.15,237.45594305881735,242.04611620890665,38.19055958063763,-4.590173150089299,-5.216967138990157,6.776984829185085,237.15,6.054793664189505,249.259587328379,225.040412671621,37634.0
JFL,2017-12-19,232.0,232.0,224.0,228.0,0.00 %,580.0,130280.0,0.0,0.0,235.2,237.25,236.00118258823005,241.00566315639506,38.19055958001172,-5.0044805681650075,-5.1744698248251275,6.864343055671864,237.25,5.874790029852687,248.99958005970538,225.50041994029462,37634.0
JFL,2017-12-20,225.0,228.0,224.0,228.0,0.00 %,300.0,67700.0,0.0,0.0,232.8,237.35,234.77023142081003,240.04228070036578,38.19055957933768,-5.272049279555745,-5.193985715771251,6.659747123123874,237.35,5.687243342975994,248.72448668595197,225.97551331404802,37634.0
JFL,2017-12-21,225.0,226.0,225.0,226.0,-0.88 %,1100.0,247600.0,-0.00877192982456143,-0.00881062968215492,229.2,236.85,233.42096504837772,239.00211175959794,36.79193257091327,-5.581146711220214,-5.271417914861043,6.398336614329312,236.85,6.226217910883359,249.30243582176672,224.39756417823327,36534.0
JFL,2017-12-26,222.0,223.0,220.0,220.0,-2.65 %,2434.0,537492.0,-0.026548672566371723,-0.02690745291992438,226.0,235.95,231.35620119478114,237.59454792555366,32.899339497157825,-6.23834673077252,-5.4648036780433396,6.369883999020076,235.95,7.265455395595349,250.4809107911907,221.41908920880928,34100.0
JFL,2017-12-27,220.0,228.0,214.0,214.0,-2.73 %,6119.0,1334800.0,-0.027272727272727226,-0.02765153133051001,223.2,234.4,228.68601639558403,235.8468036347719,29.534247106801956,-7.160787239187869,-5.804000390272245,6.914892284804357,234.4,8.444244380524545,251.2884887610491,217.5115112389509,27981.0
JFL,2017-12-28,218.0,222.0,217.0,217.0,1.40 %,2910.0,636830.0,0.014018691588784993,0.013921338518608014,221.0,233.0,226.88816771934034,234.4507441062703,33.212645323177966,-7.562576386929948,-6.155715589603785,6.992399978746903,233.0,8.902985897712368,250.80597179542474,215.19402820457526,30891.0
JFL,2017-12-31,216.0,221.0,216.0,217.0,0.00 %,1450.0,316500.0,0.0,0.0,218.8,231.75,225.36691114713415,233.15809639469472,33.2126453225556,-7.791185247560577,-6.4828095211951435,6.850085694550695,231.75,9.318205158105934,250.38641031621188,213.11358968378812,30891.0
JFL,2018-01-01,218.0,222.0,218.0,222.0,2.30 %,4446.0,977745.0,0.02304147465437789,0.022780028331819906,218.0,230.95,224.84892481680583,232.33157073582845,39.333956216946106,-7.482645919022616,-6.682776800760639,6.717936716368502,230.95,9.439419027624528,249.82883805524904,212.07116194475094,35337.0
JFL,2018-01-02,219.0,225.0,219.0,220.0,-0.90 %,2057.0,455984.0,-0.009009009009009028,-0.009049835519917927,218.0,230.4,224.1029363834511,231.41812105169302,37.83997310182656,-7.315184668241926,-6.809258374256896,6.6666555223421815,230.4,9.75165303126803,249.90330606253607,210.89669393746394,33280.0
JFL,2018-01-03,186.0,189.0,180.0,180.0,-3.23 %,1670.0,308010.0,-0.18181818181818177,-0.2006706954621511,211.2,227.65,217.31786924753555,227.60937134416022,20.81321624279836,-10.291502096624669,-7.505707118730451,9.04760869931774,227.65,14.822724374920961,257.2954487498419,198.00455125015807,31610.0
JFL,2018-01-04,177.0,177.0,177.0,177.0,-1.67 %,333.0,58941.0,-0.01666666666666672,-0.01680711831638129,203.2,224.55,211.11512013253008,223.86052902237057,20.083317660894167,-12.74540888984049,-8.55364747295246,8.615636649366472,224.55,18.38041005212767,261.31082010425536,187.78917989574467,31277.0
JFL,2018-01-07,174.0,175.0,174.0,175.0,-1.13 %,341.0,59375.0,-0.011299435028248594,-0.011363758650315095,194.8,220.95,205.55894780444854,220.24123057626906,19.590083624972607,-14.682282771820525,-9.779374532726072,8.214519745840295,220.95,20.661367458697175,262.27273491739436,179.62726508260565,30936.0
JFL,2018-01-08,178.0,178.0,178.0,178.0,1.71 %,330.0,58740.0,0.017142857142857126,0.016997576368571077,186.0,218.1,201.31910968068723,217.11225053358248,22.65844442039007,-15.793140852895249,-10.982127796759908,7.842054049708846,218.1,22.47314186453056,263.0462837290611,173.15371627093887,31266.0
JFL,2018-01-09,178.0,181.0,178.0,181.0,1.69 %,3301.0,589081.0,0.016853932584269593,0.016713480973740532,178.2,215.35,198.19309280673534,214.4372690125764,25.71128647451755,-16.244176205841057,-12.034537478576139,7.496193046158215,215.35,23.508732979808872,262.36746595961773,168.33253404038226,34567.0
JFL,2018-01-14,178.0,178.0,172.0,172.0,-4.97 %,2028.0,353916.0,-0.04972375690607733,-0.051002554452372686,176.6,212.15,194.16338622108373,211.2937676042374,22.803284027406235,-17.13038138315366,-13.053706259491644,7.603607828575486,212.15,24.866538497391943,261.8830769947839,162.41692300521612,32539.0
JFL,2018-01-17,169.0,171.0,169.0,171.0,-0.58 %,200.0,34000.0,-0.005813953488372103,-0.00583092031079321,175.4,208.7,190.599788340917,208.30904407799758,22.498794483737257,-17.709255737080582,-13.984816155009431,7.274778697962952,208.7,25.575687468255104,259.8513749365102,157.5486250634898,32339.0
JFL,2018-01-21,174.0,177.0,174.0,174.0,1.75 %,266.0,46746.0,0.01754385964912286,0.01739174271186924,175.2,205.4,188.0459747500067,205.7676334055533,25.703932613131556,-17.721658655546605,-14.732184655116868,7.183723076679884,205.4,25.58247755583732,256.56495511167464,154.23504488832538,32605.0
JFL,2018-01-22,175.0,177.0,174.0,176.0,1.15 %,3917.0,688825.0,0.011494252873563315,0.01142869582362285,174.8,202.0,186.1927478653903,203.56262352366048,27.84628263343224,-17.36987565827019,-15.259722855747533,6.884885714059893,202.0,24.68538881712868,251.37077763425737,152.62922236574263,36522.0
JFL,2018-01-23,179.0,179.0,176.0,179.0,1.70 %,1545.0,274980.0,0.017045454545454586,0.016901810802603254,174.4,199.15,185.08617127071486,201.74316992931526,31.05762623944011,-16.6569986586004,-15.539178016318107,6.607393877341329,199.15,23.828940829437368,246.80788165887475,151.49211834112526,38067.0
JFL,2018-01-24,178.0,178.0,178.0,178.0,-0.56 %,150.0,26700.0,-0.005586592178770999,-0.005602255548669898,175.6,196.65,183.99599107522027,199.98441660121784,30.56922592331587,-15.98842552599757,-15.629027518254002,6.20686574324552,196.65,23.25889756178642,243.16779512357283,150.13220487642718,37917.0
JFL,2018-01-25,177.0,180.0,177.0,180.0,1.12 %,120.0,21504.0,0.011235955056179803,0.011173300598125255,177.4,194.25,183.3812232174941,198.50408944557208,32.843842473972245,-15.122866228077982,-15.527795260218799,5.977803904442268,194.25,22.310901276947085,238.87180255389416,149.62819744610584,38037.0
JFL,2018-01-28,179.0,179.0,178.0,179.0,-1.11 %,100.0,17810.0,-0.005555555555555536,-0.00557104504945536,178.4,191.8,182.70718887634118,197.0593420792334,32.27450410354511,-14.352153202892225,-15.292666848753484,5.693675054124964,191.8,21.06531197066074,233.9306239413215,149.66937605867852,37937.0
JFL,2018-01-29,178.0,178.0,175.0,175.0,-1.69 %,524.0,93191.0,-0.022346368715083775,-0.02259983191724092,178.2,189.25,181.52146751075023,195.42531674003092,30.031941492913646,-13.903849229280695,-15.014903324858928,5.572698264544609,189.25,19.753414095322047,228.7568281906441,149.7431718093559,37413.0
JFL,2018-01-31,178.0,183.0,178.0,182.0,4.00 %,1317.0,239047.0,0.040000000000000036,0.03922071315328133,178.8,187.35,181.59508789371174,194.43084883336195,38.133412668207804,-12.835760939650214,-14.579074847817186,5.74607695993428,187.35,18.4227405241802,224.1954810483604,150.5045189516396,38730.0
JFL,2018-02-01,185.0,185.0,185.0,185.0,1.65 %,550.0,101750.0,0.016483516483516425,0.01634913800152941,180.2,185.9,182.11892052544837,193.7322674382981,41.27188310067532,-11.613346912849721,-13.985929260823694,5.54992860565326,185.9,17.32324267688722,220.54648535377444,151.25351464622557,39280.0
JFL,2018-02-04,182.0,182.0,173.0,173.0,-6.49 %,2104.0,372722.0,-0.06486486486486487,-0.06706423058054588,178.8,183.7,180.71600967537938,192.1965439243501,33.87028629425555,-11.480534248970713,-13.484850258453099,6.010647990963742,183.7,15.90134055918472,215.50268111836942,151.89731888163055,37176.0
JFL,2018-02-05,173.0,173.0,173.0,173.0,0.00 %,1780.0,307940.0,0.0,0.0,177.6,181.5,179.52893126378254,190.77457770773157,33.870286293710436,-11.245646443949028,-13.037009495552287,5.5813159916091895,181.5,13.979308016915889,209.4586160338318,153.5413839661682,37176.0
JFL,2018-02-06,176.0,176.0,172.0,172.0,-0.58 %,1056.0,185703.0,-0.005780346820809301,-0.005797117684325958,177.0,179.0,178.37063414627752,189.38386824789958,33.293233906482584,-11.01323410162206,-12.632254416766242,5.46836484935139,179.0,10.356792838276313,199.7135856765526,158.2864143234474,36120.0
JFL,2018-02-07,171.0,174.0,171.0,171.0,-0.58 %,3047.0,522387.0,-0.005813953488372103,-0.00583092031079321,174.8,176.55,177.2366904314656,188.02210022953665,32.69338625446049,-10.785409798071043,-12.262885493027204,5.29205307439772,176.55,3.979883626998396,184.5097672539968,168.5902327460032,33073.0
JFL,2018-02-08,170.0,170.0,170.0,170.0,-0.58 %,84.0,14280.0,-0.005847953216374324,-0.005865119452398134,171.8,176.05,176.12335344200937,186.68712984216356,32.07110939980325,-10.563776400154183,-11.9230636744526,4.985477854797883,176.05,4.148239956545723,184.34647991309146,167.75352008690857,32989.0
JFL,2018-02-11,170.0,170.0,170.0,170.0,0.00 %,110.0,18700.0,0.0,0.0,171.2,175.7,175.18129906631563,185.45104615015143,32.07110939914587,-10.269747083835796,-11.59240035632924,4.629372293740891,175.7,4.3540664598835805,184.40813291976716,166.99186708023282,32989.0
JFL,2018-02-12,171.0,171.0,171.0,171.0,0.59 %,67.0,11457.0,0.00588235294117645,0.005865119452398058,170.8,175.5,174.53802228688247,184.38059828717724,33.538227343600795,-9.84257600029477,-11.242435485122346,4.370131415616542,175.5,4.478016478217649,184.4560329564353,166.5439670435647,33056.0
JFL,2018-02-14,172.0,175.0,172.0,175.0,2.34 %,389.0,67586.0,0.023391812865497075,0.023122417420854212,171.4,175.35,174.60909578120825,183.68573915479374,39.195306857929005,-9.076643373585483,-10.809277062814974,4.343693457358217,175.35,4.43995021311935,184.2299004262387,166.4700995737613,33445.0
JFL,2018-02-15,174.0,174.0,173.0,173.0,-1.14 %,300.0,52100.0,-0.011428571428571455,-0.011494379425735134,171.8,174.95,174.36154258409928,182.89420292110532,37.47760842349679,-8.532660337006035,-10.353953717653187,4.176286781832631,174.95,4.260899336775892,183.47179867355177,166.4282013264482,33145.0
JFL,2018-02-20,170.0,170.0,170.0,170.0,-1.73 %,200.0,34000.0,-0.017341040462427793,-0.01749315744751723,171.8,174.85,173.69053603269938,181.93907677880122,34.999871231489436,-8.248540746101838,-9.932871123342919,4.092266297416014,174.85,4.3561813311335404,183.56236266226708,166.1376373377329,32945.0
JFL,2018-02-21,170.0,170.0,170.0,170.0,0.00 %,75.0,12750.0,0.0,0.0,171.8,174.8,173.12276125843795,181.05470072111223,34.99987123065881,-7.931939462674279,-9.532684791209192,3.799961561886299,174.8,4.408126466834999,183.61625293367,165.98374706633,32945.0
JFL,2018-02-22,170.0,170.0,170.0,170.0,0.00 %,493.0,83810.0,0.0,0.0,171.6,174.6,172.6423364494475,180.23583400102981,34.99987122976427,-7.593497551582317,-9.144847343283818,3.5285357360372775,174.6,4.535242116235334,183.67048423247067,165.52951576752932,32945.0
JFL,2018-02-26,168.0,168.0,168.0,168.0,-1.18 %,30.0,5040.0,-0.0117647058823529,-0.011834457647002796,170.2,174.2,171.9281308418402,179.32947592687947,33.17370566687795,-7.4013450850392815,-8.796146891634912,3.4193546120346148,174.2,4.75283848709952,183.70567697419904,164.69432302580094,32915.0
JFL,2018-02-27,171.0,171.0,171.0,171.0,1.79 %,193.0,33003.0,0.017857142857142794,0.017699577099400857,169.8,173.8,171.78534148155708,178.71247771007359,38.368323762426606,-6.927136228516503,-8.422344759011231,3.3894007111749995,173.8,4.663407383158511,183.12681476631704,164.47318523368298,33108.0
JFL,2018-02-28,168.0,169.0,167.0,169.0,-1.75 %,550.0,92250.0,-0.011695906432748537,-0.01176484157958637,169.6,173.35,171.35682740747137,177.99303491673479,36.340233043957035,-6.636207509263414,-8.06511730906167,3.433014946091071,173.35,4.671019273443121,182.69203854688624,164.00796145311375,32558.0
JFL,2018-03-04,165.0,166.0,162.0,162.0,-3.57 %,1030.0,168588.0,-0.041420118343195256,-0.04230237969068939,168.0,172.45,169.91731549862962,176.80836566364331,30.302826534058397,-6.891050165013695,-7.8303038802520755,3.6877995927988514,172.45,5.041668479073048,182.5333369581461,162.36666304185388,31528.0
JFL,2018-03-06,161.0,161.0,160.0,160.0,-1.23 %,1291.0,207060.0,-0.012345679012345734,-0.012422519998557209,166.0,171.5,168.3915746526866,175.56330154041046,28.82912088248888,-7.171726887723878,-7.6985884817464365,3.567242479027505,171.5,5.510755034737116,182.52151006947423,160.47848993052577,30237.0
JFL,2018-03-07,159.0,159.0,159.0,159.0,-0.62 %,700.0,111300.0,-0.006249999999999978,-0.006269613013595374,164.2,170.7,166.9467170138117,174.33639031519488,28.093443717771663,-7.389673301383169,-7.636805445673783,3.3838680162398265,170.7,6.1052177856958245,182.91043557139164,158.48956442860833,29537.0
JFL,2018-03-11,159.0,156.0,153.0,155.0,-2.52 %,1500.0,232900.0,-0.02515723270440251,-0.0254790853009849,161.0,169.35,165.10876055014836,172.9040651066619,25.311095434301365,-7.795304556513543,-7.668505267841735,3.57073458650841,169.35,6.450418183117651,182.2508363662353,156.4491636337647,28037.0
JFL,2018-03-12,155.0,158.0,158.0,158.0,1.94 %,708.0,111864.0,0.019354838709677358,0.019169916107720123,158.8,168.0,164.01510508089478,171.8000602839462,30.84316425580579,-7.784955203051425,-7.691795254883673,3.5299678303292383,168.0,5.794734451955169,179.58946890391033,156.41053109608967,28745.0
JFL,2018-03-13,160.0,160.0,158.0,158.0,1.27 %,144.0,22840.0,0.0,0.0,158.0,167.25,163.08970429921868,170.7778335962465,30.84316425498571,-7.688129297027814,-7.6910620633125015,3.42068441387715,167.25,6.077352262833895,179.4047045256678,155.0952954743322,28745.0
JFL,2018-03-19,163.0,163.0,162.0,163.0,1.87 %,250.0,40650.0,0.03164556962025311,0.03115516777979548,158.6,166.75,163.07590363780042,170.20169777430232,39.50428712231847,-7.125794136501895,-7.57800847795038,3.533492670028782,166.75,5.990123450115682,178.73024690023135,154.76975309976865,28995.0
JFL,2018-03-20,161.0,162.0,160.0,160.0,-1.84 %,6613.0,1058940.0,-0.018404907975460127,-0.01857638557293542,158.8,166.15,162.60268769352342,169.44601645768734,36.54679046288073,-6.843328764163914,-7.4310725351930875,3.495386050741012,166.15,6.037383539270837,178.22476707854167,154.07523292145834,22382.0
JFL,2018-03-21,160.0,162.0,160.0,162.0,1.25 %,506.0,81760.0,0.012499999999999956,0.01242251999855711,160.2,165.7,162.50996650990444,168.89445968304383,39.78339560477669,-6.38449317313939,-7.221756662782349,3.3885727614023686,165.7,5.9921000624283645,177.68420012485672,153.71579987514326,22888.0
JFL,2018-03-22,159.0,159.0,159.0,159.0,-1.85 %,717.0,114003.0,-0.01851851851851849,-0.01869213301215252,160.4,165.15,161.96997166222684,168.1615367435591,36.75489764130925,-6.191565081332271,-7.015718346492334,3.3608175641593427,165.15,6.080815388558838,177.31163077711767,152.98836922288234,22171.0
JFL,2018-03-26,156.0,159.0,156.0,156.0,-1.89 %,800.0,125400.0,-0.018867924528301883,-0.019048194970694474,160.0,164.45,161.05151448342272,167.26068216996214,33.97002115523689,-6.209167686539416,-6.854408214501751,3.3350448810051043,164.45,6.2951526882739435,177.04030537654788,151.8596946234521,21371.0
JFL,2018-03-27,153.0,153.0,150.0,150.0,-3.85 %,1725.0,262050.0,-0.038461538461538436,-0.03922071315328127,157.4,163.4,159.35128148597306,165.98211312033533,29.20407761115814,-6.630831634362266,-6.8096928984738545,3.525398818076168,163.4,6.870225614946249,177.1404512298925,149.6595487701075,19646.0
JFL,2018-04-02,147.0,147.0,147.0,147.0,-2.00 %,10.0,1470.0,-0.020000000000000018,-0.020202707317519466,154.8,162.0,157.4510843342849,164.57603066697715,27.152809025387697,-7.124946332692247,-6.872743585317533,3.4878703310707277,162.0,7.225685179694425,176.45137035938885,147.54862964061115,19636.0
JFL,2018-04-03,149.0,149.0,149.0,149.0,1.36 %,54.0,8046.0,0.013605442176870763,0.013513719166722855,152.2,160.8,156.1509175136257,163.42225061757142,30.649996747343877,-7.271333103945722,-6.952461489043171,3.38159387885139,160.8,7.295276049050326,175.39055209810067,146.20944790189935,19690.0
JFL,2018-04-05,151.0,154.0,151.0,154.0,3.36 %,747.0,113067.0,0.033557046979865834,0.03300629646817008,151.2,160.0,155.82000712691405,162.72430612738097,38.58755969204032,-6.904299000466921,-6.9428289913279215,3.497194316076291,160.0,7.108186533128091,174.21637306625618,145.78362693374382,20437.0
JFL,2018-04-08,157.0,166.0,157.0,166.0,7.79 %,310.0,50470.0,0.07792207792207795,0.0750351859429141,153.2,159.8,157.3861598766196,162.96695011794534,52.607501887314896,-5.580790241325758,-6.670421241327489,4.104537579213699,159.8,6.864094220940913,173.52818844188184,146.07181155811818,20747.0
JFL,2018-04-09,169.0,175.0,169.0,170.0,2.41 %,2607.0,449849.0,0.024096385542168752,0.023810648693718607,157.2,159.8,159.32675066483196,163.4879167758753,56.19717893460384,-4.161166111043343,-6.16857021527066,4.454213466412721,159.8,6.864094220940913,173.52818844188184,146.07181155811818,23354.0
JFL,2018-04-10,170.0,170.0,168.0,169.0,-1.18 %,647.0,109396.0,-0.00588235294117645,-0.005899722127188271,161.6,159.85,160.81494287024242,163.89621923692155,55.07408074737502,-3.081276366679134,-5.551111445552355,4.278912504526098,159.85,6.930292011790787,173.71058402358156,145.98941597641843,22707.0
JFL,2018-04-12,171.0,171.0,171.0,171.0,1.79 %,500.0,85500.0,0.01183431952662728,0.01176484157958643,166.0,159.85,162.38187473635898,164.4224252193718,56.9280905047199,-2.0405504830128223,-4.848999253044449,4.1161330399170915,159.85,6.930292011790787,173.71058402358156,145.98941597641843,23207.0
JFL,2018-04-15,171.0,172.0,172.0,172.0,0.58 %,218.0,37496.0,0.005847953216374213,0.005830920310793144,169.6,160.0,163.86158631538066,164.98372705497388,57.86439891486787,-1.1221407395932204,-4.103627550354203,3.8935521084944424,160.0,7.167176644460595,174.3343532889212,145.6656467110788,23425.0
JFL,2018-04-16,175.0,175.0,173.0,173.0,1.74 %,510.0,89230.0,0.005813953488372103,0.005797117684325915,171.0,160.55,165.2674961130144,165.57752505090173,58.82824754602195,-0.3100289378873242,-3.344907827860827,3.8297269578876967,160.55,7.728791013255864,176.00758202651173,145.0924179734883,23935.0
JFL,2018-04-17,175.0,187.0,175.0,187.0,6.86 %,2530.0,460040.0,0.08092485549132955,0.07781702235680775,174.4,161.9,168.61095824947373,167.16437504713122,69.38637894894387,1.4465832023425094,-2.3866096218201602,4.55617503232429,161.9,9.727335330492377,181.35467066098477,142.44532933901525,26465.0
JFL,2018-04-18,190.0,190.0,190.0,190.0,1.60 %,667.0,126730.0,0.016042780748663166,0.015915455305899582,178.6,163.45,171.901580057247,168.8559028214178,71.09683163244057,3.045677235829203,-1.3001522502902878,4.445019672872555,163.45,11.541572455133897,186.5331449102678,140.36685508973218,27132.0
JFL,2018-04-19,187.0,187.0,187.0,187.0,-1.58 %,500.0,93500.0,-0.015789473684210575,-0.015915455305899568,181.8,165.05,174.22441389459362,170.1999100198313,67.06171841810618,4.024503874762331,-0.23522102527976407,4.341803981953087,165.05,12.487783503983628,190.02556700796725,140.07443299203277,26632.0
JFL,2018-04-22,187.0,199.0,181.0,199.0,6.42 %,4829.0,922617.0,0.06417112299465244,0.062196207869905804,187.2,167.1,178.0360425261946,172.3332500183623,73.5325758182754,5.702792507832299,0.9523816813426487,5.317389411813581,167.1,14.476478199233682,196.05295639846736,138.14704360153263,31461.0
JFL,2018-04-23,202.0,201.0,194.0,194.0,-1.00 %,1243.0,242711.0,-0.025125628140703515,-0.025446665661164262,191.4,168.9,180.49203598370312,173.93819446144659,67.57562008620329,6.553841522256533,2.072673649525426,5.437575882398325,168.9,15.488195844789955,199.87639168957992,137.9236083104201,30218.0
JFL,2018-04-24,194.0,194.0,188.0,190.0,-3.55 %,206.0,39330.0,-0.020618556701030966,-0.020834086902842025,192.0,170.25,181.95479967851801,175.12795783467277,63.16693509444521,6.826841843845244,3.02350728838939,5.477749033655588,170.25,16.11104557357885,202.4720911471577,138.0279088528423,30012.0
JFL,2018-04-25,190.0,192.0,189.0,192.0,1.05 %,373.0,71347.0,0.010526315789473717,0.010471299867295437,192.4,171.85,183.50021511259217,176.37773873580812,64.41695471496574,7.12247637678405,3.8433011060683224,5.300766959823046,171.85,16.62045347409203,205.09090694818406,138.60909305181593,30385.0
JFL,2018-04-26,189.0,189.0,179.0,182.0,-5.21 %,17323.0,3178420.0,-0.05208333333333337,-0.053488684950986236,191.4,172.85,183.26941278757798,176.79420253315567,54.46417117868634,6.475210254422308,4.369682935739119,5.8507121769785435,172.85,16.598271945572915,206.04654389114583,139.65345610885416,13062.0
JFL,2018-04-29,179.0,179.0,167.0,170.0,-6.59 %,2180.0,373831.0,-0.06593406593406592,-0.06820825002653358,185.6,173.4,181.22796466641213,176.29092827144044,45.39933796120442,4.937036394971699,4.483153627585635,6.5042327357657905,173.4,16.294655242561245,205.9893104851225,140.8106895148775,10882.0
JFL,2018-05-02,170.0,167.0,165.0,165.0,-2.94 %,354.0,58844.0,-0.02941176470588236,-0.02985296314968116,179.8,173.85,178.73135471773335,175.4545632142967,42.24439538212625,3.276791503436641,4.241881202755836,6.396787540353948,173.85,15.90853792614557,205.66707585229113,142.03292414770885,10528.0
JFL,2018-05-03,168.0,171.0,165.0,170.0,3.03 %,1864.0,311829.0,0.030303030303030276,0.02985296314968113,175.8,174.85,177.3880693765436,175.05052149471916,46.26579688086182,2.3375478818244346,3.8610145385695565,6.368445573185809,174.85,14.928866421527811,204.70773284305562,144.99226715694437,12392.0
JFL,2018-05-06,170.0,170.0,169.0,169.0,0.00 %,217.0,36773.0,-0.00588235294117645,-0.005899722127188271,171.2,175.95,176.09759716476765,174.60233471733255,45.58221056040346,1.4952624474350955,3.3878641203426643,5.984985175101109,175.95,13.512080364981301,202.9741607299626,148.9258392700374,12175.0
JFL,2018-05-07,167.0,167.0,167.0,167.0,-1.76 %,200.0,33400.0,-0.011834319526627168,-0.011904902506318314,168.2,176.85,174.6979668317265,174.03919881234498,44.176363873411624,0.6587680193815117,2.842044900150434,5.7003433768796015,176.85,12.153730204960722,201.15746040992144,152.54253959007855,11975.0
JFL,2018-05-08,170.0,173.0,170.0,173.0,3.59 %,479.0,82558.0,0.03592814371257491,0.035297782081023896,168.8,177.8,174.436741165307,173.96222112254165,49.23478249838018,0.47452004276536286,2.36853992867342,5.721747421388201,177.8,10.95733352120728,199.71466704241456,155.88533295758546,12454.0
JFL,2018-05-09,173.0,176.0,175.0,176.0,1.73 %,427.0,75025.0,0.01734104046242768,0.01719240054037277,171.0,178.3,174.67724252449057,174.11316770605708,51.59650078994227,0.5640748184334825,2.0076469066254328,5.527336891289044,178.3,10.613298510048269,199.52659702009655,157.07340297990348,12881.0
JFL,2018-05-10,176.0,173.0,173.0,173.0,-1.70 %,116.0,20068.0,-0.017045454545454586,-0.017192400540372875,171.6,178.45,174.41920521303047,174.03071083894173,49.13479755342017,0.38849437408873655,1.6838164001180937,5.346812827625541,178.45,10.510521044734821,199.47104208946962,157.42895791053036,12765.0
JFL,2018-05-14,170.0,170.0,167.0,167.0,-3.47 %,955.0,160085.0,-0.034682080924855474,-0.03529778208102382,171.2,178.35,173.2777890264104,173.5099174434646,44.556144558969685,-0.2321284170541844,1.3006274366836381,5.393469054223718,178.35,10.614166303390213,199.5783326067804,157.12166739321958,11810.0
JFL,2018-05-15,165.0,168.0,164.0,168.0,0.60 %,1896.0,311977.0,0.0059880239520957446,0.005970166986503754,171.4,178.2,172.46582148388572,173.10177541061535,45.46822186776919,-0.635953926729627,0.9133111640009851,5.293935550350595,178.2,10.7439089230877,199.6878178461754,156.71218215382459,13706.0
JFL,2018-05-16,166.0,166.0,166.0,166.0,-1.19 %,1260.0,209160.0,-0.011904761904761862,-0.01197619104671565,170.0,177.9,171.47107971713407,172.575717972792,43.912330072854225,-1.1046382556579317,0.5097212800692017,5.058654439611267,177.9,11.00669652626474,199.9133930525295,155.8866069474705,12446.0
JFL,2018-05-20,169.0,169.0,166.0,166.0,0.00 %,820.0,137080.0,0.0,0.0,168.0,177.55,170.6293751452673,172.0886277525852,43.91233007204511,-1.4592526073179215,0.11592650259177706,4.911607693924748,177.55,11.278647735304018,200.10729547060805,154.99270452939197,12446.0
JFL,2018-05-21,164.0,167.0,164.0,167.0,0.60 %,45.0,7461.0,0.006024096385542244,0.006006024060211949,166.8,176.55,170.07100973830308,171.71169236350482,45.00363169785637,-1.6406826252017481,-0.23539532296692797,4.775064287215837,176.55,11.28331324988255,199.11662649976512,153.9833735002349,12491.0
JFL,2018-05-23,166.0,166.0,164.0,164.0,-1.80 %,1372.0,225708.0,-0.017964071856287456,-0.018127384592556715,166.2,175.25,169.1370082401026,171.1404558921341,42.341961076336844,-2.0034476520314968,-0.5890057887798418,4.648273980986135,175.25,11.149109003825739,197.54821800765149,152.95178199234851,11119.0
JFL,2018-05-24,164.0,180.0,167.0,172.0,4.88 %,5575.0,985908.0,0.04878048780487809,0.047628048989254664,167.0,174.5,169.57746851085605,171.20412582605007,50.713217290409446,-1.6266573151940236,-0.7965360940626782,5.459111553772839,174.5,10.816653826403165,196.13330765280634,152.86669234719366,16694.0
JFL,2018-05-27,175.0,181.0,175.0,175.0,1.74 %,1204.0,212170.0,0.01744186046511631,0.017291497110061043,168.8,173.3,170.41170412457052,171.4853016907871,53.44302153826664,-1.0735975662165913,-0.8519483884934609,5.712032157074779,173.3,9.159981613417095,191.61996322683422,154.9800367731658,17898.0
JFL,2018-05-28,175.0,184.0,178.0,181.0,3.43 %,1677.0,302620.0,0.03428571428571425,0.03371105734231166,171.8,172.65,172.04067272079044,172.19009415813622,58.40502009357893,-0.1494214373457794,-0.7114429982639245,5.946887002998009,172.65,8.001809006010253,188.6536180120205,156.6463819879795,19575.0
JFL,2018-05-29,178.0,178.0,178.0,178.0,-1.66 %,64.0,11392.0,-0.016574585635359074,-0.016713480973740556,174.0,172.05,172.9574923022073,172.62045755382985,55.23514580487867,0.33703474837744807,-0.50174744893565,5.736395074212437,172.05,7.022332795801101,186.09466559160222,158.0053344083978,19511.0
JFL,2018-05-30,175.0,181.0,175.0,181.0,1.69 %,472.0,83612.0,0.016853932584269593,0.016713480973740532,177.4,171.5,174.19480117879078,173.2411644016943,57.70711931093902,0.9536367770964773,-0.21067060372922458,5.755223997482978,171.5,5.680066715716,182.860133431432,160.139866568568,19983.0
JFL,2018-05-31,181.0,184.0,181.0,182.0,1.66 %,242.0,43934.0,0.005524861878453136,0.0055096558109697,179.4,171.5,175.39560099743835,173.88996703860585,58.529196347919736,1.5056339588325045,0.13259030878312125,5.558422283377051,171.5,5.680066715716,182.860133431432,160.139866568568,20225.0
JFL,2018-06-03,181.0,181.0,170.0,170.0,-7.61 %,989.0,174388.0,-0.06593406593406592,-0.06820825002653358,178.4,171.5,174.565508536294,173.60182133204245,46.778632603141055,0.9636872042515563,0.2988096878768083,6.018534977421547,171.5,5.680066715716,182.860133431432,160.139866568568,19236.0
JFL,2018-06-04,168.0,171.0,168.0,171.0,0.59 %,269.0,45255.0,0.00588235294117645,0.005865119452398058,176.4,171.8,174.01696876147955,173.40909382596521,47.7205665549121,0.6078749355143316,0.36062273740431294,5.802925336177151,171.8,5.4733805584016775,182.74676111680336,160.85323888319667,19505.0
JFL,2018-06-07,174.0,177.0,166.0,166.0,-2.92 %,2734.0,472123.0,-0.0292397660818714,-0.029675768146116666,174.0,171.6,172.78358895202115,172.86027206107892,43.56852258463885,-0.0766831090577682,0.27316156811189674,6.1741449550216405,171.6,5.613892542072027,182.82778508414404,160.37221491585595,16771.0
JFL,2018-06-10,166.0,169.0,166.0,166.0,0.00 %,2340.0,391011.0,0.0,0.0,171.0,171.45,171.73995988247944,172.35210376025827,43.56852258382238,-0.6121438777788342,0.09610047893375057,5.947420315377238,171.45,5.725979576064795,182.90195915212956,159.9980408478704,16771.0
JFL,2018-06-11,169.0,170.0,168.0,170.0,2.41 %,6190.0,1046770.0,0.024096385542168752,0.023810648693718607,168.6,171.6,171.47227374671337,172.17787385209098,47.783753369780015,-0.7056001053776129,-0.06423963792852211,5.808318864278864,171.6,5.64194815180148,182.88389630360297,160.31610369639702,22961.0
JFL,2018-06-12,173.0,173.0,173.0,173.0,1.76 %,10.0,1730.0,0.01764705882352935,0.01749315744751712,169.2,171.6,171.70730855491132,172.23877208526943,50.75480207184582,-0.5314635303581099,-0.15768441641443967,5.607724659687517,171.6,5.64194815180148,182.88389630360297,160.31610369639702,22971.0
JFL,2018-06-13,173.0,176.0,173.0,176.0,1.73 %,1000.0,174500.0,0.01734104046242768,0.01719240054037277,170.2,171.6,172.3677226233865,172.51738156043467,53.598113562392,-0.1496589370481729,-0.15607932054118634,5.421458612566981,171.6,5.64194815180148,182.88389630360297,160.31610369639702,23971.0
JFL,2018-06-14,173.0,173.0,170.0,170.0,-1.70 %,1060.0,182600.0,-0.03409090909090906,-0.034685557987889984,171.0,171.45,172.00345760440396,172.3309088522543,47.669953024900664,-0.3274512478503482,-0.1903537060030187,5.462782997383625,171.45,5.642647754774218,182.73529550954842,160.16470449045156,22911.0
JFL,2018-06-17,170.0,170.0,167.0,167.0,-3.47 %,1211.0,203087.0,-0.01764705882352946,-0.017804624633506707,171.2,171.45,171.23369489603414,171.9360267150503,44.99050109814881,-0.702331819016166,-0.2927493286056482,5.286869926141938,171.45,5.642647754774218,182.73529550954842,160.16470449045156,21700.0
JFL,2018-06-18,165.0,168.0,165.0,168.0,0.60 %,494.0,82410.0,0.0059880239520957446,0.005970166986503754,170.8,171.45,170.73620337356735,171.64446918060213,46.07849553494768,-0.9082658070347804,-0.4158526242914746,5.123522074274657,171.45,5.642647754774218,182.73529550954842,160.16470449045156,22194.0
JFL,2018-06-20,165.0,165.0,162.0,162.0,-3.57 %,800.0,131100.0,-0.0357142857142857,-0.03636764417087483,168.6,171.25,169.39217208532622,170.93006405611308,40.85703748573434,-1.537891970786859,-0.6402604935905516,5.186127640397896,171.25,5.910516942414105,183.0710338848282,159.4289661151718,21394.0
JFL,2018-06-21,161.0,163.0,160.0,163.0,0.62 %,783.0,126480.0,0.006172839506172867,0.006153865574378286,166.0,171.1,168.40876099527603,170.34265190380842,42.035960853013286,-1.9338909085323905,-0.8989865765789194,5.029975666083761,171.1,6.08622257754402,183.27244515508804,158.92755484491195,22177.0
JFL,2018-06-24,165.0,168.0,165.0,167.0,2.45 %,3144.0,521860.0,0.024539877300613577,0.024243611609992853,165.4,171.1,168.19202853446433,170.09504805908188,46.61958619636901,-1.903019524617548,-1.0997931661866454,5.027834547077778,171.1,6.08622257754402,183.27244515508804,158.92755484491195,25321.0
JFL,2018-06-25,165.0,165.0,165.0,165.0,-1.20 %,667.0,110055.0,-0.0119760479041916,-0.01204833851617448,165.0,171.15,167.70094722146982,169.7176370917425,44.71559820864637,-2.016689870272671,-1.2831725070038507,4.811560650857937,171.15,6.0286596223666375,183.20731924473327,159.09268075526674,24654.0
JFL,2018-06-26,164.0,164.0,164.0,164.0,-0.61 %,100.0,16400.0,-0.0060606060606061,-0.006079046076382226,164.2,170.75,167.13157072585906,169.29410841828008,43.753404898090984,-2.1625376924210116,-1.459045544087283,4.539306318653799,170.75,6.2312877777125975,183.2125755554252,158.2874244445748,24554.0
JFL,2018-06-28,167.0,167.0,167.0,167.0,1.83 %,200.0,33400.0,0.018292682926829285,0.0181273845925567,165.2,170.35,167.11132907572687,169.12417446137044,47.40949245493353,-2.0128453856435726,-1.5698055123985408,4.4293558673213855,170.35,6.200806399191166,182.75161279838233,157.94838720161766,24754.0
JFL,2018-07-01,196.0,196.0,190.0,190.0,-1.55 %,4749.0,920104.0,0.13772455089820368,0.1290302597437311,170.6,170.8,170.63266306407658,170.67053190867634,65.77643485505418,-0.03786884459975681,-1.2634181788387842,6.18440187679843,170.8,7.251860015503593,185.3037200310072,156.29627996899282,29503.0
JFL,2018-07-02,187.0,194.0,187.0,191.0,0.53 %,3433.0,658783.0,0.0052631578947368585,0.005249355886143745,175.4,171.45,173.7660995157571,172.17641843395958,66.32707415238204,1.5896810817975222,-0.6927983267115227,6.242658885598542,171.45,8.419744964273317,188.28948992854663,154.61051007145335,32936.0
JFL,2018-07-03,166.0,167.0,166.0,167.0,0.60 %,2540.0,423140.0,-0.12565445026178013,-0.13427961562987478,175.8,170.75,172.72516112871756,171.79298003144407,46.84607939707777,0.9321810972734852,-0.36780244191452116,7.582468965198646,170.75,8.162010846162906,187.0740216923258,154.4259783076742,30396.0
JFL,2018-07-05,170.0,170.0,167.0,167.0,0.00 %,501.0,85077.0,0.0,0.0,176.4,170.0,171.84436710891487,171.43794447355933,46.846079396460375,0.4064226353555398,-0.21295742646050897,7.255149753398743,170.0,7.752758422532299,185.5055168450646,154.4944831549354,30396.0
JFL,2018-07-10,164.0,164.0,162.0,162.0,-2.99 %,1118.0,182196.0,-0.029940119760479056,-0.030397477184371045,175.4,169.6,170.32984909215875,170.7388374755179,43.74190500357314,-0.40898838335914434,-0.25216361784023605,7.094067628155975,169.6,7.956460466699139,185.51292093339828,153.6870790666017,29278.0
JFL,2018-07-11,160.0,160.0,160.0,160.0,-1.23 %,10.0,1600.0,-0.012345679012345734,-0.012422519998557209,169.4,169.05,168.74064153951895,169.94336803288695,42.527978818097935,-1.2027264933680044,-0.44227619294578974,6.730205654716263,169.05,8.230079618482947,185.5101592369659,152.58984076303412,29268.0
JFL,2018-07-22,160.0,169.0,160.0,169.0,5.62 %,1568.0,258801.0,0.05624999999999991,0.054724899689246466,165.0,169.2,168.78054284113142,169.87348891933976,49.34111970771404,-1.0929460782083424,-0.5724101699983003,6.89233382223653,169.2,8.198844591272069,185.59768918254412,152.80231081745586,30836.0
JFL,2018-07-23,166.0,172.0,166.0,170.0,0.59 %,1046.0,177720.0,0.00591715976331364,0.005899722127188322,165.6,169.4,168.96815163480352,169.88286011049976,50.04967121119135,-0.9147084756962442,-0.6408698311378891,6.828595692076779,169.4,8.16539553302706,185.7307910660541,153.0692089339459,31882.0
JFL,2018-07-24,170.0,173.0,170.0,172.0,1.76 %,1440.0,247986.0,0.0117647058823529,0.011696039763191236,166.6,169.5,169.43458984483374,170.03968528749976,51.51043111545631,-0.6050954426660269,-0.6337149534435167,6.555124571214153,169.5,8.185352771887827,185.87070554377564,153.12929445622436,33322.0
JFL,2018-07-25,170.0,170.0,170.0,170.0,-1.73 %,1190.0,202300.0,-0.011627906976744207,-0.011696039763191298,168.2,169.35,169.52157602255164,170.03674563657384,49.937702706542375,-0.5151696140221986,-0.6100058855592532,6.229758530413142,169.35,8.145227856994381,185.64045571398876,153.05954428601123,32132.0
JFL,2018-07-26,173.0,182.0,173.0,179.0,5.29 %,2002.0,356460.0,0.05294117647058827,0.05158736879049326,172.0,169.5,170.97979509600523,170.70069040423505,56.390355411707134,0.27910469177018626,-0.4321837700933653,6.6419186353836315,169.5,8.30028534704422,186.10057069408845,152.89942930591155,34134.0
JFL,2018-07-29,182.0,183.0,181.0,181.0,1.12 %,1967.0,357304.0,0.011173184357541999,0.011111225425070849,174.4,170.05,172.5213650812352,171.46360222614356,57.695289024253384,1.0577628550916245,-0.13419444505636735,6.453210161427658,170.05,8.690436364807981,187.43087272961597,152.66912727038405,36101.0
JFL,2018-07-30,184.0,199.0,184.0,190.0,4.97 %,12393.0,2360940.0,0.04972375690607733,0.04852704089466038,178.4,171.2,175.21038583796823,172.8366687279107,63.0530319654528,2.3737171100575267,0.3673878659664115,7.277980864182825,171.2,9.725711988562017,190.651423977124,151.74857602287597,48494.0
JFL,2018-07-31,193.0,196.0,193.0,194.0,1.58 %,1360.0,263500.0,0.021052631578947434,0.020834086902842053,182.8,172.5,178.10109570905004,174.4043228962136,65.1646505568404,3.6967728128364286,1.033264855340415,7.186696516741195,172.5,10.93762217977995,194.3752443595599,150.6247556404401,49854.0
JFL,2018-08-01,196.0,196.0,190.0,190.0,-1.55 %,4749.0,920104.0,-0.020618556701030966,-0.020834086902842025,186.8,173.9,179.93169636919617,175.55955823723482,61.38637733347682,4.37213813196135,1.701039510664602,7.1019324798311105,173.9,11.308590121078707,196.51718024215742,151.2828197578426,45105.0
JFL,2018-08-02,187.0,194.0,187.0,191.0,0.53 %,3433.0,658783.0,0.0052631578947368585,0.005249355886143745,189.2,175.3,181.63451231239677,176.70329466410632,61.979875680285616,4.931217648290442,2.34707513818977,7.094651588414603,175.3,11.617137975296776,198.53427595059355,152.06572404940647,48538.0
JFL,2018-08-05,192.0,192.0,192.0,192.0,0.52 %,20.0,3840.0,0.005235602094240788,0.005221943981151625,191.4,176.55,183.2292027258742,177.8363839482466,62.59895652652906,5.392818777627582,2.956223866077333,6.659319332099274,176.55,12.015231561394152,200.58046312278833,152.5195368772117,48558.0
JFL,2018-08-06,195.0,195.0,188.0,188.0,-2.08 %,2652.0,508417.0,-0.02083333333333337,-0.02105340919783238,191.0,177.7,183.96317153727816,178.58924439652463,58.49593144997288,5.373927140753523,3.439764521012571,6.683653665520755,177.7,11.952097371557139,201.60419474311428,153.7958052568857,45906.0
JFL,2018-08-07,185.0,185.0,181.0,183.0,-2.66 %,987.0,180721.0,-0.02659574468085102,-0.02695580998852822,188.8,178.65,183.81499130077384,178.9159670338191,53.75312410280788,4.89902426695474,3.731616470201005,6.706249832269273,178.65,11.554333887298792,201.7586677745976,155.5413322254024,44919.0
JFL,2018-08-08,180.0,185.0,180.0,185.0,1.09 %,320.0,58900.0,0.010928961748633892,0.010869672236903891,187.8,179.55,183.99730033142401,179.36663614242508,55.313852777366044,4.630664188998935,3.9114260139605914,6.584374844250039,179.55,11.297298233146416,202.14459646629285,156.95540353370717,45239.0
JFL,2018-08-09,188.0,188.0,182.0,182.0,-1.62 %,2849.0,526764.0,-0.01621621621621616,-0.01634913800152941,186.0,179.15,183.69002335735877,179.56170013187506,52.45427545279605,4.128323225483712,3.9548054562652157,6.542633783946465,179.15,11.046671325275044,201.2433426505501,157.05665734944992,42390.0
JFL,2018-08-12,185.0,188.0,185.0,185.0,1.65 %,6125.0,1143590.0,0.016483516483516425,0.01634913800152941,184.6,178.85,183.8915582254574,179.96453715914356,54.96173683134909,3.9270210663138414,3.9492485782749407,6.5038742279502895,178.85,10.786321747580994,200.422643495162,157.277356504838,48515.0
JFL,2018-08-14,188.0,188.0,188.0,188.0,1.62 %,10.0,1880.0,0.016216216216216273,0.016086137751624444,184.6,179.9,184.52362619077167,180.55975662883662,57.38220007533697,3.9638695619350415,3.952172775006961,6.253597497382412,179.9,10.59245014150321,201.08490028300642,158.7150997169936,48525.0
JFL,2018-08-15,189.0,194.0,189.0,194.0,3.19 %,1253.0,240917.0,0.03191489361702127,0.031416196233378914,186.8,181.25,185.98152985372985,181.55533021188577,61.803546805301735,4.426199641844079,4.046978148374385,6.235483390426526,181.25,10.582383573916221,202.41476714783244,160.08523285216756,49778.0
JFL,2018-08-16,196.0,196.0,191.0,192.0,-1.55 %,2684.0,520214.0,-0.010309278350515427,-0.010362787035546547,188.2,182.75,186.90744833777143,182.3290094554498,59.58453047354898,4.57843888232162,4.153270295163832,6.147234576824631,182.75,9.808025714754137,202.36605142950827,163.13394857049173,47094.0
JFL,2018-08-19,188.0,188.0,188.0,188.0,-1.57 %,10.0,1880.0,-0.02083333333333337,-0.02105340919783238,189.4,184.15,187.0755332088835,182.7490828291202,55.30746835540796,4.326450379763315,4.187906312083729,5.993860678480014,184.15,8.267087567113842,200.6841751342277,167.6158248657723,47084.0
JFL,2018-08-20,191.0,195.0,191.0,195.0,3.72 %,1400.0,270500.0,0.037234042553191404,0.036557595733797514,191.4,185.45,188.29468194597837,183.6565581751113,60.63304448853364,4.638123770867082,4.2779498038404,6.065727772874299,185.45,7.7898381849425355,201.02967636988507,169.8703236301149,48484.0
JFL,2018-08-21,192.0,196.0,186.0,190.0,-2.56 %,8858.0,1686300.0,-0.02564102564102566,-0.025975486403260677,191.8,186.45,188.557038569674,184.12644275473266,55.541968739609835,4.430595814941341,4.308479006060589,6.346747217668992,186.45,6.939399336982497,200.32879867396497,172.571201326035,39626.0
JFL,2018-08-22,193.0,193.0,190.0,192.0,0.53 %,2520.0,482260.0,0.010526315789473717,0.010471299867295437,191.4,187.45,189.08672494357032,184.70966921734507,57.09387040060702,4.377055726225251,4.322194350093521,6.10769384497835,187.45,6.142817800206366,199.7356356004127,175.16436439958727,42146.0
JFL,2018-08-23,194.0,194.0,190.0,190.0,-0.52 %,910.0,173040.0,-0.01041666666666663,-0.010471299867295366,191.0,188.45,189.22722879840563,185.10154557161582,55.02534237930935,4.125683226789818,4.282892125432781,5.957144284622753,188.45,4.582288557180463,197.6145771143609,179.28542288563906,41236.0
JFL,2018-08-26,192.0,192.0,192.0,192.0,1.05 %,1218.0,233856.0,0.010526315789473717,0.010471299867295437,191.8,189.1,189.65380898326632,185.6125421959406,56.71423374845257,4.041266787325725,4.23456705781137,5.674491121435414,189.1,4.063962287460021,197.22792457492002,180.97207542507996,42454.0
JFL,2018-08-28,193.0,194.0,192.0,193.0,0.52 %,510.0,98460.0,0.005208333333333259,0.00519481687710393,191.4,189.7,190.16860760122535,186.15976129253758,57.572139675504516,4.008846308687765,4.18942290798665,5.412027469904314,189.7,3.67208531035537,197.04417062071073,182.35582937928925,42964.0
JFL,2018-09-02,195.0,196.0,195.0,195.0,1.04 %,800.0,156100.0,0.010362694300518172,0.010309369658861287,192.4,189.95,190.91189873949835,186.81459378938666,59.30916380869665,4.097304950111692,4.170999316411659,5.239739793482578,189.95,3.85902905707761,197.6680581141552,182.23194188584478,43764.0
JFL,2018-09-03,198.0,199.0,193.0,193.0,-1.03 %,2507.0,492146.0,-0.01025641025641022,-0.010309369658861213,192.6,189.9,191.23314508726781,187.2727720272099,56.804650753830984,3.9603730600579183,4.128874065140911,5.294044093948108,189.9,3.8099592483248057,197.5199184966496,182.2800815033504,41257.0
JFL,2018-09-04,196.0,196.0,195.0,196.0,1.55 %,1210.0,236160.0,0.015544041450777257,0.01542447032563173,193.8,190.2,191.9665073815343,187.91923335852766,59.56304230818549,4.047274023006651,4.112554056714059,5.130183801523244,190.2,4.047091223166579,198.29418244633314,182.10581755366684,42467.0
JFL,2018-09-05,195.0,200.0,195.0,200.0,2.04 %,5222.0,1032280.0,0.020408163265306145,0.02020270731751947,195.4,190.65,193.20242932283674,188.8141049615997,62.9594496821573,4.388324361237039,4.1677081176186555,5.120884958557298,190.65,4.602916695473987,199.855833390948,181.44416660905202,47689.0
JFL,2018-09-06,200.0,200.0,198.0,198.0,-1.00 %,300.0,59600.0,-0.010000000000000009,-0.01005033585350145,196.4,190.95,193.94051711932337,189.49454163111082,60.23520337679747,4.445975488212554,4.223361591737436,4.897964604374634,190.95,4.882568349180578,200.71513669836114,181.18486330163884,47389.0
JFL,2018-09-09,201.0,217.0,201.0,217.0,9.60 %,23123.0,4992750.0,0.09595959595959602,0.09163032284592437,200.8,192.4,197.4881298701967,191.53198299176927,72.43693064719652,5.9561468784274325,4.569918649075435,5.905252846919303,192.4,7.542162191740669,207.48432438348135,177.31567561651866,70512.0
JFL,2018-09-10,221.0,235.0,217.0,219.0,0.92 %,22290.0,4938770.0,0.009216589861751112,0.00917437627604123,206.0,194.2,200.79764835170488,193.56665091830487,73.36346464643765,7.230997433400006,5.102134405940349,6.769163357853638,194.2,9.277023116007634,212.75404623201524,175.64595376798474,92802.0
JFL,2018-09-11,223.0,223.0,215.0,217.0,-0.91 %,6533.0,1434510.0,-0.0091324200913242,-0.00917437627604127,210.2,195.8,203.29031783605797,195.302454553986,70.80043065400315,7.98786328207197,5.679280181166674,6.857080260864093,195.8,10.308912852998919,216.41782570599784,175.18217429400218,86269.0
JFL,2018-09-12,213.0,219.0,213.0,216.0,-0.46 %,1361.0,293287.0,-0.004608294930875556,-0.0046189458562945285,213.4,197.5,205.24565355358752,196.83560606850554,69.49314295446918,8.410047485081975,6.225433641949734,6.795860242230944,197.5,10.70907141289628,218.91814282579256,176.08185717420744,84908.0
JFL,2018-09-13,220.0,220.0,216.0,216.0,0.00 %,2940.0,638350.0,0.0,0.0,217.0,199.05,206.90016839149712,198.2551908041718,69.49314295308733,8.644977587325315,6.709342431024851,6.596155939214448,199.05,11.042859088220705,221.13571817644143,176.9642818235586,84908.0
JFL,2018-09-16,213.0,222.0,209.0,218.0,0.93 %,4727.0,1024770.0,0.0092592592592593,0.009216655104924048,217.2,200.55,208.60783479280525,199.71776926312205,70.74605082937843,8.890065529683199,7.145487050756521,7.053573372127702,200.55,11.491301057764968,223.53260211552995,177.56739788447007,89635.0
JFL,2018-09-17,218.0,218.0,216.0,216.0,-0.92 %,1158.0,250660.0,-0.00917431192660545,-0.009216655104923952,216.6,201.65,209.74509097852751,200.9238604288167,67.74956077552416,8.821230549710805,7.480635750547378,6.692603845547152,201.65,11.877776683687753,225.40555336737552,177.8944466326245,88477.0
JFL,2018-09-18,214.0,216.0,212.0,214.0,-0.93 %,1193.0,256518.0,-0.0092592592592593,-0.009302392662313561,216.0,202.75,210.39969236644637,201.89246336001546,64.79406365668126,8.507229006430919,7.685954401724087,6.500274999436642,202.75,11.955509630563709,226.66101926112742,178.83898073887258,87284.0
JFL,2018-09-20,217.0,218.0,217.0,217.0,1.40 %,604.0,131178.0,0.014018691588784993,0.013921338518608014,216.2,204.2,211.41512431007,203.01154014816245,67.1116807124321,8.40358416190756,7.829480353760781,6.32168392804831,204.2,11.830380160291764,227.86076032058352,180.53923967941645,87888.0
JFL,2018-09-23,221.0,234.0,221.0,227.0,4.61 %,9939.0,2267260.0,0.04608294930875578,0.04505266394094314,218.4,205.8,213.81279749313617,204.7884631001504,73.39808267527238,9.024334392985764,8.068451161605779,7.084420790330574,205.8,12.655766316300692,231.11153263260138,180.48846736739864,97827.0
JFL,2018-09-25,230.0,232.0,224.0,224.0,-1.32 %,3746.0,851750.0,-0.013215859030836996,-0.013303965626362815,219.6,207.5,215.38005941726908,206.21153990754667,69.12907300515627,9.168519509722415,8.288464831229106,7.149819305306962,207.5,12.705158504786747,232.9103170095735,182.0896829904265,94081.0
JFL,2018-09-26,228.0,228.0,224.0,226.0,0.45 %,5050.0,1141790.0,0.008928571428571397,0.008888947417245994,221.6,209.2,217.01389642999692,207.67735176624691,70.36649783849323,9.336544663750004,8.498080797733286,6.924832212070751,209.2,12.796381067365301,234.7927621347306,183.60723786526938,99131.0
JFL,2018-09-27,221.0,227.0,221.0,224.0,-0.44 %,2466.0,553674.0,-0.008849557522123908,-0.00888894741724604,223.6,210.9,218.0886815946128,208.886436820599,67.4546689137826,9.20224477401382,8.638913592989393,6.858772768351412,210.9,12.362506984731587,235.62501396946317,186.17498603053684,96665.0
JFL,2018-09-30,228.0,228.0,219.0,219.0,-2.23 %,21813.0,4882310.0,-0.022321428571428603,-0.022574322038539065,224.0,212.25,218.2288844262108,209.63558964870276,60.69286951870643,8.59329477750805,8.629789829893124,7.011717570612026,212.25,11.643272283763283,235.53654456752656,188.96345543247344,74852.0
JFL,2018-10-01,216.0,225.0,216.0,220.0,0.46 %,12484.0,2765930.0,0.004566210045662045,0.004555816535860661,222.6,213.6,218.5013637452553,210.40332374879887,61.52359855927494,8.098039996456436,8.523439863205788,7.153737744139738,213.6,10.830755428780485,235.26151085756095,191.93848914243904,87336.0
JFL,2018-10-02,180.0,182.0,173.0,176.0,-3.89 %,3676.0,646116.0,-0.19999999999999996,-0.2231435513142097,213.0,212.65,211.96269239983144,207.854929397036,30.73964976602754,4.107763002795451,7.640304491123721,9.999899333844041,212.65,13.136029200563614,238.92205840112723,186.37794159887278,83660.0
JFL,2018-10-03,171.0,171.0,168.0,168.0,-2.89 %,1396.0,237453.0,-0.045454545454545414,-0.04652001563489282,201.4,211.4,205.1992012613958,204.90271240466296,27.996736919879552,0.2964888567328501,6.171541364245547,9.85704938142661,211.4,15.984861259136784,243.36972251827356,179.43027748172645,82264.0
JFL,2018-10-04,165.0,170.0,165.0,170.0,1.19 %,2101.0,353336.0,0.011904761904761862,0.011834457647002798,190.6,210.1,199.7839395288734,202.31732630061384,29.685932767733036,-2.533386771740453,4.430555737048348,9.510117282753281,210.1,18.206129679174193,246.5122593583484,173.6877406416516,84365.0
JFL,2018-10-08,167.0,170.0,167.0,170.0,0.00 %,250.0,42440.0,0.0,0.0,180.8,208.6,195.2017949859698,199.92345027834614,29.685932767358025,-4.72165529237634,2.60011353116341,9.04510890541376,208.6,20.207867149628036,249.01573429925605,168.18426570074394,84365.0
JFL,2018-10-09,167.0,168.0,167.0,167.0,-1.76 %,1218.0,203506.0,-0.01764705882352946,-0.017804624633506707,170.2,207.05,190.86305729582062,197.48467618365385,28.521895622524355,-6.621618887833222,0.7557670473640834,8.61331541216992,207.05,22.158460425337086,251.36692085067418,162.73307914932585,83147.0
JFL,2018-10-10,165.0,165.0,160.0,165.0,-1.20 %,2790.0,451750.0,-0.0119760479041916,-0.01204833851617448,168.0,204.45,186.88412540415592,195.07840387375356,27.740932337792287,-8.194278469597634,-1.0342420560282601,8.498078597014926,204.45,23.910964232470814,252.27192846494162,156.62807153505835,80357.0
JFL,2018-10-11,168.0,171.0,168.0,171.0,3.64 %,75.0,12630.0,0.036363636363636376,0.035718082602079246,168.6,202.05,184.44041380351655,193.29481840162364,33.61362313719113,-8.854404598107095,-2.598274564444027,8.31964441151386,202.05,24.767285298409668,251.58457059681933,152.5154294031807,80432.0
JFL,2018-10-14,172.0,173.0,170.0,173.0,1.17 %,995.0,171090.0,0.011695906432748648,0.011628037995119214,169.2,199.85,182.6803501414371,191.7914985200219,35.495529560639724,-9.1111483785848,-3.900849327272182,7.939669810691441,199.85,25.317510062991314,250.48502012598263,149.21497987401736,81427.0
JFL,2018-10-15,176.0,179.0,175.0,179.0,3.47 %,220.0,39010.0,0.034682080924855585,0.03409421134297614,171.0,198.0,182.11414242736984,190.8439801111314,40.907522191036286,-8.72983768376156,-4.866646998570058,7.801121967070625,198.0,25.42688175513605,248.8537635102721,147.1462364897279,81647.0
JFL,2018-10-21,179.0,179.0,178.0,178.0,-0.56 %,896.0,159988.0,-0.005586592178770999,-0.005602255548669898,173.2,196.1,181.48119743854372,189.89257417697354,40.30062848324489,-8.411376738429823,-5.575592946542011,7.315327540851294,196.1,25.430814296629883,246.96162859325977,145.2383714067402,80751.0
JFL,2018-10-22,178.0,178.0,170.0,170.0,-4.49 %,2727.0,476653.0,-0.0449438202247191,-0.04598511324182338,174.2,193.7,179.71485937107545,188.41905016386437,35.733346545829605,-8.704190792788921,-6.201312515791393,7.364232716504773,193.7,25.520064345740447,244.7401286914809,142.6598713085191,78024.0
JFL,2018-10-23,171.0,173.0,170.0,172.0,1.18 %,1659.0,284790.0,0.0117647058823529,0.011696039763191236,174.4,191.5,178.52795792937152,187.20282422580033,37.636191162324494,-8.674866296428803,-6.696023271918876,7.052501808183004,191.5,25.392705127347536,242.28541025469508,140.71458974530492,79683.0
JFL,2018-10-24,172.0,172.0,172.0,172.0,0.00 %,206.0,35432.0,0.0,0.0,174.2,189.4,177.5236567094682,186.07668909796325,37.63619116172446,-8.55303238849504,-7.067425095234109,6.548751679027076,189.4,25.169739559119403,239.73947911823882,139.0605208817612,79683.0
JFL,2018-10-25,172.0,175.0,172.0,172.0,0.00 %,1030.0,178660.0,0.0,0.0,172.8,187.15,176.67386336955002,185.033971387003,37.63619116107827,-8.360108017452973,-7.3259616796778815,6.295269416239428,187.15,24.57700037369577,236.30400074739154,137.99599925260847,79683.0
JFL,2018-10-28,170.0,173.0,168.0,173.0,0.58 %,3756.0,640016.0,0.005813953488372103,0.005797117684325915,171.8,184.45,176.10865362038848,184.14256609907684,38.76837635246687,-8.033912478688364,-7.467551839479978,6.202750172222326,184.45,22.876038946788054,230.2020778935761,138.69792210642387,83439.0
JFL,2018-10-29,170.0,170.0,168.0,170.0,-1.73 %,1050.0,178200.0,-0.017341040462427793,-0.01749315744751723,171.8,181.75,175.16886075571333,183.09496861025633,36.62047304383725,-7.926107854543005,-7.559263042492584,6.116839445635017,181.75,21.07848741203174,223.90697482406347,139.59302517593653,82389.0
JFL,2018-10-30,170.0,173.0,170.0,171.0,0.59 %,1900.0,324900.0,0.00588235294117645,0.005865119452398058,171.6,179.0,174.52749756252666,182.1990450094966,37.856411569820175,-7.6715474469699245,-7.581719923388053,5.894208056661087,179.0,18.421954865129564,215.84390973025913,142.15609026974087,84289.0
JFL,2018-10-31,169.0,169.0,169.0,169.0,-1.17 %,900.0,152100.0,-0.011695906432748537,-0.01176484157958637,171.0,176.25,173.67711332213796,181.2213379717561,36.33048460697752,-7.544224649618144,-7.574220868634071,5.616050338328153,176.25,15.168787204763708,206.5875744095274,145.9124255904726,83389.0
JFL,2018-11-01,172.0,174.0,170.0,170.0,0.59 %,765.0,131345.0,0.00591715976331364,0.005899722127188322,170.6,173.8,173.11140358027058,180.390127751626,37.68304057402696,-7.278724171355435,-7.515121529178344,5.572046742733284,173.8,11.386048711621102,196.5720974232422,151.0279025767578,84154.0
JFL,2018-11-04,167.0,167.0,167.0,167.0,-1.76 %,152.0,25384.0,-0.01764705882352946,-0.017804624633506707,169.4,171.15,172.17118764484434,179.39826643669076,35.26286312319259,-7.227078791846424,-7.457512981711961,5.388329118252336,171.15,3.5135077689343284,178.17701553786867,164.12298446213134,84002.0
JFL,2018-11-15,170.0,170.0,167.0,167.0,-1.76 %,600.0,8350.0,0.0,0.0,168.8,170.7,171.37562031486829,178.47987633026924,35.2628631223796,-7.104256015400949,-7.386861588449759,5.217734181234312,170.7,3.4351128075010307,177.57022561500204,163.82977438499793,84002.0
JFL,2018-11-19,167.0,167.0,164.0,165.0,-1.20 %,1202.0,82500.0,-0.0119760479041916,-0.01204833851617448,167.6,170.55,170.3947556510424,177.48136697247153,33.594657436864196,-7.086611321429132,-7.326811535045634,5.059324596860433,170.55,3.6197557347430656,177.78951146948614,163.31048853051388,82800.0
JFL,2018-11-20,165.0,165.0,164.0,165.0,0.00 %,110.0,9900.0,0.0,0.0,166.8,170.3,169.5647932431897,176.55682127080698,33.59465743600843,-6.992028027617266,-7.25985483355996,4.7693728399418305,170.3,3.826500393756204,177.95300078751242,162.6469992124876,82800.0
JFL,2018-11-21,165.0,165.0,163.0,163.0,-1.21 %,1000.0,163000.0,-0.012121212121212088,-0.012195273093818243,165.4,169.95,168.55482505192975,175.55261228778423,31.84732952597146,-6.997787235854474,-7.207441314018864,4.5715604942317,169.95,4.160908301680787,178.27181660336157,161.6281833966384,81800.0
JFL,2018-11-22,163.0,166.0,163.0,165.0,1.23 %,500.0,49500.0,0.012269938650306678,0.012195273093818206,165.0,169.85,168.0079288900944,174.77093730350393,35.46228115735104,-6.763008413409523,-7.118554733896996,4.45930617321515,169.85,4.2584281755801925,178.36685635116038,161.3331436488396,82300.0
JFL,2018-11-25,165.0,165.0,165.0,165.0,0.00 %,631.0,90915.0,0.0,0.0,164.6,169.85,167.54517059931064,174.04716416991104,35.46228115633821,-6.501993570600405,-6.995242501237678,4.140784303699783,169.85,4.2584281755801925,178.36685635116038,161.3331436488396,82300.0
JFL,2018-11-26,165.0,165.0,165.0,165.0,0.00 %,936.0,38940.0,0.0,0.0,164.6,169.55,167.1536058917244,173.37700386102875,35.46228115524745,-6.223397969304358,-6.840873594851015,3.8450139962926553,169.55,4.382681226954821,178.31536245390964,160.78463754609038,82300.0
JFL,2018-11-27,165.0,166.0,165.0,166.0,0.61 %,100.0,16600.0,0.0060606060606061,0.006042314455962662,164.8,169.2,166.97612806222836,172.8305591305822,37.53149225234249,-5.854431068353847,-6.643585089551582,3.6417987108431804,169.2,4.372160732857963,177.94432146571592,160.45567853428406,82400.0
JFL,2018-11-28,166.0,166.0,165.0,165.0,-0.60 %,100.0,16500.0,-0.0060240963855421326,-0.006042314455962586,165.2,168.5,166.67210836034707,172.25051771350203,36.27884351083085,-5.578409353154967,-6.430549942272259,3.4530988029258105,168.5,3.804429551297898,176.1088591025958,160.8911408974042,82300.0
JFL,2018-11-29,165.0,167.0,164.0,165.0,0.00 %,1067.0,4950.0,0.0,0.0,165.2,167.85,166.41486092029368,171.7134423273167,36.27884350952687,-5.298581407023022,-6.204156235222412,3.4207346027168244,167.85,3.1501879643586608,174.15037592871732,161.54962407128266,82300.0
JFL,2018-12-02,165.0,167.0,165.0,165.0,0.00 %,2927.0,16005.0,0.0,0.0,165.2,167.6,166.19719000947927,171.21615030307103,36.27884350812259,-5.0189602935917605,-5.967117046896282,3.3192535596656225,167.6,3.168928093760143,173.93785618752028,161.2621438124797,82300.0
JFL,2018-12-03,165.0,166.0,165.0,166.0,0.61 %,676.0,16600.0,0.0060606060606061,0.006042314455962662,165.4,167.3,166.166853084944,170.82976879913986,38.82880988209541,-4.6629157141958615,-5.706276780356199,3.153592591118078,167.3,3.010507913127268,173.32101582625455,161.27898417374547,82976.0
JFL,2018-12-04,166.0,169.0,166.0,169.0,1.81 %,800.0,135200.0,0.01807228915662651,0.017910926566530243,166.0,167.15,166.60272184110644,170.69423036957392,45.83205178743789,-4.091508528467472,-5.3833231299784545,3.1426216917525016,167.15,2.833539724211827,172.81707944842367,161.48292055157634,83776.0
JFL,2018-12-06,166.0,166.0,165.0,165.0,-0.60 %,301.0,168.0,-0.023668639053254448,-0.023953241022492872,166.0,166.8,166.356149250167,170.27243552738327,39.361423981427144,-3.9162862772162725,-5.0899157594260185,3.203862999484466,166.8,2.6277867413777845,172.0555734827556,161.54442651724443,83475.0
JFL,2018-12-09,168.0,170.0,166.0,170.0,1.19 %,800.0,85000.0,0.030303030303030276,0.02985296314968113,167.0,166.65,166.91674167321824,170.25225511794747,49.045428242513765,-3.33551344472923,-4.739035296486661,3.33215849952129,166.65,2.3232237131449693,171.29644742628994,162.00355257371007,84275.0
JFL,2018-12-10,170.0,179.0,170.0,179.0,5.29 %,1040.0,8950.0,0.05294117647058827,0.05158736879049326,169.8,167.1,168.77570449272312,170.90023622032174,61.09069960010571,-2.1245317275986224,-4.216134582709054,3.737004320984055,167.1,3.552612085753865,174.20522417150772,159.99477582849227,85315.0
JFL,2018-12-11,179.0,182.0,176.0,176.0,-1.68 %,150.0,8800.0,-0.016759776536312887,-0.016901810802603254,171.8,167.35,169.88713457076574,171.27799650029792,56.31212087124612,-1.3908619295321785,-3.651080052073679,3.898646869485194,167.35,3.9904491239447273,175.33089824788945,159.36910175211054,85165.0
JFL,2018-12-13,176.0,176.0,173.0,173.0,-1.70 %,500.0,86500.0,-0.017045454545454586,-0.017192400540372875,172.6,167.55,170.36603694449408,171.40555231509066,51.93704520490341,-1.0395153705965754,-3.1287671157782584,3.834457807379109,167.55,4.173538193535081,175.89707638707017,159.20292361292985,84665.0
JFL,2018-12-16,173.0,173.0,170.0,170.0,-1.73 %,150.0,25500.0,-0.017341040462427793,-0.01749315744751723,173.6,167.55,170.30972356841806,171.30143732878764,47.927005588189,-0.9917137603695778,-2.7013564446965224,3.7748536782806013,167.55,4.173538193535081,175.89707638707017,159.20292361292985,84515.0
JFL,2018-12-17,170.0,170.0,169.0,170.0,0.00 %,1015.0,170000.0,0.0,0.0,173.6,167.7,170.26207378866144,171.20503456369224,47.927005586860645,-0.942960775030798,-2.349677310763378,3.5766498441177013,167.7,4.206511243580531,176.11302248716106,159.28697751283892,84515.0
JFL,2018-12-18,170.0,170.0,167.0,167.0,-1.76 %,550.0,8350.0,-0.01764705882352946,-0.017804624633506707,171.2,167.7,169.76021628271354,170.89355052193727,43.9880964681898,-1.1333342392237284,-2.106408696455448,3.535460569537866,167.7,4.206511243580531,176.11302248716106,159.28697751283892,83965.0
JFL,2018-12-19,167.0,170.0,167.0,170.0,1.80 %,1100.0,17000.0,0.017964071856287456,0.017804624633506686,170.0,167.95,169.797106085373,170.82736159438636,48.54247613685812,-1.030255509013358,-1.8911780589670302,3.497213385999447,167.95,4.18612998015947,176.32225996031892,159.57774003968106,85065.0
JFL,2018-12-20,170.0,170.0,169.0,169.0,-0.59 %,1100.0,169000.0,-0.00588235294117645,-0.005899722127188271,169.2,168.15,169.674474379931,170.69200147628365,47.16577613053203,-1.0175270963526373,-1.7164478664441516,3.318841001285201,168.15,4.132986686118357,176.41597337223672,159.8840266277633,83965.0
JFL,2018-12-23,169.0,176.0,169.0,176.0,4.14 %,210.0,1760.0,0.041420118343195256,0.0405852801150783,170.4,168.8,170.64763216763396,171.0851865521145,56.47191753374395,-0.43755438448053496,-1.4606691700514285,3.5817809297648298,168.8,4.29932675271112,177.39865350542226,160.20134649457776,84175.0
JFL,2018-12-24,176.0,177.0,173.0,173.0,-1.70 %,1662.0,131826.0,-0.017045454545454586,-0.017192400540372875,171.0,169.2,171.0095349110749,171.2270245852912,52.226204126098494,-0.21748967421629573,-1.212033270884402,3.611653720495913,169.2,4.29932675271102,177.79865350542204,160.60134649457794,82513.0
JFL,2018-12-26,173.0,179.0,173.0,179.0,3.47 %,1689.0,175241.0,0.034682080924855585,0.03409421134297614,173.4,169.9,172.238837232448,171.8028005419363,58.88417417305534,0.4360366905116848,-0.8824192786051847,3.7822498833176335,169.9,4.700503892389056,179.3010077847781,160.4989922152219,84202.0
JFL,2018-12-27,179.0,182.0,176.0,176.0,-1.68 %,750.0,26400.0,-0.016759776536312887,-0.016901810802603254,174.6,170.45,172.81747765822524,172.1137042054966,54.77381506382932,0.7037734527286545,-0.5651807323384168,3.9406606059378024,170.45,4.740364187679802,179.9307283753596,160.96927162464038,83452.0
JFL,2018-12-30,176.0,176.0,174.0,174.0,-1.14 %,600.0,104400.0,-0.011363636363636354,-0.011428695823622744,175.6,170.85,172.99940417234444,172.25342981990426,52.15978605028215,0.7459743524401858,-0.3029497153826963,3.8020419912279593,170.85,4.682273401968717,180.21454680393742,161.48545319606256,82852.0
JFL,2018-12-31,174.0,174.0,172.0,172.0,-1.15 %,600.0,86000.0,-0.011494252873563204,-0.011560822401075971,174.8,171.2,172.84564968429143,172.23465724065207,49.61006934205714,0.6109924436393612,-0.12016128357828482,3.673324706140248,171.2,4.4791916564256855,180.15838331285136,162.24161668714862,82252.0
JFL,2019-01-01,172.0,172.0,170.0,170.0,-1.16 %,2250.0,42500.0,-0.011627906976744207,-0.011696039763191298,174.2,171.45,172.40785742516968,172.06912707467782,47.12905354131967,0.33873035049185773,-0.028382956764256312,3.553801512844516,171.45,4.248529157279738,179.94705831455946,162.95294168544052,80002.0
JFL,2019-01-02,170.0,170.0,167.0,170.0,0.00 %,951.0,1870.0,0.0,0.0,172.4,171.7,172.03741782129742,171.91585840247944,47.12905354005054,0.12155941881798071,0.0016055183521910925,3.514244261927051,171.7,3.9881403132475506,179.6762806264951,163.72371937350488,80002.0
JFL,2019-01-03,170.0,173.0,169.0,173.0,1.76 %,4477.0,86500.0,0.01764705882352935,0.01749315744751712,171.8,172.05,172.18550738725168,171.99616518748095,51.36068441113829,0.18934219977072075,0.03915285463589703,3.548941100360833,172.05,3.7623480910396236,179.57469618207926,164.52530381792076,84479.0
JFL,2019-01-08,170.0,173.0,170.0,170.0,0.00 %,107.0,8500.0,-0.017341040462427793,-0.01749315744751723,171.0,172.1,171.84927548152066,171.8483010995194,47.28501537392815,0.00097438200126021,0.03151716010896967,3.509731021763631,172.1,3.7261522414644355,179.55230448292886,164.64769551707113,84372.0
JFL,2019-01-09,170.0,173.0,170.0,171.0,0.59 %,1257.0,141759.0,0.00588235294117645,0.005865119452398058,170.8,172.4,171.7186177151329,171.7854639810365,48.74506371061969,-0.06684626590359244,0.011844474906457248,3.473321663066229,172.4,3.346640106174249,179.0932802123485,165.7067197876515,85629.0
JFL,2019-01-10,171.0,171.0,170.0,170.0,-0.58 %,1500.0,1700.0,-0.005847953216374324,-0.005865119452398134,170.8,172.4,171.45421498972783,171.65320738984857,47.33322864888301,-0.19899240012074415,-0.030322900098983033,3.29665582999007,172.4,3.346640106174249,179.0932802123485,165.7067197876515,84129.0
JFL,2019-01-13,170.0,173.0,170.0,172.0,1.18 %,207.0,1892.0,0.0117647058823529,0.011696039763191236,171.2,172.05,171.53818191438506,171.67889573134127,50.425826712206316,-0.14071381695620744,-0.05240108347042792,3.2754661278479222,172.05,2.9642608025472224,177.97852160509444,166.12147839490558,84336.0
JFL,2019-01-17,172.0,175.0,169.0,170.0,-1.16 %,5490.0,829600.0,-0.011627906976744207,-0.011696039763191298,170.6,171.75,171.30153854294122,171.55453308457524,47.42670285801822,-0.252994541634024,-0.09251977510314714,3.4700756901444993,171.75,2.844662592191434,177.43932518438288,166.06067481561712,78846.0
JFL,2019-01-20,170.0,170.0,168.0,168.0,-1.18 %,10000.0,1176000.0,-0.0117647058823529,-0.011834457647002796,170.2,171.5,170.79360953633486,171.29123433756968,44.57183153718132,-0.4976248012348208,-0.1735407803294819,3.365070283705607,171.5,2.9468984588159333,177.39379691763187,165.60620308236813,68846.0
JFL,2019-01-22,168.0,169.0,168.0,169.0,0.60 %,10.0,1690.0,0.005952380952380931,0.0059347355198145265,169.8,171.45,170.51766960766795,171.12151327552746,46.31201639343388,-0.6038436678595076,-0.25960135783548705,3.1961366920123493,171.45,2.981963323619848,177.4139266472397,165.4860733527603,68856.0
JFL,2019-01-23,169.0,170.0,166.0,170.0,0.59 %,2367.0,13090.0,0.00591715976331364,0.005899722127188322,169.8,171.45,170.4380281295652,171.03843821808098,48.067859720951766,-0.6004100885157868,-0.327763103971547,3.2535554997257528,171.45,2.981963323619848,177.4139266472397,165.4860733527603,71223.0
JFL,2019-01-24,170.0,170.0,168.0,170.0,0.00 %,29.0,4892.0,0.0,0.0,169.4,171.6,170.37063918655517,170.9615168685935,48.0678597192588,-0.5908776820383252,-0.38038601958490265,3.1640158211739133,171.6,2.817240157586654,177.2344803151733,165.9655196848267,71223.0
JFL,2019-01-27,170.0,170.0,167.0,170.0,0.00 %,312.0,17000.0,0.0,0.0,169.4,171.6,170.313617773239,170.8902933968458,48.06785971743561,-0.5766756236068034,-0.41964394038928277,3.152300405375777,171.6,2.817240157586654,177.2344803151733,165.9655196848267,71223.0
JFL,2019-01-28,170.0,170.0,165.0,168.0,-1.18 %,813.0,16800.0,-0.0117647058823529,-0.011834457647002796,169.4,171.55,169.95767657735607,170.67619758967203,44.437556620648394,-0.7185210123159607,-0.4794193547746184,3.284278947848936,171.55,2.874113135568135,177.2982262711363,165.80177372886374,70410.0
JFL,2019-01-29,168.0,171.0,168.0,169.0,0.60 %,560.0,6591.0,0.005952380952380931,0.0059347355198145265,169.4,171.2,169.81034171930128,170.55203480525188,46.6088190387974,-0.741693085950601,-0.5318741010098149,3.2639733087168694,171.2,2.7260922485537766,176.65218449710756,165.74781550289242,70970.0
JFL,2019-01-30,169.0,169.0,167.0,167.0,-1.18 %,84.0,14028.0,-0.011834319526627168,-0.011904902506318314,168.8,170.9,169.37798145479337,170.28892111597398,42.9904131770567,-0.9109396611806062,-0.6076872130439732,3.1736895009513786,170.9,2.8451251013553795,176.59025020271076,165.20974979728925,70886.0
JFL,2019-01-31,167.0,168.0,167.0,168.0,0.60 %,184.0,16800.0,0.0059880239520957446,0.005970166986503754,168.4,170.35,169.16598430790208,170.11937140367962,45.27794055172585,-0.9533870957775434,-0.6768271895906873,3.0184259651691376,170.35,2.1830688202488204,174.71613764049764,165.98386235950235,71070.0
JFL,2019-02-03,167.0,168.0,166.0,166.0,-1.19 %,2041.0,13612.0,-0.011904761904761862,-0.01197619104671565,167.6,169.85,168.67890979899408,169.81423278118484,41.67613302241487,-1.1353229821907576,-0.7685263481107014,2.945681253371342,169.85,1.9540780570107787,173.75815611402155,165.94184388597844,69029.0
JFL,2019-02-04,166.0,166.0,165.0,165.0,-0.60 %,2000.0,8300.0,-0.0060240963855421326,-0.006042314455962586,167.0,169.4,168.11292367607192,169.45762294554152,39.96430251324472,-1.3446992694696007,-0.8837609323824813,2.806704020987675,169.4,1.984147702547259,173.36829540509453,165.43170459490548,67029.0
JFL,2019-02-05,168.0,171.0,165.0,169.0,2.42 %,18192.0,11900.0,0.024242424242424176,0.023953241022492796,167.0,169.25,168.24939695667624,169.42372494957547,48.98986882378958,-1.1743279928992365,-0.9418743444858324,3.034796590917127,169.25,1.8883298106911683,173.02665962138235,165.47334037861765,85221.0
JFL,2019-02-06,168.0,169.0,168.0,168.0,-0.59 %,200.0,33600.0,-0.00591715976331364,-0.005934735519814578,167.2,169.15,168.21102819411064,169.31826384219949,47.08412678682749,-1.107235648088846,-0.9749466052064351,2.8894539772801897,169.15,1.899445902652417,172.94889180530484,165.35110819469517,85021.0
JFL,2019-02-10,168.0,168.0,163.0,163.0,-2.98 %,216.0,8150.0,-0.029761904761904767,-0.030213778596496595,166.2,168.8,167.40933154886284,168.85024429833285,38.92969776944568,-1.4409127494700158,-1.0681398340591512,3.0402072646173193,168.8,2.3305748105628643,173.46114962112574,164.13885037887428,84805.0
JFL,2019-02-11,163.0,163.0,163.0,163.0,0.00 %,2270.0,32600.0,0.0,0.0,165.6,168.3,166.73097284903778,168.41689286882672,38.92969776799353,-1.685920019788938,-1.1916958712051087,2.8230496028589394,168.3,2.4516374764740965,173.2032749529482,163.39672504705183,84805.0
JFL,2019-02-12,163.0,163.0,162.0,163.0,0.00 %,1708.0,1650.0,0.0,0.0,165.2,167.95,166.15697702610888,168.01564154520992,38.92969776642966,-1.8586645191010405,-1.3250896007842952,2.692831774083301,167.95,2.6847522673620503,173.3195045347241,162.58049546527587,84805.0
JFL,2019-02-13,164.0,166.0,163.0,163.0,-1.81 %,250.0,8200.0,0.0,0.0,164.0,167.55,165.67128825286133,167.64411254186103,38.929697764745505,-1.9728242889997034,-1.454636538427377,2.7147723616487798,167.55,2.799906013507412,173.14981202701483,161.9501879729852,84805.0
JFL,2019-02-14,164.0,164.0,163.0,164.0,0.61 %,20.0,3280.0,0.006134969325153339,0.006116227017436054,163.2,167.25,165.41416698319034,167.37417827950097,41.64827373310653,-1.9600112963106255,-1.5557114900040268,2.59228862153101,167.25,2.844662592193139,172.9393251843863,161.5606748156137,84825.0
JFL,2019-02-17,164.0,168.0,164.0,164.0,0.00 %,730.0,1640.0,0.0,0.0,163.4,166.85,165.19660283193028,167.1242391476861,41.64827373110992,-1.9276363157558194,-1.6300964551543855,2.692839434278795,166.85,2.700389835454106,172.2507796709082,161.4492203290918,84825.0
JFL,2019-02-18,161.0,164.0,161.0,163.0,-0.61 %,93.0,4890.0,-0.0060975609756097615,-0.006116227017436094,163.4,166.5,164.85866393471022,166.8187399515612,39.603638413073924,-1.9600760168509908,-1.6960923674937067,2.7147794746874525,166.5,2.7241609041768546,171.9483218083537,161.0516781916463,84732.0
JFL,2019-02-19,161.0,163.0,160.0,163.0,0.00 %,903.0,25917.0,0.0,0.0,163.4,166.25,164.5727156370625,166.53587032551965,39.60363841098011,-1.9631546884571662,-1.7495048316863986,2.7351523693526345,166.25,2.8074149938396467,171.8648299876793,160.6351700123207,84732.0
JFL,2019-02-20,163.0,163.0,161.0,161.0,-1.23 %,143.0,10143.0,-0.012269938650306789,-0.012345835822299379,163.0,165.85,164.0230670775144,166.12580585696264,35.554917082743614,-2.102738779448231,-1.8201516212387652,2.6826414858274465,165.85,2.9607075968342964,171.7714151936686,159.9285848063314,84589.0
JFL,2019-02-24,159.0,162.0,159.0,162.0,0.62 %,1395.0,162000.0,0.006211180124223503,0.00619197024792098,162.6,165.45,163.71182598866605,165.82019060829873,38.9173626774485,-2.108364619632681,-1.8777942209175484,2.705309951125486,165.45,2.9105072808443393,171.27101456168867,159.6289854383113,85984.0
JFL,2019-02-25,163.0,165.0,162.0,165.0,1.85 %,39.0,2475.0,0.0185185185185186,0.018349138668196617,162.8,165.2,163.91000660579434,165.75943574842475,47.72857657568061,-1.849429142630413,-1.8721212052601215,2.7263592403308086,165.2,2.7067167915656,170.61343358313118,159.7865664168688,86023.0
JFL,2019-02-26,165.0,165.0,162.0,162.0,-1.82 %,633.0,81000.0,-0.018181818181818188,-0.01834913866819654,162.6,164.8,163.61615943567213,165.48095902631923,41.311034581693086,-1.8647995906470953,-1.8706568823375163,2.745905008878608,164.8,2.546411303498738,169.8928226069975,159.70717739300252,85390.0
JFL,2019-02-27,162.0,162.0,162.0,162.0,0.00 %,789.0,1782.0,0.0,0.0,162.4,164.5,163.36751952249182,165.22311020955485,41.311034579699104,-1.855590687063028,-1.8676436432826187,2.5497689368158505,164.5,2.5026301954159855,169.50526039083198,159.49473960916802,85390.0
JFL,2019-03-03,162.0,162.0,160.0,160.0,-1.23 %,1244.0,23040.0,-0.012345679012345734,-0.012422519998557209,162.2,164.05,162.8494395959546,164.83621315699523,37.4207543792192,-1.9867735610406214,-1.8914696268342193,2.51049972704329,164.05,2.4596747753050634,168.96934955061013,159.1306504493899,84146.0
JFL,2019-03-05,160.0,160.0,160.0,160.0,0.00 %,54.0,8640.0,0.0,0.0,161.8,163.7,162.41106427350005,164.47797514536595,37.4207543773217,-2.0669108718659004,-1.9265578758405555,2.331178317968769,163.7,2.5152168474599703,168.73043369491992,158.66956630508005,84146.0
JFL,2019-03-06,160.0,160.0,160.0,160.0,0.00 %,40.0,6400.0,0.0,0.0,160.8,163.3,162.0401313083462,164.14627328274625,37.42075437527822,-2.1061419744000602,-1.9624746955524563,2.164665580971,163.3,2.4300747227540964,168.1601494455082,158.4398505544918,84146.0
JFL,2019-03-07,160.0,163.0,160.0,162.0,1.25 %,6125.0,324000.0,0.012499999999999956,0.01242251999855711,160.8,163.1,162.03395726090832,163.9872900766169,44.00652067790326,-1.9533328157085634,-1.9606463195836779,2.2243323251873575,163.1,2.3597502098539316,167.81950041970785,158.38049958029214,90271.0
JFL,2019-03-11,163.0,164.0,162.0,164.0,1.23 %,2881.0,4100.0,0.012345679012345734,0.012270092591814401,161.2,163.05,162.33642537461472,163.98823155242306,49.70649121811665,-1.6518061778083393,-1.8988782912286102,2.208308587673975,163.05,2.327750212738854,167.7055004254777,158.3944995745223,93152.0
JFL,2019-03-12,164.0,165.0,164.0,165.0,0.61 %,1524.0,82500.0,0.0060975609756097615,0.0060790460763821925,162.2,162.85,162.74620608621245,164.0631773633547,52.32001213441622,-1.316971277142244,-1.782496888411337,2.1220008314115484,162.85,1.9269556027608628,166.7039112055217,158.99608879447828,94676.0
JFL,2019-03-13,164.0,165.0,164.0,165.0,0.00 %,765.0,49500.0,0.0,0.0,163.2,162.7,163.09294361141053,164.13257163273585,52.32001213148825,-1.0396280213253135,-1.6339231149941325,2.041857914882152,162.7,1.5927467173214096,165.8854934346428,159.51450656535718,94676.0
JFL,2019-03-14,164.0,164.0,161.0,161.0,-2.42 %,329.0,20769.0,-0.024242424242424288,-0.02454110891611766,163.4,162.6,162.77095228657814,163.90052928957022,42.157176169676035,-1.1295770029920789,-1.5330538925937218,2.1817252066762842,162.6,1.6351404254074036,165.8702808508148,159.3297191491852,94347.0
JFL,2019-03-17,164.0,173.0,163.0,172.0,6.83 %,3166.0,1720.0,0.06832298136645965,0.06609011182899006,165.4,163.05,164.1908057809507,164.50049008293539,63.28046784456128,-0.30968430198467445,-1.2883799744719124,2.8830305490565498,163.05,2.665076280188163,168.38015256037633,157.7198474396237,97513.0
JFL,2019-03-18,170.0,172.0,169.0,169.0,-1.74 %,686.0,3380.0,-0.01744186046511631,-0.0175957618903796,166.4,163.35,164.9306818146506,164.83378711382906,57.150663161802264,0.09689470082153662,-1.0113250394132225,2.891385509838225,163.35,2.9784312367171597,169.3068624734343,157.39313752656568,96827.0
JFL,2019-03-19,172.0,175.0,169.0,169.0,0.00 %,145.0,19435.0,0.0,0.0,167.2,163.65,165.55673076624282,165.14239547576764,57.15066315981497,0.41433529047517936,-0.7261929734355421,3.1134294019926374,163.65,3.232645975091137,170.11529195018227,157.18470804981774,96827.0
JFL,2019-03-21,172.0,177.0,166.0,169.0,0.00 %,510.0,1690.0,0.0,0.0,168.0,163.9,166.08646449451317,165.4281439590441,57.15066315767481,0.6583205354690733,-0.449290271654619,3.6767558732788777,163.9,3.4473483326447,170.7946966652894,157.00530333471062,96827.0
JFL,2019-03-24,172.0,172.0,163.0,166.0,-1.78 %,5790.0,4980.0,-0.017751479289940808,-0.01791092656653022,169.0,164.0,166.07316226458806,165.47050366578156,50.9825471281482,0.6026585988064994,-0.23890049756239534,4.056987596616101,164.0,3.4792618697314133,170.95852373946283,157.04147626053717,91037.0
JFL,2019-03-25,169.0,169.0,166.0,166.0,0.00 %,140.0,4980.0,0.0,0.0,167.8,164.15,166.06190653157452,165.5097256164644,50.982547126172975,0.5521809151101138,-0.08068421502789352,3.981488482572094,164.15,3.498495917459731,171.14699183491948,157.15300816508054,91037.0
JFL,2019-03-26,168.0,168.0,168.0,168.0,1.20 %,100.0,16800.0,0.012048192771084265,0.01197619104671562,167.6,164.4,166.36007475748613,165.69419038561517,54.75785645450169,0.6658843718709591,0.068629502351877,3.8399535909598015,164.4,3.589458249734511,171.57891649946902,157.221083500531,91137.0
JFL,2019-03-27,168.0,168.0,164.0,164.0,-2.38 %,344.0,56576.0,-0.023809523809523836,-0.02409755157906053,166.6,164.55,165.9969863332575,165.56869480149552,46.96662919298166,0.4282915317619711,0.14056190823389583,3.8513854773198157,164.55,3.5015034365341564,171.5530068730683,157.5469931269317,90793.0
JFL,2019-03-28,167.0,167.0,164.0,164.0,0.00 %,36.0,4264.0,0.0,0.0,165.6,164.65,165.6897576666025,165.45249518656993,46.966629191182484,0.23726248003256956,0.15990202259363057,3.790572228939829,164.65,3.4530688106084915,171.55613762121698,157.74386237878304,90793.0
JFL,2019-03-31,164.0,164.0,164.0,164.0,0.00 %,50.0,8200.0,0.0,0.0,165.2,164.6,165.42979494866364,165.3449029505277,46.96662918924491,0.08489199813593018,0.1449000177020905,3.519817069729841,164.6,3.4549735318138244,171.50994706362764,157.69005293637235,90793.0
JFL,2019-04-01,164.0,164.0,164.0,164.0,0.00 %,167.0,27388.0,0.0,0.0,164.8,164.7,165.20982649502307,165.2452805097479,46.9666291871583,-0.035454014724820127,0.10882921121670837,3.2684015647491385,164.7,3.404331606127883,171.50866321225575,157.89133678774422,90793.0
JFL,2019-04-02,163.0,171.0,162.0,171.0,4.27 %,957.0,8550.0,0.04268292682926833,0.041797128678461457,165.4,165.15,166.10062241886567,165.67155602754434,60.2721362114448,0.42906639132132796,0.1728766472376323,3.6778014529813428,165.15,3.6168465474274964,172.383693094855,157.916306905145,91750.0
JFL,2019-04-03,173.0,173.0,168.0,168.0,-1.75 %,693.0,5544.0,-0.01754385964912286,-0.017699577099400975,166.2,165.55,166.3928343544248,165.84403335883735,54.01720931208984,0.5488009955874418,0.2480615169075942,3.7722442063398183,165.55,3.456115860669922,172.46223172133986,158.63776827866016,91057.0
JFL,2019-04-04,165.0,174.0,165.0,174.0,3.57 %,770.0,1740.0,0.03571428571428581,0.03509131981127019,168.2,166.25,167.56316753066713,166.44817903596052,62.41768471542873,1.1149884947066084,0.4214469124673971,4.145655334458403,166.25,3.683176546671592,173.61635309334318,158.88364690665682,91827.0
JFL,2019-04-07,171.0,177.0,171.0,177.0,1.72 %,248.0,3850.0,0.01724137931034475,0.01709443335930004,170.8,167.1,169.01498791056449,167.22979540366714,65.78356020466151,1.7851925068973458,0.6941960313533868,4.278108524854232,167.1,4.1026307349838484,175.3052614699677,158.8947385300323,92075.0
JFL,2019-04-08,177.0,178.0,175.0,176.0,-0.56 %,443.0,78368.0,-0.005649717514124242,-0.005665737535677308,173.2,167.8,170.089605155093,167.87944018858067,63.7345100179445,2.2101649665123375,0.997389818385177,4.186815058793215,167.8,4.372160732858349,176.5443214657167,159.05567853428332,91632.0
JFL,2019-04-09,173.0,173.0,173.0,173.0,-1.70 %,10.0,1730.0,-0.017045454545454586,-0.017192400540372875,173.6,168.25,170.5373582081556,168.25874091535246,57.907131706133065,2.2786172928031476,1.2536353132687712,4.1020425545937,168.25,4.423323351728601,177.0966467034572,159.4033532965428,91622.0
JFL,2019-04-11,173.0,173.0,165.0,165.0,-4.62 %,823.0,33200.0,-0.046242774566473965,-0.04734612059719831,173.0,168.25,169.68545694536243,168.01735269940045,45.86434107719262,1.6681042459619846,1.336529099807414,4.3804680864084355,168.25,4.423323351728601,177.0966467034572,159.4033532965428,90799.0
JFL,2019-04-15,165.0,168.0,165.0,168.0,1.82 %,1317.0,52772.0,0.018181818181818077,0.018018505502678212,171.8,168.4,169.42615587684512,168.01606731425966,50.058747085137455,1.4100885625854573,1.3512409923630226,4.281863223093548,168.4,4.3576913250566,177.11538265011322,159.6846173498868,92116.0
JFL,2019-04-16,170.0,176.0,170.0,176.0,4.76 %,161.0,3520.0,0.04761904761904767,0.04652001563489291,171.6,169.15,170.43751651117663,168.6074697354256,59.14843810829306,1.8300467757510148,1.4470021490406213,4.547444421444008,169.15,4.307582054721219,177.76516410944245,160.53483589055756,92277.0
JFL,2019-04-17,176.0,180.0,179.0,180.0,2.27 %,110.0,19780.0,0.022727272727272707,0.022472855852058576,172.4,169.55,171.90866781714948,169.45136086613485,62.79471014780497,2.4573069510146297,1.649063109435423,4.508341248483722,169.55,4.914800418954515,179.37960083790904,159.72039916209098,92387.0
JFL,2019-04-18,180.0,180.0,177.0,177.0,-1.67 %,1225.0,177000.0,-0.01666666666666672,-0.01680711831638129,173.2,169.95,172.69194969143416,170.01051932049523,58.5721348556726,2.6814303709389264,1.8555365617361237,4.400602587877742,169.95,5.185759854005759,180.3215197080115,159.57848029198848,91162.0
JFL,2019-04-21,180.0,180.0,177.0,178.0,0.56 %,228.0,8544.0,0.005649717514124353,0.005633817718256064,175.8,170.4,173.5085728158289,170.60233270416225,59.54858810399004,2.906240111666648,2.0656772717222287,4.300559545886475,170.4,5.481067894435986,181.36213578887197,159.43786421112804,91390.0
JFL,2019-04-23,181.0,181.0,178.0,178.0,0.00 %,210.0,1780.0,0.0,0.0,177.8,170.85,174.19956161339368,171.1503080594095,59.54858810247851,3.0492535539841867,2.2623925281746207,4.207662435466013,170.85,5.724140937637924,182.29828187527585,159.40171812472414,91390.0
JFL,2019-04-24,175.0,175.0,170.0,170.0,-4.49 %,1160.0,34000.0,-0.0449438202247191,-0.04598511324182338,176.6,171.05,173.5534752113331,171.06510005500877,48.86300094729455,2.488375156324338,2.307589053804564,4.4785436900755835,171.05,5.614595640897399,182.2791912817948,159.82080871820523,90230.0
JFL,2019-04-25,171.0,174.0,167.0,174.0,2.35 %,1918.0,5916.0,0.0235294117647058,0.023256862164267183,175.4,171.45,173.62217133266648,171.28250005093403,53.36867116336072,2.33967128173245,2.314005499390141,4.658647712213042,171.45,5.520059114885993,182.49011822977198,160.409881770228,92148.0
JFL,2019-04-28,177.0,180.0,175.0,175.0,0.57 %,2796.0,17500.0,0.005747126436781658,0.0057306747089850745,175.0,171.8,173.83414497379474,171.55787041753152,54.449220662883405,2.2762745562632176,2.3064593107647564,4.754458589912111,171.8,5.511710022187066,182.82342004437413,160.7765799556259,94944.0
JFL,2019-04-30,176.0,176.0,175.0,175.0,0.00 %,267.0,7000.0,0.0,0.0,174.4,172.35,174.01350728551864,171.81284297919586,54.44922066152465,2.2006643063227784,2.285300309876361,4.48628297634696,172.35,5.234249556651638,182.81849911330326,161.88150088669673,94944.0
JFL,2019-05-05,172.0,172.0,172.0,172.0,-1.71 %,255.0,20984.0,-0.017142857142857126,-0.017291497110060994,173.2,172.75,173.7037369339004,171.8267064622184,50.386891906416245,1.8770304716819908,2.2036463422374872,4.3801199066078915,172.75,4.854460780966168,182.45892156193233,163.04107843806767,94689.0
JFL,2019-05-06,172.0,172.0,172.0,172.0,0.00 %,758.0,86000.0,0.0,0.0,173.6,173.15,173.44162355945417,171.8395430205726,50.386891905066776,1.6020805388815802,2.083333181566306,4.067254198993043,173.15,4.404244364395132,181.95848872879026,164.34151127120975,94689.0
JFL,2019-05-07,169.0,172.0,169.0,169.0,-1.74 %,252.0,7098.0,-0.01744186046511631,-0.0175957618903796,172.6,173.4,172.75829685799968,171.62920650053016,46.37425629001586,1.1290903574695221,1.8924846167469493,3.9910217562078256,173.4,3.978891673270532,181.35778334654108,165.44221665345893,94437.0
JFL,2019-05-08,168.0,168.0,167.0,167.0,-1.18 %,787.0,35784.0,-0.011834319526627168,-0.011904902506318314,171.0,173.2,171.87240503369202,171.2863023153057,43.86620921585099,0.5861027183863143,1.6312082370748224,3.848805916478695,173.2,4.200250619119226,181.60050123823845,164.79949876176153,93650.0
JFL,2019-05-09,164.0,179.0,167.0,179.0,7.19 %,1968.0,17900.0,0.0718562874251496,0.06939199342399979,171.8,173.75,172.9689581054317,171.85768732898677,58.40270556347624,1.1112707764449397,1.527220744948846,4.431034065301645,173.75,4.203695116422147,182.1573902328443,165.3426097671557,95618.0
JFL,2019-05-12,176.0,176.0,173.0,173.0,-3.35 %,190.0,31140.0,-0.03351955307262566,-0.034094211342976015,172.0,173.7,172.97373378151914,171.94230308239514,51.255582889591345,1.0314306991240016,1.4280627357838773,4.543103060637242,173.7,4.206511243579152,182.1130224871583,165.28697751284167,95428.0
JFL,2019-05-13,170.0,173.0,168.0,173.0,0.00 %,2427.0,98437.0,0.0,0.0,172.2,173.5,172.9777747382085,172.02065100221773,51.25558288846551,0.9571237359907627,1.3338749358252544,4.5757385563060105,173.5,4.135850959373136,181.77170191874626,165.22829808125374,95428.0
JFL,2019-05-14,175.0,175.0,171.0,171.0,-1.16 %,3122.0,36252.0,-0.011560693641618491,-0.011628037995119099,172.6,173.25,172.67350170156104,171.94504722427567,48.940254456169406,0.7284544772853678,1.212790844117277,4.534614373712724,173.25,4.127889737440182,181.50577947488037,164.99422052511963,92306.0
JFL,2019-05-15,174.0,181.0,174.0,175.0,2.34 %,2054.0,8750.0,0.023391812865497075,0.023122417420854212,174.2,173.35,173.0314245167055,172.17134002247747,53.46758020958568,0.8600844942280332,1.1422495741394283,4.924999061304673,173.35,4.145701642124818,181.64140328424963,165.05859671575035,94360.0
JFL,2019-05-16,175.0,175.0,175.0,175.0,0.00 %,43.0,7525.0,0.0,0.0,173.4,173.85,173.3342822833662,172.38087039118284,53.46758020830931,0.9534118921833681,1.1044820377482163,4.573213414068625,173.85,3.6602415796371828,181.17048315927437,166.52951684072562,94360.0
JFL,2019-05-19,172.0,172.0,170.0,170.0,-2.86 %,985.0,85500.0,-0.02857142857142858,-0.028987536873252298,172.8,173.95,172.82131577823296,172.20450962146558,47.377604302008145,0.6168061567673817,1.0069468615520494,4.60369817020658,173.95,3.5165024490161074,180.9830048980322,166.91699510196779,93375.0
JFL,2019-05-20,172.0,173.0,171.0,173.0,1.76 %,4302.0,2249.0,0.01764705882352935,0.01749315744751712,172.8,173.8,172.8488056585048,172.26343483469034,50.98497061766887,0.5853708238144577,0.9226316540045311,4.48914830090611,173.8,3.488326397125696,180.7766527942514,166.82334720574863,97677.0
JFL,2019-05-21,171.0,176.0,171.0,176.0,1.73 %,41.0,2992.0,0.01734104046242768,0.01719240054037277,173.8,173.6,173.3336047879656,172.5402174395281,54.3547386867074,0.7933873484375056,0.8967827928911261,4.525637707984245,173.6,3.218368334590504,180.036736669181,167.16326333081898,97718.0
JFL,2019-05-22,179.0,187.0,176.0,184.0,4.55 %,3757.0,1840.0,0.045454545454545414,0.044451762570833796,175.6,173.95,174.97458866674015,173.38909022178527,61.88080267180391,1.5854984449548795,1.0345259233038768,4.988092157413942,173.95,3.91320302245985,181.7764060449197,166.12359395508028,101475.0
JFL,2019-05-23,181.0,182.0,178.0,178.0,-3.26 %,4013.0,7832.0,-0.03260869565217395,-0.03315220731690051,176.2,173.95,175.44003656416473,173.73063909424562,54.60840458264946,1.7093974699191108,1.1695002326269237,5.060371289027232,173.95,3.91320302245985,181.7764060449197,166.12359395508028,97462.0
JFL,2019-05-26,180.0,181.0,178.0,178.0,0.00 %,2243.0,5340.0,0.0,0.0,177.8,173.95,175.83387709275476,174.04688805022744,54.608404581497574,1.786989042527324,1.2929979946070038,4.9132019112395735,173.95,3.91320302245985,181.7764060449197,166.12359395508028,97462.0
JFL,2019-05-27,181.0,181.0,178.0,180.0,1.12 %,63.0,1800.0,0.011235955056179803,0.011173300598125255,179.2,174.45,176.4748190784848,174.48785930576616,56.581050459756725,1.9869597727186488,1.431790350229333,4.776544631865319,174.45,4.019361038541552,182.48872207708308,166.4112779229169,97525.0
JFL,2019-05-29,178.0,178.0,178.0,178.0,-1.11 %,127.0,22606.0,-0.011111111111111072,-0.011173300598125189,179.6,174.65,176.70946229717947,174.74801787570942,54.05137330658754,1.9614444214700484,1.5377211644774762,4.57822001530351,174.65,4.094604922814276,182.83920984562855,166.46079015437147,97398.0
JFL,2019-05-30,180.0,182.0,180.0,180.0,1.12 %,982.0,13320.0,0.011235955056179803,0.011173300598125255,178.8,174.9,177.21569886684415,175.13705358861984,56.16208383741085,2.0786452782243146,1.645905987226844,4.536918585638974,174.9,4.266145801569633,183.43229160313928,166.36770839686073,98380.0
JFL,2019-06-02,178.0,181.0,178.0,181.0,0.56 %,975.0,18100.0,0.005555555555555536,0.005540180375615351,179.4,175.2,177.7978990411758,175.57134591538875,57.22023858949058,2.2265531257870634,1.7620354149388882,4.427138686664762,175.2,4.4791916564249,184.1583833128498,166.24161668715018,99355.0
JFL,2019-06-03,178.0,178.0,176.0,176.0,-2.76 %,910.0,1760.0,-0.027624309392265234,-0.028013036227674006,179.0,175.4,177.52129918868724,175.6030980698044,50.638578100504844,1.9182011188828483,1.7932685557276804,4.468057351902993,175.4,4.417667877277943,184.2353357545559,166.5646642454441,98445.0
JFL,2019-06-04,175.0,178.0,175.0,178.0,1.14 %,2095.0,16910.0,0.011363636363636465,0.011299555253933466,178.6,175.7,177.59494546735073,175.78064636093,52.96889849541066,1.8142991064207195,1.7974746658662883,4.363196112481351,175.7,4.3781755392949,184.4563510785898,166.9436489214102,100540.0
JFL,2019-06-06,175.0,181.0,175.0,181.0,1.69 %,2270.0,18100.0,0.016853932584269593,0.016713480973740532,179.2,176.3,178.11880001083523,176.16726514900927,56.301407745667,1.9515348618259623,1.8282867050582232,4.48011067587554,176.3,4.231461113863884,184.76292222772778,167.83707777227224,102810.0
JFL,2019-06-10,178.0,180.0,178.0,180.0,-0.55 %,796.0,143248.0,-0.0055248618784530246,-0.005540180375615356,179.2,176.95,178.40821539378368,176.45117143426785,54.904845440401964,1.957043959515829,1.8540381559497445,4.374388484741574,176.95,3.69174042541824,184.33348085083648,169.5665191491635,102014.0
JFL,2019-06-11,177.0,181.0,177.0,180.0,0.00 %,660.0,11520.0,0.0,0.0,179.0,177.0,178.65310533320155,176.7140476243221,54.904845438935276,1.93905770887946,1.8710420665356877,4.347646450117176,177.0,3.727564465217385,184.45512893043477,169.54487106956523,102014.0
JFL,2019-06-12,180.0,180.0,178.0,178.0,-1.11 %,964.0,33108.0,-0.011111111111111072,-0.011173300598125189,179.4,177.25,178.5526275896321,176.80930335585379,51.91770324928661,1.74332423377831,1.8454984999842123,4.17995741796595,177.25,3.6110211415133215,184.47204228302664,170.02795771697336,101050.0
JFL,2019-06-16,176.0,176.0,175.0,175.0,-1.69 %,1734.0,303634.0,-0.016853932584269704,-0.016997576368571136,178.8,177.35,178.0060694989195,176.6752808850498,47.72346467359879,1.3307886138696858,1.7425565227613071,4.0956747452540965,177.35,3.5135077689327403,184.37701553786547,170.3229844621345,99316.0
JFL,2019-06-17,177.0,177.0,177.0,177.0,1.14 %,200.0,35400.0,0.011428571428571344,0.011363758650315003,178.0,177.65,177.85128957600878,176.6993341528239,50.58930534648905,1.1519554231848872,1.6244363028460231,3.945983692021661,177.65,3.183427480964612,184.01685496192923,171.28314503807078,99516.0
JFL,2019-06-18,174.0,178.0,174.0,178.0,0.56 %,1780.0,315163.0,0.005649717514124353,0.005633817718256064,177.6,177.8,177.87416810277665,176.79567977113325,52.00603366636096,1.078488331643399,1.5152467086054984,3.9498419997343994,177.8,3.1220775809222383,184.0441551618445,171.55584483815554,101296.0
JFL,2019-06-19,176.0,180.0,176.0,180.0,1.12 %,643.0,115173.0,0.011235955056179803,0.011173300598125255,177.6,178.05,178.2012191638879,177.0330368251234,54.7975626898607,1.1681823387645238,1.4458338346373036,3.9534247140390852,178.05,3.086046696142246,184.2220933922845,171.87790660771552,101939.0
JFL,2019-06-20,181.0,181.0,180.0,180.0,0.00 %,960.0,173150.0,0.0,0.0,178.0,178.55,178.47795467713593,177.25281187511425,54.797562688144495,1.2251428020216792,1.4016956281141788,3.7424658058934366,178.55,2.4596747752992085,183.46934955059842,173.6306504494016,101939.0
JFL,2019-06-23,179.0,179.0,178.0,179.0,-0.56 %,1389.0,247727.0,-0.005555555555555536,-0.00557104504945536,178.8,178.85,178.55826934219195,177.3822332176984,53.00963603279481,1.1760361244935496,1.356563727390053,3.618003962615334,178.85,2.084403234105127,183.01880646821024,174.68119353178975,100550.0
JFL,2019-06-24,178.0,179.0,178.0,179.0,0.00 %,829.0,147772.0,0.0,0.0,179.2,179.0,178.62622790493165,177.50206779416519,53.00963603093217,1.1241601107664678,1.310083004065336,3.431003679571382,179.0,1.9735087641932676,182.94701752838654,175.05298247161346,100550.0
JFL,2019-06-25,178.0,178.0,175.0,175.0,-2.23 %,1249.0,220150.0,-0.022346368715083775,-0.02259983191724092,178.6,178.55,178.06834668878832,177.31672943904184,46.040794009953146,0.7516172497464879,1.1983898532015664,3.471646273887712,178.55,1.7910596687674292,182.13211933753487,174.96788066246515,99301.0
JFL,2019-06-26,173.0,176.0,173.0,176.0,0.57 %,210.0,36360.0,0.005714285714285783,0.005698021114637796,177.8,178.45,177.75013950589783,177.21919392503875,47.88534373061288,0.5309455808590826,1.0649009987330698,3.437957254324304,178.45,1.8771478926205258,182.20429578524104,174.69570421475893,99511.0
JFL,2019-06-27,175.0,175.0,174.0,175.0,-0.57 %,718.0,125069.0,-0.005681818181818232,-0.005698021114637779,176.8,178.3,177.3270411203751,177.0548091898507,46.18509922115781,0.27223193052441275,0.9063671850913384,3.3352460218725684,178.3,2.0287408592345764,182.35748171846916,174.24251828153086,98793.0
JFL,2019-06-30,174.0,174.0,174.0,174.0,-0.57 %,174.0,30276.0,-0.005714285714285672,-0.005730674708984983,175.8,178.0,176.8151886403174,176.82852702763952,44.484122073079284,-0.013338387322136214,0.7224260706086436,3.1684427345959567,178.0,2.2004784169362086,182.4009568338724,173.5990431661276,98619.0
JFL,2019-07-02,175.0,176.0,175.0,176.0,1.15 %,861.0,151185.0,0.011494252873563315,0.01142869582362285,175.2,177.9,176.68977500334546,176.7671546552218,48.56427239886083,-0.07737965187632767,0.5624649261116494,3.084982539267674,177.9,2.2454632625367688,182.39092652507355,173.40907347492646,99480.0
JFL,2019-07-03,176.0,179.0,176.0,179.0,1.70 %,1706.0,304265.0,0.017045454545454586,0.016901810802603254,176.0,177.85,177.0451942336,176.93255060668685,54.0228213815147,0.11264362691315455,0.4725006662719505,3.078912357891412,177.85,2.2070461326903468,182.2640922653807,173.4359077346193,101186.0
JFL,2019-07-04,177.0,177.0,177.0,177.0,-1.12 %,100.0,17700.0,-0.011173184357541888,-0.011236073266925842,176.2,177.65,177.0382412745846,176.9375468580434,50.198155445055114,0.10069441654121647,0.39813941632580374,3.0018471894705967,177.65,2.084403234105652,181.8188064682113,173.4811935317887,101086.0
JFL,2019-07-07,174.0,176.0,174.0,176.0,-0.56 %,1366.0,238202.0,-0.005649717514124242,-0.005665737535677308,176.4,177.65,176.87851184772546,176.86809894263277,48.35479411543435,0.010412905092692881,0.3205941140791816,3.001715247365554,177.65,2.084403234105652,181.8188064682113,173.4811935317887,99720.0
JFL,2019-07-08,175.0,179.0,175.0,179.0,1.70 %,333.0,59463.0,0.017045454545454586,0.016901810802603254,177.4,177.7,177.2048946403831,177.0260175394748,53.832120028175375,0.178877100908295,0.2922507114450043,3.0730213011251575,177.7,2.1051315748934005,181.9102631497868,173.48973685021318,100053.0
JFL,2019-07-09,179.0,179.0,178.0,178.0,-0.56 %,495.0,88120.0,-0.005586592178770999,-0.005602255548669898,177.8,177.55,177.3272185418626,177.09816438840258,51.857806408834016,0.22905415346002655,0.27961139984800876,2.9249483510447893,177.55,1.9594574974863705,181.46891499497275,173.63108500502727,99558.0
JFL,2019-07-10,177.0,178.0,176.0,178.0,0.00 %,970.0,171296.0,0.0,0.0,177.6,177.45,177.43072338157606,177.16496702629868,51.85780640678581,0.2657563552773752,0.276840390933882,2.858880611684447,177.45,1.8771478926210163,181.204295785242,173.69570421475797,99558.0
JFL,2019-07-11,180.0,180.0,180.0,180.0,1.12 %,693.0,124740.0,0.011235955056179803,0.011173300598125255,178.2,177.45,177.82599670748743,177.3749694687951,55.63215777131282,0.4510272386923475,0.31167776048557516,2.7975319965641297,177.45,1.8771478926210163,181.204295785242,173.69570421475797,100251.0
JFL,2019-07-15,180.0,180.0,180.0,180.0,0.00 %,50.0,9000.0,0.0,0.0,179.0,177.55,178.16045875248938,177.56941617481027,55.632157768964284,0.5910425776791044,0.367550723924281,2.597708282523835,177.55,1.9594574974863705,181.46891499497275,173.63108500502727,100251.0
JFL,2019-07-16,180.0,180.0,180.0,180.0,0.00 %,100.0,18000.0,0.0,0.0,179.2,177.8,178.44346509826022,177.74945942112063,55.63215776643509,0.6940056771395859,0.432841714567342,2.4121576909149898,177.8,1.9358120831571444,181.6716241663143,173.92837583368572,100251.0
JFL,2019-07-17,180.0,183.0,180.0,183.0,1.67 %,1300.0,235600.0,0.016666666666666607,0.016529301951210506,180.2,178.1,179.14447046775865,178.13838835288945,61.31430137472134,1.0060821148692014,0.547489794627714,2.454146427278205,178.1,2.2454632625366924,182.59092652507337,173.60907347492662,101551.0
JFL,2019-07-18,186.0,189.0,186.0,188.0,2.73 %,2179.0,409019.0,0.02732240437158473,0.026955809988528295,182.2,178.6,180.50685962656502,178.86887810452725,68.54482076265154,1.6379815220377623,0.7655881401097238,2.707421682472619,178.6,3.1522757026482155,184.90455140529642,172.29544859470357,103730.0
JFL,2019-07-21,188.0,188.0,185.0,185.0,-1.60 %,373.0,69335.0,-0.015957446808510634,-0.01608613775162438,183.2,178.85,181.19811199170886,179.32303528196968,61.158748161522,1.8750767097391758,0.9874858540356142,2.728320133724575,178.85,3.4530688106044187,185.75613762120884,171.94386237879115,103357.0
JFL,2019-07-22,182.0,183.0,182.0,183.0,-1.08 %,407.0,74464.0,-0.010810810810810811,-0.010869672236903879,183.8,179.0,181.47532553144595,179.5954030388608,56.76708572617971,1.8799224925851377,1.1659731817455188,2.747725838458534,179.0,3.56887126491074,186.13774252982148,171.86225747017852,102950.0
JFL,2019-07-23,182.0,182.0,182.0,182.0,-0.55 %,35.0,6370.0,-0.005464480874316946,-0.005479465764625596,184.2,179.15,181.55604468045425,179.7735213322785,54.65385999000625,1.7825233481757436,1.2892832150315638,2.622888278568639,179.15,3.631369177804057,186.41273835560813,171.88726164439188,102915.0
JFL,2019-07-24,185.0,186.0,183.0,186.0,2.20 %,3452.0,640120.0,0.0219780219780219,0.02173998663640582,184.8,179.5,182.23973011423053,180.23474197433194,60.92060218666159,2.004988139898586,1.4324242000049683,2.721253401528022,179.5,3.9403446282927077,187.3806892565854,171.6193107434146,106367.0
JFL,2019-07-25,185.0,188.0,185.0,186.0,0.00 %,1090.0,203701.0,0.0,0.0,184.4,180.05,182.81823317357967,180.66179812438142,60.92060218439491,2.156435049198251,1.5772263698436249,2.7411638728474492,180.05,4.0454652975800816,188.14093059516017,171.95906940483985,106367.0
JFL,2019-07-28,184.0,184.0,179.0,179.0,-3.76 %,282.0,50828.0,-0.037634408602150504,-0.03836086787244621,183.2,180.2,182.23081268533664,180.53870196701985,47.57621083482426,1.6921107183167976,1.6002032395382595,3.045366453358346,180.2,3.9416801120211877,188.08336022404237,172.3166397759576,106085.0
JFL,2019-07-29,181.0,187.0,181.0,184.0,2.79 %,1017.0,185425.0,0.027932960893854775,0.02754995176823065,183.4,180.65,182.50299534913103,180.79509441390726,55.13569518914982,1.707900935223762,1.62174277867536,3.3992688495470356,180.65,3.828906673716248,188.3078133474325,172.9921866525675,107102.0
JFL,2019-07-30,187.0,190.0,187.0,189.0,2.72 %,2691.0,506417.0,0.02717391304347827,0.02681125745065677,184.8,181.4,183.5025345261878,181.40286519806227,61.16625611638718,2.0996693281255148,1.7173280885653912,3.5850353602936758,181.4,3.925624321815241,189.25124864363048,173.54875135636954,109793.0
JFL,2019-07-31,192.0,198.0,192.0,192.0,1.59 %,1699.0,326580.0,0.015873015873015817,0.015748356968139112,186.0,182.2,184.80983690677428,182.18783814635395,64.26960444429045,2.6219987604203254,1.8982622229363781,3.9718185488441273,182.2,4.3721607328551615,190.94432146571032,173.45567853428966,111492.0
JFL,2019-08-01,190.0,190.0,189.0,189.0,-1.56 %,260.0,49200.0,-0.015625,-0.015748356968139168,186.6,182.7,185.45447738265517,182.6924427281055,59.176795432798635,2.762034654549666,2.0710167092590357,3.902402938212404,182.7,4.554927927123332,191.80985585424665,173.59014414575333,111232.0
JFL,2019-08-04,187.0,192.0,187.0,192.0,1.59 %,1482.0,283937.0,0.015873015873015817,0.015748356968139112,189.2,183.45,186.4614808622467,183.3818914149125,62.38660304788579,3.0795894473342003,2.272731256874069,3.9808027283400897,183.45,4.795557154417685,193.04111430883535,173.85888569116463,112714.0
JFL,2019-08-05,189.0,189.0,184.0,184.0,-4.17 %,1328.0,249652.0,-0.04166666666666663,-0.04255961441879589,189.2,183.85,186.08279149882415,183.4276772360301,50.894571966409124,2.655114262794058,2.3492078580580666,4.267888247744369,183.85,4.463595435381613,192.7771908707632,174.92280912923678,111386.0
JFL,2019-08-06,184.0,184.0,182.0,182.0,-1.09 %,1250.0,229600.0,-0.010869565217391353,-0.010929070532190317,187.8,184.0,185.45466972977428,183.32192336669453,48.48976498300542,2.1327463630797467,2.3059155590624028,4.1058962300483435,184.0,4.340749389608996,192.681498779218,175.318501220782,110136.0
JFL,2019-08-07,185.0,191.0,185.0,191.0,4.95 %,1577.0,299326.0,0.0494505494505495,0.04826674096983457,187.6,184.65,186.30779746365516,183.89066978397642,58.08715414416389,2.4171276796787424,2.3281579831856707,4.455475070759176,184.65,4.368246667439951,193.3864933348799,175.9135066651201,111713.0
JFL,2019-08-08,194.0,197.0,190.0,190.0,-0.52 %,270.0,51910.0,-0.005235602094240788,-0.005249355886143678,187.8,185.25,186.87582862309281,184.34321276294114,56.8203609070904,2.5326158601516795,2.3690495585788724,4.637226851419235,185.25,4.228661602398465,193.70732320479692,176.79267679520308,111443.0
JFL,2019-08-11,187.0,190.0,187.0,190.0,0.00 %,41.0,7697.0,0.0,0.0,187.4,185.75,187.35647037338623,184.7622340397603,56.820360905755905,2.594236333625929,2.414086913588284,4.520282076317861,185.75,4.165964853203225,194.08192970640644,177.41807029359356,111443.0
JFL,2019-08-12,193.0,193.0,190.0,190.0,0.00 %,100.0,19105.0,0.0,0.0,188.6,186.25,187.7631672390191,185.15021670348176,56.82036090431877,2.612950535537351,2.4538596379780975,4.411690499438015,186.25,4.037651740699821,194.32530348139963,178.17469651860037,111443.0
JFL,2019-08-13,193.0,193.0,187.0,187.0,-1.58 %,1117.0,209199.0,-0.015789473684210575,-0.015915455305899568,189.6,186.6,187.64575689455464,185.28723768840902,52.52804042292982,2.3585192061456155,2.434791551611601,4.525141178049585,186.6,3.7612987678833667,194.12259753576672,179.07740246423327,110326.0
JFL,2019-08-14,190.0,190.0,189.0,190.0,1.60 %,985.0,186812.0,0.016042780748663166,0.015915455305899582,189.4,186.95,188.00794814154622,185.6363311929713,56.09947386500591,2.3716169485749106,2.4221566310042633,4.416202522474615,186.95,3.73426523459876,194.41853046919752,179.48146953080246,111311.0
JFL,2019-08-15,192.0,192.0,192.0,192.0,1.05 %,10.0,1920.0,0.010526315789473717,0.010471299867295437,189.8,187.15,188.62210996592373,186.10771406756604,58.349163237501976,2.514395898357691,2.4406044844749486,4.243616628012143,187.15,3.897029908210927,194.94405981642186,179.35594018357816,111321.0
JFL,2019-08-18,192.0,196.0,190.0,190.0,-1.04 %,981.0,188939.0,-0.01041666666666663,-0.010471299867295366,189.8,187.4,188.8340930480893,186.39603154404264,55.29745733532926,2.438061504046658,2.4400958883892905,4.369072583154133,187.4,3.9121941616082383,195.2243883232165,179.57561167678352,110340.0
JFL,2019-08-19,191.0,196.0,190.0,190.0,0.00 %,1046.0,200290.0,0.0,0.0,189.8,187.75,189.01346334838325,186.66299217040986,55.29745733377198,2.3504711779733896,2.4221709463061103,4.485567398643124,187.75,3.8096138774110773,195.36922775482216,180.13077224517784,110340.0
JFL,2019-08-20,190.0,190.0,187.0,187.0,-1.58 %,2200.0,414000.0,-0.015789473684210575,-0.015915455305899568,189.8,188.0,188.70369975632428,186.68795571334246,50.68581998504531,2.0157440429818223,2.3408855656412526,4.379455441597187,188.0,3.568871264908406,195.13774252981682,180.86225747018318,108140.0
JFL,2019-08-21,184.0,195.0,184.0,195.0,4.28 %,6374.0,1177192.0,0.04278074866310155,0.04189094170916013,190.8,188.45,189.6723613322744,187.30366269753932,60.21441996178188,2.3686986347350683,2.346448179460016,4.852351481483103,188.45,3.8590290570793666,196.16805811415873,180.73194188584125,114514.0
JFL,2019-08-22,193.0,193.0,190.0,190.0,-2.56 %,750.0,142950.0,-0.02564102564102566,-0.025975486403260677,190.4,188.65,189.72276728115526,187.50339138661047,53.28457545908951,2.2193758945447826,2.3210337224769693,4.86289780423431,188.65,3.828906673714324,196.30781334742866,180.99218665257135,113764.0
JFL,2019-08-25,190.0,190.0,190.0,190.0,0.00 %,677.0,128630.0,0.0,0.0,190.4,189.2,189.76541846866982,187.68832535797267,53.2845754577687,2.077093110697149,2.272245600121005,4.5155479610747165,189.2,3.088177796935722,195.37635559387144,183.02364440612854,113764.0
JFL,2019-08-26,187.0,190.0,184.0,190.0,0.00 %,1390.0,257340.0,0.0,0.0,190.4,189.5,189.8015079350283,187.85956051664138,53.28457545634629,1.941947418386917,2.2061859637741876,4.62158024956938,189.5,2.8377159088200545,195.17543181764012,183.82456818235988,113764.0
JFL,2019-08-27,187.0,190.0,186.0,186.0,-2.11 %,11100.0,2078050.0,-0.021052631578947323,-0.02127739844728485,190.2,189.35,189.21666056040854,187.72181529318647,47.78920669281582,1.4948452672220753,2.0639178244637653,4.577181660314424,189.35,2.9428772172846105,195.2357544345692,183.4642455654308,102664.0
JFL,2019-08-28,189.0,189.0,189.0,189.0,1.61 %,122.0,23058.0,0.016129032258064502,0.01600034134644112,189.0,189.2,189.18332816649956,187.8164956418393,51.80390682860444,1.3668325246602535,1.9245007645030632,4.464525827434823,189.2,2.876401260385958,194.9528025207719,183.44719747922807,102786.0
JFL,2019-08-29,192.0,195.0,190.0,193.0,2.12 %,5743.0,1098080.0,0.021164021164021163,0.020943173845243173,189.6,189.4,189.77050844857655,188.200458927629,56.596206119596765,1.5700495209475491,1.8536105157919605,4.574202554046622,189.4,2.9982451007937585,195.3964902015875,183.4035097984125,108529.0
JFL,2019-09-01,191.0,191.0,187.0,187.0,-3.11 %,1078.0,204846.0,-0.031088082901554404,-0.03158157205029893,189.0,189.15,189.34427637956477,188.11153604410092,48.76363864770323,1.232740335463859,1.7294364797263402,4.6760452287575776,189.15,2.9784312367087895,195.10686247341758,183.19313752658243,107451.0
JFL,2019-09-02,190.0,190.0,186.0,186.0,-0.53 %,2740.0,512170.0,-0.005347593582887722,-0.005361943141385399,188.2,189.25,188.8297723211702,187.9551259667601,47.58171253616279,0.8746463544100891,1.55847845466309,4.627756283846322,189.25,2.8261001584315233,194.90220031686306,183.59779968313694,104711.0
JFL,2019-09-03,187.0,189.0,187.0,189.0,1.61 %,511.0,95727.0,0.016129032258064502,0.01600034134644112,188.8,189.6,188.8559611948363,188.0325240432964,51.388341914950836,0.8234371515399062,1.4114701940384535,4.5114879778573,189.6,2.2571523746367137,194.11430474927343,185.08569525072656,105222.0
JFL,2019-09-04,191.0,193.0,190.0,190.0,0.53 %,300.0,57210.0,0.005291005291005346,0.005277057100843819,189.0,189.55,189.0319671648615,188.17826300305222,52.62339363188788,0.8537041618092758,1.299916987592618,4.474953122296064,189.55,2.235479461161657,194.02095892232333,185.0790410776767,105522.0
JFL,2019-09-05,191.0,191.0,189.0,190.0,0.00 %,2950.0,561380.0,0.0,0.0,188.4,189.55,189.18089529334435,188.3132064843076,52.62339363044805,0.8676888090367356,1.2134713518814415,4.2981707564177745,189.55,2.235479461161657,194.02095892232333,185.0790410776767,105522.0
JFL,2019-09-08,193.0,207.0,193.0,200.0,5.26 %,24852.0,4986079.0,0.05263157894736836,0.05129329438755048,191.0,190.05,190.84537294052214,189.17889489287742,63.406004006233005,1.6664780476447163,1.3040726910340965,5.2054442738165045,190.05,3.2359005905313323,196.52180118106267,183.57819881893735,130374.0
JFL,2019-09-09,200.0,202.0,197.0,200.0,0.00 %,14108.0,2805213.0,0.0,0.0,193.8,190.55,192.25377710351873,189.98045823414577,63.40600400467892,2.2733188693729574,1.4979219267018689,5.190769682829611,190.55,3.926629732079757,198.40325946415953,182.6967405358405,130374.0
JFL,2019-09-10,199.0,201.0,197.0,200.0,0.00 %,16870.0,3361047.0,0.0,0.0,196.0,191.2,193.4455037029774,190.72264651309794,63.40600400300529,2.7228571898794485,1.7429089793373849,5.105714705484639,191.2,4.360106227606096,199.92021245521218,182.4797875447878,130374.0
JFL,2019-09-11,200.0,200.0,197.0,198.0,-1.00 %,5370.0,1061230.0,-0.010000000000000009,-0.01005033585350145,197.6,191.6,194.14619544098085,191.26170973434995,59.995172122932544,2.8844857066308975,1.9712243247960877,4.955306512235736,191.6,4.604345773312344,200.8086915466247,182.3913084533753,125004.0
JFL,2019-09-12,199.0,199.0,197.0,197.0,-0.51 %,4360.0,862055.0,-0.005050505050505083,-0.005063301956546762,199.0,191.85,194.58524229621457,191.68676827254623,58.30628740204337,2.898474023668342,2.1566742645705386,4.744213189933184,191.85,4.760307376210938,201.37061475242186,182.32938524757813,120644.0
JFL,2019-09-15,196.0,197.0,195.0,195.0,-1.02 %,913.0,178475.0,-0.010152284263959421,-0.010204170174241736,198.0,192.1,194.64905117372,191.93219284495024,54.97318047842795,2.7168583287697743,2.268711077410386,4.548197962080814,192.1,4.789242331045851,201.6784846620917,182.52151533790828,119731.0
JFL,2019-09-16,198.0,198.0,190.0,192.0,-1.54 %,6205.0,1192551.0,-0.01538461538461533,-0.015504186535965199,196.4,192.2,194.24150483930154,191.93721559717616,50.325875852090775,2.3042892421253782,2.2758267103533845,4.794755250503613,192.2,4.76389933167394,201.72779866334787,182.6722013366521,113526.0
JFL,2019-09-17,195.0,199.0,195.0,199.0,3.65 %,2720.0,534110.0,0.03645833333333326,0.03580945269671078,196.2,192.8,194.97358101787054,192.46038481220015,59.02921704052866,2.513196205670397,2.323300609416787,4.952272732610497,192.8,4.829732475996029,202.45946495199206,183.14053504800796,116246.0
JFL,2019-09-18,202.0,202.0,195.0,197.0,-1.01 %,3217.0,632925.0,-0.01005025125628145,-0.010101095986503933,196.0,192.9,195.285337784352,192.79665260388902,56.009711930006794,2.488685180462994,2.3563775236260285,5.098538965995462,192.9,4.897905030155995,202.695810060312,183.104189939688,113029.0
JFL,2019-09-19,199.0,199.0,194.0,199.0,1.02 %,1350.0,263390.0,0.010152284263959421,0.01010109598650392,196.4,193.35,195.85682427906707,193.25615981841574,58.30650430704014,2.6006644606513305,2.405234911031089,5.091500468424357,193.35,5.029125695722263,203.4082513914445,183.29174860855548,114379.0
JFL,2019-09-22,196.0,199.0,193.0,198.0,-0.50 %,470.0,92820.0,-0.005025125628140725,-0.005037794029957181,197.0,193.75,196.18654362074903,193.60755538742197,56.712111102478225,2.578988233327067,2.4399855754902844,5.156393292108332,193.75,5.066660895678164,203.88332179135634,183.61667820864366,113909.0
JFL,2019-09-23,198.0,200.0,195.0,198.0,0.00 %,200.0,39390.0,0.0,0.0,198.2,194.15,196.46553690986457,193.93292165502032,56.712111100808144,2.532615254844245,2.4585115113610767,5.145222342672022,194.15,5.07081432266568,204.29162864533137,184.00837135466864,113909.0
JFL,2019-09-24,195.0,195.0,192.0,194.0,-2.02 %,2965.0,573910.0,-0.02020202020202022,-0.020408871631207123,197.2,194.55,196.08622353911616,193.93789042131513,50.32777791977087,2.1483331178010303,2.3964758326490676,5.206277889624021,194.55,4.6957427527723254,203.94148550554468,185.15851449445535,110944.0
JFL,2019-09-26,194.0,197.0,194.0,195.0,0.00 %,744.0,145056.0,0.005154639175257714,0.005141399500418652,196.8,194.85,195.91911222540597,194.0165652049214,51.78898149901314,1.902547020484576,2.297690070216169,5.048686611793734,194.85,4.510514033047511,203.87102806609502,185.82897193390497,111688.0
JFL,2019-09-29,193.0,194.0,193.0,194.0,-0.51 %,340.0,65860.0,-0.00512820512820511,-0.005141399500418652,195.8,194.9,195.6238641907281,194.015338152705,50.19869898168679,1.6085260380231148,2.1598572637775586,4.830923282379897,194.9,4.494441010872561,203.88888202174513,185.91111797825488,111348.0
JFL,2019-09-30,195.0,198.0,195.0,197.0,1.55 %,125.0,24620.0,0.015463917525773141,0.01534556967466032,195.6,195.4,195.83557739215456,194.2364242154676,54.69343310198957,1.5991531766869684,2.047716446359441,4.771571619352761,195.4,4.109040097945998,203.618080195892,187.18191980410802,111473.0
JFL,2019-10-01,199.0,199.0,196.0,196.0,-0.51 %,1680.0,330520.0,-0.005076142131979711,-0.005089069507471293,195.2,195.9,195.86087317797694,194.36705945876628,52.977048895771645,1.4938137192106637,1.9369359009296856,4.645030789398993,195.9,3.4625819390191896,202.82516387803838,188.97483612196163,109793.0
JFL,2019-10-02,195.0,195.0,193.0,195.0,-0.51 %,3910.0,758250.0,-0.005102040816326481,-0.005115100666770377,195.4,196.2,195.72843115059587,194.41394394330212,51.245172213180275,1.3144872072937517,1.812446162202499,4.527528590156208,196.2,3.071087583833981,202.34217516766796,190.05782483233202,105883.0
JFL,2019-10-03,195.0,197.0,195.0,196.0,0.51 %,2210.0,432670.0,0.00512820512820511,0.005115100666770409,195.6,196.5,195.77021097358113,194.53142957713158,52.90324971649769,1.2387813964495535,1.6977132090519098,4.346990833716479,196.5,2.7047716121503633,201.90954322430073,191.09045677569927,108093.0
JFL,2019-10-10,196.0,196.0,196.0,196.0,0.00 %,250.0,49000.0,0.0,0.0,196.0,196.8,195.80556313149174,194.64021257141812,52.90324971456015,1.1653505600736196,1.5912406792562517,4.036491488451016,196.8,2.238420495795904,201.27684099159183,192.3231590084082,108093.0
JFL,2019-10-14,196.0,196.0,193.0,193.0,-1.53 %,3995.0,777708.0,-0.015306122448979553,-0.015424470325631639,195.2,196.45,195.37393803433918,194.51871534390568,47.30577680285703,0.855222690433493,1.4440370814916998,3.962456382133087,196.45,2.25890052440512,200.96780104881023,191.93219895118975,104098.0
JFL,2019-10-15,195.0,196.0,195.0,196.0,1.55 %,1151.0,225145.0,0.015544041450777257,0.01542447032563173,195.2,196.25,195.47025525982545,194.628440133246,52.695837892586084,0.841815126579462,1.3235926905092525,3.8937094976950095,196.25,2.0994986870805206,200.44899737416105,192.05100262583895,105249.0
JFL,2019-10-16,197.0,197.0,195.0,195.0,-0.51 %,1694.0,331744.0,-0.005102040816326481,-0.005115100666770377,195.2,196.0,195.39790829677537,194.6559630863389,50.82941844596419,0.7419452104364836,1.2072631944946988,3.7584445335739374,196.0,1.9194297399298001,199.8388594798596,192.1611405201404,103555.0
JFL,2019-10-17,198.0,198.0,196.0,196.0,0.51 %,220.0,43160.0,0.00512820512820511,0.005115100666770409,195.2,195.9,195.49053778957915,194.7555213762397,52.63603373781798,0.7350164133394514,1.1128138382636492,3.704269924032942,195.9,1.8609561776001657,199.62191235520035,192.17808764479966,103775.0
JFL,2019-10-22,198.0,198.0,194.0,194.0,-1.02 %,2649.0,516382.0,-0.010204081632653073,-0.01025650016718911,194.8,195.75,195.26122428349004,194.6995568298516,48.77608155242484,0.5616674536384494,1.0025845613386093,3.725393500887732,195.75,1.8883298106781736,199.52665962135634,191.97334037864366,101126.0
JFL,2019-10-23,196.0,196.0,192.0,193.0,-0.52 %,5458.0,1055066.0,-0.005154639175257714,-0.005167970158442561,194.8,195.65,194.91334362449157,194.57366373134408,46.9232270037408,0.3396798931474905,0.8700036277003855,3.7450082508243225,195.65,1.98082917252805,199.6116583450561,191.6883416549439,95668.0
JFL,2019-10-24,192.0,195.0,192.0,193.0,0.00 %,3210.0,619686.0,0.0,0.0,194.2,195.7,194.6189830668775,194.45709604754083,46.92322700182122,0.1618870193366604,0.7283803060276406,3.6917933757654424,195.7,1.8945906376899149,199.48918127537982,191.91081872462016,95668.0
JFL,2019-10-31,194.0,194.0,193.0,194.0,0.52 %,2000.0,386560.0,0.005181347150259086,0.005167970158442598,194.0,195.45,194.5237549027425,194.42323708105633,49.162899703185914,0.10051782168616796,0.6028078091593461,3.4995224203536255,195.45,1.761428845897442,198.97285769179487,191.9271423082051,97668.0
JFL,2019-11-03,193.0,193.0,192.0,192.0,-1.03 %,1010.0,194430.0,-0.010309278350515427,-0.010362787035546547,193.2,195.2,194.13548491770518,194.24373803801512,45.06696488733102,-0.10825312030993928,0.46059562326548903,3.3924136760426524,195.2,1.8806493839830587,198.9612987679661,191.43870123203388,96658.0
JFL,2019-11-04,193.0,193.0,192.0,193.0,0.52 %,1530.0,294290.0,0.005208333333333259,0.00519481687710393,193.0,194.9,193.96079493036592,194.15160929445847,47.42551579127278,-0.19081436409254593,0.330313625793882,3.221526984896749,194.9,1.7137217117946606,198.32744342358933,191.47255657641068,98188.0
JFL,2019-11-05,195.0,195.0,193.0,195.0,1.04 %,1254.0,242533.0,0.010362694300518172,0.010309369658861287,193.4,194.75,194.12067263338653,194.21445305042448,51.87581982817339,-0.09378041703794793,0.24549481722751607,3.1342750574041243,194.75,1.551739261943078,197.85347852388617,191.64652147611383,99442.0
JFL,2019-11-06,195.0,195.0,192.0,192.0,-1.54 %,3551.0,685075.0,-0.01538461538461533,-0.015504186535965199,193.2,194.45,193.79441530517323,194.0504194911338,45.63566977281182,-0.2560041859605633,0.1451950165899002,3.1246839818752585,194.45,1.4680814548616963,197.38616290972337,191.5138370902766,95891.0
JFL,2019-11-07,191.0,192.0,191.0,192.0,0.00 %,978.0,187398.0,0.0,0.0,192.8,194.35,193.51835141206968,193.89853656586465,45.635669770841226,-0.38018515379496876,0.04011898251292639,2.9729208403127405,194.35,1.565247584318303,197.4804951686366,191.2195048313634,95891.0
JFL,2019-11-10,192.0,195.0,192.0,195.0,1.56 %,2332.0,451220.0,0.015625,0.015504186535965254,193.4,194.35,193.74629734867435,193.98012644987466,52.29140521924128,-0.23382910120031397,-0.014670634229721681,2.9748550660046877,194.35,1.565247584318303,197.4804951686366,191.2195048313634,98223.0
JFL,2019-11-11,197.0,197.0,195.0,195.0,0.00 %,87.0,16985.0,0.0,0.0,193.8,194.4,193.93917467964752,194.05567263877282,52.29140521694314,-0.11649795912529726,-0.035036099208836796,2.905222561290067,194.4,1.5694450914100284,197.53889018282007,191.26110981717994,98223.0
JFL,2019-11-12,196.0,196.0,192.0,192.0,-1.54 %,1300.0,251572.0,-0.01538461538461533,-0.015504186535965199,193.2,194.15,193.6408401135479,193.90340059145632,45.789806189590266,-0.26256047790840853,-0.08054097494875115,2.983420949769348,194.15,1.5312533566722142,197.21250671334442,191.0874932866556,96923.0
JFL,2019-11-13,195.0,195.0,193.0,194.0,1.04 %,2198.0,425994.0,0.01041666666666674,0.010362787035546658,193.6,194.05,193.69609548069437,193.9105561032003,50.23233786489766,-0.2144606225059249,-0.1073249044601859,2.984605167642966,194.05,1.4680814548619514,196.9861629097239,191.11383709027612,99121.0
JFL,2019-11-14,194.0,195.0,193.0,193.0,-0.52 %,178.0,34410.0,-0.005154639175257714,-0.005167970158442561,193.8,193.95,193.58900386827986,193.84310750296325,48.10941442528112,-0.25410363468338915,-0.13668065050482656,2.91427622709704,193.95,1.4680814548620154,196.88616290972402,191.01383709027596,98943.0
JFL,2019-11-17,195.0,195.0,195.0,195.0,1.04 %,210.0,40950.0,0.010362694300518172,0.010309369658861287,193.8,193.9,193.8060801962368,193.92880324348448,52.438728341092244,-0.12272304724768901,-0.13388912985339907,2.848970782304394,193.9,1.4104870380211423,196.7209740760423,191.07902592395772,99153.0
JFL,2019-11-18,196.0,196.0,192.0,192.0,-1.54 %,3210.0,620531.0,-0.01538461538461533,-0.015504186535965199,193.2,193.7,193.52822170450807,193.7859289291523,46.210720022951165,-0.25770722464423557,-0.15865274881156638,2.9311871549969375,193.7,1.3803127030170517,196.4606254060341,190.93937459396588,95943.0
JFL,2019-11-19,192.0,192.0,191.0,192.0,0.00 %,1814.0,347596.0,0.0,0.0,193.2,193.65,193.2931106730453,193.65363789736324,46.210720020981,-0.36052722431793427,-0.19902764391283997,2.7932452153542995,193.65,1.4244112357871417,196.4988224715743,190.8011775284257,95943.0
JFL,2019-11-20,195.0,195.0,193.0,194.0,1.04 %,40.0,7760.0,0.01041666666666674,0.010362787035546658,193.2,193.55,193.40186287719217,193.6792943494104,50.7346579959914,-0.2774314722182396,-0.2147084095739199,2.808013414257564,193.55,1.3168942731030389,196.1837885462061,190.91621145379392,95983.0
JFL,2019-11-21,196.0,196.0,192.0,192.0,-1.03 %,330.0,64080.0,-0.010309278350515427,-0.010362787035546547,193.0,193.4,193.18619166531647,193.55490217538002,46.52104133727813,-0.3687105100635506,-0.24550882967184606,2.8931553132391667,193.4,1.3138933707458003,196.0277867414916,190.7722132585084,95653.0
JFL,2019-11-24,190.0,190.0,189.0,190.0,-1.04 %,3200.0,607900.0,-0.01041666666666663,-0.010471299867295366,192.0,193.1,192.69600833219084,193.29157608831483,42.701767319818906,-0.5955677561239838,-0.3155206149622736,2.9007870765792263,193.1,1.3726654823854392,195.84533096477088,190.3546690352291,92453.0
JFL,2019-11-25,187.0,192.0,187.0,192.0,1.05 %,1011.0,191352.0,0.010526315789473717,0.010471299867295437,192.0,193.0,192.5889301272384,193.1959037854767,47.35616604006727,-0.606973658238303,-0.37381122361747954,3.0507308568235674,193.0,1.3764944033021413,195.7529888066043,190.2470111933957,93464.0
JFL,2019-11-26,194.0,194.0,188.0,188.0,-2.08 %,1812.0,343292.0,-0.02083333333333337,-0.02105340919783238,191.2,192.75,191.88294087689403,192.81102202358954,40.30451604966489,-0.9280811466955186,-0.48466520823308734,3.261392938479027,192.75,1.7733405883593256,196.29668117671866,189.20331882328134,91652.0
JFL,2019-11-27,190.0,191.0,190.0,190.0,1.06 %,3995.0,760050.0,0.010638297872340496,0.010582109330537008,190.4,192.6,191.59325766506416,192.6027981699903,44.735641389323504,-1.00954050492615,-0.5896402675717,3.2427220143019535,192.6,1.8750438591941878,196.35008771838838,188.8499122816116,95647.0
JFL,2019-11-28,193.0,193.0,190.0,190.0,0.00 %,1211.0,230120.0,0.0,0.0,190.0,192.4,191.3481411012081,192.4099983055466,44.73564138753545,-1.0618572043384802,-0.684083654925056,3.2253847275661,192.4,1.9303667500482102,196.26073350009642,188.5392664999036,95647.0
JFL,2019-12-01,191.0,191.0,191.0,191.0,0.53 %,874.0,166934.0,0.0052631578947368585,0.005249355886143745,190.2,192.35,191.29458093179147,192.3055539866172,47.01626943862703,-1.0109730548257403,-0.749461534905193,3.066428675597093,192.35,1.9540780570002005,196.2581561140004,188.4418438859996,96521.0
JFL,2019-12-02,192.0,193.0,190.0,191.0,0.00 %,1140.0,217890.0,0.0,0.0,190.0,192.25,191.24926078843893,192.20884628390482,47.01626943653753,-0.9595854954658876,-0.7914863270173319,3.061683770197301,192.25,1.9701723141864296,196.19034462837286,188.30965537162714,96521.0
JFL,2019-12-03,191.0,192.0,191.0,192.0,0.52 %,636.0,121566.0,0.005235602094240788,0.005221943981151625,190.8,192.1,191.3647591286791,192.19337618880076,49.436282394852476,-0.828617060121644,-0.7989124736381944,2.914420643754637,192.1,1.8609561776021006,195.8219123552042,188.37808764479578,97157.0
JFL,2019-12-04,192.0,193.0,192.0,193.0,0.52 %,1588.0,305396.0,0.005208333333333259,0.00519481687710393,191.4,192.15,191.61633464734388,192.25312610074144,51.80681259166086,-0.6367914533975636,-0.7664882695900683,2.7776763120578774,192.15,1.8715318803498513,195.8930637606997,188.4069362393003,98745.0
JFL,2019-12-05,192.0,193.0,191.0,191.0,-1.04 %,1280.0,245710.0,-0.010362694300518172,-0.010416760858255715,191.6,192.1,191.5215139323679,192.16030194513098,47.055321499000186,-0.6387880127630865,-0.740948218224672,2.7221280040537432,192.1,1.8890264828345202,195.87805296566904,188.32194703433095,97465.0
JFL,2019-12-08,190.0,190.0,188.0,188.0,-1.57 %,405.0,76648.0,-0.015706806282722474,-0.015831465216680628,191.0,191.75,190.97974255815745,191.85213143067682,40.98338995034608,-0.872388872519366,-0.7672363490836109,2.7419760037641905,191.75,1.9701723141866787,195.69034462837337,187.80965537162663,97060.0
JFL,2019-12-09,188.0,194.0,188.0,194.0,3.19 %,820.0,158120.0,0.03191489361702127,0.031416196233378914,191.6,191.7,191.44439754921015,192.01123280618225,53.81852865229867,-0.566835256972098,-0.7271561306613084,2.9746920034953197,191.7,1.8945906376919257,195.48918127538383,187.91081872461615,97880.0
JFL,2019-12-10,193.0,193.0,192.0,192.0,-1.03 %,1173.0,225736.0,-0.010309278350515427,-0.010362787035546547,191.6,191.7,191.52987484933166,192.01040074646505,49.92113572631026,-0.4805258971333899,-0.6778300839557246,2.905071146102797,191.7,1.8945906376919257,195.48918127538383,187.91081872461615,96707.0
JFL,2019-12-11,193.0,202.0,192.0,198.0,3.12 %,10888.0,2114295.0,0.03125,0.030771658666753687,192.6,191.9,192.52527871866525,192.45407476524542,59.416255104691565,0.07120395341982544,-0.5280232764806146,3.411851778524026,191.9,2.3147126683588786,196.52942533671776,187.27057466328225,107595.0
JFL,2019-12-12,201.0,201.0,194.0,196.0,-1.01 %,4438.0,868347.0,-0.010101010101010055,-0.010152371464017962,193.6,192.05,193.059851223486,192.71673589374575,55.629930002666605,0.34311532974024317,-0.3537955552364431,3.668148080058024,192.05,2.4809802816857314,197.01196056337147,187.08803943662855,103157.0
JFL,2019-12-15,194.0,194.0,194.0,194.0,-1.02 %,10.0,479900.0,-0.010204081632653073,-0.01025650016718911,194.8,192.0,193.20448949679584,192.81179249420904,52.0573699994775,0.3926970025868002,-0.2044970436717945,3.548994645768165,192.0,2.4279079147125904,196.85581582942518,187.14418417057482,103147.0
JFL,2019-12-16,194.0,194.0,191.0,191.0,0.00 %,3620.0,694960.0,-0.015463917525773141,-0.015584731016698203,194.2,191.95,192.86533726651956,192.67758564278617,47.16451512314809,0.18775162373339072,-0.1260473101907575,3.509780742499011,191.95,2.438183102706632,196.82636620541325,187.07363379458673,99527.0
JFL,2019-12-17,193.0,194.0,191.0,191.0,0.00 %,3499.0,671906.0,0.0,0.0,194.0,191.9,192.57836230243961,192.55332003961684,47.164515121556775,0.02504226282277955,-0.09582939558805008,3.4733678323205104,191.9,2.4473401243859634,196.79468024877193,187.0053197512281,99527.0
JFL,2019-12-18,191.0,194.0,189.0,192.0,0.52 %,2830.0,539560.0,0.005235602094240788,0.005221943981151625,192.8,191.8,192.48938348667969,192.5123333700156,49.01699563044149,-0.022949883335911636,-0.0812534931376224,3.58241298715476,191.8,2.3973669767625907,196.59473395352518,187.00526604647484,102357.0
JFL,2019-12-19,195.0,200.0,195.0,198.0,3.12 %,8728.0,1722088.0,0.03125,0.030771658666753687,193.2,192.1,193.3371706425751,192.91882719445888,58.433811642579954,0.41834344811621804,0.01866589511314569,3.8979549166437053,192.1,2.7701415506693694,197.64028310133872,186.55971689866126,111085.0
JFL,2019-12-22,199.0,200.0,198.0,198.0,0.00 %,2097.0,416313.0,0.0,0.0,194.0,192.5,194.05452900525586,193.2952103652397,58.43381164064274,0.7593186400161471,0.166796444093746,3.762386708312012,192.5,3.0174928596622306,198.53498571932445,186.46501428067555,111085.0
JFL,2019-12-23,201.0,201.0,197.0,200.0,1.01 %,2250.0,445850.0,0.010101010101010166,0.010050335853501506,195.8,192.9,194.9692168506011,193.79186144929602,61.20402633366353,1.1773554013050784,0.3689082355360125,3.7793590862897255,192.9,3.4473483326366705,199.79469666527334,186.00530333472668,113335.0
JFL,2019-12-24,204.0,204.0,196.0,196.0,-2.00 %,7780.0,1533036.0,-0.020000000000000018,-0.020202707317519466,196.8,193.3,195.12779887358556,193.95542726786667,53.52131242629408,1.1723716057188938,0.5296009095725888,4.080833437269031,193.3,3.3102710972152076,199.92054219443042,186.6794578055696,105555.0
JFL,2019-12-25,199.0,199.0,196.0,196.0,0.00 %,1690.0,333660.0,0.0,0.0,197.6,193.6,195.2619836622647,194.10687709987653,53.5213124244853,1.1551065623881698,0.654702040135705,4.003631048892672,193.6,3.267060484708234,200.13412096941647,187.06587903058352,105555.0
JFL,2019-12-26,199.0,199.0,197.0,197.0,0.51 %,3230.0,641050.0,0.005102040816326481,0.005089069507471228,197.4,193.95,195.52937079114707,194.32118249988565,55.15350917252311,1.208188291261422,0.7653992903608484,3.9319431168289096,193.95,3.235900590530238,200.42180118106046,187.47819881893952,108785.0
JFL,2019-12-29,199.0,200.0,197.0,199.0,1.02 %,9395.0,1863913.0,0.010152284263959421,0.01010109598650392,197.6,194.35,196.06331374635522,194.6677615739682,58.30703311008696,1.3955521723870277,0.8914298667660843,3.8653757513411304,194.35,3.3446736919283135,201.0393473838566,187.66065261614338,118180.0
JFL,2019-12-30,160.0,162.0,157.0,162.0,-0.68 %,1241.0,199180.0,-0.18592964824120606,-0.20570848949210835,190.0,192.9,190.82280393922366,192.24792738330387,24.284937251964905,-1.4251234440802136,0.4281192045968247,6.589277483388193,192.9,7.966376710585178,208.83275342117037,176.96724657882964,116939.0
JFL,2019-12-31,165.0,165.0,162.0,162.0,0.00 %,275.0,44750.0,0.0,0.0,183.2,191.4,186.38852641011235,190.0073401697258,24.28493725155245,-3.6188137596134595,-0.38126738824523215,6.332900520289036,191.4,10.550130954548138,212.50026190909628,170.29973809090373,116939.0
JFL,2020-01-01,163.0,163.0,162.0,162.0,0.00 %,560.0,90770.0,0.0,0.0,176.4,189.85,182.63644542394124,187.93272237937575,24.284937251108303,-5.296276955434507,-1.3642693016830874,5.951979054554105,189.85,12.415079964564827,214.68015992912964,165.01984007087034,116939.0
JFL,2020-01-02,162.0,162.0,160.0,162.0,0.00 %,850.0,136550.0,0.0,0.0,169.4,188.4,179.46160766641182,186.01177998090347,24.284937250629966,-6.550172314491647,-2.4014499042447994,5.6696948363716695,188.4,13.88069465879689,216.16138931759377,160.63861068240624,116939.0
JFL,2020-01-05,164.0,165.0,162.0,162.0,0.00 %,1128.0,185000.0,0.0,0.0,162.0,187.1,176.77520648696387,184.23312961194765,24.284937250114837,-7.457923124983779,-3.4127445483925953,5.4790023480594074,187.1,15.085371094303927,217.27074218860784,156.92925781139215,116939.0
JFL,2020-01-06,162.0,162.0,161.0,161.0,-0.62 %,964.0,156018.0,-0.006172839506172867,-0.006191970247921107,161.8,185.45,174.34825164281557,182.51215704809968,23.74257478217767,-8.163905405284112,-4.362976719770899,5.159073608912307,185.45,16.06393476083093,217.57786952166185,153.32213047833812,115975.0
JFL,2020-01-07,159.0,163.0,159.0,163.0,1.24 %,1709.0,277167.0,0.012422360248447228,0.012345835822299362,162.0,184.0,172.6023667746901,181.06681208157377,27.24239484782177,-8.464445306883675,-5.183270437193454,5.076282636847142,184.0,16.736345573575196,217.47269114715039,150.52730885284961,117684.0
JFL,2020-01-08,166.0,166.0,161.0,161.0,-1.23 %,1068.0,174417.0,-0.012269938650306789,-0.012345835822299379,161.8,182.15,170.81738727089163,179.58038155701274,25.9593493250419,-8.762994286121113,-5.899215206978987,5.070833877072346,182.15,17.14727230111717,216.44454460223434,147.85545539776567,116616.0
JFL,2020-01-09,158.0,163.0,158.0,163.0,1.24 %,433.0,69660.0,0.012422360248447228,0.012345835822299362,162.0,180.5,169.61471230613907,178.3522051453822,29.533431931056512,-8.737492839243117,-6.466870733431813,5.065774314424321,180.5,17.331140212140518,215.16228042428105,145.83771957571895,117049.0
JFL,2020-01-12,163.0,168.0,163.0,168.0,3.07 %,2394.0,449482.0,0.030674846625766916,0.030213778596496633,163.2,179.2,169.3662950282715,177.58537513461312,37.638152139035356,-8.219080106341607,-6.817312608013772,5.061076149108297,179.2,17.240100134042848,213.68020026808568,144.7197997319143,119443.0
JFL,2020-01-13,170.0,173.0,170.0,173.0,2.98 %,1380.0,235940.0,0.029761904761904656,0.02932761509451992,165.6,178.3,169.9253265623836,177.24571771723436,44.51113739562272,-7.320391154850768,-6.917928317381172,5.056713567029133,178.3,17.060573199484942,212.42114639896988,144.17885360103014,120823.0
JFL,2020-01-14,175.0,175.0,170.0,170.0,-1.73 %,1640.0,279850.0,-0.017341040462427793,-0.01749315744751723,167.0,177.25,169.93681478355535,176.7089978863281,41.552068867804195,-6.772183102772743,-6.888779274459487,5.0526625979556234,177.25,16.883112085289838,211.01622417057968,143.48377582942032,119183.0
JFL,2020-01-15,170.0,177.0,170.0,173.0,1.76 %,2169.0,372497.0,0.01764705882352935,0.01749315744751712,169.4,176.3,170.40807404762376,176.43425730215563,45.45697194631959,-6.0261832545318725,-6.716260070473964,5.191758126673079,176.3,16.54054030811756,209.38108061623512,143.2189193837649,121352.0
JFL,2020-01-16,176.0,180.0,175.0,179.0,3.47 %,2474.0,596356.0,0.034682080924855585,0.03409421134297614,172.6,175.35,171.7299088095278,176.62431231681077,52.31829090544139,-4.894403507282959,-6.351888757835763,5.320918260482145,175.35,15.755617210520942,206.86123442104187,143.83876557895812,123826.0
JFL,2020-01-19,180.0,195.0,180.0,191.0,6.11 %,7025.0,2614998.0,0.06703910614525133,0.06488762220587481,177.2,175.0,174.6945382234466,177.6891780711211,62.48329819024138,-2.9946398476744776,-5.680438975803506,6.083709813304848,175.0,15.297058540786654,205.5941170815733,144.4058829184267,130851.0
JFL,2020-01-20,201.0,201.0,188.0,188.0,-5.05 %,2008.0,512140.0,-0.015706806282722474,-0.015831465216680628,180.2,174.4,176.74153234291637,178.45294265844547,59.09168033877711,-1.7114103155290934,-4.886633243748624,6.577730540925931,174.4,14.478295916019746,203.3565918320395,145.4434081679605,128843.0
JFL,2020-01-21,182.0,188.0,182.0,186.0,0.54 %,2203.0,411801.0,-0.010638297872340385,-0.010695289116747919,183.4,173.9,178.1659119824677,179.01198394300505,56.8752223765524,-0.8460719605373583,-4.078520987106371,6.536464073716936,173.9,13.852227637696831,201.60445527539366,146.19554472460635,126640.0
JFL,2020-01-22,187.0,187.0,183.0,184.0,-2.64 %,1596.0,293498.0,-0.010752688172043001,-0.010810916104215617,185.6,173.3,179.063463985165,179.38146661389356,54.66699864418824,-0.31800262872857843,-3.3264173154308123,6.355288068451441,173.3,13.08313498565573,199.46626997131148,147.13373002868855,125044.0
JFL,2020-01-23,187.0,187.0,180.0,187.0,1.63 %,6382.0,1177518.0,0.016304347826086918,0.016172859245600968,187.2,172.8,180.28446952590883,179.9458024202718,57.34241960515997,0.33866710563702895,-2.593400431217244,6.40133892070491,172.8,12.29719694206112,197.39439388412225,148.20560611587777,131426.0
JFL,2020-01-26,190.0,190.0,169.0,171.0,-8.56 %,3038.0,526698.0,-0.08556149732620322,-0.08944506035192679,183.2,171.4,178.85608959884595,179.28315038914056,42.82577375541859,-0.427060790294604,-2.1601325030327163,7.444100426368845,171.4,10.639548862628589,192.67909772525718,150.12090227474283,128388.0
JFL,2020-01-27,174.0,180.0,174.0,180.0,5.26 %,2262.0,406510.0,0.05263157894736836,0.05129329438755048,181.6,172.3,179.03207581440813,179.33625036031535,50.42789570845313,-0.30417454590721604,-1.7889409116076165,7.555236110199642,172.3,10.563591893123757,193.42718378624753,151.1728162137525,130650.0
JFL,2020-01-28,183.0,185.0,179.0,183.0,1.67 %,2330.0,420960.0,0.016666666666666607,0.016529301951210506,181.0,173.35,179.64252568911456,179.6076392225142,52.686216550868245,0.034886466600369204,-1.4241754359660195,7.444147816613954,173.35,10.529532403285355,194.4090648065707,152.29093519342928,132980.0
JFL,2020-01-29,186.0,189.0,184.0,184.0,0.55 %,1907.0,354893.0,0.005464480874316946,0.005449604767564685,181.0,174.45,180.31290635232773,179.93299928010572,53.44751437922249,0.3799070722220108,-1.0633589343284133,7.340994401141529,174.45,10.430093101478922,195.31018620295782,153.58981379704215,134887.0
JFL,2020-01-30,184.0,190.0,184.0,190.0,3.26 %,1508.0,280125.0,0.032608695652173836,0.03208831455150045,181.6,175.85,181.8032284519696,180.67870303713494,57.831700062839516,1.1245254148346646,-0.6257820644957978,7.2452090867742776,175.85,10.549507346952751,196.9490146939055,154.7509853060945,136395.0
JFL,2020-02-02,192.0,192.0,189.0,190.0,0.00 %,1530.0,291520.0,0.0,0.0,185.4,177.25,183.06427022858966,181.36916947882864,57.831700061861945,1.6951007497610249,-0.1616055016444332,6.941979866290401,177.25,10.472394789723515,198.19478957944702,156.30521042055298,136395.0
JFL,2020-02-03,190.0,190.0,184.0,190.0,0.00 %,1391.0,259967.0,0.0,0.0,187.4,178.7,184.1313055780374,182.00849025817467,57.83170006080918,2.122815319862724,0.29527866265699826,6.874695590126802,178.7,10.105235745589036,198.91047149117807,158.4895285088219,136395.0
JFL,2020-02-04,187.0,187.0,184.0,184.0,-3.16 %,358.0,66316.0,-0.03157894736842104,-0.03208831455150051,187.6,179.75,184.1111047198778,182.15600949830988,51.745167968934396,1.955095221567916,0.6272419744391818,6.812217333689174,179.75,9.458357485104559,198.6667149702091,160.8332850297909,136037.0
JFL,2020-02-05,187.0,187.0,179.0,187.0,1.63 %,4650.0,854030.0,0.016304347826086918,0.016172859245600968,188.2,181.05,184.55555014758892,182.5148236095462,54.3331412234338,2.040726538042719,0.9099388871598894,6.897058952711375,181.05,8.482024336344859,198.01404867268974,164.08595132731028,140687.0
JFL,2020-02-06,185.0,185.0,181.0,181.0,-3.21 %,2600.0,472380.0,-0.03208556149732622,-0.03261158558876089,186.4,181.95,184.00854243257524,182.40261445328352,48.706832692070456,1.605927979291721,1.0491367055862557,6.832983313231992,181.95,7.344708084215773,196.63941616843152,167.26058383156845,138087.0
JFL,2020-02-09,183.0,183.0,178.0,178.0,-1.66 %,120.0,21880.0,-0.016574585635359074,-0.016713480973740556,184.0,182.45,183.08415128910212,182.0764948641514,46.13443212384161,1.00765642495071,1.0408406494591467,6.702055933715421,182.45,6.652858507140196,195.75571701428038,169.1442829857196,137967.0
JFL,2020-02-10,181.0,181.0,176.0,176.0,-1.12 %,2860.0,509930.0,-0.011235955056179803,-0.011299555253933394,181.2,182.6,181.9942818600095,181.62638413347352,44.44902669809045,0.36789772653597197,0.9062520648745117,6.580480509878605,182.6,6.459590992447709,195.51918198489543,169.68081801510456,135107.0
JFL,2020-02-11,179.0,183.0,179.0,183.0,3.98 %,1562.0,282136.0,0.03977272727272729,0.039002157803269176,181.0,183.25,182.14900772770034,181.72813345691992,51.172537284408655,0.4208742707804163,0.8091765060556927,6.610446187744419,183.25,5.738833551040864,194.72766710208174,171.77233289791826,136669.0
JFL,2020-02-12,180.0,180.0,177.0,178.0,-2.73 %,3431.0,612830.0,-0.02732240437158473,-0.027702602549335823,179.2,183.5,181.51069884651568,181.451975423074,46.81403623181304,0.058723423441676914,0.6590858895328895,6.566842888619818,183.5,5.365582324822396,194.2311646496448,172.7688353503552,133238.0
JFL,2020-02-13,178.0,180.0,178.0,179.0,0.56 %,864.0,154562.0,0.00561797752808979,0.0056022555486697516,178.8,183.5,181.12443748551328,181.27034761395743,47.772149891092106,-0.14591012844414308,0.498086685937483,6.240639825146975,183.5,5.365582324822396,194.2311646496448,172.7688353503552,134102.0
JFL,2020-02-16,176.0,179.0,170.0,170.0,-5.03 %,9600.0,1659990.0,-0.05027932960893855,-0.051587368790493235,177.2,182.45,179.4129855646651,180.43550704996056,40.670953192285864,-1.0225214852954707,0.19396505169089226,6.43773698049362,182.45,5.853249210141977,194.15649842028395,170.74350157971602,124502.0
JFL,2020-02-17,173.0,182.0,173.0,177.0,4.12 %,3276.0,582906.0,0.04117647058823537,0.04035129552356745,177.4,181.9,179.04175701625508,180.18102504625978,47.239991936039374,-1.1392680300047004,-0.07268156464822628,6.8350414818869325,181.9,5.821014561616828,193.54202912323365,170.25797087676636,127778.0
JFL,2020-02-18,177.0,183.0,177.0,178.0,0.56 %,3294.0,589672.0,0.005649717514124353,0.005633817718256064,176.4,181.5,178.881486706062,180.0194676354257,48.12366252805134,-1.1379809293637209,-0.2857414375913252,6.775395661752152,181.5,5.799274001770275,193.09854800354054,169.90145199645946,131072.0
JFL,2020-02-19,181.0,181.0,176.0,176.0,-1.12 %,800.0,142100.0,-0.011235955056179803,-0.011299555253933394,176.0,181.1,178.43818105897554,179.72172929206084,46.448071912095905,-1.2835482330852983,-0.4853027966901199,6.6485816859127125,181.1,5.892903850370777,192.88580770074154,169.31419229925845,130272.0
JFL,2020-02-20,176.0,178.0,175.0,178.0,1.14 %,6349.0,1121997.0,0.011363636363636465,0.011299555253933466,175.8,180.65,178.37076858836392,179.59419378894523,48.383523380185444,-1.2234252005813175,-0.6329272774683594,6.387968708347519,180.65,5.760802210239919,192.17160442047984,169.12839557952017,136621.0
JFL,2020-02-23,180.0,190.0,178.0,189.0,6.18 %,7446.0,1376370.0,0.061797752808988804,0.05996346476755727,179.6,181.55,180.00603495938486,180.2909201749493,57.4847388787313,-0.2848852155644295,-0.5633188650875735,6.788828086322696,181.55,5.576973334989818,192.70394666997964,170.39605333002038,144067.0
JFL,2020-02-24,189.0,201.0,186.0,189.0,0.00 %,7032.0,1370328.0,0.0,0.0,182.0,182.0,181.38972188871026,180.9360371990271,57.48473887773896,0.45368468968314346,-0.3599181541334301,7.375340365871075,182.0,5.803810000900693,193.6076200018014,170.3923799981986,144067.0
JFL,2020-02-25,186.0,189.0,185.0,189.0,0.00 %,1064.0,199788.0,0.0,0.0,184.2,182.3,182.56053390583173,181.53336777687696,57.48473887667031,1.027166128954775,-0.08250129751578905,7.1342446254517125,182.3,6.009641376481851,194.31928275296372,170.2807172470363,144067.0
JFL,2020-02-26,192.0,195.0,188.0,189.0,0.00 %,4580.0,867610.0,0.0,0.0,186.8,182.55,183.55122099724224,182.08645164525643,57.48473887551945,1.464769351985808,0.2269528323845304,7.124655723633733,182.55,6.185509382098405,194.92101876419682,170.1789812358032,144067.0
JFL,2020-02-27,189.0,193.0,189.0,189.0,0.00 %,5844.0,1119305.0,0.0,0.0,189.0,182.5,184.38949468997419,182.5985663382004,57.48473887428005,1.790928351773772,0.5397479362623787,6.901466029088467,182.5,6.125872655361986,194.75174531072398,170.24825468927602,144067.0
JFL,2020-03-01,189.0,191.0,186.0,190.0,0.53 %,5715.0,1079090.0,0.005291005291005346,0.005277057100843819,189.2,182.5,185.25264935305506,183.1468206835189,58.449496160562575,2.1058286695361517,0.8529640829171333,6.765647027010719,182.5,6.125872655361986,194.75174531072398,170.24825468927602,149782.0
JFL,2020-03-02,187.0,187.0,181.0,181.0,-4.74 %,4250.0,776700.0,-0.047368421052631615,-0.048527040894660436,187.6,182.05,184.5983956064312,182.98779692918419,47.91185519521191,1.610598677247026,1.004491001783112,6.925243667938526,182.05,5.871205381505399,193.79241076301082,170.3075892369892,145532.0
JFL,2020-03-03,181.0,181.0,177.0,177.0,-2.21 %,3231.0,576578.0,-0.02209944751381221,-0.02234729869199666,185.2,181.7,183.42941166698026,182.5442564159113,44.10591768404523,0.8851552510689658,0.9806238516402828,6.716297691657203,181.7,5.956862473362596,193.61372494672517,169.7862750532748,142301.0
JFL,2020-03-04,177.0,180.0,176.0,176.0,-0.56 %,1620.0,287520.0,-0.005649717514124242,-0.005665737535677308,182.6,181.15,182.2864252566756,182.05949668139934,43.18238976029604,0.22692857527627552,0.8298847963674814,6.522276427967403,181.15,5.949568759271007,193.049137518542,169.250862481458,140681.0
JFL,2020-03-05,175.0,178.0,174.0,175.0,-0.57 %,2729.0,480572.0,-0.005681818181818232,-0.005698021114637779,179.8,180.85,181.1654367556486,181.53657100129567,42.23011962644475,-0.3711342456470561,0.5896809879645739,6.342113825969731,180.85,6.10672623124694,193.06345246249387,168.63654753750612,137952.0
JFL,2020-03-10,174.0,174.0,172.0,172.0,-1.71 %,887.0,153764.0,-0.017142857142857126,-0.017291497110060994,176.2,180.55,179.75536956247188,180.83015833453302,39.421502128139,-1.0747887720611402,0.2567870359594311,6.103391409829037,180.55,6.394693523805507,193.339387047611,167.760612952389,137065.0
JFL,2020-03-11,171.0,183.0,168.0,180.0,4.65 %,4888.0,853444.0,0.04651162790697683,0.04546237407675741,176.0,180.75,179.79300501439928,180.76866512456763,49.1362602032212,-0.9756601101683486,0.010297606733875142,6.7388634519841055,180.75,6.306846739038095,193.3636934780762,168.1363065219238,141953.0
JFL,2020-03-12,179.0,179.0,172.0,172.0,-4.44 %,6195.0,1084092.0,-0.0444444444444444,-0.04546237407675729,175.0,180.2,178.59408116603015,180.11913437459967,41.90002811520657,-1.525053208569517,-0.29677255632680327,6.828944633985241,180.2,6.574272022955991,193.34854404591198,167.051455954088,135758.0
JFL,2020-03-15,172.0,172.0,168.0,168.0,-2.33 %,5474.0,926077.0,-0.023255813953488413,-0.02353049741019416,173.4,179.7,176.96422252510243,179.22142071722192,38.82153767251302,-2.257198192119489,-0.6888576834853405,6.626877160129153,179.7,7.1089269306631016,193.9178538613262,165.48214613867378,130284.0
JFL,2020-03-16,170.0,173.0,167.0,170.0,1.19 %,380.0,64320.0,0.011904761904761862,0.011834457647002798,172.4,179.25,175.89280367508667,178.5383525159462,41.14977016552961,-2.645548840859533,-1.080195914960179,6.582100220119928,179.25,7.433034373675725,194.11606874735145,164.38393125264855,130664.0
JFL,2020-03-17,173.0,173.0,167.0,169.0,-0.59 %,1827.0,307140.0,-0.00588235294117645,-0.005899722127188271,171.8,179.2,174.83237234045794,177.83180788513536,40.32346527322088,-2.999435544677425,-1.4640438409036283,6.540521632968505,179.2,7.501578781214745,194.20315756242948,164.1968424375705,128837.0
JFL,2020-03-18,169.0,170.0,163.0,169.0,0.00 %,2686.0,450243.0,0.0,0.0,169.6,178.8,173.9350842880798,177.17759989364384,40.323465272348884,-3.2425156055640514,-1.819738193835713,6.573341516327898,178.8,7.8311120404269206,194.46222408085384,163.13777591914618,128837.0
JFL,2020-03-19,166.0,167.0,164.0,166.0,-1.78 %,3879.0,642030.0,-0.017751479289940808,-0.01791092656653022,168.4,178.2,172.71430208991367,176.34962953115172,37.69021495213809,-3.635327441238047,-2.18285604331618,6.460959979447334,178.2,8.338875350160247,194.8777507003205,161.5222492996795,124958.0
JFL,2020-06-29,165.0,165.0,165.0,165.0,-0.60 %,10.0,1650.0,-0.0060240963855421326,-0.006042314455962586,167.8,177.65,171.5274863837731,175.5089162325479,36.826912377424776,-3.981429848774809,-2.542570804407906,6.07089140948681,177.65,8.839355775539524,195.32871155107904,159.97128844892097,124948.0
JFL,2020-07-02,165.0,165.0,162.0,162.0,-1.82 %,110.0,18120.0,-0.018181818181818188,-0.01834913866819654,166.2,176.85,170.061719247808,174.5082557708777,34.28944310714593,-4.446536523069682,-2.923363948140261,5.851542023094896,176.85,9.504984841774077,195.85996968354814,157.84003031645184,124838.0
JFL,2020-07-05,165.0,165.0,154.0,157.0,-3.09 %,2234.0,356284.0,-0.030864197530864224,-0.031350529884076044,163.8,175.25,168.05222397891447,173.21134793599785,30.515545956150802,-5.159123957083381,-3.370515949928885,6.2192890214452605,175.25,10.030873394320377,195.31174678864076,155.18825321135924,122604.0
JFL,2020-07-06,158.0,159.0,154.0,156.0,-0.64 %,4363.0,680225.0,-0.006369426751592355,-0.00638979809877101,161.2,173.6,166.1980356744661,171.93643327407207,29.808918469073447,-5.738397599605975,-3.844092279864303,6.132196948484885,173.6,10.35882537540578,194.31765075081157,152.88234924918842,118241.0
JFL,2020-07-07,153.0,159.0,153.0,157.0,0.64 %,5882.0,911422.0,0.0064102564102563875,0.006389798098770988,159.4,172.0,164.78295326300977,170.830030809326,31.516724678964636,-6.047077546316217,-4.284689333154686,6.1227543093073935,172.0,10.32625677327595,192.65251354655192,151.34748645344808,124123.0
JFL,2020-07-08,155.0,156.0,154.0,154.0,-1.91 %,4656.0,719024.0,-0.019108280254777066,-0.019293202934678896,157.2,170.25,163.1240373763929,169.58336186048703,29.219833943205472,-6.4593244840941395,-4.719616363342578,5.899700430071151,170.25,10.259142264354383,190.76828452870876,149.73171547129124,119467.0
JFL,2020-07-09,155.0,156.0,154.0,154.0,0.00 %,4607.0,712194.0,0.0,0.0,155.6,168.5,161.7203393184863,168.42903875971024,29.219833942441014,-6.708699441223928,-5.117432978918848,5.621150399351784,168.5,9.87021036411305,188.2404207282261,148.7595792717739,119467.0
JFL,2020-07-12,156.0,159.0,154.0,156.0,1.30 %,2359.0,368272.0,0.01298701298701288,0.012903404835907782,155.4,166.8,160.84028711564227,167.5083692219539,32.99539927115383,-6.66808210631163,-5.427562804397406,5.576782513683799,166.8,8.847241615938566,184.49448323187715,149.10551676812287,121826.0
JFL,2020-07-13,155.0,160.0,155.0,157.0,0.64 %,1208.0,190820.0,0.0064102564102563875,0.006389798098770988,155.6,165.6,160.24947371323577,166.72997150180916,34.866216688927466,-6.480497788573388,-5.638149801232602,5.535583762706385,165.6,8.438009243907665,182.47601848781534,148.72398151218465,123034.0
JFL,2020-07-14,159.0,163.0,159.0,162.0,3.18 %,2697.0,434658.0,0.031847133757961776,0.03135052988407601,156.6,164.85,160.51878544966104,166.3796032424159,43.37878573646941,-5.860817792754858,-5.682683399537054,5.568756351084501,164.85,8.0280757345875,180.906151469175,148.793848530825,125731.0
JFL,2020-07-15,162.0,162.0,161.0,162.0,0.00 %,1100.0,177517.0,0.0,0.0,158.2,164.15,160.74666461125165,166.05518818742212,43.378785735248314,-5.308523576170472,-5.607851434863738,5.242416611721322,164.15,7.603842518944321,179.35768503788864,148.94231496211137,125731.0
JFL,2020-07-16,163.0,170.0,161.0,170.0,4.94 %,4950.0,812700.0,0.04938271604938271,0.048202101817877686,161.4,163.9,162.1702546710591,166.34739646983527,54.43026053206503,-4.1771417987761765,-5.321709507646227,5.510815425169799,163.9,7.30464884420302,178.50929768840604,149.29070231159398,130681.0
JFL,2020-07-20,173.0,178.0,173.0,175.0,2.94 %,3518.0,612077.0,0.02941176470588225,0.028987536873252187,165.2,164.05,164.14406164474232,166.98833006466228,59.72173294785673,-2.844268419919956,-4.826221290100973,5.688614323371956,164.05,7.507715329842918,179.06543065968586,149.03456934031416,134199.0
JFL,2020-07-21,174.0,174.0,171.0,171.0,-2.29 %,1150.0,198066.0,-0.02285714285714291,-0.023122417420854264,168.0,163.6,165.19882139170505,167.28549080061322,54.29049917475182,-2.0866694089081648,-4.278310913862412,5.567999014559674,163.6,6.730918448337469,177.06183689667495,150.13816310332504,133049.0
JFL,2020-07-22,168.0,168.0,165.0,167.0,-2.34 %,1502.0,250302.0,-0.023391812865497075,-0.023669744085904734,169.0,163.35,165.47592579298117,167.26434333390114,49.4476957908734,-1.7884175409199656,-3.780332239273923,5.5988562278054115,163.35,6.491087006549149,176.3321740130983,150.3678259869017,131547.0
JFL,2020-07-23,170.0,170.0,164.0,165.0,-1.20 %,508.0,85665.0,-0.0119760479041916,-0.01204833851617448,169.6,163.2,165.40270644021484,167.0966141980566,47.18149001439975,-1.693907757841771,-3.3630473429874925,5.62750935439074,163.2,6.412159501600057,176.0243190032001,150.37568099679987,131039.0
JFL,2020-07-26,164.0,172.0,164.0,170.0,3.03 %,3081.0,51000.0,0.030303030303030276,0.02985296314968113,169.6,163.2,166.1099823724895,167.31167981301536,52.98290303835871,-1.2016974405258622,-2.9307773624951667,5.796972971934259,163.2,6.412159501600057,176.0243190032001,150.37568099679987,134120.0
JFL,2020-07-27,170.0,172.0,170.0,170.0,0.00 %,638.0,139108.0,0.0,0.0,168.6,163.25,166.70844662287573,167.51081464168087,52.98290303710529,-0.8023680188051401,-2.5050954937571612,5.525760616796098,163.25,6.46346004781876,176.1769200956375,150.3230799043625,134120.0
JFL,2020-07-28,170.0,171.0,167.0,170.0,0.00 %,968.0,163748.0,0.0,0.0,168.4,163.3,167.21483945012562,167.6951987422971,52.98290303575544,-0.480359292171471,-2.100148253440023,5.4167777155963766,163.3,6.513952636275761,176.32790527255153,150.2720947274485,134120.0
JFL,2020-07-29,169.0,170.0,166.0,166.0,-2.35 %,277.0,46396.0,-0.02352941176470591,-0.02381064869371856,168.2,163.3,167.02794107318323,167.56962846508992,47.74323774712299,-0.5416873919066916,-1.7884560811333567,5.315579307339492,163.3,6.513952636275761,176.32790527255153,150.2720947274485,133843.0
JFL,2020-07-30,166.0,168.0,165.0,168.0,1.20 %,1165.0,193642.0,0.012048192771084265,0.01197619104671562,168.8,163.45,167.1774886003858,167.60150783804625,50.385241116063476,-0.42401923766044547,-1.5155687124387747,5.150180785386672,163.45,6.589265592834061,176.62853118566812,150.27146881433185,135008.0
JFL,2020-08-02,166.0,168.0,165.0,165.0,-1.79 %,1706.0,282816.0,-0.017857142857142905,-0.018018505502678365,167.8,163.6,166.8424903541726,167.40880355374654,46.58093857906357,-0.5663131995739263,-1.3257176098658052,4.996596443573338,163.6,6.5886665051483995,176.7773330102968,150.4226669897032,133302.0
JFL,2020-08-03,163.0,167.0,162.0,167.0,1.21 %,1860.0,305208.0,0.0121212121212122,0.012048338516174574,167.2,164.1,166.8667226073768,167.3785218090246,49.32778884057887,-0.5117992016477899,-1.1629339282222022,4.996839554746671,164.1,6.439189226526184,176.97837845305236,151.22162154694763,135162.0
JFL,2020-08-05,169.0,169.0,164.0,166.0,-0.60 %,1242.0,367589.0,-0.005988023952095856,-0.006006024060211922,166.4,164.6,166.73338066778038,167.27640908243018,47.99879265616329,-0.5430284146497968,-1.0389528255077212,4.997065300836194,164.6,6.159289090920823,176.91857818184164,152.28142181815835,133920.0
JFL,2020-08-06,164.0,164.0,163.0,164.0,-0.61 %,1153.0,188920.0,-0.012048192771084376,-0.01212136053234485,166.0,164.95,166.31286056504493,167.03371211336128,45.366225769049585,-0.7208515483163467,-0.9753325700694464,4.854417779347895,164.95,5.898037140060719,176.74607428012143,153.15392571987854,132767.0
JFL,2020-08-09,165.0,167.0,165.0,166.0,1.22 %,3954.0,657542.0,0.012195121951219523,0.01212136053234482,165.6,165.55,166.26472817042264,166.95714084570488,48.41322379187228,-0.6924126752822417,-0.9187485911120056,4.721959366537332,165.55,5.306153329688665,176.16230665937735,154.93769334062267,136721.0
JFL,2020-08-10,169.0,169.0,160.0,162.0,-2.41 %,9089.0,72464.0,-0.02409638554216864,-0.024391453124159124,165.0,165.95,165.60861614420378,166.58994522750453,43.22135161053902,-0.98132908330075,-0.9312646895497545,5.027533697498951,165.95,4.650693213779178,175.25138642755834,156.64861357244163,127632.0
JFL,2020-08-11,164.0,165.0,163.0,163.0,0.62 %,3077.0,504197.0,0.006172839506172867,0.006153865574378286,164.2,166.3,165.20729058355704,166.3240233588005,44.81469052495829,-1.116732775243463,-0.9683583066884962,4.882709861963312,166.3,4.092354874802847,174.4847097496057,158.1152902503943,130709.0
JFL,2020-08-12,163.0,164.0,160.0,164.0,0.61 %,3858.0,623246.0,0.006134969325153339,0.006116227017436054,163.8,166.65,165.0215535707021,166.15187348037085,46.43351928305184,-1.1303199096687422,-1.0007506272845454,4.819659157537361,166.65,3.5135077689361416,173.67701553787228,159.62298446212773,134567.0
JFL,2020-08-13,165.0,167.0,162.0,162.0,-1.22 %,2724.0,445154.0,-0.012195121951219523,-0.01227009259181436,163.4,166.65,164.55669917520947,165.84432729663968,43.674109696668886,-1.2876281214302026,-1.058126126113677,4.832540646284691,166.65,3.5135077689361416,173.67701553787228,159.62298446212773,131843.0
JFL,2020-08-16,160.0,162.0,159.0,162.0,0.00 %,3375.0,540486.0,0.0,0.0,162.6,166.65,164.16336084056186,165.55956231170342,43.67410969527135,-1.396201471141552,-1.125741195119252,4.701644885835785,166.65,3.5135077689361416,173.67701553787228,159.62298446212773,131843.0
JFL,2020-08-17,159.0,162.0,160.0,161.0,-0.62 %,1231.0,197977.0,-0.006172839506172867,-0.006191970247921107,162.4,166.2,163.6766899420139,165.22181695528093,42.21920679788784,-1.5451270132670345,-1.2096183587488085,4.508670251133229,166.2,3.6360765437280214,173.47215308745604,158.92784691254394,130612.0
JFL,2020-08-18,163.0,164.0,160.0,160.0,-0.62 %,3077.0,495421.0,-0.006211180124223614,-0.006230549750636086,161.8,165.45,163.11104533555022,164.83501569933418,40.757038864917746,-1.7239703637839625,-1.3124887597558392,4.47233666176657,165.45,3.2521248115263304,171.95424962305265,158.94575037694733,127535.0
JFL,2020-08-19,160.0,163.0,159.0,160.0,0.00 %,4439.0,710742.0,0.0,0.0,161.0,164.9,162.6324229762348,164.47686638827238,40.757038863397646,-1.8444434120375774,-1.418879690212187,4.438598328783243,164.9,3.193743884576917,171.28748776915384,158.51251223084617,127535.0
JFL,2020-08-20,160.0,160.0,160.0,160.0,0.00 %,400.0,64000.0,0.0,0.0,160.6,164.55,162.22743482604483,164.14524665580777,40.75703886176061,-1.9178118297629396,-1.5186661181223375,4.121555591013012,164.55,3.332061160786284,171.21412232157257,157.88587767842745,127535.0
JFL,2020-08-23,162.0,163.0,160.0,163.0,1.87 %,802.0,128868.0,0.018750000000000044,0.018576385572935457,160.8,164.45,162.3462910066533,164.06041357019237,47.561763666138056,-1.714122563539064,-1.557757407205683,4.041444477369225,164.45,3.347819400313486,171.14563880062695,157.75436119937302,128337.0
JFL,2020-08-24,160.0,165.0,160.0,165.0,1.23 %,1139.0,185332.0,0.012269938650306678,0.012195273093818206,161.6,164.2,162.75455392870663,164.13001256499294,51.55662428626426,-1.3754586362863108,-1.5212976530218087,4.10991272898571,164.2,3.088177796943827,170.37635559388764,158.02364440611234,129476.0
JFL,2020-08-25,166.0,166.0,163.0,164.0,-0.61 %,934.0,152791.0,-0.0060606060606061,-0.006079046076382226,162.4,163.9,162.9461610165979,164.1203820046231,49.52504793914522,-1.174220988025212,-1.4518823200224895,4.030633248343873,163.9,2.7701415506794054,169.44028310135883,158.35971689864118,128542.0
JFL,2020-08-26,167.0,167.0,161.0,167.0,1.83 %,4774.0,16700.0,0.018292682926829285,0.0181273845925567,163.8,163.75,163.5698285525059,164.33368704131772,55.22522124596861,-0.7638584888118203,-1.3142775537803557,4.171302302033597,163.75,2.4894514297987556,168.7289028595975,158.7710971404025,133316.0
JFL,2020-08-27,170.0,170.0,164.0,164.0,-1.80 %,1776.0,291804.0,-0.017964071856287456,-0.018127384592556715,164.6,163.65,163.6360087751973,164.3089694827016,49.23711587057181,-0.672960707504302,-1.186014184525145,4.301923566174055,163.65,2.4338619950196274,168.51772399003926,158.78227600996075,131540.0
JFL,2020-08-30,164.0,166.0,161.0,163.0,-0.61 %,1291.0,208587.0,-0.0060975609756097615,-0.006116227017436094,164.6,163.4,163.53816127132077,164.21200878027926,47.39242200827509,-0.6738475089584881,-1.0835808494118138,4.351786168590194,163.4,2.2100250058745523,167.82005001174912,158.9799499882509,130249.0
JFL,2020-08-31,166.0,166.0,163.0,163.0,0.00 %,2338.0,385380.0,0.0,0.0,164.2,163.3,163.4553672295791,164.12223035211042,47.39242200636293,-0.6668631225313106,-1.000237304035713,4.255230013690895,163.3,2.1788456625763613,167.65769132515274,158.94230867484728,130249.0
JFL,2020-09-02,166.0,170.0,165.0,167.0,2.45 %,6777.0,1136786.0,0.024539877300613577,0.024243611609992853,164.8,163.3,164.0006953481054,164.33539847417632,55.18199383939346,-0.3347031260709059,-0.8671304684427518,4.451285012712974,163.3,2.1788456625763613,167.65769132515274,158.94230867484728,137026.0
JFL,2020-09-03,167.0,170.0,167.0,168.0,0.60 %,3774.0,632181.0,0.0059880239520957446,0.005970166986503754,165.0,163.4,164.61597298685842,164.60685043905215,56.9001617769003,0.009122547806271086,-0.6918798651929472,4.34762179751919,163.4,2.3485717945081515,168.0971435890163,158.7028564109837,140800.0
JFL,2020-09-06,170.0,177.0,168.0,170.0,1.19 %,9232.0,1581616.0,0.011904761904761862,0.011834457647002798,166.2,163.7,165.44428483503407,165.00634299912235,60.187519703265934,0.4379418359117153,-0.4659155249720147,4.67993452626782,163.7,2.77393886781591,169.24787773563182,158.15212226436816,150032.0
JFL,2020-09-07,167.0,168.0,166.0,166.0,-2.35 %,1775.0,296417.0,-0.02352941176470591,-0.02381064869371856,166.8,163.7,165.52977947579805,165.07994722140958,51.695033449681766,0.4498322543884683,-0.28276596909991814,4.631367774391547,163.7,2.77393886781591,169.24787773563182,158.15212226436816,148257.0
JFL,2020-09-08,166.0,170.0,166.0,170.0,2.41 %,6854.0,1157617.0,0.024096385542168752,0.023810648693718607,168.2,164.1,166.21750571029065,165.44439557537925,58.066943142166835,0.7731101349114056,-0.07159074829765341,4.586270076220723,164.1,3.0762246171257965,170.2524492342516,157.9475507657484,155111.0
JFL,2020-09-09,169.0,169.0,167.0,167.0,-1.76 %,3524.0,589432.0,-0.01764705882352946,-0.017804624633506707,168.2,164.3,166.337889447169,165.55962553275856,52.47600673539707,0.7782639144104451,0.0983801842439663,4.472965070776386,164.3,3.1304951685434035,170.56099033708682,158.0390096629132,151587.0
JFL,2020-09-10,169.0,175.0,167.0,172.0,2.99 %,7523.0,1274225.0,0.029940119760478945,0.02950066439669784,169.0,164.7,167.20898337837377,166.03669030810977,59.47880019500486,1.1722930702640042,0.3131627614479739,4.724896137149501,164.7,3.570345700534559,171.8406914010691,157.55930859893087,159110.0
JFL,2020-09-13,173.0,178.0,169.0,171.0,-0.58 %,10660.0,1846675.0,-0.005813953488372103,-0.00583092031079321,169.2,165.15,167.79221670477781,166.4043428778794,57.64915852043029,1.3878738268984137,0.5281049745380619,5.03026069878168,165.15,3.7735227155117035,172.6970454310234,157.6029545689766,148450.0
JFL,2020-09-14,172.0,173.0,170.0,173.0,1.17 %,4557.0,781578.0,0.011695906432748648,0.011628037995119214,170.6,165.7,168.59341413481198,166.89291007211054,60.280756197109646,1.700504062701441,0.7625847921707378,4.8852420774401315,165.7,4.079473650292322,173.85894730058465,157.54105269941533,153007.0
JFL,2020-09-15,174.0,174.0,171.0,173.0,0.00 %,2249.0,438755.0,0.0,0.0,171.2,166.3,169.27135042176397,167.34528710380604,60.28075619509272,1.9260633179579258,0.9952804973281755,4.750581929051551,166.3,4.23146111386662,174.76292222773324,157.83707777226678,153007.0
JFL,2020-09-16,172.0,179.0,172.0,178.0,2.89 %,6892.0,1206239.0,0.028901734104046284,0.02849195579430624,173.4,167.2,170.61421958764643,168.1345250961167,66.34428739342194,2.4796944915297274,1.292163296168486,4.911254648405012,167.2,4.708335274053969,176.61667054810792,157.78332945189206,159899.0
JFL,2020-09-17,180.0,192.0,179.0,190.0,6.74 %,28490.0,6115303.0,0.0674157303370786,0.06524052186840094,177.0,168.7,173.59664734339313,169.75418990381178,75.86654727360246,3.842457439581352,1.8022221248510593,5.560450744947511,168.7,6.665701684566712,182.03140336913341,155.36859663086656,188389.0
JFL,2020-09-20,199.0,204.0,195.0,195.0,2.63 %,28564.0,5675032.0,0.026315789473684292,0.025975486403260736,181.8,170.45,176.88947082902496,171.62424991093684,78.58528314544716,5.265220918088119,2.4948218834984717,6.163275691736975,170.45,8.580731167487158,187.6114623349743,153.28853766502567,216953.0
JFL,2020-09-21,195.0,200.0,187.0,188.0,-3.59 %,26338.0,5037542.0,-0.03589743589743588,-0.03655759573379758,184.8,171.7,178.59878300917498,172.83726843605263,67.17563936693917,5.761514573122355,3.148160421423248,6.651613142327191,171.7,9.234375139162854,190.1687502783257,153.2312497216743,190615.0
JFL,2020-09-22,190.0,193.0,184.0,184.0,-2.13 %,28564.0,5386317.0,-0.021276595744680882,-0.02150620522096362,187.0,172.65,179.42973946930192,173.66413744078946,61.66599879527261,5.765602028512461,3.671648742841091,6.819355060732391,172.65,9.482809932229348,191.6156198644587,153.68438013554132,162051.0
JFL,2020-09-23,186.0,192.0,184.0,188.0,2.17 %,18855.0,3538508.0,0.021739130434782705,0.021506205220963682,189.0,173.85,180.74824108940933,174.72605318591616,64.77714682068991,6.022187903493176,4.141756574971509,6.903686842108649,173.85,9.84230931396887,193.53461862793773,154.16538137206226,180906.0
JFL,2020-09-24,186.0,192.0,186.0,190.0,1.06 %,8573.0,1622971.0,0.010638297872340496,0.010582109330537008,189.0,175.0,182.1715886141156,175.8574566536261,66.25196896548132,6.3141319604895045,4.5762316520751085,6.839137781958032,175.0,10.331352385119814,195.66270477023963,154.33729522976037,189479.0
JFL,2020-09-27,193.0,203.0,193.0,200.0,5.26 %,35809.0,7095477.0,0.05263157894736836,0.05129329438755048,190.0,176.8,184.9144211350209,177.64579319780194,72.46093164627099,7.268627937218952,5.114710909103877,7.27919936896103,176.8,11.395289885702882,199.59057977140577,154.00942022859425,225288.0
JFL,2020-09-28,208.0,208.0,200.0,200.0,0.00 %,28908.0,5873756.0,0.0,0.0,192.4,178.65,187.23527942194076,179.30166036833512,72.46093164483531,7.933619053605639,5.67849253800423,7.330685128320956,178.65,12.023113704783256,202.69622740956652,154.6037725904335,225288.0
JFL,2020-09-29,200.0,204.0,200.0,202.0,1.00 %,17261.0,3503661.0,0.010000000000000009,0.009950330853168092,196.0,180.6,189.50677489548832,180.98301885956957,73.58805227919532,8.523756035918751,6.2475452375871345,7.092779047726602,180.6,12.504315044699226,205.60863008939845,155.59136991060154,242549.0
JFL,2020-09-30,204.0,204.0,199.0,200.0,-0.99 %,16532.0,3313529.0,-0.00990099009900991,-0.009950330853168092,198.4,182.25,191.12111721925936,182.39168412923107,70.48148415802139,8.729433090028294,6.743922808075367,6.943294830031845,182.25,12.789284165813621,207.82856833162725,156.67143166837275,226017.0
JFL,2020-10-01,200.0,203.0,198.0,200.0,0.00 %,15967.0,3206544.0,0.0,0.0,200.4,183.85,192.48709918552714,183.6960038233621,70.48148415641924,8.791095362165038,7.153357318893302,6.804488056458141,183.85,12.913782926545135,209.67756585309027,158.02243414690972,226017.0
JFL,2020-10-04,204.0,207.0,201.0,203.0,1.50 %,12807.0,3563785.0,0.014999999999999902,0.014888612493750559,201.0,185.5,194.10446854159989,185.12592946607603,72.50101661159479,8.978539075523855,7.518393670219413,6.81845319528256,185.5,13.15694733432253,211.81389466864505,159.18610533135495,238824.0
JFL,2020-10-05,202.0,205.0,199.0,199.0,-1.97 %,11830.0,2364646.0,-0.019704433497536922,-0.019901154317294913,200.8,187.15,194.85762722750758,186.15363839451484,66.01575725608274,8.703988832992735,7.755512702774078,6.759992252762378,187.15,12.641931065026066,212.43386213005215,161.86613786994786,226994.0
JFL,2020-10-06,199.0,201.0,199.0,200.0,0.50 %,15613.0,3128809.0,0.005025125628140614,0.0050125418235441935,200.4,188.65,195.64876150019873,187.17929480973595,66.81494800144954,8.469466690462781,7.898303500311819,6.419992806136494,188.65,12.274384966914909,213.19876993382982,164.1012300661702,242607.0
JFL,2020-10-07,204.0,212.0,201.0,209.0,4.50 %,32546.0,6681897.0,0.04499999999999993,0.04401688541677426,202.2,190.75,197.70279819247585,188.79564334234811,72.97478477041346,8.907154850127739,8.100073770275003,6.818564748555316,190.75,11.964310963960243,214.6786219279205,166.8213780720795,275153.0
JFL,2020-10-08,213.0,218.0,213.0,215.0,2.87 %,53871.0,11605036.0,0.028708133971291794,0.028303776162851724,205.2,192.9,200.36390616286417,190.73670679847046,76.15280997935719,9.627199364393704,8.405498889098745,6.974381552229936,192.9,12.277064624318978,217.45412924863797,168.34587075136204,329024.0
JFL,2020-10-11,217.0,235.0,215.0,229.0,6.51 %,86698.0,19459156.0,0.06511627906976747,0.06308397542657687,210.4,195.8,204.76945906088505,193.57102481339857,81.59221287873257,11.198434247486489,8.964085960776293,7.904782869927798,195.8,13.60959413912867,223.01918827825736,168.58081172174266,415722.0
JFL,2020-10-12,230.0,230.0,218.0,220.0,-3.93 %,24689.0,5492759.0,-0.0393013100436681,-0.04009445720187809,214.6,198.15,207.11261920536427,195.52872667907275,70.46499484645044,11.583892526291521,9.488047273879339,8.19729837921867,198.15,13.52298238672971,225.19596477345942,171.1040352265406,391033.0
JFL,2020-10-13,224.0,227.0,215.0,218.0,-0.91 %,22045.0,4830558.0,-0.009090909090909038,-0.009132483563272474,218.2,200.4,208.78760086607747,197.1932654435859,68.23791491811932,11.594335422491582,9.909304903601788,8.468919923560195,200.4,12.8448228358522,226.0896456717044,174.7103543282956,368988.0
JFL,2020-10-14,214.0,218.0,212.0,217.0,-0.46 %,15410.0,3289720.0,-0.004587155963302725,-0.0045977092486294314,219.8,202.35,210.05104688668092,198.66043096628323,67.0960518336783,11.390615920397693,10.205567106960968,8.292568500448752,202.35,12.209896762363929,226.76979352472785,177.93020647527214,353578.0
JFL,2020-10-15,227.0,227.0,211.0,215.0,-0.92 %,8635.0,1851265.0,-0.009216589861751112,-0.009259325412796712,219.8,203.6,210.81242428873003,199.87076941322522,64.76193401846943,10.94165487550481,10.352784660669737,8.84309932184527,203.6,12.158601027568231,227.91720205513644,179.28279794486355,344943.0
JFL,2020-10-18,217.0,217.0,211.0,211.0,-1.86 %,14030.0,2978045.0,-0.018604651162790753,-0.01877989465159636,216.2,204.4,210.84128209046386,200.6951568640974,60.24773007657674,10.14612522636645,10.31145277380908,8.640020798856321,204.4,12.08914258420614,228.5782851684123,180.22171483158772,330913.0
JFL,2020-10-19,210.0,217.0,210.0,215.0,1.90 %,6275.0,1348435.0,0.018957345971563955,0.018779894651596275,215.2,205.75,211.4810848457771,201.75477487416427,63.023430941657445,9.726309971612835,10.194424213369832,8.522876456080871,205.75,11.66133963597128,229.07267927194255,182.42732072805745,337188.0
JFL,2020-10-20,214.0,217.0,211.0,215.0,0.00 %,19432.0,4141417.0,0.0,0.0,214.6,207.3,212.02245640796525,202.73590266126322,63.023430940472664,9.286553746702026,10.012850120036271,8.342670994932238,207.3,10.633116095244432,228.56623219048888,186.03376780951115,337188.0
JFL,2020-10-21,219.0,219.0,213.0,215.0,0.00 %,8498.0,1826290.0,0.0,0.0,214.2,208.65,212.48054003750906,203.64435431598446,63.02343093919676,8.8361857215246,9.777517240333937,8.175337352437078,208.65,9.729364127012456,228.10872825402492,189.1912717459751,337188.0
JFL,2020-10-22,215.0,219.0,214.0,217.0,0.93 %,9042.0,1954256.0,0.009302325581395321,0.009259325412796726,214.6,210.0,213.17584157019996,204.6336614036893,64.56841963446794,8.542180166510661,9.530449825569281,7.948527541548715,210.0,8.837718209928408,227.67543641985682,192.32456358014318,346230.0
JFL,2020-10-28,214.0,221.0,214.0,220.0,1.38 %,6993.0,1535665.0,0.01382488479262678,0.013730192811902037,216.4,211.0,214.2257120978615,205.77190870711974,66.80868321634405,8.453803390741768,9.315120538603779,7.880775574295235,211.0,8.777962837649255,228.5559256752985,193.4440743247015,353223.0
JFL,2020-10-29,222.0,225.0,218.0,220.0,0.00 %,9506.0,2104443.0,0.0,0.0,217.4,212.0,215.11406408280587,206.82584139548123,66.80868321482768,8.288222687324634,9.10974096834795,7.817863033274147,212.0,8.59620479294833,229.19240958589666,194.80759041410334,353223.0
JFL,2020-11-01,219.0,223.0,218.0,219.0,-0.45 %,6720.0,1482598.0,-0.004545454545454519,-0.004555816535860691,218.2,212.85,215.7119003777588,207.72763092174188,65.2146338441903,7.984269456016932,8.884646665881746,7.616587102325994,212.85,8.393449827109313,229.6368996542186,196.06310034578138,346503.0
JFL,2020-11-02,229.0,229.0,217.0,219.0,0.00 %,17200.0,3777553.0,0.0,0.0,219.0,213.8,216.2177618581036,208.56262122383507,65.21463384251459,7.65514063426852,8.638745459559102,7.929688023588422,213.8,7.924645102476197,229.6492902049524,197.95070979504763,346503.0
JFL,2020-11-03,220.0,222.0,218.0,220.0,0.46 %,7710.0,1692140.0,0.004566210045662045,0.004555816535860661,219.6,214.8,216.79964464916458,209.40983446651396,66.1512903173158,7.389810182650621,8.388958404177407,7.648996021903535,214.8,7.331259674929756,229.46251934985952,200.1374806501405,354213.0
JFL,2020-11-04,220.0,221.0,217.0,219.0,-0.45 %,15139.0,3318518.0,-0.004545454545454519,-0.004555816535860691,219.4,215.6,217.1381608569854,210.12021709862404,64.28709152243783,7.017943758361355,8.114755475014196,7.388353448910426,215.6,6.83181412296351,229.263628245927,201.93637175407298,339074.0
JFL,2020-11-05,223.0,224.0,219.0,221.0,0.91 %,22224.0,4896764.0,0.009132420091324311,0.009090971701252105,219.6,216.7,217.73228995591072,210.92612694317043,66.33072206186914,6.806163012740285,7.853036982559414,7.217756773988253,216.7,5.694873040513212,228.08974608102642,205.31025391897356,361298.0
JFL,2020-11-08,225.0,229.0,218.0,221.0,0.00 %,27975.0,6164455.0,0.0,0.0,220.0,217.75,218.2350145780783,211.67233976219487,66.33072205982529,6.56267481588344,7.594964549224219,7.487917004417663,217.75,4.191156102303809,226.13231220460762,209.36768779539238,361298.0
JFL,2020-11-09,226.0,226.0,219.0,220.0,-0.45 %,29908.0,6583212.0,-0.004524886877828038,-0.004535155165391262,220.2,218.3,218.50655079683548,212.28920348351377,64.20035724890698,6.21734731332171,7.319441102043717,7.453065789816401,218.3,3.6720853103528577,225.64417062070572,210.9558293792943,331390.0
JFL,2020-11-10,220.0,230.0,220.0,226.0,2.73 %,52737.0,11913885.0,0.027272727272727337,0.026907452919924402,221.4,218.85,219.65938913578387,213.3048180402905,70.3529324536944,6.354571095493355,7.126467100733645,7.634989661972373,218.85,3.9639825800486945,226.77796516009738,210.9220348399026,384127.0
JFL,2020-11-11,228.0,234.0,225.0,230.0,1.77 %,31850.0,7312031.0,0.017699115044247815,0.017544309650909525,223.6,218.9,221.25025234566328,214.54149818545417,73.60922761097902,6.708754160209111,7.042924512628739,7.732490400402918,218.9,4.102630734974938,227.10526146994988,210.69473853005013,415977.0
JFL,2020-11-12,227.0,230.0,225.0,225.0,- %,25941.0,5911198.0,-0.021739130434782594,-0.02197890671877523,224.4,219.15,221.82713660017663,215.31620202356868,64.1276226467769,6.510934576607951,6.936526525424581,7.5373125146598525,219.15,4.319783132980369,227.78956626596073,210.51043373403928,390036.0
JFL,2020-11-18,229.0,230.0,223.0,224.0,0.00 %,24797.0,5611874.0,-0.004444444444444473,-0.004454350349380309,225.0,219.45,222.16142327707252,215.95944631811915,62.3965129248036,6.201976958953367,6.789616612130338,7.4989330493270066,219.45,4.44232039890276,228.33464079780552,210.56535920219446,365239.0
JFL,2020-11-19,228.0,230.0,225.0,228.0,0.00 %,22975.0,5225810.0,0.017857142857142794,0.017699577099400857,226.6,220.0,223.0596658498306,216.85133918344366,66.31372527970115,6.208326666386938,6.673358622981658,7.391866402946507,220.0,4.790341159170572,229.58068231834113,210.41931768165887,388214.0
JFL,2020-11-22,232.0,250.0,229.0,249.0,0.09 %,112049.0,28005899.0,0.09210526315789469,0.0881072675102668,231.2,221.7,227.0504864883182,219.23272146615153,78.79992685266723,7.817765022166668,6.90223990281866,8.435304517021757,221.7,7.927965160060687,237.55593032012138,205.8440696798786,500263.0
JFL,2020-11-23,261.0,266.0,256.0,264.0,0.06 %,57451.0,15018409.0,0.06024096385542177,0.058496206681608626,238.0,224.35,232.73502702857692,222.5488161723625,83.5034824058078,10.186210856214416,7.559034093497811,9.047068480091632,224.35,11.98365114383038,248.31730228766077,200.38269771233922,557714.0
JFL,2020-11-24,264.0,269.0,244.0,257.0,-0.03 %,29566.0,7657034.0,-0.02651515151515149,-0.02687301825109634,244.4,226.45,236.46809979341126,225.10075571515048,75.12674405972179,11.367344078260771,8.320696090450404,10.186563588656515,226.45,13.801125049493653,254.0522500989873,198.8477499010127,528148.0
JFL,2020-11-25,253.0,259.0,250.0,252.0,-0.02 %,15294.0,3903207.0,-0.01945525291828798,-0.019646997383796536,250.0,228.3,238.8576229021172,227.09329232884303,69.74480386377877,11.76433057327418,9.00942298701516,10.10180904660962,228.3,14.6398878339164,257.5797756678328,199.0202243321672,512854.0
JFL,2020-11-26,260.0,260.0,241.0,250.0,-0.03 %,33444.0,8330018.0,-0.007936507936507908,-0.007968169649176845,254.4,230.05,240.57183476332995,228.79008548966948,67.65694396853428,11.781749273660466,9.563888244344222,10.737394114708934,230.05,15.052452152046559,260.1549043040931,199.9450956959069,479410.0
JFL,2020-11-29,250.0,250.0,244.0,248.0,-0.01 %,39627.0,9784556.0,-0.008000000000000007,-0.008032171697264267,254.2,231.6,241.71462941512533,230.21304212006436,65.54390978745536,11.501587295060972,9.951428054487572,10.399008820801154,231.6,15.232928322004707,262.0658566440094,201.13414335599057,439783.0
JFL,2020-11-30,252.0,257.0,246.0,249.0,0.00 %,32299.0,8111981.0,0.0040322580645162365,0.004024150299725548,251.2,233.05,242.83545565895218,231.60466862968923,66.11377483989031,11.230787029262956,10.207299849442649,10.441936762172501,233.05,15.449322928450348,263.9486458569007,202.15135414309933,472082.0
JFL,2020-12-01,246.0,258.0,242.0,245.0,-0.02 %,27222.0,6792861.0,-0.016064257028112428,-0.016194685919980606,248.8,234.3,243.16846248065184,232.5969153978604,61.716798833445644,10.571547082791426,10.280149296112404,10.83894127916018,234.3,15.348924186547475,264.99784837309494,203.60215162690506,444860.0
JFL,2020-12-02,245.0,250.0,244.0,247.0,0.01 %,16808.0,4227590.0,0.008163265306122547,0.008130126083250309,247.8,235.7,243.75792979132078,233.66381055357448,63.04036160220102,10.094119237746298,10.242943284439184,10.493302616363025,235.7,15.155683318223392,266.0113666364468,205.3886333635532,461668.0
JFL,2020-12-03,250.0,250.0,242.0,243.0,-0.02 %,10728.0,2652962.0,-0.01619433198380571,-0.01632689328742878,246.4,236.9,243.64132520804066,234.35538014219858,58.67140749300696,9.285945065842071,10.05154364071976,10.315209572337094,236.9,14.70732005356729,266.3146401071346,207.48535989286543,450940.0
JFL,2020-12-06,239.0,241.0,235.0,235.0,-0.03 %,9406.0,2237186.0,-0.03292181069958844,-0.033475929196389455,243.8,237.65,242.3118905606498,234.40312976129496,51.051007259375645,7.9087607993548374,9.622987072446776,10.149837460027301,237.65,14.17289852612181,265.99579705224363,209.30420294775638,441534.0
JFL,2020-12-07,237.0,243.0,233.0,241.0,0.03 %,7042.0,1680649.0,0.025531914893617058,0.02521141934649607,242.2,238.75,242.11006124362677,234.89178681601385,55.6984702916536,7.218274427612926,9.142044543480006,10.139134784311064,238.75,13.486347872850295,265.7226957457006,211.7773042542994,448576.0
JFL,2020-12-08,245.0,258.0,245.0,249.0,0.03 %,25402.0,6317211.0,0.03319502074688807,0.03265596297405272,243.0,240.15,243.17005182153036,235.93683964445728,61.013544764593654,7.233212177073085,8.760278070198623,10.629196585431702,240.15,12.99098877968292,266.13197755936585,214.16802244063416,473978.0
JFL,2020-12-09,250.0,255.0,244.0,246.0,-0.01 %,15711.0,3870459.0,-0.012048192771084376,-0.01212136053234485,242.8,241.4,243.60542846437184,236.68225893005305,58.193964093557256,6.923169534318788,8.392856363022657,10.655682543615153,241.4,12.231968469209711,265.86393693841944,216.93606306158057,458267.0
JFL,2020-12-10,249.0,249.0,235.0,240.0,-0.02 %,3980.0,948580.0,-0.024390243902439046,-0.02469261259037152,242.2,242.4,243.0507471621608,236.92801752782688,52.92600868632519,6.122729634333922,7.938831017284911,10.894562361928356,242.4,11.161022401769104,264.7220448035382,220.0779551964618,454287.0
JFL,2020-12-13,237.0,244.0,237.0,244.0,0.02 %,4142.0,994620.0,0.016666666666666607,0.016529301951210506,244.0,243.3,243.19678606028992,237.45186808132118,55.79872269328085,5.7449179789687435,7.5000484096216775,10.616379336076331,243.3,10.473525521154002,264.24705104230804,222.352948957692,458429.0
JFL,2020-12-14,248.0,249.0,240.0,245.0,0.00 %,10900.0,2667526.0,0.004098360655737654,0.004089985251525066,244.8,244.05,243.47420358947608,238.01098896418628,56.513208210125306,5.463214625289794,7.092681652755301,10.500923669213735,244.05,9.99723646025556,264.0444729205111,224.05552707948888,469329.0
JFL,2020-12-15,249.0,249.0,240.0,245.0,0.00 %,6184.0,1501699.0,0.0,0.0,244.0,245.05,243.70894149878745,238.52869348535768,56.51320820914153,5.180248013429775,6.710194924890196,10.393714835698468,245.05,8.935293710022464,262.92058742004497,227.17941257995508,469329.0
JFL,2020-12-16,243.0,252.0,240.0,252.0,0.03 %,15185.0,3682699.0,0.02857142857142847,0.028170876966696224,245.2,246.45,244.98448896051246,239.52656804199785,61.55788442965368,5.457920918514617,6.45974012361508,10.508449490291435,246.45,7.549660152696091,261.54932030539214,231.3506796946078,484514.0
JFL,2020-12-17,257.0,257.0,241.0,245.0,-0.03 %,6185.0,1522944.0,-0.02777777777777779,-0.028170876966696335,246.2,247.3,244.98687527427978,239.9320074462943,54.72161013906074,5.0548678279854755,6.17876566448916,10.90070309812776,247.3,6.199320845667033,259.6986416913341,234.90135830866595,478329.0
JFL,2020-12-20,241.0,245.0,225.0,225.0,-0.08 %,21207.0,5020044.0,-0.08163265306122447,-0.08515780834030683,242.4,246.1,241.91197138592904,238.82593282064286,40.785101699420885,3.0860385652861737,5.560220244648564,11.55065287683292,246.1,7.93327436216712,261.96654872433425,230.23345127566574,457122.0
JFL,2020-12-21,222.0,233.0,217.0,232.0,0.03 %,17329.0,3942258.0,0.03111111111111109,0.0306369694618898,239.8,244.5,240.38705271117072,238.3203081672619,45.97155324062289,2.0667445439088112,4.861525104500613,11.86846338563057,244.5,7.337717987447799,259.1754359748956,229.8245640251044,474451.0
JFL,2020-12-22,236.0,247.0,234.0,245.0,0.06 %,10993.0,2650261.0,0.056034482758620774,0.05452083887841711,239.8,243.9,241.09673690945215,238.81510015487214,54.0251464105992,2.2816367545800063,4.345547434516492,12.092144572371243,243.9,6.727007624427464,257.3540152488549,230.4459847511451,485444.0
JFL,2020-12-23,245.0,248.0,234.0,240.0,-0.02 %,10791.0,2611740.0,-0.020408163265306145,-0.020619287202735703,237.4,243.3,240.92800815415183,238.9028705137705,50.883512176258144,2.025137640381331,3.88146547568946,12.228419960059012,243.3,6.497772897827191,256.2955457956544,230.30445420434563,474653.0
JFL,2020-12-24,240.0,242.0,236.0,240.0,0.00 %,3281.0,783846.0,0.0,0.0,236.4,242.8,240.7852376688977,238.9841393646023,50.88351217562083,1.801098304295408,3.46539204141065,11.783532820054798,242.8,6.337856187449416,255.47571237489885,230.12428762510118,474653.0
JFL,2020-12-27,243.0,244.0,235.0,236.0,-0.02 %,2805.0,664463.0,-0.01666666666666672,-0.01680711831638129,238.6,242.2,240.04904725829806,238.7630920042614,48.27871037915208,1.2859552540366508,3.0295046839358504,11.58470904719374,242.2,6.387487769081052,254.97497553816208,229.4250244618379,471848.0
JFL,2020-12-28,235.0,236.0,233.0,234.0,-0.01 %,2976.0,699845.0,-0.008474576271186418,-0.00851068966790862,239.0,241.45,239.11842460317527,238.41027037431613,46.98362380644067,0.7081542288591436,2.5652345929205094,10.97151554382276,241.45,6.427531244179047,254.3050624883581,228.5949375116419,468872.0
JFL,2020-12-29,235.0,236.0,234.0,236.0,0.01 %,1572.0,369426.0,0.008547008547008517,0.00851068966790861,237.2,241.0,238.63866697191753,238.2317318280705,48.47219451753291,0.4069351438470221,2.133574703105812,10.330693004978276,241.0,6.480740698420326,253.96148139684064,228.03851860315936,470444.0
JFL,2020-12-30,232.0,234.0,232.0,234.0,-0.01 %,3136.0,730950.0,-0.008474576271186418,-0.00851068966790862,236.0,240.35,237.92502589931482,237.9182702111764,47.049539845517266,0.006755688138412097,1.7082109001123322,9.878500647479829,240.35,6.499190232973098,253.34838046594618,227.3516195340538,467308.0
JFL,2020-12-31,230.0,237.0,230.0,231.0,-0.01 %,7554.0,1752791.0,-0.012820512820512775,-0.012903404835907841,234.2,239.75,236.85963729942023,237.40580575108928,44.919828034234456,-0.5461684516690468,1.2573350297560566,9.672893458374126,239.75,6.789116677692396,253.32823335538478,226.17176664461522,459754.0
JFL,2021-01-03,228.0,237.0,225.0,231.0,0.00 %,37396.0,8525670.0,0.0,0.0,233.2,239.55,235.95815463797098,236.93130162137896,44.919828033504544,-0.973146983407986,0.8112386271232482,9.839115354204546,239.55,6.99228898597028,253.53457797194056,225.56542202805946,459754.0
JFL,2021-01-04,235.0,254.0,235.0,254.0,0.10 %,34592.0,8743893.0,0.09956709956709964,0.0949165564967431,237.2,240.2,238.7338231552062,238.19564964942495,60.72651487602683,0.5381735057812591,0.7566256028548505,10.779178543189936,240.2,7.702357807167639,255.60471561433528,224.7952843856647,494346.0
JFL,2021-01-05,266.0,275.0,251.0,259.0,0.02 %,54254.0,14210320.0,0.019685039370078705,0.019493794681001132,241.8,240.7,241.8516965159437,239.73671263835644,63.19899117653783,2.114983877587264,1.0282972578013332,11.723522932962082,240.7,8.578430723877911,257.8568614477558,223.54313855224416,548600.0
JFL,2021-01-06,260.0,260.0,252.0,257.0,-0.01 %,17875.0,4560863.0,-0.007722007722007707,-0.007751976804317936,246.4,241.25,244.18220474426005,241.01547466514486,61.53033578732137,3.166730079115183,1.4559838220641033,11.457557009179077,241.25,9.261550398806618,259.7731007976132,222.72689920238676,530725.0
JFL,2021-01-07,262.0,262.0,251.0,251.0,-0.02 %,21406.0,5468185.0,-0.023346303501945553,-0.02362314576343594,250.4,241.8,245.23109632206618,241.75506913439338,56.694173398541096,3.4760271876727984,1.8599924951858424,11.424874365666286,241.8,9.506784281163727,260.8135685623275,222.78643143767255,509319.0
JFL,2021-01-10,255.0,259.0,253.0,259.0,0.03 %,12958.0,3331855.0,0.031872509960159334,0.031375122567753835,256.0,242.55,247.34938919559445,243.03247142073462,61.08596092145161,4.3169177748598315,2.3513775511206405,11.180240482404407,242.55,10.251957451097185,263.0539149021944,222.04608509780564,522277.0
JFL,2021-01-11,264.0,264.0,253.0,253.0,-0.02 %,4448.0,1140917.0,-0.02316602316602312,-0.023438572972017468,255.8,242.95,248.21871393473378,243.77080687105058,56.46118275195852,4.447907063683203,2.7706834536331533,11.167366162232666,242.95,10.505512337522786,263.96102467504556,221.9389753249544,517829.0
JFL,2021-01-12,250.0,254.0,249.0,254.0,0.00 %,5811.0,1460422.0,0.0039525691699604515,0.003944778291016325,254.8,243.4,249.10814256015937,244.5285248806024,57.04489355125229,4.579617679556975,3.1324702988179176,10.726840007787477,243.4,10.786931664611618,264.97386332922326,221.82613667077678,523640.0
JFL,2021-01-13,257.0,260.0,253.0,259.0,0.02 %,19487.0,5025340.0,0.019685039370078705,0.019493794681001132,255.2,243.75,250.6299667816733,245.60048600055777,59.93703094684782,5.029480781115524,3.5118723952774387,10.460637150088372,243.75,11.186810843232468,266.12362168646496,221.37637831353507,543127.0
JFL,2021-01-17,265.0,270.0,257.0,260.0,0.00 %,24884.0,6509764.0,0.0038610038610038533,0.0038535693159899723,257.0,244.5,252.07151035372354,246.66711666718314,60.509707172459585,5.404393686540402,3.8903766535300317,10.642020210796346,244.5,11.76301071379215,268.0260214275843,220.9739785724157,568011.0
JFL,2021-01-18,265.0,283.0,264.0,274.0,0.05 %,46278.0,12586759.0,0.05384615384615388,0.052446475372542524,260.0,246.95,255.44512414545838,248.69177469183626,67.51148867109276,6.753349453622121,4.46297121354845,11.524733052882322,246.95,12.563418073293775,272.07683614658754,221.82316385341244,614289.0
JFL,2021-01-19,287.0,301.0,277.0,301.0,0.10 %,76837.0,22245470.0,0.0985401459854014,0.09398215836080545,269.6,250.4,262.4535665846186,252.56645804799655,76.25536651775508,9.887108536622065,5.547798678163173,12.630109263390729,250.4,16.95008150889088,284.30016301778176,216.49983698221826,691126.0
JFL,2021-01-20,316.0,316.0,291.0,297.0,-0.01 %,17902.0,5297350.0,-0.013289036544850474,-0.013378125946176087,278.2,253.0,267.7684024946773,255.85783152592273,73.11582267927454,11.910570968754541,6.8203531362814465,13.51367288743425,253.0,19.822900101175886,292.6458002023518,213.35419979764822,673224.0
JFL,2021-01-21,302.0,311.0,295.0,299.0,0.01 %,26794.0,8063043.0,0.006734006734006703,0.006711434587986778,286.2,255.95,272.57326364934227,259.0535477091877,73.69889814644202,13.519715940154583,8.160225697056074,13.691267681188947,255.95,22.05131575022071,300.0526315004414,211.84736849955857,700018.0
JFL,2021-01-24,304.0,306.0,286.0,290.0,-0.03 %,35153.0,10300486.0,-0.030100334448160515,-0.030562650410166696,292.2,258.45,275.2543000109819,261.3458775085071,66.68947155846286,13.90842250247482,9.309865058139824,14.14189141824688,258.45,22.963300239618786,304.37660047923754,212.5233995207624,664865.0
JFL,2021-01-25,294.0,294.0,280.0,283.0,-0.02 %,22043.0,6280246.0,-0.024137931034482807,-0.024434025337282134,294.0,260.8,276.44594616313856,262.949886581951,61.768731819233146,13.49605958118758,10.147103962749377,14.131756316943532,260.8,22.94983086739947,306.69966173479895,214.90033826520107,642822.0
JFL,2021-01-26,283.0,287.0,279.0,280.0,-0.01 %,36571.0,10341542.0,-0.010600706713780883,-0.01065729447398798,289.8,263.1,276.99272367650184,264.2128579462509,59.734473694696995,12.779865730250947,10.67365631624969,13.693773722876138,263.1,22.42155917392024,307.9431183478405,218.25688165215954,606251.0
JFL,2021-01-27,285.0,285.0,280.0,282.0,0.01 %,14936.0,4229131.0,0.0071428571428571175,0.007117467768863955,286.8,265.4,277.76307388011696,265.5304240243064,60.664542344219235,12.232649855810564,10.985455024161865,13.072789885527843,265.4,21.847317070020857,309.0946341400417,221.70536585995825,621187.0
JFL,2021-01-28,285.0,286.0,276.0,277.0,-0.02 %,13542.0,3891670.0,-0.01773049645390068,-0.017889564750775057,282.4,267.55,277.6456778985605,266.38002224472814,57.11281295620428,11.265655653832368,11.041495150095965,12.853304893704426,267.55,20.67919116814166,308.90838233628335,226.1916176637167,607645.0
JFL,2021-01-31,277.0,277.0,255.0,264.0,-0.05 %,35156.0,10042916.0,-0.04693140794223827,-0.048068403041022334,277.2,269.2,275.5463428372435,266.2037243006742,49.06886921847895,9.342618536569319,10.701719827390637,13.506640258439823,269.2,18.844516164492227,306.88903232898446,231.51096767101552,572489.0
JFL,2021-02-01,264.0,278.0,264.0,275.0,0.04 %,22884.0,6220676.0,0.04166666666666674,0.0408219945202552,275.6,271.4,275.4622900930522,266.855300278402,54.86198189950476,8.606989814650206,10.28277382484255,13.541880239979836,271.4,16.582806568380757,304.5656131367615,238.23438686323846,595373.0
JFL,2021-02-02,277.0,277.0,265.0,271.0,-0.01 %,13139.0,3917244.0,-0.014545454545454528,-0.014652276786870375,273.8,272.25,274.77578392489033,267.1623150725944,52.52246726517565,7.6134688522959095,9.748912830333222,13.431745937124134,272.25,16.071796152859445,304.39359230571887,240.1064076942811,582234.0
JFL,2021-02-03,272.0,272.0,266.0,269.0,-0.00 %,10731.0,3259685.0,-0.0073800738007380184,-0.007407441277861805,271.2,272.75,273.8872017825995,267.29843988203186,51.34351941152223,6.588761900567647,9.116882644380107,12.900906941615268,272.75,15.790986769610514,304.33197353922105,241.16802646077898,571503.0
JFL,2021-02-04,269.0,271.0,265.0,267.0,-0.01 %,14779.0,3948677.0,-0.0074349442379182396,-0.0074627212015896,269.2,273.25,272.8276322775842,267.27633322410355,50.1316763308679,5.551299053480648,8.403765926200215,12.407985017214179,273.25,15.419997269441799,304.0899945388836,242.4100054611164,556724.0
JFL,2021-02-07,267.0,268.0,263.0,263.0,-0.01 %,15932.0,4233700.0,-0.014981273408239737,-0.015094626222485016,269.0,273.85,271.31568885026354,266.9595678000959,47.706448632121564,4.356121050167644,7.594236950993701,11.87884323027031,273.85,14.726542453396757,303.3030849067935,244.3969150932065,540792.0
JFL,2021-02-08,268.0,268.0,260.0,267.0,0.02 %,18234.0,4954166.0,0.015209125475285079,0.015094626222484888,267.4,274.25,270.65173671945377,266.9625627778666,50.29595344880194,3.689173941587171,6.813224349112396,11.601782999536717,274.25,14.40714369588232,303.06428739176465,245.43571260823535,559026.0
JFL,2021-02-09,280.0,280.0,260.0,263.0,-0.01 %,17172.0,5897379.0,-0.014981273408239737,-0.015094626222485016,265.8,274.75,269.4745464549224,266.6690396091357,47.74957594343326,2.805506845786681,6.011680848447254,12.201655642426951,274.75,13.791206198921449,302.3324123978429,247.1675876021571,541854.0
JFL,2021-02-10,270.0,270.0,260.0,268.0,-0.00 %,13596.0,3610570.0,0.019011406844106515,0.018832948333092178,265.6,275.45,269.2476931541651,266.7676292677183,51.08338582157712,2.4800638864468283,5.305357456047169,12.04439452511074,275.45,13.01608316863208,301.4821663372642,249.41783366273583,555450.0
JFL,2021-02-11,271.0,275.0,267.0,270.0,0.01 %,26167.0,7082259.0,0.00746268656716409,0.0074349784875179905,266.2,276.0,269.36343266890896,267.0070641367762,52.39189443094962,2.3563685321327625,4.715559671264288,11.755509201888543,276.0,12.506840233715865,301.01368046743175,250.98631953256827,581617.0
JFL,2021-02-14,272.0,274.0,267.0,270.0,0.00 %,10997.0,2963882.0,0.0,0.0,267.6,276.5,269.46136610446143,267.2287630896076,52.391894430194974,2.2326030148538507,4.218968339982201,11.41582997318222,276.5,12.024098609398349,300.5481972187967,252.4518027812033,581617.0
JFL,2021-02-15,270.0,275.0,270.0,272.0,0.01 %,13834.0,3770674.0,0.007407407407407307,0.00738010729762246,268.6,276.4,269.8519251653135,267.5821880459329,53.824418523655694,2.2697371193805793,3.8291220958618766,10.957556403669205,276.4,12.054263277281162,300.5085265545623,252.29147344543765,595451.0
JFL,2021-02-16,272.0,273.0,264.0,265.0,-0.03 %,24280.0,6496823.0,-0.02573529411764708,-0.02607224030977513,269.0,274.6,269.1054751398807,267.3909148573453,48.34170304580727,1.7145602825353876,3.4062097331965786,10.81773094626426,274.6,10.811300131179076,296.2226002623582,252.97739973764186,571171.0
JFL,2021-02-17,265.0,269.0,265.0,269.0,0.02 %,22156.0,5541859.0,0.015094339622641506,0.014981553615616894,269.2,273.2,269.08924819528363,267.5101063493938,51.388886265927155,1.5791418458898079,3.040796155735225,10.330750164388244,273.2,9.490161110057915,292.18032222011584,254.21967777988417,593327.0
JFL,2021-02-18,273.0,275.0,270.0,274.0,0.02 %,24748.0,6764942.0,0.018587360594795488,0.018416726786231068,270.0,271.95,269.8447484729323,267.9908392124017,54.96493915950535,1.8539092605305996,2.8034187766943,10.02141086693194,271.95,7.308790669649267,286.5675813392985,257.3324186607015,618075.0
JFL,2021-02-21,279.0,298.0,277.0,282.0,0.03 %,53788.0,15424127.0,0.029197080291970767,0.028778964550043327,272.4,271.55,271.71478716940425,269.02855482629786,60.03126824801467,2.686232343106383,2.779981489976717,11.019881519293945,271.55,6.435714494347365,284.42142898869474,258.6785710113053,671863.0
JFL,2021-02-22,286.0,289.0,274.0,275.0,-2.48 %,19041.0,5329157.0,-0.024822695035460973,-0.025135973271542274,273.0,271.15,272.22020452795743,269.47088409842394,54.2774658619073,2.7493204295334976,2.773849277888073,11.304175696487235,271.15,5.914077763235397,282.9781555264708,259.32184447352915,652822.0
JFL,2021-02-23,280.0,284.0,265.0,274.0,-0.36 %,10501.0,2846014.0,-0.0036363636363636598,-0.003642991278501092,274.8,270.85,272.494019215964,269.80637416520733,53.48873936743466,2.6876450507566574,2.75660843246179,11.853877432452434,270.85,5.584518072796009,282.01903614559205,259.680963854408,642321.0
JFL,2021-02-24,272.0,281.0,272.0,277.0,1.09 %,8331.0,2296934.0,0.010948905109489093,0.010889399799268317,276.4,270.6,273.1872470288926,270.33923533815494,55.5744112954762,2.8480116907376782,2.7748890841169676,11.650029044420117,270.6,5.154456426506482,280.90891285301296,260.2910871469871,650652.0
JFL,2021-02-25,275.0,278.0,269.0,269.0,0.00 %,5106.0,1388587.0,-0.028880866425992746,-0.02930612658549936,275.4,270.2,272.54305517829374,270.2400327205138,49.234142382051985,2.303022457779946,2.6805157588495634,11.460741255532966,270.2,4.937504163901428,280.07500832780283,260.32499167219714,645546.0
JFL,2021-02-28,270.0,270.0,264.0,264.0,-1.86 %,18098.0,4811977.0,-0.018587360594795488,-0.01876227645552289,271.8,270.2,271.2287389970178,269.7778080745498,45.72312174397255,1.4509309224679896,2.434598791573249,11.070688308709183,270.2,4.937504163901428,280.07500832780283,260.32499167219714,627448.0
JFL,2021-03-01,259.0,275.0,259.0,267.0,0.00 %,7745.0,2055075.0,0.011363636363636465,0.011299555253933466,270.2,269.8,270.57816376670735,269.57204451347206,48.11397719973295,1.0061192532352834,2.148902883905656,11.422782000944242,269.8,4.8514783422567715,279.50295668451355,260.0970433154865,635193.0
JFL,2021-03-02,267.0,267.0,257.0,257.0,-3.75 %,14123.0,3682454.0,-0.03745318352059923,-0.038172573505029714,266.8,269.1,268.4892154949062,268.64078195691854,41.54470094492256,-0.15156646201234025,1.6888090147220567,11.32115471516251,269.1,5.618578205627803,280.33715641125565,257.8628435887444,621070.0
JFL,2021-03-03,262.0,262.0,252.0,256.0,-0.39 %,10108.0,2576347.0,-0.0038910505836575737,-0.003898640415657309,262.6,268.45,266.5677977264591,267.7044277378875,40.94268598751289,-1.1366300114283945,1.1237212094919666,11.22678652122233,268.45,6.336818062562602,281.1236361251252,255.7763638748748,610962.0
JFL,2021-03-04,255.0,275.0,255.0,261.0,1.95 %,9947.0,2641454.0,0.01953125,0.019342962843130935,261.0,268.15,265.71121346085,267.20780346100696,45.217234807310554,-1.4965900001569707,0.5996589675621793,11.853444626849306,268.15,6.547598997472601,281.24519799494516,255.05480200505477,620909.0
JFL,2021-03-08,263.0,278.0,263.0,268.0,2.68 %,18218.0,4960284.0,0.026819923371647514,0.026466573188163273,261.8,268.4,266.0633344668731,267.26648468611756,50.60727827733662,-1.2031502192444918,0.23909713020084508,12.221055724931498,268.4,6.435101111553295,281.2702022231066,255.5297977768934,639127.0
JFL,2021-03-09,268.0,274.0,266.0,267.0,-0.37 %,5446.0,1466288.0,-0.003731343283582045,-0.003738322110607104,261.8,268.4,266.20743685658493,267.2467450797385,49.8526668843372,-1.0393082231535686,-0.016583940470037667,11.919551744579248,268.4,6.435101111553295,281.2702022231066,255.5297977768934,633681.0
JFL,2021-03-10,270.0,270.0,265.0,267.0,0.00 %,2992.0,799467.0,0.0,0.0,263.8,268.6,266.32936964787956,267.22846766642454,49.852666883536656,-0.8990980185449757,-0.1930867560850253,11.425298048537874,268.6,6.31956027785066,281.23912055570133,255.9608794442987,633681.0
JFL,2021-03-14,262.0,267.0,260.0,262.0,-1.87 %,3253.0,851722.0,-0.01872659176029967,-0.018904154639152723,265.0,268.3,265.663312778975,266.8411737652079,45.885123767702495,-1.1778609862328722,-0.3900416021145947,11.10920533078517,268.3,6.489667901657937,281.27933580331586,255.32066419668413,630428.0
JFL,2021-03-15,260.0,263.0,260.0,260.0,-0.76 %,2350.0,611740.0,-0.007633587786259555,-0.007662872745569137,264.8,267.8,264.792033889902,266.33442015297027,44.36418936261816,-1.5423862630682947,-0.6205105343053348,10.529976378586229,267.8,6.7324821417958045,281.2649642835916,254.3350357164084,628078.0
JFL,2021-03-16,260.0,263.0,258.0,260.0,0.00 %,5637.0,1468962.0,0.0,0.0,263.2,267.3,264.0547979068401,265.8652038453428,44.364189361826334,-1.8104059385026972,-0.8584896151448073,10.13497806583007,267.3,6.92896286004737,281.15792572009474,253.44207427990528,628078.0
JFL,2021-03-17,263.0,270.0,263.0,265.0,1.92 %,7489.0,1984885.0,0.019230769230769162,0.01904819497069441,262.8,266.95,264.2002136134801,265.80111467161373,49.24228196695411,-1.6009010581336156,-1.006971903742569,10.125336775413636,266.95,6.855462670103266,280.6609253402065,253.23907465979346,635567.0
JFL,2021-03-18,266.0,271.0,265.0,271.0,2.26 %,13426.0,3596616.0,0.02264150943396226,0.022388994893478686,263.6,267.25,265.24633459602165,266.1862172885312,54.40820830804906,-0.9398826925095705,-0.9935540614959694,9.830669862884092,267.25,6.896795594608458,281.0435911892169,253.45640881078307,648993.0
JFL,2021-03-21,269.0,270.0,247.0,265.0,-2.21 %,37893.0,9918549.0,-0.022140221402214055,-0.022388994893478724,264.2,267.05,265.2084369658645,266.0983493412326,49.0338479830759,-0.8899123753681124,-0.972825724270398,10.842764872678085,267.05,6.901372861144926,280.85274572228985,253.24725427771017,611100.0
JFL,2021-03-22,265.0,265.0,254.0,259.0,-2.26 %,15616.0,4052773.0,-0.02264150943396226,-0.022901764286684455,264.0,266.3,264.25329281727,265.57254568632646,44.3193012624548,-1.31925286905647,-1.0421111532276124,10.85399595320108,266.3,6.921362810749218,280.14272562149847,252.45727437850158,595484.0
JFL,2021-03-23,256.0,261.0,256.0,260.0,0.39 %,4314.0,1115908.0,0.0038610038610038533,0.0038535693159899723,264.0,265.2,263.5989400761515,265.1597645243763,45.26390831652448,-1.560824448224821,-1.1458538122270543,10.435853385115289,265.2,5.9789103038247315,277.15782060764946,253.24217939235052,599798.0
JFL,2021-03-24,257.0,261.0,255.0,256.0,-1.54 %,14864.0,3826718.0,-0.01538461538461533,-0.015504186535965199,262.2,264.25,262.4298723721282,264.48126344849663,42.181347640955444,-2.051391076368418,-1.326961265055327,10.119006714749911,264.25,5.847851607315511,275.945703214631,252.554296785369,584934.0
JFL,2021-03-25,251.0,261.0,251.0,261.0,1.95 %,16715.0,4315492.0,0.01953125,0.019342962843130935,260.2,263.6,262.20989200718543,264.2233920819413,47.03678770329713,-2.013500074755882,-1.4642690269954381,10.110506235124918,263.6,5.413433583043704,274.42686716608745,252.77313283391263,601649.0
JFL,2021-03-29,258.0,263.0,256.0,259.0,-0.77 %,9111.0,2362125.0,-0.007662835249042099,-0.007692345623155614,259.0,262.7,261.7160624676184,263.8364741499457,45.39464851526734,-2.1204116823272443,-1.5954975580617994,9.88832721833028,262.7,4.485062928634981,271.67012585726997,253.72987414273004,592538.0
JFL,2021-03-30,261.0,261.0,256.0,260.0,0.39 %,7281.0,1883928.0,0.0038610038610038533,0.0038535693159899723,259.2,262.25,261.45205285721556,263.55229087957935,46.40221528930291,-2.100238022363783,-1.6964456509221961,9.539160988449547,262.25,4.265837364596158,270.78167472919233,253.7183252708077,599819.0
JFL,2021-03-31,260.0,261.0,257.0,258.0,-0.77 %,13184.0,3402842.0,-0.007692307692307665,-0.007722046093910278,258.8,261.95,260.9209678022593,263.1410100736846,44.62857191767828,-2.220042271425257,-1.8011649750228083,9.143506632131723,261.95,4.346504948034718,270.64300989606943,253.25699010393055,586635.0
JFL,2021-04-01,260.0,265.0,259.0,261.0,1.16 %,16591.0,4331630.0,0.011627906976744207,0.011560822401076006,259.8,261.65,260.93312660191174,262.98241673489315,47.848668714450774,-2.0492901329814117,-1.850790006614529,8.990399015550887,261.65,4.183614654707107,270.0172293094142,253.28277069058578,603226.0
JFL,2021-04-04,262.0,271.0,260.0,267.0,2.30 %,22733.0,6143881.0,0.02298850574712641,0.02272825107755609,261.0,262.15,261.86649174007914,263.28001549527147,53.65379960684469,-1.4135237551923296,-1.7633367563300892,9.13394194301154,262.15,4.1961762042333595,270.5423524084667,253.75764759153327,625959.0
JFL,2021-04-05,270.0,272.0,260.0,265.0,-0.75 %,6640.0,1764955.0,-0.0074906367041198685,-0.00751883241402734,262.2,262.6,262.34856993391315,263.407421754881,51.59224669110716,-1.0588518209678455,-1.6224397692576407,9.338660375653573,262.6,3.9788916732552733,270.5577833465106,254.64221665348947,619319.0
JFL,2021-04-06,268.0,269.0,263.0,268.0,1.13 %,16122.0,4306916.0,0.01132075471698113,0.011257154524634468,263.8,262.95,263.21802071331115,263.7476127360009,54.421243258914814,-0.5295920226897692,-1.4038702199440665,9.100184634535461,262.95,4.135532804739764,271.2210656094795,254.67893439052045,635441.0
JFL,2021-04-07,281.0,281.0,266.0,266.0,-0.75 %,9245.0,2480726.0,-0.007462686567164201,-0.007490671729157626,265.4,262.85,263.6460175266479,263.9144562370379,52.229804595701026,-0.2684387103900008,-1.1767839180332533,9.521600017782928,262.85,4.029823033874068,270.90964606774816,254.7903539322519,626196.0
JFL,2021-04-08,262.0,272.0,262.0,271.0,1.88 %,27146.0,7367051.0,0.018796992481203034,0.01862251209800185,267.4,263.05,264.7773994456251,264.4393113305906,56.90221034265322,0.338088115034509,-0.873809511419701,9.555771445084147,263.05,4.334379091103408,271.71875818220684,254.38124181779318,653342.0
JFL,2021-04-12,275.0,276.0,268.0,269.0,-0.74 %,13798.0,3738197.0,-0.0073800738007380184,-0.007407441277861805,267.8,263.15,265.42703030014434,264.77714012091724,54.60164824956828,0.6498901792270999,-0.5690695732903408,9.444644913292423,263.15,4.451788522915563,272.0535770458311,254.24642295416885,639544.0
JFL,2021-04-13,271.0,273.0,269.0,270.0,0.37 %,15849.0,4278692.0,0.0037174721189590088,0.0037105793965355534,268.8,263.55,266.1305641001221,265.16401863047895,55.568915369010305,0.9665454696431652,-0.26194656470363964,9.05574170520011,263.55,4.69574275276348,272.941485505527,254.15851449447305,655393.0
JFL,2021-04-15,274.0,279.0,270.0,273.0,1.11 %,28124.0,7703462.0,0.011111111111111072,0.011049836186584935,269.8,264.2,267.187400392411,265.7444616948879,58.430379692879306,1.4429386975231182,0.0790304877417119,9.051760154828672,264.2,5.06380343845296,274.3276068769059,254.07239312309406,683517.0
JFL,2021-04-18,275.0,279.0,266.0,271.0,-0.73 %,19983.0,5414181.0,-0.0073260073260073,-0.007352974305258806,270.8,264.75,267.77395417819395,266.13376082859986,55.84810018288925,1.6401933495940852,0.3912630601121866,9.333777286626624,264.75,5.179666723694746,275.1093334473895,254.3906665526105,663534.0
JFL,2021-04-19,270.0,270.0,266.0,266.0,-1.85 %,8728.0,2340652.0,-0.01845018450184499,-0.0186225120980018,269.8,264.8,267.5010381507795,266.12385261907394,49.90964218671606,1.3771855317055497,0.5884475544308593,9.024221766153294,264.8,5.187028355236194,275.1740567104724,254.42594328952762,654806.0
JFL,2021-04-20,264.0,278.0,264.0,269.0,1.13 %,11561.0,3111373.0,0.011278195488721776,0.011215070820140003,269.8,264.7,267.7316476660442,266.3369005732166,53.129944792774666,1.394747092827572,0.7497074621102018,9.379634497142344,264.7,5.07937003969288,274.85874007938577,254.54125992061424,666367.0
JFL,2021-04-21,282.0,282.0,265.0,265.0,-1.49 %,6214.0,1655849.0,-0.014869888475836479,-0.014981553615616946,268.8,264.7,267.3113941789604,266.2378709011265,48.63982456797171,1.0735232778339423,0.8144706252549498,9.923946318775034,264.7,5.07937003969288,274.85874007938577,254.54125992061424,660153.0
JFL,2021-04-22,263.0,265.0,263.0,265.0,0.00 %,5815.0,1536133.0,0.0,0.0,267.2,265.0,266.955795074505,266.1461767603023,48.639824566864995,0.8096183142026803,0.813500163044496,9.357950153148245,265.0,4.898979485579557,274.7979589711591,255.20204102884088,660153.0
JFL,2021-04-25,265.0,265.0,255.0,258.0,-2.64 %,14234.0,3668571.0,-0.026415094339622636,-0.02677024106460478,264.6,264.9,265.57798044765804,265.54275625953915,41.518403490962726,0.03522418811888883,0.6578449680593745,9.403810856494799,264.9,5.025199655643229,274.95039931128645,254.8496006887135,645919.0
JFL,2021-04-26,253.0,255.0,244.0,246.0,-4.65 %,18284.0,4576909.0,-0.046511627906976716,-0.04762804898925459,260.6,264.4,262.56598345571064,264.09514468475845,32.683991575347264,-1.5291612290478156,0.2204437286379365,9.732110081030886,264.4,6.294525608154197,276.9890512163084,251.81094878369157,627635.0
JFL,2021-04-27,250.0,264.0,250.0,258.0,4.88 %,7967.0,1806090.0,0.04878048780487809,0.047628048989254664,258.4,264.25,261.86352446252437,263.64365248588746,45.23373405106959,-1.7801280233630905,-0.17967062176226892,10.322673646671536,264.25,6.414416329038477,277.078832658077,251.42116734192305,635602.0
JFL,2021-04-28,253.0,261.0,246.0,254.0,-1.55 %,8202.0,2083308.0,-0.015503875968992276,-0.01562531790308087,256.2,264.0,260.65375146828984,262.92930785730323,42.39640981206493,-2.2755563890133885,-0.5988477752124929,10.656768386194997,264.0,6.719962405919586,277.43992481183915,250.56007518816082,627400.0
JFL,2021-04-29,250.0,258.0,249.0,258.0,1.57 %,2647.0,682926.0,0.015748031496062964,0.015625317903080815,254.8,263.9,260.24548201162986,262.56417394194744,46.04136478346194,-2.318691930317584,-0.9428166062335113,10.53842778718107,263.9,6.797058187196174,277.4941163743923,250.30588362560763,630047.0
JFL,2021-05-02,260.0,280.0,253.0,275.0,6.59 %,20038.0,5510450.0,0.06589147286821695,0.06381151274495377,258.2,264.75,262.5154078559945,263.4853462425439,58.15900887228611,-0.9699383865494156,-0.9482409622966922,11.714254373810993,264.75,7.077577640922603,278.9051552818452,250.5948447181548,650085.0
JFL,2021-05-03,280.0,280.0,265.0,266.0,-3.27 %,20600.0,5479600.0,-0.032727272727272716,-0.03327478888487221,262.2,265.0,263.05149895507225,263.67161689124435,51.557713622264444,-0.6201179361721074,-0.8826163570717753,11.94895048996735,265.0,7.026266508805438,279.05253301761087,250.94746698238913,629485.0
JFL,2021-05-04,263.0,268.0,261.0,263.0,-1.13 %,16444.0,4324772.0,-0.011278195488721776,-0.011342276603934495,263.2,264.8,263.0435760389073,263.62186749189294,49.53923173525562,-0.5782914529856384,-0.8217513762545481,11.595454026398254,264.8,7.023269593971407,278.8465391879428,250.7534608120572,613041.0
JFL,2021-05-05,262.0,272.0,262.0,263.0,0.00 %,4420.0,1162460.0,0.0,0.0,265.0,264.7,263.03687203292156,263.5758032332342,49.539231734559394,-0.5389312003126179,-0.765187341066162,11.481493024512664,264.7,7.034501441214261,278.76900288242854,250.63099711757147,613041.0
JFL,2021-05-06,260.0,263.0,260.0,262.0,-0.38 %,4692.0,1229304.0,-0.0038022813688213253,-0.0038095284166677302,265.8,264.4,262.87735325862593,263.4590770678094,48.80063934092536,-0.5817238091834724,-0.7284946346896242,10.87567209419033,264.4,7.014271166709346,278.42854233341865,250.37145766658128,608349.0
JFL,2021-05-09,258.0,264.0,258.0,260.0,-0.76 %,2952.0,767520.0,-0.007633587786259555,-0.007662872745569137,262.8,264.1,262.4346835265296,263.20284913686055,47.28230002821416,-0.7681656103309251,-0.7364288298178844,10.527409801748163,264.1,7.070323449768118,278.2406468995363,249.95935310046377,605397.0
JFL,2021-05-10,265.0,270.0,262.0,264.0,1.54 %,7635.0,2015640.0,0.01538461538461533,0.01526747213078838,262.4,263.75,262.6755014455251,263.26189734894496,50.59319049689112,-0.5863959034198842,-0.7064222445382844,10.489737673051865,263.75,6.881516050844142,277.5130321016883,249.98696789831172,613032.0
JFL,2021-05-11,266.0,268.0,263.0,263.0,-0.38 %,4182.0,1099866.0,-0.0037878787878787845,-0.0037950709685516094,262.4,263.45,262.7254243000597,263.2424975453194,49.75194430802402,-0.5170732452597235,-0.6685524446825722,10.097613553548161,263.45,6.770485483651945,276.9909709673039,249.9090290326961,608850.0
JFL,2021-05-12,264.0,267.0,262.0,265.0,0.76 %,12035.0,3189275.0,0.0076045627376426506,0.007575793808457723,262.8,263.2,263.0753590231274,263.3726829123328,51.48927883762503,-0.2973238892053587,-0.5943067335871296,9.733498299723292,263.2,6.6062171674332175,276.4124343348664,249.98756566513356,620885.0
JFL,2021-05-13,252.0,280.0,252.0,278.0,4.91 %,90985.0,25293830.0,0.049056603773584895,0.04789128770441485,266.0,263.45,265.37145763495397,264.4561878817896,60.942269593542,0.9152697531643526,-0.29239143623683317,11.038248421171629,263.45,7.074602462338869,277.59920492467774,249.30079507532224,711870.0
JFL,2021-05-16,291.0,291.0,277.0,279.0,0.36 %,62298.0,17381142.0,0.003597122302158251,0.00359066813072854,269.8,263.85,267.46815646034565,265.53350729795335,61.56274587931072,1.9346491623923043,0.15301668348899436,11.249802105373655,263.85,7.7206149196144205,279.2912298392289,248.40877016077118,774168.0
JFL,2021-05-17,292.0,292.0,273.0,279.0,0.00 %,44364.0,12377556.0,0.0,0.0,272.8,264.5,269.2422862356771,266.5310252758827,61.562745878257495,2.7112609597944015,0.6646655387500758,11.803387669275539,264.5,8.426149773184063,281.3522995463681,247.64770045363187,774168.0
JFL,2021-05-18,266.0,306.0,266.0,306.0,9.68 %,141794.0,43388964.0,0.09677419354838701,0.09237332013101507,281.4,266.35,274.897319122496,269.45465303322476,74.33156443967647,5.442666089271256,1.620265648854312,13.81743140718443,266.35,12.529018947611222,291.4080378952225,241.29196210477758,915962.0
JFL,2021-05-19,312.0,330.0,300.0,307.0,0.33 %,106406.0,32666642.0,0.0032679738562091387,0.0032626456348163694,289.8,268.45,279.8361931036505,272.2357898455785,74.66722631921506,7.600403258071992,2.8162931706978482,14.973329163814112,268.45,15.466347168512884,299.3826943370258,237.51730566297422,1022368.0
JFL,2021-05-20,313.0,337.0,305.0,337.0,9.77 %,145865.0,49156505.0,0.09771986970684043,0.09323518276516461,301.6,272.05,288.6306249338581,277.033138745906,82.19115067716348,11.597486187952086,4.572531774148696,16.18951993782739,272.05,21.73155600310086,315.5131120062017,228.58688799379829,1168233.0
JFL,2021-05-23,337.0,369.0,319.0,362.0,7.42 %,140763.0,50956206.0,0.0741839762611276,0.07156128147340934,318.2,277.25,299.9182210978799,283.3269803202834,85.93899455344292,16.59124077759651,6.97627357483826,18.60455422798258,277.25,29.312966414201625,335.8759328284033,218.62406717159675,1308996.0
JFL,2021-05-24,380.0,380.0,339.0,349.0,-3.59 %,110873.0,38694677.0,-0.035911602209944715,-0.03657228962334386,332.2,282.4,307.46926400589837,288.19164844470686,76.87874903012855,19.27761556119151,9.436541972108909,20.204228925983823,282.4,32.41734428552748,347.2346885710549,217.56531142894502,1198123.0
JFL,2021-05-25,339.0,350.0,337.0,341.0,-2.29 %,88584.0,30207144.0,-0.022922636103151817,-0.023189444918910326,339.2,286.55,312.6278387742217,292.1033781895434,71.8581336763736,20.52446058467831,11.654125694622788,19.689641145556408,286.55,34.38248483105889,355.3149696621178,217.78503033788223,1109539.0
JFL,2021-05-27,338.0,364.0,320.0,343.0,0.59 %,51773.0,17758139.0,0.0058651026392961825,0.00584796988242312,346.4,291.0,317.30047896280297,295.87349832365123,72.34438264270057,21.426980639151736,13.608696683528578,21.426095349445237,291.0,35.68281320040266,362.36562640080535,219.63437359919467,1161312.0
JFL,2021-05-30,326.0,372.0,326.0,356.0,3.79 %,142731.0,50812236.0,0.03790087463556846,0.03720028368609049,350.2,295.9,323.2542514300641,300.32731326264,75.32839881106797,22.926938167424055,15.472344980307675,23.18137425305629,295.9,37.59045231522554,371.0809046304511,220.71909536954888,1304043.0
JFL,2021-05-31,363.0,369.0,341.0,341.0,-4.21 %,91061.0,31051801.0,-0.042134831460674205,-0.04304825356851372,346.0,299.2,325.9843665946696,303.34010487281483,66.42271941319807,22.644261721854775,16.906728328617096,23.525561806409414,299.2,38.54402814007951,376.288056280159,222.11194371984095,1212982.0
JFL,2021-06-01,345.0,363.0,339.0,353.0,3.52 %,85395.0,30144435.0,0.035190615835777095,0.03458557964977995,346.8,303.55,330.14061788779736,307.0186156229767,69.52659285491927,23.12200226482065,18.149783115857808,23.559450248808744,303.55,39.497468273296676,382.54493654659336,224.55506345340666,1298377.0
JFL,2021-06-02,353.0,388.0,348.0,388.0,9.92 %,209384.0,81240992.0,0.09915014164305958,0.09453728268997676,356.2,309.8,339.0420612896747,313.0172366879414,76.38371086891283,26.024824601733258,19.7247914130329,24.73377523103669,309.8,42.51761244967927,394.83522489935854,224.7647751006415,1507761.0
JFL,2021-06-03,407.0,426.0,382.0,393.0,1.29 %,175033.0,68787969.0,0.012886597938144284,0.01280427224598775,366.2,316.3,347.34328262972474,318.94188582216793,77.17391392235481,28.401396807556807,21.460112491937682,26.109934143105498,316.3,44.858960262020496,406.017920524041,226.582079475959,1682794.0
JFL,2021-06-06,393.0,393.0,369.0,382.0,-2.80 %,104096.0,39469165.0,-0.027989821882951627,-0.028389003262686025,371.4,322.3,352.67508530207476,323.6128572427481,71.50535121894033,29.062228059326685,22.980535605415483,25.95922456145511,322.3,45.237501908786044,412.7750038175721,231.82499618242792,1578698.0
JFL,2021-06-07,389.0,420.0,382.0,420.0,9.95 %,240757.0,99030797.0,0.09947643979057585,0.09483410267083875,387.2,330.3,363.032764486371,330.7526455951371,77.62073638529989,32.28011889123388,24.840452262579163,26.819279949922603,330.3,47.719685885938866,425.73937177187776,234.86062822812227,1819455.0
JFL,2021-06-08,440.0,462.0,432.0,462.0,10.00 %,141956.0,65229973.0,0.10000000000000009,0.09531017980432493,409.0,340.2,378.25849302692933,340.47467184734916,82.17435068868534,37.78382117958017,27.429126045979366,27.903617096356705,340.2,53.437223375707795,447.07444675141556,233.3255532485844,1961411.0
JFL,2021-06-09,470.0,488.0,435.0,438.0,-0.05 %,144498.0,65208236.0,-0.051948051948051965,-0.053345980705292735,419.0,348.95,387.44949409970945,347.698770229027,73.029896839587,39.750723870682464,29.893445610919986,29.69621587518837,348.95,54.44888960251977,457.8477792050395,240.05222079496045,1816913.0
JFL,2021-06-10,459.0,459.0,420.0,454.0,3.65 %,133698.0,58220440.0,0.0365296803652968,0.03587828766490185,431.2,358.4,397.68803346898494,355.5729353972472,75.02523422359572,42.11509807173775,32.33777610308354,30.360771884103485,358.4,55.502868583998755,469.4057371679975,247.39426283200248,1950611.0
JFL,2021-06-13,454.0,499.0,442.0,499.0,9.91 %,226001.0,107009765.0,0.09911894273127753,0.09450889771017068,454.6,369.45,413.27448985837185,366.19716240485855,79.59718063162036,47.077327453513305,35.2856863731695,32.26357389238181,369.45,60.43393522116343,490.31787044232686,248.5821295576731,2176612.0
JFL,2021-06-14,498.0,547.0,482.0,496.0,-0.60 %,125967.0,63960322.0,-0.006012024048096198,-0.006030169026591188,469.8,380.3,426.0014914186223,375.8121874119061,78.56460924469626,50.18930400671621,38.26640989987884,34.60189004292596,380.3,62.774533891245504,505.84906778249103,254.750932217509,2050645.0
JFL,2021-06-15,501.0,506.0,466.0,475.0,-4.23 %,86488.0,41679453.0,-0.04233870967741937,-0.04326112269028629,472.4,390.1,433.53972350806504,383.15943278880195,71.56599820153508,50.38029071926309,40.68918606375569,34.987469325574104,390.1,61.412239479558934,512.9244789591179,267.27552104088215,1964157.0
JFL,2021-06-16,474.0,474.0,428.0,450.0,-5.26 %,76902.0,34520173.0,-0.052631578947368474,-0.05406722127027582,474.8,397.3,436.0720737375935,388.11058591555735,64.2304698626883,47.96148782203613,42.14364641541178,35.845507230890234,397.3,59.44311743613609,516.1862348722722,278.41376512772786,1887255.0
JFL,2021-06-17,450.0,467.0,422.0,460.0,2.22 %,69637.0,31712565.0,0.022222222222222143,0.021978906718775167,476.0,404.95,439.7532931625791,393.43572769959013,65.74304880363059,46.317565462988966,42.97843022492722,36.499399571540934,404.95,57.00551681520274,518.9610336304055,290.9389663695945,1956892.0
JFL,2021-06-20,460.0,461.0,419.0,431.0,-6.30 %,30966.0,13509597.0,-0.06304347826086953,-0.06511839937939286,462.4,409.65,438.4066326760285,396.2182663885094,58.0735673693547,42.1883662875191,42.8204174374456,36.89229960214515,409.65,54.94616982963692,519.5423396592738,299.75766034072615,1925926.0
JFL,2021-06-21,439.0,439.0,391.0,400.0,-7.19 %,52580.0,21927623.0,-0.07192575406032486,-0.07464354299576584,443.2,411.55,432.4979199566395,396.49839480417535,51.197874473809016,35.99952515246417,41.456238980449314,37.6857067734205,411.55,53.8579760012136,519.2659520024272,303.83404799757284,1873346.0
JFL,2021-06-22,420.0,440.0,392.0,440.0,10.00 %,59973.0,25408068.0,0.10000000000000009,0.09531017980432493,436.2,416.1,433.6520861171565,399.720735929792,58.09252750080106,33.9313501873645,39.951261221832354,38.42244200389047,416.1,52.11111609870352,520.3222321974071,311.877767802593,1933319.0
JFL,2021-06-23,445.0,480.0,430.0,440.0,0.00 %,79808.0,35951630.0,0.0,0.0,434.2,421.05,434.6286882529786,402.7043851201778,58.092527500580104,31.924303132800787,38.34586960402604,39.24941043218401,421.05,49.223951166286646,519.4979023325733,322.60209766742673,1933319.0
JFL,2021-06-24,440.0,445.0,427.0,427.0,-2.95 %,31657.0,13757319.0,-0.02954545454545454,-0.02999071368368229,427.6,425.25,433.4550439063665,404.5040602964609,55.15545365240922,28.950983609905563,36.466892405201946,37.73159540131372,425.25,45.66914771080685,516.5882954216137,333.9117045783863,1901662.0
JFL,2021-06-27,423.0,434.0,418.0,420.0,-1.64 %,28538.0,12107253.0,-0.016393442622950838,-0.016529301951210582,425.4,428.45,431.3850371515408,405.65190768190826,53.58446564628336,25.73312946963256,34.320139818088066,36.17933858693417,428.45,42.70766601960374,513.8653320392075,343.0346679607925,1873124.0
JFL,2021-06-28,426.0,436.0,407.0,408.0,-2.86 %,29724.0,12358631.0,-0.02857142857142858,-0.028987536873252298,427.0,431.8,427.78733912822685,405.8258404462114,50.90755112356757,21.961498682015474,31.84841159087355,35.66652868786745,431.8,37.837046730196384,507.4740934603928,356.12590653960723,1843400.0
JFL,2021-06-29,408.0,410.0,395.0,397.0,-2.70 %,33418.0,13394806.0,-0.026960784313725505,-0.027330893716971304,418.4,434.0,423.05082541619197,405.17207448723275,48.51496570923312,17.87875092895922,29.054479458490686,34.190348067305486,434.0,34.10973005185515,502.2194601037103,365.7805398962897,1809982.0
JFL,2021-06-30,400.0,425.0,369.0,420.0,5.79 %,58302.0,23071109.0,0.057934508816120944,0.056318430590223616,414.4,435.6,422.58146765985475,406.2704393400303,53.44214168264908,16.31102831982446,26.505789230757443,35.74818034821224,435.6,32.55343784901029,500.7068756980206,370.49312430197944,1868284.0
JFL,2021-07-01,428.0,432.0,412.0,425.0,1.19 %,54173.0,23161352.0,0.011904761904761862,0.011834457647002798,414.0,437.2,422.95354955833864,407.65781420373173,54.462408990292154,15.295735354606904,24.263778455527337,34.623310323339936,437.2,31.10356215849349,499.40712431698694,374.99287568301304,1922457.0
JFL,2021-07-04,433.0,440.0,419.0,423.0,-0.47 %,47646.0,20417315.0,-0.004705882352941226,-0.00471698987813891,414.6,439.25,422.9606957801327,408.7942724108627,53.95309917258294,14.166423369270035,22.24430743827588,33.65021672881566,439.25,28.517538463196594,496.2850769263932,382.2149230736068,1874811.0
JFL,2021-07-05,417.0,426.0,409.0,414.0,-2.13 %,29468.0,12244904.0,-0.021276595744680882,-0.02150620522096362,415.8,438.95,421.5821271985738,409.1798818619099,51.61399340554017,12.402245336663896,20.27589501795348,32.460915533900256,438.95,28.761222066121242,496.47244413224246,381.4275558677575,1845343.0
JFL,2021-07-06,434.0,434.0,400.0,407.0,-1.69 %,14134.0,5776424.0,-0.016908212560386437,-0.01705278838271936,417.8,436.2,419.33872301417784,409.0184091313981,49.80536316363777,10.320313882779772,18.28477879091874,32.570850138621665,436.2,29.069064765067523,494.338129530135,378.06187046986497,1831209.0
JFL,2021-07-07,415.0,415.0,400.0,401.0,-1.47 %,22197.0,8940612.0,-0.014742014742014753,-0.014851758136025814,414.0,434.35,416.51738101199663,408.42445289944266,48.24483696817906,8.092928112553977,16.246408655245787,31.315789414434406,434.35,30.10730808292071,494.56461616584147,374.1353838341586,1809012.0
JFL,2021-07-08,400.0,420.0,400.0,409.0,2.00 %,25341.0,10380927.0,0.01995012468827939,0.01975372873623265,410.8,432.1,415.36086085630484,408.4670860180025,50.47306593640701,6.893774838302363,14.375881891857103,30.507518741974806,432.1,30.24270246905002,492.58540493810006,371.6145950619,1834353.0
JFL,2021-07-11,417.0,449.0,415.0,449.0,9.78 %,72701.0,31873079.0,0.097799511002445,0.09330773169945256,416.0,429.6,420.53611303225796,411.469524090743,59.79386506445656,9.066588941514965,13.314023301788676,31.185553117548036,429.6,26.220522295972522,482.0410445919451,377.15895540805496,1907054.0
JFL,2021-07-12,453.0,469.0,434.0,437.0,-2.67 %,94468.0,42385741.0,-0.026726057906458767,-0.02708969264666411,420.6,426.65,423.06901871960287,413.36067045439165,56.36666109138701,9.708348265211214,12.592888294473186,31.45801360915175,426.65,21.194028453910654,469.0380569078213,384.2619430921787,1812586.0
JFL,2021-07-13,440.0,464.0,430.0,460.0,5.26 %,96011.0,43407753.0,0.05263157894736836,0.05129329438755048,431.2,425.9,428.75070814735625,416.8154356059182,60.98272234396156,11.935272541438053,12.461365143866159,31.63958406564091,425.9,19.59833505280531,465.0966701056106,386.70332989438936,1908597.0
JFL,2021-07-14,467.0,484.0,459.0,476.0,3.48 %,101105.0,47993664.0,0.034782608695652195,0.03419136474827934,446.2,427.2,436.0198299708399,421.1994774128872,63.84797286386848,14.82035255795273,12.933162626683472,31.165328060952273,427.2,21.996650462714953,471.19330092542987,383.2066990745701,2009702.0
JFL,2021-07-15,481.0,484.0,470.0,477.0,0.21 %,57710.0,27609377.0,0.0021008403361344463,0.0020986366569212054,459.8,428.05,442.32447151378756,425.332849456377,64.02578510688474,16.991622057410552,13.74485451282889,29.939233199455682,428.05,23.600791690554836,475.2515833811097,380.8484166188903,2067412.0
JFL,2021-07-18,486.0,498.0,480.2,482.0,1.05 %,65674.0,31901619.2,0.01048218029350112,0.01042762316225916,466.4,430.6,448.4283989732048,429.53041616331205,64.9539450718141,18.897982809892767,14.775480172241668,29.300716542351704,430.6,26.511963535849663,483.62392707169937,377.5760729283007,2133086.0
JFL,2021-07-19,490.3,499.0,473.0,475.0,-1.45 %,57571.0,27742893.3,-0.014522821576763434,-0.014629310015959043,474.0,434.35,452.5163375927118,432.8985334845482,62.52187426313762,19.617804108163625,15.74394495942606,29.06495107504087,434.35,27.249867213580995,488.849734427162,379.85026557283805,2075515.0
JFL,2021-07-20,475.0,480.0,466.0,468.0,-1.47 %,56358.0,26375544.0,-0.01473684210526316,-0.014846508116994473,475.6,435.75,454.8984395015254,435.4986421153224,60.098508013155126,19.399797386202977,16.475115444781444,27.98888314110938,435.75,28.256112519891023,492.26222503978204,379.23777496021796,2019157.0
JFL,2021-07-22,475.0,485.0,469.0,480.0,2.56 %,63218.0,30070825.0,0.02564102564102555,0.025317807984289786,476.4,437.75,458.76021803975226,438.7950389956689,62.7630871557799,19.965179044083357,17.173128164641827,27.203962916744427,437.75,29.938313773137676,497.62662754627536,377.87337245372464,2082375.0
JFL,2021-07-25,489.6,528.0,485.0,515.0,7.29 %,133684.0,67814470.0,0.07291666666666674,0.0703807967617996,484.0,442.15,467.41249218748266,444.43985092191565,69.21944283502515,22.972641265567006,18.333030784826864,28.68939413697697,442.15,34.40819210900827,510.9663842180165,373.33361578198344,2216059.0
JFL,2021-07-26,525.0,566.5,505.0,566.5,10.00 %,302053.0,165968025.9,0.10000000000000009,0.09531017980432493,500.9,449.475,482.6567241586391,453.48134344621815,75.8536513151248,29.175380712420974,20.501500770345686,31.033008841478615,449.475,43.76596701114848,537.006934022297,361.94306597770304,2518112.0
JFL,2021-07-27,555.2,623.1,544.0,623.0,9.97 %,167423.0,99337780.2,0.09973521624007065,0.09506943831939217,530.5,460.225,504.24799736500233,466.0382809687205,80.75446802793786,38.209716396281806,24.043143895532914,34.466365352801574,460.225,57.341652675684365,574.9083053513688,345.5416946486313,2685535.0
JFL,2021-07-28,635.0,647.7,597.0,636.0,2.09 %,174810.0,107587483.3,0.020866773675762396,0.020652044552668957,564.1,472.175,524.5175362319251,478.6280379340005,81.67601304345149,45.889498297924604,28.412414776011254,35.62591068474432,472.175,67.47968017738351,607.1343603547671,337.21563964523295,2860345.0
JFL,2021-07-29,636.0,649.0,601.0,601.0,-5.50 %,153392.0,94544698.5,-0.055031446540880546,-0.05660362880491461,588.3,481.225,536.2840691193212,487.6926277166671,71.71897666074608,48.591441402654084,32.44822010133982,36.50977420726259,481.225,72.09359322582262,625.4121864516453,337.0378135483548,2706953.0
JFL,2021-08-01,606.0,607.0,577.3,584.0,-2.83 %,122821.0,72178523.5,-0.028286189683860208,-0.028693951706980497,602.1,489.175,543.6249815625025,494.8265071450621,67.41976935519196,48.79847441744039,35.718270964559935,36.02336176388669,489.175,74.30011599480817,637.7752319896164,340.57476801038365,2584132.0
JFL,2021-08-02,595.0,624.0,587.0,596.0,2.05 %,106226.0,64002306.6,0.020547945205479534,0.020339684237122783,608.0,497.825,551.6826767067329,502.3208399491316,68.8397181648634,49.36183675760128,38.44698412316821,36.3074073521805,497.825,76.2356587030936,650.2963174061872,345.3536825938128,2690358.0
JFL,2021-08-03,596.0,605.0,594.0,596.2,0.03 %,34499.0,20655335.5,0.0003355704697987072,0.0003355141786213592,602.64,506.93500000000006,558.5314956749278,509.2748518047515,68.86407460087048,49.256643870176276,40.608916072569826,34.49973539845332,506.93500000000006,76.57703568783965,660.0890713756794,353.7809286243207,2724857.0
JFL,2021-08-04,600.0,622.0,585.0,611.0,2.48 %,146609.0,88789779.9,0.024823884602482416,0.02452077792762428,597.64,517.135,566.6035732634004,516.8100479673625,70.68984786521312,49.793525296037956,42.44583791726346,34.67832572713523,517.135,76.15031032870262,669.4356206574053,364.83437934259473,2871466.0
JFL,2021-08-05,615.0,665.0,615.0,647.0,5.89 %,217198.0,139644252.9,0.05891980360065463,0.057249335329305207,606.8399999999999,529.4350000000001,578.9722542998004,526.4537481179282,74.59259835577582,52.518506181872226,44.46037157018522,36.05844531805414,529.4350000000001,76.271780495802,681.9785609916041,376.89143900839605,3088664.0
JFL,2021-08-08,655.5,682.0,647.0,660.0,2.01 %,163491.0,109257258.6,0.020092735703245657,0.019893540519570572,622.04,541.985,591.4380613306004,536.3460630721557,75.84347013977232,55.09199825844462,46.5866969078371,35.98284208105027,541.985,76.06191574181905,694.1088314836381,389.8611685163619,3252155.0
JFL,2021-08-09,673.2,680.0,645.0,658.0,-0.30 %,88966.0,58412989.3,-0.00303030303030305,-0.003034903695154047,634.4399999999999,552.4350000000001,601.6783595874311,545.3574658075516,75.22982973305206,56.3208937798795,48.53353628224558,35.91263907526097,552.4350000000001,76.96619404852734,706.3673880970548,398.5026119029454,3163189.0
JFL,2021-08-10,670.0,720.0,668.0,696.0,5.78 %,195913.0,135638939.8,0.05775075987841949,0.05614472900910248,654.4,565.385,616.1893811893648,556.5161720440293,78.7481180940999,59.67320914533548,50.76147085486356,37.77602199845662,565.385,78.29892971641824,721.9828594328364,408.78714056716353,3359102.0
JFL,2021-08-11,709.9,723.0,660.6,667.0,-4.17 %,114082.0,77267260.0,-0.04166666666666663,-0.04255961441879589,665.6,575.735,624.0063994679241,564.7001593000272,70.5163801752131,59.30624016789693,52.47042471747024,39.53487756999543,575.735,77.3103402561783,730.3556805123567,421.1143194876434,3245020.0
JFL,2021-08-12,667.0,695.0,653.7,679.0,1.80 %,90992.0,61729753.5,0.01799100449775115,0.017831081643072434,672.0,585.885,632.4669533959358,573.1668141666918,71.82866096909865,59.300139229243996,53.83636761982499,39.66095774356718,585.885,76.85154023727725,739.5880804745545,432.1819195254455,3336012.0
JFL,2021-08-15,665.5,721.0,628.0,650.0,-4.27 %,170719.0,112697866.8,-0.04270986745213545,-0.04364876466901329,670.0,594.5350000000001,635.1643451811764,578.8581612654554,64.37199983830297,56.30618391572102,54.3303308790042,43.470889333312385,594.5350000000001,73.61899265099395,741.772985301988,447.29701469801216,3165293.0
JFL,2021-08-16,663.0,676.0,635.0,653.1,0.48 %,69516.0,45783865.0,0.004769230769230859,0.004757894018928741,669.0200000000001,603.0899999999999,637.9236766917646,584.3575567272734,64.79275270762695,53.566119964491236,54.17748869610161,43.29439723807579,603.0899999999999,69.69004233030515,742.4700846606102,463.7099153393896,3234809.0
JFL,2021-08-17,666.1,680.0,664.0,672.0,2.89 %,64301.0,43204130.0,0.02893890675241151,0.02852808361453803,664.22,612.9399999999999,643.1661879699546,590.8495895622902,67.32624443411683,52.3165984076644,53.80531063841417,42.12336886392752,612.9399999999999,64.35036825641758,741.6407365128351,484.23926348716475,3299110.0
JFL,2021-08-18,685.0,730.0,685.0,713.0,6.10 %,176563.0,126010642.8,0.061011904761904656,0.059223079891146294,673.4200000000001,625.1899999999999,653.9098513591924,599.8977681132317,72.02853413716429,54.01208324596075,53.84666515992349,43.257413945075555,625.1899999999999,58.34632446818795,741.8826489363759,508.497351063624,3475673.0
JFL,2021-08-19,727.2,769.0,726.0,742.0,4.07 %,186235.0,138186370.0,0.04067321178120609,0.03986782275308443,686.0200000000001,638.29,667.4621819193167,610.4238593641034,74.79196236426282,57.03832255521331,54.48499663898146,44.167598663284444,638.29,53.21941572890482,744.7288314578096,531.8511685421903,3661908.0
JFL,2021-08-24,742.0,785.0,700.0,742.0,0.00 %,163558.0,120930824.6,0.0,0.0,704.4200000000001,649.64,678.9295385471141,620.1702401519475,74.79196236398842,58.75929839516664,55.3398569902185,47.084198758764124,649.64,49.626344871074586,748.8926897421492,550.3873102578508,3661908.0
JFL,2021-08-25,756.0,756.0,685.0,697.0,-6.06 %,151589.0,107267269.8,-0.06064690026954178,-0.06256383240685656,713.2,656.165,681.7096095398658,625.8613334740255,63.50174054018246,55.84827606584031,55.44154080534287,48.79247027599526,656.165,46.606926015681886,749.3788520313637,562.9511479686362,3510319.0
JFL,2021-08-26,697.0,766.0,697.0,744.0,6.74 %,150883.0,111721073.0,0.06743185078909608,0.06525562407256794,727.6,662.2149999999999,691.2927465337326,634.6123458092828,68.79936331463675,56.68040072444978,55.689312789164255,50.235865256281315,662.2149999999999,49.818050786940525,761.851101573881,562.5788984261188,3661202.0
JFL,2021-08-29,758.8,818.4,745.0,796.0,6.99 %,416301.0,333144558.9,0.06989247311827951,0.06755815101129109,744.2,670.2149999999999,707.4015547593121,646.5669868604471,73.39966353700521,60.83456789886509,56.718363811104425,51.961874880832646,670.2149999999999,57.62223871680528,785.4594774336105,554.9705225663894,4077503.0
JFL,2021-08-31,811.9,836.0,782.0,802.0,0.75 %,191415.0,154058255.5,0.007537688442211143,0.007509422022131568,756.2,680.265,721.9551617194179,658.0805433893029,73.87824693455025,63.87461833011503,58.14961471490655,52.107455246487454,680.265,62.25695712549688,804.7789142509937,555.7510857490063,4268918.0
JFL,2021-09-01,807.0,815.0,771.0,780.0,-2.74 %,64672.0,50691305.7,-0.027431421446383997,-0.02781468818287703,763.8,690.0649999999999,730.8851368395075,667.1116142493545,68.97779725490358,63.77352259015299,59.27439628995584,51.52835130030979,690.0649999999999,61.730298583090665,813.5255971661812,566.6044028338187,4204246.0
JFL,2021-09-02,780.0,806.8,757.0,762.0,-2.31 %,149211.0,116489899.9,-0.023076923076923106,-0.023347363996991177,776.8,698.365,735.6720388641987,674.1403835642171,65.16894148809331,61.531655299981594,59.72584809196099,51.40489763600195,698.365,59.537951408277046,817.4409028165541,579.289097183446,4055035.0
JFL,2021-09-05,747.0,755.0,685.8,685.8,-10.00 %,108716.0,76138507.3,-0.10000000000000009,-0.1053605156578264,765.16,702.845,727.9994175004758,675.0040588557565,52.06267886429017,52.99535864471932,58.37975020251266,53.17597637628752,702.845,54.613170524484836,812.0713410489697,593.6186589510304,3946319.0
JFL,2021-09-06,686.0,754.3,646.0,754.3,9.99 %,99550.0,71733082.4,0.09988334791484399,0.09520412683076522,756.8199999999999,710.01,732.045660961941,680.8778322738486,59.87490123929019,51.16782868809241,56.93736589962862,57.11340663512412,710.01,51.22434556875254,812.4586911375051,607.5613088624949,4045869.0
JFL,2021-09-07,769.3,769.3,715.0,735.0,-2.56 %,52326.0,38922180.5,-0.025586636616730662,-0.02591966764674843,743.42,714.41,732.500174660104,684.8868817350451,57.05368758731769,47.613292925058886,55.07255130471467,56.91244901832954,714.41,49.269280489972715,812.9485609799453,615.8714390200546,3993543.0
JFL,2021-09-08,720.3,734.7,693.5,712.0,-3.13 %,45540.0,32459411.6,-0.03129251700680269,-0.031792587800860875,729.8199999999999,717.01,729.3463016354726,686.8952608657826,53.800333419357436,42.45104076969005,52.54824919770975,55.81155980273458,717.01,47.590322988028426,812.1906459760569,621.8293540239431,3948003.0
JFL,2021-09-09,710.0,724.0,705.0,708.5,-0.49 %,53071.0,37893115.1,-0.004915730337078705,-0.004927852281240694,719.12,719.535,726.1391783069383,688.4956119127617,53.30223184969162,37.64356639417667,49.567312637003134,53.182162673967824,719.535,45.59239635358904,810.719792707178,628.3502072928219,3894932.0
JFL,2021-09-12,722.0,750.0,710.0,740.0,4.45 %,66497.0,48845284.1,0.044460127028934426,0.04350012706748037,729.96,721.7349999999999,728.2716124135632,692.3107517710756,57.147578558356734,35.960860642487546,46.84602223810002,52.34772248297013,721.7349999999999,45.45835890940676,812.6517178188134,630.8182821811864,3961429.0
JFL,2021-09-13,750.0,773.0,735.0,749.0,1.22 %,136813.0,103019168.1,0.012162162162162149,0.012088797319004028,728.9,725.8349999999999,731.4605951191688,696.5099553435886,58.206502421023764,34.95063977558027,44.46694574559608,51.32288516275798,725.8349999999999,43.93418852160839,813.7033770432167,637.9666229567831,4098242.0
JFL,2021-09-14,760.0,760.0,728.0,730.0,-2.54 %,18240.0,13453602.3,-0.025367156208277675,-0.025694449374782637,727.9,728.385,731.2358881777582,698.9906993922116,55.110377138620805,32.24518878554659,42.02259435358618,49.94267907970384,728.385,42.530376450864196,813.4457529017284,643.3242470982716,4080002.0
JFL,2021-09-15,744.5,744.5,708.0,713.0,-2.33 %,21542.0,15461630.0,-0.023287671232876672,-0.023563113728140836,728.1,731.535,728.4303669196415,700.0284253631588,52.423469217420156,28.40194155648271,39.298463794165485,48.982487716867844,731.535,38.56768861706321,808.6703772341264,654.3996227658736,4058460.0
JFL,2021-09-16,699.0,699.0,660.0,673.5,-5.54 %,64415.0,43556847.0,-0.05539971949509115,-0.056993424563877244,721.1,732.5550000000001,719.9795412396967,698.0633568177396,46.723323179496596,21.91618442195704,35.8220079197238,49.269452879948716,732.5550000000001,36.60390366009455,805.7628073201892,659.347192679811,3994045.0
JFL,2021-09-20,685.0,685.0,606.2,614.0,-8.83 %,66096.0,41351631.5,-0.0883444691907943,-0.09249306770327616,695.9,729.655,703.6749964335895,691.8364414979071,39.71767126404284,11.838554935682396,31.025317322915523,51.378777674238094,729.655,43.33301251567679,816.3210250313535,642.9889749686464,3927949.0
JFL,2021-09-21,602.0,648.0,567.0,594.0,-3.26 %,55938.0,33840743.3,-0.032573289902280145,-0.03311560878449755,664.9,723.705,686.801920059191,684.5892976832473,37.67291400620174,2.212622375943738,25.26277833352117,53.494579268935375,723.705,52.86232839326595,829.429656786532,617.9803432134681,3872011.0
JFL,2021-09-22,605.8,650.0,605.8,645.0,8.59 %,48483.0,30687520.0,0.08585858585858586,0.08237099743312756,647.9,718.855,680.3708554347002,681.6567571141179,45.393140562728384,-1.2859016794177478,19.953042330933386,53.67353789258285,718.855,55.48039459313648,829.8157891862729,607.8942108137271,3920494.0
JFL,2021-09-23,657.4,685.0,650.0,664.0,2.95 %,45348.0,30128183.9,0.029457364341085368,0.029031832680661455,638.1,714.955,677.8522622909002,680.3488491797389,47.978405127304804,-2.496586888838692,15.46311648697897,52.69685661454122,714.955,56.4999252444743,827.9548504889486,601.9551495110514,3965842.0
JFL,2021-09-26,655.0,666.0,621.0,622.0,-6.33 %,52467.0,33930698.6,-0.06325301204819278,-0.06534205673725442,627.8,711.205,669.2596065538387,676.0267122034619,43.1187612770189,-6.767105649623204,11.017072059658537,52.14708114207399,711.205,60.126878786705596,831.4587575734113,590.9512424265888,3913375.0
JFL,2021-09-27,610.0,620.0,580.0,581.0,-6.59 %,46457.0,27391538.5,-0.06591639871382637,-0.06818933588726822,621.2,703.0550000000001,655.6812055455558,668.9876964846869,38.96922424241263,-13.306490939131095,6.152359459900611,51.42228963192585,703.0550000000001,66.18911084715113,835.4332216943023,570.6767783056978,3866918.0
JFL,2021-09-28,570.0,582.0,527.0,530.0,-8.78 %,45036.0,24435770.3,-0.08777969018932874,-0.09187375030574371,608.4,689.755,636.3456354616242,658.6923115598953,34.51917533770403,-22.346676098271132,0.4525523482662628,51.67784037250258,689.755,72.91322510173634,835.5814502034727,543.9285497965272,3821882.0
JFL,2021-09-29,535.0,583.0,509.2,573.0,8.11 %,36554.0,19857094.4,0.0811320754716982,0.07800871016857214,594.0,678.3050000000001,626.6001530829128,652.344732925829,40.6708596669207,-25.74457984291621,-4.786874089970232,53.25799463160954,678.3050000000001,72.3373564044097,822.9797128088195,533.6302871911806,3858436.0
JFL,2021-09-30,584.0,585.0,541.0,546.1,-4.69 %,23282.0,13207338.5,-0.04694589877835942,-0.04808360755663146,570.42,666.61,614.2155141470801,644.4747527091009,38.24994634868774,-30.25923856202087,-9.881346984380361,52.59670930078029,666.61,73.92100976184098,814.452019523682,518.767980476318,3835154.0
JFL,2021-10-03,546.1,550.0,506.0,523.0,-4.23 %,25278.0,13429235.7,-0.04229994506500645,-0.043220645093185156,550.62,654.6600000000001,600.1823581244523,635.4766228787972,36.25422938486008,-35.29426475434491,-14.96393053837327,51.98265863643885,654.6600000000001,76.94513698254646,808.550273965093,500.7697260349072,3809876.0
JFL,2021-10-04,533.0,533.0,493.2,504.1,-3.61 %,26397.0,13591119.4,-0.03613766730401524,-0.036806802976337684,535.24,645.575,585.4004568745365,625.7450211840716,34.6607705811375,-40.34456430953503,-20.040057292605624,51.112468733836074,645.575,83.52068684810155,812.6163736962031,478.53362630379695,3783479.0
JFL,2021-10-05,514.1,550.0,508.0,536.0,6.33 %,31368.0,16733103.3,0.06328109502082913,0.06135949998221676,536.4399999999999,634.6600000000001,577.8003865861463,619.0972418371033,39.4945849502579,-41.29685525095704,-24.291416884275908,50.740149538562065,634.6600000000001,82.82550077691704,800.3110015538341,469.008998446166,3814847.0
JFL,2021-10-06,546.0,587.9,543.1,580.0,8.21 %,30383.0,17384202.0,0.08208955223880587,0.07889394246966294,537.8399999999999,626.9100000000001,578.1387886498161,616.2011498491697,45.48527017951935,-38.06236119935363,-27.045605747291454,50.82299600009335,626.9100000000001,80.15102783593998,787.2120556718801,466.6079443281201,3845230.0
JFL,2021-10-10,591.0,626.0,568.0,579.5,-0.09 %,48741.0,28836956.5,-0.0008620689655172153,-0.0008624407606585953,544.52,620.2850000000001,578.3482057806136,613.4825461566386,45.43022375129046,-35.134340376024966,-28.66335267303816,51.33563914294382,620.2850000000001,78.19986051272899,776.6847210254581,463.8852789745421,3796489.0
JFL,2021-10-11,568.0,585.0,558.0,585.0,0.95 %,22877.0,13007915.8,0.009490940465918918,0.009446184452050116,556.92,614.11,579.3715587374422,611.3727279228135,46.20149289618047,-32.00116918537128,-29.330915975504784,49.597379204162124,614.11,75.70360416922222,765.5172083384444,462.7027916615556,3819366.0
JFL,2021-10-17,596.6,596.7,576.0,594.0,1.54 %,7970.0,4679346.7,0.01538461538461533,0.01526747213078838,574.9,606.8100000000001,581.6220881624511,610.0858591877903,47.50887979561605,-28.46377102533927,-29.15748698547168,47.53328068957912,606.8100000000001,69.72879719236883,746.2675943847378,467.3524056152624,3827336.0
JFL,2021-10-18,582.2,582.2,562.0,569.9,-4.06 %,12188.0,6967052.5,-0.04057239057239059,-0.041418412521691074,581.6800000000001,597.855,579.8186899836124,607.1091288775835,44.39750930709719,-27.2904388939711,-28.784077367171566,46.42376064032347,597.855,61.52471026899673,720.9044205379935,474.80557946200656,3815148.0
JFL,2021-10-19,570.0,570.0,528.0,540.0,-5.25 %,24277.0,13085076.0,-0.05246534479733278,-0.05389176728263372,573.6800000000001,588.355,573.6927376784413,602.1380822940588,40.82523757060268,-28.4453446156175,-28.716330816860754,46.10777773744323,588.355,54.28986989931002,696.9347397986201,479.77526020138,3790871.0
JFL,2021-10-20,550.8,573.0,550.8,570.0,5.56 %,22969.0,12867881.0,0.05555555555555558,0.05406722127027579,571.78,581.205,573.1246241894503,599.75748360561,45.55840102346179,-26.632859416159704,-28.29963653672055,45.171507899054426,581.205,45.755925414378034,672.7168508287562,489.693149171244,3813840.0
JFL,2021-10-21,572.0,581.0,551.0,551.0,-3.33 %,8718.0,4930872.2,-0.033333333333333326,-0.03390155167568134,564.98,575.08,569.7208358526118,596.1458181533426,43.201554084577175,-26.42498230073079,-27.924705689522597,44.087828763407686,575.08,40.66690882872745,656.413817657455,493.7461823425451,3805122.0
JFL,2021-10-24,549.9,580.0,549.9,565.0,2.54 %,16566.0,9337855.0,0.025408348457350183,0.025090921993526367,559.1800000000001,572.63,568.9945534137485,593.8387205123543,45.44123700911733,-24.844167098605794,-27.30859797133924,43.088698137449995,572.63,39.66235255914783,651.9547051182957,493.30529488170436,3821688.0
JFL,2021-10-25,555.0,610.0,555.0,607.0,7.43 %,43873.0,26198967.2,0.07433628318584073,0.07170305991305734,566.6,573.28,574.8415451962487,594.8136301040317,51.6063923422109,-19.972084907783028,-25.841295358627995,43.939505413346424,573.28,40.13471525276934,653.5494305055387,493.01056949446127,3865561.0
JFL,2021-10-26,617.0,638.0,617.0,637.0,4.94 %,47813.0,30157224.2,0.0494233937397035,0.04824086451266513,586.0,572.88,584.4043843968259,597.938546392622,55.47651973084495,-13.534161995796126,-23.379868686061624,43.01525502667882,572.88,39.41572755826273,651.7114551165255,494.0485448834745,3913374.0
JFL,2021-10-27,639.0,670.0,604.0,645.0,1.26 %,45028.0,28897778.7,0.012558869701726927,0.012480661223609224,601.0,571.9300000000001,593.7267867973143,601.4245799931685,56.47610181274132,-7.697793195854274,-20.243453588020156,44.6570225247732,571.9300000000001,37.274784760574995,646.4795695211501,497.3804304788501,3958402.0
JFL,2021-10-28,655.0,655.0,628.0,640.1,-0.76 %,21742.0,13937372.5,-0.0075968992248062195,-0.0076259026478148004,618.8199999999999,572.835,600.8611272900351,604.2894259196005,55.651962523849726,-3.4282986295653473,-16.880422596329193,43.395806630146545,572.835,38.74514944174279,650.3252988834856,495.34470111651444,3936660.0
JFL,2021-10-31,640.0,670.0,630.1,660.0,3.11 %,35025.0,23031332.3,0.031088892360568554,0.030615420872513417,637.8199999999999,576.7850000000001,609.9594153992605,608.4161351107413,58.31258094545876,1.5432802885192132,-13.195682019359513,43.14610615656465,576.7850000000001,43.37205351739303,663.5291070347862,490.040892965214,3971685.0
JFL,2021-11-01,660.0,678.0,637.0,640.0,-3.03 %,26481.0,17364100.5,-0.030303030303030276,-0.03077165866675366,644.42,582.2850000000001,614.5810437993742,610.7556806580938,54.75700871324292,3.8253631412804907,-9.791472987231513,42.992812859667175,582.2850000000001,44.095509677109014,670.4760193542181,494.09398064578204,3945204.0
JFL,2021-11-02,639.0,671.0,629.0,660.0,3.13 %,33453.0,21803561.6,0.03125,0.030771658666753687,649.02,586.635,621.5685755225475,614.4034080167535,57.54481542026454,7.165167505793988,-6.4001448886264125,42.92189765540524,586.635,47.30573877504109,681.2464775500822,492.0235224499178,3978657.0
JFL,2021-11-03,673.2,687.0,673.0,674.0,2.12 %,40488.0,27485054.5,0.021212121212121238,0.02099027589183583,654.8199999999999,593.03,629.6349485190786,618.8179703858827,59.42935798610069,10.816978133195903,-2.95672028426195,41.78461925144772,593.03,50.100142871944534,693.230285743889,492.8297142561109,4019145.0
JFL,2021-11-08,687.4,730.0,687.0,722.0,7.12 %,83850.0,59662169.4,0.07121661721068251,0.06879502798051922,671.2,602.98,643.8449564392204,626.4610836906322,65.14243579477868,17.383872748588146,1.111398322308069,42.80000359063003,602.98,54.98299832914642,712.9459966582929,493.01400334170717,4102995.0
JFL,2021-11-09,732.0,736.0,686.0,712.2,-1.36 %,124684.0,88867532.8,-0.013573407202216003,-0.013666368049148812,681.6400000000001,613.385,654.3611169870326,632.8121145283632,63.18607409116469,21.549002458669406,5.198919149580337,43.31428904844217,613.385,54.97652393713397,723.3380478742679,503.43195212573204,3978311.0
JFL,2021-11-11,698.0,730.0,682.0,690.0,-3.12 %,85396.0,59604588.5,-0.031171019376579623,-0.031667173252372297,691.6400000000001,621.0849999999999,659.8440220659506,637.0482541929289,58.872759505329036,22.79576787302176,8.718288894268621,43.64898268783916,621.0849999999999,54.348565806862645,729.7821316137253,512.3878683862746,3892915.0
JFL,2021-11-14,682.0,715.0,677.0,710.0,2.90 %,48149.0,33533880.4,0.02898550724637672,0.028573372444055948,701.6400000000001,627.5849999999999,667.5603263634968,642.452087215675,61.427403242123916,25.10823914782179,11.996278944979256,43.245483924422075,627.5849999999999,56.89069182027215,741.3663836405442,513.8036163594556,3941064.0
JFL,2021-11-15,723.0,749.7,716.2,742.9,4.63 %,117518.0,86193953.5,0.046338028169014,0.045296476122399364,715.4200000000001,635.755,679.1510453844974,649.8926733478472,65.25117119972273,29.258372036650144,15.448697563313434,42.992235072677644,635.755,61.19204863206626,758.1390972641325,513.3709027358675,4058582.0
JFL,2021-11-16,745.0,803.9,731.0,760.2,2.33 %,181021.0,136635117.6,0.023287118050881794,0.023020110397387935,723.0600000000001,644.515,691.6201153253439,658.0635864331919,67.0981739531903,33.55652889215207,19.070263829081163,45.12850399605781,644.515,65.90288129632545,776.3207625926509,512.7092374073491,4239603.0
JFL,2021-11-17,775.0,775.0,745.0,745.0,-2.00 %,82022.0,62030235.7,-0.019994738226782438,-0.020197338175588865,729.62,652.0649999999999,699.8324052752911,664.503320771474,63.88518173064721,35.32908450381706,22.322027964028344,44.04789656776797,652.0649999999999,68.41284332330149,788.890686646603,515.2393133533969,4157581.0
JFL,2021-11-18,730.1,757.0,716.0,720.0,-3.36 %,70336.0,51534996.3,-0.03355704697986572,-0.03413300636945847,735.62,659.5699999999999,702.9351121560155,668.614185899513,58.89031447711887,34.3209262565025,24.721807622523176,43.83018967007026,659.5699999999999,67.14618851117744,793.8623770223548,525.277622977645,4087245.0
JFL,2021-11-21,730.0,743.9,716.0,722.0,0.28 %,24335.0,17674271.7,0.002777777777777768,0.0027739268827252244,738.02,668.67,705.8681718243208,672.5686906476973,59.16537424101242,33.299481176623544,26.437342333343253,42.69231897935096,668.67,62.24227789769864,793.1545557953973,544.1854442046026,4111580.0
JFL,2021-11-22,730.0,730.0,707.7,708.0,-1.94 %,23678.0,16871731.5,-0.01939058171745156,-0.019581045199106507,731.04,675.5699999999999,706.1961453898099,675.1932320812012,56.32443167850753,31.00291330860864,27.350456528396332,41.23572476654017,675.5699999999999,58.24937406485121,792.0687481297024,559.0712518702975,4087902.0
JFL,2021-11-23,709.0,716.9,671.3,700.0,-1.13 %,63289.0,43429196.9,-0.011299435028248594,-0.011363758650315095,719.0,683.02,705.2428922529161,677.0307704455568,54.707873619046325,28.21212180735938,27.522789584188942,41.54745871178731,683.02,50.49017205044744,784.0003441008948,582.0396558991051,4024613.0
JFL,2021-11-24,690.0,714.0,673.3,695.0,-0.71 %,28736.0,19982829.0,-0.0071428571428571175,-0.007168489478612516,709.0,689.52,703.6670626755443,678.3618244866267,53.67106311739876,25.305238188917656,27.079279305134687,41.486925946659646,689.52,42.18112074575519,773.8822414915104,605.1577585084896,3995877.0
JFL,2021-11-25,708.0,723.0,695.0,709.0,2.01 %,20093.0,14164359.2,0.020143884892086295,0.01994368096733533,706.8,694.62,704.4875145716145,680.6313189690987,56.17549534107943,23.856195602515754,26.4346625646109,40.523574093326815,694.62,37.595780838302204,769.8115616766045,619.4284383233955,4015970.0
JFL,2021-11-28,695.0,698.0,670.0,671.1,-5.35 %,38224.0,26049693.2,-0.053455571227080334,-0.05493736936793382,696.62,696.325,699.3509738682892,679.9252953417581,48.527604816873875,19.4256785265311,25.032865756994944,40.4147473723749,696.325,35.56343294955418,767.4518658991084,625.1981341008917,3977746.0
JFL,2021-11-29,657.7,694.0,657.7,673.0,0.28 %,18153.0,12268619.5,0.0028311727015346566,0.002827172480534053,689.62,697.725,695.2969778885524,679.4123105016279,48.903172111643094,15.884667386924548,23.203226082980866,40.120836845776694,697.725,33.95120143598613,765.6274028719723,629.8225971280277,3995899.0
JFL,2021-11-30,686.4,690.0,663.0,666.0,-1.04 %,23811.0,15944873.9,-0.010401188707280795,-0.01045565910433863,682.8199999999999,699.02,690.7897505210829,678.4188060200258,47.52727664329675,12.37094450105701,21.036769766596095,39.183634213935505,699.02,32.079910093054856,763.1798201861097,634.8601798138902,3972088.0
JFL,2021-12-01,679.3,689.0,670.0,685.5,2.93 %,19871.0,13523629.0,0.029279279279279313,0.028858828461979978,680.92,700.295,689.9759427486085,678.9433389074313,51.61152028659448,11.032603841177206,19.03593658151232,38.02766034151154,700.295,30.933723294192006,762.162446588384,638.4275534116159,3991959.0
JFL,2021-12-02,692.0,692.0,653.0,657.0,-4.16 %,24912.0,16508035.6,-0.04157549234135671,-0.04246448051775861,670.52,701.145,684.9027207872841,677.3179063957697,45.978656538211375,7.584814391514442,16.745712143512744,38.09711317426072,701.145,29.384501374911256,759.9140027498225,642.3759972501774,3967047.0
JFL,2021-12-05,657.0,657.0,620.0,621.0,-5.48 %,18635.0,11813805.6,-0.0547945205479452,-0.056352936551131744,660.5,699.1949999999999,675.0715329738558,673.1462096257127,40.03486836644458,1.925323348143138,13.781634384438824,38.018747947527814,699.1949999999999,33.29279161746196,765.7805832349238,632.609416765076,3948412.0
JFL,2021-12-06,609.0,640.0,588.0,635.0,2.25 %,28651.0,17644988.0,0.02254428341384873,0.02229391695921298,652.9,697.245,668.9066817471088,670.3205644682525,43.11463502575087,-1.4138827211437501,10.742530963322311,39.017408808418686,697.245,35.887213307066745,769.0194266141335,625.4705733858665,3977063.0
JFL,2021-12-07,642.2,655.0,610.0,611.0,-3.78 %,14325.0,9006239.6,-0.03779527559055118,-0.03852803972109632,641.9,691.6949999999999,659.9979614783228,665.9264485817152,39.38067183692449,-5.928487103392399,7.40832734997937,39.444736750674494,691.6949999999999,40.183323000567974,772.0616460011358,611.328353998864,3962738.0
JFL,2021-12-08,599.1,610.9,564.5,575.0,-5.89 %,21918.0,12809214.0,-0.05891980360065463,-0.06072691837424485,619.8,684.835,646.9213520201193,659.1911560941808,34.54744484050512,-12.269804074061426,3.4727010651712105,39.948684125626315,684.835,47.53689176783585,779.9087835356718,589.7612164643283,3940820.0
JFL,2021-12-09,565.0,590.0,562.0,578.0,0.52 %,17782.0,10200666.9,0.00521739130434784,0.005203827875027044,604.0,679.235,636.3180670939471,653.1769963835006,35.26050604630274,-16.858929289553544,-0.59362500577374,39.09520668808158,679.235,53.1607321936785,785.556464387357,572.913535612643,3958602.0
JFL,2021-12-12,579.8,591.6,525.0,525.0,-9.17 %,31701.0,17483744.2,-0.09169550173010377,-0.09617560608075368,584.8,669.985,619.1922106179552,643.6824040587969,29.20677517434555,-24.490193440841722,-5.372938692787337,41.059834781790045,669.985,62.75512371616509,795.4952474323302,544.4747525676698,3926901.0
JFL,2021-12-13,515.0,525.0,477.5,485.0,-7.62 %,40750.0,20155393.0,-0.07619047619047614,-0.07924937165414049,554.8,657.0899999999999,598.5472551382697,631.9281519062934,25.630286638794814,-33.380896768023604,-10.974530307834591,41.51984658309076,657.0899999999999,72.69371144886031,802.4774228977205,511.7025771022793,3886151.0
JFL,2021-12-14,494.7,530.0,494.7,530.0,9.28 %,15468.0,8042438.5,0.09278350515463907,0.08872811560868422,538.6,645.58,588.001523578536,624.3779184317531,35.238205170113375,-36.37639485321711,-16.054903216911093,41.76842897001285,645.58,73.7255693701109,793.0311387402219,498.1288612597782,3901619.0
JFL,2021-12-15,540.6,583.0,510.0,510.0,-3.77 %,51544.0,28524553.1,-0.037735849056603765,-0.03846628082779605,525.6,633.83,576.0012891818382,615.905480029401,33.18613572176157,-39.90419084756286,-20.82476074304145,43.99925547215479,633.83,75.74544697103451,785.320893942069,482.339106057931,3850075.0
JFL,2021-12-16,520.0,536.5,512.0,513.6,0.71 %,35576.0,18637856.5,0.007058823529411784,0.007034026657379982,512.72,623.51,566.4010908461707,608.3272963235195,33.93194364632343,-41.92620547734873,-25.045049689902903,42.74930865271517,623.51,77.4290908203298,778.3681816406596,468.6518183593404,3885651.0
JFL,2021-12-20,510.0,534.0,500.2,520.0,1.25 %,19030.0,9840691.5,0.012461059190031154,0.012384059199721622,511.7200000000001,613.4100000000001,559.2624614852214,601.7845336328884,35.314333747709526,-42.52207214766702,-28.54045418145573,42.11007232037838,613.4100000000001,77.0795412817842,767.5690825635685,459.2509174364317,3904681.0
JFL,2021-12-21,530.0,571.0,530.0,571.0,9.81 %,21484.0,11808122.0,0.09807692307692317,0.09356039808053726,528.9200000000001,606.5600000000001,561.0682366413412,599.50419780823,45.16127446835306,-38.435961166888774,-30.519555578542338,42.74506715463707,606.5600000000001,74.26720888648799,755.094417772976,458.0255822270241,3926165.0
JFL,2021-12-22,582.4,622.0,559.7,614.9,7.69 %,51964.0,30992508.5,0.07688266199649729,0.07407044330341372,545.9,602.3050000000001,569.3500463888271,600.6446276002129,51.94284594605694,-31.294581211385776,-30.674560705111027,44.14184807216299,602.3050000000001,70.9978389218906,744.3006778437813,460.30932215621885,3978129.0
JFL,2021-12-23,616.0,621.1,595.0,605.0,-1.61 %,33571.0,20461973.3,-0.01610017889087656,-0.016231194928582552,564.9,597.8050000000001,574.8346546366998,600.9672477779749,50.428333100815834,-26.132593141275038,-29.76616719234383,42.853144638437065,597.8050000000001,67.58350370973675,732.9720074194736,462.63799258052654,3944558.0
JFL,2021-12-26,616.0,616.0,600.0,600.0,-0.83 %,22270.0,13455920.7,-0.008264462809917328,-0.008298802814695066,582.18,592.355,578.7062462310537,600.8955997944212,49.64109150054267,-22.18935356336749,-28.250804466548562,40.935062878548706,592.355,62.335893816440475,717.026787632881,467.68321236711904,3922288.0
JFL,2021-12-27,612.0,620.0,555.0,557.0,-7.17 %,44893.0,26023664.7,-0.07166666666666666,-0.07436441528886234,589.5799999999999,586.65,575.3668237339685,597.6440738837233,43.37046875748515,-22.277250149754764,-27.056093603189804,42.65398695865237,586.65,59.924412914585275,706.4988258291705,466.8011741708294,3877395.0
JFL,2021-12-28,547.0,584.0,538.0,584.0,4.85 %,34002.0,19158942.3,0.04847396768402157,0.047335742900943056,592.18,582.2,576.6950046979733,596.6334017441882,47.82698295817306,-19.938397046214845,-25.632554291794815,42.892987890177196,582.2,56.3739488173659,694.9478976347318,469.4521023652683,3911397.0
JFL,2021-12-29,585.0,595.6,574.0,583.0,-0.17 %,11922.0,7007633.0,-0.001712328767123239,-0.0017137964777346304,585.8,578.05,577.6650039752083,595.6235201335076,47.67733004532281,-17.95851615829929,-24.097746665095713,41.37206018373597,578.05,52.82352446440837,683.6970489288167,472.4029510711832,3899475.0
JFL,2022-01-02,575.0,594.0,572.0,586.0,0.51 %,8566.0,5015789.2,0.005145797598627766,0.005132603226520216,582.0,573.075,578.9473110559454,594.9106667902847,48.20097832827699,-15.963355734339302,-22.470868478944432,39.9883415991834,573.075,46.475153237196665,666.0253064743933,480.12469352560674,3908041.0
JFL,2022-01-03,587.0,610.0,580.0,598.0,2.05 %,34660.0,20675908.9,0.020477815699658786,0.0202709643736192,581.6,570.125,581.8784939704153,595.1395062873007,50.34182335474921,-13.261012316885399,-20.628897246532627,39.27488862781316,570.125,42.57665378312731,655.2783075662546,484.9716924337454,3942701.0
JFL,2022-01-04,588.1,615.0,588.0,608.0,1.67 %,27374.0,16569321.4,0.01672240802675584,0.01658412801553526,591.8,569.475,585.897187205736,596.0921354512044,52.11781560009247,-10.194948245468368,-18.542107446319775,38.39811086868365,569.475,41.852156770179235,653.1793135403585,485.7706864596415,3970075.0
JFL,2022-01-05,620.0,625.0,603.0,615.0,1.15 %,39191.0,24102326.8,0.011513157894736947,0.011447385840350967,598.0,568.475,590.3745430202382,597.4927180103745,53.37486718913229,-7.118174990136254,-16.25732095508307,37.22681723520625,568.475,40.41850637881872,649.3120127576375,487.63798724236256,4009266.0
JFL,2022-01-06,605.0,624.8,602.7,622.0,1.14 %,18178.0,11232259.0,0.011382113821138296,0.011317824932661657,605.8,569.025,595.2399979402015,599.3080722318282,54.65683080998665,-4.068074291626658,-13.81947162239179,36.14633028983437,569.025,41.096777630111326,651.2185552602226,486.83144473977734,4027444.0
JFL,2022-01-09,634.0,650.0,626.0,650.0,4.50 %,38032.0,24350895.5,0.045016077170418,0.044032270150503344,618.6,572.775,603.6646136417089,603.0630298442853,59.458577808674704,0.6015837974235865,-10.935260538428714,35.5644495548462,572.775,44.915099735060004,662.6051994701199,482.94480052987996,4065476.0
JFL,2022-01-10,655.0,675.0,639.0,663.0,2.00 %,42619.0,28040790.5,0.020000000000000018,0.01980262729617973,631.6,577.025,612.7931346199075,607.5028054113753,61.49725783396695,5.290329208532171,-7.690142589036538,35.59556030092861,577.025,49.24800690596905,675.521013811938,478.5289861880619,4108095.0
JFL,2022-01-11,656.0,722.0,650.0,692.0,4.37 %,55894.0,38308409.2,0.043740573152337925,0.042810965431807124,648.4,585.375,624.9788062168448,613.7618568623845,65.64728111114616,11.216949354460212,-3.908724200337188,38.19587742229085,585.375,53.90057000967843,693.1761400193568,477.57385998064314,4163989.0
JFL,2022-01-12,705.8,747.0,692.0,696.0,0.58 %,112620.0,80318970.5,0.005780346820809301,0.005763704716750134,664.6,595.925,635.9051437219456,619.8535711688746,66.18861904026546,16.05157255307097,0.0833351503444435,39.39617189212722,595.925,53.86965628645543,703.6643125729108,488.1856874270891,4276609.0
JFL,2022-01-13,700.0,711.9,695.0,711.0,2.16 %,55739.0,39306088.9,0.02155172413793105,0.021322769468821244,682.4,604.975,647.4581985339539,626.6051584896987,68.21160073096777,20.85304004425518,4.237276129126591,37.78930247126099,604.975,57.30571639530139,719.5864327906028,490.3635672093973,4332348.0
JFL,2022-01-16,711.0,730.0,713.0,715.0,0.56 %,45612.0,32935370.6,0.005625879043600568,0.005610112890766783,695.4,615.225,657.8492449133456,633.1529245274988,68.74857355124229,24.696320385846775,8.329084980470627,36.44720943759949,615.225,57.7558188000386,730.7366376000772,499.71336239992286,4377960.0
JFL,2022-01-17,711.0,719.0,703.0,704.0,-1.54 %,31276.0,22165614.2,-0.01538461538461533,-0.015504186535965199,703.6,624.745,664.9493610805232,638.4008560439804,65.47317305235602,26.548505036542792,11.972968991685061,34.98669447777096,624.745,55.78139168122683,736.3077833624536,513.1822166375464,4346684.0
JFL,2022-01-18,717.0,717.0,675.0,675.0,-4.12 %,43017.0,29836711.1,-0.04119318181818177,-0.042065665285512525,700.2,632.495,666.4956132219811,641.1119037444263,57.672066201083965,25.383709477554817,14.655117088859013,35.487644872215895,632.495,51.027603211138235,734.5502064222765,530.4397935777235,4303667.0
JFL,2022-01-19,680.0,701.7,667.1,682.0,1.04 %,63542.0,43547929.9,0.010370370370370363,0.010316966970932269,697.4,638.045,668.8809034955225,644.1406516152094,58.94368667600628,24.740251880313053,16.67214404714982,35.42424166705762,638.045,50.0134558209844,738.0719116419688,538.0180883580312,4367209.0
JFL,2022-01-20,673.1,700.0,673.0,700.0,2.64 %,26274.0,18175658.6,0.02639296187683282,0.02605067719994255,695.2,642.3,673.6684568039037,648.278381125194,62.09697352876651,25.390075678709763,18.415730373461813,34.82251011941065,642.3,51.53751827041476,745.3750365408295,539.2249634591705,4393483.0
JFL,2022-01-23,700.0,713.0,682.0,683.0,-2.43 %,19593.0,13494747.4,-0.024285714285714244,-0.024585475472614568,688.8,646.2,675.1040788340724,650.8503528936982,57.59762912378791,24.25372594037424,19.5833294868443,34.549473682309895,646.2,51.517600467164385,749.2352009343288,543.1647990656713,4373890.0
JFL,2022-01-24,683.0,683.0,639.0,654.0,-4.25 %,64146.0,42503795.8,-0.04245973645680823,-0.04338750811359139,678.8,648.9,671.8572974749844,651.0836600867576,50.831428398458094,20.773637388226803,19.8213910671208,35.22451127643062,648.9,50.371148801457544,749.642297602915,548.1577023970849,4309744.0
JFL,2022-01-25,665.0,674.0,641.0,654.0,0.00 %,32169.0,21291982.7,0.0,0.0,674.6,653.75,669.1100209403714,651.2996852655164,50.83142839823635,17.810335674855082,19.419179988667658,35.06561761382843,653.75,45.49016666442882,744.7303333288577,562.7696666711423,4309744.0
JFL,2022-01-26,644.0,667.0,641.0,648.0,-0.92 %,27651.0,17998145.7,-0.00917431192660545,-0.009216655104923952,667.8,656.95,665.8623254110836,651.0552641347374,49.437877902246704,14.80706127634619,18.496756246203365,34.41807349855497,656.95,42.47658797873713,741.9031759574743,571.9968240425258,4282093.0
JFL,2022-01-27,660.0,665.0,651.1,659.0,1.70 %,21938.0,14433741.7,0.016975308641975273,0.01683283815023249,659.6,660.75,664.8065830401476,651.6437630877198,52.03414122889826,13.162819952427867,17.429968987448266,33.173925391515326,660.75,38.74868418818093,738.2473683763619,583.2526316236381,4304031.0
JFL,2022-01-30,672.0,703.0,672.0,701.0,6.37 %,57610.0,39882636.6,0.06373292867981784,0.0617843525320828,663.2,666.5,670.374801033971,655.2997806367775,60.39601523008972,15.075020397193498,16.958979269397314,33.94721643497852,666.5,35.466069774683696,737.4321395493674,595.5678604506326,4361641.0
JFL,2022-01-31,710.0,710.0,685.0,685.0,-2.28 %,32633.0,22582900.8,-0.022824536376604865,-0.023089048772364815,669.4,670.85,672.6248316441294,657.4997968859052,56.36481078784618,15.12503475822416,16.592190367162686,33.30812954676577,670.85,31.76438753996421,734.3787750799285,607.3212249200716,4329008.0
JFL,2022-02-01,694.4,700.0,682.0,692.1,1.04 %,24380.0,16868431.4,0.010364963503649571,0.01031161558559232,677.0200000000001,675.0550000000001,675.6210113911864,660.0627748943566,57.713618711916446,15.55823649682975,16.3853995930961,32.214691721996786,675.0550000000001,28.394170547000968,731.843341094002,618.2666589059982,4353388.0
JFL,2022-02-03,705.0,710.0,690.9,692.0,-0.01 %,47288.0,32998245.8,-0.00014448779078168883,-0.00014449823014811743,685.82,678.905,678.1408557925423,662.4284952725524,57.686572009897155,15.712360519989943,16.25079177847487,31.27792802756845,678.905,24.817682045364258,728.5403640907285,629.2696359092714,4306100.0
JFL,2022-02-06,695.0,696.0,675.0,677.1,-2.15 %,45156.0,30825448.9,-0.02153179190751442,-0.021766983126069832,689.44,681.6600000000001,677.9807241321512,663.5152734005114,53.652039723112246,14.465450731639748,15.893723569107847,30.54379031131356,681.6600000000001,20.920536372301395,723.5010727446029,639.8189272553973,4260944.0
JFL,2022-02-07,600.5,600.5,589.0,595.0,1.06 %,25058.0,14933555.5,-0.12125239994092452,-0.12925756694596993,668.24,678.9100000000001,665.214458881051,658.4400679634365,37.91633014808523,6.7743909176144825,14.069857038809175,34.65494814621974,678.9100000000001,27.788731150358423,734.487462300717,623.3325376992832,4235886.0
JFL,2022-02-08,606.9,631.0,590.2,590.2,0.00 %,33397.0,20168801.5,-0.00806722689075623,-0.00809994303679065,649.28,675.27,653.6737728993508,653.3852481142931,37.22884639883804,0.28852478505768886,11.31359058805888,35.09388042148976,675.27,34.04594573590483,743.3618914718096,607.1781085281904,4202489.0
JFL,2022-02-09,599.0,599.0,566.5,576.0,-2.41 %,16666.0,9561846.5,-0.024059640799729,-0.02435380181294789,626.0600000000001,669.47,641.723961684066,647.6530075132342,35.195749185543406,-5.929045829168217,7.86506330461346,34.908603248526205,669.47,40.344074109948764,750.1581482198976,588.7818517801024,4185823.0
JFL,2022-02-10,585.9,585.9,560.0,575.5,-0.09 %,19475.0,11089327.9,-0.0008680555555555802,-0.0008684325339539295,602.76,663.4449999999999,631.5356598865174,642.3083402900318,35.123015314325585,-10.772680403514414,4.137514562987885,34.265131587917196,663.4449999999999,44.91263419713767,753.2702683942753,573.6197316057246,4166348.0
JFL,2022-02-13,564.0,566.0,540.0,544.0,-5.47 %,31246.0,17172743.9,-0.05473501303214601,-0.05628998130599476,576.14,655.095,618.0686352885916,635.0262410092887,30.804051530673604,-16.957605720697075,-0.08150949374910699,34.35333647449454,655.095,50.75064401976259,756.5962880395252,553.5937119604748,4135102.0
JFL,2022-02-14,554.0,554.0,530.0,540.0,-0.74 %,26693.0,14508775.8,-0.007352941176470562,-0.007380107297622534,565.14,646.345,606.0580760134237,627.9872601937858,30.29461817965246,-21.929184180362085,-4.451044431071702,33.613812440602075,646.345,54.802962607198126,755.9509252143963,536.7390747856037,4108409.0
JFL,2022-02-15,542.0,559.0,540.0,557.0,3.15 %,15890.0,8733396.4,0.031481481481481444,0.030996100368963917,558.5,638.995,598.5106797036663,622.7289446238757,35.199531021141254,-24.218264920209435,-8.40448852889925,32.56996869484478,638.995,56.49495063603547,751.9849012720709,526.0050987279291,4124299.0
JFL,2022-02-16,559.0,565.0,550.0,554.6,-0.43 %,8722.0,4831763.6,-0.004308797127468567,-0.0043181067456063435,554.22,632.975,591.7551905184869,617.6823561332181,34.826944311392154,-25.92716561473128,-11.909023946065657,31.3149709309273,632.975,58.823222007708004,750.621444015416,515.328555984584,4115577.0
JFL,2022-02-17,547.0,562.0,547.0,555.0,0.07 %,9457.0,5238416.5,0.0007212405337180261,0.0007209805647568786,550.1200000000001,626.625,586.1005458233351,613.0392186418686,34.950529856602145,-26.93867281853352,-14.91495372055923,30.149615864432494,626.625,60.09354878240143,746.8120975648028,506.43790243519715,4125034.0
JFL,2022-02-20,554.6,554.6,533.1,536.0,-3.42 %,18488.0,9962544.0,-0.03423423423423422,-0.0348339526756325,548.5200000000001,618.425,578.3927695428221,607.3326098535821,31.86006022635155,-28.93984031076002,-17.71993103859939,29.5603575884016,618.425,60.74002300572967,739.9050460114593,496.94495398854065,4106546.0
JFL,2022-02-21,542.5,544.0,534.1,540.2,0.78 %,8820.0,4755737.4,0.007835820895522483,0.007805280287713305,548.5600000000001,611.2850000000001,572.5169588439263,602.3598239385019,33.2648322363913,-29.842865094575586,-20.14451784979463,28.1560463320872,611.2850000000001,61.141460435700054,733.5679208714002,489.0020791286,4115366.0
JFL,2022-02-22,550.9,556.0,545.0,545.2,0.93 %,10911.0,6005142.8,0.009255831173639484,0.00921325846386244,546.2,605.845,568.3143497910146,598.1257629060202,34.98327313138503,-29.81141311500562,-22.077896902836834,27.27347159408097,605.845,61.97540662485042,729.7958132497008,481.8941867502992,4126277.0
JFL,2022-02-23,556.0,563.0,545.0,546.0,0.15 %,8660.0,4773030.6,0.0014673514306675628,0.0014662759225274112,544.4799999999999,600.4449999999999,564.8813729000892,594.264595283352,35.270474781042765,-29.38322238326282,-23.538961998922034,26.61108076593233,600.4449999999999,62.26318904879588,724.9713780975917,475.9186219024082,4134937.0
JFL,2022-02-24,555.0,555.0,528.0,534.0,-2.20 %,16453.0,8772752.5,-0.02197802197802201,-0.022223136784710235,540.28,594.745,560.1303924539217,589.8005511882889,32.92130294237556,-29.67015873436719,-24.765201346011068,26.638860711222875,594.745,62.895506282453226,720.5360125649065,468.95398743509355,4118484.0
JFL,2022-02-27,524.0,535.0,524.0,528.0,-1.12 %,7345.0,3886348.5,-0.011235955056179803,-0.011299555253933394,538.68,588.1949999999999,555.1872551533183,585.2227325817489,31.781492943768484,-30.035477428430568,-25.81925656249497,25.521799231849812,588.1949999999999,62.6725783652403,713.5401567304805,462.84984326951934,4111139.0
JFL,2022-02-28,538.0,538.0,508.0,509.0,-3.60 %,10207.0,5269528.4,-0.03598484848484851,-0.036648267155738753,532.4399999999999,578.595,548.0815235912694,579.5766042423601,28.42529572828795,-31.49508065109069,-26.954421380214118,25.841670715289112,578.595,59.086408402394724,696.7678168047895,460.42218319521055,4100932.0
JFL,2022-03-02,502.0,506.1,484.0,490.1,-3.71 %,16524.0,8135207.0,-0.03713163064833003,-0.037838564635020895,521.4200000000001,568.85,539.1612891926126,572.948707631815,25.536436628101526,-33.78741843920238,-28.321020792011772,25.781551378482746,568.85,56.63498546788232,682.1199709357646,455.58002906423536,4084408.0
JFL,2022-03-06,495.0,499.9,485.0,492.0,0.39 %,9776.0,4809735.0,0.0038767598449296337,0.003869264576806326,510.62000000000006,558.845,531.905706239903,566.9525070664954,26.34681784026668,-35.0468008265924,-29.6661767989279,25.00429770859112,558.845,51.12228348206831,661.0895669641367,456.6004330358634,4094184.0
JFL,2022-03-07,498.0,498.0,488.0,489.2,-0.57 %,6247.0,3068880.3,-0.005691056910569148,-0.005707312679290867,501.66,548.705,525.3355975876102,561.1930620986068,25.899490053799667,-35.85746451099658,-30.904434341341638,23.932562157977472,548.705,42.74776048304427,634.2005209660886,463.2094790339115,4087937.0
JFL,2022-03-09,485.0,490.0,460.0,470.0,-3.92 %,9803.0,4625227.6,-0.03924775143090753,-0.04003870910891294,490.06000000000006,538.35,516.8224287279778,554.438020461673,23.014011129769486,-37.61559173369517,-32.24666581981234,24.365950575264794,538.35,34.247343346831315,606.8446866936627,469.8553133063374,4078134.0
JFL,2022-03-10,461.1,495.5,461.0,494.9,5.30 %,15036.0,7267965.3,0.05297872340425536,0.051623027253736145,487.23999999999995,533.345,513.4497473852119,550.0277967237712,33.38006992113043,-36.578049338559254,-33.11294252356173,25.08981124846017,533.345,32.81720465019237,598.9794093003848,467.7105906996153,4093170.0
JFL,2022-03-13,502.0,520.0,502.0,519.0,4.87 %,19858.0,10251234.0,0.04869670640533452,0.04754816120804837,493.0200000000001,529.7850000000001,514.3036324028716,547.7294414108992,41.57926750033894,-33.42580900802761,-33.175515820454905,25.090539016427304,529.7850000000001,30.072041132831725,589.9290822656635,469.64091773433665,4113028.0
JFL,2022-03-14,526.0,529.3,510.0,521.0,0.39 %,5159.0,2678646.0,0.003853564547206201,0.003846158587478315,498.82000000000005,527.0350000000001,515.3338428024298,545.7494827878696,42.21486321628598,-30.41563998543984,-32.6235406534519,24.676929086682495,527.0350000000001,28.07164283719323,583.1782856743865,470.89171432561363,4118187.0
JFL,2022-03-15,520.0,520.0,511.0,515.0,-1.15 %,6246.0,3220521.1,-0.01151631477927062,-0.01158314108963076,503.98,524.01,515.2824823712867,543.4717433221015,40.781414414724516,-28.18926095081474,-31.73668471292447,23.62857700906232,524.01,25.736823915610913,575.4836478312218,472.5363521687782,4111941.0
JFL,2022-03-16,525.0,525.0,510.0,512.0,-0.58 %,6468.0,3313645.0,-0.005825242718446644,-0.0058422756242284025,512.38,522.4100000000001,514.7774850833964,541.14050307602,40.04915519804607,-26.363017992623554,-30.661951368864287,23.012250079843582,522.4100000000001,25.421435215602227,573.2528704312045,471.5671295687956,4105473.0
JFL,2022-03-20,519.0,519.0,505.0,508.0,-0.78 %,4556.0,2312474.0,-0.0078125,-0.007843177461025893,515.0,520.8100000000001,513.7347950705662,538.6856509963148,39.0425387275804,-24.95085592574867,-29.519732280241165,22.36851793128333,520.8100000000001,25.262597691157495,571.3351953823151,470.28480461768504,4100917.0
JFL,2022-03-21,507.0,529.9,498.1,525.1,3.37 %,8077.0,4167086.4,0.033661417322834675,0.03310727306533174,516.22,519.215,515.483288136633,537.6793064780693,45.364690044844274,-22.196018341436343,-28.054989492480203,23.042195221905946,519.215,23.82345759076471,566.8619151815294,471.5680848184706,4108994.0
JFL,2022-03-22,526.0,535.0,519.4,519.4,-1.09 %,7875.0,4162234.0,-0.010855075223766941,-0.010914421415165576,515.9,517.455,516.0858591925356,536.3252837759901,43.73635406112254,-20.23942458345448,-26.491876510675063,22.51060984891267,517.455,22.32483806742759,562.1046761348553,472.8053238651449,4101119.0
JFL,2022-03-23,520.0,520.0,509.0,511.0,-1.62 %,5052.0,2585457.4,-0.016172506738544423,-0.016304709024943582,515.1,515.255,515.3034193167609,534.4493368296205,41.37915220469303,-19.14591751285957,-25.022684711111967,21.68842343113319,515.255,20.525734168548578,556.3064683370972,474.20353166290283,4096067.0
JFL,2022-03-24,503.5,518.0,500.0,503.5,-1.47 %,9578.0,4837576.0,-0.014677103718199636,-0.014785878045087476,513.4,513.63,513.4875086526439,532.1567933607597,39.34042148451855,-18.66928470811581,-23.75200471051274,21.42496461462368,513.63,20.078558870492213,553.7871177409844,473.4728822590156,4086489.0
JFL,2022-03-27,505.0,505.0,481.0,487.2,-3.24 %,9926.0,4858672.9,-0.03237338629592856,-0.032908995762929785,509.23999999999995,510.98,509.44327655223714,528.826660519222,35.272894839041285,-19.38338396698481,-22.878280561807152,21.608895713579134,510.98,19.883809864733692,550.7476197294674,471.21238027053266,4076563.0
JFL,2022-03-28,485.0,506.8,471.0,477.0,-2.09 %,7503.0,3616422.0,-0.020935960591133007,-0.021158225507346053,499.62,507.57000000000005,504.4520032365083,524.9876486289093,32.97528042897335,-20.535645392400966,-22.409753527925915,22.622546019752054,507.57000000000005,19.5515809025644,546.6731618051289,468.46683819487123,4069060.0
JFL,2022-03-29,478.0,486.5,470.0,472.2,-1.01 %,7408.0,3519819.2,-0.010062893081761004,-0.01011386623692867,490.18,503.88,499.49015658473775,521.0774524341753,31.92151185220544,-21.58729584943751,-22.245261992228237,22.185221304055478,503.88,18.869178433013413,541.6183568660268,466.14164313397316,4061652.0
JFL,2022-03-30,471.0,489.6,470.0,489.6,3.68 %,11546.0,5557383.0,0.03684879288437104,0.036186106546703796,485.9,501.66,497.96859403323964,518.7457892909031,39.47247508470499,-20.777195257663436,-21.951648645315277,22.00056263948009,501.66,17.715601212373553,537.0912024247472,466.22879757525294,4073198.0
JFL,2022-03-31,490.0,498.0,470.1,474.0,-3.19 %,5213.0,2492770.6,-0.031862745098039214,-0.03238140950303983,480.0,498.96000000000004,494.2811180281259,515.4312863804658,35.65423201039964,-21.15016835233996,-21.791352586720215,22.42195102237437,498.96000000000004,17.60455682636459,534.1691136527293,463.75088634727086,4067985.0
JFL,2022-04-03,465.1,477.3,465.0,476.8,0.59 %,9648.0,4536014.1,0.005907172995780696,0.005889794056063614,477.91999999999996,497.35,491.5917152545681,512.5697096115424,36.83526494457971,-20.977994356974307,-21.628680940771034,21.6989545207762,497.35,18.103372759329417,533.5567455186589,461.14325448134116,4077633.0
JFL,2022-04-04,486.3,486.3,469.0,469.0,-1.64 %,4681.0,2208861.7,-0.016359060402684533,-0.01649434730486061,476.32,496.29499999999996,488.1160667538653,509.3423237143911,34.91284394503167,-21.226256960525802,-21.548196144721988,21.384743483577903,496.29499999999996,19.13361536255447,534.5622307251089,458.027769274891,4072952.0
JFL,2022-04-05,460.0,474.0,450.0,465.0,-0.85 %,12027.0,5501797.5,-0.008528784648187626,-0.008565362858923046,474.88,494.945,484.5597487917322,506.05770714295477,33.934752496333545,-21.497958351222564,-21.538148586022103,21.5715475204652,494.945,20.365462895486733,535.6759257909735,454.21407420902653,4060925.0
JFL,2022-04-06,455.8,465.0,446.6,456.0,-1.94 %,5650.0,2562544.0,-0.01935483870967747,-0.019544596072970283,468.16,493.28499999999997,480.1659412853119,502.34972883606923,31.777592175019194,-22.18378755075736,-21.667276378969156,21.34500841186054,493.28499999999997,22.13461863473924,537.5542372694784,449.0157627305215,4055275.0
JFL,2022-04-07,456.0,470.9,451.1,460.0,0.88 %,15229.0,7013633.9,0.00877192982456143,0.008733679968754631,465.36,492.78499999999997,477.06348877987926,499.2127118852493,33.79201337660015,-22.149223105370027,-21.76366572424933,21.234650668156213,492.78499999999997,22.791486753196608,538.3679735063931,447.20202649360675,4070504.0
JFL,2022-04-11,467.2,476.5,430.0,446.0,-3.04 %,18522.0,8272721.5,-0.0304347826086957,-0.030907537463076663,459.2,490.34,472.2844905060517,495.27102952337896,30.40777734640669,-22.98653901732723,-22.008240382864912,23.03931847757363,490.34,25.06243571983011,540.4648714396602,440.21512856033974,4051982.0
JFL,2022-04-12,441.0,441.0,430.0,431.0,-3.36 %,10318.0,4462338.7,-0.03363228699551568,-0.03421086191631627,451.6,485.93999999999994,465.93303042819764,490.5102125216472,27.257943988951396,-24.57718209344955,-22.52202872498184,22.5365100148898,485.93999999999994,27.38327188170671,540.7065437634134,431.1734562365865,4041664.0
JFL,2022-04-13,426.0,442.0,418.0,437.0,1.39 %,6840.0,2929815.0,0.0139211136890951,0.013825104991842335,446.0,481.73999999999995,461.4817949777057,486.54649307559924,30.3651785743928,-25.06469809789354,-23.03056259956418,22.641045013826243,481.73999999999995,28.15385175106887,538.0477035021377,425.43229649786224,4048504.0
JFL,2022-04-17,438.0,442.6,417.0,419.0,-4.12 %,9459.0,4044415.5,-0.041189931350114395,-0.042062275173452394,438.6,476.93999999999994,454.9461342119048,481.54304914407334,26.682819562690142,-26.596914932168545,-23.743833066085056,22.852398941410083,476.93999999999994,30.28759343014226,537.5151868602844,416.3648131397154,4039045.0
JFL,2022-04-18,419.0,422.0,404.0,404.0,-3.58 %,6199.0,2549783.4,-0.03579952267303099,-0.036456041960987624,427.4,471.53999999999996,447.10826741007327,475.79911957784566,24.063913160773765,-28.69085216777239,-24.733236886422524,22.505799017023648,471.53999999999996,33.19580506154877,537.9316101230975,405.14838987690246,4032846.0
JFL,2022-04-19,404.0,412.0,396.0,400.0,-0.99 %,4975.0,2004368.0,-0.00990099009900991,-0.009950330853168092,418.2,466.14,439.86084165467736,470.1843699794867,23.40422906529514,-30.32352832480933,-25.85129517409989,22.041099087236244,466.14,35.64644220824025,537.4328844164805,394.8471155835195,4027871.0
JFL,2022-04-20,408.0,408.0,376.0,379.0,-5.25 %,11392.0,4441298.6,-0.05249999999999999,-0.05392834202555563,407.8,458.8349999999999,430.4976352462655,463.42997220322843,20.263514177002477,-32.932336956962956,-27.267503530672503,22.752449152433655,458.8349999999999,37.83102701835259,534.4970540367051,383.17294596329475,4016479.0
JFL,2022-04-21,372.0,383.9,365.0,377.0,-0.53 %,10503.0,3897070.8,-0.00527704485488123,-0.005291017634415548,395.8,451.715,422.2672298237631,457.0277520400263,19.988403362574005,-34.76052221626321,-28.766107267790648,22.477274212974105,451.715,39.207615734435194,530.1302314688703,373.2997685311296,4005976.0
JFL,2022-04-24,384.5,414.7,382.0,414.7,10.00 %,11106.0,4459185.4,0.09999999999999987,0.09531017980432474,394.94,446.9,421.10304062010727,453.8923630000244,37.27562744004555,-32.78932237991711,-29.57075029021594,23.564611769190243,446.9,37.416025274855365,521.7320505497107,372.06794945028923,4017082.0
JFL,2022-04-25,422.9,436.5,410.0,417.0,0.55 %,19097.0,8096230.8,0.005546177959971033,0.0055308545464657945,397.54,442.575,420.4718036016292,451.15959537039294,38.15355410683719,-30.68779176876376,-29.794158585925505,23.774282357105225,442.575,35.4783532965072,513.5317065930144,371.6182934069856,4036179.0
JFL,2022-04-26,425.3,425.3,412.0,416.0,-0.24 %,7972.0,3338889.2,-0.0023980815347721673,-0.0024009615375381503,400.74,439.015,419.78383381676315,448.555180898512,37.90513965149227,-28.771347081748843,-29.589596285090174,23.02611933159771,439.015,34.318113599859245,507.6512271997185,370.37877280028147,4028207.0
JFL,2022-04-27,408.0,432.0,408.0,427.0,2.64 %,6007.0,2514410.0,0.02644230769230771,0.026098752967361288,410.34,436.515,420.8940132295688,446.9585008319555,42.35152459166544,-26.06448760238669,-28.884574548549477,23.09568223648359,436.515,33.20861135942409,502.93222271884815,370.0977772811518,4034214.0
JFL,2022-04-28,422.0,434.0,412.1,412.1,-3.49 %,6573.0,2777324.0,-0.03489461358313817,-0.03551797488385288,417.36,433.51000000000005,419.5410881173275,444.3763896592181,38.34608070100526,-24.8353015418906,-28.0747199472177,23.010276362449048,433.51000000000005,32.521651087758585,498.5533021755172,368.4666978244829,4027641.0
JFL,2022-05-02,403.9,405.0,394.0,396.0,-3.91 %,6551.0,2603673.3,-0.03906818733317163,-0.0398518270902912,413.62,428.83000000000004,415.9193822531232,440.7929533881649,34.54433762104313,-24.873571135041686,-27.4344901847825,22.65954233655983,428.83000000000004,30.709472222927598,490.2489444458552,367.41105555414487,4021090.0
JFL,2022-05-04,396.0,402.0,385.0,385.0,-2.78 %,4668.0,1830653.3,-0.02777777777777779,-0.028170876966696335,407.21999999999997,424.38,411.16255421418117,436.66014202607863,32.19572452865779,-25.49758781189746,-27.047109710205493,22.255289312519846,424.38,30.26466760536787,484.9093352107357,363.8506647892643,4016422.0
JFL,2022-05-05,379.0,385.0,363.0,369.0,-4.16 %,10058.0,3759690.8,-0.04155844155844157,-0.04244669024725705,397.82,418.98999999999995,404.6760074119995,431.6482796537765,29.096923696369174,-26.972272241777034,-27.032142216519805,22.237054361625574,418.98999999999995,30.036029242092514,479.062058484185,358.9179415158149,4006364.0
JFL,2022-05-08,372.0,393.0,365.1,387.0,4.88 %,5544.0,2068203.0,0.04878048780487809,0.047628048989254664,389.82,414.89,401.9566216563073,428.34099967942274,36.50143770613635,-26.38437802311546,-26.90258937783894,22.641550478652317,414.89,28.4024257674226,471.69485153484516,358.0851484651548,4011908.0
JFL,2022-05-09,388.0,414.0,388.0,395.2,2.12 %,11689.0,4697629.4,0.021188630490956095,0.020967272843930965,386.44,411.4,400.91714140149077,425.8861108142803,39.59616255062397,-24.968969412789534,-26.51586538482906,22.952868301605722,411.4,26.11748758772582,463.6349751754516,359.16502482454837,4023597.0
JFL,2022-05-10,395.0,411.0,395.0,410.0,3.74 %,6722.0,2716847.8,0.037449392712550544,0.03676519382464068,389.23999999999995,409.1,402.3145042627999,424.70936186507436,44.823107580331154,-22.394857602274442,-25.691663828318138,22.45623485149103,409.1,23.915795265016285,456.9315905300326,361.2684094699674,4030319.0
JFL,2022-05-11,410.0,433.0,408.0,431.0,5.12 %,8095.0,3422009.5,0.051219512195122,0.04995093040539434,398.43999999999994,407.65,406.7276574531384,425.17533506025404,51.267006963204025,-18.447677607115622,-24.242866584077635,22.637932362098812,407.65,21.415795941074844,450.48159188214964,364.8184081178503,4038414.0
JFL,2022-05-12,431.0,446.0,419.0,427.0,-0.93 %,14646.0,6352461.0,-0.009280742459396807,-0.00932407687512329,410.03999999999996,406.7,409.8464793834248,425.31049542616114,50.06758084612212,-15.464016042736318,-22.487096475809373,22.949508621948898,406.7,19.99965789181805,446.6993157836361,366.70068421636387,4023768.0
JFL,2022-05-17,418.6,423.0,395.0,395.0,-7.49 %,12348.0,5002168.5,-0.07494145199063229,-0.07789824832750265,411.64,404.9,407.5624056321287,423.06527354274175,41.66872029063348,-15.502867910613077,-21.09025076277012,23.59597229180969,404.9,19.305494172992525,443.510988345985,366.2890116540149,4011420.0
JFL,2022-05-18,389.0,419.0,381.3,407.0,0.03 %,4883.0,1940322.0,0.030379746835442978,0.02992742054147306,414.0,403.4,407.47588168872426,421.87525328031643,45.369672828021564,-14.399371591592171,-19.75207492853453,24.603402842394715,403.4,17.78577195993529,438.97154391987056,367.8284560801294,4016303.0
JFL,2022-05-19,413.9,413.9,391.1,392.0,-3.69 %,4496.0,1782143.2,-0.03685503685503688,-0.03755134565213248,410.4,402.05,405.09497681353594,419.6622715558485,41.799586687103776,-14.567294742312583,-18.715118891290142,24.474588353652234,402.05,17.56265475677184,437.1753095135437,366.9246904864563,4011807.0
JFL,2022-05-20,399.8,400.0,390.0,393.0,0.26 %,7075.0,2782556.0,0.0025510204081633514,0.002547772078798783,402.8,401.5,403.234211149915,417.6872884776375,42.12654013254658,-14.453077327722497,-17.862710578576614,23.440689185534218,401.5,17.670284303562283,436.84056860712457,366.15943139287543,4018882.0
JFL,2022-05-23,390.0,390.6,383.0,385.0,-2.04 %,5820.0,2244390.5,-0.020356234096692072,-0.02056627758147697,394.4,400.75,400.4289478960819,415.26600784966433,40.18179004241858,-14.837059953582411,-17.257580453577773,22.48063995799606,400.75,18.05151983688224,436.8530396737645,364.6469603262355,4013062.0
JFL,2022-05-24,379.0,408.0,379.0,396.9,3.09 %,2756.0,1086173.6,0.030909090909090775,0.030441025501235338,394.78000000000003,401.645,399.88603283514624,413.90556282376326,44.30085106101566,-14.019529988617023,-16.609970360585624,22.946308532424915,401.645,17.346362427724795,436.33772485544955,366.9522751445504,4015818.0
JFL,2022-05-25,404.8,410.0,395.0,399.0,0.53 %,3634.0,1468013.0,0.005291005291005346,0.005277057100843819,393.18,402.745,399.7497200912776,412.8014470590401,45.020339603278266,-13.051726967762477,-15.898321682020995,22.378715065823137,402.745,16.37142809577199,435.487856191544,370.002143808456,4019452.0
JFL,2022-05-26,404.8,405.0,399.0,399.0,0.00 %,3408.0,1364604.0,0.0,0.0,394.58000000000004,401.96,399.6343785387734,411.77911764725934,45.02033960298004,-12.144739108485965,-15.14760516731399,21.20880684683577,401.96,16.142829596099894,434.24565919219975,369.6743408078002,4019452.0
JFL,2022-05-27,393.1,400.0,385.0,395.0,-1.00 %,6945.0,2730630.0,-0.010025062656641603,-0.010075651988741587,394.98,400.86,398.9213972251159,410.53622004375865,43.771303850096885,-11.614822818642722,-14.441048697579738,20.76532064349036,400.86,15.810169944833321,432.48033988966665,369.2396601103334,4012507.0
JFL,2022-05-30,402.9,405.0,383.0,387.0,-2.03 %,1910.0,739821.0,-0.020253164556962022,-0.02046107187134006,395.38,399.40999999999997,397.0873361135596,408.7927963368136,41.303194353019194,-11.705460223253965,-13.893931002714584,20.853512026098194,399.40999999999997,15.677838868264063,430.7656777365281,368.0543222634718,4010597.0
JFL,2022-05-31,387.0,400.0,381.0,383.0,-1.03 %,5595.0,2165545.5,-0.01033591731266148,-0.010389703849135798,392.6,397.21,394.9200536345504,406.88221883038295,40.08610221516746,-11.96216519583254,-13.507577841338177,20.721118309948324,397.21,14.656376374171153,426.52275274834227,367.8972472516577,4005002.0
JFL,2022-06-01,390.6,398.4,384.1,389.0,1.57 %,2815.0,1090388.2,0.015665796344647598,0.015544354437800379,390.6,396.05499999999995,394.0092761523119,405.5576100281324,42.808474047882505,-11.548333875820504,-13.115729048234645,20.3410384306663,396.05499999999995,14.327723402377977,424.7104468047559,367.399553195244,4007817.0
JFL,2022-06-02,392.0,392.0,380.0,384.0,-1.29 %,6558.0,2519390.7,-0.01285347043701801,-0.012936791030719453,387.6,395.455,392.46938751349467,403.9607500260485,41.13123466225056,-11.491362512553849,-12.790855741098486,19.745249971332992,395.455,14.579202021347452,424.61340404269487,366.2965959573051,4001259.0
JFL,2022-06-03,391.0,391.0,379.0,380.0,-1.04 %,7222.0,2751688.9,-0.01041666666666663,-0.010471299867295366,384.6,395.205,390.55102020372624,402.18587965374866,39.78817892156606,-11.634859450022418,-12.559656482883273,19.192017830523493,395.205,14.808975763306849,424.8229515266137,365.5870484733863,3994037.0
JFL,2022-06-06,382.1,389.0,382.1,383.0,0.79 %,6039.0,2320989.0,0.007894736842105177,0.007863736460214451,383.8,395.905,389.3893247877683,400.7647033831006,41.33537215653913,-11.375378595332279,-12.322800905373075,18.46401655691467,395.905,13.801734254120595,423.50846850824115,368.3015314917588,4000076.0
JFL,2022-06-07,381.0,386.0,375.0,375.0,-2.09 %,6071.0,2311353.6,-0.02088772845953002,-0.021108963210235168,382.2,395.30499999999995,387.17558251272703,398.85620683620425,38.494724145516344,-11.680624323477218,-12.194365588993906,17.93087251713505,395.30499999999995,14.45462865223451,424.21425730446896,366.39574269553094,3994005.0
JFL,2022-06-08,382.5,397.0,375.1,392.0,4.53 %,6035.0,2342178.8,0.045333333333333226,0.04433581382005162,382.8,395.145,387.9178005876921,398.34833966315205,46.85302067168547,-10.430539075459933,-11.841600286287113,18.221524480196834,395.145,14.473550286472628,424.09210057294524,366.1978994270547,4000040.0
JFL,2022-06-09,392.0,399.8,379.0,385.0,-1.79 %,7106.0,2772975.5,-0.017857142857142905,-0.018018505502678365,383.0,393.895,387.46890818958565,397.35957376217783,44.1900655253151,-9.890665572592184,-11.451413343548127,18.40570130303992,393.895,14.200054670031987,422.29510934006396,365.494890659936,3992934.0
JFL,2022-06-10,378.0,382.0,375.3,375.4,-2.49 %,2952.0,1113514.9,-0.024935064935065032,-0.02525121013537588,382.08,391.115,385.61215308349557,395.7329386686832,40.767889376886984,-10.120785585187605,-11.185287791876023,17.783865495679926,391.115,11.79184709428775,414.69869418857553,367.5313058114245,3989982.0
JFL,2022-06-13,370.0,377.0,370.0,371.0,-1.17 %,1378.0,512358.6,-0.01172083111347888,-0.011790061544973229,379.67999999999995,388.315,383.3641295321886,393.9008691376696,39.26692383731684,-10.536739605480989,-11.055578154597017,17.013589388845645,388.315,9.182321401264629,406.67964280252926,369.95035719747074,3988604.0
JFL,2022-06-14,377.9,377.9,363.7,365.0,-1.62 %,3111.0,1138924.5,-0.016172506738544423,-0.016304709024943582,377.67999999999995,386.815,380.5388788349288,391.76006401636073,37.2527625914111,-11.221185181431906,-11.088699559963995,16.812618718213812,386.815,10.402139203083996,407.619278406168,366.010721593832,3985493.0
JFL,2022-06-15,358.0,372.3,352.0,355.0,-2.74 %,5940.0,2118410.5,-0.0273972602739726,-0.027779564107075706,370.28,384.21500000000003,376.60982055263213,389.0370963114451,34.1121797081522,-12.427275758812982,-11.356414799733793,17.06171738119854,384.21500000000003,11.529014884666868,407.2730297693338,361.1569702306663,3979553.0
JFL,2022-06-16,348.0,378.0,348.0,357.0,0.56 %,5005.0,1816609.0,0.005633802816901401,0.005617992304223274,364.67999999999995,382.46500000000003,373.5929250829964,386.6639780661529,35.28722997035656,-13.071052983156505,-11.699342436418336,17.985880425398648,382.46500000000003,12.864159718516655,408.1933194370333,356.73668056296674,3984558.0
JFL,2022-06-17,364.1,371.3,350.0,350.0,-1.96 %,2949.0,1045958.3,-0.019607843137254943,-0.019802627296179754,359.6,380.315,369.96324430099696,383.94812783903046,33.064599337021235,-13.9848835380335,-12.15645065674137,18.22260325215589,380.315,14.500064428181245,409.3151288563625,351.3148711436375,3981609.0
JFL,2022-06-19,351.0,353.0,343.0,343.0,-2.00 %,6599.0,2290623.0,-0.020000000000000018,-0.020202707317519466,354.0,378.21500000000003,365.81505287007434,380.91493318428746,30.964234408968892,-15.099880314213124,-12.745136588235722,17.63527444843047,378.21500000000003,16.66551039849862,411.54602079699725,344.8839792030028,3975010.0
JFL,2022-06-20,337.0,338.0,330.0,336.0,-2.04 %,3444.0,1146811.0,-0.020408163265306145,-0.020619287202735703,348.2,375.17,361.22812165929366,377.5879010965625,28.981617537380913,-16.359779437268855,-13.46806515804235,17.30418341639972,375.17,18.531029454187046,412.2320589083741,338.10794109162595,3971566.0
JFL,2022-06-21,340.0,355.9,340.0,353.0,5.06 %,4390.0,1532766.0,0.05059523809523814,0.04935689697009257,347.8,372.87,359.9622567886331,375.76657508940974,39.168525034420156,-15.804318300776629,-13.935315786589207,17.489598886656882,372.87,18.270514065315776,409.41102813063156,336.32897186936844,3975956.0
JFL,2022-06-22,346.0,354.0,340.0,346.0,-1.98 %,4708.0,1630719.0,-0.019830028328611915,-0.020029281875572527,345.6,370.22,357.8142172826895,373.5616436013053,36.82612324862469,-15.747426318615794,-14.297737892994526,17.240341823324247,370.22,18.12412175731743,406.4682435146349,333.9717564853652,3971248.0
JFL,2022-06-23,340.0,340.0,319.0,325.3,-5.98 %,7898.0,2563429.1,-0.05982658959537568,-0.06169094157841844,340.66,366.735,352.8120300084296,369.9867070382457,30.93462198717397,-17.17467702981611,-14.873125720358843,17.937460264515373,366.735,19.737815028661498,406.210630057323,327.25936994267704,3963350.0
JFL,2022-06-24,319.0,335.9,305.0,326.0,0.22 %,7144.0,2283621.1,0.0021518598217029616,0.0021495478874017904,337.26000000000005,363.685,348.687102314825,366.7284324428201,31.33467709249021,-18.04133012799514,-15.506766601886103,18.863355959907132,363.685,21.107077261589698,405.8991545231794,321.4708454768206,3970494.0
JFL,2022-06-26,332.0,350.0,332.0,347.3,6.53 %,12685.0,4355431.6,0.06533742331288339,0.06329157838332065,339.52000000000004,361.9,348.47370195869803,365.28928929890753,42.28897311700369,-16.815587340209504,-15.768530749550784,19.230259105628054,361.9,20.89615930463339,403.69231860926675,320.1076813907332,3983179.0
JFL,2022-06-27,354.0,360.0,336.2,341.0,-1.81 %,8746.0,3026779.9,-0.018139936654189448,-0.018306482466511533,337.12,359.5,347.32390165735984,363.4900826841736,40.24397233923075,-16.166181026813774,-15.848060805003382,19.556669169511764,359.5,20.369662684864217,400.2393253697284,318.7606746302716,3974433.0
JFL,2022-06-28,334.2,343.0,329.3,335.0,-1.76 %,4946.0,1642891.2,-0.017595307917888547,-0.01775194545845034,334.92,357.05,345.4279167869968,361.37970618904967,38.34228250441794,-15.951789402052896,-15.868806524413285,19.13833565740378,357.05,20.2139738013713,397.47794760274263,316.6220523972574,3969487.0
JFL,2022-06-29,335.0,344.0,333.0,343.0,2.39 %,7147.0,2443614.7,0.023880597014925398,0.023599915340873506,338.46000000000004,355.2,345.0543911274588,360.01824647134225,42.26005006618834,-14.963855343883438,-15.687816288307317,18.557025967589222,355.2,19.689350581373034,394.57870116274603,315.82129883725395,3976634.0
JFL,2022-06-30,349.8,375.0,347.0,371.5,8.31 %,15767.0,5727296.1,0.08309037900874627,0.07981841699187386,347.56000000000006,354.625,349.12294633861904,360.86874673272433,53.57688658978696,-11.745800394105288,-14.899413109466913,19.517238398475705,354.625,18.990271054865673,392.60554210973135,316.64445789026865,3992401.0
JFL,2022-07-01,378.7,382.0,365.0,376.0,1.21 %,10480.0,3912182.9,0.01211305518169592,0.012040279232080751,353.3,354.675,353.2578776711392,361.9895803080781,55.07414688930941,-8.731702636938849,-13.6658710149613,19.337435655727443,354.675,19.047969224549217,392.7709384490984,316.5790615509016,4002881.0
JFL,2022-07-03,368.5,396.0,363.0,387.0,2.93 %,11142.0,4288590.4,0.0292553191489362,0.02883554963988732,362.5,354.425,358.4489734140409,363.8422039889612,58.59001797414947,-5.393230574920324,-12.011342926953105,20.31333310888977,354.425,18.558836028621773,391.5426720572436,317.30732794275644,4014023.0
JFL,2022-07-04,394.0,405.0,365.0,383.0,-1.03 %,33018.0,13049347.6,-0.01033591731266148,-0.010389703849135798,372.1,354.325,362.22605442726535,365.26129998977893,56.847800888503826,-3.0352455625135804,-10.216123454065201,21.71952360111193,354.325,18.390039495118184,391.10507899023634,317.54492100976364,3981005.0
JFL,2022-07-05,377.0,390.0,364.0,370.0,-3.39 %,24516.0,9212400.2,-0.03394255874673624,-0.034531983542375806,377.5,354.05499999999995,363.4220460538399,365.6123148053509,51.48907244184298,-2.1902687515109847,-8.61095251355436,22.02527191531822,354.05499999999995,18.101714806829683,390.2584296136593,317.8515703863406,3956489.0
JFL,2022-07-06,365.0,383.0,357.7,373.0,0.81 %,14097.0,5182678.5,0.008108108108108025,0.008075414005545331,377.8,354.155,364.89557743017224,366.15955074569524,52.59950838876623,-1.2639733155230033,-7.141556673948088,22.259181064224062,354.155,18.205478498761007,390.565956997522,317.74404300247795,3970586.0
JFL,2022-07-07,378.0,390.0,370.1,380.0,1.88 %,11431.0,4337083.8,0.018766756032171594,0.018592833076615925,378.6,354.905,367.21933474860725,367.18476920897706,55.17766827992623,0.0345655396301936,-5.706332231232432,22.0906681310652,354.905,18.968740906538144,392.84248181307623,316.9675181869237,3982017.0
JFL,2022-07-08,372.5,378.0,364.1,365.0,-3.95 %,4222.0,1559925.0,-0.03947368421052633,-0.04027389913793996,374.2,355.405,366.87789863343687,367.0229344527565,49.02425723533448,-0.14503581931961662,-4.5940729488498695,21.648477550274826,355.405,19.102699588785146,393.6103991775703,317.19960082242966,3977795.0
JFL,2022-07-11,357.7,357.7,340.0,341.1,-6.55 %,10472.0,3638512.5,-0.06547945205479444,-0.06772166415789137,365.82,354.61,362.91206807444655,365.1027170858856,41.14993685051199,-2.1906490114390635,-4.113388161367709,21.88787201096948,354.61,19.361924110572918,393.33384822114584,315.8861517788542,3967323.0
JFL,2022-07-12,347.9,354.0,335.0,339.0,-0.62 %,10877.0,3716350.7,-0.006156552330694898,-0.006175582044149874,359.62,354.06,359.2332883706855,363.1691824869311,40.533872283864326,-3.9358941162456063,-4.077889352343289,21.681595438757377,354.06,19.653803703111226,393.3676074062225,314.75239259377753,3956446.0
JFL,2022-07-13,345.7,365.0,345.7,364.7,7.58 %,7537.0,2686118.7,0.07581120943952802,0.07307499043418428,357.96,355.145,360.0743209290416,363.2825763767881,50.33367995134647,-3.208255447746467,-3.9039625714239246,21.990052907417564,355.145,19.610026302363107,394.3650526047262,315.92494739527376,3963983.0
JFL,2022-07-14,369.0,375.5,360.0,370.0,1.45 %,9731.0,3587037.3,0.01453249245955579,0.01442790782363558,355.96,356.84499999999997,361.6013484784198,363.7801633118408,52.087262861395466,-2.1788148334209723,-3.558933023823334,21.52647769974488,356.84499999999997,19.33479206536618,395.5145841307323,318.1754158692676,3973714.0
JFL,2022-07-15,363.0,375.0,363.0,372.0,0.54 %,6495.0,2410824.7,0.00540540540540535,0.005390848634876373,357.36,357.79499999999996,363.20114102020136,364.3890401035563,52.76500887050126,-1.187899083354921,-3.0847262357296517,20.84601500690596,357.79499999999996,19.600872026798818,396.9967440535976,318.59325594640234,3980209.0
JFL,2022-07-17,365.0,380.0,365.0,368.0,-1.08 %,6865.0,2549071.5,-0.010752688172043001,-0.010810916104215617,362.74,358.895,363.93942701709346,364.6565186144039,51.204944332811856,-0.717091597310457,-2.611199308045813,20.42844250641268,358.895,19.52125629586467,397.93751259172933,319.85248740827063,3973344.0
JFL,2022-07-18,365.0,380.0,363.0,375.0,1.90 %,9483.0,3558937.9,0.01902173913043481,0.018843087801479915,369.94,361.38,365.6410536298483,365.4227024207444,53.78035161037399,0.2183512091039006,-2.0452892046158704,20.183553755954634,361.38,18.133644218192515,397.647288436385,325.112711563615,3982827.0
JFL,2022-07-19,375.2,390.9,375.2,387.0,3.20 %,16735.0,6474368.5,0.03200000000000003,0.031498667059371016,374.4,364.43,368.92704537910237,367.0210207599485,57.884128850651045,1.9060246191538681,-1.2550264398619229,19.8775856305293,364.43,16.96178677282305,398.3535735456461,330.5064264543539,3999562.0
JFL,2022-07-20,380.0,408.0,380.0,400.0,3.36 %,23614.0,9354125.9,0.03359173126614978,0.03303985407820009,380.4,367.065,373.7074999361636,369.4639081110634,61.837278612578096,4.243591825100168,-0.15530278686950472,20.457758085491495,367.065,18.208247841955465,403.4814956839109,330.6485043160891,4023176.0
JFL,2022-07-21,395.0,402.0,390.0,391.0,-2.25 %,9706.0,3835970.4,-0.022499999999999964,-0.02275698712261618,384.2,369.565,376.3678845613691,371.0591741769106,57.79286516612088,5.30871038445855,0.9374998473961063,19.85363250795639,369.565,17.87053661611069,405.30607323222137,333.82392676777863,4013470.0
JFL,2022-07-22,391.0,391.0,378.3,380.0,-2.81 %,8167.0,3120364.1,-0.02813299232736577,-0.02853630726493436,386.6,371.815,376.9266715519277,371.7214575712135,53.21197951099646,5.205213980714234,1.7910426740597318,19.342658757388076,371.815,16.02738692299295,403.8697738459859,339.7602261540141,4005303.0
JFL,2022-07-24,387.6,406.9,381.0,406.0,6.84 %,19173.0,7591567.9,0.06842105263157894,0.06618190688130118,392.8,374.96500000000003,381.39949131316956,374.26060886223473,61.067167350082045,7.13888245093483,2.8606106294347518,19.88246884614607,374.96500000000003,16.255404769211236,407.4758095384225,342.4541904615776,4024476.0
JFL,2022-07-25,410.0,444.9,410.0,442.9,9.09 %,54249.0,23317716.3,0.09088669950738915,0.08699085132741985,403.98,378.53499999999997,390.86110803422036,379.3450082057729,69.01736543314279,11.516099828447466,4.591708469237295,21.24086392856421,378.53499999999997,22.205719391286763,422.9464387825735,334.1235612174264,4078725.0
JFL,2022-07-26,450.0,460.0,423.2,425.2,-4.00 %,46091.0,20146154.6,-0.039963874463761595,-0.04078436446135967,409.02,380.995,396.14401449049416,382.7416742646045,62.43171334503158,13.402340225889645,6.353834820567766,22.352230790809624,380.995,24.5152471353159,430.0254942706318,331.9645057293682,4032634.0
JFL,2022-07-27,425.0,467.7,417.0,467.7,10.00 %,111791.0,50610159.6,0.09995296331138293,0.0952674182640477,424.36,385.03000000000003,407.15262764580274,389.03488357833754,69.86679963138178,18.117744067465196,8.706616669947252,24.377071448608937,385.03000000000003,31.26711910046151,447.56423820092306,322.495761799077,4144425.0
JFL,2022-07-28,477.0,505.0,460.6,485.0,3.70 %,53133.0,25942840.3,0.03698952319863169,0.036321826205642754,445.36,390.13,419.1291464695254,396.14341072068294,72.2723759376658,22.985735748842444,11.562440485726292,25.807280630851157,390.13,38.419226272385366,466.96845254477074,313.29154745522925,4197558.0
JFL,2022-07-29,485.0,527.0,482.0,498.0,2.68 %,29375.0,14575932.5,0.02680412371134011,0.026451186087169634,463.76000000000005,396.53000000000003,431.2631239357522,403.68834325989155,73.95497480608611,27.574780675860666,14.764908523753167,27.178189157218934,396.53000000000003,44.98901737325269,486.5080347465054,306.55196525349464,4226933.0
JFL,2022-07-31,507.9,507.9,483.0,487.0,-2.21 %,90071.0,44250860.5,-0.02208835341365467,-0.022335953942063187,472.5799999999999,402.23,439.83802794563655,409.8595770924922,70.07977034284778,29.978450853144352,17.807616989631406,27.015461360274724,402.23,48.90247114626024,500.0349422925205,304.42505770747954,4136862.0
JFL,2022-08-01,487.0,493.5,477.1,482.0,-1.03 %,38895.0,18866494.2,-0.010266940451745366,-0.010320009031989472,483.93999999999994,407.33000000000004,446.3244851847694,415.20331212267797,68.32717089782311,31.12117306209143,20.470328204123412,26.2572141202551,407.33000000000004,51.7007899766609,510.73157995332184,303.92842004667824,4097967.0
JFL,2022-08-02,474.0,495.0,471.0,483.5,0.31 %,17299.0,8364625.8,0.003112033195020736,0.0031072008427487003,487.1,413.255,452.0437951563433,420.26232603951667,68.58102718258867,31.781469116826656,22.73255638666406,26.09598454023688,413.255,53.35797158418977,519.9709431683796,306.5390568316204,4115266.0
JFL,2022-08-03,493.0,498.0,476.1,483.0,-0.10 %,28819.0,14125742.9,-0.0010341261633919352,-0.0010346612407763304,486.7,420.35,456.80628820921356,424.90956114770063,68.38427446662963,31.896727061512934,24.565390521633837,25.79627135879139,420.35,52.68857361396224,525.7271472279245,314.97285277207556,4086447.0
JFL,2022-08-04,473.4,487.0,466.0,474.0,-1.86 %,36234.0,17235987.3,-0.018633540372670843,-0.018809331957496227,481.9,427.1,459.4514746385653,428.5458899515746,64.7815953889434,30.905584686990665,25.833429354705206,25.45368054744915,427.1,50.312120544501234,527.7242410890025,326.47575891099757,4050213.0
JFL,2022-08-05,482.8,482.8,447.0,455.0,-4.01 %,33073.0,15252832.7,-0.04008438818565396,-0.04090990274412603,475.5,431.61499999999995,458.7666323864783,430.5054536588654,57.85234754673509,28.2611787276129,26.318979229286747,26.192703365488498,431.61499999999995,48.43434269845908,528.4836853969181,334.74631460308177,4017140.0
JFL,2022-08-07,455.0,464.0,448.0,464.0,1.98 %,25851.0,11769824.4,0.01978021978021971,0.01958713327530478,471.9,436.31499999999994,459.57176586548167,432.98653116561616,60.033110198891634,26.58523469986551,26.3722303234025,25.46465312509646,436.31499999999994,46.66927621150179,529.6535524230035,342.97644757699635,4042991.0
JFL,2022-08-08,469.2,472.0,444.0,444.0,-4.31 %,18160.0,8290708.1,-0.0431034482758621,-0.044059989794030543,464.0,439.91499999999996,457.1761095784845,433.80234367186677,53.41857300862485,23.373765906617734,25.772537440045546,25.645749330446716,439.91499999999996,44.15632844910722,528.2276568982144,351.60234310178555,4024831.0
JFL,2022-08-09,440.0,459.0,425.0,426.0,-4.05 %,27767.0,12172314.3,-0.04054054054054057,-0.041385216162854364,452.6,442.81499999999994,452.3797850279484,433.2243922887655,48.26435999445835,19.1553927391829,24.449108499873017,26.242481521129093,442.81499999999994,40.97464267208961,524.7642853441791,360.86571465582074,3997064.0
JFL,2022-08-10,417.7,438.0,417.6,428.0,0.47 %,19167.0,8137050.2,0.0046948356807512415,0.0046838493124264375,443.4,445.465,448.6290488698025,432.8374002673755,48.85485559150016,15.791648602427017,22.71761652038382,25.825161412477016,445.465,37.960967141472366,521.3869342829447,369.54306571705524,4016231.0
JFL,2022-08-11,436.0,436.5,414.0,419.0,-2.10 %,8749.0,3681771.3,-0.0210280373831776,-0.021252275659659092,436.2,447.06499999999994,444.07073365906365,431.8124076549773,46.294203078859965,12.25832600408637,20.62575841712433,25.58764988301437,447.06499999999994,35.99028048617896,519.0455609723579,375.084439027642,4007482.0
JFL,2022-08-14,412.0,420.2,398.3,399.0,-4.77 %,11619.0,4753536.3,-0.04773269689737469,-0.04890950303227427,423.2,447.015,437.13677463459237,429.38185893979374,41.13453593877297,7.754915694798626,18.051589872659193,25.324246319941917,447.015,36.05973516264575,519.1344703252914,374.8955296747085,3995863.0
JFL,2022-08-15,406.0,433.0,398.8,433.0,8.52 %,32920.0,13798223.3,0.08521303258145374,0.08177631111262648,421.0,449.11499999999995,436.500347767732,429.64986938869794,51.11029772925834,6.850478379034087,15.811367573934172,25.95822872566035,449.11499999999995,33.77660783504242,516.6682156700848,381.5617843299151,4028783.0
JFL,2022-08-16,441.6,449.8,416.0,416.0,-3.93 %,26648.0,11591738.5,-0.03926096997690531,-0.04005246774122657,419.0,450.91499999999996,433.3464481111579,428.63876795249814,46.836403909142895,4.707680158659741,13.590630090879285,26.518355245256043,450.91499999999996,30.720510463825836,512.3560209276517,389.4739790723483,4002135.0
JFL,2022-08-17,419.0,428.0,410.0,417.0,0.24 %,13723.0,5769315.6,0.0024038461538462563,0.002400961537538268,416.8,451.465,430.83160994021057,427.7766369930538,47.116541204421466,3.0549729471567844,11.483498662134785,25.909901299166325,451.465,29.963192771344776,511.39138554268953,391.5386144573104,4015858.0
JFL,2022-08-18,425.3,435.0,419.0,427.0,2.40 %,19214.0,8248710.8,0.023980815347721895,0.023697791429823176,418.4,450.66999999999996,430.24213148787044,427.7191083269016,49.95635707378498,2.523023160968819,9.691403561901593,25.34490834922587,450.66999999999996,30.41000700946858,511.49001401893713,389.8499859810628,4035072.0
JFL,2022-08-21,435.5,444.0,417.5,422.0,-1.17 %,14272.0,6111151.1,-0.011709601873536313,-0.011778699192612763,423.0,450.50999999999993,428.9741112589673,427.295470673057,48.552456896363324,1.6786405859102729,8.08885096670333,25.427414895709738,450.50999999999993,30.55912130178126,511.62824260356246,389.3917573964374,4020800.0
JFL,2022-08-22,414.0,426.4,414.0,420.0,-0.47 %,9939.0,4190710.5,-0.004739336492891044,-0.004750602758597865,420.4,448.125,427.5934787575877,426.7550654380157,47.971725266965905,0.8384133195719983,6.638763437277064,24.496885260301898,448.125,31.005039912893945,510.1350798257879,386.1149201742121,4010861.0
JFL,2022-08-23,414.0,429.9,414.0,418.9,-0.26 %,4847.0,2032212.3,-0.002619047619047632,-0.002622483324424815,420.98,444.82000000000005,426.2560204871896,426.17320873890344,47.634258468835455,0.08281174828613302,5.327573099478878,23.882822027423188,444.82000000000005,30.384216816944697,505.58843363388945,384.05156636611065,4006014.0
JFL,2022-08-24,427.0,430.0,419.0,420.0,0.26 %,6175.0,2603158.4,0.002625925041776167,0.0026224833244248885,421.58000000000004,440.9200000000001,425.29355579685273,425.7159340175032,48.027989742064406,-0.42237822065044384,4.177582835453014,22.969763311178678,440.9200000000001,28.120541284005064,497.1610825680102,384.67891743198993,4012189.0
JFL,2022-08-25,428.4,428.4,410.0,410.0,-2.38 %,10933.0,4558821.0,-0.023809523809523836,-0.02409755157906053,418.18,437.07000000000005,422.9407010588754,424.5517907569474,44.73498788148038,-1.6110896980720213,3.0198483287480067,22.643351646094487,437.07000000000005,26.715619322592097,490.50123864518423,383.63876135481587,4001256.0
JFL,2022-08-26,401.9,405.0,395.1,403.5,-1.59 %,13629.0,5456021.3,-0.01585365853658538,-0.015980671988350015,414.48,433.1450000000001,419.9498239728946,422.99239884902534,42.686262546034015,-3.042574876130743,1.807363687772257,22.09025509994488,433.1450000000001,25.506335126378755,484.1576702527576,382.1323297472426,3987627.0
JFL,2022-08-28,395.5,408.0,387.5,391.0,-3.10 %,23075.0,9064316.1,-0.030978934324659257,-0.031468927724637746,408.68,428.52,415.49600490014154,420.62259152687534,38.9883813118523,-5.126586626733797,0.4205736248710463,21.97666544994882,428.52,24.250504064217534,477.021008128435,380.01899187156494,3964552.0
JFL,2022-08-29,383.2,405.0,383.2,397.5,1.66 %,9390.0,3715687.6,0.01662404092071612,0.01648737410902083,404.4,424.245,412.7273887616582,418.90980696932905,41.81125747489543,-6.182418207670878,-0.9000247416373387,21.96404648923819,424.245,21.523927322137208,467.2928546442744,381.1971453557256,3973942.0
JFL,2022-08-30,398.0,405.4,393.5,395.0,-0.63 %,6801.0,2707054.3,-0.0062893081761006275,-0.006309169193264721,399.4,420.29499999999996,410.00009818294154,417.13871015678615,41.02504544348649,-7.138611973844604,-2.1477421880787917,21.245186025721175,420.29499999999996,19.015187143583393,458.32537428716677,382.26462571283315,3967141.0
JFL,2022-08-31,394.0,394.0,381.0,385.0,-2.53 %,7919.0,3057455.6,-0.025316455696202556,-0.02564243061333767,394.4,416.79499999999996,406.15392923171976,414.75806495998717,37.95097334010011,-8.604135728267408,-3.4390208961165154,20.727672738169662,416.79499999999996,18.731158252332698,454.25731650466537,379.33268349533455,3959222.0
JFL,2022-09-01,391.0,396.0,379.0,389.9,1.27 %,4960.0,1903385.5,0.012727272727272698,0.01264696170076739,391.67999999999995,413.09,403.6533247345321,412.9167268148029,40.311120947531926,-9.26340208027085,-4.603897132947383,20.461410399728972,413.09,16.037387239632988,445.16477447926593,381.015225520734,3964182.0
JFL,2022-09-02,382.2,403.0,382.2,390.0,0.03 %,4954.0,1957033.7,0.00025647601949230214,0.0002564431351405931,391.48,410.39,401.55281323691173,411.21919149518794,40.36097762215305,-9.666378258276211,-5.616393358013148,20.485595371176906,410.39,15.076433335027572,440.5428666700551,380.23713332994487,3969136.0
JFL,2022-09-04,397.8,402.9,390.0,391.0,0.26 %,7493.0,2947664.4,0.002564102564102555,0.0025608208616736505,390.18,408.64,399.92930350815607,409.72147360665554,40.892664513963325,-9.792170098499469,-6.451548706110413,19.943767130378557,408.64,15.199944598245965,439.0398891964919,378.24011080350806,3976629.0
JFL,2022-09-05,395.0,395.0,390.2,391.0,0.00 %,2152.0,844610.0,0.0,0.0,389.38,406.78999999999996,398.5555645069013,408.3346977839403,40.89266451357073,-9.779133277039023,-7.117065620296135,18.862069478208664,406.78999999999996,14.96950936158546,436.7290187231709,376.85098127682903,3976629.0
JFL,2022-09-06,388.1,388.1,381.1,385.0,-1.53 %,6127.0,2355365.2,-0.01534526854219953,-0.01546422569758159,389.38,405.09,396.4700930443011,406.6062016517966,38.50401685115019,-10.136108607495487,-7.7208742177360055,18.221921658336615,405.09,15.433316660983113,435.9566333219662,374.22336667803376,3970502.0
JFL,2022-09-07,385.0,385.0,378.0,383.0,-0.52 %,3850.0,1461626.0,-0.0051948051948051965,-0.005208345107138235,388.0,404.28999999999996,394.39777103748554,404.8575941220339,37.71322214672221,-10.459823084548361,-8.268663991098476,17.420355825598286,404.28999999999996,16.163047524011198,436.6160950480224,371.96390495197755,3966652.0
JFL,2022-09-08,382.0,393.0,382.0,389.0,1.57 %,4029.0,1567805.9,0.015665796344647598,0.015544354437800379,387.8,402.09,393.56734472402627,403.68295752040177,41.58899511379743,-10.115612796375501,-8.638053752153882,16.961758980912695,402.09,15.002382266976928,432.0947645339538,372.08523546604613,3970681.0
JFL,2022-09-11,382.0,391.0,382.0,383.0,-1.54 %,3372.0,1302445.3,-0.015424164524421635,-0.015544354437800344,386.2,400.43999999999994,391.94159938186834,402.15088659296464,38.97709471255191,-10.209287211096296,-8.952300443942365,16.393061910847504,400.43999999999994,15.205345320514356,430.8506906410287,370.0293093589712,3967309.0
JFL,2022-09-12,381.0,381.0,375.4,378.0,-1.31 %,3936.0,1485157.5,-0.01305483028720622,-0.013140793561058255,383.6,398.48999999999995,389.79673793850395,400.36193203052284,36.89750063744204,-10.565194092018885,-9.274879173557668,15.764986060072683,398.48999999999995,15.468334377733017,429.426668755466,367.5533312445339,3963373.0
JFL,2022-09-13,384.0,397.0,382.0,386.0,2.12 %,6425.0,2494567.6,0.021164021164021163,0.020943173845243173,383.8,396.43999999999994,389.2126244095033,399.2980852134471,42.21030893740862,-10.085460803943818,-9.436995499634898,15.996058484353206,396.43999999999994,14.151897771204634,424.7437955424092,368.1362044575907,3969798.0
JFL,2022-09-14,392.9,410.0,390.0,410.0,6.22 %,17047.0,6846415.8,0.06217616580310881,0.06031979023352262,389.2,395.84,392.4106821926566,400.09081964208065,54.56817995695863,-7.6801374494240235,-9.085623889592725,16.567768592613692,395.84,13.235931955746633,422.3118639114932,369.36813608850673,3986845.0
JFL,2022-09-15,414.0,415.0,381.0,383.1,-6.56 %,18383.0,7218512.0,-0.06560975609756092,-0.06786110799175013,388.02,393.995,390.9782695476325,398.83224040933396,43.372848578818704,-7.853970861701441,-8.839293284014468,17.812927978855573,393.995,12.224069225154574,418.44313845030916,369.54686154969085,3968462.0
JFL,2022-09-16,375.5,383.5,368.0,376.0,-1.85 %,3935.0,1470175.7,-0.01853302009919089,-0.018706908316708862,386.62,391.85,388.6739203864583,397.14096334197586,40.98288769783662,-8.46704295551757,-8.76484321831509,17.647718837508748,391.85,11.357052063773976,414.564104127548,369.13589587245207,3964527.0
JFL,2022-09-18,375.0,376.0,358.0,358.0,-4.79 %,10160.0,3748221.4,-0.0478723404255319,-0.049056156989194195,382.62,388.75,383.95485571161856,394.2416327240517,35.62357403880746,-10.286777012433163,-9.069229977138704,17.672881777686694,388.75,11.724625456943103,412.1992509138862,365.3007490861138,3954367.0
JFL,2022-09-20,355.0,357.0,348.0,351.8,-1.73 %,6095.0,2140755.8,-0.017318435754189898,-0.017470154097242462,375.78000000000003,385.84000000000003,379.007954832908,391.0978080778257,33.97550135499938,-12.089853244917663,-9.673354630694496,17.124818793566217,385.84000000000003,13.290772422221796,412.42154484444364,359.2584551555564,3948272.0
JFL,2022-09-21,358.8,371.0,355.0,360.0,2.33 %,5532.0,1991534.7,0.023308698123934102,0.023041199146697937,365.78000000000003,383.665,376.0836540893837,388.7942667387275,38.0571613248409,-12.71061264934383,-10.280806234424363,17.2730460225972,383.665,13.798294135616267,411.26158827123254,356.0684117287675,3953804.0
JFL,2022-09-22,360.0,360.0,350.0,353.0,-1.94 %,3342.0,1177919.1,-0.019444444444444486,-0.019635974516858962,359.76000000000005,381.765,372.532322691017,386.14283957289587,36.010572461227724,-13.61051688187888,-10.946748363915265,16.75354273526883,381.765,15.272619979983396,412.3102399599668,351.2197600400332,3950462.0
JFL,2022-09-25,348.0,353.0,345.0,349.5,-0.99 %,6841.0,2390059.0,-0.009915014164305958,-0.009964495259431829,354.46000000000004,379.365,368.9888884308605,383.42855516008876,34.99717028222034,-14.439666729228236,-11.64533203697786,16.128289682749628,379.365,16.399687898196678,412.16437579639336,346.56562420360666,3943621.0
JFL,2022-09-27,349.5,362.0,349.0,354.0,1.29 %,4423.0,1556838.9,0.012875536480686733,0.012793351459909542,353.66,377.315,366.6829055953435,381.2486621852674,37.43504885771673,-14.565756589923865,-12.229416947567062,15.904840419696084,377.315,16.897407929537962,411.1098158590759,343.5201841409241,3948044.0
JFL,2022-09-28,350.0,355.0,349.0,351.0,-0.85 %,2701.0,945484.0,-0.008474576271186418,-0.00851068966790862,353.5,375.615,364.2701508883676,379.0080205419143,36.453498805270776,-14.737869653546682,-12.731107488762987,15.197351818289222,375.615,17.77127413020523,411.15754826041046,340.07245173958955,3945343.0
JFL,2022-09-29,351.1,355.0,350.0,355.0,1.14 %,1970.0,695528.0,0.01139601139601143,0.011331566009550018,352.5,373.87,362.84397382861874,377.22964864992065,38.7591759365606,-14.385674821301905,-13.062020955270771,14.468969545554279,373.87,18.006668355460388,409.8833367109208,337.8566632890792,3947313.0
JFL,2022-10-09,362.1,369.0,358.8,369.0,3.94 %,6170.0,2247537.2,0.03943661971830981,0.03867885456511134,355.7,372.82,363.791054778062,376.6200450462228,46.126872995909814,-12.828990268160794,-13.015414817848777,14.435471720871831,372.82,17.624821014406287,408.06964202881255,337.57035797118743,3953483.0
JFL,2022-10-10,375.9,375.9,360.0,360.0,-2.44 %,8347.0,3056456.7,-0.024390243902439046,-0.02469261259037152,357.8,371.27,363.2078155814371,375.3889305983545,42.580377601934494,-12.181115016917374,-12.848554857662497,14.5400808836667,371.27,17.30202604504878,405.87405209009756,336.6659479099024,3945136.0
JFL,2022-10-11,355.1,355.1,350.0,352.0,-2.22 %,10056.0,3536986.0,-0.022222222222222254,-0.02247285585205863,357.4,369.32,361.48353626121605,373.6564172206986,39.66130719036959,-12.17288095948254,-12.713420078026505,14.215789391976221,369.32,17.158474965983686,403.63694993196737,335.0030500680326,3935080.0
JFL,2022-10-12,355.0,363.0,348.0,362.5,2.98 %,4876.0,1726942.0,0.029829545454545414,0.029393298696632337,359.7,368.195,361.63991529795203,372.8300159450913,44.99156647680053,-11.190100647139275,-12.408756191849061,14.27180443540649,368.195,16.8103813476384,401.8157626952768,334.57423730472317,3939956.0
JFL,2022-10-13,369.0,371.9,356.0,370.0,0.70 %,7028.0,2582229.9,0.020689655172413834,0.0204785313435407,362.7,367.54499999999996,362.9260821751902,372.6203851343438,48.49171275510473,-9.694302959153617,-11.865865545309973,14.388104118591741,367.54499999999996,16.455377460539168,400.4557549210783,334.6342450789216,3946984.0
JFL,2022-10-16,369.9,369.9,357.0,363.0,-1.89 %,2669.0,972321.5,-0.018918918918918948,-0.019100171373419378,361.5,366.245,362.93745414823786,371.9077640132813,45.57682115724769,-8.970309865043419,-11.286754409256663,14.288953824406617,366.245,15.679939413161113,397.60487882632225,334.88512117367776,3944315.0
JFL,2022-10-17,363.0,363.0,355.8,355.8,-1.98 %,1480.0,531321.0,-0.01983471074380161,-0.020034059033115965,360.65999999999997,364.885,361.8393842792782,370.7145963085938,42.731556086627045,-8.875212029315605,-10.804445933268452,13.782599979806145,364.885,15.325804692546866,395.5366093850937,334.2333906149063,3942835.0
JFL,2022-10-19,351.0,351.0,340.4,343.0,-3.60 %,4303.0,1480573.2,-0.03597526700393483,-0.03663832806579489,358.86,363.13500000000005,358.94101746708156,368.66166324869795,38.16953088487745,-9.720645781616383,-10.587685902938038,13.898128552677136,363.13500000000005,15.742041431195167,394.61908286239037,331.6509171376097,3938532.0
JFL,2022-10-20,348.9,349.0,338.2,346.8,1.11 %,3014.0,1034970.7,0.011078717201166155,0.011017797740446846,355.71999999999997,361.17500000000007,357.07316862599214,367.0422807858314,40.21029901607805,-9.969112159839256,-10.463971154318282,13.676833656057342,361.17500000000007,15.17549530971412,391.5259906194283,330.82400938057185,3941546.0
JFL,2022-10-23,345.0,350.0,345.0,350.0,0.92 %,1495.0,521381.0,0.009227220299884653,0.00918490957707257,351.71999999999997,358.175,355.98498883737795,365.77988961651056,41.94793911172999,-9.794900779132604,-10.330157079281147,13.057059823481818,358.175,10.095901982613176,378.3668039652264,337.98319603477364,3943041.0
JFL,2022-10-31,350.4,350.4,340.0,350.0,0.00 %,2010.0,694191.6,0.0,0.0,349.12,356.52000000000004,355.0642213239352,364.61100890417646,41.947939111319705,-9.546787580241244,-10.173483179473168,12.86726983609026,356.52000000000004,8.358456165711255,373.23691233142256,339.8030876685775,3943041.0
JFL,2022-11-01,350.0,370.0,350.0,368.0,5.14 %,7298.0,2623776.3,0.05142857142857138,0.050149783685471516,351.56,356.12,357.0543411202529,364.86204528164484,51.20011964937202,-7.807704161391939,-9.700327375856922,13.376750562083814,356.12,7.527255738169249,371.1745114763385,341.0654885236615,3950339.0
JFL,2022-11-02,374.0,375.0,361.0,366.0,-0.54 %,10496.0,3876147.9,-0.005434782608695676,-0.005449604767564703,356.15999999999997,356.52000000000004,358.4305963325217,364.9463382237452,50.2419657881317,-6.515741891223513,-9.063410278930242,13.421268379077828,356.52000000000004,7.838541754850675,372.1970835097014,340.8429164902987,3939843.0
JFL,2022-11-03,358.7,367.0,349.0,355.0,-3.01 %,12400.0,4417674.2,-0.030054644808743203,-0.03051554392595049,357.8,356.68,357.90281228136456,364.20957242939375,45.2286477736467,-6.306760148029184,-8.51208025275003,13.748320637715125,356.68,7.769481456680035,372.2189629133601,341.1410370866399,3927443.0
JFL,2022-11-06,355.0,369.0,352.0,368.0,3.66 %,11506.0,4192071.0,0.036619718309859106,0.03596514869351509,361.4,357.08000000000004,359.45622577653927,364.4903448420312,51.40062942285718,-5.03411906549195,-7.816488015298415,13.980583449306902,357.08000000000004,8.14620350711777,373.3724070142356,340.7875929857645,3938949.0
JFL,2022-11-07,370.0,375.1,358.0,360.0,-2.17 %,21055.0,7791411.1,-0.021739130434782594,-0.02197890671877523,363.4,357.43,359.53988334937935,364.1577267055845,47.82879039218815,-4.617843356205128,-7.176759083479758,14.203398917213555,357.43,8.111985933783604,373.65397186756724,341.2060281324328,3917894.0
JFL,2022-11-08,352.8,367.0,352.8,359.0,-0.28 %,3993.0,1448348.0,-0.002777777777777768,-0.0027816429618768026,361.6,357.90500000000003,359.45682437255175,363.7756728755412,47.38552499017317,-4.318848502989454,-6.605176967381697,14.203156137412588,357.90500000000003,7.8985325086310505,373.70206501726216,342.1079349827379,3913901.0
JFL,2022-11-09,352.0,362.0,344.0,350.0,-2.51 %,10700.0,3738646.3,-0.02506963788300831,-0.025389234004819464,358.4,357.70500000000004,358.0019283152361,362.75525266253817,43.47990309129786,-4.753324347302055,-6.234806443365769,14.474359270454546,357.70500000000004,8.051771625935373,373.8085432518708,341.6014567481293,3903201.0
JFL,2022-11-10,343.0,357.0,335.0,338.1,-3.40 %,12352.0,4207343.0,-0.03399999999999992,-0.03459144476961897,355.02000000000004,357.06,354.9400931898152,360.9289376504983,38.912938319942434,-5.98884446068314,-6.185614046829244,15.01190503685065,357.06,9.069520964568433,375.19904192913685,338.92095807086315,3890849.0
JFL,2022-11-13,332.2,345.0,332.2,340.0,0.56 %,1673.0,564356.8,0.005619639160011847,0.005603907896366781,349.42,356.31,352.641617314459,359.3786459726836,39.996630785056475,-6.737028658224631,-6.2958969691083215,14.853911819932746,356.31,9.836607245676536,375.98321449135307,336.63678550864694,3892522.0
JFL,2022-11-14,334.0,350.0,334.0,350.0,2.94 %,3655.0,1258714.6,0.02941176470588225,0.028987536873252187,347.42,355.36,352.2352146506961,358.68393145618853,45.47880997760661,-6.448716805492438,-6.326460936385145,14.935775261366121,355.36,9.456682404823544,374.2733648096471,336.44663519035294,3896177.0
JFL,2022-11-15,344.0,355.0,340.1,343.0,-2.00 %,3688.0,1284000.5,-0.020000000000000018,-0.020202707317519466,344.22,354.51,350.81441239674285,357.5221587557301,42.548304281031726,-6.707746358987265,-6.402718020905569,14.933219885554255,354.51,9.776281717041767,374.06256343408353,334.95743656591645,3892489.0
JFL,2022-11-16,336.2,348.0,336.2,345.0,0.58 %,547.0,189210.0,0.005830903790087438,0.005813969865419816,343.22,354.15999999999997,349.91988741262855,356.59459144049083,43.6652359281107,-6.674704027862276,-6.457115222296911,14.709418465157524,354.15999999999997,9.993755945347916,374.1475118906958,334.17248810930414,3893036.0
JFL,2022-11-17,339.0,355.9,339.0,353.0,2.32 %,5462.0,1914342.9,0.023188405797101463,0.022923639901937024,346.2,353.685,350.3937508876088,356.3283254078619,48.01852048254204,-5.934574520253079,-6.352607081888145,14.865888574789128,353.685,9.800390701149539,373.2857814022991,334.0842185977009,3898498.0
JFL,2022-11-22,360.0,375.0,360.0,375.0,6.23 %,37021.0,13669584.9,0.062322946175637384,0.06045796903711404,353.2,353.935,354.1793276741305,357.71141241468695,57.699212540427716,-3.5320847405564564,-5.788502613621808,15.37546796230419,353.935,10.290019436349024,374.515038872698,333.354961127302,3935519.0
JFL,2022-11-23,367.7,396.0,367.7,396.0,5.60 %,26204.0,9999683.0,0.05600000000000005,0.054488185284069776,362.4,355.585,360.6132772627258,360.5476040876731,64.49616632110155,0.06567317505266601,-4.617667455886913,16.298648822139604,355.585,13.850034200999517,383.285068401999,327.88493159800095,3961723.0
JFL,2022-11-24,388.1,397.9,385.0,390.0,-1.52 %,14669.0,5723758.6,-0.015151515151515138,-0.01526747213078842,371.8,357.29499999999996,365.13431152999874,362.7292630441418,61.457670800148755,2.4050484858569234,-3.213124267538146,16.055888191986774,357.29499999999996,15.845486656106548,388.98597331221305,325.60402668778687,3947054.0
JFL,2022-11-27,392.0,424.9,385.0,404.0,3.59 %,30438.0,12222783.9,0.03589743589743599,0.03526813883745805,383.6,360.34499999999997,371.1136482176912,365.7863546705017,65.53742411260541,5.327293547189527,-1.5050407045926115,17.75903903541629,360.34499999999997,18.583339312416907,397.5116786248338,323.17832137516615,3977492.0
JFL,2022-11-28,412.0,412.0,388.0,388.0,-3.96 %,18439.0,7316051.3,-0.03960396039603964,-0.040409538337876666,390.6,362.405,373.71154849189253,367.4318098800942,57.98343249286283,6.2797386117983365,0.051915158685577945,18.204821961457984,362.405,19.273556332047892,400.95211266409575,323.8578873359042,3959053.0
JFL,2022-11-29,380.5,400.0,380.4,399.0,2.84 %,20685.0,8135452.0,0.028350515463917425,0.027956077266589916,395.4,364.85499999999996,377.60207949313985,369.77019433342053,61.28712726774621,7.83188515971932,1.6079091588923264,18.30447753563956,364.85499999999996,20.67695068123172,406.2089013624634,323.50109863753653,3979738.0
JFL,2022-11-30,391.1,397.0,390.0,391.1,-1.98 %,9703.0,3809978.8,-0.01979949874686715,-0.019998135128395003,394.41999999999996,366.90999999999997,379.67868264804144,371.3501799383523,57.77371792053191,8.328502709689133,2.9520278690516877,17.63987199737959,366.90999999999997,21.159616452607324,409.22923290521464,324.5907670947853,3970035.0
JFL,2022-12-01,389.0,397.0,386.0,390.0,-0.28 %,9088.0,3571677.3,-0.0028125799028382303,-0.0028165426377764055,394.41999999999996,368.01,381.2665776252658,372.731648091067,57.28131261202518,8.534929534198852,4.068608202081121,17.16559542613819,368.01,21.78195535179895,411.5739107035979,324.4460892964021,3960947.0
JFL,2022-12-04,383.0,395.9,383.0,390.0,0.00 %,5470.0,2126958.8,0.0,0.0,391.62,369.21,382.6101810675326,374.0107852695064,57.28131261154722,8.599395798026194,4.974765721270136,16.860910038556888,369.21,22.319849556189148,413.8496991123783,324.57030088762167,3960947.0
JFL,2022-12-05,396.5,396.5,373.0,376.0,-3.59 %,12997.0,4906030.3,-0.03589743589743588,-0.03655759573379758,389.21999999999997,370.26,381.59323013406606,374.1581345088022,50.88032478257716,7.435095625263841,5.466831702068877,17.33513075008854,370.26,22.10914076266975,414.47828152533947,326.0417184746605,3947950.0
JFL,2022-12-06,381.0,382.0,370.0,378.0,0.53 %,3887.0,1470284.0,0.005319148936170137,0.005305052229693098,385.02,370.76,381.0404254980559,374.4427171377798,51.71050681645928,6.597708360276101,5.693007033710322,16.954049982225072,370.76,22.168336831957475,415.09667366391494,326.42332633608504,3951837.0
JFL,2022-12-07,370.5,381.9,370.5,377.0,-0.26 %,4114.0,1542313.5,-0.002645502645502673,-0.002649008171576953,382.2,371.61,380.41882157527806,374.6321454979443,51.24415159928396,5.786676077333766,5.711740842435011,16.557332126351852,371.61,22.059701291110322,415.72940258222064,327.4905974177794,3947723.0
JFL,2022-12-11,369.5,372.0,364.2,364.2,-3.40 %,6029.0,2205549.7,-0.033952254641909874,-0.03454202015450324,377.04,371.87,377.9236182560045,373.85939397957804,45.57800264583182,4.064224276426444,5.382237529233298,16.288951260183865,371.87,21.933538366244967,415.7370767324899,328.0029232675101,3941694.0
JFL,2022-12-12,370.0,377.0,364.0,373.0,2.42 %,3217.0,1185693.0,0.02416254805052165,0.02387525235030792,373.64,373.02,377.16613852431146,373.79573516627596,49.6961535790152,3.370403358035503,4.979870694993739,16.054026170170733,373.02,21.320921279600103,415.6618425592002,330.3781574407998,3944911.0
JFL,2022-12-13,379.0,379.0,367.5,367.5,-1.47 %,2870.0,1064091.9,-0.014745308310991967,-0.014855100990924184,371.94,374.49,375.679040289802,373.32938441321846,47.28768736282906,2.3496558765835402,4.4538277313117,15.72873858658711,374.49,19.741617808188465,413.97323561637694,335.0067643836231,3942041.0
JFL,2022-12-14,374.8,389.0,365.2,375.0,2.04 %,1002.0,372707.9,0.020408163265306145,0.02020270731751947,371.34000000000003,376.24,375.5745725529094,373.453133715943,50.78999618761071,2.1214388369663766,3.987349952442635,16.305257258973747,376.24,17.997584633276393,412.2351692665528,340.2448307334472,3943043.0
JFL,2022-12-15,380.5,380.5,364.1,373.0,-0.53 %,1082.0,399673.4,-0.005333333333333301,-0.005347606326595242,370.54,377.39,375.1784844678464,373.4195682555028,49.8390293775521,1.7589162123435926,3.541663204422827,16.31202459761848,377.39,16.93619294821924,411.26238589643845,343.5176141035615,3941961.0
JFL,2022-12-18,372.0,372.0,358.7,361.0,-3.22 %,8044.0,2921565.0,-0.03217158176943702,-0.032700461310934646,369.9,378.29,372.99717916510076,372.49960023657667,44.460125345325594,0.49757892852409213,2.93284634924308,16.168308554931446,378.29,15.423184871462443,409.1363697429249,347.44363025707514,3933917.0
JFL,2022-12-19,368.0,374.0,359.1,359.5,-0.42 %,2475.0,901023.5,-0.0041551246537395725,-0.004163781171779501,367.2,379.015,370.92069006277757,371.5366668857191,43.8234392366509,-0.6159768229415477,2.2230817148061544,16.077715086722055,379.015,14.056175829425534,407.12735165885107,350.9026483411489,3931442.0
JFL,2022-12-20,365.9,374.4,365.0,370.0,2.92 %,4595.0,1693112.2,0.029207232267037586,0.028788828477168783,367.7,379.865,370.77904543773485,371.42283970899916,49.29701282645672,-0.6437942712643121,1.649706517592061,15.993592580527622,379.865,12.863627834051591,405.5922556681032,354.13774433189684,3936037.0
JFL,2022-12-21,366.0,372.0,364.6,364.6,-1.46 %,2904.0,1069939.4,-0.014594594594594557,-0.014702143393707427,365.62,379.345,369.82842306269873,370.9174441749992,46.77295242888571,-1.089021112300486,1.1019609916135518,15.379764539061362,379.345,13.274291536267791,405.8935830725356,352.79641692746446,3933133.0
JFL,2022-12-22,365.0,365.0,353.0,360.0,-1.26 %,3674.0,1310608.7,-0.012616566099835524,-0.012696830794407067,363.02,377.545,368.31635797612967,370.1087446064808,44.67455322778678,-1.7923866303511318,0.5230914672206151,15.138352786271266,377.545,13.337658399408449,404.2203167988169,350.86968320118314,3929459.0
JFL,2022-12-26,367.0,377.9,367.0,377.9,4.97 %,8993.0,3343316.1,0.04972222222222222,0.0485255789052876,366.4,376.94,369.79076444134046,370.68587463563034,53.430019278217344,-0.8951101942898845,0.23945113491851516,15.335613301537602,376.94,13.013450531554174,402.96690106310837,350.91309893689163,3938452.0
JFL,2022-12-27,385.4,415.6,385.3,411.0,8.76 %,66916.0,26901641.9,0.08758930934109554,0.08396360414079133,376.7,377.29,376.1306468349804,373.6721061441022,64.58954020311808,2.4585406908781806,0.6832690461104483,16.93306949428492,377.29,13.846979530050131,404.9839590601003,349.59604093989975,4005368.0
JFL,2022-12-28,412.0,428.0,395.0,420.0,2.19 %,41213.0,17192482.4,0.021897810218978186,0.021661496781179467,386.7,378.89,382.87977809113727,377.1038019852798,66.9113055434395,5.775976105857467,1.7018104580598519,18.08070738755028,378.89,16.703731067617966,412.29746213523595,345.482537864764,4046581.0
JFL,2022-12-29,411.6,446.2,404.0,444.0,5.71 %,49584.0,21705634.5,0.05714285714285716,0.055569851154810786,402.58000000000004,381.14,392.28288915403925,382.05907591229607,72.15449216752152,10.223813241743187,3.406211014796519,19.803514002725258,381.14,21.806478998594418,424.75295799718884,337.52704200281113,4096165.0
JFL,2023-01-01,451.0,457.0,440.0,444.0,0.00 %,46691.0,20803576.6,0.0,0.0,419.38,383.78499999999997,400.23936774572553,386.6472925113852,72.15449216700847,13.592075234340314,5.443383858705278,19.6032630025306,383.78499999999997,25.90182426008524,435.58864852017047,331.98135147982947,4096165.0
JFL,2023-01-02,435.2,446.0,430.0,435.0,-2.03 %,36419.0,15946908.1,-0.020270270270270285,-0.020478531343540676,430.8,386.03499999999997,405.5871573233062,390.2289745475789,67.50252804518087,15.3581827757273,7.426343642109683,19.345887073778414,386.03499999999997,28.312434965656745,442.65986993131344,329.4101300686865,4059746.0
JFL,2023-01-03,442.8,442.8,425.0,427.0,-1.84 %,21734.0,9353662.1,-0.01839080459770115,-0.018562017860059538,434.0,387.885,408.8814408120283,392.9527542107212,63.57864196500318,15.928686601307106,9.126812233949167,19.235466568508528,387.885,29.757126965879674,447.39925393175935,328.37074606824063,4038012.0
JFL,2023-01-04,425.0,442.0,425.0,438.0,2.58 %,38833.0,16877614.6,0.025761124121779888,0.025434897147821604,437.6,390.985,413.3612191486393,396.28958723214924,66.4651948641824,17.07163191649005,10.715776170457344,19.075790385043636,390.985,31.624695130634496,454.234390261269,327.735609738731,4076845.0
JFL,2023-01-05,446.7,454.0,436.0,442.6,1.05 %,34003.0,15042370.3,0.010502283105022991,0.010447517240503313,437.32,394.21500000000003,417.85949312577173,399.719988177916,67.62087673485513,18.139504947855755,12.200521925937027,18.998948214683377,394.21500000000003,33.47359171205811,461.1621834241163,327.2678165758838,4110848.0
JFL,2023-01-08,437.0,451.2,434.0,445.0,0.54 %,63346.0,28235508.4,0.00542250338906447,0.005407854549290782,437.52,397.615,422.03495572180685,403.0740631277,68.23593558873904,18.960892594106838,13.55259605957099,18.870451913634565,397.615,35.04936781470982,467.71373562941966,327.51626437058036,4174194.0
JFL,2023-01-09,436.2,469.0,436.2,460.0,3.37 %,48913.0,22325866.6,0.03370786516853941,0.03315220731690055,442.52,402.40500000000003,427.8757317646058,407.2907991923148,71.83673767044516,20.584932572290995,14.95906336211499,19.865419634089243,402.40500000000003,36.7474664361226,475.89993287224524,328.9100671277548,4223107.0
JFL,2023-01-10,469.2,484.5,418.6,433.0,-5.87 %,46290.0,20990392.4,-0.05869565217391304,-0.060488761480650834,443.71999999999997,405.40500000000003,428.6640807238972,409.1951844373285,58.89484839910303,19.46889628656868,15.86102994700573,23.15360394594001,405.40500000000003,36.669612760435065,478.74422552087015,332.0657744791299,4176817.0
JFL,2023-01-12,441.6,459.4,418.3,425.3,-1.78 %,29271.0,12605912.5,-0.017782909930715962,-0.017942925742902023,441.18,408.29499999999996,428.1465298432976,410.38813373826713,55.80703079209219,17.7583961050305,16.240503178610684,24.435489378372864,408.29499999999996,35.79218490117992,479.8793698023598,336.7106301976401,4147546.0
JFL,2023-01-17,433.8,441.0,418.0,438.0,2.99 %,16561.0,7130161.2,0.029861274394545,0.029424108116858253,440.26000000000005,411.445,429.66244832894415,412.4334571650622,59.57194320534868,17.22899116388197,16.438200775664942,24.332954422774804,411.445,35.47861438877806,482.4022287775561,340.4877712224439,4164107.0
JFL,2023-01-18,445.0,452.8,429.3,433.5,-1.03 %,35029.0,15540364.8,-0.010273972602739767,-0.010327114155849628,437.96000000000004,414.46999999999997,430.25284089372195,413.99394181950197,57.69632966856724,16.258899074219983,16.40234043537595,24.27345767829089,414.46999999999997,34.596396222427245,483.66279244485446,345.2772075551455,4129078.0
JFL,2023-01-19,440.0,440.0,418.0,426.0,-1.73 %,10422.0,4456594.5,-0.01730103806228378,-0.017452449951226166,431.16,417.71999999999997,429.5985576793032,414.88327946250183,54.61023617180321,14.71527821680138,16.064927991661037,24.111067844127255,417.71999999999997,32.28487669417547,482.2897533883509,353.15024661164904,4118656.0
JFL,2023-01-23,427.0,437.0,419.2,420.3,-1.34 %,18265.0,7814064.4,-0.013380281690140827,-0.013470604258299395,428.62000000000006,420.76000000000005,428.1680103440258,415.28451802083504,52.319764378059006,12.883492323190751,15.42864085796698,23.660277283832453,420.76000000000005,29.232469330491124,479.2249386609823,362.2950613390178,4100391.0
JFL,2023-01-24,411.9,440.0,406.0,440.0,4.69 %,40022.0,16775544.6,0.04687128241732097,0.045805984901235844,431.56000000000006,424.26000000000005,429.98831644494487,417.1152944637362,58.75799741335613,12.873021981208694,14.917517082615324,24.398828906415847,424.26000000000005,26.93540811880364,478.13081623760735,370.38918376239275,4140413.0
JFL,2023-01-25,431.2,444.0,422.0,423.0,-3.86 %,26079.0,11269999.7,-0.03863636363636369,-0.03940254786602893,428.56000000000006,427.18,428.9131908380303,417.55119857753346,52.20677231848012,11.361992260496834,14.206412118191627,24.227483984529,427.18,23.006351525752688,473.19270305150536,381.16729694849465,4114334.0
JFL,2023-01-26,431.0,437.5,424.0,426.9,0.92 %,9571.0,4139410.4,0.009219858156028327,0.009177614717638364,427.23999999999995,430.525,428.603469170641,418.24370238660504,53.487984513635176,10.359766784035969,13.437083051360498,23.532663699919787,430.525,16.73272479148402,463.99044958296804,397.0595504170319,4123905.0
JFL,2023-01-29,419.0,429.0,416.1,416.7,-2.39 %,9595.0,4028460.8,-0.023893183415319763,-0.02418325533550862,425.38,432.465,426.77216622131164,418.12935406167134,49.73290788447242,8.6428121596403,12.478228873016459,22.773187721354088,432.465,11.845864257206754,456.1567285144135,408.77327148558646,4114310.0
JFL,2023-01-30,415.0,417.0,391.0,398.0,-4.49 %,21665.0,8745989.8,-0.04487640988720898,-0.045914533143970024,420.91999999999996,431.81499999999994,422.3456791103406,416.6382907978438,43.678686980896096,5.707388312496789,11.124060760912526,23.00367431268594,431.81499999999994,13.347196630562824,458.5093932611256,405.1206067388743,4092645.0
JFL,2023-01-31,391.0,406.0,390.0,395.1,-0.73 %,17195.0,6804276.0,-0.007286432160803935,-0.007313107867092571,411.93999999999994,430.57,418.1540361702882,415.04286184985534,42.80835680269847,3.1111743204328377,9.52148347281659,22.503411861779803,430.57,15.495673419926515,461.561346839853,399.578653160147,4075450.0
JFL,2023-02-01,403.0,403.0,395.0,395.0,-0.03 %,10261.0,4079949.7,-0.0002531004808909998,-0.0002531325162232661,406.34000000000003,428.12,414.5918767594746,413.5582054165327,42.77670426905707,1.0336713429418865,7.823921046841649,21.467453871652676,428.12,17.055655027621658,462.23131005524334,394.00868994475667,4065189.0
JFL,2023-02-02,395.0,400.0,382.1,386.0,-2.28 %,15808.0,6138768.5,-0.02278481012658229,-0.023048395436291017,398.16,425.21999999999997,410.1931264887862,411.5168568671599,39.916115800095554,-1.323730378373682,5.994390761798583,21.2126357379632,425.21999999999997,19.030075918762833,463.28015183752564,387.1598481624743,4049381.0
JFL,2023-02-05,386.0,402.0,386.0,402.0,4.15 %,19294.0,7680751.7,0.041450777202072464,0.040614719154190126,395.22,423.57,408.93264549051145,410.81190450662956,46.73554056951665,-1.8792590161181124,4.419660806215244,20.840304613822973,423.57,19.56070443248236,462.6914088649647,384.44859113503526,4068675.0
JFL,2023-02-06,405.0,413.0,400.0,413.0,2.74 %,13542.0,5474719.8,0.027363184079602032,0.026995504342011735,398.22,422.87,409.5583923381251,410.97398565428665,50.86451659508678,-1.4155933161615621,3.252609981739883,20.28028285569276,422.87,19.68162648392739,462.2332529678548,383.5067470321452,4082217.0
JFL,2023-02-07,418.0,440.0,415.0,440.0,6.54 %,48317.0,20711240.9,0.06537530266343827,0.06332713395127411,407.2,422.96999999999997,414.2417165937981,413.1240607910062,59.22057868485067,1.117655802791944,2.825619145950295,20.760262651714704,422.96999999999997,19.767440001444964,462.5048800028899,383.43511999711006,4130534.0
JFL,2023-02-08,432.0,447.0,424.4,437.5,-0.57 %,39378.0,16984518.3,-0.005681818181818232,-0.005698021114637779,415.7,422.715,417.8199140409061,414.9296859175983,58.23307868446952,2.890228123307793,2.838540941421795,20.891672462306516,422.715,19.532382693476272,461.77976538695253,383.6502346130474,4091156.0
JFL,2023-02-09,429.0,439.9,421.0,434.9,-0.59 %,15756.0,6793572.2,-0.00594285714285725,-0.0059605861940765096,425.48,422.2099999999999,420.44761957307435,416.40896844222067,57.16545995898346,4.03865113085368,3.078562979308172,20.749410143570334,422.2099999999999,19.050511804153782,460.3110236083075,384.10897639169235,4075400.0
JFL,2023-02-12,426.3,426.3,409.0,417.0,-4.12 %,16837.0,6995659.7,-0.041158887100482766,-0.04202989780479116,428.48,420.05999999999995,419.9172165618321,416.4527485576117,50.32487137685965,3.4644680042204072,3.1557439842906194,21.117309419029596,420.05999999999995,16.86186603896493,453.7837320779298,386.3362679220701,4058563.0
JFL,2023-02-14,409.0,415.0,405.1,412.9,-0.98 %,8570.0,3509059.8,-0.00983213429256602,-0.00988078890675697,428.4599999999999,419.055,418.8376447830887,416.18958199778865,48.88201088586123,2.6480627853000556,3.054207744492507,20.458930174813194,419.055,16.647663815879042,452.3503276317581,385.7596723682419,4049993.0
JFL,2023-02-15,410.0,412.0,397.1,398.6,-3.46 %,10337.0,4167067.3,-0.03463308307096136,-0.03524702511335007,420.18,417.71999999999997,415.72416097030583,414.8866499979525,44.12965392946167,0.8375109723533569,2.6108683900646774,20.12614944804082,417.71999999999997,17.182475772845635,452.08495154569124,383.3550484543087,4039656.0
JFL,2023-02-16,391.0,417.0,391.0,395.1,-0.88 %,15955.0,6395548.1,-0.008780732563973936,-0.008819510361349323,411.7,415.575,412.55121312872035,413.42097222032635,43.02705317853409,-0.8697590916059994,1.914742893730542,20.54571020175219,415.575,17.19528316597659,449.96556633195314,381.18443366804684,4023701.0
JFL,2023-02-20,390.0,403.0,390.0,393.0,-0.53 %,9004.0,3565695.2,-0.005315110098709219,-0.005329285548083845,403.32000000000005,413.55,409.5433341858403,411.90830761141325,42.343440918395764,-2.3649734255729413,1.0587996298698454,20.006730901627034,413.55,17.357222067340338,448.2644441346807,378.83555586531935,4014697.0
JFL,2023-02-22,399.0,408.0,399.0,406.9,3.54 %,7521.0,3042136.2,0.035368956743002444,0.034757843138382934,401.3,412.59499999999997,409.13666738801874,411.5373218624197,48.20891885289972,-2.4006544744009375,0.36690880901568884,19.649107265796534,412.59499999999997,17.160495484204134,446.9159909684082,378.27400903159173,4022218.0
JFL,2023-02-23,400.0,400.0,387.7,392.0,-3.66 %,11836.0,4652743.9,-0.03661833374293433,-0.037305615217181676,397.12,411.18,406.50025702063124,410.09011283557373,43.1423428436479,-3.5898558149424957,-0.4244441157759481,19.617028175382494,411.18,17.651467808364004,446.482935616728,375.877064383272,4010382.0
JFL,2023-02-26,384.2,401.8,375.0,397.0,1.28 %,13718.0,5374530.3,0.012755102040816313,0.01267444089672786,396.8,409.03000000000003,405.03867901745724,409.1204748477534,45.22278450225746,-4.081795830296187,-1.1559144586799959,20.1300975914266,409.03000000000003,16.540129828302007,442.11025965660406,375.949740343396,4024100.0
JFL,2023-02-27,404.0,408.9,383.0,395.0,-0.50 %,11078.0,4342358.4,-0.005037783375314908,-0.0050505157860685915,396.78,407.63,403.49426686092534,408.0745137479198,44.52104391655249,-4.580246886994473,-1.8407809443428915,20.54223347775327,407.63,16.48032638921283,440.59065277842564,374.66934722157436,4013022.0
JFL,2023-02-28,402.9,402.9,382.0,390.1,-1.24 %,6128.0,2416330.9,-0.012405063291139218,-0.01248264838851102,396.2,405.78999999999996,401.433610420783,406.7430682851109,42.76995245474985,-5.3094578643278965,-2.5345163283398926,20.56778822934232,405.78999999999996,16.268597455163373,438.32719491032674,373.2528050896732,4006894.0
JFL,2023-03-01,396.0,396.0,385.0,387.9,-0.56 %,7771.0,3012946.5,-0.005639579594975741,-0.005655542066689434,392.4,404.35,399.35151650989326,405.34728544917675,41.971752175096995,-5.995768939283494,-3.2267668505286125,19.884374784389298,404.35,16.524670551704297,437.39934110340863,371.3006588965914,3999123.0
JFL,2023-03-02,383.2,389.0,381.4,381.4,-1.68 %,3950.0,1520745.1,-0.01675689610724418,-0.01689888127960284,390.28000000000003,403.52,396.58974473914043,403.5734124529414,39.61912378426736,-6.983667713800969,-3.978147023183084,19.006919442647206,403.52,17.260895872348282,438.0417917446965,368.99820825530344,3995173.0
JFL,2023-03-05,389.0,389.0,370.2,375.0,-1.68 %,3355.0,1258168.3,-0.01678028316727842,-0.016922667195907848,385.88,402.515,393.26824554850344,401.45686338235316,37.3964394474982,-8.188617833849719,-4.820241185316411,18.99213948245812,402.515,18.329047266142183,439.1730945322844,365.8569054677156,3991818.0
JFL,2023-03-07,380.0,387.0,376.0,376.0,0.27 %,3871.0,1475034.5,0.002666666666666595,0.0026631174194836284,382.08000000000004,401.565,390.61159238719523,399.5711697984751,37.9818979305017,-8.959577411279895,-5.648108430509108,18.492700947996827,401.565,19.210256991630203,439.9855139832604,363.1444860167396,3995689.0
JFL,2023-03-09,383.0,393.0,382.0,392.0,4.26 %,6220.0,2425775.0,0.042553191489361764,0.04167269640056808,382.46,401.865,390.825193558396,399.01034240599546,46.58858168944987,-8.185148847599464,-6.1555165139271795,18.386079451711343,401.865,19.000090720012015,439.86518144002406,363.86481855997596,4001909.0
JFL,2023-03-12,399.8,399.8,380.2,380.2,-3.01 %,8033.0,3102744.6,-0.030102040816326614,-0.03056440973613384,380.91999999999996,400.775,389.1905483955658,397.61698370925507,41.96334289082357,-8.42643531368924,-6.609700273879591,18.472788062303394,400.775,19.60754084261986,439.9900816852397,361.55991831476024,3993876.0
JFL,2023-03-13,380.3,395.6,375.0,379.0,-0.32 %,6628.0,2504046.3,-0.0031562335612834724,-0.003161224971902376,380.43999999999994,399.075,387.62277171932493,396.2379478789399,41.51199419679604,-8.615176159614975,-7.010795451026668,18.624731772138865,399.075,19.962540577693606,439.0000811553872,359.1499188446128,3987248.0
JFL,2023-03-14,380.0,394.9,374.0,384.0,1.32 %,2166.0,831062.2,0.013192612137203241,0.013106347505300583,382.23999999999995,396.275,387.0654222240442,395.3314332212407,44.20484352106039,-8.266010997196474,-7.26183856026063,18.787250931271803,396.275,17.72176405025511,431.7185281005102,360.83147189948977,3989414.0
JFL,2023-03-15,390.0,390.0,377.0,382.0,-0.52 %,2625.0,1001241.0,-0.00520833333333337,-0.0052219439811517126,383.43999999999994,393.5,386.2861264972682,394.34391964929694,43.345175677361865,-8.05779315202875,-7.421029478614255,18.37387586475239,393.5,15.074237346520679,423.64847469304135,363.35152530695865,3986789.0
JFL,2023-03-16,389.0,389.0,378.0,378.0,-1.05 %,5744.0,2198070.2,-0.010471204188481686,-0.010526412986987504,380.64,390.655,385.0113378053808,393.1332589345342,41.60258332969859,-8.121921129153407,-7.561207808722085,17.847170445841503,390.655,11.880611139707083,414.4162222794141,366.89377772058583,3981045.0
JFL,2023-03-19,380.1,384.9,379.1,380.0,0.53 %,6859.0,2611926.0,0.005291005291005346,0.005277057100843819,380.6,388.80499999999995,384.2403627583991,392.1604249393835,42.83996090091668,-7.9200621809844165,-7.632978683174552,17.065229699709963,388.80499999999995,10.343697547186634,409.4923950943732,368.1176049056267,3987904.0
JFL,2023-03-20,386.0,388.0,378.2,386.0,1.58 %,6417.0,2452322.0,0.015789473684210575,0.015666116744399456,382.0,387.46,384.51107618018386,391.7040971660959,46.50222975508194,-7.193020985912028,-7.544987143722048,16.546284721159253,387.46,8.65711754632205,404.77423509264406,370.1457649073559,3994321.0
JFL,2023-03-22,386.0,392.0,376.4,389.9,1.01 %,9691.0,3699663.1,0.01010362694300504,0.010052926523720642,383.18,387.025,385.3401413832325,391.5704603389777,48.79857809502758,-6.23031895574519,-7.282053506126677,16.478692955362167,387.025,8.278181531833933,403.5813630636678,370.46863693633213,4004012.0
JFL,2023-03-23,383.0,383.0,375.0,379.0,-2.80 %,10935.0,4125134.8,-0.027955886124647278,-0.028354090906125225,382.58000000000004,386.22,384.36473501658134,390.63931512868305,43.21533491160273,-6.274580112101717,-7.080558827321686,16.365929172836296,386.22,8.234305646136713,402.68861129227344,369.7513887077266,3993077.0
JFL,2023-03-26,372.0,379.0,372.0,373.5,-1.45 %,3634.0,1357831.6,-0.014511873350923521,-0.01461820050955439,381.68,385.245,382.6932373217227,389.3697362302621,40.685786653675706,-6.676498908539429,-6.999746843565235,15.696934231919418,385.245,8.53811731992123,402.3212346398425,368.1687653601575,3989443.0
JFL,2023-03-27,380.0,380.0,372.0,375.0,0.40 %,9313.0,3513149.0,0.004016064257028162,0.004008021397538868,380.68,383.65,381.50966234914995,388.30531132431673,41.68826341543522,-6.795648975166785,-6.958927269885545,15.147153215353745,383.65,7.145959476685288,397.94191895337053,369.3580810466294,3998756.0
JFL,2023-03-28,377.0,384.0,371.0,372.0,-0.80 %,7695.0,2914574.1,-0.008000000000000007,-0.008032171697264267,377.88,382.65,380.0466373723576,387.09751048547844,40.22401215751142,-7.050873113120815,-6.9773164385326,14.993785128542763,382.65,7.3133979430911875,397.27679588618236,368.0232041138176,3991061.0
JFL,2023-03-29,370.1,373.0,368.0,368.0,-1.08 %,6550.0,2427150.0,-0.010752688172043001,-0.010810916104215617,373.5,381.2,378.1933085458411,385.6828800791467,38.292747683972436,-7.489571533305593,-7.079767457487199,14.279943333646852,381.2,7.192393643017621,395.58478728603524,366.81521271396474,3984511.0
JFL,2023-03-30,374.9,381.9,366.0,366.0,-0.54 %,6531.0,2410692.4,-0.005434782608695676,-0.005449604767564703,370.9,379.75,376.317414923404,384.2248889621728,37.32771405715959,-7.907474038768839,-7.2453087737435276,14.39566166695779,379.75,7.187086372560941,394.1241727451219,365.3758272548781,3977980.0
JFL,2023-04-02,366.0,375.0,359.0,359.5,-1.78 %,10191.0,3701498.6,-0.01775956284153002,-0.017919156240264834,368.1,378.22,373.7301203198034,382.3934157057156,34.302092700422975,-8.663295385912193,-7.528906096177261,14.510257262175092,378.22,8.070583361183617,394.3611667223673,362.0788332776328,3967789.0
JFL,2023-04-03,366.6,381.3,350.0,361.8,0.64 %,7816.0,2796909.7,0.006397774687065372,0.006377395800093383,365.46,376.915,371.89471719367975,380.86797750529223,36.27053468644877,-8.973260311612478,-7.817776939264305,15.709524600591157,376.915,8.520580348428652,393.9561606968573,359.87383930314274,3975605.0
JFL,2023-04-04,360.0,365.0,359.2,362.0,0.06 %,3045.0,1100693.9,0.0005527915975676034,0.0005526388645761835,363.46,375.94500000000005,370.3724530100367,379.47034954193725,36.448847010249025,-9.097896531900574,-8.073800857791559,15.001701414834647,375.94500000000005,9.069699408953335,394.08439881790673,357.80560118209337,3978650.0
JFL,2023-04-05,362.5,367.0,359.0,366.9,1.35 %,2216.0,806425.5,0.013535911602209794,0.013445119535465157,363.24,375.54,369.838229470031,378.5392125388308,40.81785234639806,-8.700983068799758,-8.1992372999932,14.5015798852036,375.54,9.292237847304335,394.1244756946087,356.95552430539135,3980866.0
JFL,2023-04-06,366.9,371.0,353.0,361.0,-1.61 %,5137.0,1840345.2,-0.016080675933496824,-0.0162113730283554,362.24,374.79,368.47850185925705,377.24001161002855,37.47694848989992,-8.761509750771495,-8.31169179014886,14.751467036260486,374.79,9.842223753878178,394.4744475077564,355.10555249224365,3975729.0
JFL,2023-04-09,355.0,361.0,350.0,357.0,-1.11 %,2399.0,849673.0,-0.011080332409972304,-0.011142176553241848,361.74,373.04,366.7125784962944,375.7407514907672,35.363637457822065,-9.028172994472811,-8.45498803101365,14.483505105099024,373.04,9.732117203543885,392.5042344070878,353.57576559291226,3973330.0
JFL,2023-04-10,353.0,360.0,348.0,353.0,-1.12 %,3387.0,1186643.0,-0.011204481792717047,-0.011267724846342269,359.98,371.68,364.60295103532604,374.05625138034003,33.33904753866588,-9.453300345013986,-8.654650493813717,14.306111883306237,371.68,10.54542055762612,392.77084111525227,350.58915888474775,3969943.0
JFL,2023-04-11,360.0,360.0,353.0,359.4,1.81 %,3420.0,1218233.0,0.018130311614730887,0.017967917416161907,359.46,370.7,363.8024970298913,372.97060312994444,39.32451485737871,-9.168106100053137,-8.757341615061602,13.784246748784364,370.7,10.738322911317818,392.17664582263563,349.22335417736434,3973363.0
JFL,2023-04-12,366.5,392.9,365.0,392.9,9.32 %,10992.0,4156105.1,0.09321090706733437,0.08911915221495534,364.65999999999997,371.14500000000004,368.27903594836954,374.44685474994856,59.714746715221565,-6.167818801579017,-8.239437052365085,15.192514838156908,371.14500000000004,11.477459603402298,394.09991920680466,348.1900807931954,3984355.0
JFL,2023-04-13,400.0,400.0,377.0,377.0,-4.05 %,9075.0,3506095.9,-0.040468312547721985,-0.04130993911640323,367.86,370.89500000000004,369.62072272554343,374.63597662032277,50.96117420693532,-5.015253894779335,-7.594600420847936,15.750192349717128,370.89500000000004,11.281352802434451,393.4577056048689,348.33229439513116,3975280.0
JFL,2023-04-16,372.2,384.4,372.2,377.2,0.05 %,2325.0,881890.6,0.0005305039787797394,0.0005303633112915648,371.9,370.855,370.78676538315216,374.8259042780766,51.05835933592153,-4.039138894924463,-6.883508115663242,15.49660718188019,370.855,11.256225178252347,393.3674503565047,348.3425496434953,3977605.0
JFL,2023-04-17,377.5,384.5,368.0,369.0,-2.17 %,4698.0,1750877.2,-0.021739130434782594,-0.02197890671877523,375.1,370.305,370.51187840112874,374.3943558130339,46.950039407069745,-3.8824774119051426,-6.2833019749116215,15.568278097460178,370.305,11.052766979137074,392.41053395827413,348.1994660417259,3972907.0
JFL,2023-04-18,376.3,376.3,361.7,369.2,0.05 %,2703.0,984359.9,0.0005420054200542257,0.0005418585881699307,377.06,369.46500000000003,370.3100509548012,374.0095887157721,47.06192299544346,-3.699537760970884,-5.766549132123474,15.499115376213025,369.46500000000003,10.417307208393781,390.2996144167876,348.63038558321244,3975610.0
JFL,2023-04-19,376.0,391.6,367.0,368.1,-0.30 %,6035.0,2292691.5,-0.0029794149512458734,-0.0029838622437215836,372.1,368.375,369.9700431156011,373.57184140349267,46.481283190080994,-3.6017982878915973,-5.333598963277099,16.149178563626382,368.375,9.240635373481396,386.85627074696276,349.89372925303724,3969575.0
JFL,2023-04-20,365.0,375.3,362.6,364.5,-0.98 %,2358.0,872196.0,-0.009779951100244544,-0.009828088936262651,369.6,367.65,369.12849802089323,372.8998531513821,44.544308882397104,-3.771355130488871,-5.021150196719454,15.902808666224498,367.65,8.926630766559137,385.50326153311823,349.7967384668817,3967217.0
JFL,2023-04-23,360.0,363.0,357.6,361.0,-0.96 %,4711.0,1690744.1,-0.009602194787380003,-0.00964859311583195,366.36,367.025,367.87795986383276,372.01838254757604,42.682045093943685,-4.140422683743282,-4.84500469412422,15.25975090435132,367.025,8.93307720897058,384.89115441794115,349.1588455820588,3962506.0
JFL,2023-04-24,356.1,363.2,356.0,360.0,-0.28 %,3366.0,1205750.9,-0.0027700831024930483,-0.002773926882725208,364.56000000000006,366.275,366.66596603862774,371.12813198849636,42.13996953037437,-4.46216594986862,-4.7684369452731,14.684054411183368,366.275,8.857638689756667,383.9902773795133,348.55972262048664,3959140.0
JFL,2023-04-25,355.1,365.0,355.1,362.1,0.58 %,2514.0,904035.4,0.005833333333333357,0.005816385321439847,363.14,365.78,365.9635097249927,370.45938147082995,43.755440315352864,-4.495871745837235,-4.713923905385927,14.342336238955983,365.78,8.797284269972005,383.374568539944,348.18543146005595,3961654.0
JFL,2023-04-26,362.0,369.0,355.5,362.6,0.14 %,3585.0,1289463.3,0.0013808340237504435,0.0013798815491552691,362.04,365.51,365.44604669037847,369.87720506558327,44.15523618345147,-4.431158375204802,-4.657370799349703,14.282169364744842,365.51,8.808423002436681,383.12684600487336,347.8931539951266,3965239.0
JFL,2023-04-27,369.8,379.0,359.1,363.5,0.25 %,3426.0,1272512.5,0.002482073910645255,0.0024789986528232924,361.84000000000003,365.385,365.1466548918587,369.4048195051697,44.914257851091996,-4.25816461331101,-4.577529562141964,14.68344298154878,365.385,8.818836001504678,383.02267200300935,347.74732799699063,3968665.0
JFL,2023-04-30,363.5,363.5,353.0,354.1,-2.59 %,3954.0,1407913.0,-0.02585969738651983,-0.02619993785571589,360.46,365.115,363.4471695238804,368.2711291714534,38.95841746589768,-4.8239596475730195,-4.626815579228175,14.384625625723867,365.115,9.08708018651606,383.28916037303213,346.9408396269679,3964711.0
JFL,2023-05-02,356.0,359.9,348.0,349.1,-1.41 %,4132.0,1453145.0,-0.014120304998587963,-0.014220945006867693,358.28000000000003,364.47999999999996,361.2399126740526,366.85104552912355,36.208049583787236,-5.6111328550709345,-4.8236790343967275,14.207152366743589,364.47999999999996,9.750443984512819,383.9808879690256,344.9791120309743,3960579.0
JFL,2023-05-03,343.0,364.6,343.0,350.0,0.26 %,2667.0,921290.0,0.0025780578630765216,0.0025747403724690537,355.86,363.88,359.510695339583,365.60281993437366,37.069260456986406,-6.0921245947906755,-5.077368146475518,14.735212911976191,363.88,10.266634768709347,384.41326953741867,343.3467304625813,3963246.0
JFL,2023-05-04,350.0,355.0,349.6,353.9,1.11 %,2050.0,719981.8,0.011142857142857121,0.011081232867958311,354.12,363.23,358.6475114411856,364.73594438367934,40.799007614326534,-6.088432942493739,-5.279581105679163,14.068411989692176,363.23,10.474786770866816,384.17957354173365,342.2804264582664,3965296.0
JFL,2023-05-07,353.0,353.0,345.0,345.0,-2.51 %,3861.0,1340614.6,-0.025148346990675252,-0.025469970320057857,350.41999999999996,362.43,356.5478942963878,363.2740225774809,35.61193621450337,-6.726128281093054,-5.568890540761942,13.699239704714163,362.43,11.237301605314924,384.90460321062983,339.9553967893702,3961435.0
JFL,2023-05-08,338.1,347.0,338.1,345.0,0.00 %,3523.0,1212913.0,0.0,0.0,348.6,361.83000000000004,354.77129517386663,361.92039127544524,35.61193621395552,-7.149096101578607,-5.884931652925275,13.35643686866315,361.83000000000004,11.846345205895211,385.52269041179045,338.13730958820963,3961435.0
JFL,2023-05-09,338.1,357.0,338.1,343.5,-0.43 %,4235.0,1472749.0,-0.004347826086956497,-0.004357305368955701,347.47999999999996,361.355,353.03724976250254,360.5559178476345,34.748404844755655,-7.518668085131935,-6.211678939366607,13.752405663758639,361.355,12.39670902849777,386.1484180569956,336.56158194300446,3957200.0
JFL,2023-05-10,349.0,350.0,343.0,350.0,1.89 %,4331.0,1506831.1,0.018922852983988436,0.018746042821055412,347.47999999999996,360.88500000000005,352.5699805682714,359.77399800706894,41.38160682893706,-7.204017438797564,-6.410146639252798,13.270090973490165,360.88500000000005,12.650328683076632,386.1856573661533,335.5843426338468,3961531.0
JFL,2023-05-11,355.0,363.0,342.0,348.0,-0.57 %,4210.0,1503670.0,-0.005714285714285672,-0.005730674708984983,346.3,358.64,351.8669066346912,358.9018500065453,40.03310155321951,-7.034943371854126,-6.535105985773064,13.822227332526582,358.64,10.465099893927398,379.5701997878548,337.7098002121452,3957321.0
JFL,2023-05-14,354.0,359.0,339.0,339.0,-2.59 %,4048.0,1383372.5,-0.025862068965517238,-0.026202372394024072,345.1,356.74,349.8873825370464,357.4276388949493,34.57322971447135,-7.540256357902933,-6.736136060199038,14.263496808774685,356.74,10.405686704388426,377.55137340877684,335.9286265912232,3953273.0
JFL,2023-05-15,336.0,350.0,336.0,350.0,0.03 %,686.0,235619.0,0.032448377581120846,0.03193304710300901,346.1,355.38,349.90470830057774,356.8774434212494,44.53073373474751,-6.9727351206716435,-6.783455872293559,14.244675608147922,355.38,9.310752132001756,374.00150426400353,336.75849573599646,3953959.0
JFL,2023-05-16,357.0,357.0,343.0,350.0,0.00 %,1057.0,367713.1,0.0,0.0,347.4,354.43,349.91936856202733,356.3680031678235,44.53073373408399,-6.448634605796144,-6.716491618994077,14.2271987789945,354.43,8.803414409397002,372.036828818794,336.823171181206,3953959.0
JFL,2023-05-17,350.0,354.7,348.0,352.0,0.57 %,3580.0,1252367.9,0.005714285714285783,0.005698021114637796,347.8,353.57000000000005,350.23946570633086,356.04444737761435,46.255521019849155,-5.804981671283485,-6.534189629451959,13.689541723352036,353.57000000000005,8.096334453280166,369.7626689065604,337.3773310934397,3957539.0
JFL,2023-05-18,348.0,365.0,348.0,362.0,2.84 %,4511.0,1620449.5,0.02840909090909083,0.028013036227673888,350.6,353.265,352.04877867458765,356.485599423717,53.96349369683509,-4.436820749129367,-6.11471585338744,13.92600302882689,353.265,7.621111605644438,368.5072232112889,338.0227767887111,3962050.0
JFL,2023-05-21,368.0,368.0,355.0,356.0,-1.66 %,5702.0,2049832.0,-0.016574585635359074,-0.016713480973740556,354.0,352.84000000000003,352.65665887849724,356.4496290960343,49.38678762630053,-3.7929702175370608,-5.6503667262173645,13.859859955339257,352.84000000000003,7.186200225754726,367.2124004515095,338.46759954849057,3956348.0
JFL,2023-05-22,362.0,362.0,353.0,353.0,-0.84 %,3767.0,1354254.0,-0.008426966292134797,-0.008462673918733654,354.6,352.44,352.7094805894977,356.1941010148466,47.229913500159796,-3.4846204253489077,-5.217217466043674,13.512727101386453,352.44,6.926030229306708,366.29206045861343,338.58793954138656,3952581.0
JFL,2023-05-23,360.0,372.0,360.0,364.0,3.12 %,4150.0,1518934.0,0.031161473087818692,0.030685810703443887,357.4,352.64,354.4464835757288,356.7723157544875,54.99171605086372,-2.3258321787587306,-4.638940408586685,13.904675165573137,352.64,7.207846601586805,367.0556932031736,338.2243067968264,3956731.0
JFL,2023-05-24,371.0,371.0,363.0,365.0,0.27 %,4358.0,1594154.6,0.0027472527472527375,0.002743485945750834,360.0,352.785,356.07010148715517,357.3817738467477,55.63064113028225,-1.311672359592535,-3.9734867987878553,13.482912653746483,352.785,7.433797287099649,367.6525945741993,337.9174054258007,3961089.0
JFL,2023-05-28,358.2,368.0,357.0,357.0,-2.19 %,8149.0,2957277.3,-0.021917808219178103,-0.02216157180285245,359.0,352.505,356.2131627968236,357.35349430254416,49.56835216718778,-1.1403315057205532,-3.406855740174395,13.30556174990745,352.505,7.144484438723677,366.79396887744736,338.21603112255264,3952940.0
JFL,2023-05-30,357.0,357.0,346.6,354.0,-0.84 %,6795.0,2378329.6,-0.008403361344537785,-0.008438868645864595,358.6,352.03000000000003,355.8726762126969,357.10508731717056,47.4788689643609,-1.2324111044736696,-2.97196681303425,13.098021624914061,352.03000000000003,6.675414436210424,365.38082887242086,338.6791711275792,3946145.0
JFL,2023-05-31,347.0,360.0,341.0,345.0,-2.54 %,8014.0,2773412.2,-0.025423728813559365,-0.02575249610241474,357.0,351.575,354.1999567953589,356.2084141825653,41.787846137404905,-2.0084573872064198,-2.7792649278686836,13.519591508848771,351.575,6.835116369887575,365.24523273977513,337.90476726022484,3938131.0
JFL,2023-06-01,351.0,358.0,346.0,346.0,0.29 %,4625.0,1613033.0,0.0028985507246377384,0.0028943580263645565,353.4,351.42,352.9384249806883,355.4522353542271,42.61096220561491,-2.5138103735388313,-2.7261740170027133,13.482477829645289,351.42,6.928704595294351,365.27740919058874,337.5625908094113,3942756.0
JFL,2023-06-04,352.9,360.0,352.9,354.1,2.34 %,2453.0,874894.0,0.02341040462427757,0.023140584060133904,351.22,351.625,353.11712882981317,355.3520697724325,48.91230908276702,-2.234940942619346,-2.6279274021260397,13.51944369895634,351.625,6.945113768944978,365.5152275378899,337.7347724621101,3945209.0
JFL,2023-06-05,361.1,365.0,353.0,357.0,0.82 %,7804.0,2808448.0,0.00818977689918099,0.008156422661780995,351.22,351.78,353.7144936252265,355.4741386781783,50.987274944327176,-1.7596450529517824,-2.4542709322911884,13.410912006173746,351.78,7.0326007767142,365.84520155342835,337.7147984465716,3953013.0
JFL,2023-06-06,351.0,360.0,351.0,360.0,0.84 %,2912.0,1040706.1,0.008403361344537785,0.00836824967051658,352.42,352.53,354.6814946059609,355.8093876649799,53.10901407763639,-1.1278930590190157,-2.188995357636754,13.095846862875621,352.53,7.07122411798294,366.6724482359659,338.3875517640341,3955925.0
JFL,2023-06-07,364.0,365.8,353.4,357.0,-0.83 %,5437.0,1955708.6,-0.008333333333333304,-0.00836824967051658,354.82000000000005,353.13,355.0381877435054,355.8975811712777,50.74338184702534,-0.8593934277723179,-1.9230749716638667,13.046143515527366,353.13,6.905840396314771,366.94168079262954,339.31831920737045,3950488.0
JFL,2023-06-08,350.0,364.0,350.0,364.0,1.96 %,8946.0,3211256.9,0.019607843137254832,0.019418085857101516,358.42,354.155,356.4169280906584,356.49776034377567,55.701629438709524,-0.08083225311725073,-1.5546264279545436,13.114276121561126,354.155,6.9226154929751536,368.0002309859503,340.30976901404966,3959434.0
JFL,2023-06-11,360.0,390.0,360.0,388.0,6.59 %,24412.0,9329451.7,0.06593406593406592,0.06385147198653277,365.2,356.05499999999995,361.2758622305571,358.8312595775701,67.70487062233276,2.444602652986987,-0.7547806117662377,14.320399255735332,356.05499999999995,10.173623015601295,376.40224603120254,335.70775396879736,3983846.0
JFL,2023-06-12,388.0,396.0,379.0,387.0,-0.26 %,18019.0,6955764.0,-0.002577319587628857,-0.0025806465934916254,371.2,358.005,365.23342188739446,360.9178329421946,66.89156165995804,4.315588945199863,0.25929329962698255,14.511799308897093,358.005,12.103086818110611,382.21117363622125,333.79882636377874,3965827.0
JFL,2023-06-13,387.0,397.0,384.9,391.2,1.09 %,21487.0,8424460.1,0.010852713178294504,0.010794245130880394,377.43999999999994,360.61499999999995,369.2282800585645,363.16095642795796,68.59776272782963,6.067323630606552,1.4208993658228966,14.33952792969016,360.61499999999995,13.352873729744557,387.32074745948904,333.90925254051086,3987314.0
JFL,2023-06-14,395.0,405.0,376.0,390.0,-0.31 %,14859.0,5796237.4,-0.0030674846625766694,-0.0030721990369701403,384.03999999999996,362.61499999999995,372.4239292803238,365.14903372959066,67.52701853494787,7.274895550733163,2.59169860280495,15.386704506140862,362.61499999999995,14.615214675138693,391.84542935027736,333.38457064972255,3972455.0
JFL,2023-06-15,383.3,390.0,383.0,383.1,-1.77 %,5426.0,2091092.5,-0.017692307692307674,-0.017850687417088795,387.86,364.27,374.06640169873555,366.4787349348062,61.575394278027616,7.587666763929349,3.5908922350298296,14.78765418427366,364.27,14.98104416290498,394.23208832580997,334.30791167419,3967029.0
JFL,2023-06-18,389.9,394.9,383.0,390.0,1.80 %,19634.0,7624522.6,0.018010963194988294,0.017850687417088854,388.26,366.16999999999996,376.5177245143147,368.2210508655613,64.90636606904636,8.29667364875337,4.5320485177745375,14.581393171111253,366.16999999999996,15.733775268857192,397.63755053771433,334.7024494622856,3986663.0
JFL,2023-06-19,383.0,423.0,382.2,417.9,7.15 %,33176.0,13598542.7,0.07153846153846155,0.0690954303301776,394.43999999999994,368.965,382.88422843518936,371.9009730236679,74.52342654068893,10.98325541152144,5.822289896523919,16.454150801746167,368.965,19.474471143426573,407.9139422868531,330.01605771314684,4019839.0
JFL,2023-06-20,424.9,425.0,395.0,396.0,-5.24 %,26942.0,11068873.4,-0.05240488155061018,-0.05382795819938915,395.4,370.965,384.9020394451602,373.6860861330258,60.50681877943124,11.215953312134388,6.901022579646012,17.4217114587643,370.965,20.116300669654347,411.1976013393087,330.7323986606913,3992897.0
JFL,2023-06-21,400.0,402.0,390.0,390.0,-1.52 %,14586.0,5729488.9,-0.015151515151515138,-0.01526747213078842,395.4,372.81499999999994,385.6863410689817,374.89452419724614,57.32562085137522,10.791816871735534,7.679181438063917,17.03444635456685,372.81499999999994,20.07851103203392,412.9720220640678,332.6579779359321,3978311.0
JFL,2023-06-22,390.0,400.0,385.0,385.1,-1.26 %,13976.0,5473546.5,-0.012564102564102453,-0.012643698302828792,395.8,373.87,385.5961347506768,375.6504853678205,54.79204788310314,9.945649382856288,8.132475027022393,16.889128757812077,373.87,20.145186182215724,414.16037236443145,333.57962763556856,3964335.0
JFL,2023-06-25,386.0,408.0,386.0,404.5,5.04 %,18018.0,7235538.6,0.05037652557777195,0.04914869567768312,398.7,375.84499999999997,388.50442171211114,377.7874864516857,61.960283257650104,10.71693526042543,8.649367073703,17.31847670368264,375.84499999999997,21.1414403482908,418.12788069658154,333.5621193034184,3982353.0
JFL,2023-06-26,411.0,424.0,397.0,414.9,2.57 %,36168.0,15000170.7,0.02571075401730516,0.025385790840275684,398.1,378.73999999999995,392.5652799102479,380.53656152933866,65.15043322365784,12.028718380909254,9.325237335144251,18.010014081991024,378.73999999999995,22.3545450459376,423.4490900918752,334.0309099081247,4018521.0
JFL,2023-06-27,419.0,428.0,415.0,425.0,2.43 %,35006.0,14796477.8,0.0243432152325862,0.024051641585594648,403.9,382.28999999999996,397.55523684713285,383.83014956420243,67.9605929941024,13.725087282930417,10.205207324701485,17.659298790420237,382.28999999999996,23.809173375873815,429.9083467517476,334.6716532482523,4053527.0
JFL,2023-06-28,420.1,425.0,407.7,414.0,-2.59 %,31159.0,12915933.9,-0.025882352941176467,-0.026223195099102443,408.7,385.73999999999995,400.0852004091124,386.0649533001875,62.08840282580125,14.020247108924934,10.968215281546176,17.63363459110451,385.73999999999995,23.110248353223472,431.9604967064469,339.519503293553,4022368.0
JFL,2023-07-02,422.0,422.0,390.0,396.0,-4.35 %,11165.0,4486778.5,-0.04347826086956519,-0.04445176257083381,410.88,388.23999999999995,399.4567080384797,386.8008826853588,53.88366705839609,12.655825353120917,11.305737295861125,18.65980354888276,388.23999999999995,21.21145172332192,430.6629034466438,345.8170965533561,4011203.0
JFL,2023-07-03,400.0,405.0,392.0,393.0,-0.76 %,14127.0,5611234.4,-0.007575757575757569,-0.007604599385219304,408.58000000000004,390.185,398.46336834025203,387.26007656051735,52.63523725170144,11.203291779734684,11.285248192635837,18.255531866819705,390.185,19.641585180970896,429.4681703619418,350.9018296380582,3997076.0
JFL,2023-07-04,400.0,408.0,391.0,398.0,1.27 %,6288.0,2478118.1,0.012722646310432628,0.012642393415176527,405.2,392.235,398.39208090329015,388.05562644492346,54.52627813816392,10.336454458366688,11.095489445782007,18.165851019189727,392.235,18.072697494760355,428.3803949895207,356.0896050104793,4003364.0
JFL,2023-07-05,400.0,413.6,387.1,388.0,-2.51 %,21172.0,8399742.6,-0.025125628140703515,-0.025446665661164262,397.8,393.635,396.7932992258609,388.05150596752173,50.20870913077789,8.741793258339158,10.624750208293438,18.76114737496189,393.635,16.456426516242225,426.54785303248445,360.7221469675155,3982192.0
JFL,2023-07-06,383.6,396.0,383.6,388.5,0.13 %,9740.0,3803715.4,0.0012886597938144284,0.0012878301844286859,392.7,395.21,395.51740703726693,388.0847277477053,50.42010365535708,7.432679289561634,9.986336024547079,18.306779705321752,395.21,14.105053219185427,423.42010643837085,366.9998935616291,3991932.0
JFL,2023-07-09,396.2,407.7,385.0,395.7,1.85 %,9690.0,3858359.4,0.018532818532818407,0.01836317858367635,392.64,396.795,395.5454982623028,388.648821988616,53.482781143194224,6.896676273686751,9.368404074375013,18.620581154941625,396.795,12.043844245538205,420.8826884910764,372.7073115089236,4001622.0
JFL,2023-07-10,390.1,413.9,390.1,403.9,2.07 %,23734.0,9542045.2,0.02072276977508203,0.020510974177988472,394.82,397.59000000000003,396.8308062219485,389.7785388783482,56.7588914098754,7.052267343600306,8.905176728220072,18.990539643874364,397.59000000000003,11.957199989094505,421.50439997818904,373.675600021811,4025356.0
JFL,2023-07-11,404.0,423.0,395.9,417.0,3.24 %,40998.0,17017917.6,0.0324337707353306,0.03191889922943434,398.62,399.09000000000003,399.93375911087946,391.7949434058779,61.43207813669797,8.138815705001548,8.751904523576368,19.569786812169053,399.09000000000003,12.431111226114812,423.95222245222965,374.2277775477704,4066354.0
JFL,2023-07-12,421.0,429.8,405.0,408.9,-1.94 %,14533.0,5991959.5,-0.01942446043165469,-0.01961559442820484,402.79999999999995,399.975,401.3131807861287,393.0619846350721,57.30797263791332,8.251196151056604,8.651762849072416,19.943373468442694,399.975,12.469832016773939,424.9146640335479,375.0353359664521,4051821.0
JFL,2023-07-13,404.0,418.0,403.0,404.0,-1.20 %,17384.0,7084954.3,-0.011983370017119022,-0.012055749409446473,405.9,400.675,401.7265375882628,393.8722079954371,54.906624910633184,7.85432959282565,8.492276197823063,19.590275363553932,400.675,12.27178514017246,425.2185702803449,376.1314297196551,4034437.0
JFL,2023-07-16,397.1,409.0,397.1,409.0,1.24 %,18009.0,7268478.4,0.012376237623762387,0.012300278081651687,408.56,401.96999999999997,402.8455318054531,394.9927851809603,56.89162384970464,7.852746624492795,8.36437028315701,19.040969980442934,401.96999999999997,11.671427098969195,425.31285419793835,378.6271458020616,4052446.0
JFL,2023-07-17,400.9,421.0,400.9,420.0,2.69 %,20857.0,8689513.6,0.02689486552567244,0.02653955523461231,411.78000000000003,403.46999999999997,405.4846807584603,396.8451714638521,60.96291602135407,8.63950929460816,8.41939808544724,19.11661498183987,403.46999999999997,11.975901240681072,427.42180248136214,379.5181975186378,4073303.0
JFL,2023-07-18,427.0,441.0,421.0,431.0,2.62 %,68122.0,29513252.1,0.026190476190476097,0.025853378826333706,414.58000000000004,404.125,409.41011448792796,399.37515876282606,64.56676131689863,10.034955725101895,8.742509613378171,19.251142483137023,404.125,13.111099155023567,430.34719831004713,377.90280168995287,4141425.0
JFL,2023-07-19,439.0,439.0,423.0,429.0,-0.46 %,19462.0,8357826.4,-0.004640371229698403,-0.004651171175730844,418.6,405.775,412.42394302824675,401.56959144706116,63.42035276252383,10.854351581185597,9.164878006939658,19.018918020055807,405.775,14.075767717688684,433.92653543537733,377.6234645646226,4121963.0
JFL,2023-07-20,430.0,430.0,417.0,417.0,-2.80 %,13237.0,5578665.5,-0.027972027972028024,-0.028370697129215576,421.2,407.125,413.12795179313184,402.7125846732048,56.89316044830779,10.415367119927055,9.414975829537138,18.588995304337534,407.125,13.774724182937598,434.6744483658752,379.5755516341248,4108726.0
JFL,2023-07-23,421.8,436.9,418.0,432.0,3.60 %,14607.0,6214102.1,0.03597122302158273,0.03533936644530886,425.8,409.46999999999997,416.0313438249577,404.88202284556,62.138676740149265,11.149320979397658,9.761844859509242,18.682638496884852,409.46999999999997,13.819897935497789,437.1097958709955,381.8302041290044,4123333.0
JFL,2023-07-24,432.0,439.0,424.0,425.0,-1.62 %,22682.0,9717103.1,-0.01620370370370372,-0.0163364193196935,426.8,410.495,417.4111370826565,406.3722433755185,58.55757542473598,11.038893707138016,10.017254629034998,18.41959288996451,410.495,14.18722460897363,438.86944921794725,382.12055078205276,4100651.0
JFL,2023-07-25,417.3,424.3,404.1,408.0,-4.00 %,18331.0,7546443.4,-0.040000000000000036,-0.040821994520255166,422.2,410.15,415.9632698391709,406.4928179402949,50.887474631228386,9.470451898875979,9.907894083003194,18.596764826395614,410.15,14.158333978715033,438.46666795743005,381.8333320425699,4082320.0
JFL,2023-07-26,410.0,417.0,404.0,410.0,0.49 %,12283.0,5030428.9,0.004901960784313708,0.00488998529419177,418.4,409.4,415.0458437100677,406.75260920397676,51.689204258617636,8.293234506090926,9.584962167620741,18.196995910224498,409.4,13.720825508393684,436.84165101678735,381.9583489832126,4094603.0
JFL,2023-07-27,418.0,418.0,399.0,399.0,-2.68 %,14917.0,6012977.5,-0.02682926829268295,-0.027195742808490055,414.8,408.65,412.5772523700573,406.17834185553403,47.13199603493897,6.398910514523266,8.947751837001247,18.254353345208465,408.65,13.865348705930648,436.38069741186126,380.9193025881387,4079686.0
JFL,2023-07-30,400.0,400.0,390.3,393.0,-1.50 %,15546.0,6127026.0,-0.015037593984962405,-0.01515180502060222,407.0,408.5,409.5653673900485,405.2021683847537,44.81124128077689,4.363199005294803,8.030841270659959,17.643328106265002,408.5,14.024715026664838,436.5494300533297,380.4505699466703,4064140.0
JFL,2023-07-31,400.0,401.5,393.0,394.0,0.25 %,10570.0,4205455.2,0.0025445292620864812,0.002541297428672548,400.8,408.55,407.1706954838872,404.3723781340312,45.29471859984479,2.7983173498560063,6.984336486499169,16.99023324153179,408.55,13.96821579987186,436.48643159974375,380.61356840025627,4074710.0
JFL,2023-08-01,401.8,417.9,390.0,394.0,0.00 %,13865.0,5490120.2,0.0,0.0,398.0,408.35,405.14443464021224,403.60405382780664,45.29471859941746,1.5403808124056013,5.895545351680456,17.76950229570809,408.35,14.154616133790011,436.65923226758,380.04076773242,4074710.0
JFL,2023-08-02,399.0,399.0,387.0,396.9,0.74 %,3889.0,1529358.0,0.007360406091370564,0.007333450491085881,395.38,408.795,403.87606008017957,403.1074572479691,46.86042707875336,0.7686028322104903,4.870156847786463,17.3573949888718,408.795,13.610617952644237,436.0162359052885,381.5737640947115,4078599.0
JFL,2023-08-03,404.7,404.7,390.0,394.9,-0.50 %,4537.0,1787827.2,-0.005039052658100229,-0.005051791496415911,394.56,409.115,402.49512776015195,402.4994974518232,45.88505661397368,-0.004369691671229248,3.895251539894925,17.167581061095245,409.115,13.176664980191646,435.4683299603833,382.7616700396167,4074062.0
JFL,2023-08-06,395.2,395.2,380.0,382.0,-3.27 %,7050.0,2706218.1,-0.032666497847556264,-0.03321195968602847,392.36,408.42999999999995,399.34203118166704,400.98101615909553,40.08899579904809,-1.6389849774284926,2.7884042364302415,17.0270395567313,408.42999999999995,14.225148227891143,436.88029645578223,379.97970354421767,4067012.0
JFL,2023-08-07,376.0,396.0,375.0,383.0,0.26 %,6260.0,2382087.2,0.002617801047120505,0.0026143805740708936,390.15999999999997,407.385,396.8278725383336,399.6490890361996,40.714179246689405,-2.8212164978659757,1.666480089570998,17.310822445536207,407.385,15.302331263747961,437.9896625274959,376.7803374725041,4073272.0
JFL,2023-08-08,390.6,398.4,370.0,370.1,-3.37 %,12789.0,4835982.0,-0.0336814621409921,-0.034261749788535634,385.38,405.04,392.71589214782074,397.46026762611075,35.5591966142578,-4.74437547829001,0.3843089759987963,18.102906556569337,405.04,17.224230179122117,439.48846035824425,370.5915396417558,4060483.0
JFL,2023-08-09,366.1,379.4,365.0,379.4,2.51 %,9519.0,3508565.4,0.025128343690894228,0.024817818108803416,381.88,403.565,390.6672933558483,396.12247002417666,41.326846318967426,-5.455176668328363,-0.7835881528666355,17.8384132311001,403.565,18.11629900045571,439.7975980009114,367.3324019990886,4070002.0
JFL,2023-08-10,372.0,384.5,371.9,379.0,-0.11 %,4916.0,1855906.9,-0.0010542962572481773,-0.0010548524184873732,378.7,402.315,388.8723251472563,394.8541389112747,41.156224258619446,-5.981813764018398,-1.823233275096988,17.464240857450093,402.315,18.928960685463206,440.1729213709264,364.4570786290736,4065086.0
JFL,2023-08-13,372.0,384.5,370.0,370.0,-2.37 %,6410.0,2415430.8,-0.0237467018469657,-0.02403319944415622,376.3,400.365,385.9688905092168,393.0130915845136,37.41341677557556,-7.044201075296769,-2.8674268351369445,17.25250936763223,400.365,20.172056623490136,440.7091132469803,360.02088675301974,4058676.0
JFL,2023-08-14,364.1,383.2,364.1,375.0,1.35 %,2232.0,833852.5,0.013513513513513598,0.01342302033214077,374.7,398.115,384.2813688924142,391.67878850417924,40.64299721127939,-7.397419611765031,-3.7734253904625623,17.384472984229923,398.115,20.375327572445503,438.86565514489104,357.364344855109,4060908.0
JFL,2023-08-15,367.5,380.0,364.0,370.0,-1.33 %,6926.0,2562160.8,-0.013333333333333308,-0.013423020332140661,374.67999999999995,395.065,382.08423521665816,390.0729523186845,38.50332250319529,-7.988717102026328,-4.616483732775316,17.28558205678493,395.065,19.74962424693176,434.5642484938635,355.5657515061365,4053982.0
JFL,2023-08-16,362.6,367.0,357.0,357.0,-3.51 %,6960.0,2510038.6,-0.03513513513513511,-0.03576722385863103,370.2,391.46500000000003,378.22512210640303,387.62310399878197,33.5567939710147,-9.397981892378937,-5.57278336469604,16.979469052728863,391.46500000000003,19.80040602986815,431.06581205973634,351.8641879402637,4047022.0
JFL,2023-08-17,363.0,370.2,359.0,360.0,0.84 %,6309.0,2295553.6,0.008403361344537785,0.00836824967051658,366.4,388.615,375.42125716695637,385.57694814702035,35.61252500144418,-10.15569098006398,-6.489364887769629,16.709506977533945,388.615,20.032375768930873,428.67975153786176,348.55024846213826,4053331.0
JFL,2023-08-20,353.2,366.9,350.0,366.9,1.92 %,8161.0,2885388.6,0.019166666666666554,0.018985299911080566,365.78000000000003,385.36,374.11029452588616,384.1934705065003,40.195643170126615,-10.083175980614158,-7.208127106338535,16.723113621995804,385.36,17.773439675398464,420.90687935079694,349.8131206492031,4061492.0
JFL,2023-08-21,360.0,365.0,358.0,358.0,-2.43 %,3327.0,1197966.7,-0.024257290814935883,-0.02455634496053599,362.38,382.01,371.6317876757498,382.25321343194474,36.57891340378096,-10.621425756194924,-7.890786836309813,16.164319791853245,382.01,16.148648305835568,414.3072966116711,349.71270338832886,4058165.0
JFL,2023-08-22,351.0,366.0,351.0,361.8,1.06 %,2553.0,919939.0,0.010614525139664766,0.010558586560494415,360.74,379.7,370.1192049564037,380.73816058513404,39.09857828386269,-10.618955628730362,-8.436420594793923,16.081154092435156,379.7,15.527632415193356,410.7552648303867,348.6447351696133,4060718.0
JFL,2023-08-23,366.0,366.0,360.0,365.9,1.13 %,11056.0,4013410.0,0.011332227750138202,0.011268499063966372,362.52,377.495,369.47009650157236,379.6390375788278,41.785915221783114,-10.168941077255454,-8.78292469128623,15.361071657261217,377.495,14.060301524067214,405.6156030481344,349.3743969518656,4071774.0
JFL,2023-08-24,369.0,369.0,355.0,358.9,-1.91 %,4830.0,1741322.0,-0.019130910084722563,-0.019316273871599506,362.3,375.49,367.8439278090228,378.10281257298874,38.650141973181455,-10.258884763965966,-9.078116705822177,15.26385225317113,375.49,13.686447388040053,402.8628947760801,348.1171052239199,4066944.0
JFL,2023-08-27,365.0,365.0,352.5,354.0,-1.37 %,1069.0,379369.5,-0.013652828085817692,-0.013746885019787046,359.71999999999997,373.54,365.7140927614808,376.31741904906363,36.58071707524865,-10.603326287582831,-9.383158622174308,15.066434235087478,373.54,13.837835242943822,401.21567048588764,345.8643295141124,4065875.0
JFL,2023-08-28,354.0,359.9,353.0,359.8,1.64 %,8887.0,3178830.5,0.01638418079096038,0.016251408382658206,360.08,371.83000000000004,364.8042323366376,375.09390652691076,40.63265514657366,-10.28967419027316,-9.56446173579408,14.483117504009801,371.83000000000004,13.278241005903748,398.3864820118075,345.27351798819257,4074762.0
JFL,2023-08-29,352.7,366.0,350.0,357.0,-0.78 %,3105.0,1106642.4,-0.0077821011673152585,-0.007812539736793736,359.12,369.98,363.6035812079241,373.753617154547,39.326363986850474,-10.150035946622893,-9.681576577959842,14.591466253723386,369.98,12.586316713852241,395.1526334277045,344.80736657229556,4071657.0
JFL,2023-08-30,350.2,357.1,350.1,354.0,-0.84 %,2177.0,769362.9,-0.008403361344537785,-0.008438868645864595,356.73999999999995,367.835,362.1261071759358,372.2903862542102,37.919739924837195,-10.164279078274433,-9.77811707802276,14.049218664171716,367.835,11.352128249355909,390.5392564987118,345.1307435012882,4069480.0
JFL,2023-09-03,352.0,352.0,347.0,349.2,-1.36 %,4082.0,1425404.3,-0.013559322033898313,-0.01365208916832732,354.8,365.55,360.13747530271485,370.5799872724169,35.71838185708849,-10.442511969702025,-9.910996056358613,13.545703045302309,365.55,10.15373926457588,385.85747852915176,345.24252147084826,4065398.0
JFL,2023-09-04,356.0,356.0,342.0,343.0,-1.78 %,5498.0,1899573.4,-0.017754868270332125,-0.01791437679950716,352.6,363.6,357.5009406407587,368.5370252522378,33.04952263539347,-11.036084611479112,-10.136013767382712,13.578152827780716,363.6,10.564887226356365,384.7297744527128,342.47022554728727,4059900.0
JFL,2023-09-05,345.0,345.0,340.0,340.0,-0.87 %,5518.0,1884653.5,-0.008746355685131157,-0.008784829555732803,348.64,361.45,354.80848823448815,366.4231715298498,31.810940949041935,-11.614683295361658,-10.431747672978501,12.96542762579638,361.45,10.782222210186799,383.0144444203736,339.8855555796264,4054382.0
JFL,2023-09-07,337.0,342.8,336.0,338.0,-0.59 %,3435.0,1165767.0,-0.00588235294117645,-0.005899722127188271,344.84000000000003,359.84499999999997,352.22256696764384,364.3177514165276,30.977454365349928,-12.095184448883742,-10.76443502815955,12.525039938239496,359.84499999999997,11.770680568812013,383.386361137624,336.3036388623759,4050947.0
JFL,2023-09-10,339.0,342.9,339.0,342.8,1.42 %,5169.0,1765024.0,0.014201183431952646,0.014101291240605926,342.6,358.015,350.772941280314,362.7238439041922,35.3552103416141,-11.950902623878221,-11.001728547303285,11.980394228365245,358.015,11.410026753986994,380.83505350797395,335.194946492026,4056116.0
JFL,2023-09-11,342.0,354.0,340.3,350.0,2.10 %,10275.0,3549071.0,0.02100350058343059,0.020785967759834656,342.76,356.565,350.6540272371888,361.78133694832616,41.3629189816952,-11.127309711137343,-11.026844780070098,12.103223212053441,356.565,10.400924807078129,377.36684961415625,335.76315038584374,4066391.0
JFL,2023-09-12,356.8,357.0,347.0,349.0,-0.29 %,2486.0,871361.6,-0.0028571428571428914,-0.002861232281032235,343.96,355.515,350.3995615083905,360.8345712484501,40.79584019065437,-10.435009740059627,-10.908477772068004,11.952992982621053,355.515,10.02650566198738,375.56801132397476,335.4619886760252,4063905.0
JFL,2023-09-13,349.6,357.0,349.0,355.0,1.72 %,4614.0,1628100.0,0.017191977077363862,0.0170458672729886,346.96,354.515,351.1073212763304,360.40238078560196,45.61373581063311,-9.295059509271539,-10.58579411950871,11.670636341005263,354.515,8.91682472398607,372.34864944797215,336.6813505520278,4068519.0
JFL,2023-09-17,356.0,360.0,343.0,347.0,-2.25 %,2858.0,997076.2,-0.022535211267605604,-0.022793009528556573,348.76,353.365,350.47542569535653,359.40961183852033,40.84141761444024,-8.9341861431638,-10.255472524239728,12.0513051737906,353.365,8.274645802588342,369.9142916051767,336.81570839482333,4065661.0
JFL,2023-09-18,351.0,351.0,344.0,349.9,0.84 %,1122.0,387638.6,0.008357348703170064,0.008322619426783185,350.18,353.01,350.3868986653017,358.70519614677806,43.16286385567384,-8.31829748147635,-9.868037515687053,11.690497661376988,353.01,8.262782760533383,369.53556552106676,336.4844344789332,4066783.0
JFL,2023-09-19,345.0,356.8,345.0,356.8,1.97 %,871.0,307373.8,0.019719919977136513,0.019528001332212153,351.54,352.85,351.37352963987064,358.564070506276,48.355639430702716,-7.1905408664053425,-9.332538185830712,11.698319256992917,352.85,8.150524684459198,369.1510493689184,336.54895063108165,4067654.0
JFL,2023-09-21,363.9,371.1,363.9,371.0,3.98 %,6890.0,2540731.0,0.03979820627802688,0.03902666190158081,355.94,353.055,354.3929866183521,359.48525046877404,57.051945207952684,-5.0922638504219435,-8.484483318748959,11.88415359577914,353.055,8.563599526046536,370.1821990520931,335.9278009479069,4074544.0
JFL,2023-09-24,371.0,373.8,357.2,367.0,-1.08 %,7342.0,2710001.8,-0.010781671159029615,-0.010840214552864833,358.34000000000003,353.505,356.3325271386056,360.04189858219814,54.279250400248095,-3.709371443592545,-7.529460943717676,12.220999767509202,353.505,9.059247964627543,371.62349592925506,335.38650407074493,4067202.0
JFL,2023-09-25,365.0,368.0,359.8,359.8,-1.96 %,2956.0,1074124.4,-0.01961852861035418,-0.019813526538137498,360.9,353.40500000000003,356.86598450189706,360.023980168702,49.60596107435023,-3.1579956668049363,-6.655167888335129,11.933785498401402,353.40500000000003,8.973497528563481,371.351995057127,335.45800494287306,4064246.0
JFL,2023-09-26,366.0,373.0,362.0,366.0,1.72 %,6218.0,2278513.5,0.017231795441912112,0.01708501188493346,364.12,353.40999999999997,358.2712176554514,360.46664830435367,53.33203579899587,-2.1954306489022883,-5.763220440448562,12.02422939137273,353.40999999999997,8.980850973650794,371.3717019473016,335.44829805269836,4070464.0
JFL,2023-09-27,360.0,367.2,359.0,363.0,-0.82 %,3481.0,1255646.3,-0.008196721311475419,-0.00823049913651548,365.36,353.615,358.9987226315358,360.6543039855127,51.35344394745519,-1.6555813539768565,-4.941692623154221,11.75107014913182,353.615,9.157813747394975,371.93062749479,335.29937250521004,4066983.0
JFL,2023-10-01,363.0,363.0,352.0,352.0,-3.03 %,1994.0,709070.1,-0.030303030303030276,-0.03077165866675366,361.56,353.515,357.92199607283806,360.0132444310303,44.791667919240524,-2.0912483581922174,-4.371603770161821,11.69742228133669,353.515,9.164305756597047,371.8436115131941,335.18638848680587,4064989.0
JFL,2023-10-02,355.0,355.0,348.0,350.4,-0.45 %,7977.0,2800236.8,-0.00454545454545463,-0.004555816535860802,358.24,353.04499999999996,356.764765907786,359.301152250954,43.91273784578492,-2.536386343167976,-4.004560284763052,11.36189211838407,353.04499999999996,9.065520277134464,371.17604055426887,334.91395944573105,4057012.0
JFL,2023-10-03,347.0,355.0,347.0,355.0,1.31 %,1833.0,641020.6,0.013127853881278684,0.013042430413179564,357.28000000000003,352.945,356.4932634604343,358.9825483805129,47.12513263565318,-2.489284920078603,-3.7015052118261624,11.121756967070922,352.945,9.030560686700968,371.0061213734019,334.88387862659806,4058845.0
JFL,2023-10-04,348.0,365.0,348.0,360.0,1.41 %,3690.0,1323919.3,0.014084507042253502,0.01398624197473987,356.08000000000004,353.245,357.03276138959825,359.05791516714163,50.4473526454949,-2.0251537775433803,-3.366234924969606,11.541631469422999,353.245,9.16609743051326,371.5771948610265,334.9128051389735,4062535.0
JFL,2023-10-05,357.0,357.0,353.0,353.9,-1.69 %,1309.0,465301.0,-0.01694444444444454,-0.017089644098738085,354.26,353.48,356.5507980988908,358.675847376983,46.60042931694594,-2.125049278092149,-3.117997795594115,11.21722922160707,353.48,9.11705169335708,371.71410338671416,335.2458966132859,4061226.0
JFL,2023-10-08,349.1,362.0,342.2,342.2,-3.31 %,6892.0,2410920.6,-0.03306018649335962,-0.03361902589332451,352.3,353.44,354.34298300675374,357.4554142379472,40.25910486029953,-3.1124312311934546,-3.116884482713983,11.830284277206566,353.44,9.167069209683913,371.77413841936783,335.10586158063217,4054334.0
JFL,2023-10-09,345.0,350.0,341.0,347.0,1.40 %,2342.0,808750.9,0.014026884862653466,0.013929418488766136,351.62,353.79,353.213293313407,356.6809391092104,43.64712654674805,-3.467645795803378,-3.1870367453318624,11.628121114548954,353.79,8.751114214795557,371.29222842959115,336.2877715704089,4056676.0
JFL,2023-10-10,345.1,349.0,342.0,342.2,-1.38 %,5360.0,1843644.4,-0.01383285302593662,-0.01392941848876611,349.06,354.0,351.5189404959597,355.6082769529726,41.13484120431352,-4.089336457012848,-3.36749668766806,11.297541034938314,354.0,8.39542481921749,370.79084963843496,337.20915036156504,4051316.0
JFL,2023-10-11,348.9,348.9,341.0,342.7,0.15 %,2138.0,733621.5,0.0014611338398597962,0.0014600674224701095,345.6,353.995,350.1621804196582,354.65210828978945,41.512491542026055,-4.4899278701312255,-3.591982924160693,11.05485953244272,353.995,8.402473006917381,370.79994601383476,337.19005398616525,4053454.0
JFL,2023-10-12,340.0,344.0,337.0,343.0,0.09 %,3517.0,1196091.0,0.0008754012255618449,0.0008750182853768965,343.41999999999996,353.645,349.06030650894155,353.7889891572124,41.75394531960717,-4.728682648270876,-3.81932286898273,10.765226708696812,353.645,8.717524696982665,371.0800493939653,336.2099506060347,4056971.0
JFL,2023-10-16,339.0,342.0,338.2,341.0,-0.58 %,2346.0,796760.0,-0.005830903790087438,-0.0058479698824231,343.18,353.245,347.82025935371973,352.8416566270485,40.55202183503047,-5.021397273328773,-4.059737749851939,10.339139086647041,353.245,9.116293972326279,371.47758794465256,335.01241205534745,4054625.0
JFL,2023-10-17,347.7,347.7,337.2,346.0,1.47 %,1947.0,667970.5,0.014662756598240456,0.014556297774207454,342.98,352.79499999999996,347.5402194531475,352.33486724726714,44.827883435881716,-4.794647794119669,-4.206719758705486,10.350629151886539,352.79499999999996,9.246306517249286,371.2876130344985,334.3023869655014,4056572.0
JFL,2023-10-18,352.5,358.9,346.0,357.0,3.18 %,1852.0,656856.5,0.03179190751445082,0.03129700672191478,345.93999999999994,353.29499999999996,348.99557030650936,352.6804326363585,52.86084530693235,-3.6848623298491248,-4.102348272934214,10.532727069608926,353.29499999999996,9.186630732261143,371.66826146452223,334.9217385354777,4058424.0
JFL,2023-10-19,350.0,361.0,344.6,360.0,0.84 %,11794.0,4141167.1,0.008403361344537785,0.00836824967051658,349.4,353.8,350.68855949012334,353.22262281144305,54.793994817116804,-2.5340633213197066,-3.7886912826113126,10.951817993208287,353.8,9.267430234875881,372.3348604697518,335.26513953024823,4070218.0
JFL,2023-10-29,360.0,360.0,346.1,352.5,-2.08 %,424.0,148457.7,-0.02083333333333337,-0.02105340919783238,351.3,353.585,350.96724264548897,353.1690951957806,49.34573321885572,-2.201852550291619,-3.471323536147374,11.162402422264838,353.585,9.24401798037251,372.073035960745,335.09696403925494,4069794.0
JFL,2023-10-30,346.1,355.0,345.5,355.0,0.71 %,907.0,316921.5,0.007092198581560183,0.007067167223092353,354.1,352.78499999999997,351.5876668538753,353.30471777387095,51.091447736784616,-1.7170509199956427,-3.1204690129170283,11.043659392103065,352.78499999999997,8.301887863953807,369.38877572790756,336.1812242720924,4070701.0
JFL,2023-10-31,355.0,355.0,342.3,348.0,-1.97 %,795.0,275765.8,-0.019718309859154903,-0.019915309700941432,354.5,351.835,351.03571810712526,352.9117757165472,46.28183132867813,-1.8760576094219346,-2.87158673221801,11.161969435524274,351.835,7.651231411064934,367.13746282212986,336.5325371778701,4069906.0
JFL,2023-11-01,343.0,371.0,343.0,350.0,0.57 %,195.0,68618.0,0.005747126436781658,0.0057306747089850745,353.1,351.34499999999997,350.8763768598752,352.6960886264326,47.7939967953908,-1.8197117665573614,-2.6612117390858803,12.364685904415397,351.34499999999997,7.424743483102892,366.1944869662058,336.49551303379417,4070101.0
JFL,2023-11-02,343.1,347.5,337.0,338.2,-3.37 %,5822.0,1986694.0,-0.0337142857142857,-0.034295718018979425,348.74,349.955,348.92616503527904,351.62230428373385,40.54253288027347,-2.696139248454813,-2.6681972409596666,12.410065482671442,349.955,7.133278201160165,364.2215564023203,335.6884435976797,4064279.0
JFL,2023-11-05,332.0,338.0,326.0,329.0,-2.72 %,5417.0,1789723.7,-0.027202838557066844,-0.027579685699108052,344.03999999999996,348.255,345.86060118369767,349.94657804049433,35.96133876009917,-4.085976856796663,-2.951753164127066,12.395060805337767,348.255,7.87377225185616,364.00254450371233,332.50745549628766,4058862.0
JFL,2023-11-06,335.5,348.0,329.0,330.7,0.52 %,3150.0,1048560.9,0.0051671732522795555,0.005153869222375127,339.17999999999995,347.18999999999994,343.52820100159033,348.5209055930503,37.3696493260387,-4.992704591459983,-3.3599434495936498,12.86684217638507,347.18999999999994,8.734077241676845,364.65815448335366,329.7218455166462,4062012.0
JFL,2023-11-07,331.1,341.0,331.1,340.0,2.81 %,3449.0,1161170.5,0.028122165104324193,0.027733997622460007,337.58000000000004,346.66999999999996,342.98540084749953,347.8897274009725,44.553379109565704,-4.90432655347297,-3.668820070369514,12.68349630664328,346.66999999999996,8.84183238929699,364.35366477859395,328.98633522140597,4065461.0
JFL,2023-11-08,341.0,341.0,334.2,335.0,-1.47 %,671.0,225785.7,-0.014705882352941124,-0.014815085785140587,334.58000000000004,345.66999999999996,341.75687764019193,346.9349327786783,41.77882555976143,-5.178055138486343,-3.97066708399288,12.263246570454474,345.66999999999996,8.980042198963302,363.63008439792657,327.70991560207335,4064790.0
JFL,2023-11-09,330.2,334.0,330.0,331.5,-1.04 %,2255.0,746785.7,-0.010447761194029903,-0.010502722199149288,333.24,344.245,340.1788964647778,345.7916044247021,39.905439498132594,-5.6127079599243075,-4.299075259179165,11.744443243993441,344.245,8.846674962671942,361.9383499253439,326.5516500746561,4062535.0
JFL,2023-11-20,335.0,337.0,323.5,323.5,-2.41 %,2969.0,977323.9,-0.02413273001508298,-0.02442869568496197,332.14,342.725,337.6129123932735,344.14037446731675,35.93864763384914,-6.527462074043228,-4.744752622151978,11.869840155136766,342.725,9.6734511884421,362.0719023768842,323.3780976231158,4059566.0
JFL,2023-11-21,320.0,329.9,316.7,328.5,1.55 %,2787.0,897314.0,0.015455950540958163,0.015337723983709844,331.7,342.03999999999996,336.21092587123144,342.98182821047845,39.956014796930525,-6.770902339247016,-5.149982565570985,11.964851572626996,342.03999999999996,10.184167278591417,362.4083345571828,321.67166544281713,4062353.0
JFL,2023-11-22,325.0,334.9,320.0,334.9,1.95 %,3049.0,986743.0,0.019482496194824783,0.019295141875493527,330.68,341.435,336.00924496796506,342.38317426896157,44.73352720707508,-6.373929300996508,-5.39477191265609,12.174505031725067,341.435,10.233293188124907,361.90158637624984,320.96841362375017,4065402.0
JFL,2023-11-23,328.3,340.0,328.3,330.0,-1.46 %,4984.0,1667785.5,-0.01463123320394144,-0.014739325339632948,329.68,340.825,335.08474574212426,341.46590210089033,41.979487268538755,-6.381156358766077,-5.592048801878088,12.140611815173276,340.825,10.544186475091104,361.9133729501822,319.7366270498178,4060418.0
JFL,2023-11-26,336.6,343.0,336.1,338.5,2.58 %,3726.0,1260733.0,0.025757575757575868,0.02543143789180387,331.08000000000004,340.615,335.61016947410513,341.24620564897253,47.96424383060151,-5.6360361748673995,-5.60084627647595,12.201996685518044,340.615,10.546701904058624,361.7084038081173,319.52159619188274,4064144.0
JFL,2023-11-27,333.0,343.0,333.0,340.1,0.47 %,3086.0,1050613.3,0.0047267355982274495,0.004715599660820064,334.4,340.46999999999997,336.30091263193515,341.1613015268264,49.03001789726089,-4.86038889489123,-5.452754800159006,12.04471120798104,340.46999999999997,10.532111299330984,361.5342225986619,319.405777401338,4067230.0
JFL,2023-11-28,343.9,343.9,334.0,334.0,-1.79 %,3239.0,1089497.0,-0.017935901205527904,-0.018098699036449475,335.5,340.12,335.94692607317586,340.6308347470615,45.226780072497746,-4.6839086738856395,-5.298985574904333,11.891517550268107,340.12,10.629432821449461,361.3788656428989,318.8611343571011,4063991.0
JFL,2023-11-29,336.0,336.0,322.2,322.2,-3.53 %,2833.0,934471.6,-0.035329341317365315,-0.03596852223382646,332.96,338.93,333.83201436961036,339.26558772876064,38.93506319546527,-5.433573359150273,-5.325903131753521,12.027837725248958,338.93,11.250595305906707,361.4311906118134,316.4288093881866,4061158.0
JFL,2023-11-30,328.6,334.0,325.0,326.0,1.18 %,2304.0,756561.8,0.011793916821849715,0.011724910623833571,332.16,337.38,332.627089081978,338.2829516007043,41.74559525562934,-5.6558625187262805,-5.391895009148073,12.01156360201689,337.38,10.754563290966328,358.88912658193266,315.87087341806733,4063462.0
JFL,2023-12-03,320.0,334.9,320.0,334.9,2.73 %,5061.0,1657979.8,0.02730061349693247,0.026934598433451213,331.44,336.125,332.9767676847506,338.0323625932447,47.80483329397759,-5.055594908494129,-5.324634989017285,12.217880487587111,336.125,9.34862078206048,354.822241564121,317.427758435879,4068523.0
JFL,2023-12-04,334.8,339.0,333.0,335.0,0.03 %,2522.0,844907.0,0.0002985965959989567,0.0002985520249076823,330.41999999999996,335.25,333.28803419478896,337.8077431418933,47.87044297895324,-4.519708947104334,-5.163649780634695,11.773746167045175,335.25,8.517319815679434,352.28463963135886,318.21536036864114,4071045.0
JFL,2023-12-05,336.0,336.0,330.0,333.5,-0.45 %,793.0,262711.0,-0.004477611940298498,-0.004487666469388017,330.32,334.175,333.3206443186676,337.48865105730863,46.91775468190231,-4.168006738641054,-4.964521172235967,11.361335726541949,334.175,7.138618103072644,348.4522362061453,319.8977637938547,4070252.0
JFL,2023-12-06,330.0,333.0,330.0,330.0,-1.05 %,1565.0,518021.9,-0.010494752623688153,-0.010550210895152486,331.88,333.275,332.80977596194947,336.93393616417467,44.68320914670866,-4.124160202225198,-4.796448978233814,10.799811746074667,333.275,6.400400892085911,346.0758017841718,320.47419821582815,4068687.0
JFL,2023-12-07,330.1,336.6,327.0,335.0,1.52 %,2515.0,832348.0,0.015151515151515138,0.015037877364540502,333.67999999999995,332.525,333.1467335062649,336.79068163349507,48.459676804143285,-3.6439481272301464,-4.56594880803308,10.714110907069335,332.525,5.080082365727392,342.68516473145473,322.3648352685452,4071202.0
JFL,2023-12-10,341.7,355.4,341.7,355.4,6.09 %,200.0,69365.0,0.06089552238805962,0.05911338389548445,337.78000000000003,333.385,336.57031296683954,338.16914966064354,60.35259446584467,-1.598836693804003,-3.9725263851872645,11.405960127992953,333.385,7.13259936381379,347.6501987276276,319.1198012723724,4071402.0
JFL,2023-12-11,362.0,362.0,343.1,349.0,-1.80 %,5958.0,2086330.6,-0.01800787844682039,-0.0181719935181237,340.58000000000004,334.385,338.4825725104027,338.9714348709662,55.98774994083482,-0.4888623605635303,-3.275793580262518,11.941248690279169,334.385,7.851267078459707,350.0875341569194,318.6824658430806,4065444.0
JFL,2023-12-12,345.0,365.0,345.0,358.0,2.58 %,17371.0,6162413.2,0.025787965616045794,0.02546106419827309,345.48,335.75,341.48525366264846,340.38095821385764,60.332410607081876,1.1042954487908219,-2.39977577445185,12.516873783830658,335.75,9.39773208926023,354.54546417852043,316.95453582147957,4082815.0
JFL,2023-12-13,360.0,372.0,360.0,365.1,1.98 %,17225.0,6339667.9,0.019832402234637003,0.019638302260891003,352.5,337.005,345.1182915607026,342.2119983461645,63.401738387674385,2.9062932145380955,-1.3385619766538612,12.622811370699896,337.005,11.447568116850352,359.9001362337007,314.10986376629927,4100040.0
JFL,2023-12-14,364.0,370.0,362.1,368.0,0.79 %,5585.0,2043929.6,0.007943029307039051,0.007911649507339634,359.1,338.65500000000003,348.63855439751757,344.122220690893,64.60637709278267,4.51633370662455,-0.1675828399981788,12.285467701364189,338.65500000000003,13.361589686404018,365.37817937280806,311.931820627192,4105625.0
JFL,2023-12-17,365.5,380.0,362.0,380.0,3.26 %,17055.0,6334609.9,0.032608695652173836,0.03208831455150045,364.02,341.08000000000004,353.46339218251484,346.7798339730491,69.13376717531276,6.68355820946573,1.202645369894603,12.693648579838175,341.08000000000004,16.112616828221096,373.3052336564422,308.85476634355786,4122680.0
JFL,2023-12-18,385.0,399.8,375.0,385.0,1.32 %,26478.0,10334293.9,0.013157894736842035,0.0130720815673527,371.21999999999997,344.15500000000003,358.31517800058947,349.6109573824529,70.8092558756861,8.70422061813656,2.702960419542994,13.558387966992592,344.15500000000003,18.30086207346559,380.7567241469312,307.55327585306884,4149158.0
JFL,2023-12-19,392.0,394.5,380.0,391.0,1.56 %,18037.0,7029359.7,0.01558441558441559,0.015464225697581553,377.82,347.28000000000003,363.3436121543449,352.67681239116007,72.72273870265116,10.666799763184827,4.295728288271361,13.625645969350266,347.28000000000003,20.66979998885741,388.61959997771487,305.9404000222852,4167195.0
JFL,2023-12-20,385.1,398.0,380.0,387.0,-1.02 %,13165.0,5109226.6,-0.010230179028132946,-0.01028286695558392,382.2,349.885,366.98305643829184,355.21927073255563,69.45407270891337,11.763785705736211,5.789339771764331,13.93809982868239,349.885,22.25009225292273,394.3851845058455,305.3848154941545,4154030.0
JFL,2023-12-21,387.0,394.6,369.0,369.0,-4.65 %,15973.0,6005739.1,-0.046511627906976716,-0.04762804898925459,382.4,351.835,367.2933554477854,356.24006549310707,57.0314820812281,11.053289954678348,6.842129808347135,14.771092698062223,351.835,22.124272809944042,396.08354561988807,307.5864543801119,4138057.0
JFL,2023-12-24,370.0,375.0,366.6,366.9,-0.57 %,10078.0,3730103.8,-0.005691056910569148,-0.005707312679290867,379.78000000000003,353.255,367.2328392250492,357.0296902713954,55.77802614590681,10.203148953653795,7.514333637408467,14.316014648200634,353.255,22.13474227972572,397.5244845594514,308.98551544054857,4127979.0
JFL,2023-12-27,366.9,370.0,355.5,362.9,-1.09 %,6172.0,2228957.9,-0.010902153175252116,-0.010962017142211717,375.36,354.39500000000004,366.56624857504164,357.4645280290698,53.37182543842649,9.10172054597183,7.83181101912114,14.329156459043446,354.39500000000004,22.00833514352855,398.4116702870571,310.37832971294296,4121807.0
JFL,2023-12-28,363.1,363.1,355.7,359.8,-0.85 %,16549.0,5955470.2,-0.008542298153761285,-0.008578992702591838,369.12,355.685,365.52528725580447,357.63752595284245,51.51698921658825,7.887761302962019,7.843001075889317,13.834216711968917,355.685,21.50023928876329,398.68547857752657,312.68452142247344,4105258.0
JFL,2024-01-01,366.0,370.0,358.0,358.0,-0.50 %,10336.0,3778346.0,-0.005002779321845452,-0.0050153351157324055,363.32,357.475,364.36755075491146,357.66437588226154,50.42126133697289,6.7031748726499245,7.615035835241439,13.703201232542567,357.475,20.003917379521102,397.48283475904225,317.4671652409578,4094922.0
JFL,2024-01-02,355.0,358.0,351.1,356.9,-0.31 %,3876.0,1372080.9,-0.0030726256983241163,-0.003077355904585737,360.9,359.02,363.2186967926174,357.6077554465385,49.725221924488295,5.610941346078903,7.214216937408932,13.217258287360954,359.02,18.588185268587495,396.19637053717497,321.843629462825,4091046.0
JFL,2024-01-03,359.0,364.0,355.0,360.0,0.87 %,5165.0,1853618.7,0.008685906416363132,0.008648400954041027,359.52,360.275,362.7235126706762,357.7849587467949,51.74684207817992,4.938553923881273,6.759084334703401,12.916025552549456,360.275,17.70010035655055,395.67520071310105,324.8747992868989,4096211.0
JFL,2024-01-04,360.0,365.0,341.0,341.0,-5.28 %,6956.0,2473849.0,-0.05277777777777781,-0.05422155416663893,355.14,360.575,359.3814337982645,356.54162846925453,40.89316864215442,2.8398053290099483,5.975228533564711,13.707738013081638,360.575,17.295386515982322,395.16577303196465,325.98422696803533,4089255.0
JFL,2024-01-07,334.2,363.0,334.2,346.2,1.52 %,14016.0,4937088.6,0.015249266862169986,0.015134165458591987,352.42,361.21,357.35352090622376,355.77558191597643,44.334402594774936,1.5779389902473326,5.095770624901236,14.78575672643295,361.21,16.4620744360248,394.1341488720496,328.28585112795037,4103271.0
JFL,2024-01-08,352.0,360.9,352.0,357.0,3.12 %,6772.0,2420982.0,0.03119584055459268,0.03071913903753016,352.21999999999997,362.56,357.29913307449704,355.86627955183,50.74804955213742,1.432853522667017,4.363187204454392,14.779631245973453,362.56,14.790124728144088,392.1402494562882,332.9797505437118,4110043.0
JFL,2024-01-09,364.0,380.0,361.1,376.9,5.57 %,22260.0,8322742.3,0.05574229691876753,0.05424411849345069,356.21999999999997,364.65500000000003,360.31465106303597,357.42433291836113,59.91309644696852,2.8903181446748363,4.068613392498481,15.366800442689636,364.65500000000003,13.600521468344331,391.8560429366887,337.45395706331135,4132303.0
JFL,2024-01-10,384.0,388.5,374.0,374.0,-0.77 %,15791.0,6027388.2,-0.007694348633589754,-0.0077241028585577545,359.02,365.58500000000004,362.4200893610304,358.65216010959364,58.21304836478261,3.767929251436783,4.008476564286141,15.304886125354663,365.58500000000004,13.570256755913597,392.7255135118272,338.44448648817286,4116512.0
JFL,2024-01-11,378.0,380.0,360.0,365.0,-2.41 %,13724.0,5008629.3,-0.024064171122994638,-0.024358443832040416,363.82,366.38500000000005,362.81699869010265,359.12237047184595,53.17061341146583,3.694628218256696,3.9457068950802525,15.640251402115044,366.38500000000005,13.000739857503069,392.3864797150062,340.3835202849939,4102788.0
JFL,2024-01-14,372.3,378.3,370.1,375.0,2.74 %,10645.0,3968089.9,0.027397260273972712,0.02702867238791942,369.58,367.235,364.691306583933,360.2984911776351,57.56855960008481,4.392815406297871,4.0351285973237765,15.473090587678257,367.235,12.979387504823217,393.19377500964646,341.27622499035357,4113433.0
JFL,2024-01-16,380.0,392.5,380.0,389.0,3.73 %,38519.0,14901417.7,0.03733333333333344,0.03665331764803558,375.97999999999996,368.43,368.4311055710202,362.4245288681807,62.8314017463515,6.0065767028395385,4.429418218426929,15.617869831415526,368.43,13.84390802750588,396.11781605501176,340.74218394498826,4151952.0
JFL,2024-01-17,391.0,408.0,379.4,380.0,-2.31 %,55570.0,21771835.9,-0.023136246786632397,-0.023408090898014846,376.6,369.03000000000003,370.21093548317094,363.72641561868585,57.86283177412903,6.484519864485094,4.840438547638563,16.545164843457275,369.03000000000003,14.082280766243196,397.19456153248643,340.8654384675136,4096382.0
JFL,2024-01-18,375.0,385.0,373.6,379.5,-0.13 %,16028.0,6068395.2,-0.001315789473684159,-0.001316655884746785,377.7,369.005,371.6400223319139,364.8948292765609,57.590363050693206,6.745193055352956,5.221389449181442,16.177653068924613,369.005,14.062210464868263,397.1294209297365,340.8805790702635,4080354.0
JFL,2024-01-21,375.0,388.6,372.0,372.1,-1.95 %,13134.0,4948403.4,-0.019499341238471635,-0.019691961483107763,379.12,368.36,371.71078812700404,365.42854562644527,53.569829977608194,6.282242500558766,5.433560059456907,16.207820706858573,368.36,13.577434840295236,395.5148696805905,341.20513031940953,4067220.0
JFL,2024-01-22,367.5,379.0,361.0,361.1,-2.96 %,6811.0,2509448.8,-0.02956194571351789,-0.03000770706916477,376.34000000000003,366.865,370.07835918438803,365.1079126170789,48.18478430934189,4.970446567309125,5.3409373610273505,16.33583351351153,366.865,12.561481432929632,391.9879628658593,341.74203713414073,4060409.0
JFL,2024-01-23,368.3,368.5,361.0,365.0,1.08 %,6440.0,2329599.7,0.010800332317917327,0.010742425299079294,371.54,365.765,369.2970731560207,365.09991908988786,50.10003644907353,4.197154066132839,5.112180702048448,15.704702548260709,365.765,11.634534573295472,389.0340691465909,342.49593085340905,4066849.0
JFL,2024-01-24,370.9,370.9,358.0,358.0,-1.92 %,8713.0,3157607.0,-0.019178082191780854,-0.019364367181791232,367.14,365.21500000000003,367.5590619012483,364.5739991573036,46.759209912075775,2.9850627439446953,4.686757110427698,15.50436665195637,365.21500000000003,11.733141321211688,388.6812826424234,341.74871735757665,4058136.0
JFL,2024-01-25,352.8,362.9,352.8,362.9,1.37 %,8870.0,3178979.2,0.01368715083798877,0.013594327818324288,363.82000000000005,365.015,366.84228314721014,364.44999921972556,49.30746342338906,2.392283927484584,4.2278624738390755,15.118340462530915,365.015,11.736998405866606,388.4889968117332,341.54100318826676,4067006.0
JFL,2024-01-28,363.9,370.0,359.0,364.9,0.55 %,5705.0,2066128.4,0.005511160099200829,0.005496029223377257,362.38,365.115,366.5434703553317,364.483332610857,50.35198785560747,2.060137744474673,3.794317527966195,14.824173286635851,365.115,11.726545459828321,388.56809091965664,341.6619090803434,4072711.0
JFL,2024-01-29,370.0,370.0,362.6,367.0,0.58 %,3555.0,1303717.0,0.005755001370238544,0.005738504612168435,363.56,365.475,366.61370568528065,364.6697524174602,51.48242812544698,1.9439532678204614,3.424244675937049,14.293875194733289,365.475,11.665147144168534,388.8052942883371,342.14470571166294,4076266.0
JFL,2024-01-30,360.0,374.0,360.0,372.0,1.36 %,4310.0,1588996.7,0.013623978201634968,0.013532006218576373,364.96,366.175,367.4423663490836,365.2127337198705,54.158745670254845,2.2296326292130857,3.1853222665922565,14.272884109395198,366.175,11.612918169926841,389.4008363398537,342.9491636601463,4080576.0
JFL,2024-01-31,366.1,373.0,360.0,360.0,-3.23 %,10674.0,3896844.6,-0.032258064516129004,-0.03278982282299084,365.36,366.33000000000004,366.29738691076307,364.8266052961764,47.4007253134193,1.470781614586656,2.8424141361911364,14.18196381586697,366.33000000000004,11.502773121036858,389.33554624207375,343.32445375792634,4069902.0
JFL,2024-02-01,358.0,374.0,357.7,364.0,1.11 %,20454.0,7502810.5,0.011111111111111072,0.011049836186584935,365.58,366.53000000000003,365.94394277064566,364.7653752742374,49.65581411834386,1.1785674964082773,2.509644808234565,14.333252114733616,366.53000000000003,11.421406494655232,389.3728129893105,343.68718701068957,4090356.0
JFL,2024-02-04,357.0,371.0,357.0,363.3,-0.19 %,5017.0,1831530.5,-0.0019230769230769162,-0.0019249284095843938,365.26000000000005,367.645,365.5371823443925,364.65682895762717,49.257815309530734,0.8803533867653073,2.1837865239407135,14.309448392252644,367.645,9.766509638897398,387.17801927779476,348.1119807222052,4085339.0
JFL,2024-02-05,360.3,371.2,360.3,369.0,1.57 %,5546.0,2048292.4,0.015689512799339278,0.015567704813370819,365.66,368.78499999999997,366.06992352217827,364.9785453311363,52.590100755445334,1.091378191041997,1.9653048573609704,14.065916364234598,368.78499999999997,8.361142895960606,385.50728579192116,352.0627142080788,4090885.0
JFL,2024-02-06,362.0,375.0,362.0,371.0,0.54 %,2514.0,928012.5,0.005420054200542035,0.005405418566907982,365.46000000000004,369.485,366.8283968264586,365.42457901031133,53.73808638362978,1.4038178161472388,1.8530074491182242,13.989779481074985,369.485,7.895653367873867,385.27630673574777,353.69369326425226,4093399.0
JFL,2024-02-07,375.8,375.8,368.0,368.0,-0.81 %,6322.0,2341664.5,-0.008086253369272267,-0.008119124438504242,367.06000000000006,369.03999999999996,367.0086434685419,365.61535093547343,51.71524447055945,1.3932925330684611,1.7610644659082717,13.547652375283917,369.03999999999996,7.704229870343491,384.4484597406869,353.631540259313,4087077.0
JFL,2024-02-08,375.0,375.0,363.0,369.6,0.43 %,2072.0,761241.0,0.004347826086956497,0.004338401598598141,368.18,368.82,367.40731370415085,365.9105101254384,52.73708623658428,1.496803578712445,1.7082122884691064,13.437105777049352,368.82,7.617472988937918,384.05494597787583,353.58505402212415,4089149.0
JFL,2024-02-11,365.5,378.0,365.4,372.7,0.84 %,15485.0,5789353.4,0.008387445887445777,0.008352466717683527,370.06,369.205,368.2215731342815,366.41343530133184,54.73581874779217,1.8081378329496829,1.7281973973652218,13.377312507260115,369.205,7.6088227874541765,384.42264557490836,353.9873544250916,4104634.0
JFL,2024-02-12,380.0,380.0,367.5,370.9,-0.48 %,4590.0,1705331.3,-0.004829621679635077,-0.004841321989667592,370.44,369.0,368.63363880593056,366.7457734271591,53.32566660252618,1.887865378771437,1.760130993646465,13.314647328170107,369.0,7.49891220183851,383.99782440367704,354.00217559632296,4100044.0
JFL,2024-02-13,377.0,377.0,363.0,363.0,-2.13 %,9212.0,3374995.0,-0.021299541655432686,-0.021529650230694294,368.84,367.7,367.76692514347974,366.46830872885107,47.537156170345405,1.2986164146286683,1.6678280778429058,13.363601090443671,367.7,5.941114550791189,379.58222910158236,355.8177708984176,4090832.0
JFL,2024-02-14,370.2,395.0,369.1,386.0,6.34 %,59521.0,22977167.8,0.06336088154269981,0.06143453519998016,372.43999999999994,368.0,370.57201358294435,367.9151006748621,60.85862317518819,2.6569129080822336,1.8656450438907712,14.694772441126265,368.0,6.698153712647509,381.396307425295,354.603692574705,4150353.0
JFL,2024-02-15,380.1,389.9,374.0,378.0,-2.07 %,9435.0,3588431.0,-0.020725388601036232,-0.020943173845243135,374.12,367.925,371.7147807240299,368.66213025450196,55.57283659133925,3.0526504695279186,2.1030461290182005,14.78086012390296,367.925,6.569777293376815,381.0645545867536,354.7854454132464,4140918.0
JFL,2024-02-18,380.0,385.0,365.6,369.0,-2.38 %,8427.0,3133361.6,-0.023809523809523836,-0.02409755157906053,373.38,367.77000000000004,371.2971221511022,368.68715764305733,50.281857778096395,2.609964508044868,2.2044298048235342,15.110798686481319,367.77000000000004,6.502315377118935,380.77463075423793,354.76536924576214,4132491.0
JFL,2024-02-20,376.0,376.0,365.6,370.0,0.27 %,2840.0,1048454.0,0.0027100271002709064,0.0027063615977428457,373.2,368.21500000000003,371.09756489708644,368.7844052250531,50.841887185863506,2.3131596720333505,2.226175778265498,14.774313066018367,368.21500000000003,6.32391242992903,380.8628248598581,355.56717514014196,4135331.0
JFL,2024-02-21,371.1,374.0,366.0,366.0,-1.08 %,5927.0,2182621.1,-0.010810810810810811,-0.010869672236903879,373.8,368.265,370.31332414368853,368.57815298616026,48.4890891862625,1.7351711575282707,2.1279748541180523,14.29043356130277,368.265,6.301067161106854,380.8671343222137,355.6628656777863,4129404.0
JFL,2024-02-22,373.0,383.5,361.2,363.0,-0.82 %,20151.0,7480190.5,-0.008196721311475419,-0.00823049913651548,369.2,368.515,369.18819735235184,368.1649564686669,46.74199557197927,1.0232408836849345,1.9070280600314289,14.862545449781145,368.515,5.962450485314837,380.43990097062965,356.5900990293703,4109253.0
JFL,2024-02-25,370.2,377.4,356.1,363.0,0.00 %,21450.0,7962108.9,0.0,0.0,366.2,368.52000000000004,368.2361669904516,367.78236710061753,46.7419955713747,0.45379988983404473,1.6163824259919521,15.322363631939632,368.52000000000004,5.957533929964076,380.4350678599282,356.60493214007187,4109253.0
JFL,2024-02-26,370.0,370.0,363.0,368.9,1.63 %,4493.0,1645707.5,0.016253443526170752,0.016122770337779122,366.18,368.71999999999997,368.3382951457667,367.865154722794,50.78642436300867,0.4731404229727332,1.3877340253881085,14.727909086801088,368.71999999999997,5.896439603723324,380.51287920744664,356.9271207925533,4113746.0
JFL,2024-02-27,365.0,369.9,365.0,366.1,-0.76 %,1809.0,667374.0,-0.007590132827324347,-0.007619084476439293,365.4,368.675,367.993942046418,367.73440252110555,48.88895925136363,0.25953952531244795,1.1620951253729763,14.025915580601009,368.675,5.91366615296958,380.50233230593915,356.8476676940609,4111937.0
JFL,2024-02-28,365.0,370.6,362.0,363.0,-0.85 %,4731.0,1723636.2,-0.008467631794591757,-0.00850368586133986,364.8,368.225,367.225643270046,367.3837060380607,46.80400042685621,-0.15806276801470176,0.8980635466954408,13.638350181986652,368.225,5.989277700088651,380.2035554001773,356.2464445998227,4107206.0
JFL,2024-02-29,370.0,370.0,352.3,354.0,-2.48 %,13665.0,4865029.9,-0.024793388429752095,-0.025105921131076358,363.0,367.925,365.1909289208082,366.39232040561177,41.2974969346533,-1.2013914848035938,0.47817254039563384,13.928468026130464,367.925,6.547227215461918,381.0194544309239,354.83054556907615,4093541.0
JFL,2024-03-03,350.0,355.0,350.0,351.0,-0.85 %,4219.0,1485780.2,-0.008474576271186418,-0.00851068966790862,360.6,367.275,363.0077090868377,365.2521485237146,39.624037833683886,-2.2444394368769167,-0.0663498550588763,13.290720309978289,367.275,7.52909269716251,382.33318539432497,352.216814605675,4089322.0
JFL,2024-03-04,358.0,365.1,358.0,365.1,4.02 %,20.0,7231.0,0.04017094017094025,0.03938506519572545,359.84000000000003,367.365,363.329599996555,365.2408782626987,49.8997868438597,-1.9112782661437109,-0.4353355372758433,13.348526002122698,367.365,7.48973156713435,382.3444631342687,352.3855368657313,4089342.0
JFL,2024-03-05,372.4,379.8,360.1,370.2,1.40 %,9898.0,3646510.2,0.013968775677896339,0.013872111477805824,360.66,367.425,364.38658461246956,365.6082206136099,53.01470827970044,-1.2216360011403253,-0.5925956300487397,13.80220271625679,367.425,7.508302422220224,382.44160484444046,352.40839515555956,4099240.0
JFL,2024-03-06,376.0,376.0,355.0,368.0,-0.59 %,11204.0,4070875.9,-0.005942733657482435,-0.0059604619704661955,361.66,367.275,364.94249467208965,365.78538945704616,51.52646123466339,-0.8428947849565134,-0.6426554610302945,14.31633109366702,367.275,7.462952357820424,382.20090471564083,352.3490952843591,4088036.0
JFL,2024-03-07,375.0,375.0,364.3,369.9,0.52 %,5165.0,1907807.1,0.005163043478260798,0.005149760669477306,364.84000000000003,367.37,365.7051877994605,366.0901754231909,52.75986532138224,-0.3849876237304102,-0.5911218935703176,14.058021729833662,367.37,7.484728311374914,382.3394566227498,352.4005433772502,4093201.0
JFL,2024-03-10,376.9,376.9,369.4,370.2,0.08 %,7392.0,2762684.0,0.0008110300081103361,0.0008107013009888613,368.68,367.4,366.39669736877426,366.3946068733249,52.963376902092904,0.0020904954493516925,-0.4724794157663838,13.589591606274116,367.4,7.495331880601435,382.39066376120286,352.4093362387971,4100593.0
JFL,2024-03-12,377.0,384.4,370.0,380.0,2.65 %,15511.0,5864096.2,0.026472177201512626,0.026127852581034255,371.65999999999997,367.765,368.4895131581936,367.40241377159714,59.153785555114624,1.0870993865964351,-0.16056365529382005,13.647477920111678,367.765,7.9320319956053265,383.6290639912106,351.90093600878936,4116104.0
JFL,2024-03-13,386.9,394.7,381.0,388.1,2.13 %,18982.0,7375247.7,0.021315789473684177,0.021091785654429134,375.23999999999995,368.625,371.50651113385607,368.9355683070344,63.43698953908528,2.5709428268216925,0.3857376411292825,13.722658068675129,368.625,9.13154595779402,386.88809191558806,350.36190808441194,4135086.0
JFL,2024-03-14,385.0,396.7,378.0,385.0,-0.80 %,17290.0,6680011.4,-0.00798763205359454,-0.008019704087076505,378.64,369.725,373.5824324978782,370.125526210217,60.808869296594814,3.456906287661184,0.9999713704356628,14.078182492341192,369.725,9.724135734852098,389.1732714697042,350.2767285302958,4117796.0
JFL,2024-03-17,385.0,391.9,382.1,385.0,0.00 %,5252.0,2031802.9,0.0,0.0,381.65999999999997,369.675,375.33898134435844,371.2273390835343,60.80886929571964,4.111642260824169,1.622305548513364,13.772598028602534,369.675,9.638239356598843,388.9514787131977,350.39852128680235,4117796.0
JFL,2024-03-18,390.0,408.0,386.3,389.5,1.17 %,14516.0,5678612.0,0.011688311688311748,0.01162053102301879,385.52,370.25,377.5175995990725,372.580869521791,63.364097801205205,4.936730077281538,2.285190454266999,14.431698169416638,370.25,10.468323145281515,391.18664629056303,349.31335370943697,4132312.0
JFL,2024-03-19,397.0,413.0,397.0,399.3,2.52 %,61308.0,24773304.2,0.025160462130937145,0.02484914875837273,389.38,371.765,380.86873812229214,374.5600643720287,68.22314490456151,6.308673750263438,3.089887113466287,15.079434014458307,371.765,12.308673664078084,396.38234732815613,347.14765267184384,4193620.0
JFL,2024-03-20,406.0,406.0,387.1,390.0,-2.33 %,15117.0,5944336.4,-0.023290758827948954,-0.02356627494548357,389.76000000000005,372.765,382.2735476419395,375.703763307434,60.07961136815525,6.569784334505528,3.7858665576741357,15.352331584854142,372.765,12.953287532324852,398.6715750646497,346.8584249353503,4178503.0
JFL,2024-03-21,390.0,410.0,390.0,394.0,1.03 %,35417.0,14156142.2,0.01025641025641022,0.010204170174241668,391.56000000000006,374.16499999999996,384.0776172354873,377.0590400994759,62.17115058436103,7.018577136011402,4.432408673341589,15.684307900221704,374.16499999999996,13.676575248455206,401.5181504969104,346.81184950308955,4213920.0
JFL,2024-03-25,387.1,399.8,381.1,390.0,-1.02 %,10402.0,4045021.0,-0.010152284263959421,-0.010204170174241736,392.56000000000006,375.515,384.98875304541235,378.01762972173697,58.85062367028183,6.971123323675386,4.940151603408349,15.899714478777296,375.515,13.847981992459989,403.21096398491994,347.81903601508003,4203518.0
JFL,2024-03-26,396.0,396.0,384.2,388.0,-0.51 %,11080.0,4310646.0,-0.00512820512820511,-0.005141399500418652,392.26000000000005,376.765,385.4520218076566,378.75706455716386,57.205455730909094,6.694957250492735,5.291112732825226,15.606877730293204,376.765,13.787037199383235,404.33907439876646,349.1909256012335,4192438.0
JFL,2024-03-27,395.7,395.7,381.0,385.0,-0.77 %,10357.0,4017017.3,-0.0077319587628865705,-0.007762005335489189,389.4,377.57,385.38247999109404,379.21950421959616,54.73378512338915,6.162975771497884,5.465485340559757,15.542100749557974,377.57,13.773662892419615,405.11732578483924,350.02267421516075,4182081.0
JFL,2024-03-28,379.0,389.5,378.1,386.9,0.49 %,7920.0,3056492.9,0.004935064935064792,0.0049229274186829135,388.78,378.61,385.6159446078488,379.7884298329594,56.029564140669386,5.82751477488938,5.537891227425683,15.246236410303833,378.61,13.646703862695917,405.90340772539184,351.3165922746082,4190001.0
JFL,2024-03-31,385.0,389.5,380.2,383.9,-0.78 %,11690.0,4497771.0,-0.007753941586973401,-0.0077841596997152785,386.76000000000005,379.655,385.35195312971825,380.09299058607354,53.42889392702265,5.258962543644714,5.48210549066949,14.821505238139274,379.655,13.180706593962139,406.01641318792423,353.2935868120757,4178311.0
JFL,2024-04-01,382.9,390.0,380.1,381.0,-0.76 %,7570.0,2903081.6,-0.007554050533993162,-0.007582726880050993,384.96000000000004,381.005,384.6824218789924,380.1601764685866,50.96619307195869,4.522245410405787,5.290133474616749,14.469969149700754,381.005,11.716092172298652,404.4371843445973,357.5728156554027,4170741.0
JFL,2024-04-02,387.8,396.2,383.2,386.0,1.31 %,5486.0,2117775.0,0.013123359580052396,0.0130379943381298,384.56000000000006,382.755,384.8851262053013,380.5927559894321,54.83185952629405,4.292370215869198,5.090580822867239,14.522114210436415,382.755,9.379343204494004,401.513686408988,363.996313591012,4176227.0
JFL,2024-04-03,392.0,392.0,381.0,382.0,-1.04 %,6074.0,2328185.6,-0.010362694300518172,-0.010416760858255715,383.96000000000004,383.6,384.44126063525493,380.6969962865112,51.34449516835588,3.744264348743741,4.82131752804254,14.270534623976673,383.6,8.416962822670182,400.43392564534037,366.7660743546597,4170153.0
JFL,2024-04-04,388.9,388.9,381.2,382.0,0.00 %,5941.0,2285058.6,0.0,0.0,382.98,384.19,384.06568207598497,380.79351508010296,51.34449516747669,3.272166995882003,4.511487421610433,13.801210722264052,384.19,7.820681084911638,399.83136216982325,368.54863783017674,4170153.0
JFL,2024-04-07,380.1,420.2,380.0,420.2,10.00 %,133480.0,55104495.1,0.09999999999999987,0.09531017980432474,390.23999999999995,386.8,389.6248079104488,383.7125139630583,71.45348310660849,5.912293947390481,4.791648726766443,15.686838527816619,386.8,10.41370554405124,407.62741108810246,365.97258891189756,4303633.0
JFL,2024-04-09,428.6,462.2,428.6,462.2,10.00 %,148118.0,67922666.7,0.09995240361732516,0.09526690942938038,406.47999999999996,391.41499999999996,400.790222078072,389.5264018176466,80.83303646079301,11.263820260425405,6.086083033498236,17.566350061544004,391.41499999999996,19.24091788488605,429.89683576977205,352.9331642302279,4451751.0
JFL,2024-04-10,471.4,483.0,453.0,462.0,-0.04 %,96678.0,45300063.3,-0.0004327131112072946,-0.0004328067585415272,421.68,396.005,410.2071109891379,394.89481649782095,80.69706362480366,15.312294491316948,7.931325325061978,18.45446791429086,396.005,24.21922844179957,444.44345688359914,347.56654311640085,4355073.0
JFL,2024-04-14,471.0,471.0,455.0,459.0,-0.65 %,40416.0,18706785.5,-0.00649350649350644,-0.006514681021193642,437.08000000000004,399.95500000000004,417.71370929850127,399.6433486090935,78.56228278046817,18.070360689407778,9.959132397931139,18.279148777555797,399.95500000000004,27.66815526539033,455.2913105307807,344.61868946921936,4314657.0
JFL,2024-04-15,468.0,468.0,438.0,439.8,-4.18 %,31662.0,14189306.8,-0.04183006535947709,-0.04273013193988431,448.64000000000004,402.53999999999996,421.11160017565487,402.61791537879026,66.44695175327364,18.493684796864613,11.666042877717835,19.11635243630181,402.53999999999996,28.890399060847237,460.32079812169445,344.7592018783055,4282995.0
JFL,2024-04-16,432.0,440.6,426.6,429.0,-2.46 %,23822.0,10337427.8,-0.024556616643929052,-0.02486315919264383,450.4,404.73999999999995,422.32520014863104,404.5721438692502,60.769970903602996,17.753056279380814,12.88344555805043,18.75089869085168,404.73999999999995,29.15848526858271,463.0569705371654,346.4230294628345,4259173.0
JFL,2024-04-18,438.5,456.8,437.2,439.0,2.33 %,47518.0,21088871.7,0.02331002331002341,0.023042494147154476,445.76000000000005,407.43999999999994,424.89055397191856,407.12235543449094,63.84971753923432,17.768198537427622,13.86039615392587,19.397263070076562,407.43999999999994,29.728958060595968,466.8979161211919,347.982083878808,4306691.0
JFL,2024-04-21,430.3,474.0,418.2,450.0,2.51 %,35479.0,15326485.0,0.02505694760820054,0.024748169689194174,443.36,410.465,428.75354566854645,410.2984772541583,66.92557386354909,18.455068414388165,14.77933060601833,21.997458565071096,410.465,30.863797136523168,472.1925942730463,348.7374057269536,4342170.0
JFL,2024-04-22,450.0,457.0,431.4,433.2,-3.73 %,19006.0,8346644.2,-0.03733333333333333,-0.03804806763752989,438.2,412.16,429.43761556569314,411.99488634644285,58.709505358104565,17.442729219250282,15.312010328664721,22.254782953280305,412.16,31.14792212382424,474.4558442476485,349.86415575235156,4323164.0
JFL,2024-04-24,441.0,460.0,426.0,447.6,3.32 %,46087.0,20793511.8,0.033240997229917024,0.03270046131093474,439.76000000000005,415.0400000000001,432.2318285555865,414.6323021726323,62.91231367314155,17.599526382954195,15.769513539522617,23.093727028045997,415.0400000000001,31.649983786479954,478.33996757296,351.74003242704015,4369251.0
JFL,2024-04-25,455.0,471.0,448.5,455.0,1.65 %,68179.0,31539098.7,0.016532618409293987,0.016397442513180222,444.96000000000004,418.09000000000003,435.7346241624193,417.62250201169655,64.89007254050503,18.11212215072277,16.238035261762647,23.115603668899855,418.09000000000003,32.444915261347425,482.9798305226949,353.20016947730517,4437430.0
JFL,2024-04-28,464.1,478.0,455.2,470.0,3.30 %,62028.0,29130776.7,0.03296703296703307,0.032435275753153955,451.16,422.09000000000003,441.00622044512403,421.50231667749676,68.55102672101319,19.503903767627264,16.891208962935572,23.107346263978435,422.09000000000003,33.7064557302448,489.5029114604896,354.67708853951046,4499458.0
JFL,2024-04-29,479.4,517.0,458.9,517.0,10.00 %,187580.0,93294683.1,0.10000000000000009,0.09531017980432493,464.56000000000006,428.5400000000001,452.6975711458742,428.57621914583035,76.73631740768032,24.121352000043828,18.337237570357225,25.60682153083712,428.5400000000001,38.79779429433408,506.13558858866827,350.9444114113319,4687038.0
JFL,2024-04-30,527.3,568.0,520.0,535.0,3.48 %,164002.0,90698440.1,0.03481624758220514,0.03422387238757752,484.91999999999996,436.0400000000001,465.3594832772782,436.4594621720651,78.99150140992734,28.900021105213057,20.449794277328394,27.420619992920184,436.0400000000001,44.07715006548083,524.1943001309618,347.88569986903843,4851040.0
JFL,2024-05-02,540.0,558.0,521.1,545.0,1.87 %,94100.0,51258188.7,0.01869158878504673,0.01851904776723753,504.4,443.94500000000005,477.61187046538925,444.49950201117144,80.14316521750263,33.1123684542178,22.982309112706275,28.097718564854453,443.94500000000005,48.73174125006531,541.4084825001307,346.4815174998694,4945140.0
JFL,2024-05-05,545.0,552.5,510.0,514.0,-5.69 %,80133.0,42554242.2,-0.056880733944954076,-0.05856252920807891,516.2,450.45,483.21004423994475,449.647687047381,67.74507461464972,33.56235719256375,25.09831872867777,29.126452953079134,450.45,48.97736856527808,548.4047371305561,352.4952628694438,4865007.0
JFL,2024-05-06,510.0,534.0,471.0,502.1,-2.32 %,120169.0,60240060.1,-0.023151750972762564,-0.02342396241450521,522.6200000000001,456.50499999999994,486.1161912799532,453.5330435623898,63.67301893602137,32.583147717563406,26.5952845264549,31.545992027859196,456.50499999999994,47.39977209583363,551.3045441916672,361.70545580833266,4744838.0
JFL,2024-05-07,495.0,517.0,486.0,497.9,-0.84 %,33109.0,16638341.9,-0.008364867556263755,-0.008400049392522835,518.8,462.1,487.92908492919116,456.8194847799906,62.2507952778,31.10960014920056,27.498147651004036,31.506992597297828,462.1,45.192302558360836,552.4846051167217,371.71539488327835,4711729.0
JFL,2024-05-08,506.8,528.2,496.0,518.1,4.06 %,47934.0,24538301.4,0.04057039566177956,0.03976902017260565,515.4200000000001,468.9049999999999,492.57076417085403,461.358782203695,66.1651766236823,31.211981967159034,28.240914514235037,31.556493126062275,468.9049999999999,42.67278776679077,554.2505755335815,383.55942446641836,4759663.0
JFL,2024-05-09,526.9,539.9,515.0,516.0,-0.41 %,76205.0,40387171.3,-0.004053271569195216,-0.004061508339179955,509.62000000000006,475.6049999999999,496.1752619907227,465.4062798182361,65.40585708280781,30.768982172486574,28.74652804588535,31.08102933134354,475.6049999999999,38.638697196628,552.8823943932559,398.3276056067439,4683458.0
JFL,2024-05-12,516.0,528.0,509.0,511.0,-0.97 %,28449.0,14676809.5,-0.009689922480620172,-0.009737175277858317,509.0200000000001,480.145,498.45599091522683,468.7835924242927,63.53624277760835,29.672398490934143,28.93170213489511,30.218098664819003,480.145,37.089429264386915,554.3238585287738,405.96614147122614,4655009.0
JFL,2024-05-13,500.8,521.0,500.8,510.0,-0.20 %,31507.0,16053555.7,-0.00195694716242667,-0.001958864485333034,510.6,482.53499999999997,500.23199231288424,471.8366596521229,63.147460952924824,28.39533266076137,28.824428240068364,29.502520188760503,482.53499999999997,37.410908555492576,557.3568171109852,407.71318288901483,4623502.0
JFL,2024-05-14,500.0,520.0,500.0,512.7,0.53 %,40874.0,20843427.1,0.0052941176470588935,0.005280153071283511,513.5600000000001,485.07,502.1501473416713,474.8635737519656,63.79169120059677,27.28657358970571,28.516857309995835,28.82376874670618,485.07,37.663092362627935,560.3961847252558,409.7438152747441,4664376.0
JFL,2024-05-15,512.7,526.3,503.0,516.0,0.64 %,50573.0,26054326.2,0.0064365125804564105,0.00641588669190784,513.14,487.91999999999996,504.2808939044911,477.9107164370052,64.60608995121044,26.370177467485917,28.087521341493854,28.429213836227163,487.91999999999996,37.743059313148365,563.4061186262967,412.43388137370323,4714949.0
JFL,2024-05-16,505.7,550.0,500.0,510.0,-1.16 %,37934.0,19548107.6,-0.011627906976744207,-0.011696039763191298,511.93999999999994,491.43,505.1607563807232,480.28770040463445,61.88083571882157,24.87305597608878,27.444628268412842,29.969984276496653,491.43,36.26787907545211,563.9657581509042,418.8942418490958,4677015.0
JFL,2024-05-19,520.2,520.2,505.2,508.0,-0.39 %,23665.0,12010559.7,-0.0039215686274509665,-0.00392927813988955,511.34,495.38,505.5975630913812,482.3404633376245,60.95778372948477,23.257099753756677,26.60712256548161,28.900699685318326,495.38,33.29045382372403,561.960907647448,428.79909235255195,4653350.0
JFL,2024-05-20,502.0,512.0,490.2,491.0,-3.35 %,42445.0,21066010.7,-0.03346456692913391,-0.034037319783961364,507.53999999999996,497.98,503.3517841542456,482.98191049780047,53.63432229994446,20.369873656445122,25.359672783674313,28.39350685065273,497.98,30.575284136047237,559.1305682720945,436.82943172790556,4610905.0
JFL,2024-05-21,481.2,540.1,481.2,540.1,10.00 %,184552.0,97528005.4,0.10000000000000009,0.09531017980432493,513.02,502.485,509.0053558228232,487.212880090556,66.24720222603582,21.792475732267235,24.6462333733929,30.57254207560611,502.485,29.76064648066939,562.0062929613388,442.96370703866125,4795457.0
JFL,2024-05-22,550.6,569.9,541.0,544.0,0.72 %,101732.0,56724140.7,0.007220885021292256,0.007194939257097092,518.62,508.025,514.3891472346966,491.41933341718146,67.01474967335074,22.969813817515103,24.310949462217344,30.517360498777098,508.025,26.295364310283357,560.6157286205666,455.43427137943326,4897189.0
JFL,2024-05-26,554.8,554.8,525.7,527.1,-3.11 %,42536.0,22740131.8,-0.03106617647058818,-0.03155896299478137,522.04,512.0,516.3446630447432,494.0623457566495,60.5853575913419,22.282317288093736,23.905223027392623,30.416120463150158,512.0,22.400822353325584,556.8016447066511,467.1983552933488,4854653.0
JFL,2024-05-27,519.0,544.0,519.0,530.0,0.55 %,30015.0,16049544.5,0.0055018023145512185,0.00548672268500622,526.4399999999999,515.75,518.4454841147827,496.7243942191199,61.27198436321839,21.72108989566283,23.468396401046665,30.02925471578229,515.75,18.24957101154002,552.24914202308,479.25085797692,4884668.0
JFL,2024-05-29,540.6,570.0,532.2,548.7,3.53 %,112337.0,62399419.7,0.03528301886792451,0.034674837518762165,537.98,519.685,523.1000250202007,500.5744390917777,65.45145429358674,22.525585928423027,23.27983430652194,30.741450807512127,519.685,16.239726307000527,552.164452614001,487.2055473859989,4997005.0
JFL,2024-05-30,554.9,571.2,544.1,559.9,2.04 %,242731.0,136077419.5,0.020411882631674816,0.020206352289917847,541.94,521.8299999999999,528.7615596324775,504.96892508497933,67.6997960390138,23.79263454749821,23.382394354717196,30.48134717840412,521.8299999999999,18.537106456764963,558.9042129135298,484.75578708647,5239736.0
JFL,2024-06-02,560.0,576.1,540.0,569.9,1.79 %,138500.0,78565741.7,0.017860332202178864,0.01770271048610618,547.1200000000001,523.575,535.0905504582503,509.77863433794386,69.60194700373877,25.31191612030642,23.768298707835044,30.88267952280383,523.575,21.281617345541775,566.1382346910837,481.0117653089165,5378236.0
JFL,2024-06-03,581.2,581.2,550.0,561.0,-1.56 %,73393.0,41358196.3,-0.015616774872784678,-0.01574000131825754,553.9,524.375,539.0766196185194,513.5728095721703,65.883261119466,25.503810046349145,24.115400975537863,30.905345271174987,524.375,22.40070193918884,569.1764038783776,479.5735961216223,5304843.0
JFL,2024-06-04,550.1,571.2,548.0,567.9,1.23 %,97138.0,54591382.4,0.012299465240641627,0.012224441360690457,561.4799999999999,527.0699999999999,543.5109858310549,517.5970459001577,67.34014881566074,25.913939930897186,24.47510876660973,30.354963466091064,527.0699999999999,24.2525766401049,575.5751532802097,478.5648467197901,5401981.0
JFL,2024-06-05,557.0,609.0,557.0,579.3,2.01 %,86293.0,49192413.5,0.02007395668251455,0.019875131219191614,567.6,530.9300000000001,549.0169880108925,522.1676350927386,69.64641287250392,26.849352918153954,24.949957596918576,31.901037504227418,530.9300000000001,26.13934521790848,583.2086904358171,478.6513095641831,5488274.0
JFL,2024-06-06,570.0,600.0,556.0,569.9,-1.62 %,87170.0,49274539.4,-0.016226480234766028,-0.016359571261624503,569.6,534.53,552.2297590861399,525.7033658266098,65.53691723529212,26.526393259530096,25.26524472944088,32.76524911106832,534.53,26.308415703763675,587.1468314075273,481.91316859247263,5401104.0
JFL,2024-06-09,559.0,617.0,548.0,617.0,8.26 %,106457.0,60126736.0,0.08264607825934389,0.07940811706443407,579.0200000000001,539.475,562.1944115344261,532.4660794690832,73.85983832127376,29.728332065342897,26.157862196621284,35.35344560313487,539.475,31.782830104847587,603.0406602096951,475.90933979030484,5507561.0
JFL,2024-06-10,605.0,605.0,555.3,563.5,-8.67 %,299651.0,167705486.5,-0.08670988654781198,-0.0907016904255568,579.5200000000001,541.85,562.3952712983605,534.7648883972993,57.01615287608933,27.63038290106124,26.452366337509275,37.235342345768096,541.85,31.71097269832006,605.2719453966401,478.4280546033599,5207910.0
JFL,2024-06-11,552.3,576.0,541.0,572.9,1.67 %,190124.0,106116752.9,0.01668145519077191,0.016543847934701077,580.52,544.945,564.0113834063051,537.5897114789808,58.79421023549627,26.42167192732427,26.446227455472275,37.07567503535609,544.945,31.56191033841955,608.0688206768391,481.82117932316095,5398034.0
JFL,2024-06-12,572.0,577.3,554.0,554.0,-3.30 %,143110.0,80065059.5,-0.03299005061965432,-0.03354649466724824,575.4599999999999,547.1450000000001,562.4711705745658,538.8052884064637,53.9609650583449,23.665882168102144,25.89015839799825,36.09169824711637,547.1450000000001,30.5139911826467,608.1729823652935,486.1170176347067,5254924.0
JFL,2024-06-13,543.0,563.0,540.0,540.0,-2.53 %,121220.0,66981275.1,-0.02527075812274371,-0.025595547188963768,569.4799999999999,548.51,559.014067409248,538.8937855615404,50.640110719918184,20.120281847707588,24.73618308794012,35.15657694375092,548.51,29.48532016551726,607.4806403310345,489.53935966896546,5133704.0
JFL,2024-06-16,550.0,552.7,536.2,546.8,1.26 %,111072.0,60230317.4,0.012592592592592489,0.012513965291474326,555.4399999999999,550.05,557.1349801155176,539.4794310755003,52.17950457965212,17.655549040017263,23.32005627835555,33.82396430491157,550.05,28.485351729578348,607.0207034591566,493.07929654084325,5244776.0
JFL,2024-06-18,557.7,557.7,534.0,535.0,-2.16 %,36852.0,19830985.0,-0.021580102414045288,-0.02181635795378788,549.74,551.3,553.7295985592841,539.147621366204,49.30586727146693,14.581977193080093,21.57244046130046,33.10082399741789,551.3,27.152725946314934,605.6054518926298,496.99454810737006,5207924.0
JFL,2024-06-19,524.3,565.0,524.3,555.0,3.74 %,123945.0,68299189.2,0.03738317757009346,0.03670136685042796,546.1600000000001,553.65,553.9250449347788,540.3218716353741,53.93631854055511,13.603173299404716,19.97858702892131,33.64362228331662,553.65,25.1694154418433,603.9888308836865,503.3111691163134,5331869.0
JFL,2024-06-20,543.9,566.4,543.9,555.0,0.00 %,74762.0,41877945.2,0.0,0.0,546.36,556.85,554.0904226371206,541.4091404031242,53.93631854028984,12.681282233996399,18.519126069936327,32.84764926307972,556.85,20.40187039928828,597.6537407985766,516.0462592014235,5331869.0
JFL,2024-06-23,566.0,575.7,555.0,570.0,2.70 %,100731.0,56943518.7,0.027027027027026973,0.026668247082161273,552.36,558.345,556.5380499237174,543.5269818547446,57.32672831394445,13.011068068972804,17.417514469743622,31.979960030002598,558.345,20.204415228774135,598.7538304575482,517.9361695424518,5432600.0
JFL,2024-06-24,581.0,612.0,565.0,599.0,5.09 %,218206.0,128099953.4,0.050877192982456076,0.04962523728685345,562.8,561.095,563.0706576277609,547.6360943099487,62.997204204246046,15.434563317812149,17.020924239357328,33.05282002785955,561.095,21.827010668818424,604.7490213376369,517.4409786623631,5650806.0
JFL,2024-06-25,587.1,615.9,577.0,577.0,-3.67 %,77650.0,46395983.3,-0.036727879799666074,-0.03741933160734975,571.2,563.5899999999999,565.2136333773361,549.8111984351377,56.82792106830844,15.402434942198397,16.697226379925542,33.4704757401553,563.5899999999999,20.551293978978343,604.6925879579566,522.4874120420433,5573156.0
JFL,2024-06-26,588.0,596.2,566.2,578.0,0.17 %,63462.0,37029036.9,0.0017331022530329143,0.0017316021642778939,575.8,565.99,567.1807667038998,551.8992578103127,57.033889881001656,15.281508893587102,16.414082882657855,33.222584615858494,565.99,19.17909772313451,604.3481954462691,527.631804553731,5636618.0
JFL,2024-06-27,570.0,599.0,570.0,585.0,1.21 %,135665.0,79460537.7,0.01211072664359869,0.012037978559479098,581.8,567.8050000000001,569.9221872109922,554.3511646391785,58.52552342324353,15.571022571813728,16.245470820489032,32.92097142901146,567.8050000000001,19.174365425576372,606.1537308511528,529.4562691488474,5772283.0
JFL,2024-06-30,573.3,620.0,573.3,596.0,1.88 %,198254.0,119857290.0,0.018803418803418737,0.0186288198334932,587.0,569.61,573.9341584093011,557.4362635547949,60.82697850457623,16.49789485450617,16.29595562729246,33.905187755510646,569.61,20.069324589371057,609.7486491787421,529.4713508212579,5970537.0
JFL,2024-07-01,584.1,624.8,584.1,605.0,1.51 %,160641.0,97695149.7,0.015100671140939603,0.014987790965491708,588.2,571.365,578.7135186540239,560.9595032914767,62.653023782456664,17.754015362547193,16.58756757434341,34.390531487259885,571.365,21.574284765844254,614.5135695316885,528.2164304683115,6131178.0
JFL,2024-07-02,617.1,653.8,605.0,631.1,4.31 %,115372.0,71988772.9,0.04314049586776858,0.042235870559352365,599.02,574.87,586.7729773226356,566.1550956402563,67.39911940043783,20.617881682379334,17.393630395950595,35.41977923816989,574.87,25.192607520541543,625.2552150410831,524.4847849589169,6246550.0
JFL,2024-07-03,620.0,679.0,620.0,674.9,6.94 %,188866.0,123887819.8,0.06940263032799865,0.06710020315916689,618.4,580.22,600.3309808114609,574.210273740978,73.48804969137309,26.120707070482922,19.139045730857063,37.10408072115776,580.22,33.59483982932075,647.4096796586415,513.0303203413586,6435416.0
JFL,2024-07-04,674.0,682.0,643.0,649.9,-3.70 %,134769.0,89146131.7,-0.037042524818491684,-0.037746026849057666,631.3799999999999,583.75,607.9569837635438,579.8169201305352,65.92007071349863,28.140063633008594,20.93924931128737,37.23950352678935,583.75,37.02693898401713,657.8038779680343,509.69612203196573,6300647.0
JFL,2024-07-07,649.0,680.2,635.1,680.2,4.66 %,132309.0,86571335.2,0.04662255731651044,0.04556836767279208,648.22,589.2650000000001,619.0712939537678,587.2527038245696,69.95816909616086,31.818590129198242,23.115117474869546,37.80096756059012,589.2650000000001,42.643791119604145,674.5525822392084,503.9774177607918,6432956.0
JFL,2024-07-08,693.8,693.8,641.0,671.9,-1.22 %,232869.0,155551282.2,-0.012202293443105083,-0.012277352646990914,661.6,592.01,627.1987871916497,593.5228739116386,67.59543039125795,33.67591328001106,25.22727663589785,38.872327020547964,592.01,46.14620814666769,684.3024162933353,499.71758370666464,6200087.0
JFL,2024-07-09,680.0,720.0,632.0,650.0,-3.26 %,203525.0,135644408.8,-0.03259413603214756,-0.0331371570364214,665.38,596.335,630.706666085242,597.7063647329987,61.676444604560174,33.00030135224324,26.78188157916693,42.38144651908025,596.335,47.37081352144999,691.0766270429,501.5933729571001,5996562.0
JFL,2024-07-10,663.0,700.0,663.0,694.9,6.91 %,216090.0,148280361.4,0.06907692307692304,0.06679558743059884,669.3799999999999,602.435,640.5825636105893,604.9058932712952,67.88541013694893,35.676670339294105,28.56083933119237,42.92562891057452,602.435,51.838588299083405,706.1121765981668,498.75782340183315,6212652.0
JFL,2024-07-11,681.1,755.8,681.1,755.8,8.76 %,164026.0,115191760.7,0.08763850913800542,0.08400884059510688,690.5600000000001,612.525,658.308323055114,616.0832345104585,74.03100851058574,42.22508854465548,31.293689173884992,45.195226845533476,612.525,60.78272672742467,734.0904534548494,490.95954654515066,6376678.0
JFL,2024-07-14,750.0,831.0,700.0,825.0,9.16 %,327343.0,242758572.5,0.09155861338978566,0.08760659541929239,719.52,626.775,683.9531964312503,631.5585504726467,78.9583721586296,52.39464595860352,35.5138805308287,51.32413921370966,626.775,74.69966444650701,776.174328893014,477.3756711069859,6704021.0
JFL,2024-07-15,808.5,808.5,742.5,742.5,-10.00 %,256658.0,191546122.6,-0.09999999999999998,-0.10536051565782628,733.64,636.5600000000001,692.9603969802887,639.776435622821,63.49135222420325,53.18396135746764,39.04789669615649,53.550986412730396,636.5600000000001,76.46881304440862,789.4976260888172,483.6223739111828,6447363.0
JFL,2024-07-16,727.7,743.5,686.0,718.0,-3.30 %,238075.0,171792046.0,-0.032996632996633024,-0.03355330162863053,747.24,645.71,696.8126435987058,645.5707737248343,59.74825989534035,51.24186987387145,41.48669133169948,53.83305881182108,645.71,74.6027013762318,794.9154027524637,496.5045972475364,6209288.0
JFL,2024-07-17,703.7,765.0,703.7,746.0,3.90 %,179535.0,133721551.3,0.03899721448467974,0.038256031155536746,757.46,655.26,704.3799291989048,653.0099756711429,62.47131213836642,51.369953527761936,43.463343770911976,54.36641175383386,655.26,74.60472258227733,804.4694451645546,506.0505548354453,6388823.0
JFL,2024-07-18,731.1,777.7,710.6,724.0,-2.95 %,244049.0,179548855.8,-0.029490616621983934,-0.029934207818044505,751.1,663.71,707.3984016298425,658.268495991799,59.08889979660792,49.12990563804351,44.59665614433828,55.27595377141716,663.71,72.18269875807908,808.0753975161582,519.3446024838419,6144774.0
JFL,2024-07-21,730.0,749.0,710.0,725.0,0.14 %,119184.0,87081443.6,0.0013812154696133394,0.0013802624689584903,731.1,671.46,710.106339840636,663.2115703627768,59.19704308243814,46.8947694778592,45.05627881104247,54.11338564488736,671.46,69.87588545714912,811.2117709142983,531.7082290857018,6263958.0
JFL,2024-07-22,716.0,737.9,708.6,715.0,-1.38 %,150360.0,107616627.7,-0.01379310344827589,-0.01388911216066715,725.6,677.26,710.8592106343843,667.0477503359044,57.55851948363119,43.811460298479915,44.80731510852996,52.341000955966834,677.26,68.34226094868755,813.9445218973751,540.5754781026249,6113598.0
JFL,2024-07-23,715.0,730.0,701.0,718.2,0.45 %,129744.0,93489398.0,0.004475524475524573,0.004465539097974907,725.64,684.3199999999999,711.988562844479,670.8368058665782,57.959529221407685,41.151756977900845,44.076203482404146,50.673786601969205,684.3199999999999,64.63247187793586,813.5849437558717,555.0550562441282,6243342.0
JFL,2024-07-24,730.0,739.0,718.0,719.0,0.11 %,129772.0,94651140.1,0.001113895850737956,0.0011132759290642237,720.24,691.37,713.06724548379,674.4044498764613,58.06620192064909,38.66279560732869,42.99352190738906,48.554230416114265,691.37,59.94492296661331,811.2598459332266,571.4801540667734,6373114.0
JFL,2024-07-25,732.0,733.0,717.0,717.5,-0.21 %,119520.0,86639252.0,-0.0020862308762169546,-0.002088410087270501,718.9399999999999,697.995,713.749207717053,677.5967128485753,57.770212875133645,36.152494868477675,41.62531649960678,46.22892824353468,697.995,54.65916858611938,807.3133371722388,588.6766628277612,6253594.0
JFL,2024-07-28,730.0,731.8,705.6,716.4,-0.15 %,65084.0,46714711.8,-0.001533101045296248,-0.001534277447219542,717.22,704.015,714.1570219144295,680.4710304153475,57.53858145041125,33.68599149908198,40.03745149950183,44.79829051185363,704.015,49.19126232851901,802.397524657038,605.6324753429619,6188510.0
JFL,2024-07-29,727.0,782.0,715.0,765.1,6.80 %,288963.0,217145247.7,0.06797878280290348,0.06576787405124954,727.24,712.02,721.9944031583634,686.7398429771736,64.3531139547916,35.254560181189845,39.080873235839434,46.384126903864086,712.02,45.08566816277298,802.191336325546,621.848663674454,6477473.0
JFL,2024-07-30,780.4,819.9,765.0,808.0,5.61 %,166212.0,132281267.0,0.0560711018167559,0.05455551428328912,745.2,720.865,735.2260334416922,695.7220768307162,69.06321064963122,39.50395661097593,39.16548991086674,46.99240355358808,720.865,45.72288699039347,812.310773980787,629.419226019213,6643685.0
JFL,2024-07-31,815.0,880.0,808.0,855.0,5.82 %,154997.0,132602204.8,0.05816831683168311,0.056539410415664786,772.4,729.87,753.6527975275857,707.5204415099224,73.23565118236918,46.132356017663255,40.558863132226044,48.77866044261751,729.87,53.30087488172519,836.4717497634504,623.2682502365496,6798682.0
JFL,2024-08-01,855.0,879.0,799.7,815.0,-4.68 %,209170.0,177031574.5,-0.04678362573099415,-0.047913355695897504,791.9,738.125,763.0908286771878,715.4818902869652,65.17875458210321,47.60893839022265,41.96887818382537,50.958756125287685,738.125,53.04799093372596,844.2209818674519,632.0290181325481,6589512.0
JFL,2024-08-05,815.0,825.0,740.0,770.0,-5.52 %,217951.0,171358021.3,-0.05521472392638038,-0.05679759839313319,802.6200000000001,742.615,764.1537781114666,719.520268784227,57.51310031788595,44.63350932723961,42.50180441250822,53.390273544909995,742.615,51.66960090705303,845.9542018141061,639.2757981858939,6371561.0
JFL,2024-08-06,754.6,755.0,700.0,705.0,-8.44 %,210782.0,153756106.2,-0.08441558441558439,-0.08819271203546085,790.6,744.27,755.0531968635487,718.4446933187287,48.61843396322535,36.608503544819996,41.32314423897058,54.57668257741643,744.27,49.78094224224477,843.8318844844895,644.7081155155105,6160779.0
JFL,2024-08-07,690.9,771.0,690.0,743.9,5.52 %,97769.0,72212150.7,0.05517730496453899,0.05370881438502702,777.78,748.9649999999999,753.3373204230027,720.3302715914155,53.27565677580741,33.00704883158721,39.65992515749391,56.46406239331525,748.9649999999999,44.57822544931448,838.1214508986288,659.808549101371,6258548.0
JFL,2024-08-08,729.1,740.0,710.0,715.0,-3.88 %,153874.0,111194809.7,-0.03884930770264816,-0.03962407450328798,749.78,749.97,747.4392711271561,719.935436658718,49.67338589066088,27.503834468438072,37.228707019682744,54.852343650935595,749.97,43.50894765809867,836.9878953161974,662.9521046838026,6104674.0
JFL,2024-08-11,720.0,740.0,714.1,720.0,0.70 %,107487.0,78062972.2,0.006993006993007089,0.0069686693160934355,730.78,748.18,743.2178447999013,719.9402191284427,50.2995166120847,23.277625671458622,34.43849075003792,52.7843191044402,748.18,43.99023336580896,836.1604667316178,660.1995332683821,6212161.0
JFL,2024-08-12,734.4,770.0,730.0,751.9,4.43 %,133850.0,100974247.1,0.0443055555555556,0.04335212437388026,727.16,744.525,744.5535609845319,722.3076103041136,54.213426366093934,22.245950680418332,31.999982736114006,52.585439168408755,744.525,40.13989844740287,824.8047968948057,664.2452031051943,6346011.0
JFL,2024-08-13,766.9,782.0,740.0,754.0,0.28 %,130204.0,99271059.4,0.0027929245910360834,0.002789031623974898,736.96,745.1,746.0068592946039,724.6551947260311,54.467631159135145,21.3516645685728,29.87031910260577,51.829336370665274,745.1,40.19169854059841,825.4833970811968,664.7166029188032,6476215.0
JFL,2024-08-14,769.0,816.0,745.1,790.5,4.84 %,220920.0,175143244.4,0.04840848806366038,0.04727328864157054,746.28,748.725,752.8519578646649,729.5325877092881,58.75396550245424,23.31937015537676,28.56012931315997,53.191526629903464,748.725,40.88238425171222,830.4897685034244,666.9602314965756,6697135.0
JFL,2024-08-15,806.0,820.0,755.0,763.0,-3.48 %,158060.0,125032405.4,-0.03478810879190386,-0.0354076253650697,755.88,749.575,754.4131951162549,732.0116552863778,54.58468495435413,22.401539829877038,27.328411416503386,54.03498901348179,749.575,40.99930519307823,831.5736103861565,667.5763896138436,6539075.0
JFL,2024-08-18,748.0,808.0,726.0,749.9,-1.72 %,158451.0,120466032.8,-0.017169069462647513,-0.017318166977113376,761.86,750.87,753.7188574060618,733.3367178577572,52.667389623893925,20.38213954830462,25.939157042863634,56.032489798233094,750.87,40.55561613388926,831.9812322677785,669.7587677322215,6380624.0
JFL,2024-08-21,764.8,790.0,764.0,789.0,5.21 %,153460.0,119352076.8,0.05214028537138282,0.05082645653853052,769.28,754.07,759.1467254974369,737.4599239423678,57.46926852813823,21.68680155506911,25.08868594530473,54.894454812645016,754.07,40.93013431124081,835.9302686224817,672.2097313775184,6534084.0
JFL,2024-08-22,804.0,815.0,777.0,778.0,-1.39 %,120611.0,96641237.2,-0.013941698352344711,-0.014039796667482611,774.08,757.22,762.0472292670621,740.4628925392295,55.75555011261254,21.58433672783258,24.3878161018103,53.68770804031323,757.22,40.18246016936396,837.5849203387279,676.8550796612722,6413473.0
JFL,2024-08-25,793.5,793.5,738.0,741.0,-4.76 %,66643.0,50668231.9,-0.04755784061696655,-0.048725898882304684,764.1800000000001,758.36,758.8091939952064,740.5026782770644,50.320060489504016,18.30651571814201,23.171556025076644,53.81715746600515,758.36,39.331591695004136,837.0231833900083,679.6968166099917,6346830.0
JFL,2024-08-27,755.0,755.0,695.0,702.0,-5.26 %,74284.0,53785790.9,-0.052631578947368474,-0.05406722127027582,751.98,757.51,750.069317995944,737.650628034319,45.306371253314204,12.418689961624978,21.02098281238631,54.25878907557621,757.51,40.3962595975549,838.3025191951098,676.7174808048902,6272546.0
JFL,2024-08-28,688.0,743.0,686.0,688.0,-1.99 %,64539.0,45393017.2,-0.019943019943019946,-0.020144566092467463,739.6,756.0350000000001,740.5201921504141,733.9728037354805,43.62598315673543,6.547388414933607,18.12626393289577,54.454589855892195,756.0350000000001,42.42183245005357,840.8786649001072,671.191335099893,6208007.0
JFL,2024-08-29,700.0,714.0,670.0,670.0,-2.62 %,63963.0,43806033.6,-0.026162790697674465,-0.026511125548331967,715.8,753.715,729.6709318195811,729.2340775328523,41.495022300672545,0.436854286728817,14.588382003662382,53.707833437614184,753.715,45.834981756633766,845.3849635132676,662.0450364867324,6144044.0
JFL,2024-09-01,683.4,683.4,648.1,648.1,-3.27 %,49153.0,32755107.4,-0.03268656716417906,-0.03323270695134139,689.8199999999999,747.865,717.1215576934918,723.2241458637521,38.99904565481778,-6.102588170260333,10.45018796887784,52.39298819207031,747.865,51.430344053613624,850.7256881072273,645.0043118927728,6094891.0
JFL,2024-09-02,650.0,704.0,645.0,700.0,8.01 %,95578.0,65382097.4,0.08008023453170798,0.07703532960973429,681.62,742.4649999999999,714.4874718944931,721.5038387627335,47.11735523382595,-7.016366868240425,6.9568770014541865,52.86491760692243,742.4649999999999,50.44442773461787,843.3538554692357,641.5761445307642,6190469.0
JFL,2024-09-03,714.0,721.0,689.0,695.0,-0.71 %,62757.0,44164288.9,-0.0071428571428571175,-0.007168489478612516,680.22,734.4649999999999,711.4893992953403,719.5405914469756,46.475640963880984,-8.051192151635291,3.9552631708362913,51.37456634928512,734.4649999999999,43.923956717076756,822.3129134341534,646.6170865658464,6127712.0
JFL,2024-09-04,704.0,708.0,648.0,655.0,-5.76 %,55413.0,37346531.4,-0.05755395683453235,-0.05927660992954019,673.62,726.4649999999999,702.7987224806725,714.7598068953477,41.595002713069114,-11.961084414675156,0.7719936537340022,51.99066875290761,726.4649999999999,43.04573180136717,812.5564636027343,640.3735363972655,6072299.0
JFL,2024-09-05,650.0,668.1,638.1,649.9,-0.78 %,59155.0,38445871.9,-0.0077862595419847525,-0.00781673073494874,669.6,720.46,694.6604574836459,709.9553767549515,41.003754657126315,-15.294919271305616,-2.441388931273922,50.4199066991285,720.46,44.9862364916612,810.4324729833224,630.4875270166776,6013144.0
JFL,2024-09-08,637.0,670.0,633.0,635.0,-2.29 %,32443.0,21169694.5,-0.02292660409293734,-0.023193506007611515,666.98,716.96,685.481925563085,704.4031266249551,39.24845251620477,-18.92120106187008,-5.737351357393154,49.461341934905036,716.96,48.81267523049074,814.5853504609815,619.3346495390185,5980701.0
JFL,2024-09-09,644.0,644.0,622.0,623.5,-1.81 %,38855.0,24500358.7,-0.018110236220472475,-0.018276233772600542,651.6800000000001,710.94,675.9462447072258,698.4103024305141,37.89991585595858,-22.464057723288306,-9.082692630572184,47.49981751098325,710.94,52.59330956049259,816.1266191209852,605.7533808790149,5941846.0
JFL,2024-09-10,635.0,645.0,612.0,618.0,-0.88 %,33996.0,21344935.4,-0.008821170809943824,-0.008860307662400327,636.28,706.09,667.0314378291911,692.4539837319576,37.240879041506936,-25.4225459027665,-12.350663285011048,46.46411626019873,706.09,56.524786365661825,819.1395727313237,593.0404272686764,5907850.0
JFL,2024-09-11,630.0,630.3,611.0,615.0,-0.49 %,50928.0,31605458.9,-0.004854368932038833,-0.004866189651172899,628.28,700.84,659.0266012400848,686.7166516036644,36.86433044891573,-27.690050363579644,-15.418540700724769,44.523822241613104,700.84,59.937962664913506,820.7159253298271,580.964074670173,5856922.0
JFL,2024-09-12,615.0,645.0,615.0,644.0,4.72 %,60948.0,38330939.5,0.047154471544715415,0.046076458297835715,627.1,695.445,656.7148164339179,683.5524551885782,42.87707770077352,-26.837638754660247,-17.702360311511868,43.48640636721217,695.445,59.956198705033174,815.3573974100664,575.5326025899337,5917870.0
JFL,2024-09-15,656.8,658.0,620.0,622.0,-3.42 %,41720.0,26649989.4,-0.03416149068322982,-0.03475863336517418,624.5,688.845,651.3740754440844,678.9930140634982,39.781850685166404,-27.618938619413825,-19.68567597309226,43.094520198125586,688.845,60.43458817074841,809.7141763414968,567.9758236585033,5876150.0
JFL,2024-09-16,633.0,633.0,583.5,585.0,-5.95 %,65225.0,38950830.8,-0.059485530546623755,-0.06132824550732291,616.8,678.57,641.1626792219175,672.0305685773131,35.181926510686495,-30.86788935539562,-21.92211864955293,43.552054469688045,678.57,59.706731525626594,797.9834630512532,559.1565369487469,5810925.0
JFL,2024-09-18,575.0,590.0,564.0,567.0,-3.08 %,37935.0,21683041.6,-0.03076923076923077,-0.031252543504104426,606.6,668.7700000000001,629.7530362646995,664.2505264604752,33.17238120590093,-34.49749019577564,-24.437192958797475,42.29833629328176,668.7700000000001,61.18635124721003,791.1427024944202,546.39729750558,5772990.0
JFL,2024-09-22,578.3,600.0,569.0,576.0,1.59 %,25539.0,14780514.4,0.015873015873015817,0.015748356968139112,598.8,660.075,621.4833383778226,657.7134504263659,35.16641675836415,-36.23011204854322,-26.795776776746624,41.6341694151902,660.075,61.40622182602493,782.8874436520499,537.2625563479502,5798529.0
JFL,2024-09-23,577.0,577.0,525.0,535.0,-7.12 %,48695.0,26985013.6,-0.07118055555555558,-0.07384091379988472,577.0,647.375,608.1782093966191,648.623565209598,30.675864524413356,-40.44535581297896,-29.52569258399309,42.37458588553376,647.375,59.57748492950971,766.5299698590194,528.2200301409806,5749834.0
JFL,2024-09-24,536.0,545.7,510.0,511.0,-4.49 %,34820.0,18218690.4,-0.04485981308411213,-0.0458971566923021,554.8,634.025,593.2277156432931,638.4292270459241,28.390493854748144,-45.20151140263101,-32.66085634772068,41.897829750852786,634.025,58.67432752512793,751.3736550502558,516.6763449497441,5715014.0
JFL,2024-09-25,520.0,540.0,500.0,535.5,4.79 %,27889.0,14601817.2,0.047945205479452024,0.04683129968409899,544.9,623.75,584.346528621248,630.8048398573371,33.811523116871584,-46.458311236089116,-35.42034732539437,41.76227048293473,623.75,56.92232472968114,737.5946494593622,509.90535054063776,5742903.0
JFL,2024-09-26,546.2,553.5,518.0,521.0,-2.71 %,27144.0,14582294.3,-0.027077497665732975,-0.027450848134436556,535.7,614.7,574.6009088333637,622.6711480160529,32.25520805076617,-48.07023918268919,-37.950325696853334,41.314965448439395,614.7,58.20079579849967,731.1015915969994,498.29840840300074,5715759.0
JFL,2024-09-29,520.0,537.5,511.2,527.0,1.15 %,22822.0,11862508.8,0.011516314779270731,0.011450506787995505,525.9,606.65,567.2776920897693,615.5843963111602,33.61683664235163,-48.30670422139087,-40.02160140176085,40.24246791640801,606.65,58.66123529483091,723.9724705896618,489.3275294103382,5738581.0
JFL,2024-09-30,527.1,550.4,527.0,550.0,4.36 %,18608.0,10095591.7,0.0436432637571158,0.042717729685154325,528.9,600.65,564.6195856144202,610.7262928807039,38.70292357662433,-46.106707266283706,-41.23862257466542,39.03943449380744,600.65,57.97352844186507,716.5970568837301,484.7029431162698,5757189.0
JFL,2024-10-01,550.0,605.0,550.0,605.0,10.00 %,43390.0,25588918.6,0.10000000000000009,0.09531017980432493,547.7,598.4950000000001,570.8319570583556,610.3021230376888,48.80426701894585,-39.470165979333274,-40.88493125559899,40.17947488710691,598.4950000000001,56.90814829270942,712.311296585419,484.67870341458126,5800579.0
JFL,2024-10-02,616.0,630.0,596.0,602.0,-0.50 %,76093.0,46677624.5,-0.0049586776859503745,-0.004971012722020386,561.0,593.595,575.6270405878394,609.687150960823,48.336363193467974,-34.06011037298367,-39.519967079075926,39.73808382374214,593.595,51.68784317011787,696.9706863402357,490.2193136597643,5724486.0
JFL,2024-10-06,610.0,647.0,600.0,641.0,6.48 %,39005.0,24602852.1,0.0647840531561461,0.06277201161184894,585.0,590.8950000000001,585.684418958941,612.0066212600213,54.45019341073345,-26.322202301080324,-36.88041412347681,40.25679212204627,590.8950000000001,47.3394736256927,685.5739472513854,496.2160527486147,5763491.0
JFL,2024-10-07,652.0,675.0,618.5,640.0,-0.16 %,48350.0,31658516.4,-0.0015600624024960652,-0.0015612805669524645,607.6,590.1450000000001,594.040662196027,614.0802048703902,54.27284346821936,-20.039542674363133,-33.51223983365408,41.417021256185826,590.1450000000001,46.37949268917271,682.9039853783455,497.3860146216547,5715141.0
JFL,2024-10-08,640.0,649.0,615.1,620.9,-2.98 %,19950.0,12443111.2,-0.029843750000000058,-0.03029813798287049,621.78,588.6949999999999,598.172868012023,614.5853748799909,50.86508026109997,-16.412506867967977,-30.09229324051686,40.88009116645827,588.6949999999999,44.840799971733645,678.3765999434672,499.01340005653265,5695191.0
JFL,2024-10-09,630.0,631.9,611.3,616.0,-0.79 %,28170.0,17405228.5,-0.007891770011273946,-0.007923074837327322,623.9799999999999,587.745,600.9155037024809,614.6901619259176,49.9977496239819,-13.774658223436631,-26.828766237100815,39.43151322599697,587.745,44.001560678060386,675.7481213561208,499.7418786438792,5667021.0
JFL,2024-10-15,628.0,677.6,628.0,677.6,10.00 %,75093.0,49940964.8,0.10000000000000009,0.09531017980432493,639.1,590.45,612.7131185174838,619.3501499314052,59.37591454523239,-6.637031413921363,-22.790419272464927,41.01497656699719,590.45,47.813106549297736,686.0762130985955,494.82378690140456,5742114.0
JFL,2024-10-16,691.1,713.8,679.0,694.0,2.42 %,118924.0,83376655.2,0.024203069657614984,0.02391481716895974,649.7,594.25,625.2187925917171,624.8797684550049,61.44897543958593,0.3390241367122826,-18.164530590629486,40.67104966935453,594.25,52.87053203718012,699.9910640743602,488.5089359256398,5861038.0
JFL,2024-10-17,681.0,703.9,675.0,686.0,-1.15 %,53534.0,36991752.2,-0.011527377521613813,-0.011594332780919257,658.9,597.8,634.5697475776068,629.4071930138933,59.8446782561483,5.1625545637134564,-13.499113559760898,39.830260407257775,597.8,56.58994703357568,710.9798940671513,484.62010593284856,5807504.0
JFL,2024-10-20,672.3,688.0,650.0,656.0,-4.37 %,80543.0,53645234.4,-0.04373177842565601,-0.04471683878179622,665.9200000000001,598.4,637.8667094887442,631.3770305684197,54.13675237376194,6.4896789203244225,-9.501355063743835,39.69952752102508,598.4,57.16624878369878,712.7324975673976,484.0675024326024,5726961.0
JFL,2024-10-21,669.0,669.0,625.0,629.5,-4.04 %,46007.0,29415889.9,-0.04039634146341464,-0.04123493545968719,668.6200000000001,598.775,636.5795234135527,631.2379912670553,49.633398220665136,5.341532146497343,-6.5327776216956,40.00670412666615,598.775,57.353501017349494,713.482002034699,484.067997965301,5680954.0
JFL,2024-10-22,640.0,655.0,630.1,649.0,3.10 %,28033.0,18074493.3,0.030976965845909366,0.030506863219688055,662.9,601.975,638.4903659653138,632.5536956176438,52.74823543716339,5.936670347669974,-4.038888027822486,38.970510974761424,601.975,58.32172904627487,718.6184580925498,485.3315419074503,5708987.0
JFL,2024-10-23,650.0,680.0,642.4,660.0,1.69 %,43339.0,28753546.0,0.016949152542372836,0.01680711831638119,656.1,606.625,641.7995404321886,634.5867552015221,54.459181405972096,7.212785230666441,-1.7885533761247006,38.87261733370704,606.625,59.08880805060995,724.8026161012199,488.4473838987801,5752326.0
JFL,2024-10-24,673.2,699.0,661.0,666.0,0.91 %,71661.0,48394866.9,0.009090909090909038,0.009049835519917856,652.1,611.125,645.5226880580057,636.9136622236316,55.40764768442378,8.609025834374052,0.2909624659750498,38.88171609558511,611.125,60.05294046001784,731.2308809200357,491.0191190799643,5823987.0
JFL,2024-10-27,679.3,727.0,679.0,705.3,5.90 %,189009.0,132571996.0,0.05900900900900896,0.05733357367374434,661.9599999999999,619.64,654.7191975875432,641.979316873733,61.11952198010661,12.739880713810294,2.7807461155420987,40.46159351732903,619.64,60.76034371545921,741.1606874309184,498.11931256908156,6012996.0
JFL,2024-10-28,710.1,775.8,710.0,775.8,10.00 %,220461.0,166481674.0,0.09995746490854951,0.09527151079173324,691.22,632.8799999999999,673.3470133433058,651.8919600682713,68.83220648503863,21.455053275034516,6.515607547440582,42.607193980376955,632.8799999999999,64.5722410621556,762.0244821243111,503.7355178756887,6233457.0
JFL,2024-10-29,791.3,823.0,787.1,789.5,1.77 %,174472.0,138583771.0,0.017659190513018785,0.01750507868982995,719.3199999999999,645.5799999999999,691.2167035981818,662.0851482113624,70.07452005343333,29.1315553868194,11.038797115316346,42.93525155320717,645.5799999999999,69.2223997819967,784.0247995639934,507.1352004360065,6407929.0
JFL,2024-10-30,775.0,785.0,750.0,750.8,-4.90 %,118125.0,90265756.7,-0.04901836605446486,-0.05026052898334303,737.4799999999999,657.0699999999999,700.3833645830769,668.6566187142245,62.49649692153742,31.72674586885239,15.176386866023556,42.6898764422638,657.0699999999999,66.47268611993654,790.015372239873,524.1246277601268,6289804.0
JFL,2024-11-05,751.0,785.0,750.0,771.9,2.81 %,57607.0,44302654.4,0.02810335641981898,0.027715703243454543,758.66,669.3149999999999,711.385923877988,676.3042765872449,64.73566971525926,35.08164729074315,19.157438950967475,42.14059955353068,669.3149999999999,63.752261260201976,796.8195225204039,541.810477479596,6347411.0
JFL,2024-11-06,758.0,809.0,758.0,790.4,2.40 %,98919.0,78137078.5,0.023966835082264604,0.023684138477849944,775.6800000000001,681.3349999999999,723.5419355890668,684.7558116548564,66.61761540382872,38.78612393421042,23.083175947616066,42.77341387113563,681.3349999999999,62.72687894439522,806.7887578887903,555.8812421112095,6446330.0
JFL,2024-11-10,790.0,831.3,790.0,830.0,5.01 %,165421.0,135222198.5,0.05010121457489891,0.04888655435698567,786.52,692.5849999999999,739.9200993445951,695.5146404211634,70.27448125293684,44.40545892343164,27.34763254277918,42.66817002319737,692.5849999999999,68.24937458745296,829.0837491749058,556.086250825094,6611751.0
JFL,2024-11-11,838.0,851.0,817.0,849.9,2.40 %,191070.0,159976453.8,0.023975903614457783,0.023692994713936905,798.6,704.9799999999999,756.8400840608113,706.9505929825588,71.93809100695286,49.88949107825249,31.856004249873845,42.04901502154042,704.9799999999999,73.25916935603581,851.4983387120715,558.4616612879283,6802821.0
JFL,2024-11-12,866.0,923.0,836.0,899.0,5.78 %,234336.0,205903508.1,0.05777150252970942,0.056164338967039755,828.24,717.8799999999999,778.710840359148,721.1764749838508,75.57090013190452,57.534365375297284,36.99167647495854,45.25979966285897,717.8799999999999,83.41189237436801,884.7037847487359,551.0562152512639,7037157.0
JFL,2024-11-13,916.9,980.0,880.0,979.9,9.00 %,355310.0,338633011.5,0.08998887652947718,0.0861674911701525,869.8399999999999,734.875,809.663018765433,740.3411805406025,80.13423529929467,69.32183822483046,43.45770882493292,49.16981397265475,734.875,99.7380562695127,934.3511125390254,535.3988874609746,7392467.0
JFL,2024-11-14,960.4,1038.0,955.0,984.9,0.51 %,359609.0,352499389.1,0.005102561485865964,0.00508958753388395,908.74,753.075,836.6225543399818,758.456648648706,80.378196072119,78.16590569127573,50.39934819820149,51.58625583175085,753.075,110.4782230267906,974.0314460535812,532.1185539464188,7752076.0
JFL,2024-11-17,970.0,1083.3,927.1,1062.0,7.83 %,363922.0,354098888.8,0.07828205909229369,0.07536908862622752,955.14,775.375,871.2960075184461,780.9413413413945,83.70188994692596,90.35466617705163,58.39041179397152,59.05866612948292,775.375,125.36318134460953,1026.101362689219,524.6486373107809,8115998.0
JFL,2024-11-19,1040.8,1040.8,955.8,974.9,-8.20 %,205179.0,198415478.2,-0.08201506591337104,-0.08557430016665835,980.14,790.24,887.235083284839,795.3086493901801,69.40009327059161,91.92643389465889,65.097616214109,62.42590426309129,790.24,130.67306088901637,1051.5861217780327,528.8938782219673,7910819.0
JFL,2024-11-20,955.5,1072.3,918.3,1072.3,9.99 %,332130.0,322051558.1,0.09990768283926554,0.0952262515908741,1014.8,809.155,915.7066089333252,815.8265272131297,74.62209077673187,99.88008172019556,72.05410931532631,68.96691110144192,809.155,142.82372084790882,1094.8024416958176,523.5075583041823,8242949.0
JFL,2024-11-21,1050.9,1050.9,965.1,965.1,-10.00 %,117885.0,114718479.4,-0.09997202275482597,-0.1053294303130095,1011.8399999999999,823.11,923.3055921743521,826.8838214936386,62.06752979349815,96.42177068071351,76.92764158840376,71.69784602276751,823.11,143.78905199521785,1110.6881039904356,535.5318960095643,8125064.0
JFL,2024-11-24,945.8,1043.0,868.6,1043.0,8.07 %,649606.0,608736152.8,0.08071702414257587,0.07762473208768206,1023.4599999999998,842.4599999999998,941.720116455221,842.8924273089247,66.48075150766543,98.8276891462964,81.30765109998228,79.0337141639984,842.4599999999998,146.13763303637054,1134.7352660727408,550.1847339272588,8774670.0
JFL,2024-11-25,1022.2,1022.2,944.0,1006.9,-3.46 %,137719.0,135321963.0,-0.03461169702780442,-0.03522487207920325,1012.4399999999999,861.3299999999999,951.7477908467255,855.0411363971525,62.832510973183844,96.70665444957297,84.38745176990042,80.45987743799851,861.3299999999999,141.48367248183285,1144.2973449636656,578.3626550363342,8636951.0
JFL,2024-11-26,986.8,1080.0,960.4,970.2,-3.64 %,221407.0,220494487.0,-0.036448505313337876,-0.03712934711045295,1011.5,877.39,954.5865922549215,863.571422589956,59.271471410607575,91.01516966496547,85.71299534891344,83.25560047814149,877.39,134.15331723932485,1145.6966344786497,609.0833655213503,8415544.0
JFL,2024-11-27,950.8,990.0,877.3,941.0,-3.01 %,364475.0,340112238.3,-0.030096887239744463,-0.03055909622573661,985.24,891.4399999999999,952.4963472926258,869.3068727684778,56.52645103194787,83.18947452414807,85.20829118396037,85.35877187255996,891.4399999999999,124.55920342509363,1140.558406850187,642.3215931498127,8051069.0
JFL,2024-11-28,922.2,1035.1,856.9,1015.0,7.86 %,254625.0,231644893.5,0.07863974495217851,0.07570075189050805,995.22,908.89,962.1122938629911,880.0989562671091,61.40473864770991,82.01333759588204,84.5693004663447,91.9902881673771,908.89,115.42569676498944,1139.741393529979,678.0386064700211,8305694.0
JFL,2024-12-01,994.7,994.7,913.5,913.5,-10.00 %,103201.0,94719792.7,-0.09999999999999998,-0.10536051565782628,969.32,919.3,954.633479422531,882.5731076547306,52.673885767628285,72.06037176780035,82.06751472663584,92.66955329827874,919.3,105.01722665703899,1129.334453314078,709.265546685922,8202493.0
JFL,2024-12-02,895.3,967.5,822.2,948.6,3.84 %,325544.0,275130797.5,0.03842364532019715,0.03770383762542003,957.6600000000001,927.9399999999999,953.7052518190646,887.463988569195,55.05386356852566,66.24126324986969,78.9022644312826,96.42887091983026,927.9399999999999,99.55611694442321,1127.0522338888463,728.8277661111536,8528037.0
JFL,2024-12-03,929.7,972.0,855.0,885.1,-6.69 %,286824.0,265185413.6,-0.06694075479654227,-0.06928658046865008,940.64,932.72,943.1505976930547,887.2888783048102,50.141189175664834,55.86171938824452,74.29415542267499,97.89823728269954,932.72,94.73776882587163,1122.1955376517433,743.2444623482568,8241213.0
JFL,2024-12-04,902.8,937.9,902.8,928.9,4.95 %,115740.0,106681370.8,0.04948593379279176,0.04830045741864386,938.22,941.625,940.9581980479693,890.371183615565,53.24063367375124,50.58701443240432,69.55272722462085,94.67693461964957,941.625,84.56183583003849,1110.748671660077,772.501328339923,8356953.0
JFL,2024-12-05,910.4,968.6,878.0,925.0,-0.42 %,153492.0,139812397.1,-0.004198514371837603,-0.004207352881049882,920.22,949.28,938.5030906559741,892.9362811255231,52.92514831315347,45.566809530450996,64.75554368578689,94.38572500396032,949.28,74.74912849341665,1098.7782569868332,799.7817430131666,8203461.0
JFL,2024-12-08,925.0,925.0,890.4,899.9,-2.71 %,60273.0,54249300.0,-0.027135135135135213,-0.027510091472522424,917.5,954.7549999999999,932.5641536319781,893.4521121532621,50.83723845632099,39.11204147871604,59.62684324437272,90.11531607510601,954.7549999999999,65.99730038337722,1086.7496007667544,822.7603992332454,8143188.0
JFL,2024-12-09,900.0,920.0,894.0,920.0,2.23 %,123032.0,111796205.6,0.022335815090565703,0.022090024003183228,911.78,959.2549999999999,930.6312069193662,895.4186223641316,52.45480916851071,35.21258455523457,54.7439915065451,85.53565064116987,959.2549999999999,59.822689543429135,1078.9003790868583,839.6096209131416,8266220.0
JFL,2024-12-10,901.6,954.0,901.6,947.9,3.03 %,182953.0,171744772.0,0.030326086956521614,0.029875341415909806,924.3399999999999,964.155,933.2879443163868,899.3061318186403,54.6836289738577,33.98181249774643,50.59155570478537,83.16881845251488,964.155,54.13751958036829,1072.4300391607367,855.8799608392634,8449173.0
JFL,2024-12-11,929.0,984.0,910.5,956.8,0.94 %,384553.0,361502443.6,0.009389176073425487,0.009345371737371388,929.9200000000001,967.0450000000001,936.9051836523272,903.5649368691114,55.401846059519094,33.340246783215775,47.141293920471455,82.47818856304954,967.0450000000001,51.975920284999766,1070.9968405699997,863.0931594300006,8833726.0
JFL,2024-12-12,937.7,950.0,861.2,885.9,-7.41 %,293919.0,261214072.3,-0.0741011705685618,-0.07699030577838054,922.1,962.3449999999999,929.0582323212,902.2564230269551,48.77053983923945,26.80180929424489,43.07339699522615,83.415460808546,962.3449999999999,54.91902627839823,1072.1830525567964,852.5069474432034,8539807.0
JFL,2024-12-16,869.0,869.0,798.1,801.0,-9.58 %,226682.0,184910020.9,-0.09583474432780226,-0.10074313034962748,902.32,953.15,909.3569658102462,894.7559472471806,42.24916562450856,14.601018563065509,37.37892130879402,83.72864217936414,953.15,65.34862379253245,1083.847247585065,822.452752414935,8313125.0
JFL,2024-12-17,801.0,880.0,775.0,879.9,9.85 %,263008.0,222403964.5,0.09850187265917598,0.09394731758315578,894.3,944.0450000000001,904.8251249163621,893.6555067103525,49.065454542370894,11.169618206009659,32.13706068823715,85.24802488083813,944.0450000000001,61.983711570048854,1068.0124231400978,820.0775768599024,8576133.0
JFL,2024-12-18,862.4,935.0,862.4,917.9,4.32 %,171486.0,155923286.8,0.0431867257642915,0.042280187573530345,888.3,941.1949999999999,906.8366441599987,895.4513951021783,52.003704396724515,11.385249057820488,27.986698362153817,84.34459453220684,941.1949999999999,61.80048948025423,1064.7959789605084,817.5940210394915,8747619.0
JFL,2024-12-19,899.6,990.0,864.4,914.4,-0.38 %,195572.0,176054603.3,-0.0038130515306677992,-0.0038203397444443615,879.8199999999999,933.3,908.0002373661528,896.8549954649799,51.70783382960985,11.14524190117288,24.61840706995763,87.29140920847779,933.3,53.72911589386029,1040.7582317877204,825.8417682122794,8552047.0
JFL,2024-12-22,913.4,932.0,837.0,932.0,1.92 %,146937.0,129971811.3,0.01924759405074372,0.019064702204990347,889.04,931.6449999999999,911.6925085405908,899.4583291342407,53.15126041836729,12.234179406350108,22.14156153723613,87.84202283644368,931.6449999999999,53.20526759634831,1038.0555351926964,825.2344648073033,8698984.0
JFL,2024-12-23,913.4,987.0,864.4,987.0,5.90 %,209244.0,188466335.2,0.05901287553648071,0.05733722474789042,926.24,928.845,923.2782764574231,905.9428973465191,57.43304938994548,17.335379110904,21.180325051969703,90.32473549098341,928.845,48.28241997814945,1025.409839956299,832.2801600437011,8908228.0
JFL,2024-12-24,967.3,967.3,888.3,908.0,-8.00 %,221576.0,200742653.7,-0.08004052684903751,-0.08342566083218832,931.86,923.9,920.9277723870504,906.095275320851,50.31912114158335,14.83249706619938,19.91075945481564,90.92296867019888,923.9,44.80690736223007,1013.5138147244601,834.2861852755399,8686652.0
JFL,2024-12-26,889.9,944.2,833.0,926.0,1.98 %,257873.0,223929896.0,0.01982378854625555,0.01962985604488613,933.4799999999999,921.6899999999999,921.7081150967349,907.5696993711583,51.78454733677975,14.138415725576579,18.75629070896783,92.37132805089897,921.6899999999999,43.47325735739396,1008.6365147147878,834.743485285212,8944525.0
JFL,2024-12-29,907.5,907.5,833.4,833.4,-10.00 %,192333.0,160941667.9,-0.09999999999999998,-0.10536051565782628,917.2800000000001,916.3100000000001,908.1222512356987,902.0756475658874,44.51072752569196,6.046603669811361,16.214353301136534,92.38766176154904,916.3100000000001,47.43522896927431,1011.1804579385487,821.4395420614514,8752192.0
JFL,2024-12-31,816.8,816.8,750.1,750.1,-10.00 %,190607.0,144276512.6,-0.09995200383969283,-0.10530718801276247,880.9,903.0649999999999,883.8111356609759,890.8181921906364,39.179362513839195,-7.007056529660531,11.570071334977122,91.73854306429554,903.0649999999999,54.834375263382,1012.733750526764,793.3962494732359,8561585.0
JFL,2025-01-01,735.1,784.0,680.1,776.0,3.45 %,128389.0,96960775.9,0.034528729502733,0.03394598920762817,838.7,896.1899999999999,867.2248070977488,882.313140917256,41.524597635835306,-15.08833381950717,6.238390304080264,92.607218559703,896.1899999999999,61.652966804433426,1019.4959336088668,772.884066391133,8689974.0
JFL,2025-01-02,760.5,779.0,740.0,747.8,-3.63 %,65633.0,50040446.0,-0.0363402061855671,-0.0370169576402055,806.6600000000001,886.15,848.8517598519413,872.3492045530147,39.72833508941325,-23.49744470107339,0.2912233030495335,88.77813151972423,886.15,68.6246196423102,1023.3992392846203,748.9007607153796,8624341.0
JFL,2025-01-05,750.0,762.0,695.8,700.0,-6.39 %,264538.0,190949977.1,-0.06392083444771324,-0.06605522749960861,761.46,876.8949999999999,825.9514891054888,859.5825968083469,36.82082414465539,-33.63110770285812,-6.493242898131997,87.16540783974392,876.8949999999999,80.26766062434108,1037.430321248682,716.3596787513177,8359803.0
JFL,2025-01-06,700.0,718.0,680.2,705.1,0.73 %,127759.0,89402662.7,0.00728571428571434,0.00725930168159028,735.8,865.7050000000002,807.358952320029,848.1394414892101,37.34767194241486,-40.78048916918112,-13.350692152341823,83.63930727976222,865.7050000000002,87.87542902492676,1041.4558580498538,689.9541419501467,8487562.0
JFL,2025-01-07,718.0,720.0,690.0,714.0,1.26 %,74122.0,52382883.6,0.012622323074741093,0.012543325614589408,728.5799999999999,855.1550000000001,792.996036578486,838.2031865640835,38.31438947255466,-45.207149985597425,-19.721983718992945,79.80792818835063,855.1550000000001,92.904078857821,1040.9631577156422,669.3468422843581,8561684.0
JFL,2025-01-08,714.0,775.0,711.0,760.0,6.44 %,192352.0,144348283.7,0.06442577030812324,0.06243547094079237,725.3799999999999,848.1600000000001,787.9197232587189,832.410357929707,43.19321306091557,-44.490634670988015,-24.67571390939196,78.6787904606113,848.1600000000001,94.60887573806296,1037.377751476126,658.9422485238741,8754036.0
JFL,2025-01-09,744.8,751.7,710.0,714.0,-6.05 %,170518.0,123577695.7,-0.06052631578947365,-0.06243547094079234,718.62,837.86,776.5474581419929,823.6392203052842,39.802965868409416,-47.091762163291264,-29.15892356017182,76.6303054277105,837.86,97.54407047181151,1032.948140943623,642.771859056377,8583518.0
JFL,2025-01-12,700.0,710.0,683.3,695.0,-2.66 %,97645.0,67596643.6,-0.026610644257703098,-0.026971116774792272,717.62,825.2149999999999,764.0016953509171,814.1103891715595,38.46017744116837,-50.10869382064243,-33.348877612265944,73.34956932573118,825.2149999999999,98.9109981378755,1023.0369962757509,627.393003724249,8485873.0
JFL,2025-01-13,689.0,707.0,669.0,670.5,-3.53 %,100078.0,68142391.8,-0.035251798561151126,-0.03588814284305897,710.7,810.9,749.6168191430837,803.4725825662588,36.73903404166303,-53.85576342317506,-37.45025477444777,70.82460008817895,810.9,99.5801872071437,1010.0603744142874,611.7396255857126,8385795.0
JFL,2025-01-15,657.1,668.0,614.0,618.0,-7.83 %,189591.0,120376256.3,-0.07829977628635343,-0.0815352452640424,691.5,797.5049999999999,729.3680777364555,789.733872746536,33.300061486587936,-60.36579501008055,-42.03336282157433,69.80141436759475,797.5049999999999,106.72269760556944,1010.9503952111388,584.059604788861,8196204.0
JFL,2025-01-16,605.7,622.0,558.0,560.0,-9.39 %,230573.0,133369436.6,-0.09385113268608414,-0.09855167372849585,651.5,785.4549999999999,703.3114503923854,772.7165488393853,29.96316983148334,-69.40509844699989,-47.50770994665944,69.38702762705226,785.4549999999999,119.18524049827182,1023.8254809965435,547.0845190034563,7965631.0
JFL,2025-01-19,570.0,597.0,545.0,588.0,5.00 %,112649.0,65127904.5,0.050000000000000044,0.04879016416943205,626.3,770.8599999999999,685.5712272550953,759.0338415179493,33.43119736667512,-73.462614262854,-52.69869080989836,68.14509708226281,770.8599999999999,124.75357773584726,1020.3671554716944,521.3528445283054,8078280.0
JFL,2025-01-20,597.0,598.0,545.0,547.0,-6.97 %,128528.0,72290951.8,-0.0697278911564626,-0.07227814547664574,596.7,752.3149999999999,664.2525769081576,743.3276310351382,31.009802775534283,-79.0750541269806,-57.97396347331481,67.06330443352975,752.3149999999999,129.23252106184182,1010.7800421236836,493.8499578763163,7949752.0
JFL,2025-01-21,536.1,546.0,515.0,516.0,-5.67 %,126069.0,65883731.7,-0.05667276051188297,-0.058342036940418444,565.8,732.395,641.4444881530565,726.4885472547576,29.28281606162456,-85.04405910170112,-63.38798259899208,64.55878268827763,732.395,133.56586183365812,999.5267236673162,465.26327633268374,7823683.0
JFL,2025-01-22,514.0,529.0,498.0,509.0,-1.36 %,125874.0,63946948.7,-0.013565891472868241,-0.013658748931040016,544.0,711.245,621.0684130525862,710.3782844951459,28.891541391079173,-89.30987144255971,-68.57236036770561,62.16172678197209,711.245,133.78570246558488,978.8164049311697,443.67359506883025,7697809.0
JFL,2025-01-23,504.0,505.0,470.1,471.0,-7.47 %,175935.0,85155474.9,-0.07465618860510803,-0.07758992253410497,526.2,685.4449999999999,597.9809648906498,692.6465597177277,26.79817899513455,-94.66559482707783,-73.79100725958006,60.500174868974085,685.4449999999999,127.4110028918,940.2670057835999,430.62299421639995,7521874.0
JFL,2025-01-26,471.0,471.0,423.9,423.9,-10.00 %,205495.0,88348966.7,-0.10000000000000009,-0.1053605156578264,493.38,661.24,571.1992779843961,672.7394071460441,24.434943311322073,-101.540129161648,-79.34083163999365,59.543019521190224,661.24,128.8808360259058,919.0016720518116,403.4783279481884,7316379.0
JFL,2025-01-27,424.0,466.2,400.0,466.2,9.98 %,189414.0,84096126.4,0.0997876857749469,0.09511714824306529,477.21999999999997,638.25,555.0455429098736,657.4401918018926,30.373494376075783,-102.39464889201906,-83.95159509039874,60.018518126819494,638.25,119.86111919524394,877.9722383904879,398.52776160951214,7505793.0
JFL,2025-01-28,475.0,512.8,475.0,512.8,10.00 %,119169.0,59419428.6,0.09995709995709978,0.09527117900480336,476.58000000000004,622.22,548.5462286160468,646.726103520271,36.311626710538654,-98.1798749042241,-86.79725105316382,59.060052546332386,622.22,113.66664835108006,849.5532967021602,394.8867032978399,7624962.0
JFL,2025-02-02,523.0,543.0,505.0,510.0,-0.55 %,146197.0,75718947.0,-0.005460218408736228,-0.005475179888088707,476.78000000000003,610.2149999999999,542.6160395981935,636.5982440002509,36.11233572735352,-93.98220440205739,-88.23424172294254,57.55576307873722,610.2149999999999,112.11828000163939,834.4515600032787,385.97843999672114,7478765.0
JFL,2025-02-03,520.2,520.2,495.0,495.0,-2.94 %,97697.0,49431188.7,-0.02941176470588236,-0.02985296314968116,481.58000000000004,596.165,535.2904950446253,626.1094851854175,35.00398466855421,-90.81899014079215,-88.75119140651248,55.24463714454171,596.165,107.77204146276694,811.7090829255338,380.6209170744661,7381068.0
JFL,2025-02-04,503.0,503.0,472.0,485.0,-2.02 %,52983.0,25867321.3,-0.02020202020202022,-0.020408871631207123,493.8,583.025,527.5534958069907,615.6569307272384,34.249297691355295,-88.10343492024776,-88.62164010925954,53.512877348503025,583.025,104.27512634221051,791.575252684421,374.47474731557895,7328085.0
JFL,2025-02-05,493.0,521.0,477.0,518.0,6.80 %,97860.0,49450411.0,0.06804123711340204,0.06582635132199985,504.16,573.925,526.0837272212998,608.4230840067022,38.92864769815044,-82.3393567854024,-87.36518344448812,52.833386109324245,573.925,101.43227906757235,776.7895581351447,371.06044186485525,7425945.0
JFL,2025-02-06,528.3,557.0,508.0,525.0,1.35 %,120052.0,64444515.8,0.013513513513513598,0.01342302033214077,506.6,564.9200000000001,525.9169999564845,602.243596302502,39.905632232122,-76.3265963460176,-85.15746602479402,52.55957281580108,564.9200000000001,97.07474385614744,759.069487712295,370.7705122877052,7545997.0
JFL,2025-02-09,520.5,548.7,511.0,524.0,-0.19 %,74138.0,39013242.9,-0.0019047619047618536,-0.0019065782705815315,509.4,555.4200000000001,525.6220768862561,596.4477743541686,39.80765990043281,-70.8256974679125,-82.29111231341771,51.498174757529576,555.4200000000001,90.81247653674386,737.0449530734878,373.7950469265123,7471859.0
JFL,2025-02-10,529.0,535.0,511.0,515.0,-1.72 %,54255.0,28211534.4,-0.01717557251908397,-0.01732478365730602,513.4,543.1700000000001,523.9879112114475,590.4146058834895,38.88242962488819,-66.426694672042,-79.11822878514258,49.534019417706034,543.1700000000001,77.27965688601942,697.729313772039,388.6106862279612,7417604.0
JFL,2025-02-11,525.0,525.0,511.7,513.0,-0.39 %,40391.0,20783436.6,-0.003883495145631022,-0.0038910554929665647,519.0,533.1200000000001,522.2974633327632,584.6801906328606,38.667349755724274,-62.38272730009737,-75.77112848813354,46.94587517358418,533.1200000000001,66.16488653754477,665.4497730750896,400.7902269249106,7377213.0
JFL,2025-02-12,523.0,526.0,512.9,516.0,0.58 %,45920.0,23793572.0,0.005847953216374213,0.005830920310793144,518.6,524.1700000000001,521.3286228200304,579.5927691045005,39.21053830814976,-58.26414628447003,-72.26973204740084,44.52831266118531,524.1700000000001,54.12653887443933,632.4230777488788,415.9169222511214,7423133.0
JFL,2025-02-13,524.9,529.9,515.0,525.0,1.74 %,76571.0,40136676.9,0.01744186046511631,0.017291497110061043,518.6,516.8950000000001,521.8934500784873,575.5488602819449,40.901528407201546,-53.65541020345768,-68.5468676786122,42.412004613957784,516.8950000000001,41.7975506081636,600.4901012163273,433.2998987836729,7499704.0
JFL,2025-02-16,535.5,577.5,535.5,577.5,10.00 %,166619.0,94752449.8,0.10000000000000009,0.09531017980432493,529.3,514.8700000000001,530.4483039125662,575.6933891499491,49.692674097939765,-45.24508523738291,-63.88651119036635,43.1325757129608,514.8700000000001,37.390121127038796,589.6502422540777,440.0897577459225,7666323.0
JFL,2025-02-17,589.0,625.0,585.0,588.6,1.92 %,156811.0,94413004.6,0.01922077922077925,0.019038393403423823,544.02,516.3,539.3947186952483,576.649434398101,51.34077124641157,-37.25471570285265,-58.56015209286361,43.44453459060646,516.3,39.68355088101629,595.6671017620325,436.9328982379674,7823134.0
JFL,2025-02-18,600.3,600.3,562.5,565.9,-3.86 %,79462.0,45577894.9,-0.03856608902480474,-0.039329451650894375,554.6,515.195,543.4724542805948,575.8531799982417,47.88578926433236,-32.3807257176469,-53.32426681782027,43.04135354842028,515.195,37.847164602132985,590.889329204266,439.5006707957341,7743672.0
JFL,2025-02-20,570.0,595.0,546.0,564.0,-0.34 %,73912.0,41947147.6,-0.0033574836543558417,-0.0033631326504192,564.2,516.0450000000001,546.6305382374263,574.9751666650386,47.5970698133943,-28.344628427612292,-48.328339139778684,43.46697115210455,516.0450000000001,38.778500215290194,593.6020004305805,438.4879995694197,7669760.0
JFL,2025-02-23,575.2,580.0,537.0,567.0,0.53 %,64630.0,36556375.7,0.005319148936170137,0.005305052229693098,572.6,518.595,549.7643015855145,574.3844135787394,48.12886873176784,-24.620111993224896,-43.58669371046793,43.433616069811364,518.595,40.41757662205748,599.430153244115,437.75984675588506,7734390.0
JFL,2025-02-24,577.0,577.0,550.0,555.0,-2.12 %,47264.0,26386618.5,-0.021164021164021163,-0.02139118998131756,568.1,520.8950000000001,550.5697936492816,572.9485310914254,46.11301031139292,-22.3787374421438,-39.345102456803104,42.25978635053913,520.8950000000001,41.145115141409946,603.1852302828199,438.6047697171802,7687126.0
JFL,2025-02-25,566.1,566.1,543.0,544.0,-1.98 %,39289.0,21632563.9,-0.01981981981981984,-0.020018866890491902,559.1800000000001,524.5450000000001,549.5590561647767,570.8041954550235,44.282052901401734,-21.24513929024681,-35.72510982349185,40.891230182643476,524.5450000000001,39.698448531263125,603.9418970625263,445.1481029374738,7647837.0
JFL,2025-02-27,554.8,565.0,545.0,555.0,2.02 %,39120.0,21649690.7,0.020220588235294157,0.020018866890491923,557.0,531.1,550.3961244471187,569.6335143102069,46.56686306767695,-19.237389863088197,-32.427565831411115,39.47042802674037,531.1,32.34851334743734,595.7970266948747,466.40297330512533,7686957.0
JFL,2025-03-02,566.1,595.5,561.0,592.8,6.81 %,91666.0,52989885.9,0.06810810810810808,0.06588896023544259,562.76,537.4300000000001,556.9197976091004,571.3495502872287,53.607143064550954,-14.429752678128239,-28.828003200754544,39.54396888197321,537.4300000000001,31.351657389242998,600.133314778486,474.72668522151406,7778623.0
JFL,2025-03-03,604.6,620.0,586.0,587.0,-0.98 %,93196.0,56116331.3,-0.009784075573549211,-0.009832254153780636,566.76,541.14,561.5475210538542,572.5088428585451,52.46487308222437,-10.961321804690897,-25.254666921541816,39.14797110468941,541.14,32.64713092898933,606.4342618579786,475.84573814202133,7685427.0
JFL,2025-03-04,598.7,598.7,569.0,574.0,-2.21 %,52822.0,30605975.2,-0.022146507666098825,-0.02239542350853005,570.5600000000001,544.3399999999999,563.4632870455689,572.6192989430973,49.89842219999967,-9.156011897528401,-22.034935916739133,38.47311602578303,544.3399999999999,32.570690731648135,609.4813814632962,479.19861853670363,7632605.0
JFL,2025-03-05,570.0,576.0,555.0,557.3,-2.91 %,41153.0,23132479.8,-0.02909407665505237,-0.029525701744075854,573.22,547.4549999999999,562.5150890385582,571.4845360584235,46.735632899682344,-8.969447019865243,-19.421838137364354,37.22503630965567,547.4549999999999,30.517992535893857,608.4909850717877,486.4190149282122,7591452.0
JFL,2025-03-06,568.0,573.0,557.0,572.0,2.64 %,31876.0,17945607.8,0.026377175668401254,0.02603529680430726,576.62,551.805,563.9743061095493,571.5227185726143,49.75464539211074,-7.548412463065006,-17.047153002504487,35.70896228753741,551.805,27.163238993746486,606.1314779874929,497.47852201250697,7623328.0
JFL,2025-03-09,583.4,583.4,553.4,560.0,-2.10 %,31146.0,17483778.0,-0.020979020979020935,-0.021202207650602937,570.0600000000001,553.905,563.3628744003878,570.6691838635318,47.393123032898565,-7.306309463143975,-15.098984294632384,35.30117926699903,553.905,26.011302705186807,605.9276054103736,501.88239458962636,7592182.0
JFL,2025-03-10,560.0,570.0,549.0,552.0,-1.43 %,43937.0,24580824.5,-0.014285714285714235,-0.014388737452099556,563.0600000000001,555.2549999999999,561.6147398772512,569.286281355122,45.83136188906648,-7.671541477870846,-13.613495731280077,34.279666462213385,555.2549999999999,25.11746037698231,605.4899207539645,505.02007924603527,7548245.0
JFL,2025-03-11,559.0,560.0,539.0,540.5,-2.08 %,31293.0,17098547.4,-0.02083333333333337,-0.02105340919783238,556.36,556.0799999999999,558.3663183576741,567.1539642177056,43.60679245811645,-8.787645860031489,-12.64832575703036,33.33111885776957,556.0799999999999,24.29432682313454,604.668653646269,507.4913463537308,7516952.0
JFL,2025-03-12,548.0,550.0,539.0,541.0,0.09 %,34120.0,18569652.9,0.0009250693802034249,0.000924641767218463,553.1,557.3799999999999,555.6945770718781,565.2166335349126,43.73466607513858,-9.52205646303446,-12.02307189823118,31.736038939357456,557.3799999999999,22.618241357476506,602.6164827149529,512.1435172850469,7551072.0
JFL,2025-03-16,551.8,551.8,531.0,534.5,-1.20 %,34340.0,18420791.6,-0.01201478743068396,-0.012087548381381647,545.6,558.4549999999999,552.4338729069739,562.9413273471413,42.38900583672993,-10.507454440167407,-11.719948406618427,30.954893300831923,558.4549999999999,20.838867405323082,600.1327348106461,516.7772651893538,7516732.0
JFL,2025-03-17,535.0,543.0,529.0,538.0,0.65 %,19574.0,10487012.9,0.00654817586529477,0.006526829696684601,541.2,559.555,550.2132770751317,561.0938216177234,43.39889539726653,-10.880544542591679,-11.552067633813078,29.743829493629644,559.555,18.977395833764206,597.5097916675284,521.6002083324715,7536306.0
JFL,2025-03-18,540.0,540.0,528.5,529.9,-1.51 %,13846.0,7387183.2,-0.015055762081784385,-0.015170250663068017,536.78,559.8,547.0881575251115,558.7831681645587,41.58221796278215,-11.695010639447219,-11.580656234939907,28.440698815513244,559.8,18.534264144233312,596.8685282884666,522.7314717115333,7522460.0
JFL,2025-03-19,538.0,538.0,508.0,515.0,-2.81 %,44680.0,23050064.7,-0.02811851292696732,-0.02852140883498022,531.6800000000001,556.675,542.1515179058636,555.5399705227395,38.39806164423734,-13.388452616875952,-11.942215511327117,28.552077471548014,556.675,20.551984793376228,597.7789695867524,515.5710304132475,7477780.0
JFL,2025-03-20,515.0,520.0,507.8,512.08,-0.57 %,28334.0,14545899.1,-0.005669902912621261,-0.0056860378299880944,525.896,552.8489999999999,537.5251305357307,552.320713446981,37.78738012316003,-14.795582911250335,-12.51288899131176,27.38407193786601,552.8489999999999,21.400984212483465,595.6509684249669,510.047031575033,7449446.0
JFL,2025-03-23,505.0,513.0,496.0,497.87,-2.77 %,25611.0,12887419.4,-0.02774957037962822,-0.028141864063763684,518.5699999999999,549.4475,531.4243412225413,548.2873272657232,34.880148017079264,-16.862986043181877,-13.382908401685786,26.642352513732728,549.4475,24.41203130360597,598.271562607212,500.62343739278805,7423835.0
JFL,2025-03-24,507.8,524.0,489.3,515.88,3.62 %,55965.0,28683931.6,0.0361741016731274,0.035535181526206064,514.146,547.0415,529.0329041113812,545.8867845052993,41.06862546676092,-16.853880393918075,-14.077102800132245,27.21789876275182,547.0415,25.258894478242325,597.5592889564847,496.5237110435154,7479800.0
JFL,2025-03-25,505.6,515.0,496.0,496.86,-3.69 %,36561.0,18346821.1,-0.03686903931146779,-0.03756588402252677,507.538,543.5345,524.0832265557841,542.25517083824,37.06281586529556,-18.17194428245591,-14.89607109659698,26.693763136840975,543.5345,27.141038547205294,597.8165770944106,489.2524229055894,7443239.0
JFL,2025-03-26,505.0,513.5,501.0,508.31,2.30 %,28172.0,14303559.7,0.023044720846918665,0.022783201406881858,506.2,541.1999999999999,521.6565763164326,539.7407137391111,40.80596992264854,-18.08413742267851,-15.533684361813286,25.975637198495193,541.1999999999999,28.09419625399045,597.3883925079808,485.01160749201904,7471411.0
JFL,2025-03-27,518.4,518.4,508.5,512.71,0.87 %,27288.0,14014933.3,0.008656135035706614,0.008618885502474619,506.326,539.6355000000001,520.2801799600584,537.7384386473251,42.2279069668176,-17.45825868726672,-15.918599226903973,24.840948827174106,539.6355000000001,28.79261628210019,597.2207325642005,482.0502674357997,7498699.0
JFL,2025-03-30,502.5,529.0,502.5,519.85,1.39 %,39776.0,20685969.9,0.013926001053226944,0.013829925240959069,510.72200000000004,537.8779999999999,520.2139984277417,536.4133691178936,44.555418224784816,-16.19937069015191,-15.97475351955356,24.959452482375955,537.8779999999999,28.878057887750433,595.6341157755008,480.12188422449907,7538475.0
JFL,2025-04-01,522.6,524.0,506.2,510.35,-1.83 %,24275.0,12445075.0,-0.01827450226026739,-0.018443543574471817,509.616,533.7555,518.6964602080891,534.4827491832348,42.12371573912028,-15.78628897514568,-15.937060610671985,24.448063019349103,533.7555,26.404113410600495,586.5637268212009,480.947273178799,7514200.0
JFL,2025-04-02,508.1,540.0,507.1,523.59,2.59 %,34316.0,17919879.7,0.02594298030763209,0.025612170455347617,514.962,530.585,519.4493124837677,533.6758788733656,46.50565964527954,-14.226566389597906,-15.59496176645717,25.05177280368131,530.585,23.29861764591166,577.1822352918233,483.9877647081767,7548516.0
JFL,2025-04-03,525.2,532.2,511.0,514.07,-1.82 %,25057.0,13031769.1,-0.01818216543478668,-0.018349492351838106,516.114,527.5885000000001,518.6217259478035,532.2235915494126,43.9301537811867,-13.60186560160912,-15.19634253348756,24.776646174846935,527.5885000000001,21.178426032413096,569.9453520648262,485.2316479351739,7523459.0
JFL,2025-04-07,511.2,515.8,503.8,505.14,-1.74 %,23480.0,11888588.6,-0.01737117513179154,-0.017523824375389293,514.6,524.9805,516.547614263526,530.2173995827894,41.60271837390072,-13.669785319263383,-14.891031090642725,23.864028590929294,524.9805,20.528693007077194,566.0378860141544,483.9231139858456,7499979.0
JFL,2025-04-08,510.0,513.0,500.0,511.12,1.18 %,18398.0,9315556.4,0.011838302252840771,0.011768777716460186,512.854,521.9365,515.712596684522,528.8027773914716,43.751824021488346,-13.090180706949582,-14.530861013904097,23.08802654872006,521.9365,17.47641848018687,556.8893369603737,486.98366303962626,7518377.0
JFL,2025-04-09,513.0,521.0,510.2,512.92,0.35 %,21868.0,11231103.3,0.003521677883862706,0.0035154912968270446,513.3679999999999,519.5825000000001,515.2829664253647,527.6262753624737,44.41492449553797,-12.343308937108986,-14.093350598545076,22.210310366668626,519.5825000000001,15.086975517413823,549.7564510348277,489.40854896517243,7540245.0
JFL,2025-04-10,521.0,521.0,505.0,507.33,-1.09 %,24043.0,12221083.0,-0.010898385713171588,-0.01095820816121198,510.116,517.349,514.0594331291549,526.1228475578461,42.73019658054521,-12.063414428691203,-13.687363364574301,21.766716769049438,517.349,13.227122812411963,543.803245624824,490.89475437517615,7516202.0
JFL,2025-04-13,502.0,511.0,500.0,501.76,-1.10 %,32583.0,16450857.0,-0.010979047168509615,-0.011039761707714651,507.654,515.412,512.1672126477464,524.3181921831908,41.05896397077203,-12.150979535444435,-13.380086598748328,20.997665571260193,515.412,12.473524635883903,540.3590492717678,490.4649507282322,7483619.0
JFL,2025-04-15,505.0,513.9,505.0,507.51,1.15 %,24907.0,12682410.1,0.011459661989795977,0.011394497433321858,508.128,513.7375,511.4507183942469,523.0731409103619,43.51498776674123,-11.622422516114966,-13.028553782221657,20.364975173313034,513.7375,11.021042970508583,535.7795859410171,491.6954140589828,7508526.0
JFL,2025-04-16,507.0,516.0,501.6,505.16,-0.46 %,16253.0,8213323.5,-0.004630450631514571,-0.0046412043773407284,506.936,512.2705,510.48291556436277,521.7462415836684,42.73129549197958,-11.263326019305623,-12.67550822963845,19.93890551807639,512.2705,10.019073113444056,532.3086462268881,492.23235377311187,7492273.0
JFL,2025-04-17,509.0,513.0,502.0,506.95,0.35 %,42656.0,21626520.2,0.0035434317839890817,0.003537168620619323,505.742,510.718,509.93939009292234,520.6502236885818,43.56502446274156,-10.710833595659494,-12.282573302842659,19.30041226678522,510.718,8.030698075438881,526.7793961508778,494.65660384912223,7534929.0
JFL,2025-04-20,516.0,516.0,500.0,501.33,-1.11 %,28441.0,14340496.6,-0.0110859059078805,-0.011147812515187882,504.54200000000003,509.28950000000003,508.61486854016505,519.2190960079462,41.521191901053825,-10.60422746778113,-11.946904135830353,19.064668533443417,509.28950000000003,6.900508352739687,523.0905167054794,495.4884832945207,7506488.0
JFL,2025-04-21,504.0,506.8,495.0,498.69,-0.53 %,21215.0,10615423.8,-0.0052659924600562125,-0.00527990666792325,503.928,508.47400000000005,507.087965687832,517.6984222295798,40.55859913674099,-10.610456541747794,-11.679614617013842,18.54576363819746,508.47400000000005,7.149391140798436,522.772782281597,494.1752177184032,7485273.0
JFL,2025-04-22,491.0,499.0,491.0,494.72,-0.80 %,26888.0,13302476.0,-0.007960857446509761,-0.007992714256475122,501.37,507.60600000000005,505.18520173585785,515.9963168792406,39.0909564305796,-10.811115143382722,-11.505914722287619,17.792494806897643,507.60600000000005,7.719636206312685,523.0452724126254,492.1667275873747,7458385.0
JFL,2025-04-23,500.0,500.0,485.0,487.16,-1.53 %,26933.0,13191167.3,-0.015281371280724487,-0.015399334740092738,497.7700000000001,507.0705,502.4120937764951,513.8602934067043,36.39047560554977,-11.44819963020916,-11.494371703871929,17.59303089211924,507.0705,8.735218778323958,524.5409375566479,489.60006244335204,7431452.0
JFL,2025-04-24,477.5,479.0,450.0,469.98,-3.53 %,89512.0,42010161.5,-0.03526562115116183,-0.03590247061170757,490.37600000000003,504.7754999999999,497.42254088780356,510.60990130250394,31.127875919361614,-13.187360414700379,-11.83296944603762,18.990671542682154,504.7754999999999,11.793250288548423,528.3620005770968,481.18899942290307,7341940.0
JFL,2025-04-27,460.6,484.0,460.6,470.33,0.07 %,34245.0,16057874.9,0.0007447125409592026,0.0007444353801697459,484.17600000000004,503.44900000000007,493.25445767429534,507.6262049097259,31.345702012510145,-14.371747235430576,-12.340725003916212,19.305623575347713,503.44900000000007,14.013488952845005,531.4759779056901,475.4220220943101,7376185.0
JFL,2025-04-28,479.7,480.0,463.0,463.97,-1.35 %,27385.0,12854832.7,-0.013522420428209836,-0.013614681023766043,477.2320000000001,501.2320000000001,488.74915649363453,504.39241195344994,29.518706410677424,-15.643255459815407,-13.001231095096053,19.140936177108593,501.2320000000001,16.49216707218242,534.216334144365,468.24766585563526,7348800.0
JFL,2025-04-29,464.0,469.0,460.0,460.46,-0.76 %,15494.0,7166191.6,-0.007565144298122828,-0.007593905147381602,470.38,498.61949999999996,484.3969785715369,501.13815921615736,28.530377051412543,-16.741180644620442,-13.749221005000932,18.416583593029408,498.61949999999996,18.584017319642847,535.7875346392857,461.4514653607143,7333306.0
JFL,2025-04-30,469.6,469.6,447.0,448.3,-2.64 %,20143.0,9125314.6,-0.026408374234461074,-0.026763338654830285,462.608,495.04200000000003,478.84359725283895,497.224221496442,25.36224542042747,-18.38062424360305,-14.675501652721357,18.715399050670168,495.04200000000003,21.010393568295907,537.0627871365919,453.0212128634082,7313163.0
JFL,2025-05-04,457.2,465.0,445.0,446.57,-0.39 %,18301.0,8236734.2,-0.003859022975685966,-0.00386648821672955,457.92600000000004,491.85299999999995,473.87842844470987,493.47205694114996,24.937964098336835,-19.59362849644009,-15.659127021465103,18.807156261336583,491.85299999999995,23.282138647468837,538.4172772949377,445.2887227050623,7294862.0
JFL,2025-05-05,449.0,450.0,437.0,438.27,-1.86 %,20076.0,8864860.2,-0.018586111919743797,-0.018761004132131897,451.514,487.587,468.4002086839853,489.38301568624996,22.95396865901587,-20.98280700226468,-16.72386301762502,18.392359385526827,487.587,24.919900333499587,537.4268006669992,437.7471993330008,7274786.0
JFL,2025-05-06,445.0,445.0,435.0,436.87,-0.32 %,17891.0,7835447.9,-0.003194377894904954,-0.0031994908112674384,446.09400000000005,483.727,463.54940734798754,485.49316267245365,22.626973911144034,-21.94375532446611,-17.76784147899324,17.792905143703486,483.727,26.528931595127073,536.7848631902541,430.66913680974585,7256895.0
JFL,2025-05-07,435.0,478.0,435.0,476.15,8.99 %,42330.0,19403423.9,0.08991233089935213,0.08609726263879003,449.23199999999997,482.2775,465.4879600636818,484.8010765485682,45.9095755944902,-19.313116484886393,-18.07689648017187,19.59341191915324,482.2775,26.085661896508118,534.4488237930162,430.1061762069837,7299225.0
JFL,2025-05-08,485.6,515.0,461.0,501.29,5.28 %,61914.0,30591314.9,0.052798487871469124,0.05145184529558667,459.83000000000004,481.78599999999994,470.99596620773076,486.02247828571126,55.2011138519995,-15.026512077980499,-17.466819599733597,22.051025353499437,481.78599999999994,25.601734398483938,532.9894687969678,430.5825312030321,7361139.0
JFL,2025-05-11,510.0,511.0,485.0,487.3,-2.79 %,45106.0,22352452.0,-0.027907997366793724,-0.028304826086181196,467.976,480.50499999999994,473.5042790988491,486.11710952380673,50.04884610263199,-12.612830424957622,-16.496021764778405,22.333094971106622,480.50499999999994,24.58260649535065,529.6702129907012,431.3397870092986,7316033.0
JFL,2025-05-13,480.1,486.0,475.1,478.56,-1.79 %,17717.0,8497966.6,-0.017935563308023816,-0.018098354967822618,476.034,479.0665,474.2820823144108,485.5573236331544,47.091696341029774,-11.27524131874361,-15.451865675571447,21.609302473170434,479.0665,23.758215260587605,526.5829305211753,431.5500694788248,7298316.0
JFL,2025-05-14,475.0,500.1,465.5,476.02,-0.53 %,27625.0,13315376.6,-0.005307589434971671,-0.005321724726176587,483.86400000000003,477.7795,474.5494542660399,484.8508552158837,46.23668300568068,-10.30140094984381,-14.421772730425921,22.537209439372546,477.7795,23.153676410362777,524.0868528207255,431.47214717927443,7270691.0
JFL,2025-05-15,470.0,485.0,469.5,470.39,-1.18 %,10715.0,5071590.0,-0.011827234149825672,-0.01189773230041081,482.712,475.92350000000005,473.9095382251107,483.7796807554479,44.31603062575548,-9.870142530337205,-13.511446690408178,22.03455162227451,475.92350000000005,22.10926128285813,520.1420225657163,431.70497743428376,7259976.0
JFL,2025-05-18,463.5,481.4,463.5,466.55,-0.82 %,10473.0,4930639.4,-0.008163438848614923,-0.008196942175019581,475.76399999999995,473.99300000000005,472.77730157509365,482.5034081068962,43.00389887936824,-9.726106531802543,-12.754378658687052,21.73922650639776,473.99300000000005,21.08394527646719,516.1608905529345,431.82510944706564,7249503.0
JFL,2025-05-19,475.5,479.0,467.0,476.48,2.13 %,12207.0,5796243.5,0.021283892401671833,0.02106055381561317,473.6,472.4695,473.3469474866177,482.0572297286076,47.34554496862017,-8.710282241989887,-11.94555937534762,21.075710327369347,472.4695,19.627749549258976,511.7249990985179,433.21400090148205,7261710.0
JFL,2025-05-20,476.0,490.0,470.0,488.12,2.44 %,17814.0,8602276.5,0.02442914707857624,0.024135527767994623,475.512,471.809,475.6197247963688,482.5063238227848,51.96465783672441,-6.886599026415979,-10.933767305561293,20.998873875414393,471.809,18.810701013827096,509.4304020276542,434.1875979723458,7279524.0
JFL,2025-05-21,497.8,514.8,489.0,489.9,0.36 %,39551.0,19678598.7,0.003646644267802923,0.0036400113808902723,478.288,471.36949999999996,477.8166902123121,483.05400353961556,52.64873756283363,-5.237313327303468,-9.794476509909728,21.404668598599077,471.36949999999996,18.243729845736823,507.8569596914736,434.8820403085263,7319075.0
JFL,2025-05-22,483.0,496.9,482.2,483.79,-1.25 %,14162.0,6917673.7,-0.012471933047560668,-0.012550360380445743,480.968,470.82300000000004,478.7356609488795,483.1085217959403,50.015694129804984,-4.372860847060792,-8.71015337733994,20.925763698699143,470.82300000000004,17.6618673686388,506.14673473727765,435.4992652627224,7304913.0
JFL,2025-05-25,490.0,490.0,476.0,478.19,-1.16 %,7619.0,3660568.3,-0.011575270261890536,-0.011642785210917602,483.296,470.3745,478.6517131105904,482.74418684809285,47.66290982810015,-4.092473737502473,-7.786617449372447,20.431066291649206,470.3745,17.336061737862156,505.04662347572435,435.7023765242757,7297294.0
JFL,2025-05-26,487.5,495.0,477.0,477.93,-0.05 %,10890.0,5259023.6,-0.0005437169326000246,-0.0005438648002526161,483.58599999999996,470.77199999999993,478.54068032434566,482.3875804149008,47.5510675278326,-3.8469000905551525,-6.9986739776089895,20.25741869938855,470.77199999999993,17.41749199421205,505.606983988424,435.93701601157585,7286404.0
JFL,2025-05-27,477.9,482.0,468.5,474.53,-0.71 %,7785.0,3703293.5,-0.007114012512292711,-0.007139437754725725,480.86800000000005,470.98199999999997,477.92365258213863,481.80553742120446,46.02997196530442,-3.881884839065833,-6.3753161499003586,19.774745935146512,470.98199999999997,17.437190623552993,505.85638124710596,436.107618752894,7278619.0
JFL,2025-05-28,484.0,484.0,465.0,468.38,-1.30 %,14354.0,6751845.7,-0.012960192190167086,-0.013044908234483565,476.564,471.2025,476.45539833873266,480.81105316778195,43.3299617005999,-4.355654829049286,-5.971383885730144,19.719406939778906,471.2025,17.371614134316868,505.94572826863373,436.45927173136624,7264265.0
JFL,2025-06-02,477.7,483.0,470.0,474.92,1.40 %,9427.0,4486677.2,0.013963021478286874,0.013866436533887543,474.78999999999996,471.9255,476.2191832096969,480.3746788590574,46.897179369687585,-4.155495649360489,-5.608206238456213,19.355163586937557,471.9255,17.201056416456577,506.32761283291313,437.52338716708687,7273692.0
JFL,2025-06-03,478.0,479.0,469.0,469.26,-1.19 %,8815.0,4158674.4,-0.011917796681546466,-0.011989382956016535,473.004,472.97349999999994,475.1485396389743,479.551369313942,44.29829768789467,-4.402829674967734,-5.367130925758518,18.68693761644202,472.97349999999994,16.30083151737692,505.5751630347538,440.3718369652461,7264877.0
JFL,2025-06-04,466.0,475.0,460.1,463.17,-1.30 %,10351.0,4804145.6,-0.01297788006648759,-0.013062828519630039,470.05199999999996,473.8035,473.3056873868244,478.3379345499463,41.625391819495356,-5.032247163121895,-5.300154173231194,18.416442072410447,473.8035,15.276074955715664,504.3556499114313,443.25135008856864,7254526.0
JFL,2025-06-05,472.0,472.0,460.0,462.2,-0.21 %,16298.0,7563104.2,-0.0020942634453873232,-0.0020964594816646914,467.58599999999996,475.0,471.5971200965437,477.142531990691,41.19898681964369,-5.545411894147321,-5.34920571741442,17.95812478152399,475.0,13.133304791135044,501.26660958227006,448.73339041772994,7238228.0
JFL,2025-06-08,470.0,470.0,455.0,456.18,-1.30 %,18127.0,8311547.4,-0.013024664647338757,-0.013110229371880017,465.146,475.9655000000001,469.2252554663062,475.58975184323236,38.559014806350284,-6.3644963769261835,-5.552263849316773,17.746830154272278,475.9655000000001,10.659421073941358,497.2843421478828,454.64665785211736,7220101.0
JFL,2025-06-09,448.0,465.0,448.0,458.66,0.54 %,9127.0,4193306.2,0.005436450523915948,0.005421726367425576,461.89400000000006,475.09100000000007,467.59983154841296,474.33569615114106,40.2574022204833,-6.7358646027281,-5.788983999999038,17.693485143252833,475.09100000000007,11.33924990557405,497.7694998111482,452.41250018885194,7229228.0
JFL,2025-06-10,467.0,492.0,460.0,490.37,6.91 %,45709.0,22052110.3,0.06913617930493166,0.06685101336354984,466.116,474.54499999999996,471.1029343871187,475.52342236216765,56.72814952719026,-4.420487975048957,-5.5152847950090225,18.811093347306198,474.54499999999996,10.218896582725108,494.9827931654502,454.10720683454974,7274937.0
JFL,2025-06-11,500.0,501.0,477.0,478.83,-2.35 %,25481.0,12462223.6,-0.02353325040275711,-0.023814579836799132,469.24799999999993,474.1215,472.29171371217734,475.76835403904414,51.19639577379277,-3.4766403268668,-5.107555901380578,19.181729536784328,474.1215,9.830605418525748,493.7827108370515,454.4602891629485,7249456.0
JFL,2025-06-12,470.5,494.0,469.3,482.75,0.82 %,27658.0,13467378.1,0.008186621556711238,0.008153292946047197,473.358,474.33099999999996,473.9006808333808,476.2855129991149,52.877361143167775,-2.3848321657341103,-4.563011154251285,19.575891712728303,474.33099999999996,9.973776616708957,494.2785532334179,454.38344676658204,7277114.0
JFL,2025-06-15,485.0,490.0,475.0,475.93,-1.41 %,17024.0,8149491.0,-0.014127395132055964,-0.014228136714942285,477.308,474.3265,474.21288378209147,476.2591787028842,49.67182985524983,-2.046294920792718,-4.059667907559572,19.249042304676284,474.3265,9.97299473314705,494.27248946629413,454.3805105337059,7260090.0
JFL,2025-06-16,476.0,485.0,471.0,475.05,-0.18 %,17315.0,8241678.2,-0.001849011409240875,-0.0018507229409231002,480.58599999999996,474.55949999999996,474.34167089253896,476.16960991007795,49.25689467596478,-1.827939017538995,-3.6133221295554567,18.87411071148512,474.55949999999996,9.930531058572495,494.4205621171449,454.698437882855,7242775.0
JFL,2025-06-17,466.0,484.4,466.0,472.01,-0.64 %,16223.0,7679920.4,-0.006399326386696158,-0.006419889850954635,476.91400000000004,474.8325,473.9829522936868,475.8614906574796,47.77225376828669,-1.8785383637927566,-3.266365376402917,18.840245660664753,474.8325,9.772546872153141,494.37759374430624,455.2874062556937,7226552.0
JFL,2025-06-18,481.4,481.4,463.1,465.64,-1.35 %,19597.0,9169787.0,-0.01349547679074592,-0.013587368421763609,474.276,474.29050000000007,472.69942117158115,475.10434320136994,44.72994499336546,-2.4049220297887928,-3.0940767070800925,18.80165668490298,474.29050000000007,9.974871836665635,494.24024367333135,454.3407563266688,7206955.0
JFL,2025-06-19,465.0,472.0,461.1,462.27,-0.72 %,17906.0,8325726.6,-0.007237350743063309,-0.0072636674181685255,470.18,472.99799999999993,471.0948948374917,474.1536511123796,43.163833349447785,-3.0587562748878554,-3.0870126206416453,18.23725263598134,472.99799999999993,9.761065299929493,492.52013059985893,453.47586940014094,7189049.0
JFL,2025-06-22,469.0,469.0,460.0,461.3,-0.21 %,12078.0,5593835.7,-0.0020983407965041723,-0.002100545398096829,467.254,471.56800000000004,469.58798793941605,473.2015288077589,42.700404716882915,-3.6135408683428523,-3.192318270181887,17.577448876268384,471.56800000000004,9.235392790781434,490.03878558156293,453.09721441843715,7176971.0
JFL,2025-06-23,460.0,471.0,458.1,465.99,1.02 %,13932.0,6489419.0,0.010166919575113731,0.010115584104150631,465.442,470.678,469.0344513333521,472.66734148866567,45.734124483246596,-3.6328901553135893,-3.2804326472082277,17.243345385106355,470.678,8.845016200039845,488.3680324000797,452.9879675999203,7190903.0
JFL,2025-06-24,467.0,475.0,460.0,460.95,-1.08 %,8484.0,3924219.1,-0.01081568273997302,-0.010874597423322255,463.23,469.8160000000001,467.7906895897595,471.79939026728306,43.09366381158317,-4.008700677523564,-3.4260862532712952,17.083106429027332,469.8160000000001,8.91419589312882,487.64439178625776,451.9876082137424,7182419.0
JFL,2025-06-25,462.0,462.0,455.5,458.88,-0.45 %,10044.0,4609995.6,-0.004490725675235896,-0.004500839273402476,461.878,468.86350000000004,466.41981426825805,470.8423983956325,42.02059873095752,-4.422584127374421,-3.6253858280919204,16.32717025552538,468.86350000000004,9.018719873569596,486.90093974713926,450.8260602528608,7172375.0
JFL,2025-06-26,468.0,468.0,455.0,455.79,-0.67 %,13707.0,6270179.3,-0.006733786610878645,-0.0067565608474160705,460.582,467.9264999999999,464.78445822698757,469.7274059218819,40.40325684248658,-4.942947694894315,-3.8888982014523994,16.089515237273567,467.9264999999999,9.365829985421271,486.65815997084246,449.1948400291574,7158668.0
JFL,2025-06-29,454.0,464.0,451.1,460.9,1.12 %,12295.0,5643929.5,0.011211303451150734,0.011148922602677816,460.50199999999995,467.55250000000007,464.1868492689895,469.0735240017425,44.22635732233888,-4.886674732753022,-4.088453507712524,15.861692720325452,467.55250000000007,9.495220889314256,486.5429417786286,448.56205822137156,7170963.0
JFL,2025-06-30,465.1,468.0,458.1,459.09,-0.39 %,4718.0,2177862.4,-0.003927099153829494,-0.003934830455408053,459.122,466.7610000000001,463.40271861222186,468.3340037053171,43.169983984663205,-4.931285093095255,-4.2570198247890705,15.43585752601649,466.7610000000001,9.50852686581494,485.77805373162994,447.7439462683702,7166245.0
JFL,2025-07-01,468.0,468.0,456.0,459.88,0.17 %,10045.0,4615578.3,0.0017207954867237696,0.0017193166144849252,458.908,466.29200000000003,462.8607619026493,467.707781208627,43.800939175856286,-4.84701930597771,-4.375019721026798,15.190439131301027,466.29200000000003,9.60957176328452,485.5111435265691,447.072856473431,7176290.0
JFL,2025-07-02,457.0,474.3,457.0,469.0,1.98 %,17696.0,8281613.0,0.019831260328781353,0.019637182560739836,460.93199999999996,466.5835,463.8052600714725,467.8035011190991,50.6172369694839,-3.998241047626607,-4.29966398634676,15.34112205049381,466.5835,9.59830153560781,485.78010307121565,447.3868969287844,7193986.0
JFL,2025-07-03,475.0,504.0,468.0,493.32,5.19 %,83872.0,41278117.4,0.05185501066098075,0.05055528225150793,468.438,468.13949999999994,468.345989291246,469.693612147314,63.374477471312126,-1.3476228560680283,-3.709255760291014,16.816756189744254,468.13949999999994,11.23346292158177,490.6064258431635,445.6725741568364,7277858.0
JFL,2025-07-06,494.1,535.5,494.1,517.52,4.91 %,90353.0,46465234.4,0.049055379875131644,0.047890121037942525,479.762,471.20649999999995,475.91122170797735,473.2363075438093,71.31533806707583,2.674914164168058,-2.4324217753991997,18.62841646190538,471.20649999999995,15.39804747533432,502.0025949506686,440.4104050493313,7368211.0
JFL,2025-07-07,519.0,521.0,492.1,494.96,-4.36 %,40462.0,20325242.4,-0.043592518163549254,-0.044571220512996654,486.936,473.02149999999995,478.8418029836731,474.84546994797154,58.56720341093342,3.996333035701582,-1.1466708131790433,19.36210100034071,473.02149999999995,15.97008231696191,504.96166463392376,441.08133536607613,7327749.0
JFL,2025-07-08,494.0,509.9,485.1,501.89,1.40 %,32916.0,16474753.3,0.014001131404558054,0.01390402095195676,495.338,473.5975,482.3876794477234,476.84876847034406,60.88052261752708,5.538910977379317,0.19044554493262866,19.75052235745923,473.5975,16.81417224123467,507.22584448246937,439.9691555175307,7360665.0
JFL,2025-07-09,501.0,505.0,495.6,499.86,-0.40 %,14175.0,7069682.3,-0.004044710992448519,-0.00405291295981711,501.51000000000005,474.649,485.07572876345824,478.55330413920746,59.826780270357396,6.522424624250789,1.4568413607962607,19.011199331926427,474.649,17.787988525673235,510.22497705134646,439.07302294865354,7346490.0
JFL,2025-07-10,495.0,507.9,495.0,496.55,-0.66 %,25062.0,12524066.3,-0.006621854119153392,-0.00664387586550534,502.15599999999995,475.33900000000006,486.84100126138776,479.8863927214884,58.062102326407114,6.954608539899368,2.5563947966168823,18.57468509393168,475.33900000000006,18.37667826922302,512.0923565384461,438.585643461554,7321428.0
JFL,2025-07-13,506.4,523.0,501.1,502.6,1.22 %,32541.0,16566509.3,0.012184070083576692,0.012110441760124255,499.1719999999999,476.6725,489.26546260578965,481.5688821495263,60.36342747659143,7.696580456263348,3.584431928546176,19.137207587222274,476.6725,19.363003484670767,515.3985069693415,437.9464930306585,7353969.0
JFL,2025-07-14,500.0,507.0,492.0,492.84,-1.94 %,15816.0,7875979.4,-0.019419021090330335,-0.019610047353024334,498.74800000000005,477.56200000000007,489.8153914356682,482.4037797680799,55.10957895055761,7.411611667588261,4.349867876354593,18.841692759563543,477.56200000000007,19.69039776669145,516.942795533383,438.18120446661715,7338153.0
JFL,2025-07-15,502.0,510.0,500.0,503.12,2.09 %,27666.0,13963854.8,0.020858696534372223,0.02064413247878041,498.99399999999997,479.1175,491.86225429171924,483.938314600074,59.14320752631665,7.9239396916452165,5.0646822394127184,18.721571848166146,479.1175,20.44314139908921,520.0037827981785,438.2312172018216,7365819.0
JFL,2025-07-16,513.0,513.1,503.0,503.87,0.15 %,32977.0,16756096.1,0.0014906980442042084,0.0014895880568417807,499.796,481.029,493.70959978530084,485.4147357408093,59.429627992606854,8.294864044491533,5.710718600428482,18.105745287582852,481.029,20.898860684131304,522.8267213682626,439.2312786317374,7398796.0
JFL,2025-07-17,500.0,520.0,500.0,516.72,2.55 %,50424.0,25987250.8,0.025502609800146958,0.025182843432127715,503.8299999999999,483.7515,497.249661356793,487.73364420445307,64.07635087433127,9.516017152339941,6.471778310810775,18.241049195612646,483.7515,21.851403008068786,527.4543060161376,440.04869398386245,7449220.0
JFL,2025-07-20,520.0,524.0,500.0,502.66,-2.72 %,68856.0,35400156.8,-0.027210094441864063,-0.027587144511844134,503.842,485.81949999999995,498.0820211480557,488.83930018930835,56.45693070014035,9.242720958747327,7.025966840398086,18.652402824497457,485.81949999999995,21.570107843226015,528.959715686452,442.6792843135479,7380364.0
JFL,2025-07-21,502.0,510.0,499.0,503.43,0.15,47909.0,24099769.5,0.0015318505550470096,0.0015306784688068084,505.96000000000004,487.6915,498.9047871252779,489.9200927678781,56.76017882833861,8.984694357399803,7.41771234379843,18.10580262274764,487.6915,21.382425709224403,530.4563514184488,444.9266485815512,7428273.0
JFL,2025-07-22,508.9,517.0,501.0,511.13,1.53 %,64085.0,32726120.2,0.015295075780148215,0.01517928529865063,507.562,490.2004999999999,500.78558910600435,491.4911970072945,59.77692676192687,9.294392098709864,7.793048294780717,17.955388149694237,490.2004999999999,21.02042652554313,532.2413530510862,448.15964694891363,7492358.0
JFL,2025-07-23,520.9,552.8,515.0,541.33,5.91,125596.0,66804511.2,0.05908477295404313,0.057405113419256706,515.054,494.323,507.02319078200367,495.18296019193934,68.93212227335482,11.840230590064323,8.60248475383744,19.649288996144644,494.323,22.58161830478752,539.486236609575,449.1597633904249,7617954.0
JFL,2025-07-24,552.1,558.0,535.0,542.14,0.15,62857.0,34051029.3,0.0014963146324791232,0.0014951962692159827,520.1380000000001,498.6405,512.4257768155416,498.66125943698086,69.1350404000913,13.764517378560697,9.634891278782092,19.888625496420026,498.6405,23.07598146968876,544.7924629393775,452.48853706062243,7680811.0
JFL,2025-07-27,543.0,543.0,520.2,523.92,-3.36 %,69716.0,37013141.7,-0.033607555244032916,-0.03418526975850526,524.39,501.7915,514.1941188439198,500.5322772564637,59.69084390326007,13.661841587456081,10.44028134051689,20.096580818104307,501.7915,21.925290918070885,545.6420818361418,457.9409181638582,7611095.0
JFL,2025-07-28,520.0,539.9,511.0,535.86,2.28,49460.0,25869658.7,0.022789738891433986,0.02253393201405174,530.876,505.62999999999994,517.5273313294706,503.1491456078368,63.23521704812538,14.378185721633827,11.227862216740277,20.725396473954,505.62999999999994,20.744323510171707,547.1186470203434,464.1413529796565,7660555.0
JFL,2025-07-29,536.0,546.0,526.0,529.33,-1.22,37778.0,20271419.8,-0.012186018736237036,-0.012260877033925102,534.516,509.10249999999996,519.343126509552,505.08846815540437,60.12163679000456,14.254658354147637,11.833221444221751,20.67358244010014,509.10249999999996,18.358526736840425,545.8195534736808,472.38544652631913,7622777.0
JFL,2025-07-30,539.8,539.8,515.0,516.93,-2.34,29418.0,15350250.7,-0.02342584021309979,-0.023704587066806945,529.6360000000001,511.49899999999997,518.9718762773133,505.96561866241143,54.62167983099427,13.00625761490187,12.067828678357774,20.968326551521557,511.49899999999997,15.797850586640077,543.0947011732801,479.90329882671983,7593359.0
JFL,2025-07-31,517.0,535.0,510.0,522.51,1.08 %,56093.0,29377242.1,0.010794498287969523,0.010736653588685603,525.7099999999999,512.9585,519.5162030038805,507.1911283911217,56.54802969393553,12.325074612758783,12.119277865237976,21.256303226412875,512.9585,15.372622374992366,543.7037447499847,482.2132552500152,7649452.0
JFL,2025-08-03,526.7,532.0,518.0,518.95,-0.68,43992.0,22957284.7,-0.0068132667317371,-0.006836583000505183,524.716,513.03,519.4290948494373,508.0621559177053,54.94545239143653,11.366938931732022,11.968810078536785,20.73799585309767,513.03,15.398259300115368,543.8265186002307,482.23348139976923,7605460.0
JFL,2025-08-04,524.0,525.0,507.0,511.6,-1.42,29175.0,14947140.0,-0.014163214182483896,-0.014264469706610413,519.864,513.8620000000001,518.2246187187546,508.32421844231976,51.68845729414,9.90040027643488,11.555128118116405,20.54242472073355,513.8620000000001,14.808775705460583,543.4795514109212,484.2444485890789,7576285.0
JFL,2025-08-05,515.0,518.0,504.0,504.69,-1.35 %,13025.0,6601894.8,-0.013506645817044638,-0.013598690305508969,514.936,514.002,516.1423696851001,508.055017076222,48.76199960383565,8.08735260887812,10.86157301626875,20.075108669252582,514.002,14.702491231793168,543.4069824635862,484.5970175364136,7563260.0
JFL,2025-08-06,500.5,510.0,495.1,498.67,-1.19 %,16159.0,8109896.8,-0.011928114287978686,-0.011999825063228301,511.284,513.9425,513.4543128104693,507.3598306261315,46.302448966188706,6.094482184337835,9.908154849882568,19.705458050020255,513.9425,14.765010159153379,543.4725203183068,484.41247968169324,7547101.0
JFL,2025-08-07,505.0,506.9,500.0,502.08,0.68 %,18411.0,9246614.1,0.006838189584294163,0.006814915208717358,507.19800000000004,514.2189999999999,511.70441853193563,506.9687320612329,47.905361630577694,4.735686470702717,8.873661174046598,18.885782475018804,514.2189999999999,14.471016004774096,543.1610320095481,485.27696799045174,7565512.0
JFL,2025-08-11,502.0,510.0,494.0,495.28,-1.35 %,15757.0,7863351.7,-0.013543658381134471,-0.013636210333691069,502.46400000000006,513.853,509.17758491163784,506.10290005669714,45.01937659493764,3.074684854940699,7.713865910225419,18.679655155374604,513.853,14.8674869925481,543.5879739850961,484.11802601490376,7549755.0
JFL,2025-08-12,505.0,505.0,485.5,486.21,-1.83 %,18776.0,9155362.0,-0.018312873526086237,-0.018482629872838774,497.3860000000001,513.5215,505.6441103098474,504.62935190434916,41.43388532529377,1.0147584054982417,6.374044409279984,18.738251215704988,513.5215,15.42416534464186,544.3698306892836,482.6731693107162,7530979.0
JFL,2025-08-13,487.0,495.9,482.5,483.83,-0.49 %,12160.0,5927705.0,-0.0048950042162850815,-0.0049070239900281774,493.21400000000006,512.557,502.2880933391017,503.0886591706937,40.52188871208149,-0.8005658315919959,4.939122361105588,18.356947557440346,512.557,16.662250779907783,545.8815015598155,479.23249844018443,7518819.0
JFL,2025-08-14,490.0,490.0,475.1,478.13,-1.18 %,14544.0,6981077.7,-0.011780997457784714,-0.011850943305648905,489.10599999999994,511.27,498.5714635946245,501.2398696024942,38.34503480347148,-2.6684060078696916,3.4176166873105323,18.11002273190889,511.27,18.283740835706396,547.8374816714128,474.7025183285872,7504275.0
JFL,2025-08-17,470.0,495.0,469.0,476.09,-0.43,17471.0,8393335.9,-0.004266622048396895,-0.004275750053332793,483.908,509.23850000000004,495.1127768877592,499.3769162986057,37.567198148144406,-4.2641394108464965,1.8812654676791265,18.673592536772542,509.23850000000004,19.837495670411588,548.9134913408233,469.5635086591769,7486804.0
JFL,2025-08-18,477.0,479.5,471.2,477.21,0.24 %,14750.0,7019921.0,0.0023524963767354024,0.002349733589250781,480.294,507.966,492.3585035204116,497.73492249870895,38.30712168121032,-5.376418978297352,0.42972857848383095,17.932621641288794,507.966,21.060266255125068,550.0865325102501,465.84546748974986,7501554.0
JFL,2025-08-19,478.0,480.0,471.1,475.31,-0.40 %,11179.0,5322267.2,-0.003981475660610578,-0.003989422836166405,478.1139999999999,506.56000000000006,489.7356568249637,496.0738171284342,37.49528085471036,-6.338160303470488,-0.9238491979070329,17.287434381196736,506.56000000000006,22.282237202237194,551.1244744044744,461.9955255955257,7490375.0
JFL,2025-08-20,476.0,479.1,469.0,470.05,-1.11 %,17249.0,8141673.3,-0.011066461888030954,-0.011128150717652443,475.358,504.50600000000003,486.70709423650777,494.14612697077246,35.266967271244454,-7.439032734264686,-2.2268859051785634,16.774046211111255,504.50600000000003,23.687861292896525,551.8817225857931,457.130277414207,7473126.0
JFL,2025-08-21,470.0,475.0,466.1,468.78,-0.27 %,10365.0,4866298.0,-0.0027018402297628308,-0.0027054967878519776,473.488,500.8785000000001,483.9490797385835,492.2671546025671,34.73029296456326,-8.318074863983554,-3.4451236969395618,16.21161433888902,500.8785000000001,23.303880019157845,547.4862600383158,454.2707399616844,7462761.0
JFL,2025-08-24,477.9,477.9,465.0,465.32,-0.74,6871.0,3215900.3,-0.007380860958231983,-0.007408234288142276,471.334,497.0375,481.08306747110913,490.271069076451,33.24593613051978,-9.188001605341867,-4.593699278620023,15.975070457539804,497.0375,22.460697340019205,541.9588946800384,452.1161053199616,7455890.0
JFL,2025-08-25,470.0,470.0,462.0,465.06,-0.06 %,8860.0,4113215.4,-0.0005587552651937777,-0.0005589114270905327,468.904,494.0945,478.6179801678616,488.4035824781954,33.13134503512016,-9.785602310333786,-5.632079884962776,15.405422567715533,494.0945,22.608617703734954,539.3117354074699,448.8772645925301,7447030.0
JFL,2025-08-26,465.0,470.9,464.0,464.64,-0.09,11089.0,5163392.4,-0.0009031092762225024,-0.0009035173250985502,466.77,490.5335,476.4675216804983,486.64331710944015,32.933868419353544,-10.175795428941854,-6.540822993758592,14.79789238430728,490.5335,21.2521682547047,533.0378365094094,448.0291634905906,7435941.0
JFL,2025-08-27,465.0,479.9,461.0,476.99,2.66,9444.0,4462386.3,0.026579717630853983,0.026232614111622348,468.158,487.9165,476.54790296042165,485.9282565828149,43.58247925098301,-9.380353622393272,-7.108729119485528,15.090900071142473,487.9165,19.361821705015547,526.6401434100311,449.19285658996887,7445385.0
JFL,2025-08-28,480.0,485.0,467.0,468.03,-1.88,10725.0,5074284.0,-0.0187844608901655,-0.01896312988073129,468.008,485.4715,475.23745635112607,484.6024597989027,38.77253905765607,-9.365003447776644,-7.559983985143751,15.298692923203724,485.4715,18.576799133666896,522.6250982673338,448.3179017326662,7434660.0
JFL,2025-08-31,465.0,465.9,456.0,456.77,-2.41,13361.0,6157653.2,-0.024058286861953326,-0.024352414497807433,466.29799999999994,482.1845,472.39630922018364,482.54079611009513,33.73393923700843,-10.14448688991149,-8.0768845660973,15.0652148572606,482.1845,17.460768197665754,517.1060363953316,447.2629636046685,7421299.0
JFL,2025-09-01,457.0,461.0,456.5,459.59,0.62 %,9036.0,4142081.4,0.006173785493793327,0.00615480575795174,465.204,479.2165,470.4261078016939,480.8407371389769,35.97787844711145,-10.414629337283031,-8.544433520334447,14.310556653170558,479.2165,15.85347223298722,510.92344446597446,447.50955553402554,7430335.0
JFL,2025-09-02,460.0,465.0,449.5,449.97,-2.09 %,20718.0,9374671.7,-0.02093169999347233,-0.021153873812034228,462.27,476.13499999999993,467.279014293741,478.5540158694231,31.997318534783446,-11.275001575682097,-9.090547131403978,14.395516892229805,476.13499999999993,15.204003800938304,506.5430076018765,445.72699239812334,7409617.0
JFL,2025-09-03,458.7,458.7,443.0,445.6,-0.97,10067.0,4505719.6,-0.009711758561681938,-0.009759225262303564,455.992,473.18050000000005,463.94378132547314,476.1129776568732,30.354381027099464,-12.169196331400087,-9.7062769714032,14.488694257070533,473.18050000000005,15.104007302002794,503.38851460400565,442.97248539599445,7399550.0
JFL,2025-09-04,450.0,451.0,440.1,446.73,0.25 %,10349.0,4595281.6,0.002535906642728847,0.0025326966571490887,451.73199999999997,470.5835,461.2955072754004,473.9364607934011,31.336167824051685,-12.640953518000742,-10.29321228072271,14.232358952994064,470.5835,14.95522414444327,500.49394828888654,440.6730517111135,7409899.0
JFL,2025-09-07,455.6,455.6,445.5,447.71,0.22,9023.0,4072593.5,0.0021937188010654474,0.0021913161132157575,449.91999999999996,467.86500000000007,459.20542923303105,471.99375999388997,32.2284518275724,-12.788330760858912,-10.79223597674995,13.937190456351633,467.86500000000007,13.827658210230924,495.52031642046194,440.2096835795382,7418922.0
JFL,2025-09-08,442.0,445.0,441.0,443.26,-0.99 %,7414.0,3280867.1,-0.009939469746040985,-0.009989196051911531,446.654,465.26399999999995,456.7522862741032,469.8653333276759,30.302805497103847,-13.1130470535727,-11.256398192114501,13.420962566612229,465.26399999999995,13.28116648332971,491.8263329666594,438.7016670333405,7411508.0
JFL,2025-09-18,436.0,436.0,402.7,402.7,-9.15,1531.0,622876.0,-0.09150385778098635,-0.09596463747411928,437.2,461.0885,448.43654992424115,464.89012345155174,19.10054836361911,-16.453573527310596,-12.29583325915372,15.35946524042564,461.0885,18.46507579045925,498.0186515809185,424.1583484190815,7409977.0
JFL,2025-09-21,403.0,441.0,395.0,438.02,8.77,22030.0,9331918.0,0.08770797119443752,0.08407270357701227,435.684,458.79800000000006,446.8340037820502,462.899743936622,39.926792379458156,-16.065740154571756,-13.04981463823733,17.548074866109523,458.79800000000006,18.336437006826177,495.4708740136524,422.1251259863477,7432007.0
JFL,2025-09-23,445.7,469.0,445.7,452.0,3.19,13623.0,6233904.9,0.031916350851559416,0.031417608397810534,436.738,457.4915,447.62877243096557,462.0923554968722,45.86696309789711,-14.463583065906619,-13.332568323771188,18.507498089958844,457.4915,17.809845377444063,493.11119075488807,421.8718092451119,7445630.0
JFL,2025-09-24,461.0,463.0,449.0,452.0,0.0,6043.0,2740907.2,0.0,0.0,437.596,456.287,448.3012689800478,461.34477360821495,45.86696309754774,-13.04350462816717,-13.274755584650384,18.18553394067607,456.287,17.29292100375621,490.8728420075124,421.70115799248754,7445630.0
JFL,2025-09-25,446.0,451.0,446.0,448.9,-0.69,2036.0,912481.0,-0.006858407079646023,-0.0068820340443447574,438.724,454.8715,448.3933814446558,460.42293852612494,44.729503264626544,-12.029557081469136,-13.025715884014135,17.315138659199206,454.8715,16.636327174053655,488.14415434810735,421.5988456518927,7443594.0
JFL,2025-09-28,457.8,460.0,452.0,452.0,0.69,2722.0,1242550.0,0.006905769659167005,0.006882034044344903,448.584,453.70599999999996,448.9482458377857,459.79901715381936,46.16720144857272,-10.850771316033672,-12.590726970418043,16.871200183542122,453.70599999999996,15.930648514900975,485.5672970298019,421.844702970198,7446316.0
JFL,2025-10-07,450.0,459.0,443.0,448.0,-0.88,2396.0,1070825.0,-0.008849557522123908,-0.00888894741724604,450.58000000000004,452.6035,448.8023618627417,458.92501588316605,44.55666694468672,-10.122654020424363,-12.097112380419308,16.8089715990034,452.6035,15.497109501284196,483.5977190025684,421.6092809974316,7443920.0
JFL,2025-10-08,440.1,449.0,426.0,440.0,-1.79,8130.0,3558696.8,-0.017857142857142905,-0.018018505502678365,448.18,451.1645,447.4481523453968,457.5231628547834,41.442798654098034,-10.075010509386573,-11.692692006212761,17.2511879133603,451.1645,15.25019809189916,481.6648961837983,420.66410381620165,7435790.0
JFL,2025-10-09,448.8,457.6,441.0,442.3,0.52,7832.0,3519242.3,0.005227272727272858,0.005213657961974358,446.24000000000007,450.0134999999999,446.65612890764345,456.3955211618364,42.68300371185841,-9.739392254192978,-11.302032055808805,17.276103062405998,450.0134999999999,14.992116270334224,479.9977325406684,420.02926745933144,7443622.0
JFL,2025-10-12,442.3,442.3,429.0,439.0,-0.75,8964.0,3871440.8,-0.007460999321727391,-0.0074889717991097815,444.26000000000005,448.71049999999997,445.47826292185215,455.10696403873743,41.33045124605263,-9.628701116885281,-10.967365868024102,16.99209570080557,448.71049999999997,14.746009799266558,478.20251959853306,419.2184804014669,7434658.0
JFL,2025-10-13,435.0,444.9,431.0,440.0,0.23,6238.0,2723818.9,0.002277904328018332,0.0022753138371356054,441.86,447.4785,444.6354532415672,453.98792966549763,41.93095342114906,-9.352476423930455,-10.644387979205373,16.7712317221766,447.4785,14.369592630568526,476.21768526113704,418.73931473886296,7440896.0
JFL,2025-10-14,445.0,445.0,430.0,434.0,-1.36,4448.0,1926034.5,-0.013636363636363669,-0.01373019281190202,439.06000000000006,445.329,442.99922966594147,452.5073422828682,39.329836288377564,-9.508112616926724,-10.417132906749645,16.64471517059256,445.329,12.85865053900618,471.0463010780124,419.6116989219876,7436448.0
JFL,2025-10-15,431.0,432.0,420.0,420.0,-3.23,7241.0,3087714.0,-0.032258064516129004,-0.03278982282299084,435.06000000000006,442.92749999999995,439.460886640412,450.0993910026557,34.02592151697061,-10.63850436224368,-10.461407197848452,16.45580694412166,442.92749999999995,12.880895226737332,468.6892904534746,417.1657095465253,7429207.0
JFL,2025-10-16,420.0,428.4,416.0,420.0,0.0,5085.0,2129968.8,0.0,0.0,430.6,441.08899999999994,436.4669040803486,447.8698064839404,34.02592151661763,-11.402902403591781,-10.649706238997117,16.16610644811297,441.08899999999994,13.414221793151968,467.9174435863039,414.260556413696,7429207.0
JFL,2025-10-19,412.5,420.1,412.1,418.0,-0.48,3359.0,1392184.0,-0.004761904761904745,-0.00477327875265766,426.4,439.00949999999995,433.6258419141412,445.65722822587077,33.28228809452082,-12.031386311729591,-10.926042253543613,15.582813130390615,439.00949999999995,13.617353663232898,466.24420732646576,411.77479267353414,7425848.0
JFL,2025-10-26,418.0,420.0,409.0,413.0,-1.2,6948.0,2861343.9,-0.011961722488038284,-0.012033839563723565,421.0,437.16099999999994,430.4526354658118,443.2381742832137,31.43277898204539,-12.785538817401914,-11.297941566315274,15.255469335362715,437.16099999999994,14.52989038970822,466.2207807794164,408.1012192205835,7418900.0
JFL,2025-10-28,421.0,434.0,419.0,434.0,5.08,4790.0,2049451.0,0.05084745762711873,0.049596941139372186,421.0,436.58099999999996,430.9983838556869,442.55386507704975,45.205360396896324,-11.555481221362868,-11.349449497324795,15.66579295426538,436.58099999999996,14.406292082942159,465.39358416588425,407.7684158341157,7423690.0
JFL,2025-10-29,442.0,450.0,427.0,430.0,-0.92,5457.0,2381076.4,-0.009216589861751112,-0.009259325412796712,423.0,435.74449999999996,430.8447863394274,441.6239491454164,43.41648994817565,-10.779162805989017,-11.235392159057639,16.189664886103568,435.74449999999996,14.271053689939965,464.2866073798799,407.20239262012,7418233.0
JFL,2025-10-30,438.0,438.0,426.0,427.2,-0.65,7013.0,3013337.2,-0.006511627906976791,-0.006532921041623072,424.43999999999994,434.71899999999994,430.2840499795155,440.55550846797814,42.15883844568646,-10.271458488462656,-11.042605424938642,15.890403108524742,434.71899999999994,14.101882629078622,462.9227652581572,406.5152347418427,7411220.0
JFL,2025-11-02,423.0,450.0,423.0,448.0,4.87,20824.0,9203088.3,0.048689138576779145,0.04754094476900019,430.43999999999994,434.956,433.0095807518977,441.10695228516494,53.04098499021979,-8.097371533267221,-10.453558646604359,16.68394574363012,434.956,14.291535367412175,463.53907073482435,406.3729292651757,7432044.0
JFL,2025-11-03,456.0,457.0,438.1,445.0,-0.67,12152.0,5445464.4,-0.006696428571428603,-0.006718950248744981,436.84,437.071,434.8542606362211,441.3953261899676,51.53499392011691,-6.541065553746478,-9.671060028032784,16.842235333370823,437.071,12.251057054289719,461.5731141085795,412.56888589142056,7419892.0
JFL,2025-11-04,453.7,465.0,439.0,444.0,-0.22,11729.0,5270303.6,-0.0022471910112359383,-0.0022497197340154416,438.84,437.37,436.2612974614179,441.58826499071074,51.015030969238815,-5.326967529292858,-8.8022415282848,17.496361380987192,437.37,12.348027756438556,462.06605551287714,412.67394448712287,7408163.0
JFL,2025-11-05,444.0,454.0,438.6,453.0,2.03,9979.0,4493233.5,0.020270270270270174,0.020067563050809173,443.43999999999994,437.41999999999996,438.83648246735356,442.43357869510254,55.37858814148503,-3.5970962277489775,-7.761212468177636,17.34662128234525,437.41999999999996,12.412243531037282,462.24448706207454,412.5955129379254,7418142.0
JFL,2025-11-06,462.0,468.9,453.1,455.0,0.44,21500.0,9888526.0,0.004415011037527616,0.004405293467916418,449.0,437.57,441.3231774723761,443.36442471768754,56.309979597393294,-2.0412472453114674,-6.617219423604403,17.243291190749158,437.57,12.614198349482711,462.7983966989654,412.3416033010346,7439642.0
JFL,2025-11-09,450.0,450.0,437.0,438.0,-3.74,8853.0,3914394.2,-0.03736263736263734,-0.03807850857450426,447.0,437.025,440.8119193997028,442.9670599237848,47.27680035864763,-2.1551405240820145,-5.724803643699926,17.297341819981362,437.025,12.331213070479615,461.6874261409592,412.36257385904077,7430789.0
JFL,2025-11-10,440.0,440.0,436.0,436.0,-0.46,5161.0,2254152.7,-0.004566210045662156,-0.004576667027411867,445.2,436.225,440.0716241074408,442.4509814109119,46.33506092952903,-2.3793573034710676,-5.055714375654154,16.34753168998269,436.225,11.816842351406322,459.85868470281264,412.5913152971874,7425628.0
JFL,2025-11-11,433.0,441.0,432.2,437.0,0.23,4658.0,2027064.0,0.002293577981651307,0.0022909517465557624,443.8,435.675,439.5990665524499,442.0472050101036,46.904562036135836,-2.4481384576536698,-4.534199192054057,15.808422283555359,435.675,11.491455635892066,458.65791127178414,412.6920887282159,7430286.0
JFL,2025-11-12,440.0,445.0,430.0,430.0,-1.6,7252.0,3141311.6,-0.016018306636155555,-0.01614798640798199,439.2,435.175,438.12228708284226,441.15481945379963,43.430174711412796,-3.0325323709573695,-4.23386582783472,15.750677834729977,435.175,11.510904441125781,458.19680888225156,412.15319111774846,7423034.0
JFL,2025-11-13,430.0,438.0,428.0,431.0,0.23,5929.0,2563111.8,0.0023255813953488857,0.0023228814161397287,434.4,434.61,437.02655060855886,440.40261060537006,44.06757671661079,-3.3760599968111933,-4.062304661630014,15.339915132249264,434.61,11.41973822172516,457.44947644345035,411.7705235565497,7428963.0
JFL,2025-11-16,424.0,434.0,424.0,428.0,-0.7,3876.0,1661053.8,-0.00696055684454755,-0.006984894521950982,432.4,434.06000000000006,435.6378505149344,439.48389870867595,42.51974006095016,-3.846048193741524,-4.019053368052316,14.958492622802888,434.06000000000006,11.461992111234192,456.98398422246845,411.13601577753167,7425087.0
JFL,2025-11-17,430.0,433.0,424.0,429.8,0.42,5636.0,2410599.7,0.004205607476635453,0.004196788626613232,431.16,433.55,434.739719666483,438.7665728784036,43.79533921503288,-4.026853211920638,-4.020613336825981,14.532886006888395,433.55,11.410590648492725,456.37118129698547,410.72881870301455,7430723.0
JFL,2025-11-18,437.9,438.2,425.1,430.2,0.09,5883.0,2532513.6,0.0009306654257794644,0.0009302326252196232,429.8,433.36,434.0413012562548,438.1320119244478,44.09225932320622,-4.090710668192969,-4.034632803099379,14.430537006396365,433.36,11.434315849558732,456.2286316991175,410.4913683008825,7436606.0
JFL,2025-11-19,430.0,435.0,425.0,425.0,-1.21,2839.0,1214011.3,-0.012087401208740078,-0.012161047909212803,428.8,433.61,432.65033183221567,437.1592703004146,41.05578458957323,-4.508938468198949,-4.129493936119293,14.114070077368053,433.61,11.178640346665647,455.9672806933313,411.2527193066687,7433767.0
JFL,2025-11-20,424.0,431.9,421.0,422.0,-0.71,5796.0,2462700.6,-0.007058823529411784,-0.007083854888405044,427.0,433.71000000000004,431.011819242644,436.03636138927277,39.3712158398118,-5.024542146628789,-4.308503578221193,13.884493643270334,433.71000000000004,11.058785504846638,455.8275710096933,411.59242899030676,7427971.0
JFL,2025-11-23,430.4,430.4,425.0,427.0,1.18,4856.0,2079993.7,0.011848341232227444,0.011778699192612705,426.8,434.16,430.3946162822372,435.3670012863637,43.52999307130502,-4.9723850041264654,-4.441279863402247,13.49274409732245,434.16,10.557631313295056,455.2752626265901,413.04473737340993,7432827.0
JFL,2025-11-24,435.5,435.5,428.0,430.0,0.7,11961.0,5156728.5,0.007025761124121788,0.007001195458983561,426.84,435.01000000000005,430.33390608496995,434.96944563552194,45.92665072609313,-4.635539550551982,-4.480131800832194,13.136119518942277,435.01000000000005,9.383406406501408,453.77681281300283,416.24318718699726,7444788.0
JFL,2025-11-25,438.0,438.0,428.4,435.0,1.16,7553.0,3257681.5,0.011627906976744207,0.011560822401076006,427.8,435.06000000000006,431.0517666872822,434.97170892177957,49.75420466528845,-3.9199422344973414,-4.368093887565224,12.883539553303544,435.06000000000006,9.380405108527983,453.820810217056,416.2991897829441,7452341.0
JFL,2025-11-26,430.0,438.6,429.0,433.0,-0.46,9297.0,4029038.0,-0.0045977011494252595,-0.004608303086194219,429.4,435.21000000000004,431.3514948892388,434.82565640905517,48.28200070288992,-3.4741615198163913,-4.189307414015458,12.649001013781865,435.21000000000004,9.319018471022336,453.8480369420447,416.5719630579554,7443044.0
JFL,2025-11-27,430.0,436.0,426.5,427.0,-1.39,10665.0,4578276.6,-0.01385681293302543,-0.01395371477386532,430.4,435.2,430.68203413704816,434.24597815653254,44.06912576429098,-3.5639440194843814,-4.064234735109243,12.424072369940303,435.2,9.328168997300747,453.85633799460146,416.5436620053985,7432379.0
JFL,2025-11-30,424.0,432.9,423.1,423.3,-0.87,13043.0,5571601.5,-0.00866510538641685,-0.00870286570174653,429.66,433.965,429.5463365775023,433.43516495975234,41.655337750886495,-3.88882838225004,-4.029153464537402,12.23663862923028,433.965,9.178193550051429,452.3213871001028,415.60861289989714,7419336.0
JFL,2025-12-01,424.0,425.0,421.1,422.2,-0.26,11359.0,4807807.1,-0.0025986298133712227,-0.0026020121126578673,428.1,432.825,428.41613095019426,432.6029305182892,40.93744256027061,-4.186799568094955,-4.0606826852489135,11.641164441428115,432.825,9.151351640179081,451.12770328035816,414.5222967196418,7407977.0
JFL,2025-12-02,430.0,430.0,420.0,422.1,-0.02,7680.0,3239329.0,-0.000236854571293188,-0.0002368826257671336,425.52,431.73,427.4444184963182,431.8249356650826,40.868486737783556,-4.380517168764413,-4.1246495819520135,11.523938409897536,431.73,9.053530861091554,449.83706172218314,413.6229382778169,7400297.0
JFL,2025-12-03,420.0,433.0,420.0,429.9,1.85,21554.0,9241268.7,0.018479033404406486,0.018310370713782744,424.9,430.575,427.8222002661154,431.68234783803945,48.19801344285369,-3.860147571924074,-4.071749179946425,11.62937138061914,430.575,7.545014038569682,445.66502807713937,415.4849719228606,7421851.0
JFL,2025-12-07,424.0,430.0,423.0,423.1,-1.58,8709.0,3712836.7,-0.01581763200744346,-0.015944065776213934,424.12,428.98,427.09570791748223,431.046618368555,43.17371579365344,-3.9509104510727866,-4.047581434171698,11.298701996289202,428.98,5.0784995712167715,439.1369991424336,418.82300085756646,7413142.0
JFL,2025-12-08,429.0,429.0,416.2,421.0,-0.5,14382.0,6028719.2,-0.004963365634601757,-0.004975724043640383,423.66,428.13,426.15790669940804,430.3024244153287,41.727079758585454,-4.144517715920642,-4.066968690521487,11.40593756798283,428.13,4.9091858045170875,437.94837160903415,418.31162839096584,7398760.0
JFL,2025-12-09,422.0,422.5,418.0,420.0,-0.24,7732.0,3239566.3,-0.002375296912114022,-0.0023781224049674358,423.21999999999997,427.33000000000004,425.2105364379606,429.53928186604503,41.022185403516836,-4.328745428084403,-4.119324038034071,10.912656313126915,427.33000000000004,4.862650349466719,437.0553006989335,417.6046993010666,7391028.0
JFL,2025-12-10,420.0,424.9,417.0,417.0,-0.71,2750.0,1151438.0,-0.0071428571428571175,-0.007168489478612516,422.2,426.33000000000004,423.9473769859667,428.6104461722639,38.8991738562553,-4.663069186297207,-4.228073067686698,10.69746657647499,426.33000000000004,4.825709656032902,435.98141931206584,416.67858068793424,7388278.0
JFL,2025-12-11,410.0,420.0,410.0,415.1,-0.46,7274.0,3022461.6,-0.004556354916067096,-0.004566766739808324,419.23999999999995,425.58500000000004,422.58624206504874,427.6096723817258,37.57292330059408,-5.023430316677036,-4.387144517484766,10.647647535298205,425.58500000000004,5.350875481748115,436.2867509634963,414.8832490365038,7381004.0
JFL,2025-12-14,423.0,423.0,413.0,414.5,-0.14,4448.0,1847010.5,-0.0014454348349796087,-0.0014464804836434942,417.5200000000001,424.76000000000005,421.342204824272,426.63858553863497,37.142261964850405,-5.296380714362954,-4.568991756860404,10.601386997062619,424.76000000000005,5.730564406860391,436.22112881372084,413.29887118627926,7376556.0
JFL,2025-12-15,420.0,420.0,411.6,416.0,0.36,7260.0,3019329.0,0.003618817852834688,0.0036122856859135658,416.5200000000001,424.16,420.5203271589994,425.85054216540277,39.02393845164666,-5.330215006403364,-4.7212364067689965,10.444145068701001,424.16,5.995559760541907,436.15111952108384,412.1688804789162,7383816.0
JFL,2025-12-16,411.6,419.0,411.6,417.0,0.24,2656.0,1109608.0,0.0024038461538462563,0.002400961537538268,415.9200000000001,423.52,419.9787383653072,425.194946449447,40.30687144680539,-5.216208084139794,-4.820230742243156,10.226706135222356,423.52,6.044797676307631,435.60959535261526,411.4304046473847,7386472.0
JFL,2025-12-17,418.0,425.0,417.0,419.0,0.48,10233.0,4303975.7,0.004796163069544335,0.004784698123336253,416.32000000000005,422.96000000000004,419.828163232183,424.7360615272657,42.894701146120894,-4.907898295082703,-4.837764252811066,10.067655696992189,422.96000000000004,5.910686129921211,434.78137225984244,411.13862774015763,7396705.0
JFL,2025-12-18,425.0,425.0,416.7,417.1,-0.45,6851.0,2873119.2,-0.004534606205250591,-0.004544918719238164,416.71999999999997,422.56499999999994,419.4084458118472,424.1704273400608,41.07300428044824,-4.761981528213653,-4.822607707891584,9.941394575778462,422.56499999999994,6.029949375725505,434.6248987514509,410.50510124854895,7389854.0
JFL,2025-12-21,412.7,416.9,411.2,414.7,-0.58,7723.0,3197007.2,-0.005754015823543623,-0.0057706339505640475,416.76000000000005,422.2,418.6840695331015,423.46891420376005,38.82974571209652,-4.784844670658572,-4.815055100444981,9.652723534651432,422.2,6.28163572396157,434.7632714479231,409.6367285520769,7382131.0
JFL,2025-12-22,418.0,418.0,405.0,408.0,-1.62,15070.0,6169815.7,-0.01615625753556782,-0.01628819284817386,415.16,421.25,417.0403665280089,422.32306870718526,33.35317942277332,-5.28270217917634,-4.908584516191254,9.89181471074776,421.25,6.921628953400538,435.09325790680106,407.40674209319894,7367061.0
JFL,2025-12-23,410.0,413.4,401.4,413.4,1.32,25442.0,10293507.5,0.013235294117647012,0.013148472843506141,414.43999999999994,420.41999999999996,416.4803101390845,421.6621006548011,40.62213508879014,-5.181790515716614,-4.963225716096326,10.042399374265777,420.41999999999996,6.811569105892137,434.04313821178425,406.79686178821567,7392503.0
JFL,2025-12-24,413.0,413.0,400.0,405.0,-2.03,20166.0,8132419.2,-0.020319303338171224,-0.020528580141128707,411.64,418.91999999999996,414.71410857922535,420.4278709766677,34.346651510712064,-5.713762397442338,-5.113333052365529,10.282227990389648,418.91999999999996,6.734639442552963,432.3892788851059,405.450721114894,7372337.0
JFL,2025-12-28,402.0,417.0,402.0,417.0,2.96,15106.0,6180121.8,0.029629629629629672,0.02919915469226235,411.62,418.12,415.06578418242145,420.1739546080256,46.95399948226219,-5.108170425604158,-5.112300527013255,10.619211705361817,418.12,5.86870379305906,429.85740758611814,406.38259241388187,7387443.0
JFL,2025-12-29,417.0,418.0,411.0,411.0,-1.44,8062.0,3334538.3,-0.014388489208633115,-0.014493007302566864,410.88,417.32,414.44027892358736,419.49440241483853,42.553914511719704,-5.054123491251175,-5.100665119860839,10.36069658355026,417.32,5.682067822279455,428.6841356445589,405.95586435544107,7379381.0
JFL,2025-12-31,409.1,417.0,409.1,412.0,0.24,5849.0,2416743.7,0.0024330900243310083,0.0024301348532918907,411.68,416.755,414.06485139688164,418.9392614952209,43.50416550659741,-4.87441009833924,-5.055414115556519,10.184932541868097,416.755,5.617592198211439,427.9901843964229,405.5198156035771,7385230.0
JFL,2026-01-01,407.0,414.4,407.0,410.8,-0.29,7459.0,3055253.6,-0.002912621359223322,-0.0029168712951232454,411.16,416.18500000000006,413.5625665665921,418.33635323631563,42.59364726112542,-4.773786669723506,-4.999088626389916,9.986008788877516,416.18500000000006,5.614387064088783,427.41377412817764,404.9562258718225,7377771.0
JFL,2026-01-04,410.0,414.9,402.0,403.0,-1.9,14340.0,5817751.1,-0.01898734177215189,-0.01916991610772017,410.76000000000005,415.23,411.93755632557793,417.20032707066264,37.15082324892209,-5.262770745084708,-5.051825050128874,10.194151018243407,415.23,6.153826366376869,427.53765273275377,402.92234726724627,7363431.0
JFL,2026-01-05,411.0,411.0,403.0,408.0,1.24,8997.0,3654626.3,0.012406947890818865,0.012330612457478725,408.96,414.13500000000005,411.33177842933515,416.5188213617247,42.24559423377812,-5.187042932389545,-5.078868626581008,10.037425945511735,414.13500000000005,5.294513048543956,424.724026097088,403.5459739029121,7372428.0
JFL,2026-01-06,400.1,435.0,400.1,431.8,5.83,54804.0,23534313.2,0.05833333333333335,0.056695343676545294,413.12,414.57,414.4807355940528,417.65076052011545,59.1998427982277,-3.170024926062638,-4.697099886477335,11.813324092260896,414.57,6.326643743153238,427.22328748630645,401.91671251369354,7427232.0
JFL,2026-01-07,424.0,437.9,423.0,433.5,0.39,20922.0,9001084.2,0.003937007874015741,0.003929278139889557,417.41999999999996,415.195,417.4067762718908,418.82477825936616,60.10082049103082,-1.4180019874753498,-4.041280306676938,12.033800942813688,415.195,7.503295767099139,430.20159153419826,400.18840846580173,7448154.0
JFL,2026-01-08,438.5,438.5,424.0,435.0,0.35,17142.0,7422385.8,0.0034602076124568004,0.0034542348680876036,422.26000000000005,415.945,420.11342607621526,420.0229428327464,60.92084047775176,0.09048324346883874,-3.214927596647782,12.209958018326997,415.945,8.668119142803071,433.28123828560615,398.60876171439384,7465296.0
JFL,2026-01-12,440.0,452.5,418.0,430.0,-1.15,11407.0,4956893.5,-0.011494252873563204,-0.011560822401075971,427.66,416.59499999999997,421.63443744910523,420.76198410439486,56.73506922361812,0.8724533447103795,-2.39745140837615,13.802103874160784,416.59499999999997,9.221169865280308,435.0373397305606,398.15266026943937,7453889.0
JFL,2026-01-13,421.4,430.0,413.0,430.0,0.0,12142.0,5182259.4,0.0,0.0,432.06000000000006,417.34000000000003,422.9214470723198,421.4462815781434,56.735069222778506,1.4751654941763945,-1.622928027865641,14.030525026006442,417.34000000000003,9.684300914917268,436.70860182983455,397.9713981701655,7453889.0
JFL,2026-01-14,435.0,440.0,423.0,437.0,1.63,32419.0,14030848.5,0.016279069767441756,0.01614798640798194,433.1,418.46500000000003,425.08737829196286,422.5984088686513,61.07727359721478,2.4889694233115733,-0.8005485376301982,14.242630381291695,418.46500000000003,10.600559816405486,439.666119632811,397.2638803671891,7486308.0
JFL,2026-01-18,437.0,468.0,431.3,455.0,4.12,69276.0,30827727.6,0.041189931350114506,0.04036422385536035,437.4,420.4150000000001,429.68932009319934,424.9985267302327,69.54233330320602,4.6907933629666445,0.2977198424891704,15.84672821119943,420.4150000000001,13.352991976968118,447.12098395393633,393.7090160460638,7555584.0
JFL,2026-01-20,455.0,492.0,452.8,459.0,0.88,46697.0,21436136.8,0.00879120879120876,0.008752791109594708,442.2,422.51500000000004,434.19865546347637,427.51715437984507,71.04914946172936,6.681501083631304,1.5744760907175972,17.514819053256613,422.51500000000004,15.855740285465297,454.2264805709306,390.80351942906947,7602281.0
JFL,2026-01-21,465.0,468.1,442.0,451.0,-1.74,40246.0,18314845.8,-0.017429193899782147,-0.01758287055786682,446.4,424.11500000000007,436.78347769986465,429.25662442578243,64.20745359174197,7.526853274082214,2.7649515273905205,18.128046263738288,424.11500000000007,17.051818084888275,458.21863616977663,390.0113638302235,7562035.0
JFL,2026-01-22,442.0,466.0,442.0,458.0,1.55,23206.0,10598788.5,0.015521064301552201,0.015401844611506703,452.0,426.16,440.0475580537316,431.385763357206,67.18507220585138,8.661794696525646,3.944320161217546,18.547471530614125,426.16,18.55272429988345,463.26544859976696,389.0545514002331,7585241.0
JFL,2026-01-25,463.0,489.0,460.0,472.0,3.06,67040.0,32031189.7,0.03056768558951961,0.030109801471370382,459.0,429.025,444.96331835315755,434.3942253307463,72.17141642069582,10.569093022411266,5.269274733456291,19.436937849855976,429.025,20.95820088200885,470.94140176401766,387.1085982359823,7652281.0
JFL,2026-01-26,466.0,475.0,456.2,469.2,-0.59,39792.0,18485346.0,-0.0059322033898305815,-0.005949868806235055,461.84,432.08500000000004,448.6920386065179,436.9724308618021,69.88421418135594,11.719607744715802,6.5593413357081936,19.391442289151982,432.08500000000004,22.160165185592227,476.4053303711845,387.76466962881557,7612489.0
JFL,2026-01-27,470.0,471.0,454.2,457.0,-2.6,25725.0,11844541.1,-0.026001705029838007,-0.026345725885115683,461.43999999999994,434.26500000000004,449.97018651320747,438.4559545016686,60.83738555339689,11.514232011538866,7.550319470874328,19.20633926849827,434.26500000000004,22.368875815812792,479.00275163162564,389.52724836837444,7586764.0
JFL,2026-01-28,448.1,465.0,441.0,457.0,0.0,32362.0,14679580.2,0.0,0.0,462.64,436.86500000000007,451.0516962804063,439.829587501545,60.83738555270169,11.222108778861298,8.284677332471722,19.54874360646268,436.86500000000007,21.803193271679156,480.4713865433584,393.25861345664174,7586764.0
JFL,2026-01-29,465.8,465.8,442.0,443.0,-3.06,26389.0,11864669.3,-0.03063457330415753,-0.031113620849069042,459.64,438.1650000000001,449.81297377572844,440.06443287180093,51.89628253722452,9.748540903927505,8.577450046762879,19.85240477742963,438.1650000000001,21.326318679536307,480.8176373590727,395.51236264092745,7560375.0
JFL,2026-02-01,443.0,467.0,435.1,440.0,-0.68,18948.0,8402690.1,-0.006772009029345383,-0.0067950431328288015,453.23999999999995,439.61500000000007,448.30328550253944,440.05966006648237,50.1939294038238,8.243625436057073,8.510685124621718,20.71294729332751,439.61500000000007,20.345444983559098,480.3058899671183,398.92411003288186,7541427.0
JFL,2026-02-02,442.1,445.0,433.9,440.0,0.0,15110.0,6615087.0,0.0,0.0,447.4,441.01500000000004,447.0258569636872,440.0552408022985,50.193929403232744,6.970616161388705,8.202671331975116,20.026308200946975,441.01500000000004,19.280704152900075,479.5764083058002,402.4535916941999,7541427.0
JFL,2026-02-03,448.0,448.0,425.0,436.4,-0.82,17882.0,7720421.3,-0.008181818181818179,-0.008215472953391091,443.28000000000003,442.29499999999996,445.3911097385046,439.7844822243504,48.002498119406795,5.606627514154184,7.68346256841093,20.23871475802219,442.29499999999996,17.974762277911893,478.2445245558238,406.34547544417615,7523545.0
JFL,2026-02-04,430.0,445.0,430.0,433.9,-0.57,14625.0,6336823.9,-0.00572868927589365,-0.00574516115461071,438.66,443.84,443.6232467018116,439.3485946521763,46.48471734454913,4.274652049635279,7.0017004646558,19.864520846734894,443.84,15.589112259930115,475.0182245198602,412.66177548013974,7508920.0
JFL,2026-02-05,425.3,440.0,425.3,440.0,1.41,16206.0,7057335.2,0.01405853883383279,0.013960634108001937,438.06000000000006,445.43999999999994,443.0658241323021,439.39684690016327,50.589925878588886,3.668977232138843,6.335155818152408,19.495626500539547,445.43999999999994,13.171796025082664,471.7835920501653,419.0964079498346,7525126.0
JFL,2026-02-08,440.0,443.7,432.1,440.1,0.02,20875.0,9143928.0,0.00022727272727274261,0.00022724690473889265,438.08000000000004,445.855,442.60954349656333,439.448932314966,50.65675103520323,3.1606111815973463,5.700246890841397,18.931653179072434,445.855,12.846153427964476,471.547306855929,420.16269314407106,7546001.0
JFL,2026-02-09,435.0,435.2,425.0,431.5,-1.95,22052.0,9524335.0,-0.019541013406044083,-0.01973446329356309,436.38,445.755,440.90038295863053,438.8601225138574,45.01787427601552,2.040260444773139,4.968249601627746,18.657963666281546,445.755,12.954717693812656,471.6644353876253,419.8455646123747,7523949.0
JFL,2026-02-10,431.0,439.6,425.6,428.0,-0.81,5520.0,2374906.6,-0.008111239860950192,-0.008144314941685863,434.7,445.40500000000003,438.9157086573028,438.0556689943124,42.92372814833035,0.8600396629904026,4.146607613900278,18.325251975832863,445.40500000000003,13.3491365776401,472.10327315528025,418.7067268447198,7518429.0
JFL,2026-02-11,431.0,439.6,426.0,428.4,0.09,8057.0,3462041.4,0.0009345794392523477,0.000934142991796922,433.6,445.325,437.29790732541005,437.34043425399295,43.248646954463354,-0.042526928582901746,3.3087807054036418,17.98773397755909,445.325,13.450723909302377,472.22644781860475,418.4235521813952,7526486.0
JFL,2026-02-12,430.0,434.0,425.0,425.0,-0.79,11212.0,4810728.5,-0.007936507936507908,-0.007968169649176845,430.6,445.075,435.40592158303923,436.42632801295645,41.1065745370766,-1.020406429917216,2.4429432783394707,17.34575297916201,445.075,13.792670631823393,472.6603412636468,417.4896587363532,7515274.0
JFL,2026-02-16,420.1,431.0,420.1,425.0,0.0,5187.0,2217510.0,0.0,0.0,427.58000000000004,444.475,433.805010570264,435.57993334533,41.10657453643172,-1.7749227750659884,1.5993700676583789,16.88534205207901,444.475,14.409641326485719,473.29428265297145,415.6557173470286,7515274.0
JFL,2026-02-17,425.0,430.0,420.0,424.8,-0.05,8826.0,3726380.3,-0.00047058823529411153,-0.0004706989966877457,426.24000000000007,442.965,432.41962432868496,434.7814197641944,40.96814512490558,-2.361795435509464,0.8071369670248103,16.393531905501938,442.965,14.82502418565776,472.6150483713155,413.31495162868447,7506448.0
JFL,2026-02-22,424.0,424.0,417.0,419.3,-1.29,11892.0,4981055.9,-0.012947269303201558,-0.01303181575101216,424.5,440.98,430.40122058581034,433.63464792980966,37.252844976087076,-3.233427343999324,-0.0009758951800166171,15.779708197966087,440.98,15.217635199094216,471.41527039818845,410.5447296018116,7494556.0
JFL,2026-02-23,419.0,422.0,411.0,411.0,-1.98,18494.0,7680790.1,-0.01979489625566422,-0.01999343968048238,421.02,438.98,427.4164174187626,431.95800734241635,32.4676604916222,-4.54158992365376,-0.9090987008747653,15.43830046953994,438.98,16.413011526484286,471.8060230529686,406.1539769470314,7476062.0
JFL,2026-02-24,419.0,419.0,411.4,418.7,1.87,9981.0,4132720.3,0.01873479318734783,0.01856145852886294,419.76000000000005,437.015,426.0754301235683,430.9759327244596,40.14854554050999,-4.900502600891286,-1.7073794808780696,14.906993293144229,437.015,16.368528050084592,469.75205610016917,404.2779438998308,7486043.0
JFL,2026-02-25,421.0,423.9,415.0,416.2,-0.6,3596.0,1504467.1,-0.005970862192500648,-0.0059887590655636445,418.0,434.225,424.5561331814809,429.88141918931444,38.6129854409325,-5.32528600783354,-2.430960786269164,14.477922343633926,434.225,14.768881759332698,463.7627635186654,404.68723648133465,7482447.0
JFL,2026-02-26,418.0,420.8,415.0,415.3,-0.22,9991.0,4178437.8,-0.002162421912542012,-0.0021647633228261604,416.1,431.5299999999999,423.13211269202225,428.80131406418,38.04879580632217,-5.669201372157772,-3.0786089034468858,13.858070747660076,431.5299999999999,12.843023910201177,457.21604782040225,405.8439521795976,7472456.0
JFL,2026-03-01,415.3,434.0,412.0,430.0,3.54,13805.0,5878717.9,0.03539609920539366,0.03478405805090022,418.23999999999995,430.18,424.1887107394034,428.8901056149815,50.71545257837933,-4.701394875578103,-3.4031660978731297,14.439637122827213,430.18,11.358029851403414,452.89605970280684,407.4639402971932,7486261.0
JFL,2026-03-03,429.9,436.0,428.0,435.0,1.16,6435.0,2784082.6,0.011627906976744207,0.011560822401076006,423.03999999999996,429.08000000000004,425.8519860102644,429.34269038424213,54.149407245549405,-3.490704373977735,-3.420673753094051,13.979663042625269,429.08000000000004,9.544389368690032,448.1687787373801,409.99122126262,7492696.0
JFL,2026-03-09,443.7,443.7,443.7,443.7,2.0,10.0,4437.0,0.020000000000000018,0.01980262729617973,428.03999999999996,429.11499999999995,428.59783431637754,430.4061948002242,59.44443426416647,-1.808360483846684,-3.098211099244578,13.60254425386632,429.11499999999995,9.59924750340825,448.3134950068164,409.9165049931835,7492706.0
JFL,2026-03-10,452.5,470.0,449.0,458.0,3.22,58423.0,26734520.3,0.03222898354744208,0.03172052572932126,436.4,430.015,433.1212444215502,432.450180370578,66.32773868725661,0.6710640509722339,-2.3443560692012158,14.509505378590156,430.015,11.356485510843706,452.7279710216874,407.3020289783126,7551129.0
JFL,2026-03-11,467.0,467.0,450.0,450.0,-1.75,20162.0,9168972.3,-0.017467248908296984,-0.01762160134981956,443.34,430.515,435.717976049004,433.75016700979444,60.174578735187026,1.9678090392095555,-1.4819230475190615,14.687397851548,430.515,12.019995402403085,454.55499080480615,406.4750091951938,7530967.0
JFL,2026-03-12,459.0,459.0,449.1,452.0,0.44,12383.0,5606277.3,0.004444444444444473,0.004434597067865775,447.73999999999995,431.29499999999996,438.2229028106957,435.10200649055037,61.145031205278364,3.1208963201453344,-0.5613591739861823,14.345440862151714,431.29499999999996,12.89620405187021,457.08740810374036,405.50259189625956,7543350.0
JFL,2026-03-15,455.0,461.0,449.0,450.0,-0.44,11451.0,5177559.6,-0.004424778761061954,-0.004434597067865753,450.73999999999995,432.1,440.0347639167425,436.2055615653244,59.58148788099862,3.8292023514181324,0.31675313109468073,14.177909371998021,432.1,13.553131314244538,459.20626262848907,404.993737371511,7531899.0
JFL,2026-03-16,450.0,455.0,438.1,442.0,-1.78,15728.0,6982123.4,-0.01777777777777778,-0.017937700686667318,450.4,432.2,440.33710792955134,436.63477922715225,53.66965404275792,3.702328702399086,0.9938682453555618,14.372344416855304,432.2,13.621693224995653,459.4433864499913,404.9566135500087,7516171.0
JFL,2026-03-17,442.0,448.0,434.1,444.7,0.61,12155.0,5376463.1,0.006108597285067852,0.006090015438952617,447.73999999999995,432.43,441.0083220942357,437.23220298810395,55.28233498331229,3.776119106131773,1.5503184175108042,14.338605529937068,432.43,13.799774979099716,460.0295499581994,404.8304500418006,7528326.0
JFL,2026-03-19,453.1,462.0,450.0,455.0,2.32,23826.0,10852273.0,0.023161682032831088,0.022897521434299618,448.73999999999995,433.605,443.16088792589176,438.54833610009626,60.87699003379792,4.612551825795492,2.162765099167742,14.550133706370135,433.605,14.688286597081163,462.98157319416237,404.22842680583767,7552152.0
JFL,2026-03-22,464.0,470.0,458.0,470.0,3.3,53839.0,25030117.4,0.03296703296703307,0.032435275753153955,452.34,435.70500000000004,447.28998209113917,440.8780889815706,67.29434132821564,6.4118931095685525,3.012590701247904,14.582267013057983,435.70500000000004,16.70825434203073,469.1215086840615,402.2884913159386,7605991.0
JFL,2026-03-23,474.0,474.0,459.0,464.0,-1.28,24881.0,11509308.5,-0.012765957446808529,-0.012848142477849024,455.14,437.485,449.8607540771178,442.59082313108394,62.85319018000625,7.269930946033867,3.8640587502050967,14.61210508355384,437.485,17.752724772332684,472.99044954466535,401.9795504553347,7581110.0
JFL,2026-03-24,473.0,473.0,460.0,462.7,-0.28,14066.0,6521386.5,-0.0028017241379310054,-0.0028056563133013286,459.28000000000003,439.37,451.8360226806381,444.0803917880407,61.899989446429444,7.7556308925974236,4.642373178683562,14.496954720442853,439.37,18.348787425878697,476.0675748517574,402.6724251482426,7567044.0
JFL,2026-03-25,468.0,468.0,452.0,453.0,-2.1,18769.0,8603491.1,-0.020963907499459644,-0.021186770429919836,460.93999999999994,440.77,452.0150961143861,444.7411035074451,55.17609250378959,7.273992606941022,5.1686970643350545,14.604315097554077,440.77,18.262648104520718,477.2952962090414,404.24470379095857,7548275.0
JFL,2026-03-26,455.0,457.0,451.0,456.0,0.66,11158.0,5075125.3,0.0066225165562914245,0.006600684031352093,461.14,442.33000000000004,452.62815825063444,445.57509584022694,56.74118251772861,7.053062410407506,5.545570133549545,13.9897211620145,442.33000000000004,18.158950236296338,478.6479004725927,406.0120995274074,7559433.0
JFL,2026-03-29,460.0,460.0,442.0,442.0,-3.07,14970.0,6755748.6,-0.030701754385964897,-0.03118292743668794,455.53999999999996,443.465,450.99305698130604,445.31027392613606,48.270757772403,5.682783055169978,5.573012717873632,14.276169650442036,443.465,17.334428018741065,478.13385603748213,408.7961439625178,7544463.0
JFL,2026-03-30,442.0,448.0,435.0,436.0,-1.36,15823.0,6971215.4,-0.013574660633484115,-0.013667638728663757,449.93999999999994,444.715,448.6864328303359,444.6206240056816,45.15931344428569,4.065808824654312,5.271571939229768,14.185014675410462,444.715,15.693890027988477,476.10278005597695,413.327219944023,7528640.0
JFL,2026-03-31,436.0,450.0,431.0,444.0,1.83,12936.0,5663541.1,0.0183486238532109,0.01818231908319033,446.2,445.98,447.96544316413036,444.5746518571126,49.80511643422793,3.390791307017764,4.895415812787368,14.52894219859543,445.98,14.457545835272796,474.89509167054564,417.0649083294544,7541576.0
JFL,2026-04-01,444.0,449.0,427.6,430.0,-3.15,8157.0,3521069.3,-0.03153153153153154,-0.03203935374461666,441.6,446.66999999999996,445.20152883118726,443.495048015845,42.94824427163743,1.7064808153422746,4.257628813298349,15.0197320415529,446.66999999999996,13.23945856740219,473.1489171348043,420.1910828651956,7533419.0
JFL,2026-04-02,430.0,445.0,430.0,433.9,-0.57,14625.0,6336823.9,0.009069767441860499,0.009028884116696945,437.18,447.6,443.46283208792767,442.784303718375,45.21114534926836,0.67852836955268,3.5418087245492154,15.018322610013406,447.6,11.4526025541455,470.505205108291,424.694794891709,7548044.0
JFL,2026-04-05,421.2,446.8,410.0,412.8,0.93,7132.0,2935086.6,-0.048628716294076946,-0.049850878636952006,431.34000000000003,446.74000000000007,438.7454733051696,440.5632441836805,36.72419959955323,-1.8177708785109417,2.469892803937184,16.574156709298165,446.74000000000007,13.33489289125027,473.4097857825006,420.07021421749954,7540912.0
JFL,2026-04-06,407.0,426.0,407.0,426.0,4.87,15098.0,6318524.0,0.03197674418604657,0.0314761321020175,429.34000000000003,446.2900000000001,436.78463125822043,439.4844853552597,43.82816282079252,-2.6998540970392924,1.4359434237418889,16.74743123006258,446.2900000000001,13.892137117242836,474.07427423448576,418.5057257655144,7556010.0
JFL,2026-04-07,426.0,437.0,419.0,419.0,-1.64,8712.0,3697109.4,-0.016431924882629123,-0.016568426347232705,424.34000000000003,445.055,434.0485341415711,437.9671160696849,41.18736097322111,-3.918581928113781,0.36503835337075485,16.836900427915253,445.055,15.173331001605398,475.4016620032108,414.7083379967892,7547298.0
JFL,2026-04-08,427.0,427.0,420.0,423.0,0.95,3775.0,1592472.0,0.009546539379474916,0.009501259124140215,422.94000000000005,443.305,432.3487596582525,436.8584408052638,43.290112556439,-4.5096811470112925,-0.6099055467056547,16.205693254492736,443.305,15.613707708969272,474.5324154179385,412.0775845820615,7551073.0
JFL,2026-04-09,415.7,434.0,415.7,430.0,1.65,8401.0,3618786.6,0.016548463356973908,0.01641302964133005,422.16,442.305,431.98741201852135,436.35040815302204,46.870080912319274,-4.3629961345006905,-1.3605236642646619,16.355286593457542,442.305,15.801681289629402,473.90836257925884,410.7016374207412,7559474.0
JFL,2026-04-10,431.0,431.0,422.0,422.6,-1.72,5585.0,2369609.9,-0.017209302325581377,-0.017359103505651764,424.12,440.83500000000004,430.5431947849027,435.33185940094637,43.72745310894586,-4.788664616043661,-2.046151854620462,15.829908979639146,440.83500000000004,16.214427461209276,473.2638549224186,408.40614507758147,7553889.0
JFL,2026-04-13,425.0,432.9,425.0,425.0,0.57,5527.0,2356387.0,0.0056791292001892035,0.005663063742460404,423.91999999999996,439.58500000000004,429.69039558722534,434.5665364823577,45.015123484761524,-4.87614089513238,-2.612149662722846,15.43491548109349,439.58500000000004,16.432870620868083,472.4507412417362,406.7192587582639,7559416.0
JFL,2026-04-15,433.5,439.9,425.0,431.0,1.41,6980.0,3015108.1,0.014117647058823568,0.014018921179330996,426.32,439.035,429.8918731891907,434.30234859477565,48.20601577714505,-4.410475405584975,-2.971814811295272,15.396707232443955,439.035,16.531573459677613,472.09814691935526,405.9718530806448,7566396.0
JFL,2026-04-16,426.0,431.6,420.0,422.0,-2.09,8551.0,3612188.6,-0.02088167053364265,-0.02110277606773594,426.12,437.9,428.6777388523921,433.39106351368116,44.07430158003901,-4.71332466128905,-3.3201167812940278,15.12551385869796,437.9,16.897368216135547,471.69473643227104,404.1052635677289,7557845.0
JFL,2026-04-17,422.0,425.0,419.0,425.0,0.71,10800.0,4541831.7,0.007109004739336511,0.007083854888405042,425.12,436.4,428.11193287510105,432.76950325340846,45.743635255178624,-4.657570378307412,-3.5876075006967048,14.473691440219536,436.4,16.628922172879157,469.6578443457583,403.14215565424166,7568645.0
JFL,2026-04-20,425.0,425.0,419.0,419.0,-1.41,8297.0,3484776.3,-0.014117647058823568,-0.014218249002279137,424.4,433.85,426.7100970481624,431.74954004945226,42.980405925064204,-5.03944300128984,-3.8779746008153317,13.868427765918142,433.85,15.039684347194866,463.9293686943898,403.77063130561027,7560348.0
JFL,2026-04-21,429.0,429.0,416.3,417.5,-0.36,6366.0,2662590.2,-0.0035799522673031214,-0.0035863756312275773,422.9,431.525,425.2931590407528,430.69401856430767,42.292585320850705,-5.400859523554857,-4.182551585363237,13.784968639781132,431.525,13.66485599901409,458.85471199802816,404.1952880019718,7553982.0
JFL,2026-04-22,410.0,423.0,405.0,418.0,0.12,14504.0,5992315.1,0.0011976047904191933,0.0011968882338461726,420.3,429.2900000000001,424.1711345729447,429.7537208928775,42.622204108319764,-5.582586319932773,-4.462558532277145,14.086042308368196,429.2900000000001,11.829886327705331,452.94977265541075,405.6302273445894,7568486.0
JFL,2026-04-23,429.0,430.0,415.0,415.0,-0.72,4129.0,1728284.7,-0.0071770334928229484,-0.007202912294057997,418.9,427.39000000000004,422.7601907924917,428.6608526785903,41.10511145925962,-5.9006618860985895,-4.750179203041434,14.15132500062761,427.39000000000004,10.830799163793731,449.0515983275875,405.7284016724126,7564357.0
JFL,2026-04-24,415.0,418.5,413.0,413.1,-0.46,4147.0,1717432.8,-0.004578313253011945,-0.004588825827979342,416.52,425.245,421.27400759364684,427.5081969246207,40.130858618084346,-6.234189330973834,-5.046981228627914,13.533373214868496,425.245,8.95153471111718,443.14806942223436,407.34193057776565,7560210.0
JFL,2026-04-27,413.1,417.4,413.0,417.4,1.04,2295.0,950468.8,0.010409101912369767,0.010355300240381404,416.2,424.01500000000004,420.67800642539345,426.759441596871,43.400413607957745,-6.081435171477551,-5.253872017197841,12.880989413806459,424.01500000000004,8.185434753596887,440.38586950719383,407.64413049280626,7562505.0
JFL,2026-04-28,417.4,418.0,415.0,417.0,-0.1,6565.0,2732571.5,-0.0009583133684714085,-0.0009587728442988438,416.1,423.06500000000005,420.1121592830252,426.0365199971028,43.164264569035716,-5.924360714077579,-5.387969756573789,12.175204455677425,423.06500000000005,7.815455335768628,438.6959106715373,407.4340893284628,7555940.0
JFL,2026-04-29,417.0,419.0,410.0,411.5,-1.32,4307.0,1774680.6,-0.013189448441247031,-0.013277201681676976,414.8,421.44000000000005,418.78721170102136,424.95974073805814,39.945785698239675,-6.172529037036782,-5.544881612666388,11.948404137414752,421.44000000000005,6.5018539866174745,434.443707973235,408.4362920267651,7551633.0
JFL,2026-04-30,409.0,411.5,406.0,409.0,-0.61,5862.0,2394059.0,-0.0060753341433779084,-0.00609386407432278,413.6,420.39000000000004,417.2814868239411,423.7775377204242,38.53912245086576,-6.496050896483098,-5.73511546942973,11.487803841885126,420.39000000000004,6.738100622589314,433.8662012451787,406.9137987548214,7545771.0
JFL,2026-05-01,411.0,411.0,403.0,408.0,1.24,8997.0,3654626.3,-0.0024449877750610804,-0.0024479816386400017,412.58000000000004,419.09499999999997,415.853565774104,422.60883122261504,37.96324878546244,-6.755265448511011,-5.9391454652459865,11.238674996036188,419.09499999999997,6.489219805519966,432.07343961103993,406.11656038896,7536774.0
JFL,2026-05-02,425.3,440.0,425.3,440.0,1.41,16206.0,7057335.2,0.07843137254901955,0.0755075525081451,417.1,420.45500000000004,419.56840180885723,423.8970659468658,59.05013751259454,-4.328664138008548,-5.617049199798499,12.721626782033603,420.45500000000004,7.815266773244563,436.08553354648916,404.8244664535109,7552980.0
JFL,2026-05-04,415.0,424.0,406.0,406.2,-3.29,26345.0,10873313.3,-0.0768181818181819,-0.07992907776602262,414.93999999999994,419.465,417.51172460749456,422.5861721730239,42.58483172047929,-5.07444756552934,-5.508528872944668,14.241510583316918,419.465,8.31405120074216,436.0931024014843,402.83689759851563,7526635.0
JFL,2026-05-05,406.0,415.0,406.0,412.1,-0.17,2606.0,1072037.8,0.014524864598719933,0.014420389198487446,415.06000000000006,419.12,416.67915159095696,421.8094186787259,45.444448473818525,-5.130267087768914,-5.432876515909517,13.867116970222853,419.12,8.475947393104107,436.0718947862082,402.1681052137918,7529241.0
JFL,2026-05-06,422.0,433.0,421.0,428.6,3.28,19852.0,8510870.9,0.040038825527784594,0.03925804469470505,418.98,419.4,418.51312826927125,422.3124247025239,52.56048326749783,-3.799296433252664,-5.106160499378147,14.369465758064077,419.4,8.700393215562409,436.8007864311248,401.9992135688752,7549093.0
JFL,2026-05-07,406.0,408.0,403.2,405.0,-0.74,6433.0,2609673.8,-0.05506299580028007,-0.056637015932937594,418.38,418.15,416.43418545861414,421.0300228727073,43.76703891470525,-4.595837414093182,-5.004095882321154,15.157361061059504,418.15,8.891125084223171,435.93225016844633,400.3677498315536,7542660.0
JFL,2026-05-08,407.0,413.0,406.2,412.0,1.73,1267.0,518951.5,0.01728395061728394,0.017136282242987237,412.78000000000003,417.62,415.75200308036585,420.36113228954383,46.61970762425387,-4.609129209177979,-4.92510254769252,14.64612098526954,417.62,8.92775683502912,435.47551367005826,399.76448632994175,7543927.0
JFL,2026-05-11,424.3,424.3,412.0,415.0,0.73,8249.0,3411707.0,0.00728155339805836,0.007255170881172016,414.5400000000001,417.12,415.63631029877115,419.96401137920725,47.84093925885506,-4.3277010804361,-4.805622254241236,14.478540914893147,417.12,8.771340892519166,434.66268178503833,399.5773182149617,7552176.0
JFL,2026-05-12,423.0,423.0,405.0,409.0,-1.45,7178.0,2942682.4,-0.014457831325301207,-0.014563364187896555,413.91999999999996,416.02,414.61533948357555,419.1518623881549,45.594255699765334,-4.5365229045793285,-4.751802384308855,14.730073706686493,416.02,8.306218342786625,432.6324366855732,399.40756331442674,7544998.0
JFL,2026-05-13,405.1,409.0,405.1,407.0,-0.49,1957.0,796894.1,-0.004889975550122272,-0.0049019706002067795,409.6,415.27,413.4437487937947,418.25172443347674,44.83837115425464,-4.807975639682013,-4.763037035383486,13.956497013351742,415.27,8.41434239230191,432.0986847846038,398.4413152153962,7543041.0
JFL,2026-05-14,408.0,412.0,407.0,407.0,0.0,2839.0,1157914.2,0.0,0.0,410.0,414.37,412.4524028255186,417.4182633643303,44.83837115385437,-4.9658605388116825,-4.803601736069125,13.316747226683761,414.37,8.280420787689907,430.9308415753798,397.8091584246202,7543041.0
JFL,2026-05-15,410.0,410.0,404.0,405.6,-0.34,3841.0,1558279.9,-0.003439803439803435,-0.003445733165621576,408.72,413.7,411.3981870062081,416.54283644845395,44.242905952210485,-5.14464944224585,-4.87181127730447,12.794122424777779,413.7,8.426899286161174,430.5537985723223,396.84620142767767,7539200.0
JFL,2026-05-18,385.4,430.0,385.4,408.0,0.59,2690.0,1101027.0,0.00591715976331364,0.005899722127188322,407.32,413.225,410.875389005253,415.9100337485685,45.57721134033829,-5.034644743315482,-4.904377970506673,15.06597082300794,413.225,8.469069109359362,430.16313821871876,396.2868617812813,7541890.0
JFL,2026-05-19,387.6,410.0,387.6,408.0,0.0,4350.0,1766432.0,0.0,0.0,407.12,412.725,410.4330214659833,415.3241053227486,45.57721133984887,-4.891083856765306,-4.901719147758399,15.589830049935943,412.725,8.467515325621362,429.6600306512427,395.7899693487573,7541890.0
JFL,2026-05-20,408.0,417.0,408.0,411.0,0.74,4805.0,1972029.1,0.007352941176470562,0.007326040092072881,407.91999999999996,412.525,410.52024893275507,415.00380122476724,47.401964044630134,-4.4835522920121775,-4.818085776609155,15.119127903511947,412.525,8.45818662910621,429.4413732582124,395.60862674178753,7546695.0
JFL,2026-05-21,414.9,414.9,408.0,408.0,-0.73,2650.0,1088577.0,-0.007299270072992692,-0.007326040092072898,408.12,412.27,410.13251832771584,414.4850011340437,45.75000581527814,-4.352482806327885,-4.724965182552901,14.532047338975378,412.27,8.516615339573898,429.30323067914776,395.2367693208522,7544045.0
JFL,2026-05-22,417.4,417.4,405.1,408.0,0.0,4809.0,1960986.9,0.0,0.0,408.6,411.8,409.80443858499035,414.00463067967013,45.750005814705794,-4.200192094679778,-4.620010564978276,14.372615386191418,411.8,8.477896958695986,428.755793917392,394.844206082608,7544045.0
JFL,2026-05-25,409.0,414.9,409.0,413.1,1.25,3350.0,1382836.7,0.012499999999999956,0.01242251999855711,409.62,411.605,410.31144803345336,413.9376209996946,49.23787965343736,-3.6261729662412563,-4.421243045230872,13.838857144320603,411.605,8.396457586396892,428.3979151727938,394.81208482720626,7547395.0
JFL,2026-05-26,413.2,418.9,408.0,408.0,-1.23,4388.0,1803356.9,-0.012345679012345734,-0.012422519998557209,409.62,411.43,409.9558406436913,413.4977972219395,46.04949557082529,-3.5419565782481754,-4.245385751834332,13.628938776869129,411.43,8.435145772936512,428.30029154587305,394.55970845412696,7543007.0
JFL,2026-05-27,405.2,412.0,405.1,412.0,0.98,2094.0,853067.6,0.009803921568627416,0.009756174945364656,409.82,411.58000000000004,410.27032669850803,413.3868492795736,48.847281657179145,-3.116522581065567,-4.01961311768058,13.148300292807047,411.58000000000004,8.41631248170098,428.412624963402,394.7473750365981,7545101.0
JFL,2026-06-01,410.0,412.0,404.0,410.0,-0.49,1067.0,435158.9,-0.004854368932038833,-0.004866189651172899,410.21999999999997,411.68,410.22873797566064,413.1359715551607,47.52033585212714,-2.9072335795000868,-3.7971372100444816,12.780564557606544,411.68,8.383354434777829,428.44670886955566,394.91329113044435,7544034.0
JFL,2026-06-02,404.3,425.1,404.0,423.0,3.17,22709.0,9581331.0,0.03170731707317076,0.03121501934792451,413.21999999999997,410.83000000000004,412.1935475178667,413.8666403288525,55.905235232259315,-1.6730928109857928,-3.372328330232744,13.374809946348934,410.83000000000004,5.8354722895639926,422.50094457912803,399.15905542087205,7566743.0
JFL,2026-06-03,425.0,425.0,415.0,419.9,-0.73,6454.0,2708630.9,-0.0073286052009456926,-0.007355591356130444,414.58000000000004,411.51500000000004,413.379155592041,414.3135558600486,53.70180786193369,-0.9344002680076073,-2.8847427177877165,13.133752093038296,411.51500000000004,6.063026428595399,423.64105285719086,399.38894714280923,7560289.0
JFL,2026-06-04,427.0,427.0,414.2,415.0,-1.17,9167.0,3857718.8,-0.01166944510597756,-0.01173806745944924,415.98,411.66,413.6285162701886,414.3644035741191,50.32541702840481,-0.7358873039304967,-2.4549716350162725,13.109912657821276,411.66,6.1122310510331905,423.8844621020664,399.43553789793367,7551122.0
JFL,2026-06-05,416.0,416.0,405.0,408.0,-0.99,3235.0,1322568.0,-0.016867469879518038,-0.017011345826536562,415.18,410.63,412.7625906901596,413.8929662723325,45.88688809102251,-1.130375582172917,-2.1900524244476016,12.959204610834043,410.63,4.673790302274809,419.9775806045496,401.2824193954504,7547887.0
JFL,2026-06-07,400.0,400.0,395.0,395.1,-0.85,4189.0,1660742.8,-0.03161764705882353,-0.032128276986816647,412.2,410.13499999999993,410.04526904551966,412.5008946966042,39.05146558168549,-2.4556256510845174,-2.2431670697749846,12.96211856720304,410.13499999999993,5.710680206526911,421.55636041305377,398.7136395869461,7543698.0
JFL,2026-06-08,433.5,437.0,422.0,427.9,-0.16,13831.0,5944472.4,0.08301695773221951,0.07975062600542594,413.18,410.93,412.79215073082435,413.6415691635224,56.709379218020366,-0.8494184326980303,-1.9644173423595939,15.029110098117108,410.93,6.95512684814934,424.8402536962987,397.0197463037013,7557529.0
JFL,2026-06-09,425.1,430.0,412.0,418.0,-2.31,9410.0,3959887.2,-0.023136246786632286,-0.02340809089801473,412.8,411.08000000000004,413.5933583106975,413.9644158921503,51.82857462254935,-0.371057581452817,-1.6457453901782386,15.241316519680172,411.08000000000004,7.0787747973602135,425.23754959472046,396.9224504052796,7548119.0
JFL,2026-06-10,425.0,429.7,417.0,421.0,0.72,7459.0,3129112.6,0.0071770334928229484,0.0071514011576250865,414.0,411.68,414.7328416475133,414.4855702705095,53.14460783055339,0.2472713770037558,-1.2671420367418398,15.059793911131589,411.68,7.39470649929313,426.4694129985863,396.89058700141373,7555578.0
JFL,2026-06-11,416.0,425.0,414.3,414.5,-1.54,4568.0,1902048.9,-0.015439429928741144,-0.015559859107031804,415.3,412.055,414.69701985558817,414.48663913936065,49.95985794030321,0.21038071622751886,-0.9716374861479681,14.748380060336476,412.055,7.334810656627878,426.72462131325574,397.3853786867443,7551010.0
JFL,2026-06-12,415.0,417.0,405.0,405.0,-2.29,8238.0,3396046.5,-0.022919179734619988,-0.02318590746881049,417.28000000000003,411.95500000000004,413.20517064703614,413.78392512903764,45.653726433382914,-0.5787544820015,-0.8930608853186746,14.552067198883872,411.95500000000004,7.4204890603583475,426.7959781207167,397.11402187928337,7542772.0
JFL,2026-06-15,425.2,425.2,405.0,406.0,0.25,9095.0,3731638.2,0.0024691358024691024,0.0024660924951934683,412.9,411.975,412.09668285518444,413.2073380824423,46.17959130811864,-1.110655227257837,-0.936579753706507,14.955490970392166,411.975,7.4029777081610515,426.7809554163221,397.16904458367793,7551867.0
JFL,2026-06-16,426.2,426.2,406.0,407.9,0.47,5123.0,2101870.6,0.004679802955664947,0.0046688867217800495,410.88,411.96999999999997,411.4510393390022,412.8142019281873,47.224492194651475,-1.3631625891850945,-1.0218963208022247,15.330098758221295,411.96999999999997,7.405836958291254,426.78167391658246,397.1583260834175,7556990.0
JFL,2026-06-17,414.0,416.0,405.0,405.0,-0.71,7995.0,3260201.3,-0.007109585682765318,-0.007134979216973563,407.68,411.82,410.4585717483865,412.23537215572895,45.76405890800772,-1.7768004073424777,-1.1728771381102754,15.020805989776917,411.82,7.519980403120695,426.85996080624136,396.7800391937586,7548995.0
JFL,2026-06-18,415.0,415.0,402.5,408.9,0.96,6150.0,2487847.0,0.009629629629629655,0.009583560264057506,406.56,411.715,410.21879147940393,411.9883075516009,48.08906743233088,-1.76951607219695,-1.2922049249276104,14.840748419078567,411.715,7.546646170400086,426.80829234080016,396.6217076591998,7555145.0
JFL,2026-06-19,390.0,413.7,390.0,405.2,-0.9,5665.0,2304513.5,-0.009048667155783785,-0.009089854996068281,406.6,411.575,409.4466697133418,411.48546995518603,46.0712175246136,-2.0388002418442284,-1.441523988310934,15.473552103430096,411.575,7.644528487070714,426.8640569741414,396.28594302585856,7549480.0
JFL,2026-06-22,405.1,415.0,405.0,409.7,1.11,6532.0,2671272.5,0.011105626850937744,0.011044412178297013,407.34,411.66,409.48564360359694,411.3532129214685,48.88067883100567,-1.8675693178715846,-1.5267330542230642,15.082584096042233,411.66,7.612067981010824,426.8841359620217,396.4358640379784,7556012.0
JFL,2026-06-23,403.0,406.0,400.0,405.0,-1.15,4033.0,1629763.6,-0.011471808640468595,-0.01153811744628621,406.75999999999993,411.255,408.795544587659,410.8826045569153,46.17498159331993,-2.087059969256302,-1.6387984372297117,14.698113803467786,411.255,7.745727175278438,426.74645435055686,395.76354564944313,7551979.0
JFL,2026-06-24,405.0,405.0,400.0,403.0,-0.49,7024.0,2821813.8,-0.004938271604938316,-0.004950505159856203,406.35999999999996,411.005,407.90392234340374,410.2987079230697,45.032665116767774,-2.3947855796659496,-1.7899958657169595,14.005391388934374,411.005,7.934698946310711,426.8743978926214,395.1356021073786,7544955.0
JFL,2026-06-25,403.0,405.0,400.0,401.0,-0.5,6229.0,2504704.1,-0.00496277915632759,-0.004975134640113843,404.78000000000003,410.45500000000004,406.84178044441853,409.60991474358303,43.86404575018306,-2.768134299164501,-1.985623552406468,13.362149146867633,410.45500000000004,8.237556804382454,426.93011360876494,393.97988639123514,7538726.0
JFL,2026-06-26,401.2,405.0,400.0,401.0,0.0,6612.0,2655091.8,0.0,0.0,403.93999999999994,410.005,405.94304499143107,408.9721432810954,43.86404574957014,-3.0290982896643186,-2.194318499858038,12.764852779234232,410.005,8.505198100985513,427.01539620197104,392.99460379802895,7538726.0
JFL,2026-06-29,401.0,401.0,399.0,400.2,-0.2,7025.0,2810808.0,-0.001995012468827939,-0.00199700515693616,402.04,408.865,405.059499608134,408.3223548899031,43.34226697260229,-3.2628552817691343,-2.4080258562402577,11.995934723574644,408.865,8.194046298197858,425.25309259639573,392.4769074036043,7531701.0
JFL,2026-06-30,397.0,399.0,394.0,397.0,-0.8,4720.0,1868624.2,-0.007996001999000524,-0.008028141462442646,400.43999999999994,407.72,403.819576591498,407.4836619350955,41.22959779136075,-3.664085343597492,-2.6592377537117047,11.581939386176455,407.72,8.170846764092184,424.0616935281844,391.3783064718157,7526981.0
JFL,2026-07-01,407.8,407.8,398.0,398.0,0.25,2276.0,913501.0,0.0025188916876575096,0.0025157245972473705,399.43999999999994,406.87,402.9242571158829,406.78116845842175,42.17811845912966,-3.856911342538865,-2.8987724714771366,11.526086572878137,406.87,8.25744321332124,423.3848864266425,390.3551135733575,7529257.0
JFL,2026-07-02,398.0,401.0,394.0,396.0,-0.5,3236.0,1283678.0,-0.005025125628140725,-0.005037794029957181,398.43999999999994,406.27000000000004,401.8589867903624,405.98256338742755,40.76118449393629,-4.123576597065153,-3.14373329659474,11.202794674815413,406.27000000000004,8.59988372015423,423.4697674403085,389.0702325596916,7526021.0
JFL,2026-07-03,406.0,407.7,398.5,398.5,0.63,2478.0,995961.1,0.0063131313131312705,0.006293286975789142,397.93999999999994,406.44,401.3422195918451,405.4282994328033,43.324219931781805,-4.086079840958234,-3.332202605467439,11.238309340900027,406.44,8.398709174012819,423.23741834802564,389.64258165197435,7528499.0
JFL,2026-07-04,426.0,437.0,419.0,419.0,-1.64,8712.0,3697109.4,0.05144291091593467,0.05016342169186792,401.7,405.995,404.05880119309967,406.433610585929,58.992206292905536,-2.37480939282932,-3.1407239629398154,13.18557295940717,405.995,7.375241298472939,420.74548259694586,391.24451740305415,7537211.0
JFL,2026-07-05,406.0,408.0,403.2,405.0,-0.74,6433.0,2609673.8,-0.03341288782816232,-0.03398385281559862,403.3,405.345,404.2036010095459,406.3274172091935,49.02464349091226,-2.1238161996476492,-2.9373424102813823,13.372317748020945,405.345,6.812950129999493,418.970900259999,391.71909974000107,7530778.0
JFL,2026-07-06,400.0,400.0,395.0,395.1,-0.85,4189.0,1660742.8,-0.02444444444444438,-0.024748169689194025,402.72,404.05,402.8030470080773,405.49575667517917,43.435662483461535,-2.6927096671018944,-2.888415861645485,13.131437908876592,404.05,6.105433300729148,416.2608666014583,391.8391333985417,7526589.0
JFL,2026-07-07,396.0,397.0,395.0,396.9,0.46,2444.0,968253.8,0.004555808656036442,0.004545462371674638,402.9,403.17,401.89488592991154,404.8590339584992,44.6707423067162,-2.9641480285876582,-2.90356229503392,12.336335201099692,403.17,5.779646683808133,414.72929336761626,391.61070663238377,7529033.0
JFL,2026-07-08,385.0,389.0,384.0,384.5,-1.66,6409.0,2465790.6,-0.03124212648022162,-0.03174057084332093,400.1,402.14500000000004,399.21874963300206,403.35095736898074,38.44333537218743,-4.132207735978682,-3.1492913832228724,12.376596972449711,402.14500000000004,7.104074072054394,416.35314814410884,387.93685185589123,7522624.0
JFL,2026-07-09,390.0,396.9,385.0,385.1,-1.26,2671.0,1036897.0,0.001560468140442195,0.0015592518751646038,393.32000000000005,401.1,397.0466343048479,401.99903460090815,38.88728115029107,-4.9524002960602616,-3.5099131657903504,12.378268617274731,401.1,7.989203240701648,417.0784064814033,385.12159351859674,7525295.0
JFL,2026-07-10,396.0,400.0,375.0,376.2,-2.31,6866.0,2636761.4,-0.023110880290833635,-0.02338212395393328,387.56000000000006,399.515,393.83945979640976,400.08799500084086,34.87001650056878,-6.248535204431107,-4.057637573518502,13.279820858897963,399.515,9.559358875230688,418.63371775046136,380.3962822495386,7518429.0
JFL,2026-07-13,387.0,387.4,377.0,381.0,1.28,6869.0,2615091.5,0.012759170653907637,0.01267845825977109,384.73999999999995,398.31499999999994,391.8641582892698,398.67406944522304,38.55667961672029,-6.809911155953216,-4.608092290005445,13.131262226119537,398.31499999999994,10.311377211613934,418.93775442322783,377.69224557677205,7525298.0
JFL,2026-07-14,381.0,389.8,378.5,383.2,0.58,5939.0,2281072.8,0.005774278215223028,0.005757670970004446,382.0,397.03000000000003,390.53121086015136,397.5278420789102,40.22671524006994,-6.996631218758864,-5.085800075756129,13.000457781396715,397.03000000000003,10.522062035260872,418.07412407052175,375.9858759294783,7531237.0
JFL,2026-07-15,388.0,388.0,385.0,385.0,0.47,3719.0,1437678.2,0.0046972860125260585,0.004686288191078707,382.1,396.02000000000004,389.680255343205,396.5998537767687,41.624738524592296,-6.919598433563749,-5.452559747317654,12.414710797011237,396.02000000000004,10.665073345921268,417.35014669184255,374.6898533081575,7534956.0
JFL,2026-07-16,390.0,390.0,383.0,383.0,-0.52,3435.0,1326528.5,-0.0051948051948051965,-0.005208345107138235,381.67999999999995,394.68500000000006,388.6525237519426,395.5924572007118,40.49152032691563,-6.939933448769182,-5.7500344876079605,12.027945740081863,394.68500000000006,10.532819635495667,415.75063927099137,373.61936072900875,7531521.0
JFL,2026-07-17,394.0,400.0,394.0,399.0,4.18,4090.0,1626329.2,0.04177545691906004,0.04092642770921746,386.23999999999995,394.38500000000005,390.2444431747207,395.8448677784368,51.79745897927143,-5.600424603716135,-5.720112510829596,12.383092472933159,394.38500000000005,10.30657812427473,414.9981562485495,373.7718437514506,7535611.0
JFL,2026-07-20,399.0,402.5,395.0,401.9,0.73,4910.0,1957828.0,0.00726817042606509,0.007241884565291896,390.41999999999996,394.33000000000004,392.0376057632252,396.2933960911452,53.52109804051422,-4.25579032792001,-5.427248074247679,12.034300153437934,394.33000000000004,10.26101975029719,414.8520395005944,373.8079604994057,7540521.0
JFL,2026-07-21,402.0,408.0,392.3,403.9,0.5,6318.0,2530980.3,0.004976362279173863,0.004964021114211696,394.56,394.475,393.86258949195974,396.85684823254184,54.72354382086916,-2.9942587405820973,-4.940650207514563,12.296135856763796,394.475,10.380035239783467,415.23507047956696,373.7149295204331,7546839.0
JFL,2026-07-22,403.0,410.9,403.0,405.5,0.4,7555.0,3073248.4,0.003961376578361042,0.0039535509861004904,398.65999999999997,394.7,395.65296033935056,397.497081696798,55.71069391066924,-1.8441213574474205,-4.321344437501135,11.982126152709238,394.7,10.575841387465603,415.8516827749312,373.5483172250688,7554394.0
JFL,2026-07-23,400.1,404.0,395.0,400.0,-1.36,5347.0,2129071.9,-0.013563501849568449,-0.01365632644748564,402.06,394.68999999999994,396.3217356717582,397.6824830525907,51.549990644384195,-1.3607473808325494,-3.729225026167418,11.876259998944294,394.68999999999994,10.570460329576296,415.8309206591525,373.54907934084736,7549047.0
JFL,2026-07-24,400.1,405.0,395.0,404.0,1.0,4548.0,1825435.7,0.010000000000000009,0.009950330853168092,403.06,395.03999999999996,397.50300710687236,398.1504472709173,54.22740562900502,-0.6474401640449514,-3.112868053742925,11.742241427591129,395.03999999999996,10.765070220035884,416.5701404400717,373.5098595599282,7553595.0
JFL,2026-07-27,404.0,412.0,399.0,400.0,-0.99,5971.0,2419034.1,-0.00990099009900991,-0.009950330853168092,402.67999999999995,395.14,397.8871598596612,398.2874511767753,51.18147964946263,-0.4002913171140676,-2.570352706417154,11.832081325620335,395.14,10.80323538283972,416.7464707656794,373.53352923432055,7547624.0
JFL,2026-07-28,400.0,404.9,391.0,400.0,0.0,895.0,353712.5,0.0,0.0,401.9,395.34,398.2122121889441,398.4143066451623,51.18147964868864,-0.20209445621821942,-2.096701056377367,11.979789802361738,395.34,10.85688721504454,417.05377443008905,373.6262255699109,7547624.0
JFL,2026-07-29,405.0,405.0,395.2,401.0,0.25,1989.0,788216.0,0.0024999999999999467,0.002496880198587146,401.0,395.465,398.6411026214142,398.6058394862614,51.96378920372692,0.035263135152774794,-1.670308218071339,11.824090530764472,395.465,10.909449067096181,417.2838981341923,373.6461018658076,7549613.0
JFL,2026-07-30,402.9,404.0,393.0,393.0,-2.0,3495.0,1382271.4,-0.01995012468827928,-0.02015181543730793,399.6,394.16499999999996,397.77324067965816,398.1905921169087,45.65996277726306,-0.41735143725054513,-1.4197168619071803,11.765226921424153,394.16499999999996,9.402366723341517,412.969733446683,375.36026655331693,7546118.0
JFL,2026-07-31,393.0,394.0,390.0,394.0,0.25,3470.0,1359243.0,0.0025445292620864812,0.002541297428672548,397.6,393.61499999999995,397.1927421135569,397.88017788602656,46.533101249412546,-0.6874357724696551,-1.2732606440196754,11.210567855608144,393.61499999999995,9.050343116507614,411.71568623301516,375.51431376698474,7549588.0
JFL,2026-08-01,438.5,438.5,424.0,435.0,0.35,17142.0,7422385.8,0.10406091370558368,0.0989951217907502,404.6,395.61,403.0092433268558,400.6297943389135,68.72304491841821,2.3794489879423395,-0.5427187176272725,13.58838443735042,395.61,12.951687555161023,421.51337511032204,369.706624889678,7566730.0
JFL,2026-08-02,440.0,443.7,432.1,440.1,0.02,20875.0,9143928.0,0.01172413793103444,0.011655942728361589,412.62,397.77,408.7155135842626,403.55351327677175,70.37033092405358,5.162000307490871,0.5982250873963563,13.446356977539674,397.77,16.33781857500158,430.44563715000317,365.0943628499968,7587605.0
JFL,2026-08-03,400.0,403.0,390.0,396.0,0.51,3464.0,1370723.4,-0.10020449897750516,-0.10558776256256523,411.62,398.34499999999997,406.7592807251453,402.99399377478863,47.21404694288168,3.7652869503566535,1.231637459988416,16.064474336286843,398.34499999999997,16.045969325009292,430.43693865001853,366.2530613499814,7584141.0
JFL,2026-08-04,427.0,427.0,420.0,423.0,0.95,3775.0,1592472.0,0.06818181818181812,0.06595796779179737,417.62,400.24,409.2578529212768,404.4759201618413,56.62491118927472,4.781932759435506,1.941696519877834,17.13129759798064,400.24,16.626877416754088,433.4937548335082,366.9862451664918,7587916.0
JFL,2026-08-05,407.0,413.0,406.2,412.0,1.73,1267.0,518951.5,-0.026004728132387744,-0.02634882969675162,421.21999999999997,402.03000000000003,409.67972170261885,405.03325940911236,52.51696833596353,4.646462293506488,2.482649674603565,17.107633483839166,402.03000000000003,15.809560731611125,433.6491214632223,370.4108785367778,7586649.0
JFL,2026-08-06,433.5,437.0,422.0,427.9,-0.16,13831.0,5944472.4,0.0385922330097086,0.03786617407324463,419.8,404.375,412.4828414406775,406.7270920454744,57.33508056479794,5.755749395203054,3.137269618723463,17.671373949279225,404.375,16.003153472138294,436.3813069442766,372.3686930557234,7600480.0
JFL,2026-08-07,396.0,400.0,390.0,390.0,-1.74,8190.0,3221934.8,-0.0885720962841785,-0.09274278429907899,409.78000000000003,404.715,409.02394275749634,405.48804819025406,45.48690179486443,3.5358945672422806,3.216994608427227,19.116275810044993,404.715,15.596668841375973,435.90833768275195,373.521662317248,7592290.0
JFL,2026-08-10,385.0,389.0,378.0,388.0,0.91,4185.0,1599312.5,-0.00512820512820511,-0.005141399500418652,408.17999999999995,404.86499999999995,405.7894900255738,404.1926372131982,44.958915719137785,1.5968528123755732,2.8929662492168964,18.60797039504178,404.86499999999995,15.410395500241505,435.68579100048294,374.04420899951697,7588105.0
JFL,2026-08-11,385.0,387.0,384.0,386.9,-0.28,3250.0,1250524.0,-0.0028350515463918535,-0.002839077916806263,400.96,405.06,402.883414637024,402.9117011233317,44.651926105317166,-0.028286486307706582,2.308715702111976,17.56454393825308,405.06,15.141487099328337,435.3429741986567,374.7770258013433,7584855.0
JFL,2026-08-12,385.0,388.0,379.0,388.0,0.28,4317.0,1644526.2,0.002843111915223684,0.0028390779168062734,396.15999999999997,404.51,400.5936585390203,401.8071306697516,45.05595568360787,-1.2134721307313043,1.60427813554332,16.952790799806433,404.51,15.56699950807446,435.6439990161489,373.3760009838511,7589172.0
JFL,2026-08-13,385.0,387.0,380.0,386.9,-0.28,7016.0,2676308.0,-0.0028350515463918535,-0.002839077916806263,387.96,403.76,398.48694184070945,400.70289876828855,44.704519267646475,-2.2159569275791,0.840231122918836,16.313305742677404,403.76,16.053115782176704,435.86623156435337,371.6537684356466,7582156.0
JFL,2026-08-14,391.0,391.0,380.3,380.3,-1.71,4569.0,1743986.2,-0.017058671491341326,-0.0172058467722532,386.02,402.58000000000004,395.68895078829263,399.1915729336005,42.55951971008014,-3.502622145307896,-0.02833953072651052,15.912355332486161,402.58000000000004,16.887946495719614,436.35589299143925,368.80410700856083,7577587.0
JFL,2026-08-17,390.0,390.0,380.0,384.0,0.97,3217.0,1226688.5,0.009729161188535285,0.009682137653512803,385.21999999999997,401.505,393.89065066701687,398.0662712348153,44.1766106758622,-4.175620567798433,-0.8577957381408949,15.490044237308577,401.505,17.369709720938307,436.24441944187663,366.76558055812336,7580804.0
JFL,2026-08-18,390.0,390.0,380.0,383.9,-0.03,4430.0,1688073.5,-0.0002604166666667629,-0.00026045058097493034,384.62,400.7,392.3536274874758,397.0169178100142,44.14044171539978,-4.663290322538387,-1.6188946550203935,15.097898220357964,400.7,17.810611857458138,436.32122371491624,365.07877628508373,7576374.0
JFL,2026-08-19,381.0,387.1,380.0,381.7,-0.57,1949.0,742353.3,-0.005730659025787954,-0.005747142255567959,383.36,399.585,390.714607874018,395.8823313055687,43.300509951976025,-5.167723431550712,-2.3286604103264574,14.526619776046681,399.585,18.284859281590236,436.15471856318044,363.0152814368195,7574425.0
JFL,2026-08-20,385.0,385.0,377.5,381.0,-0.18,2855.0,1086003.9,-0.0018339009693476571,-0.00183558462448309,382.18,398.635,389.22005281647677,394.7799363940451,43.02000673438785,-5.559883577568314,-2.974905043774829,14.02471836347192,398.635,18.749828771153037,436.13465754230606,361.1353424576939,7571570.0
JFL,2026-08-21,380.0,380.0,378.0,380.0,-0.26,3187.0,1206889.0,-0.002624671916010457,-0.002628122406269469,382.12,397.635,387.8015831524034,393.6851262907825,42.595489725910156,-5.883543138379082,-3.5566326626956792,13.237238480366782,397.635,19.201103997870373,436.03720799574074,359.23279200425924,7568383.0
JFL,2026-08-24,375.0,379.0,374.0,378.0,-0.53,3363.0,1264268.9,-0.0052631578947368585,-0.005277057100843781,380.91999999999996,396.485,386.2936472828029,392.52326508405787,41.70900925259047,-6.22961780125496,-4.091229690407536,12.720292874626299,396.485,19.67194836897892,435.82889673795785,357.1411032620422,7565020.0
JFL,2026-08-25,374.3,380.0,374.1,379.0,0.26,3746.0,1416182.6,0.002645502645502562,0.002642009462838576,379.94,395.78499999999997,385.17154770083323,391.52154174449805,42.35499351469345,-6.349994043664822,-4.542982561058993,12.233129097867275,395.78499999999997,20.047976010197583,435.8809520203951,355.6890479796048,7568766.0
JFL,2026-08-26,378.0,378.9,370.0,378.5,-0.13,4771.0,1780970.0,-0.0013192612137202797,-0.001320132204922844,379.3,395.01,384.1451557468589,390.55698309675745,42.10374936302225,-6.4118273498985445,-4.916751518826904,12.00219130516247,395.01,20.416811957955424,435.8436239159108,354.17637608408916,7563995.0
JFL,2026-08-27,367.2,388.3,367.2,384.8,1.66,1773.0,667946.3,0.016644649933949873,0.01650764591404803,380.06,392.5,384.24590101657293,390.13053990440505,46.41671413981255,-5.884638887832125,-5.110328992627949,12.652034783365151,392.5,18.208037554309563,428.9160751086191,356.0839248913809,7565768.0
JFL,2026-08-31,374.0,375.0,371.0,372.0,-3.33,2323.0,867860.6,-0.033264033264033266,-0.03382986451840487,378.46,389.09499999999997,382.3619162447925,388.7875369485232,39.91129356086494,-6.425620703730715,-5.373387334848503,12.73403229883907,389.09499999999997,14.906250013799234,418.9075000275984,359.2824999724015,7563445.0
JFL,2026-09-02,435.0,435.2,425.0,431.5,-1.95,22052.0,9524335.0,0.15994623655913975,0.14837365625033605,389.15999999999997,390.87,389.9216214379013,391.9514231004845,64.68704134316874,-2.029801662583168,-4.7046702003954355,16.338744277493422,390.87,17.635523360839876,426.14104672167974,355.59895327832027,7585497.0
JFL,2026-09-03,443.7,443.7,443.7,443.7,2.0,10.0,4437.0,0.028273464658169045,0.02788114786138104,402.1,391.905,398.19521813976263,395.7846510189671,67.63385354594207,2.4105671207955197,-3.2816227361572445,16.04311968624389,391.905,20.06105089864675,432.0271017972935,351.78289820270646,7585507.0
JFL,2026-09-04,415.7,434.0,415.7,430.0,1.65,8401.0,3618786.6,-0.030876718503493272,-0.031363449697255616,412.4,392.80499999999995,403.0882615028761,398.31912131385843,61.43411493481796,4.769140189017662,-1.6714701511222634,16.8971825657979,392.80499999999995,21.371020097323374,435.5470401946467,350.0629598053532,7577106.0
JFL,2026-09-06,425.1,430.0,412.0,418.0,-2.31,9410.0,3959887.2,-0.027906976744186074,-0.02830377616285182,419.03999999999996,392.31,405.38237511781824,399.7769641794986,56.54480757490804,5.605410938319665,-0.21609393323387782,16.975955239669478,392.31,20.616699924810327,433.54339984962064,351.07660015037936,7567696.0
