Symbol,Date,Open,High,Low,Close,Percent Change,Volume,Turnover,Daily_Return,Log_Return,SMA_5,SMA_20,EMA_12,EMA_26,RSI_14,MACD,MACD_Signal,ATR_14,BB_Middle,BB_Std,BB_Upper,BB_Lower,OBV
LICN,2012-01-02,482.0,500.0,491.0,500.0,3.73 %,30.0,14820.0,,,,,500.0,500.0,,0.0,0.0,9.0,,,,,0.0
LICN,2012-01-04,500.0,490.0,481.0,481.0,-3.80 %,60.0,28950.0,-0.038000000000000034,-0.038740828316430595,,,497.0769230769231,498.5925925925926,0.0,-1.515669515669515,-0.30313390313390304,9.714285714285715,,,,,-60.0
LICN,2012-01-09,481.0,490.0,490.0,490.0,1.87 %,10.0,4900.0,0.018711018711018657,0.01853812099891106,,,495.98816568047334,497.95610425240056,3.5156249998077413,-1.9679385719272204,-0.6360948368925665,9.66326530612245,,,,,-50.0
LICN,2012-01-17,490.0,518.0,499.0,518.0,5.71 %,80.0,40650.0,0.05714285714285716,0.055569851154810786,,,499.37460172963125,499.44083727074127,13.682795698203819,-0.06623554111001795,-0.5221229777360569,10.973032069970847,,,,,30.0
LICN,2012-01-22,518.0,528.0,516.0,528.0,1.93 %,150.0,77720.0,0.019305019305019266,0.019121041446778377,503.4,,503.77850915584185,501.5563308062419,17.044912558688964,2.2221783495999716,0.026737287731148807,11.046386922115786,,,,,180.0
LICN,2012-01-23,528.0,520.0,519.0,519.0,-1.70 %,20.0,10390.0,-0.017045454545454586,-0.017192400540372875,507.2,,506.12027697802006,502.848454450224,16.424838256374002,3.2718225277960755,0.6757543357441341,10.900216427678945,,,,,160.0
LICN,2012-01-26,519.0,528.0,528.0,528.0,1.73 %,10.0,5280.0,0.01734104046242768,0.01719240054037277,516.6,,509.4863882121708,504.71153189835553,19.575641224680894,4.774856313815292,1.4955747313583658,10.764486682844735,,,,,170.0
LICN,2012-01-31,528.0,528.0,520.0,520.0,-1.52 %,110.0,57520.0,-0.015151515151515138,-0.01526747213078842,522.6,,511.1038669487599,505.84401101699586,18.893781453077963,5.2598559317640365,2.2484309714395003,10.567023348355825,,,,,60.0
LICN,2012-02-02,520.0,521.0,521.0,521.0,0.19 %,10.0,5210.0,0.0019230769230769162,0.0019212301778938723,523.2,,512.626348956643,506.9666768675888,19.272307966444558,5.659672089054254,2.930679194962451,9.88366453775898,,,,,70.0
LICN,2012-02-05,521.0,525.0,521.0,521.0,0.00 %,30.0,15710.0,0.0,0.0,521.8,,513.9146029633133,508.0061822848044,19.272307966347697,5.9084206785088895,3.526227491671739,9.463402785061911,,,,,70.0
LICN,2012-02-06,521.0,525.0,521.0,521.0,0.00 %,90.0,47010.0,0.0,0.0,522.2,,515.0046640458805,508.9686873007449,19.27230796624339,6.035976745135656,4.028177342364522,9.073159728986061,,,,,70.0
LICN,2012-02-07,521.0,525.0,515.0,525.0,0.77 %,290.0,151570.0,0.007677543186180413,0.007648220838256819,521.6,,516.542408038822,510.1561919451342,21.111677188841057,6.386216093687835,4.499785092629185,9.139362605487056,,,,,360.0
LICN,2012-02-08,525.0,525.0,521.0,521.0,-0.76 %,280.0,146680.0,-0.007619047619047636,-0.007648220838256845,521.8,,517.2281914174648,510.9594369862354,20.606055235497962,6.268754431229411,4.85357896034923,8.772265276523695,,,,,80.0
LICN,2012-02-12,521.0,521.0,521.0,521.0,0.00 %,10.0,5210.0,0.0,0.0,521.8,,517.8084696609318,511.7031823946624,20.60605523536509,6.105287266269386,5.103920621533261,8.145674899629146,,,,,80.0
LICN,2012-02-14,521.0,515.0,515.0,515.0,-1.15 %,50.0,25750.0,-0.01151631477927062,-0.01158314108963076,520.6,,517.3763974054038,511.9473911061689,19.781858477590134,5.42900629923497,5.1689377570736035,7.992412406798493,,,,,30.0
LICN,2012-02-15,515.0,506.0,506.0,506.0,-1.75 %,150.0,75900.0,-0.01747572815533982,-0.017630231376270615,517.6,,515.6261824199571,511.506843616823,18.581287637685122,4.119338803134099,4.959017966285703,8.06438294917003,,,,,-120.0
LICN,2012-02-16,506.0,516.0,516.0,516.0,1.98 %,60.0,30960.0,0.01976284584980248,0.019570096194097296,515.8,,515.6836928168868,511.83967001557687,24.093688150759817,3.8440228013099613,4.736018933290556,8.2026413099436,,,,,-60.0
LICN,2012-02-23,516.0,517.0,516.0,517.0,0.19 %,60.0,30980.0,0.0019379844961240345,0.0019361090268664007,515.0,,515.8862016142889,512.2219166810896,24.643132931767553,3.6642849331992693,4.521672133272299,7.688166930661914,,,,,0.0
LICN,2012-02-29,517.0,550.0,520.0,542.0,4.84 %,2070.0,1102220.0,0.04835589941972929,0.047223126931217156,519.2,,519.9037090582444,514.4277006306385,36.933612028616224,5.4760084276059615,4.712539392139031,9.496155007043205,,,,,2070.0
LICN,2012-03-06,542.0,560.0,552.0,560.0,3.32 %,60.0,33520.0,0.03321033210332103,0.0326707822895487,528.2,518.5,526.0723692031299,517.8034265098504,44.01379075370678,8.268942693279541,5.423820052367134,10.103572506540118,518.5,16.65280125005048,551.8056025001009,485.194397499899,2130.0
LICN,2012-03-12,560.0,569.0,551.0,569.0,1.61 %,560.0,316110.0,0.016071428571428514,0.015943650397135946,540.8,521.95,532.6766200949561,521.5957652868985,47.20526652676368,11.080854808057552,6.555227003505218,10.667603041787252,521.95,19.519153885889864,560.9883077717798,482.9116922282203,2690.0
LICN,2012-03-13,569.0,575.0,570.0,575.0,1.05 %,310.0,177200.0,0.010544815465729274,0.010489606671019443,552.6,526.65,539.1879093111168,525.551634524906,49.28101380568769,13.63627478621072,7.971436560046319,10.334202824516735,526.65,20.43545680274449,567.520913605489,485.779086394511,3000.0
LICN,2012-03-18,575.0,575.0,575.0,575.0,0.00 %,440.0,253000.0,0.0,0.0,564.2,530.9,544.6974617247911,529.21447641195,49.28101380533992,15.482985312841038,9.473746310605264,9.596045479908398,530.9,21.23527353497605,573.3705470699521,488.4294529300479,3000.0
LICN,2012-03-19,575.0,571.0,555.0,571.0,-0.70 %,4960.0,2777700.0,-0.006956521739130417,-0.006980831141340205,570.0,533.55,548.7440060748232,532.3097003814352,47.82710854072802,16.43430569338807,10.865858187161825,10.339185088486369,533.55,22.79075297248033,579.1315059449606,487.9684940550393,-1960.0
LICN,2012-03-20,571.0,567.0,565.0,567.0,-0.70 %,20.0,11320.0,-0.007005253940455369,-0.007029905928258174,571.4,535.5,551.5526205248505,534.8793522050325,46.354349656087095,16.673268319817907,12.027340213693043,10.029243296451629,535.5,23.930821350850113,583.3616427017002,487.63835729829975,-1980.0
LICN,2012-03-21,567.0,575.0,570.0,575.0,1.41 %,30.0,17150.0,0.014109347442680775,0.01401073706959837,572.6,538.3,555.1599096748735,537.8512520416967,49.691051813028714,17.308657633176722,13.08360369758978,9.884297346705084,538.3,25.144006296363454,588.5880125927268,488.01198740727307,-1950.0
LICN,2012-03-28,575.0,571.0,571.0,571.0,-0.70 %,10.0,5710.0,-0.006956521739130417,-0.006980831141340205,571.8,540.45,557.5968466479699,540.3067148534229,48.08074437822023,17.290131794546937,13.924909316981212,9.463990393369007,540.45,26.03939323409792,592.5287864681959,488.3712135318042,-1960.0
LICN,2012-03-29,571.0,571.0,571.0,571.0,0.00 %,20.0,11420.0,0.0,0.0,571.0,543.0,559.6588702405899,542.5802915309472,48.080744377800734,17.07857870964267,14.555643195513504,8.787991079556935,543.0,26.42566535536365,595.8513307107273,490.1486692892727,-1960.0
LICN,2012-04-02,571.0,571.0,571.0,571.0,0.00 %,20.0,11420.0,0.0,0.0,571.0,545.5,561.4036594343453,544.6854551212474,48.08074437734897,16.718204313097885,14.988155419030381,8.160277431017155,545.5,26.599366830611856,598.6987336612237,492.30126633877626,-1960.0
LICN,2012-04-04,571.0,596.0,582.0,596.0,4.38 %,180.0,105070.0,0.04378283712784592,0.04285145740933958,576.8,549.25,566.726173367523,548.4865325196735,58.56296599807157,18.2396408478495,15.638452504794206,9.363114757373072,549.25,28.202043598964117,605.6540871979282,492.8459128020718,-1780.0
LICN,2012-04-05,596.0,605.0,605.0,605.0,1.51 %,50.0,30250.0,0.015100671140939603,0.014987790965491708,582.8,553.45,572.6144543879041,552.672715295994,61.57092553159874,19.941739091910108,16.499109822217388,9.33717798898928,553.45,29.97275078256348,613.395501565127,493.5044984348731,-1730.0
LICN,2012-04-10,605.0,600.0,600.0,600.0,-0.83 %,20.0,12000.0,-0.008264462809917328,-0.008298802814695066,588.6,557.2,576.8276152513034,556.1784400888832,59.00816732695894,20.649175162420192,17.32912289025795,9.027379561204333,557.2,30.90324459204507,619.0064891840902,495.3935108159099,-1750.0
LICN,2012-04-12,600.0,620.0,612.0,620.0,3.33 %,560.0,343520.0,0.03333333333333344,0.03278982282299097,598.4,562.15,583.4695205972567,560.9059630452623,65.24049414200904,22.56355755199445,18.37600982260525,9.811138163975452,562.15,32.67749104586523,627.5049820917304,496.79501790826953,-1190.0
LICN,2012-04-17,620.0,608.0,608.0,608.0,-1.94 %,20.0,12160.0,-0.01935483870967747,-0.019544596072970283,605.8,566.5,587.2434405053712,564.3944102270948,59.40458179385865,22.84903027827636,19.270613913739474,9.967485437977206,566.5,32.70200380147288,631.9040076029457,501.09599239705426,-1210.0
LICN,2012-04-19,608.0,620.0,620.0,620.0,1.97 %,50.0,31000.0,0.019736842105263053,0.01954459607297013,610.6,571.75,592.2829111968525,568.5133428028655,62.971643620314524,23.769568393987015,20.170404809788984,10.112665049550264,571.75,32.42623207089832,636.6024641417966,506.89753585820336,-1160.0
LICN,2012-04-26,620.0,656.0,620.0,656.0,5.81 %,460.0,295050.0,0.058064516129032295,0.05644131090495184,620.8,579.25,602.0855402434906,574.9938359285792,71.15909067119853,27.091704314911453,21.55466471081348,11.961760403153816,579.25,33.73874081199399,646.727481623988,511.77251837601204,-700.0
LICN,2012-04-29,656.0,708.0,669.0,708.0,7.93 %,830.0,561770.0,0.0792682926829269,0.07628330474963078,642.4,588.85,618.3800725137229,584.8461443783141,78.5402458755579,33.533928135408814,23.95051739573255,14.8216346600714,588.85,41.269684298589205,671.3893685971784,506.3106314028216,130.0
LICN,2012-04-30,708.0,736.0,720.0,736.0,3.95 %,1540.0,1125320.0,0.039548022598870025,0.03878602503515645,665.6,599.8,636.4754459731502,596.0427262762167,81.31346139346059,40.43271969693342,27.246957855972724,15.7629464700663,599.8,49.445983286388866,698.6919665727777,500.9080334272222,1670.0
LICN,2012-05-02,736.0,750.0,750.0,750.0,1.90 %,3120.0,2340000.0,0.01902173913043481,0.018843087801479915,694.0,610.2,653.9407619772809,607.4469687742748,82.5291637558535,46.493793203006135,31.096324925379406,15.637021722204421,610.2,57.815131874658555,725.8302637493172,494.5697362506829,4790.0
LICN,2012-05-03,750.0,765.0,765.0,765.0,2.00 %,1030.0,787950.0,0.020000000000000018,0.01980262729617973,723.0,620.45,671.0267985961608,619.117563679884,83.74906495793923,51.90923491627677,35.25890692355888,15.591520170618391,620.45,66.03465995815698,752.519319916314,488.3806800836861,5820.0
LICN,2012-05-07,765.0,780.0,780.0,780.0,1.96 %,100.0,78000.0,0.019607843137254832,0.019418085857101516,747.8,631.0,687.7919065044438,631.0347811850777,84.88560907993465,56.75712531936608,39.558550602720324,15.549268729859936,631.0,73.78275365450958,778.5655073090192,483.43449269098085,5920.0
LICN,2012-05-08,780.0,795.0,795.0,795.0,1.92 %,1000.0,795000.0,0.019230769230769162,0.01904819497069441,765.2,642.0,704.2854593499139,643.180352949146,85.94424541259082,61.10510640076791,43.86786176232984,15.510035249155655,642.0,81.03735331054985,804.0747066210997,479.9252933789003,6920.0
LICN,2012-05-09,795.0,810.0,795.0,810.0,1.89 %,590.0,472050.0,0.018867924528301883,0.018692133012152546,780.0,653.75,720.5492348345426,655.5373638418018,86.93010048709681,65.0118709927408,48.09666360841203,15.47360415993025,653.75,87.58386957954215,828.9177391590842,478.5822608409157,7510.0
LICN,2012-05-10,810.0,837.0,805.0,821.0,1.36 %,3900.0,3218940.0,0.013580246913580174,0.0134888617859437,794.2,666.25,736.0031987061514,667.7938554090757,87.61606804524394,68.20934329707563,52.119199546144756,16.654061005649517,666.25,92.83481368311605,851.9196273662321,480.58037263376787,11410.0
LICN,2012-05-16,821.0,857.0,825.0,857.0,4.38 %,230.0,195670.0,0.04384896467722288,0.04291480914535155,812.6,680.75,754.6180912128973,681.8091253787738,89.54925207981275,72.80896583412346,56.2571528037405,18.035913790960265,680.75,98.9624463595843,878.6748927191686,482.8251072808314,11640.0
LICN,2012-05-17,857.0,908.0,870.0,908.0,5.95 %,1340.0,1179970.0,0.05950991831971986,0.057806460003513416,838.2,697.4,778.2153079493746,698.5640049803461,91.55944599631158,79.6513029690285,60.935982836798104,20.390491377320245,697.4,107.8480412432229,913.0960824864458,481.7039175135542,12980.0
LICN,2012-05-20,908.0,900.0,883.0,900.0,-0.88 %,980.0,878570.0,-0.008810572687224627,-0.0088496152769825,859.2,713.85,796.9514144187016,713.4851897966167,88.67799690552854,83.46622462208484,65.44203119385546,20.71974199322594,713.85,112.54251828110355,938.9350365622072,488.7649634377929,12000.0
LICN,2012-05-21,900.0,917.0,900.0,917.0,1.89 %,200.0,181700.0,0.018888888888888955,0.018712708932154164,880.6,731.15,815.4204275850552,728.5603609227933,89.4386242044376,86.86006666226194,69.72563828753675,20.454046136566948,731.15,115.96926770757612,963.0885354151523,499.2114645848477,12200.0
LICN,2012-05-22,917.0,899.0,882.0,882.0,-3.82 %,120.0,106020.0,-0.03816793893129766,-0.0389154162496735,892.8,746.7,825.663438725816,739.9262601136975,77.84351406157245,85.73717861211856,72.92794635245312,21.493042841097882,746.7,114.20208312230363,975.1041662446073,518.2958337553928,12080.0
LICN,2012-05-23,882.0,865.0,865.0,865.0,-1.93 %,10.0,8650.0,-0.019274376417233507,-0.019462549074911926,894.4,760.15,831.7152173833828,749.1909815867568,72.899924491925,82.52423579662593,74.84720424128768,21.17211120959089,760.15,111.32374551635122,982.7974910327024,537.5025089672976,12070.0
LICN,2012-05-24,865.0,851.0,840.0,840.0,-2.89 %,280.0,236130.0,-0.028901734104046284,-0.029327615094520063,880.8,771.9,832.9897993244008,755.9175755432933,66.23795470372588,77.07222378110748,75.29220814925165,21.445531837477255,771.9,106.37812398777177,984.6562479755435,559.1437520244565,11790.0
LICN,2012-05-27,840.0,840.0,824.0,840.0,0.00 %,40.0,33280.0,0.0,0.0,868.8,783.9,834.0682917360314,762.145903280827,66.23795470346514,71.92238845520433,74.61824421044219,21.05656527765745,783.9,99.26514202403818,982.4302840480764,585.3697159519236,11790.0
LICN,2012-05-29,840.0,824.0,777.0,777.0,-7.50 %,140.0,110180.0,-0.07499999999999996,-0.0779615414697118,840.8,791.75,825.2885545458727,763.2462067415065,52.27595908815732,62.04234780436616,72.10306492922699,24.05252490068192,791.75,91.52789336130124,974.8057867226025,608.6942132773975,11650.0
LICN,2012-05-30,777.0,770.0,760.0,760.0,-2.19 %,1120.0,853810.0,-0.02187902187902191,-0.02212191708727071,816.4,799.35,815.2441615388153,763.0057469828764,49.258673939922545,52.2384145559389,68.13013485456938,23.548773122061785,799.35,81.19455193027255,961.7391038605451,636.9608961394549,10530.0
LICN,2012-05-31,760.0,780.0,765.0,780.0,2.63 %,1050.0,811250.0,0.026315789473684292,0.025975486403260736,799.4,807.35,809.8219828405361,764.2645805397003,52.71640040710063,45.55740230083575,63.61558834382266,23.2952893276288,807.35,69.65575126441718,946.6615025288344,668.0384974711657,11580.0
LICN,2012-06-03,780.0,795.0,795.0,795.0,1.92 %,10.0,7950.0,0.019230769230769162,0.01904819497069441,790.4,814.3,807.541677788146,766.5412782775003,55.1831017175323,41.00039951064571,59.09255057718727,22.702768661369603,814.3,60.029028065812795,934.3580561316255,694.2419438683744,11590.0
LICN,2012-06-04,795.0,800.0,784.0,785.0,-1.26 %,560.0,445040.0,-0.012578616352201255,-0.012658396871923465,779.4,818.15,804.0737273592003,767.9085909976855,53.1908845840519,36.1651363615149,54.5070677340528,22.223999471271775,818.15,55.12118228813609,928.3923645762721,707.9076354237278,11030.0
LICN,2012-06-05,785.0,770.0,757.0,757.0,-3.57 %,140.0,106710.0,-0.03566878980891719,-0.03632046434495965,775.4,819.2,796.8316154577849,767.1005472200791,47.9689276284333,29.731068237705813,49.5518678347834,22.636570937609505,819.2,53.65444995524437,926.5088999104888,711.8911000895113,10890.0
LICN,2012-06-06,757.0,750.0,743.0,743.0,-1.85 %,50.0,37430.0,-0.018494055482166427,-0.01866720871968959,772.0,818.85,788.5498284642795,765.3153215000733,45.560470274754195,23.23450696420616,44.28839566066795,22.01967301349454,818.85,54.150156728157604,927.1503134563152,710.5496865436849,10840.0
LICN,2012-06-07,743.0,730.0,730.0,730.0,-1.75 %,30.0,21900.0,-0.01749663526244949,-0.017651510575322313,762.0,817.1,779.5421625466979,762.699371759327,43.38230144543036,16.84279078737086,38.79927468600853,21.375410655387785,817.1,56.49676283227331,930.0935256645466,704.1064743354534,10810.0
LICN,2012-06-10,730.0,731.0,731.0,731.0,0.14 %,20.0,14620.0,0.00136986301369868,0.0013689256073417405,749.2,814.65,772.0741375395136,760.351270147525,43.60564852492626,11.72286739198853,33.38399322720453,19.920024180002947,814.65,59.188614659096245,933.0272293181924,696.2727706818075,10830.0
LICN,2012-06-11,731.0,748.0,742.0,748.0,2.33 %,480.0,358890.0,0.023255813953488413,0.02298951822469878,741.8,812.3,768.3704240718961,759.4363612477083,47.40415693334596,8.934062824187777,28.494007146601177,19.711451024288454,812.3,60.91763205129258,934.1352641025851,690.4647358974148,11310.0
LICN,2012-06-12,748.0,777.0,762.0,775.0,3.61 %,120.0,92520.0,0.03609625668449201,0.03546005137886978,745.4,810.55,769.3903588300659,760.5892233775077,52.83757518647025,8.801135452558242,24.55543280779259,20.37491880826785,810.55,61.487247287117974,933.5244945742359,687.575505425764,11430.0
LICN,2012-06-13,775.0,770.0,770.0,770.0,-0.65 %,30.0,23100.0,-0.006451612903225823,-0.006472514505617479,750.8,808.0,769.4841497792866,761.2863179421367,51.77098142736087,8.197831837149806,21.283912613664036,19.276710321963005,808.0,62.08567933869451,932.171358677389,683.828641322611,11400.0
LICN,2012-06-14,770.0,755.0,743.0,743.0,-3.51 %,40.0,30080.0,-0.03506493506493502,-0.035694470129970325,753.4,802.3,765.4096651978577,759.9317758723489,46.332021582714965,5.477889325508841,18.122707956032997,19.82837387039422,802.3,62.581399624386826,927.4627992487736,677.1372007512263,11360.0
LICN,2012-06-19,743.0,743.0,743.0,743.0,0.00 %,20.0,14860.0,0.0,0.0,755.8,794.05,761.9620243981874,758.677570252175,46.332021582520824,3.284454146012422,15.155057194028883,18.412061451080348,794.05,58.66719248169332,911.3843849633865,676.7156150366134,11360.0
LICN,2012-06-20,743.0,747.0,743.0,747.0,0.54 %,30.0,22330.0,0.0053835800807537915,0.005369140415058231,755.6,786.4,759.6601744907739,757.8125650483101,47.283591842073214,1.8476094424637495,12.493567643715858,17.382628490288894,786.4,53.90674208394634,894.2134841678926,678.5865158321074,11390.0
LICN,2012-06-21,747.0,745.0,745.0,745.0,-0.27 %,60.0,44700.0,-0.0026773761713521083,-0.002680966753257824,749.6,777.8,757.4047630306549,756.8634861558428,46.83643065305949,0.5412768748120698,10.103109489935102,16.283869312411117,777.8,44.95096743880007,867.7019348776001,687.8980651223998,11330.0
LICN,2012-06-25,745.0,759.0,759.0,759.0,1.88 %,20.0,15180.0,0.01879194630872494,0.018617559016070515,747.4,771.65,757.6501841028619,757.0217464405952,50.37430928461288,0.6284376622667196,8.208175124401427,16.120735790096038,771.65,37.78787747691558,847.2257549538311,696.0742450461688,11350.0
LICN,2012-06-26,759.0,745.0,744.0,745.0,-1.84 %,20.0,14890.0,-0.01844532279314892,-0.018617559016070453,747.8,765.65,755.7040019331909,756.1312467042549,47.005603262036146,-0.4272447710640108,6.481091145308339,16.04068323366061,765.65,31.125002642145194,827.9000052842904,703.3999947157096,11330.0
LICN,2012-06-28,745.0,750.0,750.0,750.0,0.67 %,100.0,75000.0,0.006711409395973256,0.00668898815079671,749.2,761.15,754.8264631742384,755.6770802817175,48.33447035342236,-0.8506171074791382,5.014749494750844,15.252063002684851,761.15,25.872714747797858,812.8954294955956,709.4045705044043,11430.0
LICN,2012-07-01,750.0,780.0,765.0,775.0,3.33 %,120.0,92950.0,0.03333333333333344,0.03278982282299097,754.8,757.9,757.9300842243556,757.108407668257,54.480613633269165,0.8216765560986232,4.1761349070204,16.305487073921647,757.9,18.470175105312858,794.8403502106257,720.9596497893742,11550.0
LICN,2012-07-03,775.0,790.0,760.0,760.0,-1.94 %,30.0,23250.0,-0.01935483870967747,-0.019544596072970283,757.8,757.05,758.2485328052239,757.3225996928305,50.59179393759533,0.9259331123934089,3.5260945480950023,17.28366656864153,757.05,17.928146057317203,792.9062921146343,721.1937078853656,11520.0
LICN,2012-07-04,760.0,790.0,760.0,760.0,0.00 %,60.0,46650.0,0.0,0.0,758.0,757.05,758.5179892967279,757.5209256415097,50.59179393733605,0.9970636552181986,3.0202883695196414,18.191976099452848,757.05,17.928146057317203,792.9062921146343,721.1937078853656,11520.0
LICN,2012-07-05,760.0,775.0,760.0,775.0,1.97 %,1160.0,898690.0,0.019736842105263053,0.01954459607297013,764.0,756.8,761.0536832510775,758.8156718902868,54.369277064934884,2.238011360790665,2.8638329677738463,17.96397780663479,756.8,17.62354883909814,792.0470976781962,721.5529023218037,12680.0
LICN,2012-07-08,775.0,790.0,761.0,762.0,-1.68 %,120.0,92320.0,-0.01677419354838705,-0.016916473666700675,766.4,755.15,761.1992704432195,759.0515480465618,50.74802022460279,2.1477223966576275,2.720610853550603,18.752265106160877,755.15,15.242858552186767,785.6357171043735,724.6642828956265,12560.0
LICN,2012-07-09,762.0,838.0,777.0,838.0,9.97 %,50.0,40370.0,0.09973753280839892,0.09507154479543674,779.0,757.8,773.0147672981087,764.8995815245943,65.29924660951113,8.11518577351444,3.7995258375433707,22.841389027149386,757.8,23.223400177177762,804.2468003543555,711.3531996456444,12610.0
LICN,2012-07-10,838.0,918.0,854.0,918.0,9.55 %,1600.0,1441530.0,0.09546539379474939,0.0911792901384074,810.6,765.85,795.3201877137842,776.2403532635133,74.00530700623979,19.079834450270937,6.8555875600888845,26.924146953781573,765.85,42.682764918084814,851.2155298361697,680.4844701638303,14210.0
LICN,2012-07-11,918.0,917.0,886.0,890.0,-3.05 %,770.0,690220.0,-0.030501089324618702,-0.030975927894304905,836.6,773.2,809.8863126808943,784.6669937625122,67.61154643758401,25.2193189183821,10.528333831747528,27.28670788565432,773.2,50.48459900644909,874.1691980128983,672.2308019871018,13440.0
LICN,2012-07-12,890.0,889.0,870.0,880.0,-1.12 %,1040.0,911960.0,-0.011235955056179803,-0.011299555253933394,857.6,780.7,820.6730338069106,791.7286979282521,65.43712187210195,28.94433587865842,14.211534241129707,26.766228750964725,780.7,54.69542461380165,890.0908492276034,671.3091507723967,12400.0
LICN,2012-07-15,880.0,870.0,865.0,870.0,-1.14 %,820.0,713350.0,-0.011363636363636354,-0.011428695823622744,879.2,787.65,828.2617978366166,797.526572155789,63.2466109705062,30.73522568082751,17.51627252906927,25.925783840181534,787.65,56.837047776954805,901.3240955539096,673.9759044460903,11580.0
LICN,2012-07-16,870.0,880.0,875.0,879.0,1.03 %,160.0,140350.0,0.010344827586206806,0.010291686036547506,887.4,794.2,836.0676750925218,803.5616408849899,64.40160268311371,32.50603420753191,20.5142248647618,24.788227851597142,794.2,59.51258159768311,913.2251631953662,675.1748368046339,11740.0
LICN,2012-07-19,879.0,896.0,896.0,896.0,1.93 %,50.0,44800.0,0.019340159271899804,0.019155515289753393,883.0,800.25,845.2880327705955,810.408926745361,66.54050964231627,34.87910602523448,23.387201096856337,24.231925862197347,800.25,63.47637355740979,927.2027471148195,673.2972528851805,11790.0
LICN,2012-07-22,896.0,913.0,913.0,913.0,1.90 %,10.0,9130.0,0.01897321428571419,0.018795467620037903,887.6,807.4,855.7052584981961,818.0082655049639,68.5739697424244,37.69699299323224,26.24915947613152,23.715359729183252,807.4,67.79644455822643,942.9928891164528,671.8071108835471,11800.0
LICN,2012-07-24,913.0,901.0,901.0,901.0,-1.31 %,1000.0,901000.0,-0.013143483023001057,-0.013230622986630514,891.8,815.3,862.6736802677044,824.1558013934851,65.54581336584172,38.517878874219264,28.70290335574907,22.87854831995588,815.3,69.09040606716779,953.4808121343356,677.1191878656643,10800.0
LICN,2012-07-25,901.0,908.0,883.0,908.0,0.78 %,350.0,313470.0,0.007769145394006749,0.007739120992955468,899.4,823.55,869.6469602265191,830.3664827717455,66.4758045848966,39.28047745477363,30.818418175553983,23.030080582816172,823.55,69.84982010299572,963.2496402059915,683.8503597940085,11150.0
LICN,2012-07-26,908.0,926.0,908.0,926.0,1.98 %,120.0,110760.0,0.01982378854625555,0.01962985604488613,908.8,832.5,878.3166586532085,837.4504470108755,68.80737191661012,40.86621164233304,32.82797686890979,22.670789112615015,832.5,70.98368975001313,974.4673795000263,690.5326204999737,11270.0
LICN,2012-07-29,926.0,926.0,926.0,926.0,0.00 %,100.0,92600.0,0.0,0.0,914.8,841.55,885.6525573219457,844.009673158218,68.8073719163238,41.64288416372767,34.59095832787337,21.051447033142516,841.55,70.77873230970032,983.1074646194006,699.9925353805993,11270.0
LICN,2012-07-30,926.0,926.0,926.0,926.0,0.00 %,50.0,46300.0,0.0,0.0,917.4,849.9,891.8598561954925,850.0830307020537,68.80737191601548,41.776825493438764,36.028131760986454,19.54777224506091,849.9,70.37710453055773,990.6542090611155,709.1457909388845,11270.0
LICN,2012-07-31,926.0,926.0,926.0,926.0,0.00 %,20.0,18520.0,0.0,0.0,922.4,858.95,897.1121860115705,855.706509909309,68.80737191568342,41.40567610226151,37.10364062924147,18.15150279898513,858.95,67.76699631438198,994.483992628764,723.4160073712361,11270.0
LICN,2012-08-01,926.0,920.0,920.0,920.0,-0.65 %,110.0,101200.0,-0.006479481641468721,-0.006500564603093428,924.8,867.45,900.6333881636366,860.4689906567677,66.72668550923248,40.16439750686891,37.71579200476696,17.283538313343335,867.45,63.93539090774439,995.3207818154888,739.5792181845113,11160.0
LICN,2012-08-06,920.0,938.0,925.0,928.0,0.87 %,310.0,286940.0,0.008695652173912993,0.008658062743114531,925.2,875.1,904.8436361384618,865.4712876451553,68.11130923272945,39.372348493306504,38.047103302474866,17.334714148104524,875.1,61.394239400604256,997.8884788012085,752.3115211987915,11470.0
LICN,2012-08-07,928.0,910.0,910.0,910.0,-1.94 %,280.0,254800.0,-0.0193965517241379,-0.019587133275304817,922.0,882.6,905.6369228863907,868.7697107825511,61.87251483432999,36.86721210383962,37.81112506274782,17.382234566097058,882.6,55.469669284448315,993.5393385688967,771.6606614311033,11190.0
LICN,2012-08-08,910.0,900.0,900.0,900.0,-1.10 %,1000.0,900000.0,-0.01098901098901095,-0.011049836186584935,916.8,889.6,904.7697039807921,871.0830655393992,58.657961823621704,33.686638441392915,36.98622773847684,16.854932097090128,889.6,47.43571827664043,984.4714365532809,794.7285634467191,10190.0
LICN,2012-08-12,900.0,935.0,910.0,917.0,1.89 %,120.0,110310.0,0.018888888888888955,0.018712708932154164,915.0,896.7,906.6512879837471,874.4843199438881,62.2487347347571,32.16696803985906,36.02237579875329,18.151008375869402,896.7,39.31130813605877,975.3226162721176,818.0773837278825,10310.0
LICN,2012-08-13,917.0,935.0,920.0,935.0,1.96 %,280.0,259850.0,0.019629225736095934,0.01943905703222212,918.0,905.35,911.01262829394,878.9669629110075,65.6506454014906,32.0456653829325,35.22703371558913,18.140222063307302,905.35,24.26666546172565,953.8833309234514,856.8166690765487,10590.0
LICN,2012-08-16,935.0,961.0,950.0,961.0,2.78 %,1140.0,1094190.0,0.027807486631016065,0.027427879681605514,924.6,911.5,918.7029931717955,885.0434841768588,69.87366605231885,33.65950899493669,34.913528771458644,18.701634773071067,911.5,21.75582196731271,955.0116439346255,867.9883560653745,11730.0
LICN,2012-08-19,961.0,960.0,924.0,960.0,-0.10 %,1050.0,1005120.0,-0.0010405827263267886,-0.001041124508410615,934.6,913.6,925.0563788376732,890.5958186822767,69.51964952820325,34.46056015539648,34.82293504824621,20.008660860708847,913.6,24.29511538516883,962.1902307703377,865.0097692296623,10680.0
LICN,2012-08-21,960.0,942.0,942.0,942.0,-1.88 %,90.0,84780.0,-0.018750000000000044,-0.01892800988551891,943.0,916.2,927.6630897857234,894.4035358169228,63.30254248118092,33.25955396880056,34.51025883235708,19.865185084943928,916.2,24.418715859156958,965.037431718314,867.3625682816861,10590.0
LICN,2012-08-22,942.0,942.0,924.0,924.0,-1.91 %,60.0,55800.0,-0.019108280254777066,-0.019293202934678896,944.4,918.4,927.0995375109967,896.5958664971508,57.74153149406664,30.50367101384586,33.70894126865484,19.731957578876504,918.4,22.921835142839335,964.2436702856786,872.5563297143214,10530.0
LICN,2012-08-23,924.0,953.0,935.0,953.0,3.14 %,270.0,254970.0,0.031385281385281294,0.030902832012517863,948.0,922.55,931.0842240477665,900.7739504603248,63.33067981207433,30.310273587441657,33.0292077324122,20.393960608956753,922.55,21.14231227706097,964.8346245541219,880.265375445878,10800.0
LICN,2012-08-26,953.0,960.0,960.0,960.0,0.73 %,20.0,19200.0,0.007345225603357708,0.007318380807679701,947.8,926.6,935.5328049634948,905.1610652410415,64.54949818798472,30.3717397224533,32.49771413042043,19.437249136888415,926.6,20.092941939625945,966.785883879252,886.4141161207481,10820.0
LICN,2012-08-27,960.0,970.0,970.0,970.0,1.04 %,20.0,19400.0,0.01041666666666674,0.010362787035546658,949.8,930.3,940.8354503537264,909.9639492972606,66.2740905100206,30.87150105646583,32.17247151562951,18.763159912824957,930.3,20.95634560347612,972.2126912069522,888.3873087930477,10840.0
LICN,2012-08-28,970.0,951.0,950.0,950.0,-2.06 %,940.0,893120.0,-0.020618556701030966,-0.020834086902842025,951.4,932.15,942.2453810685378,912.9295826826486,59.9884913737383,29.31579838588914,31.601136889681435,18.85150563333746,932.15,20.98188441689425,974.1137688337885,890.1862311662114,9900.0
LICN,2012-08-30,950.0,950.0,950.0,950.0,0.00 %,100.0,95000.0,0.0,0.0,956.6,934.6,943.4383993656859,915.6755395209709,59.98849137343194,27.762859844714967,30.833481480688143,17.5049695166705,934.6,19.9905240709511,974.5810481419022,894.6189518580978,9900.0
LICN,2012-09-02,950.0,950.0,950.0,950.0,0.00 %,20.0,19000.0,0.0,0.0,956.0,936.7,944.4478763863497,918.2180921490472,59.98849137310202,26.22978423730251,29.912742032011018,16.254614551194035,936.7,19.241129193248323,975.1822583864966,898.2177416135034,9900.0
LICN,2012-09-03,950.0,960.0,960.0,960.0,1.05 %,80.0,76800.0,0.010526315789473717,0.010471299867295437,956.0,938.4,946.8405107884497,921.3130482861548,62.22578218215321,25.527462502294952,29.035686126067805,15.807856368965888,938.4,19.74148717268195,977.8829743453639,898.9170256546361,9980.0
LICN,2012-09-06,960.0,999.0,960.0,999.0,4.06 %,270.0,260290.0,0.04062499999999991,0.03982149418667151,961.8,942.05,954.8650475902267,927.0676373019951,69.40982301283948,27.797410288231617,28.78803095850057,17.464438056896896,942.05,23.683160795443815,989.4163215908876,894.6836784091123,10250.0
LICN,2012-09-09,999.0,1058.0,995.0,1037.0,3.80 %,3130.0,3152140.0,0.03803803803803807,0.03733242958097384,979.2,947.6,967.5011941148072,935.2107752796251,74.49886950329257,32.290418835182095,29.488508533836878,20.716978195689975,947.6,31.45489669853446,1010.509793397069,884.6902066029311,13380.0
LICN,2012-09-10,1037.0,1140.0,1050.0,1140.0,9.93 %,690.0,743750.0,0.09932497589199607,0.09469633315901375,1017.2,958.3,994.0394719432983,950.3803474811343,82.83463880113202,43.65912446216396,32.3226317195023,26.594336895997834,958.3,52.84545491584715,1063.9909098316944,852.6090901683057,14070.0
LICN,2012-09-11,1140.0,1183.0,1078.0,1183.0,3.77 %,740.0,821850.0,0.03771929824561404,0.03702532258984564,1063.8,971.45,1023.1103224135601,967.6114328529022,85.03405011013626,55.49888956065786,36.95788328773341,32.19474140342656,971.45,72.04711543222898,1115.544230864458,827.3557691355421,14810.0
LICN,2012-09-12,1183.0,1206.0,1200.0,1200.0,1.44 %,1180.0,1419480.0,0.014370245139475823,0.014267971797704816,1111.8,985.05,1050.32411896532,984.8254007897243,85.80825254128013,65.49871817559563,42.666050265305856,31.537974160324666,985.05,87.44109295315195,1159.9321859063039,810.167814093696,15990.0
LICN,2012-09-13,1200.0,1272.0,1180.0,1180.0,-1.67 %,1820.0,2169900.0,-0.01666666666666672,-0.01680711831638129,1148.0,998.55,1070.2742545091169,999.282778509004,80.53018779206116,70.99147600011293,48.33113541226727,35.85669029173005,998.55,95.69715114276782,1189.9443022855355,807.1556977144643,14170.0
LICN,2012-09-16,1180.0,1248.0,1181.0,1248.0,5.76 %,240.0,289100.0,0.057627118644067776,0.05602783146966251,1190.2,1015.95,1097.6166768923297,1017.7062763972259,84.10914510317578,79.91040049510377,54.646988428834575,38.1526409851779,1015.95,107.71769878519767,1231.3853975703953,800.5146024296047,14410.0
LICN,2012-09-17,1248.0,1224.0,1190.0,1191.0,-4.57 %,600.0,717170.0,-0.04567307692307687,-0.04674897957407281,1200.4,1029.65,1111.9833419858173,1030.54284851595,72.13861975553795,81.4404934698673,60.00568943704113,39.570309486236624,1029.65,111.81670857161326,1253.2834171432266,806.0165828567735,13810.0
LICN,2012-09-18,1191.0,1238.0,1199.0,1213.0,1.85 %,460.0,559790.0,0.018471872376154552,0.018303339588750085,1206.4,1043.55,1127.5243662956916,1044.0581930703243,73.69474658415675,83.46617322536736,64.69778619470638,40.10100166579115,1043.55,116.60796894317403,1276.765937886348,810.334062113652,14270.0
LICN,2012-09-19,1213.0,1249.0,1200.0,1200.0,-1.07 %,770.0,925820.0,-0.010717230008243983,-0.010775073167958412,1206.4,1055.5,1138.674463788662,1055.6094380280779,71.1653534888525,83.06502576058415,68.37123410788193,40.73664440394893,1055.5,119.90281152052236,1295.3056230410448,815.6943769589552,13500.0
LICN,2012-09-20,1200.0,1201.0,1181.0,1201.0,0.08 %,1210.0,1447490.0,0.0008333333333332416,0.000832986303891771,1210.6,1067.55,1148.2630078211755,1066.3791092852573,71.24710629857613,81.8838985359182,71.07376699348919,39.25545551795258,1067.55,121.8936011446031,1311.337202289206,823.7627977107937,14710.0
LICN,2012-09-23,1201.0,1195.0,1180.0,1190.0,-0.92 %,240.0,284350.0,-0.00915903413821817,-0.00920123597440849,1199.0,1079.95,1154.6840835409948,1075.5362123011641,68.93192073591602,79.14787123983069,72.68858784275749,37.9514944095274,1079.95,121.0608698569686,1322.0717397139372,837.8282602860629,14470.0
LICN,2012-09-24,1190.0,1210.0,1170.0,1210.0,1.68 %,710.0,833670.0,0.01680672268907557,0.016667052485211643,1202.8,1094.25,1163.194224534688,1085.4964928714483,70.7904340338278,77.69773166323967,73.69041660685393,38.0978162374183,1094.25,118.53530453435461,1331.3206090687092,857.1793909312908,15180.0
LICN,2012-09-25,1210.0,1210.0,1186.0,1210.0,0.00 %,1400.0,1685120.0,0.0,0.0,1202.2,1107.1,1170.3951130678129,1094.7189748809706,70.79043403359977,75.67613818684231,74.08756092285161,37.09082936331699,1107.1,116.32662726360573,1339.7532545272113,874.4467454727885,15180.0
LICN,2012-09-26,1210.0,1210.0,1210.0,1210.0,0.00 %,230.0,278300.0,0.0,0.0,1204.2,1119.6,1176.4881725958417,1103.2583100749728,70.7904340333542,73.22986252086889,73.91602124245507,34.44148440879435,1119.6,113.0744514863853,1345.7489029727706,893.4510970272293,15180.0
LICN,2012-09-27,1210.0,1230.0,1200.0,1230.0,1.65 %,320.0,387600.0,0.016528925619834656,0.016393809775676352,1210.0,1132.6,1184.7207614272506,1112.6465834027526,72.82109436140529,72.074178024498,73.54765259886366,34.1242355224519,1132.6,109.87045002853682,1352.3409000570737,912.8590999429263,15500.0
LICN,2012-09-30,1230.0,1224.0,1206.0,1224.0,-0.49 %,600.0,732960.0,-0.004878048780487809,-0.004889985294191792,1216.8,1146.3,1190.7637212076736,1120.8949846321784,71.22143022064922,69.86873657549518,72.81186939418997,33.40107584227676,1146.3,102.755765621305,1351.81153124261,940.78846875739,14900.0
LICN,2012-10-01,1224.0,1323.0,1225.0,1322.0,8.01 %,770.0,989120.0,0.08006535947712412,0.07702155733936014,1239.2,1164.9,1210.9539179449546,1135.7916524372022,79.24215189826944,75.16226550775241,73.28194861690247,38.08671328211413,1164.9,98.95075862053028,1362.8015172410605,966.9984827589395,15670.0
LICN,2012-10-02,1322.0,1343.0,1293.0,1343.0,1.59 %,440.0,573340.0,0.015885022692889494,0.015760176111605913,1265.8,1184.55,1231.2686997995768,1151.1404189233353,80.49654510177473,80.12828087624143,74.65121506877026,38.93766233339169,1184.55,92.86349631242572,1370.2769926248513,998.8230073751486,16110.0
LICN,2012-10-03,1343.0,1317.0,1219.0,1291.0,-3.87 %,1100.0,1377620.0,-0.0387192851824274,-0.03948880567659507,1282.0,1201.1,1240.458130599642,1161.5003878919772,69.32507244010284,78.95774270766469,75.51252059654914,45.01354359529228,1201.1,79.23310047275564,1359.5662009455111,1042.6337990544887,15010.0
LICN,2012-10-04,1291.0,1291.0,1230.0,1291.0,0.00 %,3500.0,4312260.0,0.0,0.0,1294.2,1215.7,1248.2338028150814,1171.0929517518307,69.3250724399036,77.1408510632507,75.83818668988945,46.15543333848569,1215.7,65.79641647576328,1347.2928329515266,1084.1071670484735,15010.0
LICN,2012-10-07,1291.0,1310.0,1290.0,1310.0,1.47 %,1330.0,1720250.0,0.014717273431448463,0.014610025348554703,1311.4,1229.35,1257.7362946896842,1181.3823627331765,71.02887093767978,76.35393195650772,75.94133574321312,44.28718810002243,1229.35,54.04021407101893,1337.4304281420377,1121.269571857962,16340.0
LICN,2012-10-09,1310.0,1284.0,1235.0,1255.0,-4.20 %,1670.0,2066820.0,-0.041984732824427495,-0.042891564629312984,1298.0,1235.1,1257.3153262758867,1186.8355210492375,60.545307111180236,70.4798052266492,74.84902963990034,46.48096037859226,1235.1,49.99989473672571,1335.0997894734514,1135.1002105265484,14670.0
LICN,2012-10-10,1255.0,1299.0,1250.0,1299.0,3.51 %,190.0,240530.0,0.035059760956175356,0.034459165104715334,1289.2,1240.9,1263.7283530026734,1195.144000971516,64.99635233119194,68.58435203115732,73.59609411815174,46.66089178012138,1240.9,50.36487915830843,1341.629758316617,1140.1702416833832,14860.0
LICN,2012-10-11,1299.0,1324.0,1299.0,1299.0,0.00 %,120.0,156990.0,0.0,0.0,1290.8,1245.85,1269.1547602330313,1202.837037936589,64.99635233101247,66.3177222964423,72.14041975380985,45.113685224398424,1245.85,50.994607558048955,1347.8392151160979,1143.860784883902,14860.0
LICN,2012-10-14,1299.0,1299.0,1274.0,1299.0,0.00 %,40.0,51710.0,0.0,0.0,1292.4,1251.8,1273.7463355817956,1209.9602203116565,64.9963523308192,63.786115270139135,70.46955885707571,43.67699342265568,1251.8,49.83615259289757,1351.472305185795,1152.127694814205,14860.0
LICN,2012-10-15,1299.0,1274.0,1230.0,1230.0,-5.31 %,520.0,640230.0,-0.053117782909930744,-0.054580568304136386,1276.4,1250.9,1267.0161301076732,1211.444648436719,53.233806573457535,55.5714816709542,67.48994341985141,45.485779606751706,1250.9,50.070371531101834,1351.0407430622038,1150.7592569377964,14340.0
LICN,2012-10-18,1230.0,1250.0,1225.0,1225.0,-0.41 %,20.0,24750.0,-0.004065040650406471,-0.004073325387635786,1270.4,1252.6,1260.5521100911083,1212.4487485525176,52.492470806153726,48.10336153859066,63.61262704359927,44.02250963484087,1252.6,48.4815754477322,1349.5631508954643,1155.6368491045355,14320.0
LICN,2012-10-30,1225.0,1253.0,1205.0,1253.0,2.29 %,80.0,97360.0,0.02285714285714291,0.022599831917240992,1261.2,1254.6,1259.3902470001685,1215.452544956035,56.17324721049233,43.93770204413363,59.67764204370614,44.3066160894951,1254.6,47.57863297520098,1349.757265950402,1159.442734049598,14400.0
LICN,2012-10-31,1253.0,1300.0,1278.0,1300.0,3.75 %,20.0,25780.0,0.03750997605746198,0.036823588553559695,1261.4,1259.6,1265.637901307835,1221.715319403736,61.55736606534345,43.922581904098934,56.526630015784704,44.499000654531166,1259.6,46.78663776852971,1353.1732755370592,1166.0267244629406,14420.0
LICN,2012-11-01,1300.0,1320.0,1294.0,1294.0,-0.46 %,140.0,182050.0,-0.004615384615384577,-0.004626068388782191,1260.4,1264.25,1270.0013011066296,1227.0697401886446,60.534968652016104,42.93156091798505,53.80761619622478,43.17764346492179,1264.25,45.25236254372655,1354.7547250874532,1173.7452749125468,14280.0
LICN,2012-11-05,1294.0,1320.0,1305.0,1320.0,2.01 %,60.0,78650.0,0.020092735703245657,0.019893540519570572,1278.4,1270.75,1277.6934086286867,1233.953463137634,63.37379250388715,43.73994549105282,51.794082055190394,41.95066893171309,1270.75,43.321169007886965,1357.392338015774,1184.107661984226,14340.0
LICN,2012-11-06,1320.0,1340.0,1320.0,1320.0,0.00 %,40.0,53000.0,0.0,0.0,1297.4,1276.25,1284.2021149935042,1240.3272806829943,63.37379250369833,43.87483431050987,50.21023250625429,40.3827640080193,1276.25,42.16992567669899,1360.589851353398,1191.910148646602,14340.0
LICN,2012-11-08,1320.0,1339.0,1315.0,1339.0,1.44 %,20.0,26540.0,0.014393939393939403,0.014291330110755977,1314.6,1282.7,1292.6325588406573,1247.6363710027726,65.4783790635289,44.99618783788469,49.167423572580375,39.21256657887507,1282.7,41.36118190308892,1365.4223638061778,1199.9776361938223,14360.0
LICN,2012-11-11,1339.0,1320.0,1313.0,1320.0,-1.42 %,140.0,184520.0,-0.014189693801344272,-0.014291330110755953,1318.6,1288.2,1296.842934403633,1252.9966398173822,61.662615418187094,43.846294586250906,48.103197775314484,38.26881182324114,1288.2,38.39215928723197,1364.984318574464,1211.4156814255361,14220.0
LICN,2012-11-18,1320.0,1380.0,1320.0,1380.0,4.55 %,160.0,214700.0,0.045454545454545414,0.044451762570833796,1335.8,1295.7,1309.6363291107666,1262.4042961272057,68.0037255038406,47.232032983560885,47.92896481696377,39.821039550152484,1295.7,40.98793147153352,1377.6758629430672,1213.724137056933,14380.0
LICN,2012-11-20,1380.0,1406.0,1406.0,1406.0,1.88 %,20.0,28120.0,0.018840579710144967,0.018665294219359876,1353.0,1304.8,1324.4615092475717,1273.0410149325978,70.29647978789367,51.420494314973894,48.627270716565796,38.83382243942731,1304.8,44.30112271357842,1393.4022454271567,1216.1977545728432,14400.0
LICN,2012-11-21,1406.0,1450.0,1393.0,1393.0,-0.92 %,1060.0,1479020.0,-0.009246088193456625,-0.009289098590804524,1367.6,1308.35,1335.005892440253,1281.9268656783313,67.68489258716639,53.079026761921796,49.517621925637,40.131406550896784,1308.35,48.4064752084324,1405.1629504168648,1211.537049583135,13340.0
LICN,2012-11-22,1393.0,1415.0,1395.0,1415.0,1.58 %,30.0,42150.0,0.015793251974156597,0.015669836297532398,1382.8,1311.95,1347.3126782186755,1291.7841348873437,69.73411166827282,55.528543331331775,50.71980620677596,38.83630608297558,1311.95,53.52567018188903,1419.0013403637781,1204.898659636222,13370.0
LICN,2012-11-25,1415.0,1399.0,1399.0,1399.0,-1.13 %,40.0,55960.0,-0.011307420494699683,-0.01137183541185686,1398.6,1317.35,1355.2645738773408,1299.7260508216145,66.43453175634346,55.53852305572627,51.68354957656602,37.205141362763044,1317.35,56.65711735843719,1430.6642347168743,1204.0357652831256,13330.0
LICN,2012-12-03,1399.0,1372.0,1268.0,1340.0,-4.22 %,190.0,247890.0,-0.04217298070050035,-0.04308808172052411,1390.6,1319.8,1352.9161778962114,1302.70930631631,55.92596317688648,50.20687157990142,51.38821397723311,43.904774122565684,1319.8,56.516974627557076,1432.833949255114,1206.766050744886,13140.0
LICN,2012-12-04,1340.0,1385.0,1314.0,1382.0,3.13 %,380.0,508780.0,0.03134328358208949,0.03086211138265809,1385.8,1323.4,1357.390612066025,1308.5826910336204,60.692540300917706,48.807921032404465,50.87215538826739,45.84014739952528,1323.4,58.12998139378162,1439.6599627875632,1207.140037212437,13520.0
LICN,2012-12-05,1382.0,1382.0,1355.0,1355.0,-1.95 %,670.0,911580.0,-0.01953690303907385,-0.019730271013813975,1378.2,1328.4,1357.0228255943289,1312.0210102163153,56.46486843422425,45.00181537801359,49.698087386216635,44.494422585273476,1328.4,56.20582475901754,1440.8116495180352,1215.988350481965,12850.0
LICN,2012-12-06,1355.0,1328.0,1276.0,1280.0,-5.54 %,540.0,697940.0,-0.05535055350553508,-0.05694137640013845,1351.2,1327.45,1345.1731601182782,1309.6490835336253,46.72788810935526,35.5240765846529,46.863285225903894,46.95910668632537,1327.45,56.885364873940915,1441.220729747882,1213.6792702521182,12310.0
LICN,2012-12-09,1280.0,1326.0,1300.0,1326.0,3.59 %,600.0,783330.0,0.035937499999999956,0.03530681383214492,1336.6,1328.8,1342.2234431770046,1310.8602625311346,52.1751791026005,31.36318064586999,43.76326430989711,46.89059906587356,1328.8,56.49368851566117,1441.7873770313222,1215.8126229686777,12910.0
LICN,2012-12-10,1326.0,1360.0,1300.0,1360.0,2.56 %,1080.0,1419180.0,0.02564102564102555,0.025317807984289786,1340.6,1331.85,1344.95829807285,1314.5002430843838,55.77479595050145,30.4580549884663,41.10222244561095,47.82698484688259,1331.85,56.44678444059935,1444.7435688811986,1218.9564311188012,13990.0
LICN,2012-12-11,1360.0,1410.0,1355.0,1355.0,-0.37 %,1940.0,2642990.0,-0.003676470588235281,-0.003683245416296405,1335.2,1338.1,1346.5031752924117,1317.500225078133,55.117788225212884,29.0029502142786,38.68236799934448,48.339343072105265,1338.1,51.257759361252916,1440.6155187225058,1235.584481277494,12050.0
LICN,2012-12-13,1355.0,1410.0,1375.0,1410.0,4.06 %,2120.0,2931120.0,0.040590405904058935,0.039788250058412584,1346.2,1347.35,1356.2719175551176,1324.3520602575306,60.613869762763635,31.919857297586987,37.32986585899298,48.81510428124061,1347.35,46.21833197472155,1439.786663949443,1254.9133360505568,14170.0
LICN,2013-01-02,1410.0,887.0,887.0,887.0,-37.09 %,10.0,8870.0,-0.3709219858156029,-0.4635000010626345,1267.6,1329.05,1284.0762379312534,1291.9556113495655,26.891515815780494,-7.8793734183120705,28.288018003531974,82.6854539754377,1329.05,111.66419347876221,1552.3783869575243,1105.7216130424756,14160.0
LICN,2013-01-03,887.0,958.0,904.0,958.0,8.00 %,290.0,270080.0,0.08004509582863584,0.07700279566128104,1194.0,1311.95,1233.9106628649067,1267.2181586570052,32.39064599205035,-33.30749579209851,15.968915244405878,81.85077869147786,1311.95,139.15060943187592,1590.251218863752,1033.648781136248,14450.0
LICN,2013-01-06,958.0,996.0,977.0,996.0,3.97 %,40.0,39270.0,0.039665970772442494,0.038899479613737596,1121.2,1297.05,1197.3090224241519,1247.1279246824124,35.20002907748011,-49.81890225826055,2.811351743872592,78.71858021351515,1297.05,156.09662156227867,1609.2432431245572,984.8567568754427,14490.0
LICN,2013-01-07,996.0,1035.0,1015.0,1035.0,3.92 %,110.0,112650.0,0.03915662650602414,0.03840944811487126,1057.2,1282.8,1172.338403589667,1231.4147450763078,38.045428432863126,-59.076341486640786,-9.566186902230084,75.88153876969265,1282.8,166.55000829527833,1615.9000165905566,949.6999834094433,14600.0
LICN,2013-01-08,1035.0,1055.0,1055.0,1055.0,1.93 %,10.0,10550.0,0.019323671497584627,0.019139340210697506,986.2,1269.55,1154.286341498949,1218.3469861817664,39.512278467674555,-64.06064468281738,-20.465078458347545,71.89000028614318,1269.55,173.81734968820285,1617.1846993764057,921.9153006235942,14610.0
LICN,2013-01-09,1055.0,1070.0,1070.0,1070.0,1.42 %,10.0,10700.0,0.014218009478673022,0.014117881545785022,1022.8,1256.1,1141.3192120375722,1207.3583205386726,40.647286366925165,-66.03910850110037,-29.579884466898115,67.82642883713295,1256.1,178.50487240880472,1613.1097448176092,899.0902551823905,14620.0
LICN,2013-01-10,1070.0,1156.0,1091.0,1156.0,8.04 %,50.0,56490.0,0.08037383177570101,0.07730712177637099,1062.4,1247.9,1143.5777948010227,1203.5540004987708,46.80976521059915,-59.97620569774813,-35.65914871306812,69.12454106305202,1247.9,179.1805616806968,1606.2611233613936,889.5388766386066,14670.0
LICN,2013-01-13,1156.0,1179.0,1179.0,1179.0,1.99 %,10.0,11790.0,0.019896193771626214,0.019700851305048065,1099.0,1237.85,1149.0273648316347,1201.73518564701,48.35418053531467,-52.70782081537527,-39.06888313352955,65.82993098711974,1237.85,177.00498803557252,1591.859976071145,883.8400239288549,14680.0
LICN,2013-01-15,1179.0,1190.0,1180.0,1180.0,0.08 %,240.0,284200.0,0.0008481764206955678,0.0008478169223395802,1128.0,1226.55,1153.7923856267678,1200.1251718953797,48.42429928751324,-46.332786268611926,-40.52166376054603,61.913507345182616,1226.55,172.8709512598146,1572.2919025196293,880.8080974803707,14920.0
LICN,2013-02-03,1180.0,1157.0,1134.0,1134.0,-3.90 %,30.0,34250.0,-0.03898305084745768,-0.03976323317201312,1143.8,1213.6,1150.7474032226496,1195.2270110142406,45.372643112333705,-44.47960779159098,-41.313252566755025,60.776828249098145,1213.6,169.4121104227625,1552.4242208455248,874.7757791544749,14890.0
LICN,2013-02-12,1134.0,1112.0,1055.0,1055.0,-6.97 %,260.0,282800.0,-0.06966490299823636,-0.07221043837753054,1140.8,1195.6,1136.017033496088,1184.8398250131856,40.636327344898945,-48.822791517097585,-42.81516035682354,62.07848337416256,1195.6,165.97729711588366,1527.5545942317672,863.6454057682326,14630.0
LICN,2013-02-13,1055.0,1034.0,994.0,994.0,-5.78 %,90.0,90660.0,-0.057819905213270184,-0.05955883925359288,1108.4,1175.35,1114.1682591120746,1170.7035416788756,37.39070729701038,-56.535282566801015,-45.55918479881903,62.00144884743666,1175.35,164.55530985051695,1504.460619701034,846.239380298966,14540.0
LICN,2013-02-14,994.0,990.0,937.0,937.0,-5.73 %,450.0,433600.0,-0.057344064386317894,-0.05905392441815183,1060.0,1155.2,1086.911603864063,1153.392168221181,34.60905601095202,-66.48056435711806,-49.743460710478836,61.64420250119119,1155.2,167.97105013724902,1491.142100274498,819.257899725502,14090.0
LICN,2013-02-17,937.0,974.0,955.0,974.0,3.95 %,1070.0,1031540.0,0.03948772678762014,0.03872802140411298,1018.8,1134.8,1069.5405878849763,1140.1038594640563,37.84164202403234,-70.56327157908004,-53.90742288419908,59.88390232253468,1134.8,163.6979246243383,1462.1958492486765,807.4041507513234,15160.0
LICN,2013-02-19,974.0,993.0,993.0,993.0,1.95 %,110.0,109230.0,0.019507186858316317,0.019319360402637584,990.6,1116.7,1057.7651128257492,1129.2072772815338,39.49571688939495,-71.44216445578468,-57.4143711985162,56.963623585210776,1116.7,157.98237743162107,1432.6647548632423,800.7352451367578,15270.0
LICN,2013-02-20,993.0,993.0,974.0,974.0,-1.91 %,560.0,554390.0,-0.019133937562940573,-0.01931936040263748,974.4,1101.4,1044.8781723910186,1117.710441927346,38.39539573997615,-72.83226953632743,-60.497950866078455,54.251936186267145,1101.4,156.14177093775643,1413.683541875513,789.1164581244873,14710.0
LICN,2013-02-21,974.0,993.0,960.0,993.0,1.95 %,140.0,136650.0,0.019507186858316317,0.019319360402637584,974.2,1084.75,1036.8969151000927,1108.4726314142094,40.18983652795385,-71.57571631411679,-62.71350395568612,52.73394074439092,1084.75,148.49875951989387,1381.7475190397877,787.7524809602123,14850.0
LICN,2013-02-24,993.0,999.0,993.0,999.0,0.60 %,190.0,189270.0,0.0060422960725075026,0.006024114603380876,986.6,1066.7,1031.066620469309,1100.3635476057495,40.77650443361176,-69.29692713644044,-64.03018859183699,49.395802119791576,1066.7,134.5675725386593,1335.8351450773187,797.5648549226814,15040.0
LICN,2013-02-25,999.0,980.0,980.0,980.0,-1.90 %,100.0,98000.0,-0.019019019019019034,-0.019202206983935932,987.8,1047.95,1023.2102173201847,1091.447729264583,39.456654267848315,-68.2375119443982,-64.87165326234924,47.22467339694932,1047.95,117.30054740303926,1282.5510948060785,813.3489051939215,14940.0
LICN,2013-02-26,980.0,980.0,950.0,950.0,-3.06 %,300.0,289100.0,-0.030612244897959218,-0.03109058707003112,979.2,1024.95,1011.9471069632333,1080.9701196894287,37.39830578536245,-69.02301272619536,-65.70192515511847,45.994339582881516,1024.95,82.51409767906077,1189.9781953581216,859.9218046418785,14640.0
LICN,2013-02-27,950.0,960.0,950.0,960.0,1.05 %,736.0,705360.0,0.010526315789473717,0.010471299867295437,976.4,1028.6,1003.9552443535051,1072.0093700828043,38.549080891842536,-68.05412572929913,-66.17236526995461,43.42331532696141,1028.6,77.55636320563455,1183.712726411269,873.4872735887308,15376.0
LICN,2013-02-28,960.0,979.0,979.0,979.0,1.98 %,10.0,9790.0,0.019791666666666652,0.019598358068628446,973.6,1029.65,1000.1159759914274,1065.1197871137076,40.776671945722335,-65.00381112228024,-65.93865444041974,41.67879280360702,1029.65,76.68752386007496,1183.02504772015,876.2749522798501,15386.0
LICN,2013-03-03,979.0,962.0,962.0,962.0,-1.74 %,16.0,15392.0,-0.01736465781409602,-0.017517191864803893,966.2,1027.95,994.2519796850539,1057.481284364544,39.4004506459935,-63.229304679490156,-65.39678448823382,39.916021889063664,1027.95,77.84091401529751,1183.631828030595,872.268171969405,15370.0
LICN,2013-03-05,962.0,962.0,950.0,960.0,-0.21 %,430.0,412900.0,-0.0020790020790020236,-0.0020811662038245117,962.2,1024.2,988.9824443488918,1050.260448485689,39.23268990283675,-61.27800413679722,-64.5730284179465,37.92202032555912,1024.2,79.27673050776067,1182.7534610155215,865.6465389844786,14940.0
LICN,2013-03-06,960.0,979.0,975.0,979.0,1.98 %,620.0,605600.0,0.019791666666666652,0.019598358068628446,968.0,1020.4,987.4466836798316,1044.9818967460085,41.76927612696574,-57.53521306617688,-63.16546534759258,36.57044744516204,1020.4,79.54369868192028,1179.4873973638405,861.3126026361595,15560.0
LICN,2013-03-07,979.0,970.0,955.0,970.0,-0.92 %,670.0,640300.0,-0.009193054136874323,-0.009235571033081837,970.0,1015.4,984.762578498319,1039.42768217223,40.898393831573536,-54.66510367391106,-61.465393012856275,35.67255834193618,1015.4,79.40462667151233,1174.2092533430246,856.5907466569753,14890.0
LICN,2013-03-11,970.0,989.0,982.0,982.0,1.24 %,630.0,620930.0,0.012371134020618513,0.012295236857037338,970.6,1006.7,984.3375664216546,1035.173779789102,42.616357767833264,-50.83621336744727,-59.33955708377448,34.48166131751216,1006.7,72.41336020957925,1151.5267204191587,861.8732795808415,15520.0
LICN,2013-03-13,982.0,1030.0,981.0,1010.0,2.85 %,982.0,976410.0,0.02851323828920571,0.028114301480839255,980.2,998.25,988.2856331260155,1033.3090553602797,46.52249389229741,-45.02342223426422,-56.47633011387243,35.51868550911844,998.25,60.055128182802434,1118.360256365605,878.1397436343951,16502.0
LICN,2013-03-14,1010.0,1050.0,1030.0,1035.0,2.48 %,800.0,828200.0,0.024752475247524774,0.024451095864164336,995.2,991.0,995.472458798936,1033.4343105187775,49.80770283991413,-37.961851719841434,-52.773434435066235,35.83877940132427,991.0,43.40264362552625,1077.8052872510525,904.1947127489475,17302.0
LICN,2013-03-17,1035.0,1020.0,1000.0,1020.0,-1.45 %,2052.0,2052990.0,-0.01449275362318836,-0.014598799421152636,1003.4,985.3,999.2459266760228,1032.4391764062755,47.90610512022187,-33.19324973025266,-48.85739749410352,35.77886658694396,985.3,28.593521533460223,1042.4870430669205,928.1129569330795,15250.0
LICN,2013-03-18,1020.0,1011.0,991.0,995.0,-2.45 %,450.0,448110.0,-0.02450980392156865,-0.02481516911972402,1008.4,982.3,998.5927071874039,1029.6659040798847,44.83382135707196,-31.073196892480837,-45.300557373778986,35.29466183073368,982.3,23.608874335060403,1029.5177486701207,935.0822513298791,14800.0
LICN,2013-03-25,995.0,990.0,980.0,980.0,-1.51 %,130.0,128500.0,-0.015075376884422065,-0.01519016549397512,1008.0,981.6,995.7322906970342,1025.9869482221154,43.04988880490775,-30.254657525081257,-42.291377404039444,33.845043128538414,981.6,23.45073222962384,1028.5014644592477,934.6985355407523,14670.0
LICN,2013-03-28,980.0,993.0,975.0,980.0,0.00 %,1366.0,1351714.0,0.0,0.0,1002.0,983.75,993.3119382821058,1022.5805076130698,43.04988880478477,-29.268569330964056,-39.68681578942437,32.713254333642816,983.75,20.98840532043788,1025.7268106408758,941.7731893591242,14670.0
LICN,2013-03-31,980.0,1000.0,961.0,1000.0,2.04 %,810.0,792190.0,0.020408163265306145,0.02020270731751947,995.0,985.05,994.3408708540894,1020.9078774195091,46.35087293542111,-26.56700656541966,-37.06285394462343,33.162307595525476,985.05,21.15724337830109,1027.3644867566022,942.7355132433978,15480.0
LICN,2013-04-01,1000.0,1000.0,1000.0,1000.0,0.00 %,100.0,100000.0,0.0,0.0,991.0,985.4,995.2115061073064,1019.3591457588047,46.35087293527644,-24.147639651498366,-34.47981108599842,30.79357133870223,985.4,21.352677633156606,1028.1053552663132,942.6946447336868,15480.0
LICN,2013-04-02,1000.0,1000.0,1000.0,1000.0,0.00 %,1000.0,1000000.0,0.0,0.0,992.0,986.7,995.948197475413,1017.9251349618562,46.35087293512065,-21.97693748644315,-31.97923636608737,28.594030528794928,986.7,21.413473377887637,1029.5269467557753,943.8730532442248,15480.0
LICN,2013-04-03,1000.0,1013.0,1010.0,1013.0,1.30 %,150.0,151680.0,0.0129999999999999,0.01291622526654623,998.6,987.7,998.571551709965,1017.5603101498668,48.76193816610504,-18.988758439901858,-29.38114078085027,27.480171205309574,987.7,22.176564206392214,1032.0531284127844,943.3468715872157,15630.0
LICN,2013-04-04,1013.0,1020.0,1020.0,1020.0,0.69 %,10.0,10200.0,0.006910167818361401,0.006886402029633482,1006.6,988.75,1001.868236062278,1017.7410279165433,50.063321742475644,-15.872791854265301,-26.679470995533276,26.017301833501747,988.75,23.212689360964923,1035.1753787219297,942.3246212780701,15640.0
LICN,2013-04-07,1020.0,1000.0,1000.0,1000.0,-1.96 %,300.0,300000.0,-0.019607843137254943,-0.019802627296179754,1006.6,989.75,1001.5808151296199,1016.4268777005032,46.43446585560572,-14.846062570883305,-24.312789310603282,25.587494559680195,989.75,23.246674917868834,1036.2433498357377,943.2566501642623,15340.0
LICN,2013-04-08,1000.0,1025.0,1020.0,1025.0,2.50 %,149.0,152230.0,0.02499999999999991,0.024692612590371414,1011.6,993.5,1005.1837666481399,1017.0619237967621,51.19653216556925,-11.878157148622222,-21.82586287820707,25.545530662560182,993.5,22.53535234389239,1038.5707046877849,948.4292953122152,15489.0
LICN,2013-04-09,1025.0,1008.0,1005.0,1008.0,-1.66 %,220.0,221640.0,-0.01658536585365855,-0.016724442941194642,1013.2,995.9,1005.6170333176568,1016.3906701821871,48.06719489269239,-10.773636864530317,-19.61541767547172,25.14942132952017,995.9,21.30208786407173,1038.5041757281435,953.2958242718565,15269.0
LICN,2013-04-11,1008.0,1030.0,1020.0,1030.0,2.18 %,166.0,170320.0,0.021825396825396748,0.021590632592367452,1016.6,998.45,1009.3682589610942,1017.3987686872103,52.143885093635554,-8.030509726116179,-17.298436085600613,24.924462663125873,998.45,22.205914337832397,1042.8618286756648,954.0381713243353,15435.0
LICN,2013-04-15,1030.0,1030.0,1010.0,1030.0,0.00 %,36.0,36760.0,0.0,0.0,1018.6,1001.85,1012.5423729670797,1018.3321932288985,52.14388509343519,-5.789820261818818,-14.996712920844255,24.57271533004545,1001.85,21.526666449342425,1044.9033328986848,958.7966671013152,15435.0
LICN,2013-04-16,1030.0,1030.0,1025.0,1030.0,0.00 %,178.0,183160.0,0.0,0.0,1024.6,1005.35,1015.2281617413751,1019.196475211943,52.143885093219396,-3.9683134705679777,-12.791033030789,23.174664235042204,1005.35,20.000723671122554,1045.3514473422451,965.3485526577549,15435.0
LICN,2013-04-17,1030.0,1045.0,980.0,1045.0,1.46 %,1052.0,1076714.0,0.014563106796116498,0.014458083175229917,1028.6,1008.65,1019.8084445503944,1021.1078474184658,55.14251894125074,-1.299402868071411,-10.492706998245483,26.162188218253476,1008.65,20.851038091036497,1050.352076182073,966.947923817927,16487.0
LICN,2013-04-18,1045.0,1040.0,1031.0,1031.0,-1.34 %,133.0,137456.0,-0.013397129186602852,-0.013487680381951434,1033.2,1011.7,1021.5302223118722,1021.8405994615423,51.87537187900158,-0.3103771496701029,-8.456241028530407,25.29346048837823,1011.7,19.303940148667042,1050.3078802973341,973.092119702666,16354.0
LICN,2013-04-21,1031.0,1020.0,1015.0,1020.0,-1.07 %,690.0,703010.0,-0.01066925315227929,-0.01072657773864311,1031.2,1013.6,1021.2948034946611,1021.7042587606873,49.39881695741321,-0.409455266026157,-6.8468838760295565,24.6296418820655,1013.6,18.05663604504764,1049.7132720900954,977.4867279099047,15664.0
LICN,2013-04-22,1020.0,1000.0,1000.0,1000.0,-1.96 %,231.0,231000.0,-0.019607843137254943,-0.019802627296179754,1025.2,1013.1,1018.0186798800978,1020.0965358895253,45.17587326428395,-2.077856009427478,-5.893078302709141,24.29895317620368,1013.1,18.298403726760586,1049.6968074535212,976.5031925464789,15433.0
LICN,2013-04-23,1000.0,1000.0,980.0,999.0,-0.10 %,898.0,897514.0,-0.0010000000000000009,-0.0010005003335835344,1019.0,1011.3,1015.0927291293135,1018.5338295273382,44.96887559321652,-3.4411003980246733,-5.402682721772248,23.99188509218913,1011.3,17.794440290813316,1046.8888805816266,975.7111194183733,14535.0
LICN,2013-04-28,999.0,1005.0,988.0,1000.0,0.10 %,1048.0,1041920.0,0.0010010010010010895,0.001000500333583622,1010.0,1010.3,1012.7707708017269,1017.1609532660539,45.239093554944034,-4.3901824643269265,-5.200182670283184,23.492464728461336,1010.3,17.8417015945688,1045.9834031891376,974.6165968108623,15583.0
LICN,2013-04-29,1000.0,1020.0,988.0,990.0,-1.00 %,2390.0,2401404.0,-0.010000000000000009,-0.01005033585350145,1001.8,1010.05,1009.2675752937689,1015.1490308019017,42.96700331372011,-5.881455508132831,-5.336437237853113,24.100145819285526,1010.05,18.10052340040439,1046.2510468008088,973.8489531991912,13193.0
LICN,2013-04-30,990.0,998.0,975.0,988.0,-0.20 %,2006.0,1968986.0,-0.002020202020202033,-0.002022245380767809,995.4,1010.45,1005.995640633189,1013.1379914832424,42.5071824423259,-7.14235085005339,-5.697619960293169,24.021563975050846,1010.45,17.479235801678833,1045.4084716033576,975.4915283966424,11187.0
LICN,2013-05-02,988.0,985.0,970.0,970.0,-1.82 %,1635.0,1599661.0,-0.018218623481781382,-0.018386626250439315,989.4,1009.95,1000.4578497665445,1009.9425847067059,38.51249785009072,-9.484734940161388,-6.455042956266813,23.591452262547215,1009.95,18.50881724448215,1046.9676344889644,972.9323655110358,9552.0
LICN,2013-05-05,970.0,989.0,975.0,980.0,1.03 %,554.0,540636.0,0.010309278350515427,0.010256500167189061,985.6,1008.95,997.3104882639993,1007.7246154691721,41.785622975743294,-10.414127205172804,-7.246859806048011,23.263491386650987,1008.95,19.583760726956793,1048.1175214539137,969.7824785460865,10106.0
LICN,2013-05-06,980.0,974.0,966.0,966.0,-1.43 %,166.0,161556.0,-0.014285714285714235,-0.014388737452099556,978.8,1007.25,992.4934900695379,1004.6339032121964,38.681150199400875,-12.14041314265853,-8.225570473370116,22.601813430461632,1007.25,21.756729146589763,1050.7634582931796,963.7365417068205,9940.0
LICN,2013-05-07,966.0,984.0,947.0,965.0,-0.10 %,90.0,87072.0,-0.0010351966873706209,-0.0010357328735320908,973.8,1005.5,988.2637223665321,1001.6980585298115,38.46134292221338,-13.434336163279454,-9.267323611351983,23.630255328285802,1005.5,23.692103947810605,1052.884207895621,958.1157921043788,9850.0
LICN,2013-05-08,965.0,980.0,965.0,967.0,0.21 %,307.0,296575.0,0.002072538860103723,0.002070394114308495,969.6,1003.2,984.9923804639886,999.1278319720477,39.205427281909344,-14.135451508059077,-10.240949190693403,23.013808519122534,1003.2,25.115732121524655,1053.4314642430493,952.9685357569507,10157.0
LICN,2013-05-09,967.0,975.0,968.0,968.0,0.10 %,106.0,103238.0,0.0010341261633919352,0.001033591823282692,969.2,1000.6,982.3781680849135,996.8220666407849,39.598683189704595,-14.443898555871442,-11.08153906372901,21.941393624899497,1000.6,25.96232087590304,1052.524641751806,948.6753582481939,10263.0
LICN,2013-05-12,968.0,975.0,975.0,975.0,0.72 %,63.0,61425.0,0.00723140495867769,0.0072053837212701635,968.2,999.35,981.243065302619,995.205617259986,42.40710340477291,-13.96255195736694,-11.657741642456598,20.87415122312096,999.35,26.58704670759382,1052.5240934151877,946.1759065848124,10326.0
LICN,2013-05-13,975.0,1000.0,972.0,1000.0,2.56 %,758.0,753856.0,0.02564102564102555,0.025317807984289786,975.0,998.1,984.1287475637546,995.5607567222091,51.14405199903751,-11.432009158454548,-11.612595145656188,21.383140421469463,998.1,25.896352110515085,1049.8927042210303,946.3072957789699,11084.0
LICN,2013-05-14,1000.0,1040.0,1014.0,1040.0,4.00 %,808.0,837424.0,0.040000000000000036,0.03922071315328133,990.0,999.7,992.7243248616385,998.852552520564,61.268287233230105,-6.128227658925539,-10.515721648310059,22.712916105650216,999.7,27.480327892018085,1054.6606557840362,944.7393442159639,11892.0
LICN,2013-05-15,1040.0,1061.0,1020.0,1050.0,0.96 %,9095.0,9319365.0,0.009615384615384581,0.009569451016150672,1006.6,1000.7,1001.5359671906172,1002.6412523338556,63.315004907391675,-1.1052851432384614,-8.63363434729574,24.019136383818058,1000.7,28.964769889247087,1058.6295397784943,942.7704602215059,20987.0
LICN,2013-05-16,1050.0,1100.0,1070.0,1100.0,4.76 %,594.0,646680.0,0.04761904761904767,0.04652001563489291,1033.0,1004.2,1016.6842799305223,1009.8530114202367,71.44118012556686,6.831268510285554,-5.540653775779481,25.874912356402483,1004.2,36.05346906442055,1076.3069381288412,932.093061871159,21581.0
LICN,2013-05-19,1100.0,1101.0,1100.0,1101.0,0.09 %,154.0,169430.0,0.0009090909090909705,0.0009086779362181122,1058.2,1007.75,1029.6559291719805,1016.6046402039229,71.576788199105,13.05128896805752,-1.822265227012081,24.098132902373738,1007.75,41.7698896839661,1091.2897793679322,924.2102206320678,21735.0
LICN,2013-05-20,1101.0,1112.0,1100.0,1110.0,0.82 %,1174.0,1300192.0,0.008174386920980936,0.008141157583699866,1080.2,1011.0,1042.0165554532143,1023.5228150036323,72.82734812513542,18.493740449581992,2.2409359083067337,23.233980552204187,1011.0,47.019592780704926,1105.0391855614098,916.9608144385902,22909.0
LICN,2013-05-21,1110.0,1151.0,1125.0,1150.0,3.60 %,636.0,720766.0,0.03603603603603611,0.035401927050916,1102.2,1016.95,1058.6293930757968,1032.8914953737337,77.55416958967788,25.737897702063037,6.940328267057994,24.502981941332457,1016.95,56.29758805715191,1129.5451761143038,904.3548238856962,23545.0
LICN,2013-05-22,1150.0,1131.0,1130.0,1130.0,-1.74 %,72.0,81380.0,-0.017391304347826098,-0.017544309650909508,1118.2,1022.45,1069.609486448751,1040.0847179386424,70.91197711625969,29.524768510108743,11.457216315668145,24.181340374094425,1022.45,61.72304440422912,1145.8960888084582,899.0039111915418,23473.0
LICN,2013-05-23,1130.0,1147.0,1110.0,1110.0,-1.77 %,9549.0,10608181.0,-0.017699115044247815,-0.01785761740000646,1120.2,1027.95,1075.8234116104818,1045.2636277209651,64.92379644660242,30.559783889516666,15.27772983043785,25.096958918801967,1027.95,64.45763602634966,1156.8652720526993,899.0347279473008,13924.0
LICN,2013-05-27,1110.0,1221.0,1132.0,1221.0,10.00 %,280.0,336544.0,0.10000000000000009,0.09531017980432493,1144.2,1039.05,1098.1582713627154,1058.2811367786715,76.68925972655455,39.877134584043915,20.197610781159064,31.232890424601827,1039.05,77.08742473731786,1193.2248494746357,884.8751505253642,14204.0
LICN,2013-05-28,1221.0,1269.0,1244.0,1260.0,3.19 %,316.0,396104.0,0.03194103194103204,0.031441525834819094,1174.2,1052.05,1123.0569988453747,1073.2232747950661,79.31460582133373,49.83372405030855,26.124833434988965,32.43054110855884,1052.05,90.85006444976437,1233.7501288995286,870.3498711004712,14520.0
LICN,2013-06-02,1260.0,1250.0,1220.0,1235.0,-1.98 %,188.0,232590.0,-0.019841269841269882,-0.020040750883446153,1191.2,1064.3,1140.2789990230094,1085.2067359213574,73.59288807642547,55.07226310165197,31.914319368321568,32.971216743661785,1064.3,98.25857401988408,1260.8171480397682,867.7828519602318,14332.0
LICN,2013-06-03,1235.0,1220.0,1196.0,1196.0,-3.16 %,1309.0,1566044.0,-0.03157894736842104,-0.03208831455150051,1204.4,1074.7,1148.8514607117772,1093.4136443716272,65.63793779681748,55.43781634014999,36.619018762687254,33.401844119114514,1074.7,100.7341994923689,1276.168398984738,873.2316010152622,13023.0
LICN,2013-06-04,1196.0,1181.0,1173.0,1181.0,-1.25 %,312.0,367172.0,-0.012541806020066937,-0.012621118313214788,1218.6,1085.25,1153.7973898330422,1099.9015225663215,62.82509096366996,53.89586726672064,40.07438846349393,32.65885525346348,1085.25,100.23964705696638,1285.7292941139328,884.7707058860673,12711.0
LICN,2013-06-05,1181.0,1175.0,1175.0,1175.0,-0.51 %,48.0,56400.0,-0.005080440304826461,-0.005093389619103012,1209.4,1095.0,1157.059329858728,1105.464372746594,61.68635010027829,51.5949571121339,42.378502193221934,30.754651306787515,1095.0,98.93857743702935,1292.8771548740588,897.1228451259412,12663.0
LICN,2013-06-06,1175.0,1198.0,1198.0,1198.0,1.96 %,30.0,35940.0,0.019574468085106433,0.01938535209713537,1197.0,1106.6,1163.3578944958467,1112.3188636542538,64.3536286671594,51.039030841592876,44.11060792289612,30.200747642016978,1106.6,96.59050841459182,1299.7810168291835,913.4189831708163,12693.0
LICN,2013-06-09,1198.0,1175.0,1175.0,1175.0,-1.92 %,31.0,36425.0,-0.019198664440734592,-0.019385352097135357,1185.0,1117.1,1165.148987650332,1116.9619107909757,59.8653957173799,48.18707685935624,44.92590171018815,29.68640852473005,1117.1,91.67672034181527,1300.4534406836306,933.7465593163694,12662.0
LICN,2013-06-10,1175.0,1152.0,1152.0,1152.0,-1.96 %,16.0,18432.0,-0.019574468085106433,-0.01976858532242284,1176.2,1126.35,1163.1260664733577,1119.5573248064588,55.68313850663959,43.56874166689886,44.65446970153029,29.208807915820763,1126.35,84.81079561371523,1295.9715912274303,956.7284087725694,12646.0
LICN,2013-06-11,1152.0,1175.0,1175.0,1175.0,2.00 %,340.0,399500.0,0.01996527777777768,0.01976858532242269,1175.0,1136.7,1164.9528254774566,1123.66418963561,58.78402017177097,41.2886358418466,43.981302929593554,28.765321636119282,1136.7,76.71347922455745,1290.126958449115,983.2730415508852,12986.0
LICN,2013-06-12,1175.0,1185.0,1185.0,1185.0,0.85 %,405.0,479925.0,0.008510638297872353,0.008474626990972236,1177.0,1147.2,1168.0370061732326,1128.2075829959354,60.09151006188218,39.82942317729726,43.1509269791343,27.424941519253622,1147.2,67.19774432304251,1281.595488646085,1012.804511353915,13391.0
LICN,2013-06-13,1185.0,1204.0,1190.0,1200.0,1.27 %,1104.0,1320068.0,0.012658227848101333,0.012578782206860185,1177.4,1157.2,1172.954389838889,1133.5255398110512,62.03691558167127,39.428850027837825,42.406511588875006,26.82315998216408,1157.2,58.451599410827974,1274.103198821656,1040.2968011783441,14495.0
LICN,2013-06-18,1200.0,1190.0,1167.0,1170.0,-2.50 %,1412.0,1668862.0,-0.025000000000000022,-0.025317807984289897,1176.4,1163.7,1172.4998683252138,1136.2273516768994,56.14237074532411,36.27251664831442,41.1797126007629,27.264362840580933,1163.7,51.55385533594624,1266.8077106718924,1060.5922893281077,13083.0
LICN,2013-06-19,1170.0,1185.0,1175.0,1177.0,0.60 %,712.0,839570.0,0.005982905982905962,0.005965079468474893,1181.4,1170.05,1173.1921962751808,1139.247547848981,57.16509683871862,33.94464842619982,39.732699765850285,26.388336923396583,1170.05,44.09376969953284,1258.2375393990656,1081.8624606009344,13795.0
LICN,2013-06-20,1177.0,1180.0,1175.0,1180.0,0.25 %,478.0,561805.0,0.002548853016142827,0.002545610199433818,1182.4,1174.05,1174.2395506943838,1142.2662480083156,57.621207954023056,31.97330268606811,38.18082034989385,24.8605985717254,1174.05,40.919015011035185,1255.8880300220703,1092.2119699779296,14273.0
LICN,2013-06-23,1180.0,1175.0,1170.0,1170.0,-0.85 %,941.0,1103970.0,-0.008474576271186418,-0.00851068966790862,1179.4,1177.5,1173.587312126017,1144.3206000076998,55.49978343537399,29.266712118317173,36.397998703578516,23.799127245173587,1177.5,37.17313687681987,1251.8462737536397,1103.1537262463603,13332.0
LICN,2013-06-24,1170.0,1184.0,1175.0,1175.0,0.43 %,2000.0,2352650.0,0.004273504273504258,0.004264398786457518,1174.4,1180.75,1173.8046487220145,1146.5931481552775,56.36482433516719,27.21150056673696,34.560699076210206,23.099189584804044,1180.75,33.634060117678594,1248.0181202353572,1113.4818797646428,15332.0
LICN,2013-06-25,1175.0,1175.0,1175.0,1175.0,0.00 %,18.0,21150.0,0.0,0.0,1175.4,1182.0,1173.9885489186277,1148.6973594030346,56.3648243349312,25.291189515593032,32.70679716408677,21.449247471603755,1182.0,32.8873675955987,1247.7747351911974,1116.2252648088026,15332.0
LICN,2013-06-26,1175.0,1175.0,1175.0,1175.0,0.00 %,160.0,188000.0,0.0,0.0,1175.0,1184.25,1174.1441567773004,1150.6457031509578,56.36482433467706,23.498453626342553,30.86512845653793,19.9171583664892,1184.25,30.602502477646247,1245.4550049552925,1123.0449950447075,15332.0
LICN,2013-06-27,1175.0,1174.0,1162.0,1174.0,-0.09 %,209.0,243050.0,-0.0008510638297872797,-0.000851426190217624,1173.8,1187.45,1174.1219788115618,1152.3756510657017,56.09245200309162,21.74632774586007,29.04136831440236,19.423075626025685,1187.45,25.32000457303565,1238.0900091460715,1136.8099908539286,15123.0
LICN,2013-06-30,1174.0,1185.0,1175.0,1185.0,0.94 %,1304.0,1533120.0,0.009369676320272635,0.009326053181189864,1176.8,1185.65,1175.7955205328599,1154.7922695052794,58.469817929115344,21.003251027580518,27.433744857037993,18.82142736702385,1185.65,24.057551610113766,1233.7651032202277,1137.5348967797725,16427.0
LICN,2013-07-01,1185.0,1210.0,1170.0,1210.0,2.11 %,449.0,537672.0,0.021097046413502074,0.02087758502155518,1183.8,1183.15,1181.0577481431892,1158.8817310234067,63.32947855643995,22.1760171197825,26.3821993095869,20.334182555093577,1183.15,17.67625525951721,1218.5025105190346,1147.7974894809656,16876.0
LICN,2013-07-02,1210.0,1190.0,1190.0,1190.0,-1.65 %,12.0,14280.0,-0.016528925619834656,-0.016667052485211647,1186.8,1180.9,1182.4334791980832,1161.1867879846357,57.52973064106637,21.246691213447548,25.35509769035903,20.310312372586893,1180.9,12.965135434761992,1206.8302708695242,1154.969729130476,16864.0
LICN,2013-07-03,1190.0,1205.0,1176.0,1200.0,0.84 %,2080.0,2458040.0,0.008403361344537785,0.00836824967051658,1191.8,1181.1,1185.1360208599165,1164.0618407265144,59.52562716098767,21.074180133402024,24.49891417896763,20.93100434597354,1181.1,13.238301687851157,1207.5766033757022,1154.6233966242976,18944.0
LICN,2013-07-04,1200.0,1226.0,1176.0,1225.0,2.08 %,6382.0,7583704.0,0.02083333333333326,0.02061928720273561,1202.0,1183.3,1191.2689407276216,1168.5757784504763,64.07149535820705,22.693162277145348,24.137763798603178,23.007361178404004,1183.3,16.479971895723025,1216.259943791446,1150.340056208554,25326.0
LICN,2013-07-07,1225.0,1230.0,1226.0,1229.0,0.33 %,442.0,543070.0,0.0032653061224490187,0.003259986587207501,1210.8,1186.0,1197.0737190772184,1173.051646713404,64.75360791684139,24.02207236381446,24.114625511645436,21.72112109423229,1186.0,19.24085565445034,1224.4817113089007,1147.5182886910993,25768.0
LICN,2013-07-08,1229.0,1215.0,1215.0,1215.0,-1.14 %,250.0,303750.0,-0.011391375101708734,-0.011456753791386018,1211.8,1186.85,1199.831608449954,1176.1589321420406,60.42929457183747,23.672676307913434,24.026235670899034,21.169612444644272,1186.85,20.152771782708147,1227.155543565416,1146.5444564345837,25518.0
LICN,2013-07-09,1215.0,1270.0,1239.0,1270.0,4.53 %,692.0,876468.0,0.04526748971193406,0.04427282367798804,1227.8,1191.6,1210.6267456114997,1183.1101223537414,69.14649496690218,27.516623257758283,24.724313188270887,23.58606869859825,1191.6,27.18242466237891,1245.9648493247578,1137.235150675242,26210.0
LICN,2013-07-10,1270.0,1320.0,1290.0,1308.0,2.99 %,194.0,252586.0,0.029921259842519587,0.02948235256450696,1249.4,1199.4,1225.6072462866537,1192.3612244016124,73.4915317837011,33.24602188504127,26.42865492762497,25.4727780772698,1199.4,36.130465348724144,1271.6609306974483,1127.139069302552,26404.0
LICN,2013-07-11,1308.0,1300.0,1300.0,1300.0,-0.61 %,40.0,52000.0,-0.006116207951070374,-0.006134988567515944,1264.4,1205.65,1237.0522853194761,1200.33446703853,71.21765110143417,36.717818280946176,28.486487598289212,24.22472250032196,1205.65,42.01913724407474,1289.6882744881495,1121.6117255118506,26364.0
LICN,2013-07-14,1300.0,1350.0,1301.0,1301.0,0.08 %,2162.0,2867856.0,0.0007692307692308553,0.0007689350628772567,1278.8,1211.45,1246.890395270326,1207.7911731838242,71.33703511615182,39.09922208650187,30.609034495931745,26.065813750298965,1211.45,46.75746492609837,1304.9649298521967,1117.9350701478033,28526.0
LICN,2013-07-15,1301.0,1335.0,1275.0,1320.0,1.46 %,551.0,727021.0,0.01460415065334364,0.01449853706791132,1299.8,1217.45,1258.1380267671989,1216.1029381331707,73.57937441353442,42.03508863402817,32.89424532355103,28.489684196706182,1217.45,52.55120310105119,1322.5524062021025,1112.3475937978976,29077.0
LICN,2013-07-16,1320.0,1330.0,1310.0,1330.0,0.76 %,999.0,1315459.0,0.007575757575757569,0.007547205635382904,1311.8,1225.45,1269.1937149568605,1224.5397575307136,74.70116507443143,44.65395742614692,35.24618774407021,27.88327818265574,1225.45,56.94269973079137,1339.3353994615827,1111.5646005384174,30076.0
LICN,2013-07-17,1330.0,1340.0,1330.0,1340.0,0.75 %,214.0,285530.0,0.007518796992481258,0.007490671729157659,1318.2,1233.6,1280.086989578882,1233.0923680839942,75.80737219797496,46.994621494887724,37.59587449423372,26.605901169608902,1233.6,61.15244110116162,1355.904882202323,1111.2951177976768,30290.0
LICN,2013-07-18,1340.0,1366.0,1365.0,1366.0,1.94 %,531.0,725315.0,0.0194029850746269,0.01921714718577835,1331.4,1242.9,1293.3043757975154,1242.9373778555503,78.4462365868603,50.36699794196511,40.15009918378,26.56262251463684,1242.9,66.48300138895388,1375.8660027779079,1109.9339972220923,30821.0
LICN,2013-07-21,1366.0,1418.0,1380.0,1418.0,3.81 %,736.0,1025560.0,0.038067349926793614,0.03736066696133749,1354.8,1255.3,1312.488317982513,1255.9049794958798,82.5466489287287,56.58333848663324,43.43674704435065,28.37957804930564,1255.3,74.78045058351199,1404.860901167024,1105.739098832976,31557.0
LICN,2013-07-22,1418.0,1390.0,1390.0,1390.0,-1.97 %,810.0,1125900.0,-0.019746121297602226,-0.019943680967335335,1368.8,1266.05,1324.4131921390494,1265.8379439776666,74.34509555248431,58.57524816138289,46.46444726775711,28.352465331498095,1266.05,78.01313991885827,1422.0762798377166,1110.0237201622833,30747.0
LICN,2013-07-23,1390.0,1435.0,1390.0,1435.0,3.24 %,552.0,787550.0,0.03237410071942448,0.031861102068984064,1389.8,1279.05,1341.4265471945803,1278.3684666459876,78.1094647777439,63.05808054859267,49.783173923924224,29.541574950676804,1279.05,83.51140798212667,1446.0728159642533,1112.0271840357466,31299.0
LICN,2013-07-24,1435.0,1458.0,1430.0,1430.0,-0.35 %,328.0,470320.0,-0.0034843205574912606,-0.003490404939768491,1407.8,1291.8,1355.053232241568,1289.600432079618,76.76171686913719,65.45280016194988,52.91709917152936,29.43146245419989,1291.8,86.21185655422107,1464.223713108442,1119.3762868915578,30971.0
LICN,2013-07-25,1430.0,1484.0,1455.0,1475.0,3.15 %,342.0,499542.0,0.03146853146853146,0.030983545519967227,1429.6,1306.85,1373.5065811274806,1303.3337334070538,80.09120303613483,70.17284772042672,56.36824888130883,31.186357993185617,1306.85,90.72008713909804,1488.290174278196,1125.4098257218038,31313.0
LICN,2013-07-28,1475.0,1570.0,1475.0,1570.0,6.44 %,697.0,1074938.0,0.06440677966101704,0.06241762956843363,1460.0,1326.1,1403.7363378770988,1323.0867901917165,84.98286158714228,80.64954768538223,61.22450864212351,35.74447527938665,1326.1,103.45652532140306,1533.013050642806,1119.1869493571937,32010.0
LICN,2013-07-29,1570.0,1590.0,1541.0,1590.0,1.27 %,612.0,958447.0,0.01273885350318471,0.012658396871923465,1500.0,1345.1,1432.3922858960068,1342.8581390664042,85.77526506539182,89.5341468296026,66.88643627961933,36.691298473716174,1345.1,115.23563958939984,1575.5712791787996,1114.6287208212002,32622.0
LICN,2013-07-30,1590.0,1620.0,1560.0,1620.0,1.89 %,584.0,944058.0,0.018867924528301883,0.018692133012152546,1537.0,1366.6,1461.255011142775,1363.387165802226,86.8925248695432,97.86784534054891,73.08271809180525,38.35620572559359,1366.6,124.51480571443824,1615.6296114288764,1117.5703885711234,33206.0
LICN,2013-07-31,1620.0,1615.0,1588.0,1610.0,-0.62 %,1043.0,1671918.0,-0.006172839506172867,-0.006191970247921107,1573.0,1387.1,1484.138855582348,1381.6547831502094,84.50976479914155,102.48407243213865,78.96298895987192,37.902191030908334,1387.1,129.30132087084934,1645.7026417416987,1128.4973582583011,32163.0
LICN,2013-08-01,1610.0,1605.0,1591.0,1605.0,-0.31 %,516.0,826956.0,-0.0031055900621117516,-0.003110422414392391,1599.0,1406.1,1502.7328778004483,1398.198873287231,83.28008024056773,104.53400451321727,84.077192070541,36.552034528700595,1406.1,132.11673466652996,1670.3334693330598,1141.86653066694,31647.0
LICN,2013-08-04,1605.0,1636.0,1600.0,1610.0,0.31 %,1168.0,1884254.0,0.0031152647975076775,0.00311042241439233,1607.0,1425.15,1519.2355119849947,1413.887845636325,83.53804063639203,105.34766634866969,88.33128692616674,36.512603490936264,1425.15,132.70357747130657,1690.5571549426131,1159.742845057387,32815.0
LICN,2013-08-05,1610.0,1595.0,1580.0,1580.0,-1.86 %,336.0,531424.0,-0.018633540372670843,-0.018809331957496227,1605.0,1443.4,1528.583894756534,1426.1924496632637,75.96503115960644,102.39144509327025,91.14331855958744,36.047417527297966,1443.4,127.26863424723585,1697.9372684944717,1188.8627315055285,32479.0
LICN,2013-08-06,1580.0,1611.0,1590.0,1596.0,1.01 %,1396.0,2233640.0,0.010126582278481067,0.01007565198874164,1600.2,1459.7,1538.9556032555288,1438.770786725244,77.15453963498841,100.1848165302847,92.9516181537269,35.686887703919545,1459.7,124.74272471138268,1709.1854494227655,1210.2145505772346,33875.0
LICN,2013-08-07,1596.0,1620.0,1590.0,1610.0,0.88 %,946.0,1515160.0,0.00877192982456143,0.008733679968754631,1600.2,1474.8,1549.8855104469858,1451.4544321530038,78.17247725105045,98.43107829398195,94.04751018177791,35.28068143935387,1474.8,123.68704140096901,1722.1740828019379,1227.425917198062,34821.0
LICN,2013-08-08,1610.0,1620.0,1600.0,1600.0,-0.62 %,825.0,1321000.0,-0.006211180124223614,-0.006230549750636086,1599.2,1489.8,1557.5954319166804,1462.4578075490776,75.58190487531064,95.13762436760271,94.26553301894288,34.18920419368574,1489.8,119.49261153111092,1728.7852230622218,1250.814776937778,33996.0
LICN,2013-08-11,1600.0,1664.0,1625.0,1664.0,4.00 %,816.0,1330740.0,0.040000000000000036,0.03922071315328133,1610.0,1507.95,1573.9653654679603,1477.3868588417386,80.12212124310575,96.57850662622172,94.72812774039865,36.31854675127962,1507.95,116.84514042998914,1741.6402808599782,1274.2597191400218,34812.0
LICN,2013-08-12,1664.0,1640.0,1640.0,1640.0,-1.44 %,500.0,820000.0,-0.014423076923076872,-0.014528100562909744,1622.0,1523.95,1584.124540011351,1489.4322767053136,74.5259830176698,94.69226330603738,94.7209548535264,35.43865055475965,1523.95,111.54299383503562,1747.0359876700713,1300.8640123299288,34312.0
LICN,2013-08-13,1640.0,1649.0,1640.0,1644.0,0.24 %,535.0,879234.0,0.0024390243902439046,0.002436054797881121,1631.6,1539.65,1593.336149240374,1500.8817376901052,74.84137907385403,92.45441155026879,94.26764619287488,33.550175515133965,1539.65,104.69518412489617,1749.0403682497924,1330.2596317502077,34847.0
LICN,2013-08-14,1644.0,1625.0,1625.0,1625.0,-1.16 %,100.0,162500.0,-0.011557177615571734,-0.011624480852287324,1634.6,1553.9,1598.207510895701,1510.0756830463938,70.38369601672262,88.13182784930723,93.04048252416135,32.510877264052965,1553.9,95.0412098983692,1743.9824197967384,1363.8175802032617,34747.0
LICN,2013-08-15,1625.0,1630.0,1570.0,1570.0,-3.38 %,2024.0,3247680.0,-0.03384615384615386,-0.03443219642148413,1628.6,1564.1,1593.867893834824,1514.5145213392536,59.36154466060452,79.35337249557028,90.30306051844315,34.474386030906324,1564.1,84.13516693861106,1732.370333877222,1395.8296661227778,32723.0
LICN,2013-08-18,1570.0,1690.0,1601.0,1690.0,7.64 %,2237.0,3726356.0,0.07643312101910826,0.0736529095747654,1633.8,1577.7,1608.6574486294664,1527.5134456844942,70.29260169929975,81.14400294497227,88.47124900374898,40.58335845727016,1577.7,81.20869800444649,1740.1173960088931,1415.282603991107,34960.0
LICN,2013-08-19,1690.0,1698.0,1640.0,1660.0,-1.78 %,6112.0,10045230.0,-0.017751479289940808,-0.01791092656653022,1637.8,1591.2,1616.5563026864718,1537.3272645226798,65.54586686073762,79.22903816379198,86.62280683575759,41.82740428175086,1591.2,70.03728330418012,1731.2745666083604,1451.1254333916397,28848.0
LICN,2013-08-20,1660.0,1669.0,1601.0,1669.0,0.54 %,2366.0,3870286.0,0.005421686746987842,0.00540704231124605,1642.8,1602.9,1624.62456381163,1547.0808004839628,66.28149710397267,77.5437633276672,84.8069981341395,43.69687540448294,1602.9,61.6081846920603,1726.1163693841206,1479.6836306158796,31214.0
LICN,2013-08-25,1669.0,1670.0,1610.0,1655.0,-0.84 %,3303.0,5435245.0,-0.008388256440982622,-0.008423635850671799,1648.8,1614.15,1629.2977078406102,1555.0748152629285,63.9926409921319,74.2228925776817,82.69017702284795,44.861384304162726,1614.15,47.24212549251978,1708.6342509850397,1519.6657490149605,27911.0
LICN,2013-08-26,1655.0,1320.0,1310.0,1310.0,-20.85 %,236.0,310696.0,-0.20845921450151061,-0.2337738716159661,1596.8,1605.9,1580.1749835574392,1536.9211252434523,33.391491394882024,43.25385831398694,74.80291328107575,66.29985685386539,1605.9,77.52344297388171,1760.9468859477636,1450.8531140522366,27675.0
LICN,2013-08-27,1310.0,1310.0,1310.0,1310.0,0.00 %,50.0,65500.0,0.0,0.0,1520.8,1592.9,1538.6096014716795,1520.1121530031965,33.39149139483219,18.49744846848307,63.541820318557214,61.56415279287501,1592.9,101.84503191768458,1796.5900638353692,1389.209936164631,27675.0
LICN,2013-08-29,1310.0,1306.0,1306.0,1306.0,-0.31 %,186.0,242916.0,-0.003053435114503844,-0.0030581063588208846,1450.0,1578.7,1502.8235089375748,1504.2519935214782,33.178152436964595,-1.428484583903355,50.5477593380651,57.45242759338394,1578.7,120.38232953036058,1819.4646590607213,1337.9353409392788,27489.0
LICN,2013-09-01,1306.0,1350.0,1316.0,1350.0,3.37 %,256.0,343096.0,0.03369065849923425,0.03313556159609871,1386.2,1565.2,1479.3121998702557,1492.8259199272945,37.87974459739383,-13.513720057038881,37.73546345904431,56.49153990814223,1565.2,130.24252680853567,1825.6850536170714,1304.7149463829287,27745.0
LICN,2013-09-02,1350.0,1485.0,1375.0,1485.0,10.00 %,532.0,760560.0,0.10000000000000009,0.09531017980432493,1352.2,1558.95,1480.1872460440625,1492.2462221549024,49.59749780314863,-12.058976110839922,27.776575545067466,62.099287057560645,1558.95,130.97668534995694,1820.903370699914,1296.9966293000862,28277.0
LICN,2013-09-03,1485.0,1514.0,1510.0,1514.0,1.95 %,130.0,196756.0,0.019528619528619506,0.01934038276059407,1393.0,1554.4,1485.3892081911297,1493.857613106391,51.704972851773256,-8.468404915261317,20.52757945300171,59.735052267734886,1554.4,130.87334174286926,1816.1466834857385,1292.6533165142616,28407.0
LICN,2013-09-04,1514.0,1500.0,1500.0,1500.0,-0.92 %,12.0,18000.0,-0.009247027741083214,-0.009290046907092642,1431.0,1548.9,1487.6370223155711,1494.3126047281398,50.60490944682265,-6.675582412568701,15.08694707988763,56.46826282003954,1548.9,130.72506303407027,1810.3501260681405,1287.4498739318597,28395.0
LICN,2013-09-05,1500.0,1500.0,1500.0,1500.0,0.00 %,16.0,24000.0,0.0,0.0,1469.8,1544.9,1489.5390188824063,1494.733893266796,50.604909446739825,-5.194874384389777,11.030582787032149,52.434815475751,1544.9,130.94711668616284,1806.7942333723258,1283.0057666276743,28395.0
LICN,2013-09-08,1500.0,1500.0,1500.0,1500.0,0.00 %,16.0,24000.0,0.0,0.0,1499.8,1540.1,1491.1484005928053,1495.1239752470333,50.60490944665063,-3.975574654228012,8.029351298780115,48.68947151319736,1540.1,130.73472538331632,1801.5694507666326,1278.6305492333672,28395.0
LICN,2013-09-09,1500.0,1510.0,1510.0,1510.0,0.67 %,36.0,54360.0,0.006666666666666599,0.006644542718668511,1504.8,1535.1,1494.0486466554507,1496.2259030065125,51.52499722112201,-2.1772563510617147,5.98802976881175,45.925937833683264,1535.1,129.82980762277566,1794.7596152455512,1275.4403847544486,28431.0
LICN,2013-09-11,1510.0,1500.0,1480.0,1500.0,-0.66 %,850.0,1259370.0,-0.0066225165562914245,-0.006644542718668613,1502.0,1530.1,1494.964239477689,1496.5054657467708,50.511733643184876,-1.5412262690817897,4.4821785612330425,44.78837084556304,1530.1,129.12250405188905,1788.3450081037781,1271.8549918962217,27581.0
LICN,2013-09-12,1500.0,1470.0,1470.0,1470.0,-2.00 %,50.0,73500.0,-0.020000000000000018,-0.020202707317519466,1496.0,1520.4,1491.1235872503523,1494.5420979136768,47.49420751941254,-3.4185106633244686,2.9020407163215403,43.73205864230854,1520.4,125.77774884796477,1771.9554976959296,1268.8445023040706,27531.0
LICN,2013-09-16,1470.0,1465.0,1455.0,1465.0,-0.34 %,48.0,70160.0,-0.003401360544217691,-0.003407158321614309,1489.0,1511.65,1487.1045738272212,1492.3537943645156,46.99035788254284,-5.249220537294377,1.271788465598357,41.6797687392865,1511.65,123.07775676589527,1757.8055135317907,1265.4944864682095,27483.0
LICN,2013-09-17,1465.0,1468.0,1440.0,1468.0,0.20 %,148.0,214368.0,0.0020477815699657675,0.0020456877232931073,1482.6,1502.85,1484.1654086230333,1490.5498095967737,47.351255699810416,-6.384400973740412,-0.25944942226939705,40.70264240076604,1502.85,119.35232011062062,1741.5546402212412,1264.1453597787586,27631.0
LICN,2013-09-19,1468.0,1480.0,1439.0,1480.0,0.82 %,794.0,1147030.0,0.008174386920980936,0.008141157583699866,1476.6,1495.6,1483.5245765271818,1489.768342219235,48.85131534530194,-6.243765692053103,-1.4563126762261382,40.72388222928275,1495.6,115.89577895223778,1727.3915579044756,1263.8084420955242,28425.0
LICN,2013-09-23,1480.0,1460.0,1460.0,1460.0,-1.35 %,128.0,186880.0,-0.013513513513513487,-0.013605652055778598,1468.6,1490.1,1479.9054109076155,1487.5632798326249,46.47463939222372,-7.657868925009325,-2.6966239259827756,39.24360492719113,1490.1,114.78396183585687,1719.6679236717137,1260.5320763282862,28297.0
LICN,2013-09-25,1460.0,1450.0,1450.0,1450.0,-0.68 %,44.0,63800.0,-0.006849315068493178,-0.006872879287762064,1464.6,1478.1,1475.30457846029,1484.780814659838,45.2882322112789,-9.476236199547884,-4.052546380695798,37.15477600382034,1478.1,104.90592276691326,1687.9118455338264,1268.2881544661734,28253.0
LICN,2013-09-26,1450.0,1422.0,1400.0,1400.0,-3.45 %,66.0,92752.0,-0.03448275862068961,-0.03509131981127006,1451.6,1465.1,1463.7192586971685,1478.5007543146648,39.8152739737132,-14.781495617496375,-6.198336228055914,38.07229200354745,1465.1,96.98936458243197,1659.078729164864,1271.1212708351359,28187.0
LICN,2013-09-29,1400.0,1391.0,1391.0,1391.0,-0.64 %,32.0,44512.0,-0.00642857142857145,-0.006449323679907095,1436.2,1451.2,1452.5316804360657,1472.019216958023,38.90391953665215,-19.48753652195728,-8.856176286836188,35.99569971757978,1451.2,85.46565946254138,1622.1313189250827,1280.2686810749174,28155.0
LICN,2013-09-30,1391.0,1391.0,1385.0,1391.0,0.00 %,128.0,177376.0,0.0,0.0,1418.4,1438.0,1443.0652680612864,1466.017793479651,38.903919536545594,-22.95252541836453,-11.675446113141856,33.85314973775266,1438.0,71.59388389049029,1581.1877677809805,1294.8122322190195,28155.0
LICN,2013-10-01,1391.0,1395.0,1395.0,1395.0,0.29 %,50.0,69750.0,0.0028756290438534116,0.0028715023320231626,1405.4,1442.25,1435.6706114364729,1460.7572161848618,39.616352159541556,-25.086604748388936,-14.357677840191272,31.720781899341755,1442.25,65.89135795102618,1574.0327159020524,1310.4672840979476,28205.0
LICN,2013-10-03,1395.0,1381.0,1380.0,1380.0,-1.08 %,36.0,49696.0,-0.010752688172043001,-0.010810916104215617,1391.4,1445.75,1427.1059019847078,1454.7752001711683,37.83464602702215,-27.669298186460537,-17.020001909445124,30.52644033510306,1445.75,60.10155878527384,1565.9531175705476,1325.5468824294524,28169.0
LICN,2013-10-08,1380.0,1400.0,1395.0,1400.0,1.45 %,20.0,27950.0,0.01449275362318847,0.01438873745209967,1391.4,1450.45,1422.9357632178296,1450.7177779362669,41.60564061852347,-27.782014718437267,-19.172404471243553,29.774551739738556,1450.45,51.683729497159035,1553.817458994318,1347.082541005682,28189.0
LICN,2013-10-10,1400.0,1375.0,1375.0,1375.0,-1.79 %,48.0,66000.0,-0.017857142857142905,-0.018018505502678365,1388.2,1451.7,1415.5610304150864,1445.1090536446914,38.46466778025577,-29.54802322960495,-21.247528222915832,29.43351232975723,1451.7,49.37728009390904,1550.454560187818,1352.945439812182,28141.0
LICN,2013-10-21,1375.0,1402.0,1402.0,1402.0,1.96 %,16.0,22432.0,0.019636363636363674,0.01944605749386377,1390.4,1447.55,1413.4747180435345,1441.9157904117515,43.431663796270705,-28.441072368216965,-22.686237051976057,29.259690020488858,1447.55,49.91621928158313,1547.3824385631663,1347.7175614368336,28157.0
LICN,2013-10-22,1402.0,1400.0,1400.0,1400.0,-0.14 %,16.0,22400.0,-0.0014265335235378318,-0.001427551991185446,1391.4,1441.85,1411.4016844983755,1438.810917047918,43.15379538679829,-27.409232549542594,-23.630836151489365,27.312569304739654,1441.85,48.41517269789607,1538.680345395792,1345.0196546042077,28141.0
LICN,2013-10-24,1400.0,1391.0,1391.0,1391.0,-0.64 %,10.0,13910.0,-0.00642857142857145,-0.006449323679907095,1393.6,1436.4,1408.2629638063177,1435.269367636961,41.856053904830965,-27.00640383064342,-24.30594968732018,26.004528640115392,1436.4,47.65379534229151,1531.707590684583,1341.0924093154172,28131.0
LICN,2013-10-27,1391.0,1400.0,1373.0,1373.0,-1.29 %,40.0,55190.0,-0.012940330697340019,-0.013024786155471835,1388.2,1430.05,1402.8378924514996,1430.656821886075,39.30989363776031,-27.818929434575466,-25.008545636771238,26.075633737250005,1430.05,47.19218824739585,1524.4343764947916,1335.6656235052083,28091.0
LICN,2013-10-29,1373.0,1372.0,1346.0,1372.0,-0.07 %,428.0,577128.0,-0.0007283321194464509,-0.0007285974821404986,1387.6,1423.65,1398.093601305115,1426.3118721167361,39.16734477245924,-28.218270811621096,-25.65049067174121,26.141659898875005,1423.65,45.86740041741349,1515.384800834827,1331.9151991651731,27663.0
LICN,2013-10-30,1372.0,1399.0,1399.0,1399.0,1.97 %,388.0,542812.0,0.019679300291545188,0.01948816637965064,1387.0,1418.1,1398.2330472581743,1424.2887704784594,44.96979560207433,-26.055723220285017,-25.731537181449973,26.202969906098218,1418.1,41.36347231681579,1500.8269446336315,1335.3730553663684,28051.0
LICN,2013-10-31,1399.0,1453.0,1373.0,1453.0,3.86 %,72.0,101216.0,0.03859899928520383,0.03787268890480183,1397.6,1415.75,1406.6587322953783,1426.4155282207957,54.348528290145616,-19.756795925417464,-24.53658893024347,30.04561491280549,1415.75,37.63239785636546,1491.014795712731,1340.485204287269,28123.0
LICN,2013-11-06,1453.0,1454.0,1453.0,1454.0,0.07 %,416.0,604464.0,0.0006882312456986117,0.0006879945231818285,1410.2,1414.95,1413.9420042499353,1428.4588224266627,54.50316590135019,-14.516818176727384,-22.532634779540256,27.970928133319386,1414.95,36.573609985440996,1488.097219970882,1341.8027800291181,28539.0
LICN,2013-11-07,1454.0,1512.0,1483.0,1512.0,3.99 %,32.0,47920.0,0.03988995873452539,0.03911489864601358,1438.0,1417.3,1429.0278497499453,1434.6470578024655,62.4483211067223,-5.619208052520207,-19.149949434136246,30.11586183808229,1417.3,41.17881417477718,1499.6576283495542,1334.9423716504457,28571.0
LICN,2013-11-10,1512.0,1663.0,1542.0,1631.0,7.87 %,475.0,783867.0,0.07870370370370372,0.07576004588153558,1489.8,1425.45,1460.1004882499537,1449.191720187468,72.9036144535082,10.908768062485706,-13.138205934811856,38.750443135362126,1425.45,62.4023236746735,1550.2546473493471,1300.645352650653,29046.0
LICN,2013-11-11,1631.0,1729.0,1663.0,1729.0,6.01 %,460.0,784040.0,0.06008583690987135,0.05834988306227673,1555.8,1437.9,1501.469643903807,1469.9182594328408,78.2694898503445,31.55138447096624,-4.200287853656238,42.98255433997912,1437.9,91.78172045960471,1621.4634409192095,1254.3365590807907,29506.0
LICN,2013-11-13,1729.0,1763.0,1740.0,1763.0,1.97 %,282.0,490910.0,0.019664545980335513,0.019473696714579783,1617.8,1453.05,1541.7050833032215,1491.6280179933713,79.76654176923019,50.07706530985024,6.6551827790450595,42.3409433156949,1453.05,117.12902242713176,1687.3080448542635,1218.7919551457364,29788.0
LICN,2013-11-14,1763.0,1798.0,1750.0,1750.0,-0.74 %,183.0,327238.0,-0.007373794668179223,-0.007401115480310473,1677.0,1468.05,1573.750455102726,1510.7666833271956,77.56620772715002,62.983771775530386,17.920900578342128,42.745161650288125,1468.05,134.62129142621475,1737.2925828524294,1198.8074171475705,29605.0
LICN,2013-11-24,1750.0,1820.0,1785.0,1820.0,4.00 %,42.0,76090.0,0.040000000000000036,0.03922071315328133,1738.6,1489.05,1611.6350004715373,1533.6728549325885,80.6598313906119,77.96214553894879,29.929149570463462,44.69193581812469,1489.05,154.70735531794327,1798.4647106358866,1179.6352893641133,29647.0
LICN,2013-11-25,1820.0,1856.0,1856.0,1856.0,1.98 %,16.0,29696.0,0.01978021978021971,0.01958713327530478,1783.6,1512.3,1649.2296157836086,1557.5489397523968,82.03213559077307,91.68067603121176,42.27945486261312,44.071083259687214,1512.3,173.05006881185605,1858.400137623712,1166.199862376288,29663.0
LICN,2013-11-26,1856.0,1870.0,1819.0,1870.0,0.75 %,197.0,363719.0,0.007543103448275801,0.007514796502486364,1811.8,1536.25,1683.194290278438,1580.6934627337007,82.55067177402196,102.50082754473738,54.32372939903797,44.566005883995274,1536.25,187.88907001626671,1912.0281400325334,1160.4718599674666,29860.0
LICN,2013-11-27,1870.0,1888.0,1850.0,1888.0,0.96 %,3312.0,6148494.0,0.009625668449197766,0.009579636856813595,1836.8,1560.9,1714.7028610048324,1603.4569099386117,83.22113407267281,111.24595106622064,65.7081737324745,44.0970054637099,1560.9,200.31131034624624,1961.5226206924926,1160.2773793075075,33172.0
LICN,2013-11-28,1888.0,2076.0,1925.0,2076.0,9.96 %,1748.0,3525755.0,0.09957627118644075,0.09492489758033332,1902.0,1595.7,1770.2870362348583,1638.4601017950108,88.28439572821146,131.8269344398475,78.9319258739491,54.37579078773062,1595.7,226.03565158946108,2047.7713031789222,1143.628696821078,34920.0
LICN,2013-12-01,2076.0,2150.0,2117.0,2150.0,3.56 %,1032.0,2201660.0,0.035645472061657024,0.03502487683592922,1968.0,1633.2,1828.7044152756494,1676.3519461064916,89.61305643918443,152.35246916915776,93.61603453299084,55.77752001717844,1633.2,252.5215154981298,2138.2430309962597,1128.1569690037404,35952.0
LICN,2013-12-02,2150.0,2235.0,2160.0,2235.0,3.95 %,576.0,1260170.0,0.03953488372093017,0.03877338592596066,2043.8,1676.2,1891.2114283101648,1717.7332834319368,90.89094920712293,173.47814487822802,109.58845660203828,57.86484001595141,1676.2,278.16042323204437,2232.5208464640887,1119.8791535359114,36528.0
LICN,2013-12-03,2235.0,2191.0,2191.0,2191.0,-1.97 %,20.0,43820.0,-0.01968680089485464,-0.01988316745220274,2108.0,1715.65,1937.3327470316779,1752.7900772517933,85.05734579277049,184.5426697798846,124.57929923760754,56.874494300526315,1715.65,292.7904361035084,2301.230872207017,1130.0691277929832,36508.0
LICN,2013-12-04,2191.0,2148.0,2106.0,2106.0,-3.88 %,181.0,384588.0,-0.0387950707439525,-0.039567646901545676,2151.6,1750.95,1963.2815551806505,1778.9537752331419,75.03781520384435,184.3277799475086,136.52899537958777,58.88345899334586,1750.95,295.27996973434244,2341.509939468685,1160.3900605313152,36327.0
LICN,2013-12-05,2106.0,2100.0,2000.0,2000.0,-5.03 %,936.0,1910203.0,-0.05033238366571702,-0.05164323315183847,2136.4,1781.4,1968.9305466913197,1795.3275696603164,64.78829118814903,173.60297703100332,143.94379170987088,62.24892620810687,1781.4,287.5058626404511,2356.4117252809024,1206.3882747190978,35391.0
LICN,2013-12-08,2000.0,2000.0,1930.0,1930.0,-3.50 %,2607.0,5140400.0,-0.03500000000000003,-0.03562717764315116,2092.4,1809.25,1962.941231815732,1805.3033052410337,59.051954290153404,157.6379265746982,146.68261868283633,62.80257433609924,1809.25,272.44620425053574,2354.1424085010713,1264.3575914989285,32784.0
LICN,2013-12-09,1930.0,1950.0,1900.0,1911.0,-0.98 %,2776.0,5328101.0,-0.00984455958549224,-0.009893337658658212,2027.6,1836.2,1954.9502730748502,1813.132690037994,57.56219629520931,141.81758303685615,145.70961155364031,61.88810474066358,1836.2,252.87309069965966,2341.9461813993194,1330.4538186006807,30008.0
LICN,2013-12-10,1911.0,1975.0,1900.0,1951.0,2.09 %,1532.0,3000640.0,0.020931449502878063,0.02071539638283816,1979.6,1863.8,1954.3425387556424,1823.345083368513,59.85818390721845,130.99745538712932,142.76718032033813,62.824668687759036,1863.8,231.89734571005047,2327.594691420101,1400.005308579899,31540.0
LICN,2013-12-11,1951.0,2010.0,1950.0,1995.0,2.26 %,1248.0,2465801.0,0.022552537160430486,0.02230198870085256,1957.4,1890.9,1960.5975327932358,1836.060262378253,62.27593973794309,124.53727041498291,139.1211983392671,62.62290663863339,1890.9,212.1965077345408,2315.2930154690816,1466.5069845309185,32788.0
LICN,2013-12-12,1995.0,2050.0,2000.0,2000.0,0.25 %,624.0,1257430.0,0.0025062656641603454,0.0025031302181184748,1957.4,1918.2,1966.6594508250455,1848.2039466465303,62.55196350891817,118.45550417851518,134.9880595071167,62.078413307302434,1918.2,186.60896351235664,2291.417927024713,1544.9820729752869,33412.0
LICN,2013-12-15,2000.0,2040.0,1980.0,1980.0,-1.00 %,3450.0,6846700.0,-0.010000000000000009,-0.01005033585350145,1967.4,1941.6,1968.7118430058076,1857.966617265306,60.64063016847035,110.74522574050161,130.1394927537937,61.92995521392369,1941.6,160.5098455743881,2262.619691148776,1620.5803088512237,29962.0
LICN,2013-12-16,1980.0,2050.0,2019.0,2050.0,3.54 %,1500.0,3036500.0,0.03535353535353525,0.03474294844387284,1995.2,1962.55,1981.2177133126065,1872.191312282691,64.70557224342924,109.02640102991563,125.91687440901808,62.50638698435772,1962.55,144.36885325260357,2251.287706505207,1673.8122934947928,31462.0
LICN,2013-12-18,2050.0,2120.0,2050.0,2070.0,0.98 %,486.0,1013024.0,0.009756097560975618,0.009708814126960903,2019.0,1979.6,1994.8765266491287,1886.8438076691582,65.7926055703326,108.03271897997047,122.34004332320856,63.0416450569036,1979.6,135.1784006415155,2249.956801283031,1709.243198716969,31948.0
LICN,2013-12-19,2070.0,2072.0,1990.0,2071.0,0.05 %,1873.0,3788425.0,0.0004830917874396601,0.0004829751361694493,2034.2,1995.0,2006.5878302415704,1900.4850071010724,65.84924146372256,106.102823140498,119.09259928666646,64.39581326712477,1995.0,126.46738710038281,2247.934774200766,1742.0652257992344,33821.0
LICN,2013-12-22,2071.0,2278.0,2100.0,2278.0,10.00 %,1855.0,4185454.0,0.09995171414775461,0.0952662826115432,2089.8,2021.4,2048.343548665944,1928.449080649141,75.05578530738703,119.8944680168031,119.25297303269379,74.58182660518727,2021.4,127.73549974355169,2276.8709994871033,1765.9290005128967,35676.0
LICN,2013-12-23,2278.0,2505.0,2320.0,2505.0,9.96 %,1096.0,2653628.0,0.09964881474978049,0.0949908695118377,2194.8,2055.65,2118.598387332722,1971.1565561566122,81.07954925464784,147.44183117610964,124.89074466137697,85.46883899053104,2055.65,158.9201305522207,2373.4902611044417,1737.8097388955587,36772.0
LICN,2013-12-24,2505.0,2550.0,2420.0,2460.0,-1.80 %,1469.0,3652324.0,-0.017964071856287456,-0.018127384592556715,2276.8,2085.85,2171.121712358457,2007.3671816264928,77.10444203054881,163.75453073196422,132.66350187549443,88.64963620549312,2085.85,175.50746722755022,2436.8649344551004,1734.8350655448994,35303.0
LICN,2013-12-26,2460.0,2460.0,2450.0,2460.0,0.00 %,288.0,706861.0,0.0,0.0,2354.8,2115.35,2215.5645258417712,2040.8955385430488,77.10444203045836,174.6689872987224,141.06459896014002,83.0318050479579,2115.35,186.55414763547347,2488.458295270947,1742.241704729053,35303.0
LICN,2013-12-29,2460.0,2420.0,2372.0,2400.0,-2.44 %,210.0,504672.0,-0.024390243902439046,-0.02469261259037152,2420.6,2140.95,2243.9392141738062,2067.4958690213416,71.6708365869867,176.44334515246464,148.14034819860495,83.38667611596092,2140.95,188.8297687838054,2518.6095375676105,1763.290462432389,35093.0
LICN,2013-12-31,2400.0,2490.0,2420.0,2490.0,3.75 %,310.0,767144.0,0.03750000000000009,0.0368139731227164,2463.0,2161.65,2281.7947196855284,2098.792471316057,74.56615698102233,183.00224836947154,155.11272823277827,83.8590563933923,2161.65,203.46014093027284,2568.570281860546,1754.7297181394545,35403.0
LICN,2014-01-01,2490.0,2460.0,2375.0,2375.0,-4.62 %,564.0,1364530.0,-0.04618473895582331,-0.047285272990011736,2437.0,2172.9,2296.1339935800625,2119.252288255608,65.3723201259102,176.8817053244543,159.46652365111348,86.08340950814998,2172.9,208.92907383783356,2590.7581476756673,1755.041852324333,34839.0
LICN,2014-01-02,2375.0,2400.0,2311.0,2400.0,1.05 %,999.0,2384465.0,0.010526315789473717,0.010471299867295437,2425.0,2181.15,2312.11337918313,2140.048415051489,66.34382860290467,172.06496413164086,161.98621174721896,86.29173740042499,2181.15,214.6885810705901,2610.5271621411803,1751.77283785882,35838.0
LICN,2014-01-05,2400.0,2490.0,2400.0,2490.0,3.75 %,3107.0,7651192.0,0.03750000000000009,0.0368139731227164,2431.0,2196.1,2339.4805516164943,2165.9707546773047,69.64549740044887,173.50979693918953,164.2909287856131,86.55661330039464,2196.1,225.54656422028918,2647.193128440578,1745.0068715594216,38945.0
LICN,2014-01-06,2490.0,2495.0,2470.0,2490.0,0.00 %,1273.0,3158077.0,0.0,0.0,2449.0,2215.3,2362.6373898293414,2189.9729209975044,69.64549740036713,172.66446883183698,165.9656367948579,82.15971235036646,2215.3,233.67095623862153,2682.6419124772433,1747.958087522757,38945.0
LICN,2014-01-07,2490.0,2575.0,2320.0,2575.0,3.41 %,4876.0,11674254.0,0.034136546184738936,0.0335668236390832,2466.0,2244.05,2395.3085606248274,2218.49344536806,72.59068375386428,176.8151152567675,168.13553248723983,94.50544718248314,2244.05,241.04366824291012,2726.1373364858205,1761.96266351418,43821.0
LICN,2014-01-08,2575.0,2760.0,2626.0,2630.0,2.14 %,3915.0,10512446.0,0.021359223300970953,0.02113431207397379,2517.0,2279.05,2431.4149359133153,2248.975412377833,74.32649788869398,182.4395235354823,170.99633069688832,100.96934381230577,2279.05,243.847336840509,2766.744673681018,1791.3553263189822,47736.0
LICN,2014-01-09,2630.0,2700.0,2578.0,2660.0,1.14 %,1422.0,3781970.0,0.011406844106463865,0.01134227660393451,2569.0,2316.5,2466.581868849728,2279.421678127623,75.24730927900421,187.16019072210474,174.2291027019316,102.4715335399982,2316.5,241.85478461693376,2800.2095692338676,1832.7904307661324,49158.0
LICN,2014-01-12,2660.0,2662.0,2609.0,2635.0,-0.94 %,6408.0,16741550.0,-0.009398496240601517,-0.009442940800282072,2598.0,2350.7,2492.492350565154,2305.7608130811327,72.90080510965582,186.73153748402137,176.72958965834957,98.93785257285549,2350.7,235.73403836125024,2822.1680767225002,1879.2319232774994,42750.0
LICN,2014-01-13,2635.0,2640.0,2630.0,2630.0,-0.19 %,390.0,1028300.0,-0.00189753320683117,-0.0018993358036525163,2626.0,2382.45,2513.6473735551303,2329.7785306306782,72.41443132463762,183.8688429244521,178.1574403115701,92.58514881765153,2382.45,227.93869789923372,2838.3273957984675,1926.5726042015324,42360.0
LICN,2014-01-14,2630.0,2630.0,2590.0,2630.0,0.00 %,5415.0,14061980.0,0.0,0.0,2637.0,2413.95,2531.547777623572,2352.0171579913685,72.41443132453357,179.53061963220352,178.43207617569678,88.82906675924785,2413.95,215.49611670697826,2844.9422334139563,1982.9577665860434,42360.0
LICN,2014-01-16,2630.0,2650.0,2598.0,2598.0,-1.22 %,343.0,894380.0,-0.012167300380228174,-0.012241927941265425,2630.6,2444.85,2541.771196450715,2370.238109251267,68.99761784432113,171.5330871994479,177.052278380447,86.1984191335873,2444.85,193.1455069166854,2831.141013833371,2058.558986166629,42017.0
LICN,2014-01-19,2598.0,2598.0,2547.0,2590.0,-0.31 %,812.0,2094876.0,-0.003079291762894565,-0.003084042536961445,2616.6,2471.85,2549.191012381374,2386.516767825247,68.1321067136047,162.67424455612718,174.17667161558307,83.68424633833105,2471.85,171.58403649216746,2815.018072984335,2128.6819270156648,41205.0
LICN,2014-01-20,2590.0,2540.0,2539.0,2539.0,-1.97 %,60.0,152380.0,-0.019691119691119696,-0.019887572988905002,2597.4,2495.3,2547.623164322701,2397.8118220604138,62.729821779013676,149.81134226228733,169.30360574492394,81.34965731416455,2495.3,143.5285044126965,2782.357008825393,2208.242991174607,41145.0
LICN,2014-01-21,2539.0,2500.0,2450.0,2450.0,-3.51 %,731.0,1805270.0,-0.03505317053958257,-0.03568227816590582,2561.4,2514.25,2532.6042159653625,2401.6776130189014,54.59442924460708,130.92660294646112,161.62820518523137,81.8961103631528,2514.25,104.18802588032918,2722.6260517606584,2305.8739482393416,40414.0
LICN,2014-01-22,2450.0,2499.0,2425.0,2450.0,0.00 %,6212.0,15205590.0,0.0,0.0,2525.4,2522.85,2519.8958750476145,2405.257049091575,54.59442924452139,114.63882595603945,152.230329339393,81.33210248007046,2522.85,89.76066129317171,2702.3713225863435,2343.3286774136564,40414.0
LICN,2014-01-23,2450.0,2501.0,2450.0,2500.0,2.04 %,6589.0,16172360.0,0.020408163265306145,0.02020270731751947,2505.8,2522.6,2516.8349711941355,2412.275045455162,58.13223212344854,104.55992573897356,142.69624861930913,79.16552373149399,2522.6,89.81993683269656,2702.239873665393,2342.9601263346067,47003.0
LICN,2014-01-26,2500.0,2450.0,2450.0,2450.0,-2.00 %,16.0,39200.0,-0.020000000000000018,-0.020202707317519466,2477.8,2522.1,2506.5526679334994,2415.069486532557,53.63201670691424,91.48318140094216,132.45363517563575,77.08227203638728,2522.1,90.21372284454125,2702.5274456890825,2341.6725543109173,46987.0
LICN,2014-01-27,2450.0,2401.0,2400.0,2400.0,-2.04 %,192.0,460860.0,-0.020408163265306145,-0.020619287202735703,2450.0,2519.1,2490.1599497898837,2413.9532282708865,49.504878728865954,76.20672151899726,121.20425244430805,75.14782403378818,2519.1,93.33127190704893,2705.7625438140976,2332.437456185902,46795.0
LICN,2014-01-28,2400.0,2435.0,2353.0,2435.0,1.46 %,1275.0,3070545.0,0.014583333333333393,0.014478019180653235,2447.0,2520.85,2481.6738036683632,2415.512248398969,52.27352180857509,66.16155526939428,110.1957130093253,75.63726517423189,2520.85,91.28629054848973,2703.4225810969792,2338.2774189030206,48070.0
LICN,2014-01-29,2435.0,2460.0,2430.0,2430.0,-0.21 %,640.0,1567790.0,-0.002053388090349051,-0.002055499182095999,2443.0,2517.85,2473.7239877193842,2416.5854151842304,51.83626368526121,57.1385725351538,99.58428491449101,72.37746051892961,2517.85,93.31682028105357,2704.483640562107,2331.2163594378926,47430.0
LICN,2014-02-02,2430.0,2430.0,2400.0,2430.0,0.00 %,160.0,387040.0,0.0,0.0,2429.0,2520.6,2466.9972203779403,2417.5790881335465,51.83626368516781,49.418132244393746,89.55105438047156,69.35049905329178,2520.6,89.6228354359366,2699.845670871873,2341.3543291281267,47430.0
LICN,2014-02-03,2430.0,2550.0,2452.0,2550.0,4.94 %,960.0,2420035.0,0.04938271604938271,0.048202101817877686,2449.0,2528.1,2479.766878781334,2427.3880445680984,60.932340650036295,52.37883421323568,82.11661034702438,72.96832054948523,2528.1,85.1647938132957,2698.4295876265915,2357.7704123734084,48390.0
LICN,2014-02-04,2550.0,2575.0,2540.0,2540.0,-0.39 %,229.0,588070.0,-0.0039215686274509665,-0.00392927813988955,2477.0,2530.6,2489.033512814975,2435.7296708963877,59.91682600017727,53.303841918587295,76.35405666133695,70.25629765309343,2530.6,84.72022066467775,2700.0404413293554,2361.1595586706444,48161.0
LICN,2014-02-05,2540.0,2570.0,2545.0,2550.0,0.39 %,892.0,2274820.0,0.003937007874015741,0.003929278139889557,2500.0,2533.6,2498.412972381902,2444.1941397188775,60.62356556172461,54.218832663024386,71.92701186167444,67.38084782072961,2533.6,84.26799354939044,2702.135987098781,2365.064012901219,49053.0
LICN,2014-02-06,2550.0,2601.0,2540.0,2601.0,2.00 %,878.0,2255110.0,0.020000000000000018,0.01980262729617973,2534.2,2534.9,2514.1955920154555,2455.80938862859,64.100091689408,58.38620338686542,69.21885016671264,66.92507297639179,2534.9,85.13636120952081,2705.1727224190417,2364.6272775809584,49931.0
LICN,2014-02-09,2601.0,2650.0,2605.0,2650.0,1.88 %,2701.0,7075745.0,0.018838908112264408,0.018663653531616246,2578.2,2535.9,2535.0885778592315,2470.1938783598052,67.10511642147236,64.89469949942622,68.35402003325537,65.64471062093523,2535.9,86.4199660166202,2708.7399320332406,2363.0600679667596,52632.0
LICN,2014-02-10,2650.0,2915.0,2700.0,2900.0,9.43 %,1899.0,5417174.0,0.09433962264150941,0.09015109699429748,2648.2,2547.9,2591.228796650119,2502.0313688516717,77.4680399913025,89.19742779844728,72.52270158629375,79.88437414801129,2547.9,116.1187685994414,2780.137537198883,2315.6624628011173,54531.0
LICN,2014-02-11,2900.0,3000.0,2900.0,2960.0,2.07 %,2747.0,8032970.0,0.020689655172413834,0.0204785313435407,2732.2,2564.15,2647.9628279347157,2535.9549711589552,79.16453672518608,112.0078567757605,80.4197326241871,81.32120456601048,2564.15,147.46035149543033,2859.070702990861,2269.2292970091394,57278.0
LICN,2014-02-12,2960.0,3173.0,3010.0,3075.0,3.89 %,6522.0,20181871.0,0.038851351351351315,0.03811563292251215,2837.2,2586.4,2713.6608544062983,2575.8842325545884,81.96707473949795,137.77662185170993,91.89111046969168,90.72683281129544,2586.4,186.36082714651914,2959.1216542930383,2213.678345706962,63800.0
LICN,2014-02-13,3075.0,3115.0,3000.0,3040.0,-1.14 %,1925.0,5843508.0,-0.011382113821138184,-0.011447385840350835,2925.0,2606.9,2763.8668768053294,2610.2631782912854,78.50603732127492,153.60369851404403,104.23362807856216,92.46063046763147,2606.9,212.1721991809037,3031.2443983618077,2182.5556016381925,61875.0
LICN,2014-02-16,3040.0,2380.0,2380.0,2380.0,-21.71 %,50.0,119000.0,-0.2171052631578947,-0.24475702773474695,2871.0,2596.0,2704.810434219894,2593.2066465660046,42.26465468441942,111.60378765388941,105.70765999362762,132.99915686280065,2596.0,218.1684525411693,3032.3369050823385,2159.6630949176615,61825.0
LICN,2014-02-17,2380.0,2475.0,2427.0,2475.0,3.99 %,1237.0,3059175.0,0.0399159663865547,0.03913990833727037,2786.0,2590.25,2669.4549828014488,2584.4505986722265,46.120251513540886,85.00438412922222,101.56700482074655,130.2849313726006,2590.25,219.84393387845802,3029.937867756916,2150.562132243084,63062.0
LICN,2014-02-18,2475.0,2650.0,2500.0,2650.0,7.07 %,496.0,1275538.0,0.07070707070707072,0.06831924397747723,2724.0,2595.8,2666.4619085243025,2589.306109881691,52.42320569025599,77.15579864261144,96.68476358511953,133.47886484598627,2595.8,219.88312685079347,3035.566253701587,2156.0337462984135,63558.0
LICN,2014-02-20,2650.0,2810.0,2703.0,2810.0,6.04 %,1121.0,3070865.0,0.060377358490566024,0.05862484334752354,2671.0,2613.8,2688.544691828256,2605.65380544601,57.337199120493736,82.89088638224575,93.92598814454477,135.37323164270154,2613.8,222.04399753675662,3057.8879950735136,2169.7120049264868,64679.0
LICN,2014-02-23,2810.0,2755.0,2700.0,2700.0,-3.91 %,5130.0,14126000.0,-0.039145907473309594,-0.03993271033537099,2603.0,2626.3,2690.3070469316012,2612.6424124500095,53.26404428034075,77.66463448159175,90.67371741195419,133.56085795393716,2626.3,219.35817861733287,3065.016357234666,2187.5836427653344,59549.0
LICN,2014-02-24,2700.0,2800.0,2700.0,2700.0,0.00 %,1195.0,3292664.0,0.0,0.0,2667.0,2636.3,2691.7982704805854,2619.11334486112,53.2640442803037,72.6849256194655,87.07595905345646,131.16365381437024,2636.3,217.8510113767954,3072.002022753591,2200.5979772464093,59549.0
LICN,2014-02-25,2700.0,2648.0,2545.0,2545.0,-5.74 %,500.0,1293400.0,-0.05740740740740746,-0.059121123007797385,2681.0,2641.05,2669.21392117588,2613.623467464,47.72369794594784,55.590453711879945,80.77885798514117,132.86624997048665,2641.05,214.58637691589988,3070.2227538317998,2211.8772461682006,59049.0
LICN,2014-02-26,2545.0,2549.0,2450.0,2450.0,-3.73 %,5302.0,13010110.0,-0.037328094302554016,-0.038042625445850436,2641.0,2643.55,2635.488702533437,2601.5032106148146,44.65767451419243,33.9854919186223,71.4201847718374,130.4472321154519,2643.55,211.904763861897,3067.359527723794,2219.740472276206,53747.0
LICN,2014-03-03,2450.0,2500.0,2450.0,2500.0,2.04 %,650.0,1614650.0,0.020408163265306145,0.02020270731751947,2579.0,2646.8,2614.644286759062,2593.9844542729766,46.60212305371763,20.659832486085634,61.26811431468705,124.70100125006248,2646.8,209.01664501836868,3064.8332900367377,2228.7667099632627,54397.0
LICN,2014-03-04,2500.0,2525.0,2401.0,2401.0,-3.96 %,737.0,1805432.0,-0.03959999999999997,-0.04040541463503886,2519.2,2645.35,2581.7759349499756,2579.6893095120154,43.354100033471966,2.086625437960265,49.431816539341696,124.65092973220088,2645.35,210.69366013492322,3066.7373202698464,2223.9626797301535,53660.0
LICN,2014-03-05,2401.0,2571.0,2424.0,2571.0,7.08 %,290.0,732120.0,0.07080383173677629,0.0684096110446362,2493.4,2652.4,2580.1180988038254,2579.0456569555695,49.8214968484853,1.0724418482559486,39.75994160112455,127.89014903704367,2652.4,205.4011223256326,3063.202244651265,2241.597755348735,53950.0
LICN,2014-03-06,2571.0,2580.0,2530.0,2580.0,0.35 %,380.0,966550.0,0.003500583430571691,0.003494470649773557,2500.4,2653.9,2580.0999297570834,2579.116349032935,50.146015136520525,0.9835807241483963,32.00466942572932,122.32656696296912,2653.9,204.72237941069574,3063.3447588213917,2244.4552411786085,54330.0
LICN,2014-03-09,2580.0,2550.0,2510.0,2530.0,-1.94 %,631.0,1596370.0,-0.019379844961240345,-0.019570096194097223,2516.4,2653.4,2572.3922482559933,2575.4781009564213,48.27798951488804,-3.0858527004279495,24.98656500049787,118.58895503704277,2653.4,205.02718690071072,3063.4543738014218,2243.3456261985784,53699.0
LICN,2014-03-10,2530.0,2515.0,2430.0,2450.0,-3.16 %,641.0,1573105.0,-0.031620553359683834,-0.032131278182793294,2506.4,2648.4,2553.5626716012252,2566.183426811501,45.366051987534796,-12.620755210275547,17.465100958343186,117.26117253439685,2648.4,208.86495259150237,3066.1299051830047,2230.6700948169955,53058.0
LICN,2014-03-11,2450.0,2500.0,2450.0,2450.0,0.00 %,653.0,1604152.0,0.0,0.0,2516.2,2640.85,2537.6299528933446,2557.577247047686,45.36605198749796,-19.947294154341307,9.982621935806288,112.45680306765422,2640.85,213.34954639597044,3067.549092791941,2214.150907208059,53058.0
LICN,2014-03-12,2450.0,2500.0,2402.0,2500.0,2.04 %,386.0,958237.0,0.020408163265306145,0.02020270731751947,2502.0,2633.35,2531.8407293712917,2553.3122657848944,47.654603817478176,-21.471536413602735,3.6917902659244834,111.4241742771075,2633.35,215.63523659911388,3064.6204731982275,2202.0795268017723,53444.0
LICN,2014-03-13,2500.0,2545.0,2510.0,2530.0,1.20 %,260.0,658050.0,0.01200000000000001,0.011928570865273812,2492.0,2614.85,2531.5575402372465,2551.58543128231,49.03407926674214,-20.02789104506337,-1.0521459962730875,106.67959040017125,2614.85,207.26369550329395,3029.377391006588,2200.322608993412,53704.0
LICN,2014-03-17,2530.0,2500.0,2480.0,2480.0,-1.98 %,188.0,468240.0,-0.01976284584980237,-0.019960742562538058,2482.0,2590.85,2523.6256109699775,2546.282806742879,46.819478287858395,-22.65719577290156,-5.373155951598782,102.63104822873045,2590.85,192.45540153226494,2975.7608030645297,2205.93919693547,53516.0
LICN,2014-03-19,2480.0,2460.0,2450.0,2450.0,-1.21 %,1090.0,2671400.0,-0.012096774193548376,-0.012170535620255179,2482.0,2559.6,2512.2985938976735,2539.150746984147,45.49187822454287,-26.852153086473663,-9.66895537857376,97.44311621239255,2559.6,157.22072985053475,2874.0414597010695,2245.1585402989303,52426.0
LICN,2014-03-20,2450.0,2510.0,2460.0,2510.0,2.45 %,1048.0,2607900.0,0.02448979591836742,0.02419472858705697,2494.0,2533.1,2511.9449640672624,2536.991432392729,48.62928604715812,-25.046468325466776,-12.744457967952364,94.76860791150737,2533.1,109.37136159360965,2751.8427231872192,2314.3572768127806,53474.0
LICN,2014-03-24,2510.0,2501.0,2450.0,2485.0,-1.00 %,2360.0,5803726.0,-0.009960159362549792,-0.01001009359510046,2491.0,2538.35,2507.7995849799913,2533.1402151784528,47.40493280789006,-25.34063019846144,-15.26369241405418,92.28513591782828,2538.35,104.0249337519773,2746.3998675039547,2330.300132496045,51114.0
LICN,2014-03-25,2485.0,2485.0,2480.0,2485.0,0.00 %,350.0,868500.0,0.0,0.0,2482.0,2538.85,2504.291956521531,2529.574273313382,47.40493280783865,-25.282316791850917,-17.26741728961353,86.05048335226913,2538.85,103.72802240270924,2746.3060448054184,2331.3939551945814,51114.0
LICN,2014-03-26,2485.0,2450.0,2450.0,2450.0,-1.41 %,102.0,249900.0,-0.014084507042253502,-0.014184634991956413,2476.0,2528.85,2495.939347825911,2523.679882697576,45.5431487921709,-27.74053487166475,-19.362040806023774,82.40402025567847,2528.85,102.07596500438758,2733.001930008775,2324.6980699912247,51012.0
LICN,2014-03-27,2450.0,2470.0,2440.0,2440.0,-0.41 %,538.0,1322491.0,-0.004081632653061273,-0.004089985251525166,2474.0,2510.35,2487.3332943142323,2517.481372868126,44.999361873193166,-30.14807855389381,-21.51924835559778,78.66087595170144,2510.35,79.46351363989658,2669.277027279793,2351.422972720207,50474.0
LICN,2014-03-31,2440.0,2685.0,2485.0,2620.0,7.38 %,1081.0,2812798.0,0.07377049180327866,0.07117627846789495,2496.0,2506.35,2507.743556727427,2525.0753452482645,55.33679620282735,-17.331788520837563,-20.68175638864574,90.54224195515134,2506.35,70.97462482055883,2648.2992496411175,2364.4007503588823,51555.0
LICN,2014-04-01,2620.0,2778.0,2640.0,2761.0,5.38 %,5513.0,15245066.0,0.053816793893129766,0.05241861517501189,2551.2,2509.4,2546.706086461669,2542.5512456002452,61.449171868752096,4.154840861423963,-15.7144369386318,95.36065324406911,2509.4,80.41693982317621,2670.2338796463523,2348.566120353648,57068.0
LICN,2014-04-02,2761.0,2750.0,2750.0,2750.0,-0.40 %,477.0,1311750.0,-0.003984063745019917,-0.00399202126953745,2604.2,2519.65,2577.982073159874,2557.917820000227,60.75066694574685,20.064253159646796,-8.55869891897608,89.33489229806419,2519.65,96.62476254480589,2712.899525089612,2326.4004749103883,56591.0
LICN,2014-04-03,2750.0,2740.0,2650.0,2650.0,-3.64 %,655.0,1772590.0,-0.036363636363636376,-0.0370412716803491,2644.2,2529.65,2589.061754212201,2564.7387222224324,54.66693386873632,24.323031989768424,-1.9823527372271794,90.09668570534532,2529.65,99.34801934294627,2728.346038685893,2330.9539613141073,55936.0
LICN,2014-04-06,2650.0,2650.0,2650.0,2650.0,0.00 %,300.0,795000.0,0.0,0.0,2686.2,2537.15,2598.436868948785,2571.054372428178,54.66693386867736,27.38249652060722,3.8906171143397,83.66120815496352,2537.15,102.6005411907246,2742.3510823814495,2331.9489176185507,55936.0
LICN,2014-04-07,2650.0,2701.0,2655.0,2701.0,1.92 %,272.0,726091.0,0.019245283018867854,0.019062434812347612,2702.4,2552.15,2614.2158121874336,2580.679974470535,57.20196046129909,33.53583771689864,9.81966123485149,81.32826471532327,2552.15,103.57314984308933,2759.296299686179,2345.0037003138214,56208.0
LICN,2014-04-09,2701.0,2805.0,2600.0,2805.0,3.85 %,1415.0,3796850.0,0.03850425768233978,0.03778146416418103,2711.2,2563.85,2643.5672256970593,2597.2962726579026,61.88292008319565,46.270953039156666,17.109919595712526,90.16196009280019,2563.85,118.0233139323622,2799.8966278647245,2327.8033721352754,57623.0
LICN,2014-04-10,2805.0,2918.0,2850.0,2850.0,1.60 %,542.0,1558252.0,0.016042780748663166,0.015915455305899582,2731.2,2577.35,2675.3261140513578,2616.0150672758355,63.731363277779735,59.3110467755223,25.550145031674482,91.79324865760017,2577.35,134.28887754232258,2845.927755084645,2308.772244915355,58165.0
LICN,2014-04-13,2850.0,2980.0,2845.0,2980.0,4.56 %,5007.0,14497936.0,0.04561403508771922,0.04460430623675385,2797.2,2599.85,2722.199019581918,2642.976914144292,68.48588773373342,79.22210543762594,36.284537112864776,94.8794451820573,2599.85,160.98325346052235,2921.8165069210445,2277.8834930789553,63172.0
LICN,2014-04-15,2980.0,3055.0,2980.0,3055.0,2.52 %,2643.0,7954781.0,0.025167785234899265,0.0248562921062455,2878.2,2630.1,2773.399170415469,2673.497142726196,70.85932651006833,99.90202768927293,49.00803522814641,93.45948481191036,2630.1,186.20896580821866,3002.517931616437,2257.6820683835626,65815.0
LICN,2014-04-16,3055.0,3030.0,2990.0,3005.0,-1.64 %,2747.0,8244500.0,-0.016366612111292977,-0.01650202463638776,2939.0,2657.85,2809.030067274628,2698.052909931663,67.22441842326023,110.9771573429648,61.40185965111009,91.42666446820247,2657.85,198.88035943355231,3055.6107188671044,2260.0892811328954,63068.0
LICN,2014-04-17,3005.0,3010.0,2950.0,3005.0,0.00 %,2528.0,7590565.0,0.0,0.0,2979.0,2683.1,2839.179287693916,2720.789731418207,67.22441842318597,118.38955627570931,72.79939897602993,89.18190272047373,2683.1,209.55589632412736,3102.2117926482547,2263.988207351745,63068.0
LICN,2014-04-20,3005.0,3060.0,3006.0,3060.0,1.83 %,1795.0,5462485.0,0.01830282861896837,0.018137347977118485,3021.0,2709.6,2873.1517049717754,2745.916417979821,69.23758143463454,127.23528699195458,83.68657657921486,86.7403382404399,2709.6,222.3000343300823,3154.2000686601646,2264.9999313398353,64863.0
LICN,2014-04-21,3060.0,3265.0,3051.0,3265.0,6.70 %,3435.0,10827684.0,0.06699346405228757,0.06484484676410497,3078.0,2748.85,2933.4360580530406,2784.367053685019,75.3219468144939,149.06900436802152,96.7630621369762,95.83031408040847,2748.85,247.50019138748144,3243.850382774963,2253.849617225037,68298.0
LICN,2014-04-22,3265.0,3591.0,3265.0,3591.0,9.98 %,4358.0,15308580.0,0.09984686064318526,0.09517095251555137,3185.2,2805.9,3034.599741429496,2844.1176423009438,81.56595941902654,190.48209912855236,115.50686953529146,112.27100593180788,2805.9,300.76059722327835,3407.421194446557,2204.3788055534433,72656.0
LICN,2014-04-23,3591.0,3700.0,3510.0,3510.0,-2.26 %,3745.0,13542246.0,-0.022556390977443663,-0.0228146777661714,3286.2,2855.9,3107.738242748035,2893.4422613897627,76.39389828637832,214.29598135827246,135.26469189988768,117.82307693667875,2855.9,330.6199758348706,3517.139951669741,2194.660048330259,68911.0
LICN,2014-04-27,3510.0,3550.0,3460.0,3529.0,0.54 %,2158.0,7579930.0,0.005413105413105468,0.005398507215358627,3391.0,2908.1,3172.5477438637217,2940.5206123979283,76.76605927183442,232.02713146579345,154.61717981306884,115.83571429834456,2908.1,350.77971795175614,3609.659435903512,2206.5405640964877,71069.0
LICN,2014-04-28,3529.0,3505.0,3350.0,3470.0,-1.67 %,1456.0,5013958.0,-0.016718617172003403,-0.016859950734365192,3473.0,2957.35,3218.309629423149,2979.7413077758592,72.92151096710602,238.56832164728985,171.40740817991303,120.34744899131994,2957.35,357.33579592958404,3672.021591859168,2242.678408140832,69613.0
LICN,2014-04-29,3470.0,3564.0,3440.0,3470.0,0.00 %,2246.0,7826554.0,0.0,0.0,3514.0,3008.35,3257.0312248965106,3016.056766459129,72.92151096703935,240.9744584373816,185.32081823140675,120.60834549193994,3008.35,353.886284887641,3716.122569775282,2300.577430224718,69613.0
LICN,2014-04-30,3470.0,3529.0,3460.0,3529.0,1.70 %,1953.0,6823412.0,0.01700288184438037,0.016859950734365158,3501.6,3062.8,3298.8725749124324,3054.0525615362308,74.4079610504773,244.8200133762016,197.22065726036573,116.92203509965853,3062.8,345.5151150627708,3753.8302301255417,2371.7697698744587,71566.0
LICN,2014-05-04,3529.0,3710.0,3529.0,3708.0,5.07 %,4917.0,17770955.0,0.05072258430150178,0.04947810301047565,3541.2,3117.2,3361.815255695135,3102.493112533547,78.29995563216477,259.322143161588,209.6409544406102,121.49903259254008,3117.2,357.5690731946218,3832.3381463892433,2402.0618536107563,76483.0
LICN,2014-05-05,3708.0,3800.0,3505.0,3575.0,-3.59 %,1102.0,4031350.0,-0.03586839266450914,-0.03652747155763771,3550.4,3157.9,3394.612908665114,3137.493622716247,69.80541765732559,257.11928594886695,219.13662074226156,133.89195883593007,3157.9,361.19901206369195,3880.298024127384,2435.501975872616,75381.0
LICN,2014-05-06,3575.0,3700.0,3450.0,3680.0,2.94 %,3562.0,12732225.0,0.029370629370629286,0.028947576034868503,3592.4,3204.4,3438.518615024327,3177.679280292821,72.3552587565982,260.8393347315059,227.47716354011044,142.18539034764936,3204.4,365.75738291645234,3935.914765832905,2472.8852341670954,78943.0
LICN,2014-05-07,3680.0,3877.0,3610.0,3789.0,2.96 %,3310.0,12292403.0,0.029619565217391397,0.029189379855624278,3656.2,3261.35,3492.438828097507,3222.962296567427,74.73999024578407,269.47653153008014,235.8770371381044,151.10071960853156,3261.35,363.55862120520425,3988.4672424104083,2534.2327575895915,82253.0
LICN,2014-05-08,3789.0,3789.0,3650.0,3700.0,-2.35 %,1160.0,4307461.0,-0.023489047242016392,-0.02376931238628502,3690.4,3313.85,3524.3713160825064,3258.2984227476177,69.47042140427212,266.0728933348887,241.91620837746126,150.23638249363646,3313.85,346.0196640289889,4005.8893280579778,2621.810671942022,81093.0
LICN,2014-05-11,3700.0,3630.0,3551.0,3551.0,-4.03 %,1638.0,5847288.0,-0.0402702702702703,-0.041103565689227954,3659.0,3356.35,3528.4680366851976,3279.980021062609,61.63551168431797,248.4880156225886,243.23056982648674,150.1480694583767,3356.35,317.8374750187795,3992.024950037559,2720.675049962441,79455.0
LICN,2014-05-12,3551.0,3660.0,3551.0,3600.0,1.38 %,2108.0,7609905.0,0.013798929878907407,0.013704591501113531,3664.0,3396.1,3539.472954118244,3303.6852046876006,63.109007469907006,235.78774943064354,241.74200574731813,147.20892163992121,3396.1,294.07927681601274,3984.2585536320253,2807.9414463679745,81563.0
LICN,2014-05-13,3600.0,3615.0,3550.0,3595.0,-0.14 %,353.0,1261545.0,-0.001388888888888884,-0.0013898542890543016,3647.0,3433.35,3548.015576561591,3325.264078414445,62.84376668573465,222.75149814714587,237.94390422728367,141.33685580849829,3433.35,267.2230046431702,3967.7960092863404,2898.9039907136594,81210.0
LICN,2014-05-15,3595.0,3610.0,3454.0,3500.0,-2.64 %,1689.0,5904272.0,-0.026425591098748313,-0.02678102267764207,3589.2,3459.35,3540.6285647828845,3338.207480013375,57.86730679817676,202.42108476950943,230.83934033572885,142.38422325074842,3459.35,245.17990709293997,3949.7098141858796,2968.99018581412,79521.0
LICN,2014-05-18,3500.0,3530.0,3430.0,3430.0,-2.00 %,1768.0,6109648.0,-0.020000000000000018,-0.020202707317519466,3535.2,3478.1,3523.6087855855176,3345.00692593831,54.44606391520444,178.60185964720768,220.39184419802464,139.35677873283782,3478.1,226.23716014743545,3930.5743202948706,3025.625679705129,77753.0
LICN,2014-05-19,3430.0,3420.0,3271.0,3295.0,-3.94 %,4626.0,15314685.0,-0.039358600583090375,-0.040154093223378,3484.0,3492.6,3488.438203187746,3341.3027092021384,48.49166233984792,147.13549398560735,205.7405741555412,140.75986596620655,3492.6,202.3518041223659,3897.3036082447315,3087.8963917552683,73127.0
LICN,2014-05-20,3295.0,3300.0,3250.0,3300.0,0.15 %,568.0,1860240.0,0.0015174506828528056,0.001516300517964008,3424.0,3507.35,3459.447710389631,3338.2432492612393,48.715369447421494,121.20446112839181,188.83335155011133,134.27701839719182,3507.35,173.65551956008076,3854.6610391201616,3160.038960879838,73695.0
LICN,2014-05-21,3300.0,3350.0,3260.0,3320.0,0.61 %,1837.0,6046958.0,0.0060606060606061,0.006042314455962662,3369.0,3520.35,3437.9942164835343,3336.8918974641106,49.657224514650224,101.1023190194237,171.28714504397382,131.11437422596384,3520.35,145.9211304636407,3812.1922609272815,3228.5077390727183,75532.0
LICN,2014-05-22,3320.0,3390.0,3286.0,3390.0,2.11 %,432.0,1443146.0,0.02108433734939763,0.020865138463961756,3347.0,3526.6,3430.6104908706825,3340.825830985287,52.91648065675346,89.78465988539529,154.98664801225812,129.17763320982357,3526.6,136.8004309011277,3800.2008618022555,3252.9991381977443,75964.0
LICN,2014-05-25,3390.0,3500.0,3350.0,3351.0,-1.15 %,1747.0,5919409.0,-0.011504424778761013,-0.011571112637185495,3331.2,3514.6,3418.3627230444235,3341.579473134525,50.93781287894013,76.78324990989859,139.34596839178622,130.6649451234076,3514.6,141.30608807235865,3797.212176144717,3231.987823855283,74217.0
LICN,2014-05-26,3351.0,3400.0,3360.0,3400.0,1.46 %,247.0,835600.0,0.014622500746045874,0.014516622866942277,3352.2,3509.1,3415.537688729897,3345.9069195690045,53.30052124089376,69.63076916089267,125.40292854560752,124.83173475744991,3509.1,143.61641161165363,3796.332823223307,3221.8671767766928,74464.0
LICN,2014-05-27,3400.0,3400.0,3351.0,3399.0,-0.03 %,1190.0,4019111.0,-0.0002941176470587781,-0.000294160908136706,3372.0,3502.6,3412.993428925298,3349.8397403416707,53.244167356407935,63.15368858362717,112.95308055321146,119.41518227477492,3502.6,145.59655866377557,3793.793117327551,3211.406882672449,73274.0
LICN,2014-05-28,3399.0,3425.0,3341.0,3390.0,-0.26 %,728.0,2468245.0,-0.0026478375992938785,-0.002651349321620031,3386.0,3498.6,3409.455978321406,3352.814574390436,52.704080221602005,56.64140393096977,101.69074522876313,116.88552639800528,3498.6,147.62413153181873,3793.848263063637,3203.3517369363626,72546.0
LICN,2014-06-01,3390.0,3390.0,3371.0,3390.0,0.00 %,427.0,1443915.0,0.0,0.0,3386.0,3494.6,3406.462750887343,3355.569050361515,52.70408022153803,50.89370052582808,91.53133628817613,109.89370308386205,3494.6,149.5116260221488,3793.6232520442973,3195.5767479557026,72546.0
LICN,2014-06-02,3390.0,3389.0,3194.0,3360.0,-0.88 %,7690.0,25030939.0,-0.008849557522123908,-0.00888894741724604,3387.8,3486.15,3399.314635366213,3355.8972688532544,50.71533476286539,43.41736651295878,81.90854233313266,116.04415286358619,3486.15,152.21635398685004,3790.5827079737,3181.7172920263,64856.0
LICN,2014-06-03,3360.0,3400.0,3266.0,3266.0,-2.80 %,2341.0,7744220.0,-0.027976190476190488,-0.02837497942683951,3361.0,3464.05,3378.804691463719,3349.238211901162,44.98717681851394,29.566479562557106,71.44012977901754,117.32671337333004,3464.05,150.38668579084825,3764.823371581697,3163.2766284183035,62515.0
LICN,2014-06-04,3266.0,3350.0,3234.0,3340.0,2.27 %,2269.0,7501752.0,0.02265768524188605,0.022404812440335632,3349.2,3452.3,3372.834738930839,3348.5538999084833,49.794623392888475,24.28083902235585,62.008271627685204,117.23194813237788,3452.3,150.44219033095862,3753.184380661917,3151.415619338083,64784.0
LICN,2014-06-05,3340.0,3315.0,3250.0,3250.0,-2.69 %,1121.0,3649855.0,-0.026946107784431184,-0.02731581064696298,3321.2,3430.8,3353.9370867876332,3341.2536110263736,44.68057577231674,12.683475761259615,52.14331245440009,115.28680898006517,3430.8,146.87216066683575,3724.5443213336716,3137.0556786663287,63663.0
LICN,2014-06-08,3250.0,3330.0,3201.0,3301.0,1.57 %,613.0,2018051.0,0.015692307692307672,0.015570456529409823,3303.4,3406.4,3345.792919589536,3338.2718620614573,47.943235889951715,7.521057528078472,43.21886146913577,116.26632262434623,3406.4,122.7943938373906,3651.988787674781,3160.811212325219,64276.0
LICN,2014-06-09,3301.0,3345.0,3305.0,3305.0,0.12 %,561.0,1872585.0,0.0012117540139351402,0.0012110204325936165,3292.4,3386.65,3339.5170858065303,3335.8072796865345,48.20127631013327,3.7098061199958465,35.31705039930778,111.10444243689292,3386.65,103.30602214064665,3593.2620442812936,3180.0379557187066,64837.0
LICN,2014-06-10,3305.0,3345.0,3250.0,3345.0,1.21 %,12498.0,41290347.0,0.012102874432677657,0.012030220276542061,3308.2,3376.35,3340.3606110670644,3336.4882219319766,50.826270825638225,3.872389135087815,29.02811814646379,109.954125119972,3376.35,96.07358747607886,3568.497174952158,3184.202825047842,77335.0
LICN,2014-06-11,3345.0,3365.0,3340.0,3350.0,0.15 %,5954.0,19949210.0,0.001494768310911887,0.001493652256783372,3310.2,3363.85,3341.8435939798237,3337.48909438146,51.15945513270968,4.354499598363873,24.093394436843806,103.8859733256883,3363.85,80.43387280701022,3524.7177456140203,3202.9822543859796,83289.0
LICN,2014-06-12,3350.0,3365.0,3310.0,3321.0,-0.87 %,1399.0,4643405.0,-0.008656716417910437,-0.008694403442365538,3324.4,3350.15,3338.6368872136973,3336.267679982833,49.08220803013762,2.369207230864049,19.748556995647856,100.39411808813914,3350.15,59.636861613899086,3469.4237232277983,3230.876276772202,81890.0
LICN,2014-06-15,3321.0,3410.0,3387.0,3410.0,2.68 %,611.0,2081166.0,0.026799156880457753,0.02644634890081596,3346.2,3345.65,3349.6158276423594,3341.729333317438,55.106700540929296,7.886494324921387,17.376144461502562,99.58025251041492,3345.65,50.41749383108986,3446.4849876621797,3244.8150123378205,82501.0
LICN,2014-06-16,3410.0,3470.0,3410.0,3470.0,1.76 %,799.0,2735930.0,0.017595307917888547,0.017442302663342388,3379.2,3347.65,3368.136469543535,3351.230864182813,58.65800768840748,16.905605360721893,17.28203664134643,96.75309161681386,3347.65,54.56263903940888,3456.775278078818,3238.5247219211824,83300.0
LICN,2014-06-17,3470.0,3680.0,3510.0,3530.0,1.73 %,4541.0,16286107.0,0.01729106628242083,0.017143276986437656,3416.2,3359.4,3393.0385511522218,3364.4730223914935,61.90347167568603,28.565528760728284,19.538735065222802,104.84215650132717,3359.4,66.60282908482729,3492.605658169655,3226.1943418303454,87841.0
LICN,2014-06-18,3530.0,3817.0,3530.0,3600.0,1.98 %,3557.0,12912195.0,0.019830028328611915,0.019635974516858935,3466.2,3374.4,3424.87877405188,3381.9194651773087,65.3236607025209,42.959308874571434,24.22284982709253,117.85343103694666,3374.4,84.02468309025927,3542.4493661805186,3206.3506338194816,91398.0
LICN,2014-06-19,3600.0,3673.0,3530.0,3672.0,2.00 %,9730.0,34744782.0,0.020000000000000018,0.01980262729617973,3536.4,3392.0,3462.897424197745,3403.4069122012115,68.46014777807335,59.490511996533314,31.27638226098069,119.64961453430762,3392.0,106.01737692719884,3604.034753854398,3179.965246145602,101128.0
LICN,2014-06-23,3672.0,3620.0,3618.0,3618.0,-1.47 %,1050.0,3799400.0,-0.014705882352941124,-0.014815085785140587,3578.0,3403.4,3486.7593589365533,3419.302696482603,63.799227991677505,67.45666245395023,38.5124382995746,114.96035635328565,3403.4,117.43459545859453,3638.269190917189,3168.530809082811,100078.0
LICN,2014-06-24,3618.0,3690.0,3555.0,3690.0,1.99 %,3553.0,12984746.0,0.01990049751243772,0.019705071079332337,3622.0,3420.35,3518.027149869391,3439.354348595003,67.02302732368796,78.6728012743879,46.544510894537254,116.3917594709081,3420.35,132.91757437955602,3686.185148759112,3154.5148512408878,103631.0
LICN,2014-06-25,3690.0,3723.0,3650.0,3690.0,0.00 %,7026.0,25881030.0,0.0,0.0,3654.0,3434.85,3544.484511427946,3457.9206931435215,67.02302732359868,86.56381828442454,54.548372372514706,113.29234808012895,3434.85,145.77678502638554,3726.403570052771,3143.2964299472287,103631.0
LICN,2014-06-26,3690.0,3725.0,3671.0,3725.0,0.95 %,3799.0,14045326.0,0.009485094850948617,0.009440393779087126,3679.0,3451.15,3572.256125054416,3477.704345503261,68.59951796991378,94.55177955115505,62.54905380824278,109.05718036011974,3451.15,159.16799301366294,3769.485986027326,3132.8140139726743,107430.0
LICN,2014-06-29,3725.0,3801.0,3555.0,3800.0,2.01 %,15385.0,56214860.0,0.020134228187919545,0.01993421490081733,3704.6,3471.65,3607.2936442768137,3501.5780976882043,71.71945799052503,105.71554658860941,71.18235236431612,118.83881033439691,3471.65,176.352898294413,3824.3557965888263,3118.944203411174,122815.0
LICN,2014-06-30,3800.0,3900.0,3725.0,3850.0,1.32 %,13319.0,50250010.0,0.013157894736842035,0.0130720815673527,3751.0,3494.65,3644.633083618842,3527.387127489078,73.60252486547685,117.24595612976418,80.39507311740573,122.85032388193999,3494.65,194.23379157466695,3883.1175831493338,3106.1824168506664,136134.0
LICN,2014-07-01,3850.0,4090.0,3900.0,4080.0,5.97 %,2505.0,10116345.0,0.05974025974025965,0.05802384011637739,3829.0,3530.65,3711.6126092159434,3568.321414341739,80.15008143768742,143.2911948742044,92.97429746876547,131.21815789037285,3530.65,231.17463779119942,3992.9992755823987,3068.3007244176015,138639.0
LICN,2014-07-02,4080.0,4240.0,4117.0,4205.0,3.06 %,4115.0,17156835.0,0.030637254901960675,0.03017730500884094,3932.0,3577.6,3787.51836164426,3615.4827910571657,82.66643480683628,172.0355705870943,108.78655209243124,133.27400375534623,3577.6,267.15014504955354,4111.900290099107,3043.2997099008926,142754.0
LICN,2014-07-03,4205.0,4205.0,4010.0,4020.0,-4.40 %,2037.0,8292935.0,-0.04399524375743158,-0.04499239079398163,3991.0,3611.6,3823.284767545143,3645.447028756635,68.77119972024929,177.83773878850798,122.59678943164658,137.68300348710721,3611.6,278.3559629418071,4168.311925883614,3054.8880741163857,140717.0
LICN,2014-07-06,4020.0,4250.0,4049.0,4220.0,4.98 %,1980.0,8297628.0,0.04975124378109452,0.04855322541699074,4075.0,3660.1,3884.3178802305056,3688.0065081079956,73.88230165912876,196.31137212250997,137.33970596981925,144.27707466659956,3660.1,295.98273420482815,4252.065468409656,3068.1345315903436,142697.0
LICN,2014-07-07,4220.0,4304.0,4240.0,4240.0,0.47 %,761.0,3255677.0,0.004739336492890933,0.004728141195945896,4153.0,3707.05,3939.038206348889,3728.8949149148107,74.33466854201092,210.1432914340785,151.9004230626711,139.97156933327102,3707.05,310.15742607160956,4327.36485214322,3086.735147856781,143458.0
LICN,2014-07-08,4240.0,4304.0,4200.0,4250.0,0.24 %,4949.0,20911647.0,0.002358490566037652,0.0023557136924589835,4187.0,3754.3,3986.878482295214,3767.4952915877875,74.57182003654663,219.38319070742637,165.39697659162215,137.40217152375166,3754.3,317.5775247251037,4389.455049450207,3119.144950549793,148407.0
LICN,2014-07-09,4250.0,4201.0,4200.0,4200.0,-1.18 %,1881.0,7900236.0,-0.0117647058823529,-0.011834457647002796,4186.0,3797.05,4019.6664080959504,3799.5326773960996,71.03738004832107,220.13373069985073,176.34432741326788,131.15915927205512,3797.05,317.12731545945996,4431.30463091892,3162.79536908108,146526.0
LICN,2014-07-10,4200.0,4230.0,4000.0,4230.0,0.71 %,2362.0,9601501.0,0.0071428571428571175,0.007117467768863955,4228.0,3841.05,4052.025422235035,3831.4191457371294,71.8980146561448,220.60627649790558,185.19671723019542,138.21921932405118,3841.05,312.8558563333964,4466.761712666793,3215.3382873332075,148888.0
LICN,2014-07-13,4230.0,4250.0,4160.0,4215.0,-0.35 %,920.0,3867408.0,-0.0035460992907800915,-0.003552401604367772,4227.0,3885.75,4077.098434198876,3859.832542349194,70.76572225747181,217.26589184968225,191.61055215409277,134.77498937233324,3885.75,298.16294997339895,4482.075899946798,3289.424100053202,147968.0
LICN,2014-07-14,4215.0,4160.0,4090.0,4111.0,-2.47 %,867.0,3578605.0,-0.02467378410438914,-0.024983283538077477,4201.2,3920.8,4082.3140597067413,3878.4375392122165,63.319961167548726,203.8765204945248,194.0637458221792,134.076775845738,3920.8,279.93901591521046,4480.678031830421,3360.9219681695795,147101.0
LICN,2014-07-15,4111.0,4110.0,4000.0,4015.0,-2.34 %,895.0,3589995.0,-0.023351982486013112,-0.02362896051701634,4154.2,3948.05,4071.958050521089,3888.5532770483487,57.324169902560364,183.4047734727401,191.93195135229138,132.42843471389958,3948.05,259.52922459917716,4467.108449198355,3428.9915508016456,146206.0
LICN,2014-07-16,4015.0,4100.0,4025.0,4095.0,1.99 %,684.0,2773300.0,0.01992528019925288,0.019729369906307827,4133.2,3976.3,4075.5029658255366,3903.8456268966193,60.666659996205965,171.6573389289174,187.8770288676166,129.04068937719248,3976.3,241.77198914853565,4459.843978297072,3492.756021702929,146890.0
LICN,2014-07-17,4095.0,4081.0,4050.0,4081.0,-0.34 %,472.0,1915395.0,-0.0034188034188034067,-0.003424660881364103,4103.4,4000.35,4076.3486633908387,3916.9681730524253,59.784195437424714,159.38049033841344,182.177721161776,123.0377829931073,4000.35,225.7633308997387,4451.876661799477,3548.8233382005224,146418.0
LICN,2014-07-20,4081.0,4170.0,4050.0,4130.0,1.20 %,1237.0,5089685.0,0.012006861063464935,0.011935350549272854,4086.4,4023.25,4084.602715176864,3932.7483083818756,61.874526894414615,151.85440679498834,176.11305828841847,122.82079849359964,4023.25,213.60560681582177,4450.461213631644,3596.0387863683563,147655.0
LICN,2014-07-21,4130.0,4165.0,4070.0,4165.0,0.85 %,3007.0,12388947.0,0.008474576271186418,0.008438868645864604,4097.2,4050.6,4096.971528226577,3949.9521373906255,63.34029091316603,147.01939083595153,170.29432479792507,120.83359860119967,4050.6,193.0127893226322,4436.625578645264,3664.5744213547355,150662.0
LICN,2014-07-22,4165.0,4171.0,4010.0,4171.0,0.14 %,785.0,3166596.0,0.0014405762304920966,0.0014395395960020805,4128.4,4074.65,4108.360523884026,3966.326053139468,63.598656175121164,142.03447074455835,164.64235398725174,123.70262727254256,4074.65,174.82631230361673,4424.302624607233,3724.9973753927666,151447.0
LICN,2014-07-23,4171.0,4100.0,4020.0,4030.0,-3.38 %,307.0,1256720.0,-0.033804842963318205,-0.03438943925621664,4115.4,4091.65,4096.3050586711,3971.0426417958033,53.972174879789414,125.26241687529637,156.76636656486068,125.6524396102181,4091.65,150.2591708384222,4392.168341676845,3791.1316583231555,151140.0
LICN,2014-07-24,4030.0,4050.0,4000.0,4010.0,-0.50 %,1395.0,5609210.0,-0.00496277915632759,-0.004975134640113843,4101.2,4105.9,4083.027357337084,3973.928372033151,52.752461116190695,109.0989853039332,147.23289031267518,120.24869392377394,4105.9,125.05826010724022,4356.01652021448,3855.7834797855194,149745.0
LICN,2014-07-27,4010.0,4020.0,4000.0,4000.0,-0.25 %,662.0,2649524.0,-0.0024937655860348684,-0.0024968801985871545,4075.2,4115.9,4070.2539177467634,3975.8596037343987,52.1182519213804,94.3943140123647,136.6651750526131,113.08807292921867,4115.9,105.8280134040612,4327.556026808122,3904.243973191877,149083.0
LICN,2014-07-28,4000.0,4000.0,3999.0,4000.0,0.00 %,254.0,1015800.0,0.0,0.0,4042.2,4123.4,4059.4456227087994,3977.6477812355542,52.11825192131292,81.79784147324517,125.69170833673952,105.08178200570305,4123.4,90.14514611679644,4303.690292233592,3943.1097077664067,149083.0
LICN,2014-07-30,4000.0,4020.0,3920.0,3970.0,-0.75 %,1614.0,6381786.0,-0.007499999999999951,-0.0075282664207915245,4002.0,4117.9,4045.684757676677,3977.0812789218094,50.025712203916896,68.60347875486741,114.27406242036511,104.71879757672426,4117.9,96.09200634916544,4310.08401269833,3925.715987301669,147469.0
LICN,2014-07-31,3970.0,4000.0,3950.0,4000.0,0.76 %,1937.0,7728347.0,0.007556675062972307,0.007528266420791588,3996.0,4107.65,4038.6563334187267,3978.7789619646383,52.09695802685748,59.87737145408846,103.39472422710978,100.81031203552966,4107.65,97.23886758091423,4302.127735161828,3913.172264838171,149406.0
LICN,2014-08-03,4000.0,3990.0,3900.0,3930.0,-1.75 %,1189.0,4669404.0,-0.01749999999999996,-0.01765493523872071,3980.0,4103.15,4021.9399744312304,3975.1657055228134,47.18299375919676,46.77426890841707,92.07063316337124,100.7524326044204,4103.15,103.39615945223112,4309.942318904462,3896.3576810955374,148217.0
LICN,2014-08-04,3930.0,3970.0,3794.0,3900.0,-0.76 %,4345.0,17062498.0,-0.007633587786259555,-0.007662872745569137,3960.0,4087.15,4003.179978364887,3969.597875484086,45.2146250147165,33.5821028808009,80.37292710685718,106.12725884696181,4087.15,108.97139895161115,4305.092797903222,3869.207202096778,143872.0
LICN,2014-08-05,3900.0,3900.0,3875.0,3895.0,-0.13 %,1634.0,6368795.0,-0.0012820512820512775,-0.0012828738128891524,3939.0,4069.9,3986.536904770289,3964.0721069297097,44.878583033672115,22.464797840579195,68.79130125360157,100.3324546436074,4069.9,110.79326409316847,4291.486528186337,3848.313471813663,142238.0
LICN,2014-08-06,3895.0,3950.0,3900.0,3950.0,1.41 %,602.0,2353600.0,0.01412066752246477,0.014021899590318984,3935.0,4054.9,3980.9158424979364,3963.02972863862,49.33890815883332,17.886113859316538,58.61026377474457,97.09442216906403,4054.9,105.29852300657379,4265.497046013148,3844.3029539868526,142840.0
LICN,2014-08-07,3950.0,3900.0,3870.0,3880.0,-1.77 %,1205.0,4679580.0,-0.017721518987341756,-0.01788042527784841,3911.0,4038.9,3965.3903282674846,3956.8793783690926,44.413102333537275,8.510949898392028,48.59040099947406,95.87339201413089,4038.9,106.39642851147558,4251.692857022951,3826.107142977049,141635.0
LICN,2014-08-12,3880.0,3850.0,3805.0,3805.0,-1.93 %,284.0,1084535.0,-0.019329896907216537,-0.019519162321532956,3886.0,4017.65,3940.7148931494103,3945.629054045456,39.82539455259458,-4.914160896045814,37.889488620370095,94.38243544169298,4017.65,108.638112436114,4234.926224872228,3800.373775127772,141351.0
LICN,2014-08-13,3805.0,3820.0,3800.0,3820.0,0.39 %,801.0,3050320.0,0.003942181340341744,0.003934431304834743,3870.0,3997.9,3922.143371126424,3936.3231981902372,41.135047172647134,-14.179827063813264,27.475625483533424,89.06940433871492,3997.9,106.76087396852772,4211.421747937055,3784.3782520629447,142152.0
LICN,2014-08-14,3820.0,4100.0,3850.0,4100.0,7.33 %,352.0,1373760.0,0.0732984293193717,0.07073655109177827,3911.0,3997.35,3949.5059294146668,3948.447405731701,59.05093430084864,1.0585236829656424,22.192205123419868,102.70730402880672,3997.35,106.17427332356468,4209.69854664713,3785.0014533528706,142504.0
LICN,2014-08-18,4100.0,4018.0,4018.0,4018.0,-2.00 %,47.0,188846.0,-0.020000000000000018,-0.020202707317519466,3924.6,3997.5,3960.043478735487,3953.599449751575,53.879124423291614,6.444028983912176,19.04256989551833,101.22821088389196,3997.5,106.2026365021017,4209.905273004203,3785.0947269957965,142457.0
LICN,2014-08-19,4018.0,4100.0,3822.0,4100.0,2.04 %,1186.0,4634210.0,0.020408163265306145,0.02020270731751947,3968.6,3997.75,3981.57525123772,3964.443934955162,57.8542783971098,17.13131628255769,18.660319172926204,113.85476724932826,3997.75,106.44982756900654,4210.649655138013,3784.8503448619867,143643.0
LICN,2014-08-24,4100.0,4018.0,3690.0,3690.0,-10.00 %,169.0,637072.0,-0.09999999999999998,-0.10536051565782628,3945.6,3978.2,3936.7175202780704,3944.114754588113,39.5152641200715,-7.397234310042677,13.44880847633243,135.00799816009052,3978.2,124.6965157998776,4227.593031599755,3728.806968400245,143474.0
LICN,2014-08-25,3690.0,3617.0,3322.0,3322.0,-9.97 %,557.0,1866588.0,-0.09972899728997286,-0.10505944686133264,3846.0,3937.8,3842.145594081444,3898.032180174179,30.24744010832532,-55.88658609273489,-0.4182704374810342,151.65028400579834,3937.8,187.8335209139863,4313.467041827973,3562.1329581720274,142917.0
LICN,2014-08-26,3322.0,3455.0,3110.0,3150.0,-5.18 %,7253.0,23626990.0,-0.05177603853100543,-0.05316455835356145,3656.0,3887.05,3735.6616565304525,3842.6223890501656,27.053665151375895,-106.96073251971302,-21.726762853927433,165.46097800538416,3887.05,250.03630788978518,4387.122615779571,3386.97738422043,135664.0
LICN,2014-08-27,3150.0,3460.0,3213.0,3425.0,8.73 %,1836.0,6264669.0,0.08730158730158721,0.08369901887664684,3537.4,3849.75,3687.867555525768,3811.6873972686717,38.275463348854245,-123.81984174290392,-42.145378631722735,175.78519386214245,3849.75,260.85706410740426,4371.464128214809,3328.0358717851914,137500.0
LICN,2014-08-28,3425.0,3620.0,3493.0,3501.0,2.22 %,1370.0,4853690.0,0.022189781021897836,0.021947170258340035,3417.6,3823.3,3659.118700829496,3788.673515989511,40.97780298883515,-129.5548151600151,-59.62726593738121,177.15768001484656,3823.3,268.3307268043785,4359.961453608757,3286.638546391243,138870.0
LICN,2014-08-31,3501.0,3510.0,3490.0,3490.0,-0.31 %,846.0,2961070.0,-0.003141959440159936,-0.00314690575819281,3377.6,3797.3,3633.1004391634197,3766.5495518421403,40.70006138826798,-133.44911267872067,-74.3916352856491,165.9321314423575,3797.3,274.4121180383866,4346.124236076774,3248.475763923227,138024.0
LICN,2014-09-03,3490.0,3421.0,3170.0,3170.0,-9.17 %,806.0,2602046.0,-0.09169054441260749,-0.09617014832514659,3347.2,3755.8,3561.854217753663,3722.36069615013,33.571458127926206,-160.50647839646717,-91.61460390781272,176.93697919647482,3755.8,303.37671561763773,4362.553431235276,3149.0465687647247,137218.0
LICN,2014-09-04,3170.0,3213.0,3120.0,3213.0,1.36 %,2570.0,8089214.0,0.013564668769716182,0.013473492244532254,3359.8,3716.45,3508.184338099253,3684.6302742130833,35.213547319276216,-176.44593611383016,-108.58087034901621,170.9414806824409,3716.45,320.5867113179863,4357.623422635972,3075.276577364027,139788.0
LICN,2014-09-07,3213.0,3150.0,3149.0,3150.0,-1.96 %,90.0,283460.0,-0.019607843137254943,-0.019802627296179754,3304.8,3675.45,3453.0790553147526,3645.028031678781,33.89166818925135,-191.94897636402857,-125.25449155201869,163.302803490838,3675.45,338.3939583571629,4352.237916714325,2998.6620832856743,139698.0
LICN,2014-09-09,3150.0,3170.0,3100.0,3162.0,0.38 %,2914.0,9095550.0,0.003809523809523707,0.0038022859497384787,3237.0,3633.55,3408.2976621894063,3609.2481774803528,34.39683191957735,-200.95051529094644,-140.39369629980425,156.6383175272067,3633.55,347.8418386808002,4329.233677361601,2937.8663226383997,142612.0
LICN,2014-09-10,3162.0,3230.0,3100.0,3100.0,-1.96 %,1701.0,5370220.0,-0.019607843137254943,-0.019802627296179754,3159.0,3592.05,3360.8672526218056,3571.526090259586,32.993998695107464,-210.65883763778038,-154.44672456739949,154.73558056097767,3592.05,359.91467921687666,4311.879358433754,2872.2206415662467,140911.0
LICN,2014-09-11,3100.0,3140.0,3050.0,3050.0,-1.61 %,2996.0,9190440.0,-0.016129032258064502,-0.01626052087178029,3135.0,3549.55,3313.0415214492205,3532.8945280181356,31.865323629871725,-219.85300656891513,-167.52798096770263,150.11161052090782,3549.55,371.6317468451204,4292.813493690241,2806.2865063097593,137915.0
LICN,2014-09-14,3050.0,3071.0,3065.0,3071.0,0.69 %,222.0,680562.0,0.006885245901639303,0.00686165083936502,3106.6,3508.35,3275.8043643031865,3498.6801185353106,32.903492180316206,-222.8757542321241,-178.59753562058694,140.88935262655727,3508.35,376.9558504094246,4262.261700818849,2754.438299181151,138137.0
LICN,2014-09-15,3071.0,3200.0,3030.0,3200.0,4.20 %,1386.0,4289450.0,0.04200586128296968,0.04114756834699551,3116.6,3470.85,3264.1421544103887,3476.5556653104727,39.04742974585644,-212.41351090008402,-185.36073067648638,142.9686845818032,3470.85,367.90434612101905,4206.658692242038,2735.041307757962,139523.0
LICN,2014-09-16,3200.0,3213.0,3140.0,3213.0,0.41 %,210.0,666613.0,0.00406250000000008,0.004054270328040624,3126.8,3437.5,3256.274130654944,3457.033023435623,39.64719685861014,-200.7588927806787,-188.44036309732488,137.97092139738868,3437.5,358.9866585997721,4155.473317199544,2719.526682800456,139733.0
LICN,2014-09-17,3213.0,3277.0,3186.0,3186.0,-0.84 %,178.0,579536.0,-0.008403361344537785,-0.008438868645864595,3144.0,3406.55,3245.462725938799,3436.956503181132,38.79340190107686,-191.49377724233318,-189.05104592632654,134.6158555832895,3406.55,352.2555105840644,4111.061021168129,2702.0389788318716,139555.0
LICN,2014-09-21,3155.0,3150.0,3150.0,3150.0,-0.16 %,100.0,315000.0,-0.011299435028248594,-0.011363758650315095,3164.0,3373.05,3230.7761527174453,3415.700465908456,37.62982077487402,-184.9243131910107,-188.22569937926338,127.5718658987688,3373.05,342.5928187713251,4058.2356375426502,2687.86436245735,139455.0
LICN,2014-09-22,3150.0,3125.0,3090.0,3100.0,-1.59 %,460.0,1425750.0,-0.015873015873015928,-0.01600034134644119,3169.8,3323.05,3210.6567446070694,3392.315246211533,36.01410980461956,-181.6585016044637,-186.91225982430345,122.74530404885675,3323.05,301.4113250063824,3925.872650012765,2720.2273499872354,138995.0
LICN,2014-09-23,3100.0,3215.0,3125.0,3155.0,1.77 %,721.0,2299630.0,0.01774193548387104,0.01758638450207599,3160.8,3279.9,3202.094168513674,3374.736339084753,39.1111487929309,-172.64217057107908,-184.0582419736586,122.19206804536698,3279.9,254.86568185903636,3789.631363718073,2770.1686362819273,139716.0
LICN,2014-09-24,3155.0,3250.0,3100.0,3250.0,3.01 %,513.0,1647500.0,0.030110935023771823,0.029666500348469668,3168.2,3237.4,3209.464296434647,3365.4966102636604,44.1404270705922,-156.03231382901322,-178.45305634472953,124.17834889926934,3237.4,166.4456288654615,3570.291257730923,2904.508742269077,140229.0
LICN,2014-09-28,3250.0,3380.0,3290.0,3380.0,4.00 %,758.0,2514972.0,0.040000000000000036,0.03922071315328133,3207.0,3221.9,3235.7005585216243,3366.5709354293153,50.20198609808157,-130.87037690769102,-168.93652045732185,124.59418112075011,3221.9,133.1919469669245,3488.283893933849,2955.516106066151,140987.0
LICN,2014-09-29,3380.0,3520.0,3440.0,3520.0,4.14 %,416.0,1445498.0,0.041420118343195256,0.0405852801150783,3281.0,3231.8,3279.438934133682,3377.93605132344,55.7685508213398,-98.49711718975823,-154.84863980380914,125.69459675498224,3231.8,147.60280984345158,3527.005619686903,2936.594380313097,141403.0
LICN,2014-09-30,3520.0,3590.0,3421.0,3480.0,-1.14 %,811.0,2809990.0,-0.011363636363636354,-0.011428695823622744,3357.0,3248.3,3310.2944827285,3385.4963438180002,53.91418702063462,-75.2018610895002,-138.91928406094735,128.78783984391208,3248.3,156.173351726444,3560.6467034528882,2935.953296547112,140592.0
LICN,2014-10-08,3480.0,3415.0,3411.0,3411.0,-1.98 %,286.0,976346.0,-0.019827586206896508,-0.020026790349874247,3408.2,3247.6,3325.787639231808,3387.3855035351853,50.77763949644724,-61.597864303377264,-123.45500010943333,124.51727985506122,3247.6,155.36896662291215,3558.3379332458244,2936.8620667541754,140306.0
LICN,2014-10-09,3411.0,3385.0,3350.0,3351.0,-1.76 %,420.0,1415270.0,-0.017590149516270914,-0.017746694681335357,3428.4,3240.1,3329.666463965376,3384.6902810510974,48.154207023289175,-55.023817085721475,-109.76876350469095,119.98033129398543,3240.1,145.81996830987396,3531.739936619748,2948.460063380252,139886.0
LICN,2014-10-12,3351.0,3350.0,3284.0,3284.0,-2.00 %,1200.0,3964201.0,-0.019994031632348586,-0.020196617164991593,3409.2,3229.8,3322.640854124549,3377.231741713979,45.33736865186717,-54.59088758942971,-98.73318832163872,116.19602191584362,3229.8,134.0387218208467,3497.8774436416934,2961.722556358307,138686.0
LICN,2014-10-13,3284.0,3260.0,3230.0,3260.0,-0.73 %,270.0,877300.0,-0.0073081607795371095,-0.0073349962115654725,3357.2,3234.3,3313.003799643849,3368.5479089944247,44.336875997920274,-55.54410935057558,-90.09537252742611,111.7534489218548,3234.3,133.43482540767553,3501.1696508153514,2967.430349184649,138416.0
LICN,2014-10-14,3260.0,3264.0,3200.0,3264.0,0.12 %,82.0,264320.0,0.0012269938650306678,0.0012262417232442935,3314.0,3236.85,3305.4647535447953,3360.803619439282,44.55648079136474,-55.338865894486844,-83.14407120083825,108.34248828457946,3236.85,133.49365252009474,3503.837305040189,2969.8626949598106,138498.0
LICN,2014-10-15,3264.0,3375.0,3250.0,3375.0,3.40 %,706.0,2365172.0,0.034007352941176405,0.033441887222632506,3306.8,3248.1,3316.162483768673,3361.8552031845206,50.40396270923749,-45.69271941584748,-75.6538008438401,109.53231054996665,3248.1,135.25838820178686,3518.6167764035736,2977.5832235964263,139204.0
LICN,2014-10-16,3375.0,3450.0,3350.0,3350.0,-0.74 %,131.0,447491.0,-0.007407407407407418,-0.00743497848751809,3306.6,3257.5,3321.3682554965694,3360.9770399856675,49.146733478399824,-39.60878448909807,-68.4447975728917,108.85143122496903,3257.5,135.49227983444203,3528.4845596688842,2986.5154403311158,139073.0
LICN,2014-10-20,3350.0,3440.0,3395.0,3400.0,1.49 %,782.0,2666960.0,0.014925373134328401,0.014815085785140682,3329.8,3272.5,3333.4654469586358,3363.8676296163585,51.7394596269383,-30.402182657722733,-60.836274589857915,107.50490042318553,3272.5,133.7328444482074,3539.9656888964146,3005.0343111035854,139855.0
LICN,2014-10-21,3400.0,3500.0,3400.0,3500.0,2.94 %,1340.0,4598390.0,0.02941176470588225,0.028987536873252187,3377.8,3295.0,3359.086147426538,3373.9515089040356,56.514697076020425,-14.865361477497572,-51.642091967385845,106.9688361072437,3295.0,132.1741275741887,3559.3482551483776,3030.6517448516224,141195.0
LICN,2014-10-22,3500.0,3509.0,3457.0,3509.0,0.26 %,1046.0,3648338.0,0.002571428571428669,0.002568128105710165,3426.8,3316.9,3382.1498170532245,3383.95510083707,56.9277705771036,-1.8052837838454252,-41.67473033067777,103.042490671012,3316.9,129.36236335437556,3575.624726708751,3058.175273291249,142241.0
LICN,2014-10-26,3509.0,3570.0,3485.0,3485.0,-0.68 %,1117.0,3900690.0,-0.006839555428897137,-0.006863052388590872,3448.8,3331.15,3397.972922121959,3391.439908182472,55.41604222881742,6.533013939486864,-32.03318147664484,101.7537413373683,3331.15,131.4871516636872,3594.1243033273745,3068.1756966726257,141124.0
LICN,2014-10-27,3485.0,3606.0,3550.0,3606.0,3.47 %,237.0,848396.0,0.03472022955523668,0.034131080568638276,3500.0,3350.8,3429.9770879493503,3407.3332483171043,61.03417805437863,22.643839632246,-21.097777254866678,103.12847409898485,3350.8,141.8578235602854,3634.515647120571,3067.0843528794294,141361.0
LICN,2014-10-28,3606.0,3650.0,3600.0,3650.0,1.22 %,921.0,3327970.0,0.012201885745978913,0.012128042813274597,3550.0,3374.0,3463.826766726373,3425.308563256578,62.86661944870742,38.518203469795026,-9.174581109934337,99.3335830919145,3374.0,151.12664608828126,3676.2532921765624,3071.7467078234376,142282.0
LICN,2014-10-30,3650.0,3680.0,3650.0,3680.0,0.82 %,141.0,517620.0,0.008219178082191858,0.008185584586439502,3586.0,3400.5,3497.084187230008,3444.1745956079426,64.10604605556782,52.90959162206536,3.242253436465604,94.3811842996349,3400.5,156.16472409807997,3712.82944819616,3088.17055180384,142423.0
LICN,2014-11-02,3680.0,3700.0,3553.0,3601.0,-2.15 %,1065.0,3866800.0,-0.021467391304347827,-0.021701167514101376,3604.4,3425.55,3513.0712353484682,3455.791292229577,58.562747261994204,57.279943118891424,14.049791372950768,98.13967113537527,3425.55,145.22413711225087,3715.998274224502,3135.1017257754984,141358.0
LICN,2014-11-03,3601.0,3550.0,3400.0,3450.0,-4.19 %,1221.0,4230900.0,-0.0419327964454318,-0.042837353623469764,3597.4,3440.3,3503.367968371781,3455.3623076199788,49.71398696474298,48.005660751802225,20.840965248721062,105.48683748284847,3440.3,130.53739129580313,3701.3747825916066,3179.2252174083937,140137.0
LICN,2014-11-04,3450.0,3450.0,3300.0,3400.0,-1.45 %,948.0,3183198.0,-0.01449275362318836,-0.014598799421152636,3556.2,3447.8,3487.4652040068913,3451.2613959444247,47.17227934483122,36.20380806246658,23.913533811470167,108.66634909121643,3447.8,123.12706316731652,3694.054126334633,3201.5458736653673,139189.0
LICN,2014-11-05,3400.0,3530.0,3445.0,3460.0,1.76 %,892.0,3105540.0,0.01764705882352935,0.01749315744751712,3518.2,3451.8,3483.239788005831,3451.9086999485417,50.44635373334171,31.331088057289435,25.39704466063402,110.19018129898669,3451.8,122.10375225924592,3696.007504518492,3207.592495481508,140081.0
LICN,2014-11-06,3460.0,3505.0,3440.0,3505.0,1.30 %,768.0,2669810.0,0.013005780346820872,0.012921931416920588,3483.2,3451.05,3486.587512928011,3455.8413888412424,52.80865338976133,30.74612408676876,26.466860545860968,106.96231120620192,3451.05,121.70822529829685,3694.466450596594,3207.6335494034065,140849.0
LICN,2014-11-09,3505.0,3520.0,3435.0,3435.0,-2.00 %,724.0,2494245.0,-0.0199714693295292,-0.02017359481224071,3450.0,3448.8,3478.650972477548,3454.2975822604094,48.903238312262545,24.35339021713844,26.044166480116463,105.3935746914732,3448.8,121.56072773027323,3691.9214554605464,3205.678544539454,140125.0
LICN,2014-11-10,3435.0,3367.0,3290.0,3306.0,-3.76 %,955.0,3176837.0,-0.03755458515283838,-0.03827792627548018,3421.2,3443.55,3452.089284404079,3443.3125761670453,42.64431536000408,8.776708237033745,22.59067483149992,108.2226050706537,3443.55,125.48326581659337,3694.516531633187,3192.5834683668136,139170.0
LICN,2014-11-11,3306.0,3365.0,3320.0,3365.0,1.78 %,1293.0,4332365.0,0.01784633998790075,0.017688963697858655,3414.2,3444.25,3438.6909329572977,3437.511644599116,46.045547405667044,1.1792883581815659,18.308397536836253,104.70670470846414,3444.25,124.97784014101708,3694.2056802820343,3194.2943197179657,140463.0
LICN,2014-11-12,3365.0,3305.0,3300.0,3300.0,-1.93 %,1332.0,4398430.0,-0.019316493313521588,-0.01950549462425662,3382.2,3445.05,3417.3538663484824,3427.3255968510334,43.018878555120324,-9.971730502551054,12.652371928958793,101.87051151500242,3445.05,123.94501115200852,3692.940022304017,3197.1599776959833,139131.0
LICN,2014-11-13,3300.0,3330.0,3108.0,3330.0,0.91 %,8844.0,27631346.0,0.009090909090909038,0.009049835519917856,3347.2,3448.55,3403.9148099871773,3420.1162933805863,44.82164150803772,-16.201483393409035,6.881600864485229,110.45118926393083,3448.55,119.34755746843771,3687.245114936876,3209.8548850631246,147975.0
LICN,2014-11-16,3330.0,3340.0,3180.0,3180.0,-4.50 %,886.0,2895365.0,-0.04504504504504503,-0.046091107200266976,3296.2,3444.35,3369.4663776814577,3402.329901278321,38.297379694398785,-32.86352359686316,-1.0674240277844493,113.99039003079292,3444.35,127.39093374333135,3699.1318674866625,3189.5681325133373,147089.0
LICN,2014-11-17,3180.0,3135.0,3071.0,3135.0,-1.42 %,1280.0,3964022.0,-0.014150943396226467,-0.014252022707201502,3262.0,3432.35,3333.394627268926,3382.5276863688155,36.577252199427534,-49.13305909988958,-10.680551042205476,113.633933600022,3432.35,144.43147163965978,3721.2129432793195,3143.4870567206804,145809.0
LICN,2014-11-18,3135.0,3180.0,3014.0,3180.0,1.44 %,724.0,2247600.0,0.014354066985645897,0.014252022707201413,3225.0,3423.85,3309.7954538429376,3367.525635526681,39.503470498310456,-57.73018168374347,-20.090477170513076,117.37436691430615,3423.85,154.20467430964996,3732.2593486193,3115.4406513807,146533.0
LICN,2014-11-19,3180.0,3220.0,3200.0,3200.0,0.63 %,540.0,1728400.0,0.0062893081761006275,0.006269613013595395,3205.0,3413.85,3292.9038455594086,3355.1163291913713,40.81056806149511,-62.21248363196264,-28.51487846280299,111.84762642042715,3413.85,162.1147335750305,3738.0794671500607,3089.620532849939,147073.0
LICN,2014-11-20,3200.0,3300.0,3200.0,3300.0,3.12 %,746.0,2433144.0,0.03125,0.030771658666753687,3199.0,3403.85,3293.995561627192,3351.0336381401585,46.979068308128355,-57.038076512966654,-34.219518072835726,111.00136739039664,3403.85,162.68836046741885,3729.2267209348374,3078.4732790651624,147819.0
LICN,2014-11-23,3300.0,3366.0,3300.0,3300.0,0.00 %,276.0,922416.0,0.0,0.0,3223.0,3393.4,3294.9193213768544,3347.253368648295,46.979068308075625,-52.33404727144034,-37.842423912556654,107.78698400536831,3393.4,162.29064246461292,3717.9812849292257,3068.8187150707745,147819.0
LICN,2014-11-24,3300.0,3300.0,3250.0,3250.0,-1.52 %,200.0,655000.0,-0.015151515151515138,-0.01526747213078842,3246.0,3381.65,3288.008656549646,3340.049415415088,44.301775231377135,-52.04075886544206,-40.68209090313374,103.65934229069914,3381.65,163.80966972292794,3709.269339445856,3054.030660554144,147619.0
LICN,2014-11-25,3250.0,3264.0,3200.0,3264.0,0.43 %,36.0,115840.0,0.004307692307692346,0.004298440760214497,3262.8,3364.55,3284.3150170804697,3334.416125384341,45.24274548573908,-50.101108303871115,-42.56589438328122,100.82653212707778,3364.55,156.860472697027,3678.2709453940543,3050.829054605946,147655.0
LICN,2014-11-30,3264.0,3230.0,3205.0,3205.0,-1.81 %,888.0,2856520.0,-0.018075980392156854,-0.018241346729227205,3263.8,3342.3,3272.1127067603975,3324.8297457262415,42.02087352667015,-52.71703896584404,-44.59612329979379,97.83892268942937,3342.3,145.38011881741724,3633.0602376348347,3051.5397623651656,146767.0
LICN,2014-12-01,3205.0,3155.0,3100.0,3100.0,-3.28 %,2003.0,6239157.0,-0.032761310452418146,-0.03330997888153285,3223.8,3313.3,3245.6338287972594,3308.1756904872605,36.97445692712127,-62.54186169000104,-48.18527097783524,98.35042821161299,3313.3,131.67347972600962,3576.6469594520195,3049.953040547981,144764.0
LICN,2014-12-02,3100.0,3180.0,3055.0,3100.0,0.00 %,5290.0,16793720.0,0.0,0.0,3183.8,3288.25,3223.228624366912,3292.7552689696854,36.97445692707573,-69.52664460277356,-52.45354570282291,100.25396905364065,3288.25,121.30773177943645,3530.8654635588728,3045.6345364411272,144764.0
LICN,2014-12-03,3100.0,3162.0,3088.0,3091.0,-0.29 %,847.0,2634252.0,-0.002903225806451637,-0.002907448341121329,3152.0,3270.3,3202.8857590796947,3277.8104342311904,36.53825418251281,-74.92467515149565,-56.94777159255746,98.37868554980918,3270.3,122.6669002667414,3515.633800533483,3024.9661994665175,143917.0
LICN,2014-12-04,3091.0,3172.0,3100.0,3100.0,0.29 %,330.0,1027420.0,0.002911679068262618,0.002907448341121225,3119.2,3255.3,3187.0571807597416,3264.639290954806,37.334414223816495,-77.58211019506416,-61.0746393130588,97.13735086767996,3255.3,124.30357576259223,3503.9071515251844,3006.692848474816,144247.0
LICN,2014-12-08,3100.0,3060.0,3035.0,3036.0,-2.06 %,539.0,1642395.0,-0.020645161290322567,-0.020861251957717056,3085.4,3234.1,3163.817614489012,3247.7030471803755,34.06191487497611,-83.88543269136335,-65.6367979887197,94.84182580570281,3234.1,123.70971965387454,3481.519439307749,2986.6805606922508,143708.0
LICN,2014-12-09,3036.0,3040.0,2985.0,2990.0,-1.52 %,1261.0,3773075.0,-0.015151515151515138,-0.01526747213078842,3063.4,3208.35,3137.0764430291642,3228.6139325744216,31.89773845433845,-91.53748954525736,-70.81693630002724,91.99598110529547,3208.35,117.81219443628453,3443.974388872569,2972.725611127431,142447.0
LICN,2014-12-10,2990.0,3109.0,3000.0,3109.0,3.98 %,181.0,550199.0,0.03979933110367884,0.03902774367402161,3065.2,3192.05,3132.756990255447,3219.753641272612,42.139598916386895,-86.99665101716528,-74.05287924345485,93.92483959777437,3192.05,106.84493190452417,3405.7398638090485,2978.360136190952,142628.0
LICN,2014-12-11,3109.0,3115.0,3060.0,3115.0,0.19 %,503.0,1556545.0,0.0019298809906722614,0.001928021162799726,3070.0,3182.5,3130.0251456007627,3211.994112289456,42.60825656639347,-81.9689666886934,-75.63609673250257,91.14449391221906,3182.5,104.63696639735078,3391.7739327947015,2973.2260672052985,143131.0
LICN,2014-12-14,3115.0,3178.0,3102.0,3160.0,1.44 %,608.0,1921742.0,0.014446227929374,0.014342875359404282,3082.0,3172.25,3134.636661662184,3208.142696564311,46.13235634368284,-73.50603490212688,-75.21008436642744,90.06274434706056,3172.25,95.45672758953914,3363.1634551790785,2981.3365448209215,143739.0
LICN,2014-12-15,3160.0,3329.0,3100.0,3329.0,5.35 %,676.0,2136966.0,0.05348101265822791,0.052099930994067206,3140.6,3173.7,3164.5387137141556,3217.095089411399,56.84879693755616,-52.55637569724331,-70.67934263259062,99.98683403655625,3173.7,97.69345180877788,3369.0869036175554,2978.313096382444,144415.0
LICN,2014-12-16,3329.0,3270.0,3180.0,3180.0,-4.48 %,262.0,839980.0,-0.044758185641333714,-0.0457907618008024,3178.6,3166.2,3166.9173731427472,3214.3473050105545,47.81673778403026,-47.42993186780723,-66.02946047963394,103.48777446251651,3166.2,90.56001208851461,3347.320024177029,2985.0799758229705,144153.0
LICN,2014-12-17,3180.0,3220.0,3220.0,3220.0,1.26 %,31.0,99820.0,0.012578616352201255,0.012500162764231468,3200.8,3168.2,3175.083931120786,3214.766023157921,50.10840367582187,-39.682092037135135,-60.75998679113418,98.95293342947963,3168.2,91.31933559016844,3350.838671180337,2985.561328819663,144184.0
LICN,2014-12-18,3220.0,3220.0,3190.0,3190.0,-0.93 %,454.0,1450560.0,-0.009316770186335366,-0.009360442759563695,3215.8,3170.95,3177.3787109483574,3212.931502924001,48.39192305980333,-35.552791975643686,-55.71854782803608,94.0277238988025,3170.95,91.09478868911224,3353.139577378224,2988.7604226217754,143730.0
LICN,2014-12-21,3190.0,3190.0,3190.0,3190.0,0.00 %,199.0,634810.0,0.0,0.0,3221.8,3171.45,3179.320447725533,3211.2328730777785,48.39192305974383,-31.912425352245464,-50.95732333287796,87.3114579060309,3171.45,91.17448569695078,3353.7989713939014,2989.101028606098,143730.0
LICN,2014-12-23,3190.0,3127.0,3010.0,3015.0,-5.49 %,1086.0,3288052.0,-0.054858934169279006,-0.05642108661760445,3159.0,3162.2,3154.040378844682,3196.697104701647,39.287219844988854,-42.65672585696484,-49.29720383769534,93.93206805560013,3162.2,97.30397298102976,3356.8079459620594,2967.59205403794,142644.0
LICN,2014-12-24,3015.0,3051.0,2990.0,3022.0,0.23 %,2105.0,6362280.0,0.002321724709784423,0.0023190336713990733,3127.4,3148.3,3133.726474407039,3183.7565784274507,39.77532350385031,-50.03010402041173,-49.443783874238626,91.57977748020012,3148.3,96.4354706526507,3341.1709413053018,2955.4290586946986,144749.0
LICN,2014-12-28,3022.0,3101.0,3051.0,3051.0,0.96 %,1296.0,3991092.0,0.009596293845135717,0.00955054188398481,3093.6,3135.85,3120.9993244982634,3173.922757803195,41.860708844995585,-52.92343330493168,-50.13971376037724,90.6812219459001,3135.85,91.78078861010624,3319.411577220212,2952.2884227797877,146045.0
LICN,2014-12-29,3051.0,3090.0,3015.0,3065.0,0.46 %,924.0,2837066.0,0.004588659455916133,0.004578163653642171,3068.6,3126.6,3112.3840438062225,3165.8544053733285,42.88883772911987,-53.47036156710601,-50.805843321722996,89.5611346640501,3126.6,88.9496605123451,3304.4993210246903,2948.7006789753095,146969.0
LICN,2014-12-31,3065.0,3100.0,3045.0,3100.0,1.14 %,108.0,332270.0,0.011419249592169667,0.011354542102925849,3050.6,3118.4,3110.478806297573,3160.9763012716003,45.48435358318289,-50.49749497402718,-50.74417365218384,87.09248218804653,3118.4,82.97520238314951,3284.350404766299,2952.449595233701,147077.0
LICN,2015-01-01,3100.0,3101.0,3062.0,3080.0,-0.65 %,542.0,1669902.0,-0.006451612903225823,-0.006472514505617479,3063.6,3112.15,3105.7897591748697,3154.9780567329635,44.246890982136314,-49.188297558093836,-50.43299843336584,83.65730488890036,3112.15,80.78774985301983,3273.72549970604,2950.57450029396,146535.0
LICN,2015-01-04,3080.0,3252.0,3099.0,3200.0,3.90 %,1714.0,5347334.0,0.03896103896103886,0.03822121282019767,3099.2,3117.15,3120.2836423787357,3158.3130154934847,52.5826192666571,-38.02937311474898,-47.95227336964247,89.96749739683605,3117.15,83.05880922257428,3283.267618445149,2951.0323815548513,148249.0
LICN,2015-01-05,3200.0,3255.0,3140.0,3140.0,-1.88 %,623.0,1971168.0,-0.018750000000000044,-0.01892800988551891,3117.0,3119.15,3123.3169281666223,3156.956495827301,48.66480256928468,-33.639567660678495,-45.08973222784968,91.75553329706204,3119.15,83.10568730933036,3285.3613746186606,2952.9386253813395,147626.0
LICN,2015-01-06,3140.0,3140.0,3090.0,3140.0,0.00 %,805.0,2503950.0,0.0,0.0,3132.0,3121.6,3125.8835546025266,3155.700459099353,48.6648025692196,-29.816904496826282,-42.035166681645,88.77299520441476,3121.6,82.95426767993365,3287.508535359867,2955.691464640133,147626.0
LICN,2015-01-07,3140.0,3210.0,3090.0,3210.0,2.23 %,656.0,2076940.0,0.022292993630573354,0.0220481372217626,3154.0,3127.1,3138.8245462021378,3159.722647314216,53.36612028431459,-20.898101112078166,-37.80775356773164,91.00349554695656,3127.1,85.0664755538642,3297.2329511077282,2956.9670488922716,148282.0
LICN,2015-01-08,3210.0,3274.0,3210.0,3220.0,0.31 %,281.0,903415.0,0.0031152647975076775,0.00311042241439233,3182.0,3136.3,3151.3130775556547,3164.187636402052,54.0140327476975,-12.874558846397122,-32.82111462346474,89.07467443645966,3136.3,84.64420892926704,3305.5884178585343,2967.011582141466,148563.0
LICN,2015-01-11,3220.0,3280.0,3220.0,3220.0,0.00 %,40.0,130000.0,0.0,0.0,3186.0,3147.8,3161.880296393246,3168.3218855574555,54.01403274761668,-6.44158916420929,-27.54520953161365,86.99791197671254,3147.8,79.16844134667153,3306.136882693343,2989.4631173066573,148563.0
LICN,2015-01-12,3220.0,3330.0,3200.0,3330.0,3.42 %,1614.0,5208660.0,0.03416149068322971,0.03359094443603542,3224.0,3158.85,3187.744866178901,3180.2980421828292,60.937679163050255,7.446823996071544,-20.546802826076615,90.06948969266165,3158.85,88.3576911137086,3335.565382227417,2982.1346177725827,150177.0
LICN,2015-01-13,3330.0,3425.0,3300.0,3335.0,0.15 %,3273.0,11007474.0,0.0015015015015014122,0.001500375375234492,3263.0,3169.85,3210.3995021513774,3191.7574464655827,61.223464904658734,18.64205568579473,-12.709031123702346,92.56452614318582,3169.85,95.97712172562258,3361.804243451245,2977.895756548755,153450.0
LICN,2015-01-14,3335.0,3350.0,3325.0,3335.0,0.00 %,2193.0,7334355.0,0.0,0.0,3288.0,3178.6,3229.5688095127043,3202.3680059866506,61.223464904562256,27.200803526053733,-4.727064193751129,87.73848856152969,3178.6,102.76872348294441,3384.1374469658886,2973.0625530341113,153450.0
LICN,2015-01-18,3335.0,3401.0,3395.0,3395.0,1.80 %,210.0,713010.0,0.01799100449775115,0.017831081643072434,3323.0,3181.9,3255.0197618953653,3216.637042580232,64.80683341257792,38.38271931513327,3.8948925080257517,86.18573937856328,3181.9,108.73865337054801,3399.377306741096,2964.422693258904,153660.0
LICN,2015-01-19,3395.0,3462.0,3400.0,3440.0,1.33 %,1992.0,6808330.0,0.013254786450662692,0.013167710374647488,3367.0,3194.9,3283.478260065309,3233.182446833548,67.25118675941158,50.2958132317608,13.175076652772763,84.81532942295163,3194.9,123.09384524353824,3441.0876904870765,2948.7123095129236,155652.0
LICN,2015-01-20,3440.0,3372.0,3372.0,3372.0,-1.98 %,110.0,370920.0,-0.019767441860465085,-0.01996543124569793,3375.4,3202.5,3297.0969892860307,3243.4652285495818,60.42181873419501,53.631760736448996,21.26641346950801,83.61423446416939,3202.5,129.2628900220017,3461.0257800440036,2943.9742199559964,155542.0
LICN,2015-01-22,3372.0,3360.0,3270.0,3331.0,-1.22 %,882.0,2925182.0,-0.01215895610913409,-0.012233480928066467,3374.6,3209.55,3302.31283708818,3249.9492856940574,56.684141743426295,52.363551394122624,27.485841054430935,84.92750343101444,3209.55,132.35338462257252,3474.2567692451453,2944.843230754855,154660.0
LICN,2015-01-25,3331.0,3330.0,3311.0,3311.0,-0.60 %,291.0,966142.0,-0.006004202942059389,-0.006022300646433327,3369.8,3215.6,3303.6493236899983,3254.4715608278307,54.90007247045959,49.17776286216758,31.824225415978265,80.28982461451342,3215.6,134.16580472643804,3483.931609452876,2947.268390547124,154369.0
LICN,2015-01-26,3311.0,3315.0,3310.0,3310.0,-0.03 %,500.0,1656100.0,-0.000302023557837483,-0.00030206917613765955,3352.8,3230.35,3304.626350814614,3258.584778544288,54.80718816292493,46.041572270326014,34.66769478684782,74.91197999919105,3230.35,126.97462448519317,3484.299248970386,2976.4007510296137,153869.0
LICN,2015-01-27,3310.0,3320.0,3310.0,3315.0,0.15 %,550.0,1821677.0,0.0015105740181269312,0.0015094342488543404,3327.8,3245.0,3306.2222968431347,3262.7636838373037,55.215183236177744,43.45861300583101,36.42587843064446,70.27540999924882,3245.0,118.27532553993174,3481.5506510798637,3008.4493489201363,154419.0
LICN,2015-01-28,3315.0,3400.0,3340.0,3400.0,2.56 %,249.0,840140.0,0.02564102564102555,0.025317807984289786,3333.4,3262.45,3320.6496357903443,3272.9293368863923,61.56731987556002,47.72029890395197,38.68476252530596,71.3271664278739,3262.45,113.80753605607902,3490.065072112158,3034.834927887842,154668.0
LICN,2015-01-29,3400.0,3340.0,3316.0,3340.0,-1.76 %,406.0,1351022.0,-0.01764705882352946,-0.017804624633506707,3335.2,3276.2,3323.626614899522,3277.8975341540668,55.575118059380166,45.72908074545512,40.0936261693358,72.23236882588292,3276.2,104.96545797746434,3486.1309159549287,3066.269084045071,154262.0
LICN,2015-02-01,3340.0,3400.0,3360.0,3370.0,0.90 %,669.0,2256830.0,0.008982035928143617,0.008941937375661213,3347.0,3289.7,3330.760981838057,3284.719939031543,57.78736369550798,46.041042806513815,41.2831094967714,71.35862819546271,3289.7,98.25964530128621,3486.219290602572,3093.1807093974276,154931.0
LICN,2015-02-02,3370.0,3400.0,3370.0,3390.0,0.59 %,487.0,1645410.0,0.005934718100890191,0.0059171770280885185,3363.0,3305.2,3339.874676939894,3292.518462066244,59.244456385350226,47.35621487365006,42.497730572147134,68.40444046721538,3305.2,87.27608944877954,3479.752178897559,3130.6478211024405,155418.0
LICN,2015-02-03,3390.0,3375.0,3351.0,3356.0,-1.00 %,936.0,3142054.0,-0.010029498525073732,-0.010080132787399134,3371.2,3313.0,3342.355495872218,3297.220798209485,55.7230725719402,45.13469766273283,43.02512399026428,66.30412329098571,3313.0,84.2995910584935,3481.599182116987,3144.400817883013,154482.0
LICN,2015-02-04,3356.0,3356.0,3340.0,3340.0,-0.48 %,152.0,508470.0,-0.004767580452920139,-0.004778981616350692,3359.2,3323.0,3341.9931118918767,3300.3896279717455,54.093635605030336,41.60348392013111,42.74079597623765,62.71097162734388,3323.0,73.92101047382477,3470.8420209476494,3175.1579790523506,154330.0
LICN,2015-02-05,3340.0,3370.0,3350.0,3370.0,0.90 %,136.0,456836.0,0.008982035928143617,0.008941937375661213,3365.2,3334.5,3346.301863908511,3305.5459518256903,56.65308562248389,40.75591208282094,42.34381919755431,60.37447365396218,3334.5,60.65302526405263,3455.806050528105,3213.193949471895,154466.0
LICN,2015-02-08,3370.0,3385.0,3370.0,3385.0,0.45 %,385.0,1299475.0,0.004451038575667754,0.004441161999968057,3368.2,3343.25,3352.255423307202,3311.4314368756395,57.91648440419776,40.82398643156239,42.039852644355925,57.13343982153631,3343.25,54.005725817270545,3451.261451634541,3235.238548365459,154851.0
LICN,2015-02-09,3385.0,3460.0,3400.0,3416.0,0.92 %,2331.0,7976650.0,0.009158050221565794,0.009116369562085176,3373.4,3353.05,3362.06228125994,3319.177256366333,60.48010175188767,42.8850248936069,42.20888709420612,58.40962269142657,3353.05,47.90173604147363,3448.8534720829475,3257.246527917053,157182.0
LICN,2015-02-10,3416.0,3440.0,3402.0,3435.0,0.56 %,2910.0,9978660.0,0.005562060889929832,0.005546649747989321,3389.2,3363.8,3373.283468758411,3327.756718857716,62.00771424786324,45.526749900694995,42.8724596555039,56.95179249918182,3363.8,39.933629146868334,3443.6672582937367,3283.9327417062636,160092.0
LICN,2015-02-11,3435.0,3445.0,3410.0,3440.0,0.15 %,1685.0,5783040.0,0.0014556040756914523,0.0014545457109943617,3409.2,3369.3,3383.547550487886,3336.0710359793666,62.41939657177365,47.47651450851936,43.793270626106995,55.383807320668836,3369.3,42.524420228698744,3454.3488404573977,3284.2511595426026,161777.0
LICN,2015-02-12,3440.0,3519.0,3420.0,3499.0,1.72 %,6028.0,20777400.0,0.017151162790697727,0.01700574200024404,3435.0,3377.5,3401.309465797442,3348.139848129043,66.96791055374052,53.16961766839904,45.66854003456541,58.49924965490678,3377.5,50.60632371549492,3478.71264743099,3276.28735256901,167805.0
LICN,2015-02-15,2692.0,2854.0,2745.0,2854.0,6.02 %,154.0,436662.0,-0.18433838239497002,-0.20375569433090635,3328.8,3353.45,3317.1080095209127,3311.5368964157806,27.616256972707802,5.571113105132099,37.64905464867875,108.17787467955628,3353.45,127.59659911322363,3608.643198226447,3098.2568017735525,167651.0
LICN,2015-02-16,2854.0,2911.0,2853.0,2853.0,-0.03 %,260.0,749260.0,-0.0003503854239663706,-0.00035044682328173697,3216.2,3326.35,3245.7067772869264,3277.571200384982,27.58918872533839,-31.864423098055795,23.74635909933184,104.59374077387369,3326.35,169.11107374490746,3664.5721474898146,2988.127852510185,167391.0
LICN,2015-02-19,2853.0,2860.0,2830.0,2830.0,-0.81 %,588.0,1677080.0,-0.008061689449702092,-0.008094360576216712,3095.2,3295.85,3181.7518884735528,3244.417778134243,26.935262061932193,-62.66588966069003,6.463909347327466,99.26561643288271,3295.85,199.76493422862325,3695.3798684572466,2896.320131542753,166803.0
LICN,2015-02-26,2830.0,2800.0,2800.0,2800.0,-1.06 %,46.0,128800.0,-0.010600706713780883,-0.01065729447398798,2967.2,3267.25,3123.020828708391,3211.4979427168914,26.0673705453234,-88.4771140085004,-12.524295323838107,94.31807240196251,3267.25,227.33278991034027,3721.9155798206807,2812.5844201793193,166757.0
LICN,2015-03-01,2800.0,2800.0,2800.0,2800.0,0.00 %,78.0,218400.0,0.0,0.0,2827.4,3240.7,3073.325316599408,3181.016613626751,26.067370545293244,-107.69129702734335,-31.55769566453916,87.58106723039376,3240.7,249.42926431101625,3739.558528622032,2741.8414713779675,166757.0
LICN,2015-03-02,2800.0,2760.0,2705.0,2759.0,-1.46 %,540.0,1462890.0,-0.01464285714285718,-0.014751121946009246,2808.4,3213.1,3024.9675755841145,3149.7561237284735,24.800765280632973,-124.78854814435908,-50.203866160503146,88.11099099965135,3213.1,270.8604029656881,3754.820805931376,2671.3791940686237,166217.0
LICN,2015-03-04,2759.0,2740.0,2660.0,2660.0,-3.59 %,1104.0,2981900.0,-0.03588256614715479,-0.03654217244154136,2769.8,3180.6,2968.818717801943,3113.477892341179,22.018674733502735,-144.65917453923612,-69.09492783624975,88.8887773568191,3180.6,296.41247931680454,3773.424958633609,2587.7750413663907,165113.0
LICN,2015-03-09,2660.0,2766.0,2607.0,2766.0,3.98 %,298.0,790651.0,0.03984962406015047,0.039076110448958846,2757.0,3153.15,2937.6158381401056,3087.7387892047955,30.950169523418083,-150.12295106468991,-85.3005324819378,93.89672183133203,3153.15,308.48582241584023,3770.1216448316804,2536.1783551683197,165411.0
LICN,2015-03-10,2766.0,2720.0,2711.0,2711.0,-1.99 %,191.0,518620.0,-0.01988430947216202,-0.02008466272603805,2739.2,3118.7,2902.751863041628,3059.8322122266623,29.088525048039315,-157.08034918503427,-99.65649582255709,91.11838455766546,3118.7,317.7993574237461,3754.298714847492,2483.1012851525074,165220.0
LICN,2015-03-11,2711.0,2700.0,2700.0,2700.0,-0.41 %,100.0,270000.0,-0.004057543341940195,-0.004065797506245035,2719.2,3086.7,2871.559268727531,3033.1779742839467,28.716493473239197,-161.61870555641553,-112.04893776932877,85.39564280354651,3086.7,326.44723922863665,3739.594478457273,2433.8055215427266,165120.0
LICN,2015-03-12,2700.0,2700.0,2690.0,2690.0,-0.37 %,108.0,291200.0,-0.0037037037037036535,-0.0037105793965356015,2705.4,3052.7,2843.62707353868,3007.7573835962467,28.361371676357706,-164.13031005756648,-122.46521222697632,80.01023974615032,3052.7,330.77104500020135,3714.2420900004026,2391.157909999597,165012.0
LICN,2015-03-15,2690.0,2651.0,2650.0,2650.0,-1.49 %,75.0,198798.0,-0.014869888475836479,-0.014981553615616946,2703.4,3015.7,2813.8382929942677,2981.2568366631913,26.92694711240226,-167.41854366892358,-131.45587851536578,77.15236547856816,3015.7,332.4388507284961,3680.577701456992,2350.8222985430075,164937.0
LICN,2015-03-16,2650.0,2653.0,2601.0,2625.0,-0.94 %,598.0,1581094.0,-0.009433962264150941,-0.00947874395454377,2675.2,2979.15,2784.7862479182263,2954.8674413548065,26.040476959501618,-170.08119343658018,-139.18094149960868,75.35576794438471,2979.15,333.23932841127754,3645.628656822555,2312.671343177445,164339.0
LICN,2015-03-17,2625.0,2625.0,2600.0,2600.0,-0.95 %,120.0,312500.0,-0.00952380952380949,-0.009569451016150672,2653.0,2942.15,2756.357594392345,2928.5809642174136,25.148856696185916,-172.2233698250684,-145.78942716470064,71.75892737692867,2942.15,332.1447488829619,3606.439497765924,2277.860502234076,164219.0
LICN,2015-03-18,2600.0,2600.0,2575.0,2575.0,-0.96 %,32.0,82925.0,-0.009615384615384581,-0.009661910911736859,2628.0,2902.4,2728.456426024292,2902.3897816827903,24.254505477797537,-173.93335565849839,-151.4182128634602,68.41900399286234,2902.4,325.7561890998263,3553.9123781996527,2250.8876218003475,164187.0
LICN,2015-03-19,2575.0,2626.0,2575.0,2575.0,0.00 %,220.0,570020.0,0.0,0.0,2605.0,2861.9,2704.847745097478,2878.1386867433243,24.254505477760375,-173.2909416458465,-155.79275861993747,67.1747894219436,2861.9,312.6884947305257,3487.2769894610515,2236.5230105389487,164187.0
LICN,2015-03-22,2575.0,2530.0,2526.0,2527.0,-1.86 %,199.0,503161.0,-0.018640776699029082,-0.01881670570964225,2580.4,2817.45,2677.48655354402,2852.1284136512263,22.474769049375993,-174.6418601072064,-159.56257891739128,65.87659017751906,2817.45,292.29787888385385,3402.0457577677075,2232.854242232292,163988.0
LICN,2015-03-26,2527.0,2525.0,2480.0,2525.0,-0.08 %,136.0,342230.0,-0.000791452314997998,-0.0007917656787340016,2560.4,2771.95,2654.027083768017,2827.896679306691,22.40101186262659,-173.86959553867428,-162.42398224164788,64.52826230769628,2771.95,260.169676415827,3292.2893528316536,2251.610647168346,163852.0
LICN,2015-03-30,2525.0,2500.0,2500.0,2500.0,-0.99 %,60.0,150000.0,-0.00990099009900991,-0.009950330853168092,2540.4,2724.95,2630.3306093421684,2803.6080363950846,21.453254876300278,-173.2774270529162,-164.59467120390156,61.70481500000369,2724.95,213.93099600719896,3152.8119920143977,2297.088007985602,163792.0
LICN,2015-03-31,2500.0,2510.0,2475.0,2475.0,-1.00 %,268.0,670230.0,-0.010000000000000009,-0.01005033585350145,2520.4,2673.75,2606.4335925202963,2779.2667003658194,20.518372543459847,-172.83310784552305,-166.24235853222586,59.797328214289145,2673.75,121.49415190604566,2916.7383038120915,2430.7616961879085,163524.0
LICN,2015-04-01,2475.0,2452.0,2452.0,2452.0,-0.93 %,62.0,152024.0,-0.009292929292929242,-0.009336377946688606,2495.8,2653.65,2582.6745782864045,2755.0247225609437,19.66914934606673,-172.35014427453916,-167.46391568068853,57.16894762755421,2653.65,123.34345501378594,2900.336910027572,2406.9630899724284,163462.0
LICN,2015-04-02,2452.0,2440.0,2410.0,2440.0,-0.49 %,1605.0,3898530.0,-0.004893964110929905,-0.004905978768854518,2478.4,2633.0,2560.724643165419,2731.6895579268,19.22213782328562,-170.9649147613809,-168.16411549682704,56.085451368443195,2633.0,122.78264921139936,2878.5652984227986,2387.4347015772014,161857.0
LICN,2015-04-05,2440.0,2435.0,2430.0,2435.0,-0.20 %,450.0,1095000.0,-0.002049180327868827,-0.0020512827705573607,2460.4,2613.25,2541.3823903707394,2709.712553635926,19.028093094529694,-168.33016326518646,-168.19732505049893,52.793633413554396,2613.25,121.18488484869198,2855.619769697384,2370.880230302616,161407.0
LICN,2015-04-06,2435.0,2509.0,2435.0,2509.0,3.04 %,310.0,761080.0,0.03039014373716631,0.029937510849732108,2462.2,2598.7,2536.400484159856,2694.8449570703015,30.25053669887393,-158.44447291044526,-166.24675462248823,54.3083738840148,2598.7,114.88855011431637,2828.4771002286325,2368.922899771367,161717.0
LICN,2015-04-07,2509.0,2460.0,2450.0,2460.0,-1.95 %,576.0,1413835.0,-0.019529693104822665,-0.019722917440013827,2459.2,2581.7,2524.6465635198783,2677.4490343243533,27.529693670214954,-152.80247080447498,-163.55789785888558,54.6434900351566,2581.7,108.5124780600753,2798.7249561201506,2364.675043879849,161141.0
LICN,2015-04-08,2460.0,2509.0,2450.0,2455.0,-0.20 %,346.0,852470.0,-0.002032520325203291,-0.002034588697787574,2459.8,2566.5,2513.931707593743,2660.9713280781048,27.260255615399487,-147.03962048436188,-160.25424238398085,54.954669318359706,2566.5,103.54785316334876,2773.5957063266974,2359.4042936733026,160795.0
LICN,2015-04-09,2455.0,2483.0,2435.0,2445.0,-0.41 %,690.0,1684969.0,-0.004073319755600768,-0.004081638319648507,2460.8,2555.75,2503.3268295023977,2644.9734519241715,26.697470820822147,-141.64662242177383,-156.53271839153945,54.45790722419116,2555.75,104.48614866650782,2764.722297333016,2346.777702666984,160105.0
LICN,2015-04-12,2445.0,2455.0,2450.0,2450.0,0.20 %,480.0,1176850.0,0.002044989775051187,0.002042901629800331,2463.8,2539.95,2495.1227018866443,2630.5309740038624,27.50337775274184,-135.40827211721808,-152.30782913667517,51.28234242246322,2539.95,94.42762474928229,2728.8052494985645,2351.094750501435,160585.0
LICN,2015-04-13,2450.0,2490.0,2450.0,2472.0,0.90 %,269.0,666042.0,0.008979591836734802,0.008939515038808828,2456.4,2528.0,2491.5653631348528,2618.7879388924653,31.093140518115035,-127.2225757576125,-147.29077846086264,50.476460820858705,2528.0,86.4255079305555,2700.851015861111,2355.148984138889,160854.0
LICN,2015-04-15,2472.0,2425.0,2390.0,2390.0,-3.32 %,250.0,601000.0,-0.03317152103559873,-0.033734173652025065,2442.4,2512.5,2475.9399226525675,2601.8406841596898,25.93780384356313,-125.9007615071223,-143.01277507011457,52.72814219079737,2512.5,81.6194636230063,2675.7389272460127,2349.2610727539873,160604.0
LICN,2015-04-16,2390.0,2436.0,2343.0,2400.0,0.42 %,200.0,475327.0,0.004184100418409997,0.004175371410480592,2431.4,2498.0,2464.2568576290955,2586.8895223700833,27.516158073835513,-122.63266474098782,-138.93675300428922,55.60470346288328,2498.0,73.81270750674145,2645.625415013483,2350.374584986517,160804.0
LICN,2015-04-19,2400.0,2358.0,2357.0,2358.0,-1.75 %,110.0,259360.0,-0.01749999999999996,-0.01765493523872071,2414.0,2483.4,2447.909648763081,2569.9347429352624,25.09700289645785,-122.02509417218153,-135.5544212378677,54.70436750124876,2483.4,70.9895470437434,2625.379094087487,2341.4209059125133,160694.0
LICN,2015-04-20,2358.0,2360.0,2350.0,2350.0,-0.34 %,250.0,588250.0,-0.003392705682782049,-0.0033984739591116212,2394.0,2469.65,2432.846625876453,2553.643280495613,24.652411836129616,-120.79665461916011,-132.6028679141262,51.51119839401671,2469.65,68.71548894576016,2607.0809778915204,2332.2190221084797,160444.0
LICN,2015-04-21,2350.0,2397.0,2350.0,2350.0,0.00 %,244.0,576250.0,0.0,0.0,2369.6,2457.15,2420.100991126229,2538.5585930514935,24.652411836070826,-118.4576019252645,-129.77381471635385,51.18896993730123,2457.15,66.45716863634972,2590.0643372726995,2324.2356627273007,160444.0
LICN,2015-04-23,2349.0,2311.0,2305.0,2305.0,-1.87 %,379.0,875245.0,-0.019148936170212738,-0.019334651707455724,2352.6,2443.65,2402.3931463375784,2521.2579565291608,22.098565083298226,-118.86481019158236,-127.59201381139957,50.74690065606543,2443.65,68.64498678365906,2580.9399735673182,2306.360026432682,160065.0
LICN,2015-05-26,2305.0,2259.0,2075.0,2075.0,-9.98 %,150.0,317740.0,-0.09978308026030369,-0.10511952276595023,2287.6,2418.65,2352.024969977951,2488.201811601075,14.073629697289377,-136.1768416231239,-129.30897937374445,63.55069346634647,2418.65,101.48387219549731,2621.6177443909946,2215.6822556090056,159915.0
LICN,2015-05-27,2075.0,2034.0,1870.0,1881.0,-9.40 %,3011.0,5732340.0,-0.09349397590361441,-0.09815760336376823,2192.2,2386.35,2279.5595899813434,2443.223899630625,10.58275180609327,-163.66430964928168,-136.1800454288519,73.65421536160744,2386.35,154.26268607732794,2694.875372154656,2077.824627845344,156904.0
LICN,2015-05-28,1880.0,1915.0,1850.0,1915.0,1.86 %,412.0,767637.0,0.018075491759702356,0.017914072313716046,2105.2,2355.85,2223.473499214983,2404.0962033616897,14.581660895631828,-180.62270414670684,-145.06857717242292,73.03605712149262,2355.85,183.02783078567103,2721.905661571342,1989.7943384286577,157316.0
LICN,2015-05-31,1915.0,2055.0,1950.0,2015.0,5.22 %,1758.0,3517560.0,0.052219321148825104,0.05090157276603703,2038.2,2331.6,2191.4006531819086,2375.274262371935,25.180125899400863,-183.8736091900264,-152.82958357594362,77.81919589852886,2331.6,194.68230530791217,2720.9646106158243,1942.2353893841755,159074.0
LICN,2015-06-01,2015.0,2150.0,2055.0,2150.0,6.70 %,2641.0,5579390.0,0.06699751861042191,0.06484864674092519,2007.2,2315.35,2185.0313219231534,2358.5872799740137,36.61422839142491,-173.55595805086023,-156.97485847092693,81.90353904863395,2315.35,195.64421925096337,2706.6384385019264,1924.0615614980732,161715.0
LICN,2015-06-02,2150.0,2150.0,2100.0,2150.0,0.00 %,2175.0,4598870.0,0.0,0.0,2022.2,2300.25,2179.6418877811298,2343.136370346309,36.614228391380266,-163.49448256517917,-158.27878328977738,79.62471483087438,2300.25,196.1958943183362,2692.6417886366726,1907.8582113633277,161715.0
LICN,2015-06-03,2150.0,2364.0,2193.0,2350.0,9.30 %,1686.0,3907088.0,0.09302325581395343,0.08894748601649612,2116.0,2295.75,2205.8508281224945,2343.644787357693,49.79636637165783,-137.7939592351986,-154.18181847886163,89.22294948581194,2295.75,193.83983486102832,2683.4296697220566,1908.0703302779434,163401.0
LICN,2015-06-04,2350.0,2443.0,2301.0,2301.0,-2.09 %,1836.0,4298012.0,-0.020851063829787186,-0.021071517102838718,2193.2,2289.05,2220.489162257495,2340.485914220086,47.20610828772171,-119.99675196259113,-147.34480517560755,92.99273880825395,2289.05,191.06942111236413,2671.1888422247284,1906.911157775272,161565.0
LICN,2015-06-07,2301.0,2344.0,2310.0,2320.0,0.83 %,538.0,1250270.0,0.008257279443720122,0.008223374624989762,2254.2,2279.6,2235.7985219101884,2338.9684390926723,48.32848534533601,-103.16991718248391,-138.50982757698281,89.42182889337866,2279.6,184.16765816992122,2647.9353163398423,1911.2646836601575,162103.0
LICN,2015-06-08,2320.0,2365.0,2340.0,2358.0,1.64 %,919.0,2153984.0,0.016379310344827536,0.016246616436960546,2295.8,2274.5,2254.598749308621,2340.378184345067,50.59092251777915,-85.7794350364461,-127.96374906887549,86.24884111528019,2274.5,180.28033725285604,2635.060674505712,1913.939325494288,163022.0
LICN,2015-06-09,2358.0,2490.0,2300.0,2301.0,-2.42 %,1822.0,4267338.0,-0.024173027989821905,-0.024469991061950382,2326.0,2266.8,2261.7374032611406,2337.4612818009878,47.249017803920914,-75.72387853984719,-117.51577496306984,93.65963817847445,2266.8,175.38757082531126,2617.5751416506228,1916.0248583493776,161200.0
LICN,2015-06-10,2301.0,2330.0,2285.0,2295.0,-0.26 %,1060.0,2438700.0,-0.0026075619295958807,-0.002610967540720402,2315.0,2259.3,2266.8547258363496,2334.316001667581,46.897833318840284,-67.46127583123143,-107.50487513670217,90.18394973715485,2259.3,170.50547143560325,2600.310942871207,1918.2890571287937,160140.0
LICN,2015-06-11,2295.0,2295.0,2220.0,2265.0,-1.31 %,2021.0,4568860.0,-0.013071895424836555,-0.013158084577511088,2307.8,2250.05,2266.569383399988,2329.181483025538,45.0931228548308,-62.612099625549945,-98.52632003447172,89.09938189878665,2250.05,164.52882486218033,2579.1076497243607,1920.9923502756396,158119.0
LICN,2015-06-14,2265.0,2280.0,2240.0,2245.0,-0.88 %,711.0,1602070.0,-0.008830022075055233,-0.008869237740779773,2292.8,2238.7,2263.2510167230666,2322.945817616239,43.880787976761056,-59.694800893172214,-90.76001620621183,85.59228319173046,2238.7,156.02162468204472,2550.743249364089,1926.6567506359104,157408.0
LICN,2015-06-15,2245.0,2300.0,2265.0,2270.0,1.11 %,2923.0,6643650.0,0.011135857461024523,0.011074310299093715,2275.2,2232.7,2264.2893218425947,2319.023905200221,45.840889239047826,-54.734583357626434,-83.55492963649475,83.40712010660685,2232.7,152.156463792006,2537.012927584012,1928.3870724159879,160331.0
LICN,2015-06-16,2285.0,2265.0,2260.0,2260.0,-1.09 %,1030.0,2329300.0,-0.004405286343612369,-0.004415018209116831,2267.0,2225.7,2263.6294261745034,2314.651764074279,45.16140549969781,-51.02233789977572,-77.04841128915095,78.16375438470637,2225.7,147.19414319013362,2520.088286380267,1931.3117136197325,159301.0
LICN,2015-06-17,2260.0,2265.0,2217.0,2265.0,0.22 %,1111.0,2483910.0,0.0022123893805310324,0.0022099456508028917,2261.0,2221.05,2263.8402836861183,2310.9738556243324,45.59563018209253,-47.13357193821412,-71.06544341896358,76.00920050008449,2221.05,144.2339017743628,2509.5178035487256,1932.5821964512745,160412.0
LICN,2015-06-18,2265.0,2280.0,2215.0,2270.0,0.22 %,4369.0,9724110.0,0.002207505518763808,0.0022050725583139755,2262.0,2217.05,2264.7879323497923,2307.938755207715,46.055631407163375,-43.150822857922776,-65.48251930675542,75.22282903579274,2217.05,141.5539603268466,2500.1579206536935,1933.9420793463069,164781.0
LICN,2015-06-21,2270.0,2290.0,2250.0,2289.0,0.84 %,421.0,954300.0,0.008370044052863346,0.008335209477118247,2270.8,2214.0,2268.5128658344397,2306.535884451588,47.85975606750451,-38.02301861714841,-59.99061916883402,72.70691267609327,2214.0,139.17576921593093,2492.3515384318616,1935.6484615681381,165202.0
LICN,2015-06-22,2255.0,2335.0,2250.0,2305.0,0.70 %,4414.0,10181600.0,0.006989951944080364,0.006965635478182176,2277.8,2214.0,2274.12627109068,2306.422115232952,49.394614180312324,-32.29584414227202,-54.45166416352162,73.58499034208661,2214.0,139.17576921593093,2492.3515384318616,1935.6484615681381,169616.0
LICN,2015-06-23,2351.0,2405.0,2348.0,2380.0,3.25 %,3474.0,8236850.0,0.03253796095444694,0.03201981123477157,2301.8,2229.25,2290.414537076729,2311.8723289194,55.94171104647235,-21.45779184267076,-47.85288969935145,75.47177674622328,2229.25,139.85175421816692,2508.953508436334,1949.5464915636662,173090.0
LICN,2015-06-24,2427.0,2427.0,2380.0,2400.0,0.84 %,4372.0,10447800.0,0.008403361344537785,0.00836824967051658,2328.8,2255.2,2307.2738390649247,2318.400304555,57.52001202905457,-11.126465490075134,-40.50760485749619,73.43807840720734,2255.2,118.32631063916973,2491.8526212783395,2018.5473787216604,177462.0
LICN,2015-06-25,2425.0,2442.0,2425.0,2434.0,1.75 %,1023.0,2487640.0,0.01416666666666666,0.014067257211435489,2361.6,2281.15,2326.770171516475,2326.963244958333,60.13453600039553,-0.19307344185790498,-32.44469857436854,71.19250137812111,2281.15,94.25233488663477,2469.6546697732697,2092.6453302267305,178485.0
LICN,2015-06-28,2460.0,2629.0,2460.0,2625.0,7.66 %,6283.0,16053000.0,0.07847165160230074,0.07554490147825164,2428.8,2311.65,2372.6516835908633,2349.040041628086,70.95087757098415,23.611641962777412,-21.23343046693935,80.03589413682674,2311.65,101.97485500178334,2515.5997100035665,2107.7002899964336,184768.0
LICN,2015-06-29,2681.0,2788.0,2681.0,2758.0,4.98 %,5040.0,13800400.0,0.05066666666666664,0.04942488332752298,2519.4,2342.05,2431.9360399615,2379.333371877857,75.86206624037389,52.602668083642584,-6.466210756822964,85.96190169848197,2342.05,136.14870933150448,2614.347418663009,2069.752581336991,189808.0
LICN,2015-06-30,2770.0,2868.0,2760.0,2850.0,3.26 %,4326.0,12266000.0,0.03335750543872362,0.032813214909449,2613.4,2377.05,2496.2535722751154,2414.197566553571,78.5620310777835,82.05600572154435,11.2382325388505,87.67890872001898,2377.05,169.95710759204883,2716.964215184098,2037.1357848159025,194134.0
LICN,2015-07-01,2870.0,2950.0,2850.0,2850.0,0.00 %,11671.0,33768900.0,0.0,0.0,2703.4,2402.05,2550.6760996174053,2446.4792282903436,78.56203107768064,104.19687132706167,29.829960296492736,88.55898666858906,2402.05,199.9043126361429,2801.858625272286,2002.2413747277144,194134.0
LICN,2015-07-02,2850.0,2850.0,2800.0,2820.0,-0.98 %,6672.0,18847600.0,-0.010526315789473717,-0.010582109330536972,2780.6,2428.0,2592.110545830112,2474.1474336021697,75.37357861358848,117.96311222794247,47.45659068278269,85.80477333511841,2428.0,218.88184748374397,2865.763694967488,1990.236305032512,187462.0
LICN,2015-07-05,2878.0,2878.0,2850.0,2850.0,0.99 %,472.0,1346270.0,0.010638297872340496,0.010582109330537008,2825.6,2454.5,2631.7858464716332,2501.9883644464535,76.40485387154285,129.79748202517976,63.92476895126211,83.81871809689567,2454.5,236.49312886424838,2927.4862577284966,1981.5137422715034,187934.0
LICN,2015-07-06,2844.0,2845.0,2773.0,2798.0,-1.82 %,1766.0,4951930.0,-0.01824561403508773,-0.018414118037269736,2833.6,2476.5,2657.3572547067665,2523.9151522652346,70.86531296526302,133.44210244153192,77.82823564931607,83.33166680426027,2476.5,247.2640821384927,2971.0281642769855,1981.9718357230145,186168.0
LICN,2015-07-07,2830.0,2830.0,2800.0,2824.0,0.93 %,3034.0,8518500.0,0.00929235167977116,0.009249443387706106,2828.4,2502.65,2682.9946001364947,2546.1436595048467,71.95998919706715,136.85094063164797,89.63277664578246,79.66511917538455,2502.65,255.25328494200772,3013.1565698840154,1992.1434301159848,189202.0
LICN,2015-07-08,2810.0,2820.0,2805.0,2810.0,-0.50 %,2253.0,6328780.0,-0.004957507082152923,-0.004969836285341195,2820.4,2528.4,2702.533892423188,2565.688573615599,70.42556636984648,136.84531880758868,99.07528507814371,75.3318963771428,2528.4,259.1499058155566,3046.6998116311133,2010.1001883688868,186949.0
LICN,2015-07-09,2815.0,2815.0,2780.0,2780.0,-1.07 %,1187.0,3322400.0,-0.010676156583629859,-0.010733555643108664,2812.4,2554.15,2714.4517551273125,2581.563494088518,67.12262549742984,132.88826103879455,105.83788027027389,72.45104663591832,2554.15,257.1786753458239,3068.507350691648,2039.7926493083523,185762.0
LICN,2015-07-12,2800.0,2800.0,2780.0,2780.0,0.00 %,1500.0,4182000.0,0.0,0.0,2798.4,2580.9,2724.536100492341,2596.2624945264056,67.12262549731682,128.27360596593553,110.32502540940621,68.7045433047813,2580.9,251.08184868055073,3083.0636973611017,2078.7363026388985,185762.0
LICN,2015-07-13,2775.0,2775.0,2758.0,2761.0,-0.79 %,1211.0,3343620.0,-0.006834532374100699,-0.0068579947545283,2791.0,2605.45,2730.145931185827,2608.465272709635,64.88734430624766,121.6806584761921,112.59615202276339,65.36850449729693,2605.45,242.9558060310788,3091.3616120621573,2119.5383879378423,184551.0
LICN,2015-07-14,2764.0,2770.0,2755.0,2770.0,0.44 %,2669.0,7385710.0,0.003259688518652659,0.0032543872512297506,2780.2,2630.95,2736.2773263880076,2620.430808064477,65.47386691843822,115.84651832353074,113.24622528291687,61.77075417606143,2630.95,231.27324349758916,3093.496486995178,2168.4035130048214,187220.0
LICN,2015-07-15,2770.0,2790.0,2770.0,2790.0,0.72 %,151.0,420490.0,0.0072202166064982976,0.007194275634027231,2776.2,2657.2,2744.5423530975445,2632.9914889485894,66.80101110467717,111.55086414895504,112.90715305612451,58.78712887777133,2657.2,216.89861808300205,3090.997236166004,2223.402763833996,187371.0
LICN,2015-07-16,2790.0,2845.0,2799.0,2799.0,0.32 %,1700.0,4758760.0,0.003225806451612856,0.003220614700042157,2780.0,2683.65,2752.920452620999,2645.2884156931386,67.40813397384244,107.63203692786055,111.85212983047172,58.51661967221624,2683.65,198.68601916221044,3081.022038324421,2286.2779616755793,189071.0
LICN,2015-07-22,2799.0,2800.0,2799.0,2800.0,0.04 %,464.0,1299050.0,0.00035727045373357136,0.0003572066478418701,2784.0,2709.2,2760.163459910076,2656.7485330492023,67.47929690608028,103.41492686087395,110.16468923655216,54.408289695629364,2709.2,176.9298403917562,3063.0596807835122,2355.3403192164874,189535.0
LICN,2015-07-23,2800.0,2895.0,2800.0,2895.0,3.39 %,1700.0,4780767.0,0.03392857142857153,0.03336569384380043,2810.8,2738.7,2780.9075430008334,2674.3967898603723,73.41742929141098,106.51075314046102,109.43390201733395,57.30769757451298,2738.7,153.64316142487763,3045.986322849755,2431.4136771502444,191235.0
LICN,2015-07-27,2895.0,2952.0,2900.0,2901.0,0.21 %,881.0,2578602.0,0.002072538860103723,0.002070394114308495,2837.0,2764.75,2799.3833056160897,2691.182212833678,73.74352026413267,108.2010927824117,109.1873401703495,57.28571917633348,2764.75,132.31178290211352,3029.373565804227,2500.126434195773,192116.0
LICN,2015-07-28,2901.0,2940.0,2845.0,2899.0,-0.07 %,2609.0,7460060.0,-0.0006894174422612531,-0.0006896551997484864,2858.8,2789.7,2814.708950905922,2706.5761229941463,73.4202089937987,108.13282791177562,108.97643771863473,59.97959637802395,2789.7,103.91094365140398,2997.521887302808,2581.8781126971917,189507.0
LICN,2015-07-29,2899.0,2956.0,2845.0,2900.0,0.03 %,4100.0,11756600.0,0.00034494653328742686,0.0003448870529099869,2879.0,2813.0,2827.8306507665493,2720.9038175871724,73.48280969102201,106.9268331793769,108.56651681078317,63.62391092245081,2813.0,64.86341925841894,2942.7268385168377,2683.2731614831623,193607.0
LICN,2015-07-30,2900.0,2901.0,2865.0,2901.0,0.03 %,383.0,1108600.0,0.0003448275862067973,0.00034476814683852275,2899.2,2826.8,2839.0874737255417,2734.2442755436778,73.54989689024143,104.84319818186395,107.82185308499933,61.65077442799004,2826.8,50.53878135700529,2927.8775627140108,2725.7224372859896,193990.0
LICN,2015-08-02,2901.0,2925.0,2900.0,2925.0,0.83 %,582.0,1695800.0,0.008273009307135482,0.008238975544552862,2905.2,2835.15,2852.3047854600736,2748.374329207109,75.17330247258089,103.93045625296463,107.0435737185924,59.03286196884789,2835.15,52.33724144530104,2939.824482890602,2730.475517109398,194572.0
LICN,2015-08-03,2925.0,2974.0,2900.0,2965.0,1.37 %,2903.0,8525550.0,0.013675213675213627,0.013582551765868912,2918.0,2840.9,2869.6425107739083,2764.4206751917677,77.63687621389835,105.22183558214056,106.67922609130204,60.10194325678733,2840.9,59.83477249892755,2960.5695449978552,2721.230455002145,197475.0
LICN,2015-08-04,2965.0,3050.0,2975.0,3050.0,2.87 %,4705.0,14245400.0,0.02866779089376048,0.028264558169631422,2948.2,2850.9,2897.3898168086916,2785.574699251637,81.77542159258124,111.81511755705469,107.70640438445258,61.88037588130252,2850.9,75.97222484149546,3002.844449682991,2698.955550317009,202180.0
LICN,2015-08-05,3050.0,3145.0,3035.0,3130.0,3.11 %,2849.0,8751140.0,0.026229508196721207,0.02589141393274149,2994.2,2866.4,2933.1759988381236,2811.0876844922564,84.65393374525793,122.08831434586727,110.58278637673553,65.31749188978091,2866.4,97.81852154828809,3062.0370430965763,2670.762956903424,205029.0
LICN,2015-08-06,3145.0,3204.0,3160.0,3190.0,1.43 %,1993.0,6330874.0,0.019169329073482455,0.01898791224469138,3052.0,2883.4,2972.6873836322584,2839.1552634187556,86.39017143052145,133.53212021350282,115.17265314408898,65.93767104051085,2883.4,121.49697851992734,3126.3939570398547,2640.4060429601454,207022.0
LICN,2015-08-09,3190.0,3376.0,3250.0,3290.0,3.13 %,2688.0,8902994.0,0.03134796238244508,0.030866647980527264,3125.0,2908.0,3021.5047092272957,2872.5511698321807,88.68741655388867,148.95353939511506,121.92883039429421,74.51355168047436,2908.0,149.80619058249854,3207.6123811649973,2608.3876188350027,209710.0
LICN,2015-08-10,3290.0,3396.0,3310.0,3396.0,3.22 %,1621.0,5401840.0,0.03221884498480243,0.031710703671820356,3211.2,2936.6,3079.1193693461732,2911.3251572520194,90.51501888241089,167.79421209415386,131.10190673426615,76.76258370329762,2936.6,183.6937955574801,3303.98759111496,2569.2124088850396,211331.0
LICN,2015-08-11,3396.0,3441.0,3370.0,3405.0,0.26 %,460.0,1564250.0,0.0026501766784452485,0.0026466711523748247,3282.2,2966.35,3129.2548509852236,2947.8936641222404,90.65309202227027,181.36118686298323,141.15376276000956,76.3509705816335,2966.35,208.60369755010615,3383.557395100212,2549.142604899788,211791.0
LICN,2015-08-12,3385.0,3410.0,3360.0,3390.0,-0.44 %,1203.0,4072390.0,-0.004405286343612369,-0.004415018209116831,3334.2,2996.85,3169.369489295189,2980.642281594667,88.34481861997799,188.72720770052183,150.66845174811203,74.46875839723111,2996.85,223.95283220497237,3444.7556644099445,2548.9443355900553,210588.0
LICN,2015-08-13,3415.0,3425.0,3352.0,3352.0,-1.12 %,1138.0,3874770.0,-0.011209439528023557,-0.011272738772522243,3366.6,3025.45,3197.466490942083,3008.1502607358025,82.606361508838,189.31623020628058,158.39800743974575,74.36384708314317,3025.45,231.20860369166473,3487.8672073833295,2563.03279261667,209450.0
LICN,2015-08-16,3300.0,3340.0,3280.0,3305.0,-1.40 %,439.0,1449940.0,-0.01402147971360379,-0.014120709316186971,3369.6,3052.65,3214.0101077202244,3030.139130310928,76.02843450965435,183.8709774092963,163.49260143365586,74.19500086291866,3052.65,230.4581877820484,3513.566375564097,2591.733624435903,209011.0
LICN,2015-08-17,3310.0,3350.0,3305.0,3340.0,1.06 %,1478.0,4900980.0,0.010590015128593144,0.010534333684959542,3358.4,3081.15,3233.393168070959,3053.091787324933,77.46737307284289,180.30138074602564,166.85435729612982,72.10964365842447,3081.15,228.90385823700225,3538.9577164740044,2623.3422835259958,210489.0
LICN,2015-08-18,3320.0,3320.0,3250.0,3280.0,-1.80 %,2002.0,6565630.0,-0.017964071856287456,-0.018127384592556715,3333.4,3105.65,3240.563449906196,3069.899803078642,69.73897787467007,170.6636468275542,167.6162152024147,73.3875262542513,3105.65,222.22683408956178,3550.103668179124,2661.1963318208764,208487.0
LICN,2015-08-19,3330.0,3387.0,3275.0,3387.0,3.26 %,1183.0,3909880.0,0.03262195121951228,0.03210115143958237,3332.8,3135.05,3263.092149920628,3093.388706554298,74.60464121420755,169.7034433663298,168.03366083519774,76.14556009323336,3135.05,218.3848546416115,3571.8197092832233,2698.280290716777,209670.0
LICN,2015-08-20,3360.0,3385.0,3350.0,3350.0,-1.09 %,1310.0,4403760.0,-0.01092412164157075,-0.01098422799865963,3332.4,3162.55,3276.4625883943772,3112.396950513239,70.38989517251423,164.06563788113817,167.2400562443858,73.3494486580024,3162.55,208.37301446658145,3579.296028933163,2745.803971066837,208360.0
LICN,2015-08-23,3340.0,3395.0,3325.0,3325.0,-0.75 %,836.0,2800710.0,-0.007462686567164201,-0.007490671729157626,3336.4,3184.05,3283.92988248755,3128.1453245492953,67.61054682726669,155.7845579382547,164.9489565831596,73.11020232528794,3184.05,201.38062285918454,3586.8112457183693,2781.288754281631,207524.0
LICN,2015-08-24,3259.0,3405.0,3259.0,3400.0,2.26 %,3278.0,10988000.0,0.022556390977443552,0.022305757514298186,3348.4,3209.0,3301.7868236433114,3148.2827079160143,71.27492114747636,153.50411572729718,162.65998841198711,78.31661644491024,3209.0,195.28602504772934,3599.5720500954585,2818.4279499045415,210802.0
LICN,2015-08-25,3400.0,3400.0,3370.0,3400.0,0.00 %,623.0,2114580.0,0.0,0.0,3372.4,3234.05,3316.896543082802,3166.9284332555685,71.27492114736057,149.96810982723355,160.12161269503642,74.86542955598807,3234.05,185.3058566972738,3604.661713394548,2863.4382866054525,210802.0
LICN,2015-08-26,3430.0,3530.0,3430.0,3489.0,2.62 %,1847.0,6407210.0,0.026176470588235246,0.02583973058252131,3392.8,3263.5,3343.37399799314,3190.7855863477484,75.14490962238638,152.58841164539172,158.6149724851075,78.80361315913177,3263.5,175.99207518041916,3615.484150360838,2911.515849639162,212649.0
LICN,2015-08-27,3500.0,3711.0,3500.0,3675.0,6.36 %,3854.0,13797400.0,0.05331040412725718,0.05193797046016302,3457.8,3302.2,3394.393382917273,3226.6533206923596,80.92792154493675,167.74006222491334,160.4399904330687,89.03192650490809,3302.2,177.18013432660615,3656.560268653212,2947.8397313467876,216503.0
LICN,2015-08-31,3730.0,4005.0,3730.0,4005.0,7.92 %,3552.0,13681900.0,0.0897959183673469,0.08599044785552251,3593.8,3356.2,3488.332862468462,3284.3086302707034,86.79725379819871,204.02423219775847,169.15683878600663,106.24393175455751,3356.2,216.40498097194398,3789.009961943888,2923.3900380561117,220055.0
LICN,2015-09-01,4005.0,4060.0,3751.0,3890.0,-2.87 %,5669.0,22039114.0,-0.028714107365792718,-0.029134422889967575,3691.8,3402.45,3550.127806704083,3329.174657658059,77.81059986802974,220.953149046024,179.51610083801012,120.7265080578034,3402.45,226.98422736762478,3856.4184547352493,2948.4815452647504,214386.0
LICN,2015-09-02,3821.0,3821.0,3699.0,3720.0,-4.37 %,2138.0,7958560.0,-0.04370179948586117,-0.04468548934529972,3755.8,3435.95,3576.26199028807,3358.1246830167215,66.800146273361,218.13730727134862,187.24034212467782,125.74604319653173,3435.95,221.6073994109342,3879.1647988218683,2992.7352011781313,212248.0
LICN,2015-09-03,3690.0,3690.0,3650.0,3655.0,-1.75 %,964.0,3533720.0,-0.017473118279569877,-0.017627575083313345,3789.0,3462.2,3588.3755302437517,3380.115447237705,63.122261521810714,208.26008300604644,191.44429030095154,121.76418296820803,3462.2,214.4372316454919,3891.0744632909837,3033.325536709016,211284.0
LICN,2015-09-06,3590.0,3733.0,3588.0,3680.0,0.68 %,2044.0,7506780.0,0.0068399452804377425,0.00681665897909772,3790.0,3486.7,3602.4716025139437,3402.32911781269,63.944510669866006,200.14248470125358,193.18392918101193,123.4238841847646,3486.7,209.63906325419873,3905.9781265083975,3067.421873491602,213328.0
LICN,2015-09-07,3680.0,3715.0,3655.0,3695.0,0.41 %,1444.0,5299350.0,0.0040760869565217295,0.004067802219325527,3728.0,3506.95,3616.7067405887215,3424.0084424191573,64.45658643265469,192.69829816956417,193.0868029787224,118.89360674299571,3506.95,209.19884144791624,3925.3476828958323,3088.5523171041673,214772.0
LICN,2015-09-08,3710.0,3710.0,3670.0,3701.0,0.16 %,557.0,2057240.0,0.0016238159675237007,0.0016224990038538466,3690.2,3522.2,3629.6749343443025,3444.526335573294,64.67271776426573,185.14859877100844,191.49916213717964,113.25834911849603,3522.2,211.78603900111514,3945.77207800223,3098.6279219977696,215329.0
LICN,2015-09-09,3690.0,3690.0,3627.0,3627.0,-2.00 %,1550.0,5668550.0,-0.019994596055120217,-0.02019719310325359,3671.6,3533.3,3629.2634059836405,3458.0429033086057,59.83975392037089,171.22050267503482,187.4434302447507,110.45418132431774,3533.3,211.13679776015678,3955.5735955203136,3111.026404479687,213779.0
LICN,2015-09-10,3600.0,3600.0,3500.0,3500.0,-3.50 %,1074.0,3808020.0,-0.03501516404742211,-0.035642891805397314,3640.6,3538.8,3609.3767281400037,3461.150836396857,52.5778287945313,148.2258917431468,179.59992254442992,111.63602551543791,3538.8,208.62522429111627,3956.0504485822325,3121.549551417768,212705.0
LICN,2015-09-13,3520.0,3650.0,3510.0,3650.0,4.29 %,744.0,2643680.0,0.04285714285714293,0.04196419909903221,3634.6,3553.7,3615.6264622723106,3475.139663330423,58.919072315315894,140.48679894188763,171.77729782392146,114.37630940719234,3553.7,205.1951830767157,3964.090366153431,3143.3096338465684,213449.0
LICN,2015-09-14,3723.0,3797.0,3690.0,3693.0,1.18 %,2469.0,9177600.0,0.01178082191780816,0.011711968276025955,3634.2,3573.1,3627.5300834611858,3491.277466046688,60.54771941611753,136.25261741449776,164.6723617420367,116.70657302096431,3573.1,198.68274101929273,3970.4654820385854,3175.7345179614144,215918.0
LICN,2015-09-15,3766.0,3770.0,3691.0,3700.0,0.19 %,411.0,1536060.0,0.0018954779312212455,0.0018936837797526268,3634.0,3591.1,3638.6793013902343,3506.7383944876738,60.82003036973719,131.94090690256053,158.1260707741415,114.01324637660971,3591.1,192.66958353887742,3976.439167077755,3205.760832922245,216329.0
LICN,2015-09-16,3635.0,3635.0,3635.0,3635.0,-1.76 %,20.0,72700.0,-0.01756756756756761,-0.017723708664696115,3635.6,3608.85,3638.1132550225057,3516.2392541552535,56.893105111751375,121.87400086725211,150.87565679276364,110.51230020685188,3608.85,178.31854259041776,3965.4870851808355,3252.2129148191643,216309.0
LICN,2015-09-17,3635.0,3635.0,3610.0,3612.0,-0.69 %,460.0,1661350.0,-0.006327372764786787,-0.006347475430743694,3658.0,3620.1,3634.095831172889,3523.332642736346,55.52692245115272,110.76318843654326,142.85316312151957,104.40427876350532,3620.1,170.51220052039494,3961.12440104079,3279.07559895921,215849.0
LICN,2015-09-22,3600.0,3600.0,3470.0,3471.0,-3.85 %,1725.0,6064290.0,-0.039036544850498345,-0.03981889867508978,3622.2,3626.15,3609.0041648385986,3519.456150681802,47.92856805634272,89.54801415679685,132.19213332857504,107.08968742325494,3626.15,162.37684401932358,3950.9036880386475,3301.3963119613527,214124.0
LICN,2015-09-23,3540.0,3540.0,3500.0,3520.0,1.41 %,551.0,1932860.0,0.014116969173148863,0.014018252730356425,3587.6,3635.9,3595.311216401891,3519.4964358164834,50.465369746290584,75.81478058540779,120.9166627799416,104.36899546445102,3635.9,148.61355750292657,3933.1271150058533,3338.672884994147,214675.0
LICN,2015-09-24,3465.0,3495.0,3461.0,3495.0,-0.71 %,1076.0,3733300.0,-0.007102272727272707,-0.007127613924232124,3546.6,3640.65,3579.8787215708307,3517.681885015262,49.149730706002295,62.19683655556855,109.172697535067,101.12835293127594,3640.65,142.050130143114,3924.7502602862282,3356.549739713772,213599.0
LICN,2015-09-28,3426.0,3450.0,3400.0,3450.0,-1.29 %,1617.0,5529950.0,-0.012875536480686733,-0.012959144642505228,3509.6,3643.15,3559.897379790703,3512.6684120511686,46.78538649752404,47.228967739534255,96.78395157596046,100.69061343618482,3643.15,137.97340514137926,3919.0968102827587,3367.2031897172415,211982.0
LICN,2015-09-29,3500.0,3530.0,3500.0,3520.0,2.03 %,573.0,2020150.0,0.020289855072463725,0.020086758566737292,3491.2,3644.7,3553.7593213613636,3513.2114926399713,50.753931711775955,40.54782872139231,85.53672700504683,99.21271247645733,3644.7,136.31469009917268,3917.329380198345,3372.0706198016546,212555.0
LICN,2015-09-30,3480.0,3515.0,3480.0,3490.0,-0.85 %,2298.0,8045680.0,-0.008522727272727293,-0.008559253395669948,3495.0,3635.45,3543.9501949980768,3511.4921228147887,49.06512018129953,32.458072183288095,74.92099604069507,94.98323301385324,3635.45,140.36699079646402,3916.183981592928,3354.7160184070717,210257.0
LICN,2015-10-01,3500.0,3510.0,3400.0,3400.0,-2.58 %,1620.0,5579600.0,-0.025787965616045794,-0.026126304592220036,3471.0,3605.2,3521.8040111522187,3503.2334470507303,44.30250278367082,18.570564101488344,63.650909652853734,96.05585922714944,3605.2,120.28982544361291,3845.7796508872257,3364.620349112774,208637.0
LICN,2015-10-04,3468.0,3537.0,3468.0,3500.0,2.94 %,755.0,2651890.0,0.02941176470588225,0.028987536873252187,3472.0,3585.7,3518.449547898031,3502.99393245438,50.098505179958764,15.455615443651368,54.01185081101326,98.98044071092448,3585.7,101.89628369852757,3789.492567397055,3381.9074326029445,209392.0
LICN,2015-10-05,3430.0,3528.0,3430.0,3528.0,0.80 %,523.0,1832330.0,0.008000000000000007,0.007968169649176881,3487.6,3576.1,3519.9188482214113,3504.8462337540554,51.61671210543181,15.072614467355834,46.22400354228178,98.91040923157274,3576.1,97.52834945471172,3771.1566989094235,3381.0433010905763,209915.0
LICN,2015-10-06,3530.0,3530.0,3485.0,3485.0,-1.22 %,990.0,3469220.0,-0.01218820861678005,-0.012263093932057666,3480.6,3567.6,3514.5467177258097,3503.376142364866,49.14394867543129,11.17057536094353,39.21331790601413,95.05966571503183,3567.6,97.69792326614898,3762.995846532298,3372.204153467702,208925.0
LICN,2015-10-07,3450.0,3450.0,3400.0,3400.0,-2.44 %,2601.0,8860870.0,-0.024390243902439046,-0.02469261259037152,3462.6,3553.6,3496.9241457679927,3495.718650337839,44.59592647221194,1.20549543015386,31.61175341084208,94.34111816395813,3553.6,100.7573426865521,3755.1146853731043,3352.0853146268955,206324.0
LICN,2015-10-08,3430.0,3430.0,3430.0,3430.0,0.88 %,50.0,171500.0,0.008823529411764675,0.008784829555732811,3468.6,3540.35,3486.628123342148,3490.8506021646654,46.478566452004856,-4.222478822517587,24.444906964170148,89.74532400938969,3540.35,98.5848685944335,3737.519737188867,3343.1802628111327,206374.0
LICN,2015-10-11,3400.0,3400.0,3390.0,3390.0,-1.17 %,74.0,251200.0,-0.011661807580174877,-0.011730339785489605,3446.6,3524.8,3471.7622582125864,3483.380187189505,44.316284411859115,-11.617928976918392,17.23233977595244,86.19208658014757,3524.8,96.41500210844431,3717.6300042168887,3331.9699957831117,206300.0
LICN,2015-10-14,3420.0,3420.0,3381.0,3401.0,0.32 %,475.0,1608260.0,0.003244837758112018,0.003239584632699436,3421.2,3513.5,3460.8757569491117,3477.2779511013937,45.073051894628975,-16.402194152281936,10.505432990305565,82.82122325299419,3513.5,97.04827881546944,3707.596557630939,3319.403442369061,206775.0
LICN,2015-10-15,3401.0,3425.0,3400.0,3425.0,0.71 %,1078.0,3668330.0,0.00705674801528966,0.007031965689130247,3409.2,3509.75,3455.3564097261715,3473.405510279068,46.77274899355341,-18.04910055289656,4.79452628166514,78.69113587778033,3509.75,99.0262458564069,3707.8024917128137,3311.6975082871863,207853.0
LICN,2015-10-18,3425.0,3425.0,3330.0,3359.0,-1.93 %,860.0,2908140.0,-0.019270072992700782,-0.019458161084032973,3401.0,3495.2,3440.532346691376,3464.931028036174,42.84616081463409,-24.398681344798206,-1.044115243627529,79.85605474365317,3495.2,98.71255452598332,3692.6251090519663,3297.7748909480333,206993.0
LICN,2015-10-19,3400.0,3400.0,3370.0,3370.0,0.33 %,531.0,1793370.0,0.003274784161952926,0.003269433734114627,3389.0,3479.05,3429.6812164311646,3457.8991000334945,43.69457155854015,-28.217883602329948,-6.478868915368014,77.08062226196367,3479.05,90.74920617308642,3660.548412346173,3297.5515876538275,207524.0
LICN,2015-10-25,3350.0,3350.0,3350.0,3350.0,-0.59 %,50.0,167500.0,-0.005934718100890191,-0.005952398527295273,3381.0,3461.55,3417.422567749447,3449.9065741050877,42.46042404630658,-32.48400635564076,-11.679896403422564,73.00343495753769,3461.55,78.867960942012,3619.285921884024,3303.8140781159764,207474.0
LICN,2015-10-27,3350.0,3350.0,3290.0,3290.0,-1.79 %,300.0,998600.0,-0.017910447761193993,-0.018072781059694506,3358.8,3444.3,3397.8190957879933,3438.061642689896,38.909801247949645,-40.24254690190264,-17.39242650311858,72.07461817485644,3444.3,76.63179222059424,3597.5635844411886,3291.0364155588118,207174.0
LICN,2015-10-28,3225.0,3225.0,3175.0,3190.0,-3.04 %,1472.0,4700060.0,-0.03039513677811545,-0.030866647980527268,3311.8,3423.2,3365.8469272052253,3419.686706194348,33.83194289225746,-53.839778989122806,-24.681897000319424,75.1407168766524,3423.2,85.59918838765171,3594.3983767753034,3252.0016232246962,205702.0
LICN,2015-10-29,3241.0,3300.0,3239.0,3239.0,1.54 %,1872.0,6087370.0,0.0153605015673981,0.015243723392439023,3287.8,3411.6,3346.3320153274985,3406.3025057355076,38.09506346573672,-59.97049040800903,-31.739615681857344,77.63066567117724,3411.6,94.08025689184367,3599.760513783687,3223.4394862163126,207574.0
LICN,2015-11-01,3175.0,3175.0,3110.0,3128.0,-3.43 %,2137.0,6679390.0,-0.03426983636924974,-0.03487081750612757,3239.4,3392.0,3312.7424745078833,3385.687505310655,32.9206696807768,-72.94503080277173,-39.98069870604022,81.29990383752173,3392.0,109.82426153198561,3611.6485230639714,3172.3514769360286,205437.0
LICN,2015-11-02,3128.0,3150.0,3128.0,3150.0,0.70 %,61.0,191402.0,0.007033248081841359,0.007008630154476975,3199.4,3374.75,3287.70517073744,3368.22917158394,34.81062686408218,-80.52400084650026,-48.08935913413223,77.06419642055589,3374.75,119.46586167293412,3613.6817233458682,3135.8182766541318,205498.0
LICN,2015-11-03,3150.0,3200.0,3150.0,3200.0,1.59 %,451.0,1422180.0,0.015873015873015817,0.015748356968139112,3181.4,3362.25,3274.2120675470646,3355.767751466611,39.01606001120539,-81.55568391954648,-54.782624091215084,75.13103953337333,3362.25,124.16452370690266,3610.5790474138053,3113.9209525861947,205949.0
LICN,2015-11-04,3200.0,3225.0,3200.0,3206.0,0.19 %,805.0,2586420.0,0.001875000000000071,0.0018732443816804189,3184.6,3346.55,3263.717903309055,3344.6738439505657,39.520267992590426,-80.95594064151055,-60.01728740127419,71.55025099527523,3346.55,123.01453700999394,3592.579074019988,3100.520925980012,206754.0
LICN,2015-11-05,3200.0,3206.0,3200.0,3206.0,0.00 %,250.0,800850.0,0.0,0.0,3178.0,3332.35,3254.8382258768925,3334.4017073616346,39.52026799253178,-79.56348148474217,-63.92652621796778,66.86809020989844,3332.35,121.97121101220273,3576.2924220244054,3088.4075779755944,206754.0
LICN,2015-11-08,3150.0,3200.0,3150.0,3200.0,-0.19 %,127.0,405050.0,-0.0018714909544603753,-0.0018732443816803362,3192.4,3322.35,3246.401575741986,3324.446025334847,39.14491579165362,-78.04444959286093,-66.75011089294641,66.09179805204855,3322.35,124.30915408556035,3570.9683081711205,3073.7316918288793,206627.0
LICN,2015-11-09,3200.0,3274.0,3200.0,3230.0,0.94 %,314.0,1013100.0,0.009374999999999911,0.009331327428884222,3208.4,3308.85,3243.8782563970653,3317.4500234581915,42.10571832162429,-73.57176706112614,-68.11444212658236,66.65666961975937,3308.85,118.52748959405027,3545.9049791881002,3071.7950208118996,206941.0
LICN,2015-11-10,3250.0,3300.0,3240.0,3300.0,2.17 %,221.0,721720.0,0.021671826625387025,0.021440331237869408,3228.4,3297.45,3252.5123707975167,3316.157429127955,48.41263883044384,-63.64505833043813,-67.22056536735352,66.8954789326337,3297.45,106.7162864302717,3510.8825728605434,3084.0174271394562,207162.0
LICN,2015-11-16,3300.0,3300.0,3300.0,3300.0,0.00 %,32.0,105600.0,0.0,0.0,3247.2,3288.2,3259.818159905591,3314.960582525884,48.4126388303627,-55.14242262029302,-64.80493681794141,62.11723043744558,3288.2,97.19735755556144,3482.5947151111227,3093.805284888877,207162.0
LICN,2015-11-18,3234.0,3320.0,3200.0,3300.0,0.00 %,1355.0,4420700.0,0.0,0.0,3266.0,3283.2,3265.999981458577,3313.8523912276705,48.41263883027532,-47.852409769093356,-61.4144314081718,66.25171397762804,3283.2,93.65086337306528,3470.5017267461303,3095.8982732538693,207162.0
LICN,2015-11-19,3300.0,3300.0,3250.0,3285.0,-0.45 %,1280.0,4176920.0,-0.004545454545454519,-0.004555816535860691,3283.0,3275.95,3268.9230612341803,3311.715177062658,47.04110516242555,-42.79211582847756,-57.68996829223296,65.09087726494033,3275.95,87.06952757178158,3450.089055143563,3101.8109448564364,205882.0
LICN,2015-11-22,3220.0,3220.0,3171.0,3171.0,-3.47 %,1375.0,4392080.0,-0.034703196347032006,-0.03531965638036361,3271.2,3265.0,3253.8579748904604,3301.291830613572,38.186720988327075,-47.43385572311172,-55.63874577840872,68.5843860317303,3265.0,85.73214099737841,3436.4642819947567,3093.5357180052433,204507.0
LICN,2015-11-23,3108.0,3140.0,3060.0,3140.0,-0.98 %,1033.0,3184640.0,-0.009776095868811119,-0.009824195636048293,3239.2,3251.95,3236.3413633688515,3289.3442876051595,36.19177015835472,-53.00292423630799,-55.11158146998858,71.61407274374957,3251.95,83.78322593074874,3419.5164518614974,3084.383548138502,203474.0
LICN,2015-11-24,3101.0,3101.0,3100.0,3100.0,-1.27 %,528.0,1637130.0,-0.01273885350318471,-0.012820688429061434,3199.2,3235.7,3215.365769004413,3275.318784819592,33.74227192879211,-59.95301581517924,-56.07986833902672,69.3559246906246,3235.7,79.87958042213064,3395.459160844261,3075.9408391557386,202946.0
LICN,2015-11-25,3140.0,3162.0,3110.0,3150.0,1.61 %,2952.0,9235060.0,0.016129032258064502,0.01600034134644112,3169.2,3225.25,3205.309496849888,3266.035911869993,39.274885566693456,-60.72641502010492,-57.009177675242356,68.83050149843714,3225.25,76.49965600194366,3378.249312003887,3072.250687996113,205898.0
LICN,2015-11-26,3100.0,3100.0,3040.0,3100.0,-1.59 %,1073.0,3291370.0,-0.015873015873015928,-0.01600034134644119,3132.2,3211.75,3189.1080357960595,3253.7369554351785,36.03449796383754,-64.62891963911898,-58.53312606801768,71.7711799628345,3211.75,73.37063445272072,3358.4912689054413,3065.0087310945587,204825.0
LICN,2015-11-29,3038.0,3038.0,2978.0,2980.0,-3.87 %,1206.0,3605650.0,-0.03870967741935483,-0.03947881097378746,3094.0,3193.25,3156.937568750512,3233.4601439214616,29.7009351479101,-76.5225751709495,-62.13101588860405,75.35895282263203,3193.25,82.72711959076291,3358.7042391815257,3027.7957608184743,203619.0
LICN,2015-11-30,3000.0,3060.0,2952.0,3010.0,1.01 %,1817.0,5484680.0,0.010067114093959662,0.010016778243471209,3068.0,3179.25,3134.331788942741,3216.90754066802,32.87725345139876,-82.57575172527913,-66.21996305593906,77.69045619244403,3179.25,88.95053326662,3357.15106653324,3001.34893346676,205436.0
LICN,2015-12-01,3010.0,3165.0,2940.0,3165.0,5.15 %,1588.0,4904848.0,0.05149501661129574,0.05021297683535521,3081.0,3178.0,3139.0499752592423,3213.062537655574,46.3619847153015,-74.01256239633176,-67.77848292401761,88.21256646441232,3178.0,88.96717312993523,3355.9343462598704,3000.0656537401296,207024.0
LICN,2015-12-02,3130.0,3130.0,3130.0,3130.0,-1.11 %,102.0,319260.0,-0.011058451816745696,-0.011120051044077702,3077.0,3172.55,3137.6576713732047,3206.909757088494,44.20254596156729,-69.25208571528947,-68.07320348227198,84.41166885981144,3172.55,88.37031830818427,3349.290636616369,2995.8093633836315,206922.0
LICN,2015-12-03,3180.0,3243.0,3120.0,3170.0,1.28 %,999.0,3151750.0,0.012779552715654896,0.012698583337127343,3091.0,3174.65,3142.6334142388655,3204.175701007865,47.22779243842969,-61.542286768999475,-66.76702013961747,87.16797822696776,3174.65,87.75280772233415,3350.1556154446685,2999.1443845553317,207921.0
LICN,2015-12-04,3233.0,3300.0,3180.0,3300.0,4.10 %,1071.0,3459530.0,0.04100946372239744,0.04019088058324528,3155.0,3182.15,3166.843658202117,3211.2737972295045,55.64482035530809,-44.43013902738767,-62.299643917171515,90.22740835361293,3182.15,91.84957668294993,3365.8491533659,2998.4508466341003,208992.0
LICN,2015-12-07,3366.0,3400.0,3332.0,3349.0,1.48 %,1571.0,5269410.0,0.014848484848484889,0.014739325339633022,3222.8,3189.6,3194.867710786407,3221.475738175467,58.341880190052244,-26.608027389060226,-55.16132061154926,90.92545061406915,3189.6,99.1279874441713,3387.8559748883426,2991.344025111657,210563.0
LICN,2015-12-08,3350.0,3350.0,3303.0,3330.0,-0.57 %,329.0,1094940.0,-0.005673335323977291,-0.00568948981971506,3255.8,3195.8,3215.6572937423443,3229.5145723846917,56.897175278806344,-13.85727864234741,-46.900512217708894,87.78791842734994,3195.8,103.96740379862561,3403.7348075972513,2987.865192402749,210234.0
LICN,2015-12-09,3390.0,3400.0,3320.0,3320.0,-0.30 %,762.0,2570120.0,-0.0030030030030030463,-0.0030075210639553284,3293.8,3201.5,3231.710017781984,3236.2171966524925,56.10964487292006,-4.5071788705085964,-38.421845548268834,87.23163853968208,3201.5,107.6170109816586,3416.734021963317,2986.265978036683,209472.0
LICN,2015-12-10,3320.0,3386.0,3320.0,3365.0,1.36 %,171.0,572433.0,0.013554216867469826,0.0134631801682939,3332.8,3209.75,3252.216168892448,3245.7566635671224,58.86861593541491,6.459505325325608,-29.445575373549946,85.71509292970478,3209.75,113.65130188892434,3437.0526037778486,2982.4473962221514,209643.0
LICN,2015-12-13,3367.0,3415.0,3367.0,3400.0,1.04 %,1090.0,3692950.0,0.010401188707280795,0.010347468525424543,3352.8,3218.25,3274.9521429089946,3257.1820958954836,60.92595843961296,17.770047013510975,-20.002450896137763,83.1640148632973,3218.25,121.34243627890443,3460.934872557809,2975.565127442191,210733.0
LICN,2015-12-14,3468.0,3700.0,3468.0,3700.0,8.82 %,80.0,287650.0,0.08823529411764697,0.08455738802806297,3423.0,3238.25,3340.344120922995,3289.9834221254478,73.26830362319627,50.36069879754723,-5.929820957400764,98.65229951591893,3238.25,161.7593648147078,3561.7687296294157,2914.7312703705843,210813.0
LICN,2015-12-15,3774.0,3900.0,3774.0,3900.0,5.41 %,92.0,353868.0,0.054054054054053946,0.05264373348542188,3537.0,3268.25,3426.4450253963805,3335.1698353013403,78.20985113918134,91.27519009504022,13.511181253087432,105.89142097906759,3268.25,219.23980502011375,3706.7296100402273,2829.7703899597727,210905.0
LICN,2015-12-17,3822.0,3822.0,3599.0,3599.0,-7.72 %,50.0,185110.0,-0.0771794871794872,-0.08032052403870711,3592.8,3283.2,3452.991944566168,3354.712810464204,60.17943515746409,98.27913410196425,30.464771822862797,119.82774805199134,3283.2,231.37724948434666,3745.9544989686933,2820.4455010313063,210855.0
LICN,2015-12-20,3599.0,3528.0,3400.0,3400.0,-5.53 %,2400.0,8191600.0,-0.05529313698249516,-0.056880597474777965,3599.8,3288.95,3444.8393377098346,3358.067417096485,51.694309301198174,86.77192061334972,41.72620158096018,125.48290890542053,3288.95,232.84860113950816,3754.6472022790163,2823.2527977209834,208455.0
LICN,2015-12-21,3400.0,3550.0,3467.0,3550.0,4.41 %,1025.0,3614370.0,0.044117647058823595,0.04317217186520878,3629.8,3307.9,3461.017901139091,3372.2846454597084,56.65530651806105,88.73325567938264,51.12761240064468,127.2341296978905,3307.9,238.1069861261935,3784.113972252387,2831.686027747613,209480.0
LICN,2015-12-22,3600.0,3600.0,3600.0,3600.0,1.41 %,872.0,3139200.0,0.014084507042253502,0.01398624197473987,3609.8,3330.9,3482.3997625023076,3389.1524494997298,58.1964643949406,93.24731300257781,59.55155252103131,121.71740614804118,3330.9,243.19753721050927,3817.2950744210184,2844.504925578982,210352.0
LICN,2015-12-23,3600.0,3600.0,3585.0,3585.0,-0.42 %,1059.0,3805135.0,-0.004166666666666652,-0.0041753714104806215,3546.8,3355.15,3498.1844144250294,3403.659675462713,57.535537677390536,94.5247389623164,66.54618980928834,114.09473428032395,3355.15,243.1424263136278,3841.4348526272556,2868.8651473727446,209293.0
LICN,2015-12-24,3610.0,3649.0,3602.0,3649.0,1.79 %,955.0,3451690.0,0.017852161785216092,0.017694683402726823,3556.8,3380.1,3521.386812205794,3421.833032835845,59.64156694300508,99.55377936994864,73.1477077214204,110.51653897458652,3380.1,246.56138341083997,3873.2227668216797,2886.97723317832,210248.0
LICN,2015-12-25,3675.0,3675.0,3650.0,3650.0,0.03 %,220.0,803500.0,0.00027404768429706294,0.00027401014008954076,3606.8,3407.6,3541.1734564818253,3438.7342896628197,59.67521930061746,102.43916681900555,79.00599954093744,104.47964333354464,3407.6,244.33829008158622,3896.276580163172,2918.9234198368276,210468.0
LICN,2015-12-28,3650.0,3580.0,3580.0,3580.0,-1.92 %,270.0,966600.0,-0.019178082191780854,-0.019364367181791232,3612.8,3437.6,3547.146770869237,3449.1984163544626,56.14596866014952,97.94835451477456,82.79447053570487,102.01681166686289,3437.6,225.15524468801405,3887.910489376028,2987.2895106239716,210198.0
LICN,2015-12-29,3580.0,3621.0,3550.0,3621.0,1.15 %,1250.0,4441050.0,0.011452513966480504,0.01138743037089526,3617.0,3468.15,3558.508806120124,3461.924459587465,57.723079874941725,96.58434653265886,85.55244573509567,99.80132511922983,3468.15,204.59594969493386,3877.3418993898676,3058.9581006101325,211448.0
LICN,2015-12-31,3601.0,3725.0,3601.0,3701.0,2.18 %,1575.0,5802080.0,0.022093344380005542,0.0218528226205148,3640.2,3494.95,3580.4305282554897,3479.6337588772826,60.69343708823833,100.79676937820705,88.60131046371795,101.52980189642771,3494.95,197.78842364078986,3890.5268472815796,3099.37315271842,213023.0
LICN,2016-01-03,3651.0,3872.0,3651.0,3872.0,4.65 %,5246.0,19605800.0,0.046203728721966986,0.045168116010311614,3684.8,3532.05,3625.2873700623372,3508.6979248863727,66.16555235238204,116.58944517596456,94.19893740616729,110.0633874752543,3532.05,195.304748372472,3922.659496744944,3141.4405032550562,218269.0
LICN,2016-01-04,3872.0,3877.0,3780.0,3798.0,-1.91 %,2958.0,11241460.0,-0.019111570247933862,-0.019296557024236424,3714.4,3563.45,3651.8585438989007,3530.127708228123,62.13428357221454,121.73083567077765,99.70531705908937,109.130288369879,3563.45,184.2002557287003,3931.8505114574004,3195.049488542599,215311.0
LICN,2016-01-05,3723.0,3723.0,3442.0,3587.0,-5.56 %,3791.0,13395100.0,-0.05555555555555558,-0.05715841383994864,3715.8,3577.8,3641.880306375993,3534.3404705815956,52.34178036378567,107.53983579439728,101.27222080615095,126.76383920060194,3577.8,173.46244853749693,3924.7248970749943,3230.875102925006,211520.0
LICN,2016-01-06,3516.0,3516.0,3420.0,3500.0,-2.43 %,1492.0,5152800.0,-0.024254251463618592,-0.024553230054777497,3691.6,3585.35,3620.0525669335325,3531.796732019996,48.91839265729044,88.25583491353655,98.66894362762808,129.63785068627323,3585.35,166.110069722308,3917.570139444616,3253.129860555384,210028.0
LICN,2016-01-07,3450.0,3540.0,3435.0,3540.0,1.14 %,1572.0,5479210.0,0.011428571428571344,0.011363758650315003,3659.4,3595.85,3607.736787405297,3532.4043814999964,50.520738389722815,75.33240590530067,94.00163608316261,127.87800420868228,3595.85,155.41227852322842,3906.674557046457,3285.025442953543,211600.0
LICN,2016-01-10,3540.0,3560.0,3430.0,3560.0,0.56 %,1114.0,3889420.0,0.005649717514124353,0.005633817718256064,3597.0,3607.85,3600.3926662660206,3534.4485013888852,51.342593608273546,65.94416487713534,88.39014184195716,128.02957533663354,3607.85,141.64792342465978,3891.1458468493192,3324.5541531506806,212714.0
LICN,2016-01-11,3500.0,3564.0,3494.0,3550.0,-0.28 %,970.0,3400000.0,-0.002808988764044895,-0.0028129413766146126,3547.4,3617.1,3592.6399483789405,3535.600464248968,50.88746138888823,57.03948412997261,82.12001029956026,123.88460566973114,3617.1,130.56109680908742,3878.222193618175,3355.977806381825,211744.0
LICN,2016-01-12,3500.0,3539.0,3430.0,3486.0,-1.97 %,3381.0,11799400.0,-0.01802816901408455,-0.018192656389495295,3527.2,3621.4,3576.233802474488,3531.9263557860813,47.95737873200135,44.3074466884068,74.55749757732957,123.60713383617892,3621.4,124.30073887231079,3870.0014777446218,3372.7985222553784,208363.0
LICN,2016-01-13,3480.0,3485.0,3411.0,3475.0,-0.14 %,1320.0,4570880.0,-0.0031554790590935244,-0.0031604680810737307,3522.2,3610.15,3560.659371324567,3527.709588690816,47.45164980290601,32.949782633751056,66.23595458861386,120.13519570502329,3610.15,126.96591958802985,3864.08183917606,3356.2181608239403,207043.0
LICN,2016-01-14,3540.0,3544.0,3480.0,3500.0,0.72 %,2453.0,8595340.0,0.007194244604316502,0.007168489478612497,3514.2,3590.15,3551.327160351557,3525.65702656557,48.77381695619395,25.670133785986764,58.12279042808845,116.48268172609306,3590.15,109.16104713000158,3808.4720942600034,3371.827905739997,209496.0
LICN,2016-01-17,3550.0,3636.0,3550.0,3636.0,3.89 %,76.0,271020.0,0.03885714285714292,0.038121207819864465,3529.4,3592.0,3564.353751066702,3533.8305801533056,55.354732149478224,30.52317091339637,52.60286652515004,117.87677588851498,3592.0,109.63143997764072,3811.2628799552813,3372.7371200447187,209572.0
LICN,2016-01-18,3620.0,3620.0,3550.0,3550.0,-2.07 %,101.0,359950.0,-0.023652365236523698,-0.02393657282790802,3529.4,3599.5,3562.1454816718247,3535.0283149567645,50.901558758477094,27.117166715060193,47.50572656313207,115.59986332504963,3599.5,100.56079596046641,3800.6215919209326,3398.3784080790674,209471.0
LICN,2016-01-19,3550.0,3605.0,3550.0,3600.0,1.41 %,659.0,2362770.0,0.014084507042253502,0.01398624197473987,3552.2,3602.0,3567.969253722313,3539.8410323673743,53.256046994402475,28.128221354938887,43.630225521493436,111.27130165897466,3602.0,99.88467033740994,3801.76934067482,3402.23065932518,210130.0
LICN,2016-01-20,3555.0,3555.0,3550.0,3551.0,-1.39 %,296.0,1051350.0,-0.01361111111111113,-0.013704591501113495,3567.4,3599.55,3565.358599303496,3540.6676225623837,50.69057770504718,24.69097674111208,39.84237576541717,106.89478011190505,3599.55,100.5351339477238,3800.620267895448,3398.4797321045526,209834.0
LICN,2016-01-21,3550.0,3547.0,3501.0,3540.0,-0.28 %,497.0,1744269.0,-0.0030977189524077353,-0.003102526815267721,3575.4,3597.3,3561.4572763337273,3540.618169039244,50.10702803740557,20.839107294483256,36.04172207123039,102.83086724676897,3597.3,101.37792762982664,3800.0558552596535,3394.544144740347,209337.0
LICN,2016-01-24,3540.0,3510.0,3500.0,3500.0,-1.13 %,552.0,1934050.0,-0.011299435028248594,-0.011363758650315095,3548.2,3589.85,3552.0023107439233,3537.6094157770776,47.94554974923645,14.392894966845688,31.71195665035345,98.34294815771406,3589.85,102.8428924442905,3795.535784888581,3384.164215111419,208785.0
LICN,2016-01-25,3510.0,3520.0,3500.0,3501.0,0.03 %,1190.0,4169700.0,0.0002857142857142225,0.0002856734771605647,3538.4,3582.4,3544.1558013987046,3534.8976072009978,48.005934975445584,9.258194197706871,27.221204159824133,92.74702328930591,3582.4,103.64991685066646,3789.699833701333,3375.1001662986673,209975.0
LICN,2016-01-26,3501.0,3510.0,3500.0,3500.0,-0.03 %,4531.0,15861500.0,-0.0002856326763781558,-0.000285673477160606,3518.4,3578.4,3537.3626011835195,3532.312599260183,47.946037263063396,5.050001923336367,22.78696371252658,86.83652162578406,3578.4,105.27827786141778,3788.9565557228357,3367.8434442771645,205444.0
LICN,2016-01-27,3500.0,3525.0,3500.0,3520.0,0.57 %,5470.0,19155440.0,0.005714285714285783,0.005698021114637796,3512.2,3573.35,3534.69143177067,3531.40055487054,49.30831820868285,3.2908769001301152,18.887746350047287,82.41962722394234,3573.35,105.54932745549844,3784.448654910997,3362.251345089003,210914.0
LICN,2016-01-28,3500.0,3510.0,3500.0,3510.0,-0.28 %,4854.0,16990900.0,-0.0028409090909090606,-0.0028449521322312507,3506.2,3563.8,3530.8927499597976,3529.8153285838334,48.62312905950631,1.0774213759641498,15.32568135523066,77.96108242223218,3563.8,101.97192596103524,3767.7438519220705,3359.85614807793,206060.0
LICN,2016-01-31,3510.0,3540.0,3505.0,3540.0,0.85 %,1093.0,3845700.0,0.008547008547008517,0.00851068966790861,3514.2,3547.2,3532.293865350598,3530.5697486887348,50.83058121513652,1.7241166618632633,12.60536841655718,74.89243367778703,3547.2,71.68468969615869,3690.5693793923174,3403.8306206076822,207153.0
LICN,2016-02-01,3540.0,3550.0,3541.0,3550.0,0.28 %,470.0,1665570.0,0.0028248587570620654,0.0028208763416412634,3524.0,3534.8,3535.0178860658907,3532.0090265636436,51.57743378434015,3.0088595022471054,10.686066633695166,70.25725984365938,3534.8,40.825172832881556,3616.4503456657635,3453.149654334237,207623.0
LICN,2016-02-02,3513.0,3515.0,3500.0,3511.0,-1.10 %,3891.0,13630000.0,-0.010985915492957798,-0.01104670630102929,3526.2,3531.0,3531.3228266711385,3530.452802373744,48.484356771317124,0.8700242973945933,8.722858166435051,68.81031271196943,3531.0,39.21600103063386,3609.4320020612677,3452.5679979387323,203732.0
LICN,2016-02-03,3511.0,3500.0,3500.0,3500.0,-0.31 %,3730.0,13055000.0,-0.0031330105383081674,-0.003137928690927188,3522.2,3531.0,3526.503930260194,3528.197039234948,47.61698426587469,-1.6931089747540682,6.639664738197228,64.68100466111447,3531.0,39.21600103063386,3609.4320020612677,3452.5679979387323,200002.0
LICN,2016-02-04,3520.0,3525.0,3500.0,3505.0,0.14 %,4373.0,15323200.0,0.0014285714285713347,0.0014275519911853237,3521.2,3529.25,3523.1956332970876,3526.4787400323594,48.07173128306261,-3.2831067352717582,4.655110443503431,61.846647185320585,3529.25,39.57255162480486,3608.3951032496097,3450.1048967503903,204375.0
LICN,2016-02-07,3505.0,3520.0,3480.0,3520.0,0.43 %,1133.0,3965840.0,0.004279600570613384,0.0042704691234522855,3517.2,3527.25,3522.7039974052277,3525.998833363296,49.48842576903993,-3.2948359580682336,3.065121163189098,60.28617238636911,3527.25,38.94243389783609,3605.134867795672,3449.365132204328,205508.0
LICN,2016-02-08,3520.0,3520.0,3489.0,3500.0,-0.57 %,1386.0,4854502.0,-0.005681818181818232,-0.005698021114637779,3507.2,3524.75,3519.2110747275005,3524.0729938549034,47.62285715098089,-4.861919127402871,1.4797131050707044,58.19430293019989,3524.75,39.00995149679229,3602.7699029935848,3446.7300970064152,204122.0
LICN,2016-02-11,3500.0,3570.0,3496.0,3496.0,-0.11 %,1400.0,4917752.0,-0.0011428571428571122,-0.0011435107020789379,3504.2,3525.25,3515.640140154039,3521.9935128286143,47.23930382215306,-6.353372674575439,-0.08690405085852437,59.32328129232847,3525.25,38.54849986832007,3602.34699973664,3448.15300026336,202722.0
LICN,2016-02-14,3500.0,3520.0,3475.0,3520.0,0.69 %,1632.0,5702800.0,0.006864988558352492,0.006841531816716784,3508.2,3527.5,3516.310887822648,3521.84584521168,49.84920500555858,-5.534957389032115,-1.1765147184932427,58.30018977144786,3527.5,36.73160119445359,3600.963202388907,3454.036797611093,204354.0
LICN,2016-02-15,3500.0,3500.0,3495.0,3500.0,-0.57 %,477.0,1669250.0,-0.005681818181818232,-0.005698021114637779,3507.2,3527.5,3513.8015204653175,3520.2276344552592,47.73030158193997,-6.4261139899417685,-2.226434572782948,55.92160478777301,3527.5,36.73160119445359,3600.963202388907,3454.036797611093,203877.0
LICN,2016-02-16,3500.0,3500.0,3490.0,3500.0,0.00 %,11758.0,41150360.0,0.0,0.0,3503.2,3520.7,3511.6782096244997,3518.729291162277,47.73030158183072,-7.051081537777463,-3.1913639657818513,52.641490160074945,3520.7,26.846738506077315,3574.3934770121546,3467.006522987845,203877.0
LICN,2016-02-17,3500.0,3520.0,3500.0,3520.0,0.57 %,542.0,1903560.0,0.005714285714285783,0.005698021114637796,3507.2,3519.2,3512.9584850668844,3518.8234177428494,50.18599288000848,-5.864932675965065,-3.7260777078184946,50.30995514864102,3519.2,25.94650366859149,3571.093007337183,3467.306992662817,204419.0
LICN,2016-02-18,3520.0,3505.0,3501.0,3501.0,-0.54 %,3520.0,12336690.0,-0.0053977272727272485,-0.005412347637477075,3508.2,3514.25,3511.1187181335176,3517.5031645767126,47.884412083826255,-6.384446443194975,-4.257751454893791,48.073529780880946,3514.25,17.923448328730938,3550.096896657462,3478.403103342538,200899.0
LICN,2016-02-21,3510.0,3510.0,3490.0,3491.0,-0.31 %,841.0,2945350.0,-0.00285632676378178,-0.0028604138496296457,3502.4,3511.25,3508.023530728361,3515.5399672006597,46.67123532105055,-7.516436472298665,-4.909488458374766,46.06827765367517,3511.25,16.405631253774192,3544.0612625075482,3478.4387374924518,200058.0
LICN,2016-02-22,3480.0,3499.0,3465.0,3499.0,0.26 %,619.0,2156250.0,0.002291606989401229,0.002288985262651905,3502.2,3509.2,3506.63529523169,3514.3147844450555,47.810405266076174,-7.679489213365287,-5.46348860937287,45.2062578212698,3509.2,15.13657125859107,3539.473142517182,3478.9268574828175,200677.0
LICN,2016-02-23,3499.0,3500.0,3500.0,3500.0,0.03 %,200.0,700000.0,0.00028579594169753086,0.00028575510981692406,3502.2,3509.2,3505.614480580661,3513.254430041718,47.96004901148918,-7.639949461056858,-5.898780779709668,42.048667976893384,3509.2,15.13657125859107,3539.473142517182,3478.9268574828175,200877.0
LICN,2016-02-24,3500.0,3500.0,3490.0,3495.0,-0.14 %,1260.0,4401000.0,-0.0014285714285714457,-0.0014295928095944335,3497.2,3508.9,3503.981483568252,3511.9022500386277,47.230835079254945,-7.920766470375838,-6.303177917842902,39.759477407115284,3508.9,15.365374607695967,3539.630749215392,3478.1692507846083,199617.0
LICN,2016-02-25,3450.0,3500.0,3450.0,3500.0,0.14 %,988.0,3441010.0,0.0014306151645206988,0.0014295928095943715,3497.0,3508.9,3503.368947634675,3511.0206018876183,48.08096756676466,-7.651654252943445,-6.5728731848630115,40.49094330660705,3508.9,15.365374607695967,3539.630749215392,3478.1692507846083,200605.0
LICN,2016-02-28,3500.0,3550.0,3490.0,3490.0,-0.29 %,531.0,1859680.0,-0.0028571428571428914,-0.002861232281032235,3496.8,3507.4,3501.31218646011,3509.463520266313,46.46854041726093,-8.151333806203183,-6.888565309131046,41.88444735613512,3507.4,15.685729350460239,3538.7714587009204,3476.0285412990797,200074.0
LICN,2016-02-29,3490.0,3550.0,3502.0,3510.0,0.57 %,1803.0,6346540.0,0.005730659025787954,0.005714301263438635,3499.0,3507.4,3502.6487731585544,3509.5032595058456,50.074679276566286,-6.854486347291186,-6.881749516763074,43.17841540212547,3507.4,15.685729350460239,3538.7714587009204,3476.0285412990797,201877.0
LICN,2016-03-01,3500.0,3505.0,3500.0,3505.0,-0.14 %,160.0,560240.0,-0.0014245014245014564,-0.0014255169912210611,3500.0,3505.65,3503.0105003649305,3509.169684727635,49.182668418693545,-6.159184362704309,-6.737236485951322,40.80852858768794,3505.65,13.681624249262407,3533.0132484985247,3478.2867515014755,201717.0
LICN,2016-03-02,3500.0,3515.0,3500.0,3515.0,0.14 %,1330.0,4657490.0,0.0028530670470756636,0.002849004776074871,3504.0,3503.9,3504.855038770326,3509.6015599329953,51.060373135100804,-4.746521162669524,-6.339093421294963,38.96506225999594,3503.9,9.221827652689598,3522.3436553053793,3485.456344694621,203047.0
LICN,2016-03-03,3515.0,3530.0,3512.0,3515.0,0.14 %,537.0,1888110.0,0.0,0.0,3507.0,3504.1,3506.41580203643,3510.001444382403,51.06037313489762,-3.585642345973156,-5.788403206230602,37.46755781285337,3504.1,9.425050606767053,3522.950101213534,3485.249898786466,203047.0
LICN,2016-03-06,3520.0,3534.0,3500.0,3500.0,-0.43 %,10395.0,36391900.0,-0.004267425320056861,-0.004276556767260194,3509.0,3504.1,3505.4287555692867,3509.260596650373,47.97644579060705,-3.831841081086168,-5.397090781201715,37.21987511193527,3504.1,9.425050606767053,3522.950101213534,3485.249898786466,192652.0
LICN,2016-03-10,3521.0,3521.0,3521.0,3521.0,0.60 %,10.0,35210.0,0.006000000000000005,0.005982071677547469,3511.2,3504.9,3507.82433163555,3510.1301820836784,52.31838583041347,-2.30585044812824,-4.778842714587021,36.061312603939896,3504.9,10.156149290641583,3525.2122985812834,3484.5877014187167,192662.0
LICN,2016-03-13,3550.0,3591.0,3372.0,3530.0,0.26 %,7565.0,26322100.0,0.002556092019312617,0.0025528307722898617,3516.2,3505.4,3511.235972922389,3511.60202044785,54.08697753499991,-0.36604752546099917,-3.8962836767618167,49.12836170365847,3505.4,11.137419146997289,3527.6748382939945,3483.1251617060057,200227.0
LICN,2016-03-14,3550.0,3550.0,3510.0,3510.0,-0.57 %,6568.0,23137300.0,-0.005665722379603388,-0.005681833467430946,3515.2,3505.9,3511.0458232420215,3511.4833522665276,49.677300414137264,-0.43752902450614783,-3.204532746310683,48.47633586768286,3505.9,11.106659926799917,3528.1133198536,3483.6866801464002,193659.0
LICN,2016-03-15,3561.0,3555.0,3510.0,3550.0,1.14 %,3903.0,13827500.0,0.01139601139601143,0.011331566009550018,3522.2,3508.6,3517.0387735124796,3514.336437283822,57.19409144146154,2.702336228657714,-2.023158951317004,48.22802616284837,3508.6,14.590552097814573,3537.7811041956293,3479.4188958043705,197562.0
LICN,2016-03-16,3545.0,3560.0,3530.0,3555.0,0.00 %,4969.0,17607900.0,0.0014084507042253502,0.0014074597678797698,3533.2,3510.35,3522.878962202867,3517.348553040576,58.03785529990267,5.530409162291107,-0.5124453285953816,46.92602429407349,3510.35,17.78016339967188,3545.9103267993437,3474.789673200656,202531.0
LICN,2016-03-17,3618.0,3649.0,3600.0,3600.0,1.41 %,1840.0,6630530.0,0.012658227848101333,0.012578782206860185,3549.0,3515.35,3534.7437372485797,3523.4708824449776,64.76874542292389,11.272854803602058,1.8446146978441065,50.2884511302111,3515.35,26.59298482867146,3568.535969657343,3462.164030342657,204371.0
LICN,2016-03-20,3672.0,3895.0,3672.0,3850.0,6.94 %,2875.0,11092000.0,0.06944444444444442,0.06713930283762852,3613.0,3532.85,3583.244700748798,3547.6582244860906,82.02194623590978,35.58647626270749,8.592987010816785,67.76784747805317,3532.85,79.16224179688433,3691.1744835937684,3374.5255164062314,207246.0
LICN,2016-03-21,3850.0,3850.0,3780.0,3840.0,-0.26 %,1405.0,5375250.0,-0.0025974025974025983,-0.0026007817000573675,3679.0,3548.85,3622.745516018214,3569.313170820454,80.32741325819435,53.43234519775979,17.560858648205386,67.92728694390652,3548.85,104.66049121347145,3758.170982426943,3339.529017573057,205841.0
LICN,2016-03-23,3800.0,3800.0,3711.0,3740.0,-2.60 %,363.0,1361530.0,-0.02604166666666663,-0.026386755173194887,3717.0,3560.8,3640.7846674000275,3581.9566396485684,65.7081942915271,58.8280277514591,25.81429246885613,72.28962359077035,3560.8,112.27672580676358,3785.3534516135273,3336.246548386473,205478.0
LICN,2016-03-24,3740.0,3770.0,3753.0,3755.0,0.40 %,1092.0,4110718.0,0.00401069518716568,0.004002673789657406,3757.0,3574.0,3658.356257030792,3594.774666341267,66.68755536049076,63.581590689525,33.367752112989905,69.2689361914296,3574.0,118.9586394287073,3811.9172788574147,3336.0827211425853,206570.0
LICN,2016-03-27,3755.0,3740.0,3700.0,3710.0,-1.20 %,990.0,3671360.0,-0.011984021304926817,-0.01205640859675435,3779.0,3584.55,3666.301448256824,3603.309876241914,61.05411904532997,62.99157201491016,39.29251609337396,68.24972646347035,3584.55,121.29063616390559,3827.1312723278115,3341.968727672189,205580.0
LICN,2016-03-28,3710.0,3710.0,3675.0,3675.0,-0.94 %,2953.0,10884529.0,-0.009433962264150941,-0.00947874395454377,3744.0,3593.3,3667.639686986544,3608.62025577955,57.01958957030301,59.019431206993886,43.23789911609795,65.87474600179391,3593.3,121.18237669333304,3835.6647533866662,3350.935246613334,202627.0
LICN,2016-03-29,3675.0,3675.0,3675.0,3675.0,0.00 %,10.0,36750.0,0.0,0.0,3711.0,3602.3,3668.7720428347684,3613.537273869954,57.01958957018707,55.23476896481452,45.637273085841265,61.169407001665775,3602.3,120.17754409728688,3842.655088194574,3361.9449118054263,202627.0
LICN,2016-03-30,3675.0,3770.0,3611.0,3611.0,-1.74 %,973.0,3569680.0,-0.01741496598639458,-0.017568390369479325,3685.2,3607.85,3659.884036244804,3613.3493276573645,50.0110830789202,46.53470858743958,45.81676018616093,68.1573065015468,3607.85,117.74292916525049,3843.3358583305007,3372.364141669499,201654.0
LICN,2016-03-31,3611.0,3630.0,3580.0,3580.0,-0.86 %,350.0,1262500.0,-0.008584879534754952,-0.008621941882711795,3650.2,3612.35,3647.5941845148345,3610.8790070901523,46.99776484106962,36.715177424682224,43.996443633865184,66.86035603715061,3612.35,114.68183676678115,3841.713673533562,3382.9863264664377,201304.0
LICN,2016-04-03,3580.0,3512.0,3511.0,3512.0,-1.90 %,113.0,396843.0,-0.018994413407821265,-0.01917712463973875,3610.6,3612.45,3626.7335407433216,3603.554636194586,41.1418534665225,23.178904548735773,39.8329358168393,67.01318774878271,3612.45,114.58872682677638,3841.6274536535525,3383.272546346447,201191.0
LICN,2016-04-04,3512.0,3650.0,3582.0,3650.0,3.93 %,210.0,755600.0,0.039293849658314395,0.03854149182152995,3605.6,3619.7,3630.31299601358,3606.9950335135054,53.739341602224556,23.317962500074373,36.52994115348632,72.08367433815538,3619.7,111.99017814072833,3843.6803562814566,3395.719643718543,201401.0
LICN,2016-04-05,3680.0,3700.0,3620.0,3620.0,-0.82 %,920.0,3342000.0,-0.008219178082191747,-0.008253141756720414,3594.6,3624.95,3628.72638124226,3607.958364364357,51.17507758843293,20.768016877902937,33.37755629836964,72.64912617114427,3624.95,109.25126760672501,3843.4525352134497,3406.44746478655,200481.0
LICN,2016-04-06,3620.0,3650.0,3610.0,3620.0,0.00 %,1784.0,6461640.0,0.0,0.0,3596.4,3630.2,3627.383861051143,3608.8503373744047,51.175077588345275,18.53352367673824,30.408749774043365,70.31704573034826,3630.2,106.16898149445979,3842.5379629889194,3417.8620370110802,200481.0
LICN,2016-04-10,3620.0,3620.0,3620.0,3620.0,0.00 %,210.0,760200.0,0.0,0.0,3604.4,3636.2,3626.2478824278905,3609.6762383096343,51.17507758825087,16.571644118256245,27.64132864288594,65.29439960675195,3636.2,101.72129104874523,3839.64258209749,3432.7574179025096,200481.0
LICN,2016-04-11,3620.0,3655.0,3650.0,3651.0,0.86 %,292.0,1066150.0,0.008563535911602305,0.008527076835820218,3632.2,3642.7,3630.055900515907,3612.7372576941057,54.007462404479256,17.318642821801404,25.576791478669037,63.13051392055539,3642.7,98.06018560043582,3838.8203712008713,3446.5796287991284,200773.0
LICN,2016-04-12,3651.0,3700.0,3650.0,3650.0,-0.03 %,1006.0,3682400.0,-0.0002738975623116646,-0.00027393507909964567,3632.2,3648.7,3633.1242235134596,3615.497460827876,53.89884157450824,17.6267626855838,23.98678572005199,62.19262006908715,3648.7,94.40456054991972,3837.5091210998394,3459.8908789001603,199767.0
LICN,2016-04-14,3650.0,3720.0,3699.0,3720.0,1.92 %,350.0,1299950.0,0.019178082191780854,0.018996500690655085,3652.2,3659.2,3646.489727588312,3623.2383896554406,59.968253403633554,23.251337932871138,23.83969616261582,62.75029006415235,3659.2,89.72859662684685,3838.6571932536935,3479.742806746306,200117.0
LICN,2016-04-17,3780.0,3780.0,3700.0,3705.0,-0.40 %,370.0,1389500.0,-0.0040322580645161255,-0.004040409537004974,3669.2,3666.95,3655.4913079593407,3629.294805236519,58.200034959671605,26.196502722821606,24.31105747465698,63.982412202427184,3666.95,86.43371357344904,3839.817427146898,3494.0825728531017,199747.0
LICN,2016-04-18,3705.0,3750.0,3640.0,3720.0,0.40 %,2501.0,9123480.0,0.004048582995951344,0.004040409537004906,3689.2,3675.2,3665.4157221194423,3636.0137085523324,59.4865027984527,29.40201356710986,25.32924869314756,67.26938275939668,3675.2,82.99181950803869,3841.183639016077,3509.2163609839226,202248.0
LICN,2016-04-19,3720.0,3705.0,3700.0,3700.0,-0.54 %,2230.0,8252500.0,-0.005376344086021501,-0.005390848634876423,3699.0,3680.2,3670.7363802549125,3640.753433844752,56.96891634309406,29.982946410160366,26.25998823655012,63.89299827658263,3680.2,81.21615084382181,3842.6323016876436,3517.767698312356,200018.0
LICN,2016-04-21,3700.0,3710.0,3685.0,3685.0,-0.41 %,1535.0,5671345.0,-0.004054054054054013,-0.004062294008878793,3706.0,3671.95,3672.930783292618,3644.0309572636597,55.08590728396961,28.89982602895816,26.78795579503173,61.114926971112446,3671.95,70.76832104232534,3813.4866420846506,3530.413357915349,198483.0
LICN,2016-04-24,3685.0,3720.0,3685.0,3690.0,0.14 %,4500.0,16637395.0,0.0013568521031208647,0.001355932411135997,3700.0,3664.45,3675.556816632215,3647.436071540426,55.61257635839925,28.120745091789104,27.054513654383207,59.24957504460441,3664.45,58.9892719951526,3782.428543990305,3546.4714560096945,202983.0
LICN,2016-04-25,3690.0,3700.0,3700.0,3700.0,0.27 %,137.0,506900.0,0.0027100271002709064,0.0027063615977428457,3699.0,3662.45,3679.3173063811055,3651.3296958707647,56.70602239261397,27.9876105103408,27.24113302557473,55.7317482557041,3662.45,56.93530492901757,3776.320609858035,3548.5793901419647,203120.0
LICN,2016-04-26,3700.0,3700.0,3680.0,3700.0,0.00 %,384.0,1420380.0,0.0,0.0,3695.0,3659.7,3682.499259245551,3654.9349035840414,56.706022392463524,27.56435566150958,27.305777552761704,53.179480523153806,3659.7,53.451502859008045,3766.603005718016,3552.7969942819836,203120.0
LICN,2016-04-27,3700.0,3720.0,3690.0,3700.0,0.00 %,725.0,2683219.0,0.0,0.0,3695.0,3659.2,3685.1916809000813,3658.2730588741124,56.70602239230152,26.918622025968943,27.228346447403155,51.52380334292854,3659.2,53.00109234219136,3765.2021846843827,3553.197815315617,203120.0
LICN,2016-04-28,3700.0,3880.0,3774.0,3880.0,4.86 %,640.0,2442508.0,0.048648648648648596,0.04750233398500326,3734.0,3669.45,3715.162191530838,3674.697276735289,72.13696352147268,40.46491479554879,29.875660117032282,60.700674532719354,3669.45,72.46594481469542,3814.3818896293906,3524.518110370609,203760.0
LICN,2016-05-02,3880.0,4150.0,3804.0,4150.0,6.96 %,6810.0,27602502.0,0.06958762886597936,0.06727318060742483,3826.0,3693.2,3782.060315910709,3709.9048858660085,82.31770635281678,72.15543004470055,38.331614102565936,81.07919778038226,3693.2,129.6536276310321,3952.507255262064,3433.8927447379356,210570.0
LICN,2016-05-03,4150.0,4150.0,3847.0,4000.0,-3.61 %,8061.0,31815202.0,-0.03614457831325302,-0.036813973122716316,3886.0,3712.65,3815.5894980782923,3731.3934128388964,67.55068342588228,84.19608523939587,47.50450832993192,96.9306836532121,3712.65,144.94909269697303,4002.5481853939464,3422.751814606054,202509.0
LICN,2016-05-04,4000.0,4000.0,3950.0,3999.0,-0.02 %,3034.0,12075361.0,-0.00024999999999997247,-0.00025003125520928253,3945.8,3733.6,3843.8064983739396,3751.2161229989783,67.46379461013973,92.59037537496124,56.52168173893779,93.57849196369695,3733.6,154.71821584991469,4043.0364316998293,3424.1635683001705,199475.0
LICN,2016-05-05,3999.0,3996.0,3970.0,3990.0,-0.23 %,1797.0,7164134.0,-0.0022505626406601476,-0.0022530989629092027,4003.8,3757.5,3866.2978063164105,3768.9038175916467,66.63308120383338,97.39398872476386,64.696143136103,88.9657425377186,3757.5,155.60188741918327,4068.7037748383664,3446.2962251616336,197678.0
LICN,2016-05-08,3990.0,4050.0,4010.0,4050.0,1.50 %,3500.0,14080877.0,0.015037593984962516,0.014925650216675792,4037.8,3777.5,3894.5596822677317,3789.7257570293023,69.34327092766068,104.8339252384294,72.72369955656828,86.89676092788156,3777.5,166.38999843421587,4110.279996868432,3444.7200031315683,201178.0
LICN,2016-05-09,4050.0,4115.0,4050.0,4085.0,0.86 %,6847.0,28006100.0,0.00864197530864197,0.008604847193518428,4024.8,3800.75,3923.8581926880806,3811.59792317528,70.83159579064252,112.26026951280073,80.63101354781477,85.33270657589001,3800.75,175.46415888329557,4151.678317766591,3449.821682233409,208025.0
LICN,2016-05-10,4100.0,4115.0,4070.0,4090.0,0.12 %,15352.0,62909800.0,0.001223990208078396,0.0012232417427442321,4042.8,3824.25,3949.4184707360682,3832.2202992363705,71.0478375524567,117.19817149969776,87.94444513819138,82.45179896332644,3824.25,181.3568378406769,4186.963675681353,3461.536324318646,223377.0
LICN,2016-05-11,4090.0,4245.0,4080.0,4238.0,3.62 %,21497.0,89236808.0,0.03618581907090457,0.03554648979139687,4090.6,3855.15,3993.8156290843654,3862.278054848491,76.58201231265681,131.53757423587422,96.66307095772795,88.34809903737454,3855.15,196.72189159208833,4248.593783184177,3461.7062168158236,244874.0
LICN,2016-05-12,3390.0,3526.0,3457.0,3460.0,2.06 %,2646.0,9205830.0,-0.18357715903728178,-0.20282287077647448,3984.6,3845.6,3911.6901476867706,3832.4796804152693,36.780830898816056,79.21046727150133,93.17255022048263,137.8232348204192,3845.6,211.25350199524178,4268.1070039904835,3423.0929960095164,242228.0
LICN,2016-05-15,3457.0,3457.0,3325.0,3325.0,-1.92 %,1080.0,3620420.0,-0.039017341040462394,-0.03979891496181539,3839.6,3829.35,3821.4301249657287,3794.888592977101,33.52489756591062,26.541531988627867,79.84634657411168,137.62157519038928,3829.35,237.90937571399357,4305.168751427987,3353.531248572013,241148.0
LICN,2016-05-16,3325.0,3349.0,3142.0,3142.0,-5.50 %,4925.0,15678880.0,-0.05503759398496244,-0.05661013427438808,3651.0,3800.45,3716.9024134325396,3746.526474978797,29.688338681182486,-29.624061546257508,57.95226495003784,142.57717696250432,3800.45,282.7687310562267,4365.987462112454,3234.9125378875465,236223.0
LICN,2016-05-17,3142.0,3330.0,3142.0,3300.0,5.03 %,4960.0,16187700.0,0.050286441756842715,0.04906292863900508,3493.0,3780.2,3652.7635805967643,3713.4504397951823,36.45038319677534,-60.686859198418006,34.22444012034668,145.82166432232543,3780.2,303.69160257352377,4387.583205147047,3172.816794852952,241183.0
LICN,2016-05-18,3300.0,3335.0,3275.0,3335.0,1.06 %,1940.0,6415870.0,0.010606060606060508,0.010550210895152392,3312.4,3760.95,3603.8768758895694,3685.417073884428,37.8756884816885,-81.54019799485877,11.071512497305587,139.69154544215934,3760.95,319.49886335353614,4399.947726707072,3121.9522732929277,243123.0
LICN,2016-05-19,3335.0,3400.0,3300.0,3300.0,-1.05 %,4825.0,16240825.0,-0.010494752623688153,-0.010550210895152486,3280.4,3740.95,3557.126587291174,3656.8676610041002,36.98243414112595,-99.74107371292621,-11.091004744740774,136.85643505343367,3740.95,335.62753086371714,4412.205061727434,3069.6949382725657,238298.0
LICN,2016-05-22,3300.0,3427.0,3235.0,3427.0,3.85 %,5704.0,18842620.0,0.038484848484848566,0.03776277442003731,3300.8,3728.05,3537.1071123233014,3639.8404268556483,42.299976401095094,-102.73331453234687,-29.419466702261992,140.79526112104557,3728.05,342.7732832123907,4413.5965664247815,3042.503433575219,244002.0
LICN,2016-05-23,3427.0,3550.0,3410.0,3550.0,3.59 %,4710.0,16253570.0,0.03589145024803031,0.03526236059485261,3382.4,3721.05,3539.090633504332,3633.1855804218967,46.96741088349123,-94.09494691756481,-42.35456274532256,140.7384567552566,3721.05,345.013420791579,4411.076841583158,3031.0231584168423,248712.0
LICN,2016-05-24,3550.0,3599.0,3525.0,3590.0,1.13 %,24860.0,87805218.0,0.011267605633802802,0.011204599012863062,3440.4,3715.55,3546.9228437344345,3629.9866485387934,48.428417756094035,-83.06380480435882,-50.49641115712981,135.97142412988114,3715.55,346.24124157646565,4408.0324831529315,3023.067516847069,273572.0
LICN,2016-05-25,3590.0,3565.0,3430.0,3498.0,-2.56 %,1484.0,5224800.0,-0.025626740947075177,-0.025960825903777147,3473.0,3705.45,3539.3962523906753,3620.2098597581416,45.33488668499219,-80.81360736746637,-56.55985039919713,137.6877509777468,3705.45,349.64816526570775,4404.746330531415,3006.153669468584,272088.0
LICN,2016-05-26,3498.0,3537.0,3398.0,3400.0,-2.80 %,4250.0,14544850.0,-0.028016009148084664,-0.028415944974294668,3493.0,3690.45,3517.9506750998025,3603.8980182945756,42.23962622095137,-85.94734319477311,-62.43734895831233,137.78148305076488,3690.45,356.2666764333057,4402.983352866611,2977.9166471333883,267838.0
LICN,2016-05-29,3400.0,3409.0,3350.0,3350.0,-1.47 %,2434.0,8219550.0,-0.014705882352941124,-0.014815085785140587,3477.6,3663.95,3492.1121096998327,3585.090757680163,40.712343697524894,-92.97864798033015,-68.5456087627159,132.15423426142453,3663.95,361.10393240726665,4386.157864814533,2941.7421351854664,265404.0
LICN,2016-05-30,3350.0,3325.0,3280.0,3322.0,-0.84 %,3268.0,10809665.0,-0.008358208955223878,-0.008393334645871933,3432.0,3622.55,3465.941015899858,3565.602553407558,39.84352378334364,-99.6615375076999,-74.76879451171271,127.71464609989421,3622.55,349.7315474233774,4322.013094846755,2923.0869051532454,262136.0
LICN,2016-05-31,3322.0,3355.0,3329.0,3350.0,0.84 %,9363.0,31347050.0,0.008428657435279874,0.008393334645871858,3384.0,3590.05,3448.1039365306488,3549.6319938958873,41.19498233490489,-101.52805736523851,-80.12064708241788,120.94931423561606,3590.05,342.9455189200769,4275.9410378401535,2904.1589621598464,271499.0
LICN,2016-06-01,3350.0,3360.0,3300.0,3320.0,-0.90 %,4113.0,13667440.0,-0.008955223880596996,-0.008995562908577873,3348.4,3556.1,3428.3956386028567,3532.622216570266,40.154108160336506,-104.22657796740941,-84.94183325941619,116.59579179021492,3556.1,333.8180878704244,4223.736175740849,2888.463824259151,267386.0
LICN,2016-06-02,3320.0,3301.0,3280.0,3293.0,-0.81 %,1311.0,4316448.0,-0.008132530120481873,-0.008165779534169889,3327.0,3521.25,3407.5655403562637,3514.8724227502466,39.19425776177688,-107.30688239398296,-89.41484308632954,111.12466380519957,3521.25,322.32034979927937,4165.890699598559,2876.609300401441,266075.0
LICN,2016-06-05,3293.0,3300.0,3200.0,3225.0,-2.06 %,2155.0,6977780.0,-0.020649863346492547,-0.020866053146491405,3302.0,3480.0,3379.4785341476077,3493.4003914354134,36.80785415665426,-113.92185728780578,-94.31624592662479,110.33004496197103,3480.0,303.32143797766,4086.64287595532,2873.35712404468,263920.0
LICN,2016-06-06,3225.0,3280.0,3240.0,3250.0,0.78 %,7319.0,23766032.0,0.007751937984496138,0.0077220460939103185,3287.6,3438.25,3359.5587596633604,3475.3707328105684,38.29534787213988,-115.81197314720794,-98.61539137074142,106.37789889325882,3438.25,271.4568638796266,3981.163727759253,2895.336272240747,271239.0
LICN,2016-06-07,3260.0,3270.0,3250.0,3257.0,0.22 %,2863.0,9327920.0,0.002153846153846173,0.0021515299524503405,3269.0,3396.6,3343.7804889459203,3459.1951229727483,38.7302393873406,-115.41463402682803,-101.97523990195874,100.20804897231176,3396.6,226.35170584034964,3849.3034116806994,2943.8965883193005,274102.0
LICN,2016-06-08,3257.0,3398.0,3290.0,3398.0,4.33 %,3177.0,10562601.0,0.04329137242861525,0.042380496955643804,3284.6,3354.6,3352.12195218501,3454.6621509006927,46.855334609515964,-102.54019871568289,-102.08823166470359,103.12175976000378,3354.6,110.08006655442206,3574.760133108844,3134.439866891156,277279.0
LICN,2016-06-09,3534.0,3700.0,3465.0,3630.0,6.83 %,16926.0,61841200.0,0.06827545615067687,0.06604562502701913,3352.0,3363.1,3394.8724210796236,3467.6501397228635,56.967278372577155,-72.77771864323995,-96.22612906041087,117.32734834857494,3363.1,124.29290533165523,3611.6858106633103,3114.5141893366895,294205.0
LICN,2016-06-12,3630.0,3650.0,3558.0,3600.0,-0.83 %,1889.0,6818402.0,-0.008264462809917328,-0.008298802814695066,3427.0,3376.85,3426.430510144297,3477.4538330767255,55.49679266916246,-51.02332293242853,-87.1855678348144,115.51825203796245,3376.85,134.6368507465233,3646.1237014930466,3107.576298506953,292316.0
LICN,2016-06-13,3600.0,3580.0,3450.0,3551.0,-1.36 %,1952.0,6873850.0,-0.01361111111111113,-0.013704591501113495,3487.2,3397.3,3445.5950470451744,3482.901697293264,53.0864513858337,-37.30665024808968,-77.20978431746947,117.98123403525085,3397.3,127.98523763553993,3653.27047527108,3141.32952472892,290364.0
LICN,2016-06-14,3550.0,3550.0,3465.0,3534.0,-0.48 %,1984.0,6953720.0,-0.004787383835539338,-0.004798880063446241,3542.6,3409.0,3459.1958090382245,3486.6867567530226,52.23875372134668,-27.49094771479804,-67.26601699693518,115.69686017559007,3409.0,129.31113030612093,3667.622260612242,3150.377739387758,288380.0
LICN,2016-06-15,3590.0,3590.0,3500.0,3550.0,0.45 %,994.0,3522520.0,0.004527447651386574,0.004517229589819816,3573.0,3419.75,3473.1656845708053,3491.376626623169,52.99945807393366,-18.210942052363862,-57.45500200802091,113.86137016304794,3419.75,131.74931339077725,3683.2486267815543,3156.2513732184457,289374.0
LICN,2016-06-16,3550.0,3739.0,3600.0,3700.0,4.23 %,8618.0,31763621.0,0.04225352112676051,0.04138521616285428,3587.0,3439.75,3508.063271559912,3506.8302098362674,59.51034672428934,1.2330617236448234,-45.717389261687764,119.22841515140166,3439.75,142.53342175006952,3724.816843500139,3154.683156499861,297992.0
LICN,2016-06-19,3700.0,3715.0,3626.0,3626.0,-2.00 %,2240.0,8238460.0,-0.020000000000000018,-0.020202707317519466,3592.2,3449.7,3526.207383627618,3515.6576017002476,55.43078441161791,10.549781927370532,-34.4639550238761,117.06924264058726,3449.7,148.42084546455965,3746.541690929119,3152.8583090708808,295752.0
LICN,2016-06-20,3626.0,3554.0,3490.0,3520.0,-2.92 %,1737.0,6083709.0,-0.02923331494760062,-0.029669122722653544,3586.0,3448.2,3525.2524015310614,3515.979260833563,50.12958624081536,9.273140697498548,-25.716535879601174,118.42143959483103,3448.2,147.5025780327566,3743.205156065513,3153.1948439344865,294015.0
LICN,2016-06-21,3520.0,3560.0,3400.0,3560.0,1.14 %,5497.0,19327944.0,0.011363636363636465,0.011299555253933466,3591.2,3446.7,3530.598185910898,3519.240056327373,51.99530235726325,11.358129583524715,-18.301602786975998,121.39133676662881,3446.7,146.13083539289457,3738.961670785789,3154.4383292142106,299512.0
LICN,2016-06-22,3560.0,3650.0,3559.0,3650.0,2.53 %,7222.0,25950100.0,0.02528089887640439,0.024966622730460946,3611.2,3454.3,3548.9676957707597,3528.925978080901,55.98525704031738,20.041717689858615,-10.632938691609077,119.2205269975839,3454.3,152.7423354955174,3759.784670991035,3148.8153290089654,306734.0
LICN,2016-06-23,3650.0,3775.0,3671.0,3700.0,1.37 %,16061.0,59837553.0,0.013698630136986356,0.013605652055778678,3611.2,3469.3,3572.20343488295,3541.598127852686,58.07031440833888,30.605307030264157,-2.3852895472344304,119.63334649775649,3469.3,161.60285953695197,3792.505719073904,3146.0942809260964,322795.0
LICN,2016-06-26,3700.0,3719.0,3680.0,3719.0,0.51 %,5052.0,18647700.0,0.005135135135135194,0.005121995292754289,3629.8,3487.75,3594.7875218240347,3554.7390072710054,58.86770491594081,40.048514553029236,6.101471272818303,113.87382174791675,3487.75,168.19533600140332,3824.1406720028067,3151.3593279971933,327847.0
LICN,2016-06-27,3719.0,3725.0,3680.0,3700.0,-0.51 %,5706.0,21168603.0,-0.0051089002420005025,-0.005121995292754196,3665.8,3506.65,3610.9740569280293,3565.4990808064863,57.68627854243291,45.47497612154302,13.976172242563248,108.95426305163699,3506.65,169.8198038788967,3846.2896077577934,3167.0103922422068,322141.0
LICN,2016-06-28,3700.0,3690.0,3650.0,3690.0,-0.27 %,1802.0,6621702.0,-0.002702702702702675,-0.002706361597742914,3691.8,3523.65,3623.131894323717,3574.721371117117,57.03746359832498,48.41052320659992,20.863042435370584,104.74324426223434,3523.65,170.33010519821573,3864.3102103964316,3182.9897896035686,320339.0
LICN,2016-06-29,3690.0,3695.0,3650.0,3660.0,-0.81 %,1061.0,3882930.0,-0.008130081300813052,-0.008163310639160981,3693.8,3540.65,3628.803910581607,3581.038306589923,55.03754058223918,47.76560399168375,26.24355474663322,100.47586967207474,3540.65,165.84275209078524,3872.3355041815707,3208.9644958184294,319278.0
LICN,2016-06-30,3660.0,3740.0,3661.0,3675.0,0.41 %,11260.0,41618920.0,0.004098360655737654,0.004089985251525066,3688.8,3559.75,3635.91100126136,3587.9984320277067,55.87071260074926,47.91256923365336,30.57735764403725,99.01330755264082,3559.75,157.61307553290195,3874.976151065804,3244.523848934196,330538.0
LICN,2016-07-03,3675.0,3650.0,3600.0,3640.0,-0.95 %,7589.0,27586254.0,-0.00952380952380949,-0.009569451016150672,3673.0,3580.5,3636.5400779903816,3591.8504000256544,53.384921141868965,44.68967796472725,33.39982170817525,97.29807129888077,3580.5,137.2218718180739,3854.9437436361477,3306.0562563638523,322949.0
LICN,2016-07-04,3640.0,3611.0,3550.0,3600.0,-1.10 %,1698.0,6100860.0,-0.01098901098901095,-0.011049836186584935,3653.0,3598.0,3630.918527530323,3592.454074097828,50.61337321027025,38.46445343249479,34.41274805303917,96.77678049181786,3598.0,113.04214398082738,3824.084287961655,3371.915712038345,321251.0
LICN,2016-07-05,3560.0,3600.0,3560.0,3600.0,0.00 %,100.0,358000.0,0.0,0.0,3635.0,3615.15,3626.1618309871965,3593.013031572063,50.613373210199505,33.14879941513345,34.15995832545803,92.72129617097373,3615.15,79.68112435790478,3774.5122487158096,3455.7877512841906,321251.0
LICN,2016-07-06,3600.0,3645.0,3550.0,3556.0,-1.22 %,2598.0,9318770.0,-0.012222222222222245,-0.012297527810406196,3614.2,3623.05,3615.3677031430125,3590.271325529688,47.469394936683685,25.09637761332442,32.34724218303131,92.8840607301899,3623.05,63.132671498351634,3749.3153429967033,3496.784657003297,318653.0
LICN,2016-07-10,3556.0,3570.0,3505.0,3505.0,-1.43 %,9375.0,33194373.0,-0.01434195725534304,-0.01444579716510469,3580.2,3616.8,3598.388056505626,3583.9549310460075,44.05355583701661,14.433125459618623,28.764418838348778,90.8923421066049,3616.8,68.37789732141354,3753.555794642827,3480.0442053571733,309278.0
LICN,2016-07-11,3505.0,3570.0,3470.0,3475.0,-0.86 %,1828.0,6381028.0,-0.008559201141226769,-0.008596041469797908,3547.2,3610.55,3579.405278581684,3575.88419541297,42.13293691000253,3.5210831687140853,23.71575170442184,91.54288909899026,3610.55,75.35143975848615,3761.2528795169724,3459.847120483028,307450.0
LICN,2016-07-12,3475.0,3434.0,3370.0,3400.0,-2.16 %,411.0,1393120.0,-0.021582733812949617,-0.021819047394639725,3507.2,3603.0,3551.8044664921945,3562.8557364934904,37.70698458953114,-11.051270001295961,16.762347363278284,92.50411130620525,3603.0,88.1159523163893,3779.2319046327784,3426.7680953672216,307039.0
LICN,2016-07-13,3400.0,3450.0,3410.0,3450.0,1.47 %,270.0,929000.0,0.014705882352941124,0.014598799421152631,3477.2,3598.8,3536.142240878011,3554.4960523087875,42.075564015231805,-18.35381143077666,9.739115604467296,89.46810335576201,3598.8,93.4201601143036,3785.6403202286074,3411.959679771393,307309.0
LICN,2016-07-14,3516.0,3580.0,3515.0,3575.0,3.77 %,520.0,1846740.0,0.03623188405797095,0.03559094510270253,3481.0,3600.05,3542.120357666009,3556.014863248877,51.27528901737152,-13.894505582868078,5.012391367000221,92.36323883035044,3600.05,92.89862896270608,3785.847257925412,3414.2527420745882,307829.0
LICN,2016-07-17,3580.0,3630.0,3558.0,3590.0,0.28 %,121.0,434502.0,0.00419580419580412,0.004187026354216453,3498.0,3594.55,3549.486456486623,3558.5322807859975,52.25524071453864,-9.045824299374544,2.2007482337252684,90.9087217710397,3594.55,89.8768016435659,3774.303603287132,3414.7963967128685,307950.0
LICN,2016-07-18,3590.0,3750.0,3529.0,3700.0,3.06 %,13677.0,49000497.0,0.03064066852367686,0.030180617149991238,3543.0,3598.25,3572.6423862579113,3569.011371098146,58.799285395010024,3.6310151597654112,2.4868016189332973,100.20095593025115,3598.25,92.71795091051831,3783.6859018210366,3412.8140981789634,321627.0
LICN,2016-07-19,3700.0,3700.0,3577.0,3600.0,-2.70 %,515.0,1875900.0,-0.027027027027026973,-0.027398974188114388,3583.0,3602.25,3576.8512499105404,3571.306825090876,51.84264298324765,5.544424819664528,3.0983262590795437,101.82945907809037,3602.25,90.87172856628293,3783.9934571325657,3420.5065428674343,321112.0
LICN,2016-07-20,3600.0,3604.0,3531.0,3534.0,-1.83 %,259.0,928831.0,-0.018333333333333313,-0.018503471564559643,3599.8,3600.95,3570.258749924303,3568.543356565626,47.82124436947917,1.7153933586773746,2.8217396789991103,99.7702120010839,3600.95,91.69025374363177,3784.3305074872633,3417.5694925127364,320853.0
LICN,2016-07-21,3534.0,3550.0,3550.0,3550.0,0.45 %,100.0,355000.0,0.004527447651386574,0.004517229589819816,3594.8,3595.95,3567.142019166718,3567.1697745978017,48.85695235445555,-0.02775543108373313,2.2518406569825418,93.78662542957791,3595.95,91.60123821268978,3779.1524764253795,3412.74752357462,320953.0
LICN,2016-07-25,3550.0,3550.0,3480.0,3530.0,-0.56 %,1104.0,3874590.0,-0.005633802816901401,-0.005649732542119021,3582.8,3587.45,3561.4278623718383,3564.4164579609273,47.585463358981976,-2.9885955890890727,1.203753407768219,92.08758075603663,3587.45,89.29635756108395,3766.042715122168,3408.8572848778317,319849.0
LICN,2016-07-26,3530.0,3520.0,3483.0,3483.0,-1.33 %,4747.0,16621340.0,-0.013314447592068013,-0.013403879561341286,3539.4,3575.65,3549.3620373915555,3558.385609223081,44.64502646336237,-9.02357183152526,-0.8417116400904767,88.8670392734626,3575.65,86.54860210487881,3748.747204209758,3402.5527957902423,315102.0
LICN,2016-07-27,3483.0,3550.0,3460.0,3500.0,0.49 %,1197.0,4172425.0,0.004880849842090251,0.004868977111503957,3519.4,3565.65,3541.767877792855,3554.0607492806303,45.946095606019064,-12.292871487775301,-3.1319436096274416,88.94796503964385,3565.65,82.90214586768316,3731.4542917353665,3399.8457082646337,316299.0
LICN,2016-07-28,3500.0,3540.0,3500.0,3510.0,0.29 %,1720.0,6042000.0,0.0028571428571428914,0.0028530689824064807,3514.6,3556.65,3536.8805119785698,3550.7969900746575,46.739122307330575,-13.916478096087758,-5.2888505069195055,85.45168182252644,3556.65,78.33684016035367,3713.3236803207074,3399.976319679293,318019.0
LICN,2016-07-31,3510.0,3590.0,3510.0,3550.0,1.14 %,1510.0,5341850.0,0.01139601139601143,0.011331566009550018,3514.6,3551.15,3538.8988947510975,3550.737953772831,49.905038835316695,-11.839059021733647,-6.598892209882334,85.06227597806026,3551.15,74.46459773464522,3700.0791954692904,3402.2208045307098,319529.0
LICN,2016-08-01,3550.0,3550.0,3460.0,3475.0,-2.11 %,3087.0,10810600.0,-0.021126760563380254,-0.021353124470568946,3503.6,3541.15,3529.0682955586212,3545.127734974844,44.55701663831082,-16.05943941622263,-8.491001651150395,85.41497055105596,3541.15,70.26811435302635,3681.6862287060526,3400.6137712939476,316442.0
LICN,2016-08-02,3475.0,3470.0,3408.0,3415.0,-1.73 %,1388.0,4755870.0,-0.01726618705035976,-0.017416985994002116,3490.0,3529.9,3511.519327011141,3535.488643495226,40.790955611006574,-23.969316484085084,-11.586664617737334,84.09961551169482,3529.9,71.60777670200194,3673.115553404004,3386.684446595996,315054.0
LICN,2016-08-03,3415.0,3450.0,3400.0,3419.0,0.12 %,2828.0,9671195.0,0.0011713030746705044,0.0011706176344107827,3473.8,3520.85,3497.2855843940424,3526.859855088172,41.14808473951978,-29.57427069412961,-15.184185833015789,81.6639286894309,3520.85,73.68944436294548,3668.228888725891,3373.471111274109,317882.0
LICN,2016-08-04,3419.0,3430.0,3300.0,3300.0,-3.48 %,2708.0,9062198.0,-0.03480549868382565,-0.035425642184729655,3431.8,3505.85,3466.933956025728,3510.055421377937,34.484180014772406,-43.121465352208816,-20.7716417368544,85.11650521161442,3505.85,86.20127914543518,3678.25255829087,3333.4474417091296,315174.0
LICN,2016-08-07,3300.0,3366.0,3315.0,3315.0,0.45 %,610.0,2035954.0,0.00454545454545463,0.004535155165391363,3384.8,3493.8,3443.559501252539,3495.606871646238,35.89350187540579,-52.04737039369866,-27.026787468223255,83.75104055364196,3493.8,95.1970808928502,3684.1941617857005,3303.4058382143,315784.0
LICN,2016-08-08,3315.0,3340.0,3165.0,3165.0,-4.52 %,3353.0,10867485.0,-0.04524886877828049,-0.04630456804168627,3322.8,3476.8,3400.704193367533,3471.117473746516,29.142408276557916,-70.41328037898302,-35.70408605037521,90.26882337123897,3476.8,120.17338351422433,3717.1467670284487,3236.4532329715516,312431.0
LICN,2016-08-09,3228.0,3228.0,3228.0,3228.0,1.99 %,10.0,32280.0,0.019905213270142275,0.01970969481156295,3285.4,3464.45,3374.134317464836,3453.108771987515,34.69786362189082,-78.97445452267903,-44.35815974483597,88.32105027329332,3464.45,132.43448231203584,3729.3189646240717,3199.581035375928,312441.0
LICN,2016-08-10,3292.0,3365.0,3260.0,3300.0,2.23 %,5147.0,17061700.0,0.02230483271375472,0.022059718064732257,3261.6,3459.45,3362.729037854861,3441.767381469921,40.44471796022339,-79.03834361506006,-51.294196518880796,91.79811811091523,3459.45,136.81123184113412,3733.072463682268,3185.8275363177318,317588.0
LICN,2016-08-11,3300.0,3300.0,3245.0,3275.0,-0.76 %,2784.0,9095480.0,-0.007575757575757569,-0.007604599385219304,3256.6,3450.7,3349.232262800267,3429.4142421017787,39.15618547347362,-80.18197930151155,-57.071753075406946,89.16968110299271,3450.7,142.90780981197997,3736.5156196239595,3164.88438037604,314804.0
LICN,2016-08-14,3250.0,3309.0,3172.0,3192.0,-2.53 %,2053.0,6659290.0,-0.025343511450381717,-0.025670189499652947,3232.0,3431.55,3325.042683907918,3411.8280019460913,35.1520647083549,-86.78531803817305,-63.01446606796017,92.58613245277894,3431.55,150.8172386488966,3733.1844772977934,3129.915522702207,312751.0
LICN,2016-08-15,3200.0,3200.0,3090.0,3150.0,-1.32 %,2000.0,6265070.0,-0.013157894736842146,-0.01324522675002068,3229.0,3409.55,3298.113040229777,3392.4333351352698,33.296560088024094,-94.32029490549257,-69.27563183546665,93.82998013472331,3409.55,158.38908621358078,3726.328172427162,3092.7718275728384,310751.0
LICN,2016-08-16,3213.0,3265.0,3205.0,3220.0,2.22 %,1858.0,6002020.0,0.022222222222222143,0.021978906718775167,3227.4,3385.55,3286.095649425196,3379.6604954956206,39.069285558093235,-93.56484607042466,-74.13347468245826,95.3421244108145,3385.55,148.0936670169277,3681.7373340338554,3089.362665966145,312609.0
LICN,2016-08-17,3235.0,3235.0,3210.0,3229.0,0.28 %,2760.0,8882800.0,0.002795031055900621,0.0027911322198212254,3213.2,3367.0,3277.3117033597814,3368.5004587922413,39.79076660004708,-91.18875543245986,-77.54453083245858,90.3176869528992,3367.0,142.96484661767565,3652.9296932353514,3081.0703067646486,315369.0
LICN,2016-08-22,3165.0,3165.0,3135.0,3135.0,-2.91 %,1297.0,4088740.0,-0.029111179931867404,-0.029543317691254095,3185.2,3347.05,3255.4175951505845,3351.2041285113346,35.11406377141934,-95.78653336075013,-81.19293133811689,90.58070931340639,3347.05,146.2361014538327,3639.522202907666,3054.5777970923345,314072.0
LICN,2016-08-23,3150.0,3150.0,3060.0,3060.0,-2.39 %,3163.0,9817960.0,-0.02392344497607657,-0.024214258120594627,3158.8,3322.55,3225.3533497428025,3329.6334523253095,31.893191234804675,-104.28010258250697,-85.81036558699492,90.53923007673451,3322.55,151.4002972255826,3625.3505944511653,3019.749405548835,310909.0
LICN,2016-08-24,3121.0,3350.0,3038.0,3339.0,9.12 %,3748.0,11741600.0,0.09117647058823519,0.08725644499722797,3196.6,3313.0,3242.837449782371,3330.327270671583,50.19496916275855,-87.48982088921184,-86.14625664743832,106.35785649982492,3313.0,143.44080018561507,3599.88160037123,3026.11839962877,314657.0
LICN,2016-08-28,3340.0,3340.0,3230.0,3250.0,-2.66 %,1714.0,5642280.0,-0.026654687032045543,-0.027016364619871374,3202.6,3301.35,3243.939380585083,3324.377102473688,45.95282474247919,-80.43772188860476,-85.00454969567161,106.6180096069803,3301.35,138.2759540689526,3577.901908137905,3024.7980918620947,312943.0
LICN,2016-08-29,3315.0,3315.0,3200.0,3250.0,0.00 %,2580.0,8326800.0,0.0,0.0,3206.8,3288.85,3244.8717835719935,3318.867687475637,45.95282474243219,-73.99590390364347,-82.80282053726599,107.2167232064817,3288.85,130.45155382260415,3549.7531076452083,3027.9468923547915,312943.0
LICN,2016-08-30,3260.0,3300.0,3240.0,3250.0,0.00 %,2297.0,7475130.0,0.0,0.0,3229.8,3275.85,3245.660739945533,3313.7663772922565,45.95282474238159,-68.1056373467236,-79.86338389915753,103.84410012030445,3275.85,119.77095465488446,3515.391909309769,3036.308090690231,312943.0
LICN,2016-08-31,3250.0,3360.0,3200.0,3253.0,0.09 %,1927.0,6338020.0,0.0009230769230770264,0.0009226511495683895,3268.4,3261.0,3246.7898568769892,3309.2651641594966,46.14444484261333,-62.4753072825074,-76.38576857582751,107.85523582599698,3261.0,100.91945720276327,3462.8389144055263,3059.1610855944737,314870.0
LICN,2016-09-01,3280.0,3300.0,3255.0,3300.0,1.44 %,2110.0,6887240.0,0.014448201660006044,0.014344820981220046,3260.6,3252.25,3254.9760327420677,3308.5788557032374,49.18413073617536,-53.60282296116975,-71.82917945289597,103.5084332669972,3252.25,88.16961823067244,3428.589236461345,3075.910763538655,316980.0
LICN,2016-09-04,3300.0,3319.0,3300.0,3319.0,0.58 %,550.0,1818950.0,0.00575757575757585,0.0057410642654031,3274.4,3247.45,3264.825873858673,3309.350792317812,50.40282719275149,-44.52491845913937,-66.36832725414466,97.47211660506883,3247.45,81.17912293191633,3409.8082458638323,3085.0917541361673,317530.0
LICN,2016-09-05,3330.0,3385.0,3315.0,3320.0,0.03 %,978.0,3256500.0,0.00030129557095515125,0.0003012501905596586,3288.4,3242.5,3273.3142009573385,3310.139622516493,50.47015496435099,-36.82542155915462,-60.45974611514666,95.50982256184963,3242.5,72.74866611181157,3387.9973322236233,3097.0026677763767,318508.0
LICN,2016-09-06,3319.0,3330.0,3300.0,3300.0,-0.60 %,2177.0,7221330.0,-0.0060240963855421326,-0.006042314455962586,3298.4,3242.5,3277.4197085023634,3309.388539367123,49.03641397423652,-31.96883086475964,-54.761563065069254,90.83054952171751,3242.5,72.74866611181157,3387.9973322236233,3097.0026677763767,316331.0
LICN,2016-09-07,3280.0,3300.0,3250.0,3295.0,-0.15 %,1713.0,5607830.0,-0.0015151515151514694,-0.0015163005179639638,3306.8,3241.5,3280.124368732769,3308.3227216362247,48.66421899235755,-28.198352903455543,-49.44892103274652,87.91408169873769,3241.5,71.83130823046785,3385.1626164609356,3097.8373835390644,314618.0
LICN,2016-09-08,3300.0,3300.0,3270.0,3290.0,-0.15 %,2004.0,6576690.0,-0.0015174506828528056,-0.0015186031771900162,3304.8,3247.75,3281.6436966200354,3306.9654829965048,48.26966109216716,-25.32178637646939,-44.6234941014911,83.77736157739928,3247.75,70.24534073326166,3388.2406814665233,3107.2593185334767,312614.0
LICN,2016-09-11,3339.0,3339.0,3290.0,3290.0,0.00 %,764.0,2523440.0,0.0,0.0,3299.0,3250.85,3282.9292817554146,3305.708780552319,48.26966109208286,-22.779498796904136,-40.25469504057371,81.29326432187077,3250.85,70.69450585363694,3392.2390117072737,3109.460988292726,312614.0
LICN,2016-09-12,3250.0,3299.0,3250.0,3250.0,-1.22 %,650.0,2118620.0,-0.012158054711246202,-0.012232568435634408,3285.0,3248.35,3277.8632384084276,3301.5822042151103,44.89262761881702,-23.718965806682718,-36.94754919379551,78.98660258459428,3248.35,69.74259062698779,3387.8351812539754,3108.8648187460244,311964.0
LICN,2016-09-14,3260.0,3407.0,3260.0,3350.0,3.08 %,1696.0,5611310.0,0.03076923076923066,0.030305349495328843,3295.0,3252.1,3288.961201730208,3305.1687076065837,53.62732658197888,-16.207505876375762,-32.79954053031156,84.55898811426611,3252.1,73.18246842110268,3398.464936842205,3105.7350631577947,313660.0
LICN,2016-09-18,3301.0,3337.0,3300.0,3330.0,-0.89 %,2665.0,8845840.0,-0.005970149253731294,-0.005988041844622557,3302.0,3259.0,3295.2748630024835,3307.0080625986884,51.85697274063425,-11.73319959620494,-28.58627234349024,82.09048896324711,3259.0,73.7213816016648,3406.4427632033294,3111.5572367966706,310995.0
LICN,2016-09-20,3260.0,3295.0,3250.0,3290.0,-0.90 %,1306.0,4275040.0,-0.012012012012011963,-0.012084739215071886,3302.0,3266.0,3294.463345617486,3305.7482061098963,48.4145477276816,-11.28486049241019,-25.12598997327423,81.94116832301518,3266.0,69.34353838523498,3404.68707677047,3127.31292322953,309689.0
LICN,2016-09-21,3240.0,3265.0,3250.0,3250.0,-1.22 %,1883.0,6136860.0,-0.012158054711246202,-0.012232568435634408,3294.0,3267.5,3287.6228309071034,3301.618709361015,45.18434345008539,-13.9958784539117,-22.899967669401725,78.94537058565696,3267.5,68.61678481166115,3404.733569623322,3130.266430376678,307806.0
LICN,2016-09-22,3250.0,3260.0,3230.0,3235.0,-0.62 %,1718.0,5568370.0,-0.004615384615384577,-0.004626068388782191,3291.0,3267.8,3279.5270107675487,3296.683990149088,43.998817500561145,-17.15697938153926,-21.751370011829234,75.44927268668147,3267.8,68.45251908013412,3404.7050381602685,3130.894961839732,306088.0
LICN,2016-09-25,3250.0,3260.0,3230.0,3235.0,-0.62 %,1718.0,5568370.0,0.0,0.0,3268.0,3272.8,3272.676701418695,3292.1148056936,43.99881750047826,-19.438104274905072,-21.288716864444403,72.20289606620422,3272.8,61.54553299447486,3395.89106598895,3149.7089340110506,306088.0
LICN,2016-09-26,3200.0,3233.0,3200.0,3230.0,1.99 %,2907.0,9317410.0,-0.0015455950540957941,-0.0015467907182986822,3248.0,3281.3,3266.1110550465883,3287.5137089755553,43.55701385148697,-21.402653928967084,-21.31150427734894,69.54554634718963,3281.3,37.74722018339826,3356.7944403667966,3205.8055596332038,303181.0
LICN,2016-09-27,3250.0,3250.0,3245.0,3250.0,0.37 %,700.0,2274500.0,0.006191950464396356,0.006172859107081016,3240.0,3276.85,3263.632431193267,3284.734915718107,45.89721191002845,-21.102484524839838,-21.269700326847122,66.00657875096181,3276.85,35.781905159411636,3348.4138103188234,3205.2861896811764,303881.0
LICN,2016-09-28,3190.0,3200.0,3181.0,3200.0,-1.39 %,3367.0,10759300.0,-0.01538461538461533,-0.015504186535965199,3230.0,3274.35,3253.842826394303,3278.4582552945435,41.28833896394073,-24.61542890024066,-21.93884604152583,66.22039455446453,3274.35,39.3276051433446,3353.005210286689,3195.694789713311,300514.0
LICN,2016-09-29,3200.0,3245.0,3200.0,3245.0,1.41 %,3577.0,11528600.0,0.014062500000000089,0.013964540350372541,3232.0,3274.1,3252.48239156441,3275.979866013466,46.49577235446286,-23.49747444905597,-22.25057172303186,64.70465208628849,3274.1,39.5060288536384,3353.1120577072766,3195.0879422927233,304091.0
LICN,2016-10-02,3309.0,3309.0,3249.0,3270.0,0.77 %,2121.0,6913190.0,0.007704160246533087,0.007674634753108666,3239.0,3275.1,3255.177408246808,3275.5369129754317,49.19192381272682,-20.359504728623506,-21.87235832415019,64.65431979441074,3275.1,39.115079875659745,3353.3301597513196,3196.8698402486802,306212.0
LICN,2016-10-03,3274.0,3366.0,3270.0,3345.0,2.94 %,2048.0,6759810.0,0.022935779816513735,0.02267670867102972,3262.0,3279.7,3268.99626851653,3280.6823268291037,56.30551283334933,-11.68605831257355,-19.835098321834867,66.89329695195283,3279.7,41.703338248246304,3363.1066764964926,3196.293323503507,308260.0
LICN,2016-10-04,3380.0,3526.0,3380.0,3402.0,1.07 %,1573.0,5403380.0,0.01704035874439458,0.01689680039347821,3292.4,3284.8,3289.458381052448,3289.668821138059,60.79777424623678,-0.21044008561057126,-15.910166674590009,75.04377574109905,3284.8,49.772746717299654,3384.3454934345996,3185.254506565401,309833.0
LICN,2016-10-05,3340.0,3400.0,3335.0,3400.0,-0.06 %,1296.0,4389120.0,-0.0005878894767783471,-0.0005880623515542952,3332.4,3288.85,3306.4647839674562,3297.841501053758,60.56249589787344,8.623282913698404,-11.003476756932326,74.46922033102057,3288.85,55.65048351797534,3400.1509670359505,3177.5490329640493,308537.0
LICN,2016-10-06,3450.0,3480.0,3430.0,3454.0,1.59 %,3203.0,11041600.0,0.01588235294117646,0.015757548102371143,3374.2,3295.55,3329.1625095109243,3309.408797271998,64.55130276509371,19.753712238926255,-4.852038957760611,74.86427602166195,3295.55,66.58945309245927,3428.7289061849187,3162.3710938150816,311740.0
LICN,2016-10-16,3522.0,3522.0,3410.0,3449.0,-0.14 %,1458.0,5020090.0,-0.001447596988998212,-0.0014486457697829532,3410.0,3303.0,3347.5990465092436,3319.748886362961,63.906775314179455,27.850160146282633,1.6884008630480385,77.51682773440038,3303.0,74.92663077968271,3452.8532615593654,3153.1467384406346,310282.0
LICN,2016-10-17,3390.0,3390.0,3380.0,3385.0,-1.86 %,193.0,653635.0,-0.018556103218324127,-0.018730427590465514,3418.0,3307.5,3353.3530393539754,3324.582302187927,56.175079551094576,28.770737166048548,7.10486812364814,76.90848289622893,3307.5,77.09222091956269,3461.6844418391256,3153.3155581608744,310089.0
LICN,2016-10-19,3390.0,3430.0,3370.0,3370.0,-0.44 %,1978.0,6759260.0,-0.004431314623338234,-0.0044411619999679365,3411.6,3311.5,3355.9141102225944,3327.9465760999324,54.510502114333406,27.967534122662073,11.277401323450928,75.70073411792687,3311.5,78.20384968310707,3467.9076993662143,3155.0923006337857,308111.0
LICN,2016-10-20,3435.0,3430.0,3400.0,3410.0,1.19 %,2558.0,8726190.0,0.011869436201780381,0.01179954693115503,3413.6,3317.5,3364.235016342195,3334.0246074999372,58.077939379702116,30.210408842257948,15.064002827212333,74.57925310950353,3317.5,81.0201404459999,3479.540280892,3155.459719108,310669.0
LICN,2016-10-23,3385.0,3385.0,3370.0,3370.0,-1.17 %,141.0,476205.0,-0.011730205278592365,-0.011799546931155055,3396.8,3323.5,3365.1219369049345,3336.6894513888305,53.55491220897188,28.432485516103952,17.737699364990657,72.1093064588247,3323.5,80.19745369363136,3483.8949073872627,3163.1050926127373,310528.0
LICN,2016-10-24,3350.0,3350.0,3310.0,3341.0,-0.86 %,520.0,1729610.0,-0.008605341246290754,-0.008642580989650827,3375.2,3323.05,3361.4108696887906,3337.008751285954,50.48515264419632,24.40211840283655,19.070583172559836,71.24435599748008,3323.05,80.06607468699994,3483.182149374,3162.9178506260005,310008.0
LICN,2016-10-25,3312.0,3350.0,3312.0,3340.0,-0.03 %,1677.0,5576640.0,-0.0002993115833582749,-0.00029935638601043263,3366.2,3323.55,3358.116889736669,3337.230325264772,50.37791877972576,20.88656447189669,19.433779432427208,68.86975914051722,3323.55,80.1429479446441,3483.8358958892886,3163.2641041107117,308331.0
LICN,2016-10-26,3350.0,3402.0,3340.0,3402.0,1.86 %,3065.0,10283300.0,0.01856287425149694,0.018392686985060906,3372.6,3329.15,3364.868137469489,3342.028078948863,56.5413292851132,22.840058520625917,20.115035250066953,68.3790620590517,3329.15,81.57545748049861,3492.3009149609975,3165.9990850390027,311396.0
LICN,2016-10-27,3370.0,3370.0,3355.0,3360.0,-1.38 %,820.0,2759100.0,-0.012345679012345734,-0.012422519998557209,3362.6,3334.65,3364.119193243414,3343.359332360058,51.843643954371,20.75986088335594,20.24400037672475,66.85198619769088,3334.65,79.64346538757638,3493.936930775153,3175.363069224847,310576.0
LICN,2016-11-03,3350.0,3350.0,3350.0,3350.0,-0.15 %,500.0,1675000.0,-0.0029761904761904656,-0.0029806281381377893,3358.6,3340.4,3361.947009667504,3343.8512336667204,50.76222506438948,18.095776000783644,19.81435550153653,62.79113004071296,3340.4,76.14487576493794,3492.689751529876,3188.110248470124,310076.0
LICN,2016-11-07,3300.0,3330.0,3300.0,3301.0,-1.49 %,1398.0,4627170.0,-0.014626865671641842,-0.014734892965919157,3350.6,3343.7,3352.570546641734,3340.6770682099263,45.72874369324315,11.89347843180758,18.23018008759074,61.877477894947745,3343.7,72.68830355482831,3489.0766071096564,3198.3233928903433,308678.0
LICN,2016-11-08,3251.0,3251.0,3230.0,3245.0,-1.67 %,2166.0,7025190.0,-0.016964556195092406,-0.017110102715002653,3331.6,3344.45,3336.021231773775,3333.589877972154,40.75498018151362,2.431353801620844,15.07041483039676,62.52908661673719,3344.45,71.52141747679075,3487.492834953581,3201.4071650464184,306512.0
LICN,2016-11-09,3200.0,3255.0,3135.0,3190.0,-1.69 %,2196.0,7014060.0,-0.016949152542372836,-0.017094433359300068,3289.2,3341.45,3313.5564268855023,3322.9535907149575,36.55018550978706,-9.397163829455167,10.176899098426375,66.63415185839882,3341.45,76.75831859595988,3494.9666371919197,3187.93336280808,304316.0
LICN,2016-11-10,3180.0,3180.0,3118.0,3122.0,-2.13 %,3896.0,12181100.0,-0.02131661442006272,-0.021547094703512903,3241.6,3337.55,3284.086207364656,3308.0681395508864,32.13567602797619,-23.98193218623055,3.3451328414949897,67.01742672565605,3337.55,85.77539519610114,3509.1007903922023,3165.999209607798,300420.0
LICN,2016-11-13,3125.0,3225.0,3125.0,3200.0,2.50 %,667.0,2138680.0,0.024983984625240208,0.02467698771244052,3211.6,3335.3,3271.1498677700934,3300.0630921767465,40.94636511992181,-28.91322440665317,-3.1065386081346427,69.58761053096633,3335.3,88.86542160981092,3513.030843219622,3157.5691567803783,301087.0
LICN,2016-11-14,3200.0,3220.0,3156.0,3218.0,0.56 %,3441.0,10953000.0,0.005624999999999991,0.0056092387645105945,3195.0,3332.7,3262.9729650362324,3293.9843446080986,42.792172550383356,-31.0113795718662,-8.687506800880955,69.18849549304016,3332.7,91.59527682602874,3515.8905536520574,3149.5094463479422,304528.0
LICN,2016-11-15,3218.0,3235.0,3150.0,3200.0,-0.56 %,1112.0,3533220.0,-0.005593536357986317,-0.005609238764510594,3186.0,3325.45,3253.28481656912,3287.0225413037947,41.398660501697265,-33.737724734674885,-13.69755038763974,70.31788867210872,3325.45,96.19359591330195,3517.837191826604,3133.0628081733958,303416.0
LICN,2016-11-16,3264.0,3264.0,3190.0,3191.0,-0.31 %,5855.0,18773700.0,-0.0028124999999999956,-0.0028164625095744014,3186.2,3314.9,3243.7025370969477,3279.9097604664767,40.6852523075034,-36.20722336952895,-18.19948498401758,70.58089662410096,3314.9,98.8890393585558,3512.678078717112,3117.1219212828883,297561.0
LICN,2016-11-17,3200.0,3200.0,3060.0,3085.0,-3.29 %,10666.0,33012600.0,-0.03321842682544662,-0.03378268993875538,3178.8,3299.15,3219.2867621589558,3265.472000431923,33.38757411454257,-46.185238272967126,-23.79663564180749,75.53940400809375,3299.15,109.17213592832573,3517.4942718566517,3080.8057281433485,286895.0
LICN,2016-11-20,3120.0,3120.0,2803.0,2983.0,-3.31 %,6798.0,20071900.0,-0.03306320907617499,-0.03362215182473962,3135.4,3275.6,3182.9349525960397,3244.548148548077,28.154320981044563,-61.61319595203713,-31.359947703853422,92.78658943608706,3275.6,123.827724129748,3523.255448259496,3027.944551740504,280097.0
LICN,2016-11-21,3000.0,3055.0,2950.0,2981.0,-0.07 %,7650.0,22689300.0,-0.000670465973851786,-0.0006706908366770322,3088.0,3252.2,3151.8680368120336,3225.0260634704414,28.061443294528985,-73.15802665840783,-39.71956349476431,93.65897590493799,3252.2,133.2001264421538,3518.6002528843073,2985.7997471156923,272447.0
LICN,2016-11-22,2922.0,2990.0,2922.0,2960.0,-0.70 %,1331.0,3928520.0,-0.007044615900704487,-0.007069546359965414,3040.0,3230.95,3122.34987730249,3205.3945032133715,27.052318659986767,-83.04462591088168,-48.38457597798778,91.82619191172815,3230.95,144.33458023851023,3519.61916047702,2942.2808395229795,271116.0
LICN,2016-11-23,2950.0,2950.0,2805.0,2850.0,-3.72 %,1118.0,3231280.0,-0.03716216216216217,-0.03787027405540985,2971.8,3204.95,3080.44989617903,3179.068984456825,22.490028670374457,-98.61908827779507,-58.431478437949245,96.33860677517613,3204.95,163.52771373039576,3532.0054274607915,2877.894572539208,269998.0
LICN,2016-11-24,2900.0,2900.0,2710.0,2800.0,-1.75 %,4278.0,12031300.0,-0.01754385964912286,-0.017699577099400975,2914.8,3174.45,3037.3037583053333,3150.9898004229863,20.77496336612333,-113.68604211765296,-69.48239117389,103.02870629123498,3174.45,179.3876939392383,3533.2253878784763,2815.6746121215233,265720.0
LICN,2016-11-27,2750.0,2754.0,2571.0,2571.0,-8.18 %,4680.0,12331700.0,-0.08178571428571424,-0.08532448889740576,2832.4,3134.5,2965.564718566051,3108.0275929842464,15.096630579549966,-142.4628744181955,-84.0784878227511,112.02665584186106,3134.5,218.29615325587338,3571.0923065117468,2697.9076934882532,261040.0
LICN,2016-11-28,2520.0,2685.0,2401.0,2600.0,1.13 %,15348.0,38807400.0,0.011279657720731251,0.01121651674368395,2756.2,3097.45,2909.3239926328124,3070.3959194298577,18.14774451039598,-161.0719267970453,-99.47717561760994,124.31046613887099,3097.45,242.89969231415677,3583.2493846283132,2611.6506153716864,276388.0
LICN,2016-11-29,2548.0,2705.0,2450.0,2700.0,3.85 %,16054.0,41726500.0,0.03846153846153855,0.03774032798284711,2704.2,3065.45,2877.1203014585335,3042.9591846572757,27.784886989370207,-165.83888319874222,-112.7495171338364,133.64543284323736,3065.45,251.2768393624778,3568.0036787249555,2562.896321275044,292442.0
LICN,2016-11-30,2750.0,2800.0,2628.0,2700.0,0.00 %,16024.0,43443500.0,0.0,0.0,2674.2,3030.35,2849.871024311067,3017.5548006085887,27.784886989334993,-167.68377629752194,-123.73636896657352,136.38504478300612,3030.35,250.82060584367107,3531.991211687342,2528.708788312658,292442.0
LICN,2016-12-01,2754.0,2810.0,2700.0,2750.0,1.85 %,13001.0,35746900.0,0.0185185185185186,0.018349138668196617,2664.2,2999.85,2834.5062513401335,2997.735926489434,32.40021244019293,-163.22967514930042,-131.6350302031189,134.5003987270771,2999.85,245.66028640337134,3491.1705728067427,2508.529427193257,305443.0
LICN,2016-12-04,2695.0,2740.0,2680.0,2698.0,-1.89 %,4286.0,11568700.0,-0.018909090909090875,-0.019090153892915754,2689.6,2967.25,2813.5052895954977,2975.5332652679945,30.23592230943055,-162.02797567249672,-137.71361929699447,129.89322738942874,2967.25,239.9433869631869,3447.1367739263737,2487.3632260736263,301157.0
LICN,2016-12-05,2680.0,2680.0,2602.0,2630.0,-2.52 %,2775.0,7289980.0,-0.025203854707190554,-0.025526911595891,2695.6,2933.7,2785.273706580806,2949.9382085814764,27.636149446091267,-164.66450200067038,-143.10379583772965,127.47228257589813,2933.7,237.72166387117872,3409.143327742357,2458.2566722576425,298382.0
LICN,2016-12-06,2630.0,2690.0,2589.0,2674.0,1.67 %,16309.0,42824000.0,0.016730038022813698,0.01659163249007826,2690.4,2905.15,2768.1546747991433,2929.498341279145,31.726786761760394,-161.3436664800015,-146.751769966184,125.58140524904826,2905.15,232.60023872006076,3370.3504774401217,2439.9495225598785,314691.0
LICN,2016-12-07,2674.0,2727.0,2650.0,2670.0,-0.15 %,4176.0,11185200.0,-0.0014958863126401933,-0.0014970062675932275,2684.4,2879.15,2753.0539555992755,2910.276241925134,31.552168156968946,-157.22228632585848,-148.8458732381189,122.11130487411624,2879.15,228.10322570920655,3335.356451418413,2422.943548581587,310515.0
LICN,2016-12-08,2723.0,2723.0,2617.0,2644.0,-0.97 %,4201.0,11069400.0,-0.009737827715355807,-0.00978555042271831,2663.2,2855.25,2736.276423968618,2890.5520758566054,30.38166124870635,-154.27565188798735,-149.93182896809262,120.96049738310793,2855.25,226.35390896837012,3307.9578179367404,2402.5421820632596,306314.0
LICN,2016-12-11,2660.0,2660.0,2590.0,2600.0,-1.66 %,2631.0,6838410.0,-0.016641452344931973,-0.016781476962003543,2643.6,2825.25,2715.310820281138,2869.029699867227,28.457649119656423,-153.71887958608886,-150.6892390916919,117.32046185574309,2825.25,217.85868790281253,3260.967375805625,2389.532624194375,303683.0
LICN,2016-12-12,2548.0,2595.0,2544.0,2595.0,-0.19 %,4297.0,11001100.0,-0.0019230769230769162,-0.0019249284095843938,2636.6,2794.1,2696.801463314809,2848.731203580766,28.238800133359447,-151.92974026595675,-150.93733932654487,112.94042886604716,2794.1,202.7627340410163,3199.6254680820325,2388.5745319179673,299386.0
LICN,2016-12-14,2600.0,2650.0,2500.0,2602.0,0.27 %,11539.0,29140700.0,0.002697495183044296,0.0026938634724615516,2622.2,2764.2,2682.2166228048386,2830.454818130339,29.061310535240196,-148.23819532550033,-150.39751052633596,115.58754108990092,2764.2,182.87315131993225,3129.9463026398644,2398.4536973601353,310925.0
LICN,2016-12-15,2550.0,2625.0,2550.0,2585.0,-0.65 %,4383.0,11390500.0,-0.006533435818601108,-0.00655487212992111,2605.2,2733.9,2667.260219296402,2812.272979750314,28.21549634587818,-145.01276045391205,-149.3205605118512,112.68843101205087,2733.9,156.77704584939082,3047.4540916987817,2420.3459083012185,306542.0
LICN,2016-12-18,2535.0,2600.0,2535.0,2594.0,0.35 %,1549.0,4011180.0,0.0034816247582205584,0.0034755779338597414,2595.2,2709.35,2655.989416327725,2796.1046108799205,29.387209796566324,-140.1151945521956,-147.47948731992008,109.28211451119009,2709.35,135.96604645819735,2981.2820929163945,2437.4179070836053,308091.0
LICN,2016-12-19,2560.0,2580.0,2560.0,2580.0,-0.54 %,1850.0,4743790.0,-0.005397070161912154,-0.005411686960726133,2591.2,2689.2,2644.2987368926906,2780.0968619258524,28.605035720799478,-135.7981250331618,-145.14321486256844,103.90482061753366,2689.2,122.46915830869922,2934.1383166173982,2444.2616833826014,306241.0
LICN,2016-12-20,2532.0,2558.0,2529.0,2558.0,-0.85 %,1990.0,5039510.0,-0.00852713178294573,-0.008563695776875102,2583.8,2668.05,2631.022008139969,2763.645242523937,27.372121527303747,-132.62323438396834,-142.63921876684844,100.1259048591384,2668.05,104.65355125113025,2877.3571025022607,2458.7428974977397,304251.0
LICN,2016-12-21,2509.0,2545.0,2495.0,2515.0,-1.68 %,5881.0,14786400.0,-0.016810007818608308,-0.01695289960494844,2566.4,2645.8,2613.1724684261276,2745.2270764110526,25.09537585137619,-132.05460798492504,-140.52229661046377,97.4740545120571,2645.8,84.72345105042723,2815.2469021008546,2476.3530978991457,298370.0
LICN,2016-12-22,2525.0,2525.0,2500.0,2500.0,-0.60 %,2673.0,6716010.0,-0.005964214711729587,-0.005982071677547429,2549.4,2628.3,2595.7613194374926,2727.062107788012,24.334971845858732,-131.30078835051927,-138.67799495847487,92.29733633262445,2628.3,76.02568817943973,2780.35137635888,2476.2486236411205,295697.0
LICN,2016-12-26,2540.0,2540.0,2450.0,2450.0,-2.00 %,5159.0,12774000.0,-0.020000000000000018,-0.020202707317519466,2520.6,2610.8,2573.336501062494,2706.538988692603,21.947693757937145,-133.20248763010932,-137.58289349280176,92.13324088029414,2610.8,74.69347889523755,2760.1869577904754,2461.413042209525,290538.0
LICN,2016-12-27,2405.0,2430.0,2390.0,2412.0,-1.55 %,8597.0,20656600.0,-0.015510204081632617,-0.01563174569169657,2487.0,2602.85,2548.515500899033,2684.7212858264843,20.316452085474566,-136.20578492745108,-137.30747177973163,89.83800938884457,2602.85,86.6561717667173,2776.1623435334345,2429.5376564665653,281941.0
LICN,2016-12-28,2405.0,2448.0,2400.0,2406.0,-0.25 %,3954.0,9544040.0,-0.0024875621890547706,-0.002490661312451919,2456.6,2593.15,2526.590039222259,2664.0752646541523,20.062895229343127,-137.48522543189347,-137.34302251016402,86.84958014678425,2593.15,97.2074693902833,2787.5649387805665,2398.7350612194336,277987.0
LICN,2016-12-29,2435.0,2610.0,2411.0,2557.0,6.28 %,6143.0,15273000.0,0.06275976724854537,0.0608690787565625,2465.0,2586.0,2531.2684947265266,2656.1437635686593,40.26743751269277,-124.87526884213275,-134.84947177655778,95.2174672791568,2586.0,94.14546415548851,2774.290928310977,2397.709071689023,284130.0
LICN,2017-01-01,2506.0,2545.0,2480.0,2490.0,-2.62 %,9082.0,22748400.0,-0.02620258114978491,-0.026551985832433327,2463.0,2575.5,2524.91949553783,2643.836818119129,35.92815384058578,-118.91732258129923,-131.66304193750608,93.9162196163599,2575.5,92.45738705507756,2760.414774110155,2390.585225889845,275048.0
LICN,2017-01-02,2490.0,2499.0,2465.0,2474.0,-0.64 %,2477.0,6136010.0,-0.006425702811244993,-0.006446436506320104,2467.8,2561.7,2517.085726993548,2631.2563130732674,34.959303527364625,-114.17058607971921,-128.16455076594872,89.63648964376277,2561.7,85.36676291465062,2732.4335258293013,2390.9664741706983,272571.0
LICN,2017-01-03,2426.0,2480.0,2400.0,2400.0,-2.99 %,3147.0,7632800.0,-0.029911075181891622,-0.030367536616396167,2465.4,2546.8,2499.07253822531,2614.126215808581,30.8198020009589,-115.05367758327111,-125.5423761294132,88.94816895492256,2546.8,86.32594292014743,2719.451885840295,2374.1481141597055,269424.0
LICN,2017-01-04,2400.0,2450.0,2400.0,2449.0,2.04 %,3020.0,7341930.0,0.02041666666666675,0.020211040616130833,2474.0,2537.75,2491.3690708060317,2601.8946442672045,36.206364136918175,-110.52557346117283,-122.53901559576514,86.16615688671381,2537.75,86.63163090744725,2711.0132618148946,2364.4867381851054,272444.0
LICN,2017-01-05,2425.0,2439.0,2425.0,2425.0,-0.98 %,611.0,1484640.0,-0.009799918334013835,-0.00984825358058412,2447.6,2525.3,2481.1584445281806,2588.7913372844487,34.77801458259849,-107.63289275626812,-119.55779102786573,81.72571710909139,2525.3,83.86838059219878,2693.0367611843976,2357.5632388156027,271833.0
LICN,2017-01-08,2395.0,2410.0,2390.0,2410.0,-0.62 %,2373.0,5708530.0,-0.006185567010309256,-0.00620477688688287,2431.6,2512.3,2470.210991523845,2575.5475345226378,33.87843895558588,-105.33654299879254,-116.7135414220511,78.38816588701344,2512.3,80.3348911547291,2672.9697823094584,2351.630217690542,269460.0
LICN,2017-01-09,2440.0,2475.0,2425.0,2450.0,1.66 %,1464.0,3575970.0,0.016597510373443924,0.01646127705407193,2426.8,2502.6,2467.1016082124847,2566.2477171505902,38.450488431981256,-99.1461089381055,-113.20005492526198,77.43186832365534,2502.6,75.1401497553955,2652.880299510791,2352.319700489209,270924.0
LICN,2017-01-10,2460.0,2523.0,2460.0,2522.0,2.94 %,2640.0,6581900.0,0.029387755102040725,0.02896421298609211,2451.2,2498.7,2475.5475146413332,2562.9701084727685,45.72531026092232,-87.42259383143528,-108.04456270649665,77.1153063005371,2498.7,71.76724073074973,2642.2344814614994,2355.1655185385002,273564.0
LICN,2017-01-11,2500.0,2505.0,2470.0,2505.0,-0.67 %,1680.0,4168590.0,-0.006740681998413933,-0.00676350300589967,2462.4,2494.2,2480.078666234974,2558.6760263636747,44.391188012697825,-78.59736012870053,-102.15512219093743,75.32135585049873,2494.2,68.14118470229083,2630.4823694045813,2357.9176305954184,271884.0
LICN,2017-01-12,2555.0,2525.0,2500.0,2508.0,0.12 %,930.0,2331910.0,0.0011976047904191933,0.0011968882338461726,2479.0,2489.5,2484.374256044978,2554.922246633032,44.69783458825426,-70.54799058805384,-95.83369587036073,71.72697328974883,2489.5,63.39060199314077,2616.2812039862815,2362.7187960137185,272814.0
LICN,2017-01-15,2480.0,2490.0,2460.0,2490.0,-0.72 %,310.0,766400.0,-0.0071770334928229484,-0.007202912294057997,2495.0,2484.75,2485.2397551149816,2550.1131913268814,43.15999231583283,-64.87343621189984,-89.64164393866855,70.0321894833382,2484.75,59.2842173015112,2603.3184346030225,2366.1815653969775,272504.0
LICN,2017-01-16,2460.0,2460.0,2410.0,2410.0,-3.21 %,660.0,1604290.0,-0.032128514056224855,-0.03265596297405257,2487.0,2475.55,2473.664408174215,2539.7344364137793,37.057544012398814,-66.07002823956418,-84.92732079884769,70.74417594881405,2475.55,55.60052536669805,2586.7510507333964,2364.348949266604,271844.0
LICN,2017-01-17,2400.0,2460.0,2400.0,2408.0,-0.08 %,1169.0,2832820.0,-0.0008298755186721962,-0.0008302200559890197,2464.2,2466.95,2463.5621915320285,2529.976330012759,36.91701241263659,-66.41413848073034,-81.22468433522423,69.97673480961305,2466.95,51.764115796667056,2570.478231593334,2363.4217684066657,270675.0
LICN,2017-01-18,2435.0,2480.0,2435.0,2480.0,2.99 %,758.0,1851810.0,0.029900332225913706,0.029462032730316282,2459.2,2463.05,2466.0910851424856,2526.2743796414434,45.00284532065582,-60.18329449895782,-77.01640636797094,70.12125375178354,2463.05,47.288003374620686,2557.6260067492417,2368.4739932507587,271433.0
LICN,2017-01-19,2502.0,2502.0,2481.0,2481.0,0.81 %,383.0,954290.0,0.00040322580645169026,0.00040314453277322503,2453.8,2461.35,2468.3847643513336,2522.920721890225,45.10808344289716,-54.53595753889158,-72.52031660215508,66.68402134094185,2461.35,45.91327637370992,2553.17655274742,2369.52344725258,271816.0
LICN,2017-01-22,2509.0,2510.0,2480.0,2500.0,0.00 %,769.0,1919890.0,0.007658202337766928,0.007629027164491011,2455.8,2461.35,2473.248646758821,2521.2228906390974,47.1763181516022,-47.97424388027639,-67.61110205777933,64.06373410230316,2461.35,45.91327637370992,2553.17655274742,2369.52344725258,272585.0
LICN,2017-01-23,2460.0,2480.0,2450.0,2465.0,-1.40 %,2540.0,6237450.0,-0.014000000000000012,-0.014098924379501648,2466.8,2462.1,2471.9796241805407,2517.0582320732383,43.89530040136643,-45.07860789269762,-63.104603224763,63.05918166642436,2462.1,45.840570401524104,2553.781140803048,2370.418859196952,270045.0
LICN,2017-01-24,2450.0,2450.0,2416.0,2445.0,-0.81 %,1078.0,2621120.0,-0.008113590263691739,-0.008146684567818138,2474.2,2463.75,2467.8289127681496,2511.7205852529987,42.093740565563024,-43.891672484849096,-59.26201707678022,62.05495440453691,2463.75,44.51714631228863,2552.784292624577,2374.715707375423,268967.0
LICN,2017-01-25,2400.0,2425.0,2310.0,2350.0,-3.88 %,2628.0,6302890.0,-0.03885480572597133,-0.039629794770767716,2448.2,2460.95,2449.7013877268955,2499.7412826416653,34.789749125814566,-50.039894914769775,-57.41759264437813,67.26531480421285,2460.95,49.78953071099688,2560.5290614219934,2361.370938578006,266339.0
LICN,2017-01-26,2303.0,2366.0,2220.0,2329.0,-0.89 %,4390.0,9883080.0,-0.008936170212765937,-0.008976337253863629,2417.8,2449.55,2431.131943461219,2487.0937802237645,33.409696527487114,-55.96183676254532,-57.12644146801158,72.88922088962622,2449.55,52.659257195875234,2554.8685143917505,2344.23148560825,261949.0
LICN,2017-01-30,2320.0,2320.0,2097.0,2097.0,-9.96 %,3613.0,7833780.0,-0.09961356805495925,-0.10493123898242109,2337.2,2429.9,2379.72702908257,2458.197944651634,22.69754677443457,-78.47091556906389,-61.39533628822204,84.2542765403672,2429.9,93.92600671189238,2617.752013423785,2242.0479865762154,258336.0
LICN,2017-01-31,2056.0,2138.0,1970.0,2045.0,-2.53 %,4724.0,9646650.0,-0.024797329518359557,-0.025109962425017823,2253.2,2408.45,2328.230563069867,2427.590689492253,21.0670920638712,-99.3601264223862,-68.98829431505487,90.23611393034098,2408.45,126.62022578935716,2661.690451578714,2155.2095484212855,253612.0
LICN,2017-02-01,2084.0,2200.0,2084.0,2199.0,7.63 %,3511.0,7582710.0,0.07530562347188274,0.07260492207785915,2204.0,2398.4,2308.348937982195,2410.65804582616,35.780101002885075,-102.3091078439652,-75.65245702083695,94.86210579245947,2398.4,135.02413039702992,2668.44826079406,2128.3517392059402,257123.0
LICN,2017-02-02,2210.0,2288.0,2106.0,2287.0,3.95 %,4000.0,8770240.0,0.04001819008640295,0.03923820346801999,2191.4,2390.3,2305.0644859849344,2401.4981905797777,42.38854036475801,-96.43370459484322,-79.80870653563821,101.08624109299808,2390.3,136.67791566884324,2663.655831337687,2116.9441686623136,261123.0
LICN,2017-02-05,2270.0,2270.0,2181.0,2235.0,-2.27 %,881.0,1943970.0,-0.0227372103191954,-0.02299968697511188,2172.6,2380.8,2294.2853342949447,2389.164991277572,39.78336951746518,-94.87965698262724,-82.82289662503602,101.43722387206965,2380.8,140.68351940287624,2662.167038805753,2099.4329611942476,260242.0
LICN,2017-02-06,2191.0,2191.0,2100.0,2150.0,-3.80 %,2061.0,4387900.0,-0.03803131991051456,-0.038773385925960746,2183.2,2367.8,2272.087590557261,2371.449065997752,35.89940491970293,-99.36147544049072,-86.13061238812696,103.83456502406467,2367.8,149.5750471731253,2666.950094346251,2068.6499056537496,258181.0
LICN,2017-02-07,2120.0,2120.0,2100.0,2120.0,-1.40 %,1661.0,3493600.0,-0.013953488372092981,-0.014051753455650302,2198.2,2351.3,2248.6894997022982,2352.8232092571775,34.6149341625964,-104.13370955487926,-89.73123182147742,99.9892389509172,2351.3,157.9947034422043,2667.289406884409,2035.3105931155915,256520.0
LICN,2017-02-08,2090.0,2090.0,2000.0,2000.0,-5.66 %,6098.0,12255300.0,-0.05660377358490565,-0.05826890812397576,2158.4,2325.2,2210.4295766711753,2326.6881567196087,29.992282538216898,-116.25858004843349,-95.03670146686865,101.41857902585168,2325.2,170.90058667633792,2667.001173352676,1983.3988266473239,250422.0
LICN,2017-02-09,1962.0,2001.0,1931.0,1931.0,-3.45 %,3383.0,6632700.0,-0.034499999999999975,-0.035109177113567896,2087.2,2296.5,2167.4404110294563,2297.3779228885264,27.701501922488077,-129.93751185907013,-102.01686354530895,99.17439480971943,2296.5,186.59342234698062,2669.686844693961,1923.3131553060389,247039.0
LICN,2017-02-12,1932.0,1950.0,1800.0,1805.0,-6.53 %,3318.0,6067910.0,-0.06525116519937857,-0.06747741166153316,2001.2,2261.35,2111.6803477941553,2260.905484156043,24.084000242147823,-149.2251363618875,-111.45851810862467,102.80479518045375,2261.35,209.46731311390513,2680.2846262278103,1842.4153737721897,243721.0
LICN,2017-02-13,1800.0,1914.0,1760.0,1914.0,6.04 %,2127.0,3783230.0,0.06038781163434903,0.058634701245918276,1954.0,2232.55,2081.2679865950545,2235.2087816259655,32.3181419043848,-153.94079503091098,-119.95497349308194,106.46159552470706,2232.55,215.8748358119655,2664.2996716239313,1800.800328376069,245848.0
LICN,2017-02-14,1880.0,1905.0,1840.0,1890.0,-1.25 %,1413.0,2656100.0,-0.01253918495297801,-0.012618463959211462,1908.0,2206.55,2051.8421425035076,2209.637760764783,31.507792308451613,-157.7956182612752,-127.5231024467206,104.14291013008514,2206.55,224.51924662546008,2655.5884932509202,1757.5115067490801,244435.0
LICN,2017-02-15,1920.0,1997.0,1911.0,1997.0,5.66 %,2136.0,4202730.0,0.05661375661375656,0.055069225362127106,1907.4,2186.0,2043.4048898106603,2193.886815522947,38.867422052783965,-150.48192571228674,-132.11486709983382,104.34698797793621,2186.0,223.91868824948375,2633.8373764989674,1738.1626235010326,246571.0
LICN,2017-02-16,2035.0,2050.0,1958.0,2050.0,2.65 %,4909.0,9951970.0,0.026539809714571927,0.026193738716638715,1931.2,2164.5,2044.4195221474818,2183.2285328916178,42.18146880680161,-138.809010744136,-133.45369582869426,103.46506026522648,2164.5,214.65602839500434,2593.8120567900087,1735.1879432099913,251480.0
LICN,2017-02-19,2100.0,2220.0,2017.0,2180.0,3.81 %,4680.0,10064700.0,0.06341463414634152,0.06148508365068089,2006.2,2149.45,2065.2780572017155,2182.9893823070533,49.42388608650599,-117.71132510533789,-130.305221684023,110.57469881771031,2149.45,201.4428154458183,2552.3356308916364,1746.5643691083633,256160.0
LICN,2017-02-20,2200.0,2300.0,2151.0,2157.0,-1.05 %,8138.0,18061300.0,-0.010550458715596345,-0.01060650939397833,2054.8,2132.3,2079.3891253245283,2181.064242876901,48.271814981837174,-101.67511755237274,-124.57920085769294,113.31936318787386,2132.3,183.86124631019462,2500.0224926203896,1764.577507379611,248022.0
LICN,2017-02-21,2200.0,2220.0,2100.0,2121.0,-1.67 %,3375.0,7327460.0,-0.016689847009735748,-0.016830691824473935,2101.0,2115.1,2085.790798351524,2176.6150397008346,46.4468359596058,-90.8242413493108,-117.82820895601652,113.79655153159716,2115.1,166.35659226335136,2447.8131845267026,1782.3868154732972,244647.0
LICN,2017-02-22,2079.0,2142.0,2079.0,2100.0,-0.99 %,2358.0,4964760.0,-0.00990099009900991,-0.009950330853168092,2121.6,2097.85,2087.9768293743664,2170.9398515748467,45.36930961658117,-82.96302220048028,-110.85517160490927,110.16822642219736,2097.85,147.123033010153,2392.096066020306,1803.603933979694,242289.0
LICN,2017-02-23,2071.0,2102.0,2061.0,2067.0,-1.57 %,809.0,1683190.0,-0.01571428571428568,-0.01583906402974607,2125.0,2083.7,2084.7496248552334,2163.2406033100433,43.655395645078734,-78.49097845480992,-104.38233297488941,105.22763882061184,2083.7,134.6782129842571,2353.056425968514,1814.3435740314856,241480.0
LICN,2017-02-26,2040.0,2040.0,2016.0,2030.0,-1.79 %,1442.0,2913860.0,-0.01790033865505558,-0.01806248764593519,2095.0,2068.75,2076.326605646736,2153.3709289907806,41.750962179386626,-77.04432334404464,-98.91473104872047,101.354236047711,2068.75,122.01547572251174,2312.7809514450237,1824.7190485549766,240038.0
LICN,2017-02-28,1990.0,2029.0,1990.0,2029.0,-0.05 %,1020.0,2053880.0,-0.0004926108374384564,-0.0004927322100183061,2069.4,2065.35,2069.045589393392,2144.158267584056,41.69801702268841,-75.1126781906637,-94.15432047710912,96.97179061573165,2065.35,122.1342121990193,2309.6184243980383,1821.0815756019613,239018.0
LICN,2017-03-01,2069.0,2069.0,2028.0,2060.0,1.53 %,934.0,1915260.0,0.015278462296697937,0.015162921957812076,2057.2,2066.1,2067.6539602559474,2137.924321837089,44.0660179332224,-70.27036158114151,-89.37752869791561,92.97380557175082,2066.1,122.04869606238202,2310.197392124764,1822.0026078752358,239952.0
LICN,2017-03-02,2064.0,2090.0,2055.0,2080.0,0.97 %,1002.0,2069830.0,0.009708737864077666,0.00966191091173689,2053.2,2060.15,2069.5533509858014,2133.633631330638,45.601134526979415,-64.08028034483641,-84.31807902729977,88.8328194594829,2060.15,118.0643334885971,2296.2786669771945,1824.021333022806,240954.0
LICN,2017-03-05,2121.0,2170.0,2100.0,2142.0,2.98 %,13732.0,29218200.0,0.029807692307692202,0.029372078312330317,2068.2,2052.9,2080.698989295678,2134.253362343183,50.16705707369296,-53.55437304750512,-78.16533783134085,88.91618949809127,2052.9,107.36847523219114,2267.6369504643826,1838.1630495356178,254686.0
LICN,2017-03-06,2184.0,2227.0,2120.0,2160.0,0.84 %,2752.0,5959550.0,0.008403361344537785,0.00836824967051658,2094.2,2049.15,2092.8991447886506,2136.1605206881327,51.44135437085697,-43.26137589948212,-71.1845454449691,90.20789024822761,2049.15,101.8410913862292,2252.8321827724585,1845.4678172275417,257438.0
LICN,2017-03-07,2117.0,2160.0,2086.0,2130.0,-1.39 %,2312.0,4913100.0,-0.01388888888888884,-0.01398624197473984,2114.4,2048.15,2098.60696866732,2135.704185822345,49.183941540745266,-37.09721715502519,-64.36707978698033,89.05018380192566,2048.15,100.8924779419388,2249.9349558838776,1846.3650441161226,255126.0
LICN,2017-03-09,2160.0,2169.0,2130.0,2140.0,0.47 %,630.0,1351160.0,0.0046948356807512415,0.0046838493124264375,2130.4,2049.15,2104.975127333886,2136.0223942799494,49.972029886136696,-31.047266946063246,-57.70311721879691,85.4751706732167,2049.15,101.7376786798251,2252.6253573596505,1845.67464264035,255756.0
LICN,2017-03-13,2170.0,2170.0,2101.0,2101.0,-1.82 %,639.0,1373130.0,-0.018224299065420557,-0.018392407170896748,2134.6,2054.2,2104.363569282519,2133.428142851805,46.916088525173,-29.06457356928604,-51.97540848889474,84.29837276798693,2054.2,101.67626644353226,2257.5525328870644,1850.8474671129352,255117.0
LICN,2017-03-14,2140.0,2150.0,2121.0,2135.0,1.62 %,1400.0,2980330.0,0.016182770109471667,0.016053224817724497,2133.2,2064.4,2109.076866315978,2133.5445767146343,49.79836025235091,-24.467710398656436,-46.473868870847085,81.77706042741644,2064.4,98.8600286423147,2262.1200572846296,1866.6799427153708,256517.0
LICN,2017-03-15,2100.0,2196.0,2100.0,2196.0,2.86 %,1189.0,2526690.0,0.02857142857142847,0.028170876966696224,2140.4,2083.95,2122.4496561135197,2138.1709043654023,54.56485903634334,-15.721248251882571,-40.323344747054186,82.79298468260099,2083.95,82.10357707446347,2248.1571541489266,1919.7428458510728,257706.0
LICN,2017-03-16,2161.0,2215.0,2160.0,2215.0,0.87 %,2090.0,4591540.0,0.00865209471766848,0.008614879849814754,2157.4,2099.0,2136.688170557594,2143.8619484864835,55.9672397912348,-7.173777928889649,-33.69343138342128,80.80777149098664,2099.0,76.72232914526872,2252.4446582905375,1945.5553417094625,259796.0
LICN,2017-03-19,2215.0,2350.0,2220.0,2350.0,6.09 %,6326.0,14586008.0,0.060948081264108334,0.059162924658968614,2199.4,2122.0,2169.505375087195,2159.1314337837807,64.37991098182005,10.373941303414085,-24.879956846054206,84.67864495591617,2122.0,79.66376710572307,2281.327534211446,1962.6724657885538,266122.0
LICN,2017-03-20,2397.0,2525.0,2380.0,2525.0,7.45 %,8185.0,20061100.0,0.07446808510638303,0.0718257345712556,2284.2,2148.4,2224.196855843011,2186.2328090590563,71.87994364663462,37.96404678395447,-12.311156120052473,91.13017031620788,2148.4,115.49089734010283,2379.3817946802055,1917.4182053197944,274307.0
LICN,2017-03-21,2550.0,2550.0,2373.0,2543.0,0.71 %,20664.0,51529200.0,0.007128712871287135,0.007103423712659442,2365.8,2173.05,2273.2434934056246,2212.6600083880153,72.52084424902483,60.58348501760929,2.26777210747988,97.26372957933589,2173.05,142.77309012261006,2458.5961802452202,1887.5038197547801,294971.0
LICN,2017-03-22,2530.0,2574.0,2493.0,2525.0,-0.71 %,8544.0,21694300.0,-0.007078254030672415,-0.007103423712659417,2431.6,2190.3,2311.975263650913,2235.796304062977,70.78347919348266,76.17895958793588,17.05000960357108,96.10203460938334,2190.3,163.0576585137938,2516.4153170275877,1864.1846829724127,286427.0
LICN,2017-03-23,2525.0,2579.0,2475.0,2535.0,0.40 %,4820.0,12164100.0,0.003960396039603964,0.003952574315823342,2495.6,2209.2,2346.286761550772,2257.959540799053,71.19632540612957,88.32722075171932,31.30545183320073,96.6661749944274,2209.2,180.019472630926,2569.2389452618518,1849.1610547381479,291247.0
LICN,2017-03-26,2560.0,2596.0,2536.0,2555.0,0.79 %,3638.0,9383380.0,0.007889546351084853,0.00785858661252131,2536.6,2230.9,2378.396490542961,2279.9625377769007,72.04707499086055,98.43395276606043,44.73115201977268,94.11859106625401,2230.9,194.41055310320883,2619.721106206418,1842.0788937935824,294885.0
LICN,2017-03-28,2555.0,2700.0,2555.0,2640.0,3.33 %,5109.0,13420018.0,0.03326810176125239,0.03272669350255698,2559.6,2257.9,2418.6431843055825,2306.6319794230562,75.37587882496946,112.01120488252627,58.187162592323396,97.75297741866444,2257.9,211.97837526254443,2681.856750525089,1833.9432494749112,299994.0
LICN,2017-03-29,2640.0,2692.0,2588.0,2620.0,-0.76 %,7006.0,18511278.0,-0.007575757575757569,-0.007604599385219304,2575.0,2285.55,2449.6211559508774,2329.8444253917187,73.16798693889744,119.77673055915875,70.50507618569047,98.19919331733128,2285.55,221.6142867805769,2728.778573561154,1842.3214264388464,292988.0
LICN,2017-03-30,2620.0,2649.0,2572.0,2600.0,-0.76 %,2609.0,6803460.0,-0.007633587786259555,-0.007662872745569137,2590.0,2314.05,2472.7563627276654,2349.8559494367764,70.93048696174662,122.90041329088899,80.98414360673019,96.68496522323619,2314.05,223.66245126364788,2761.374902527296,1866.7250974727044,290379.0
LICN,2017-04-02,2652.0,2860.0,2652.0,2860.0,10.00 %,3052.0,8723620.0,0.10000000000000009,0.09531017980432493,2655.0,2355.6,2532.3323069234093,2387.6443976266446,79.64497121611045,144.6879092967647,93.7248967447371,108.3503248501479,2355.6,244.16913896119829,2843.9382779223965,1867.2617220776033,293431.0
LICN,2017-04-03,2917.0,3146.0,2860.0,2960.0,3.50 %,19959.0,60906000.0,0.034965034965035,0.03436764350420782,2736.0,2400.6,2598.1273366275,2430.0411089135596,81.8932758405851,168.0862277139404,108.59716293857775,121.03958736085163,2400.6,268.5411661081723,2937.6823322163445,1863.5176677836553,313390.0
LICN,2017-04-04,2980.0,3000.0,2881.0,2910.0,-1.69 %,5933.0,17355700.0,-0.016891891891891886,-0.017036187152567852,2790.0,2442.1,2646.1077463771153,2465.593619364407,77.29605417077951,180.5141270127083,122.98055575340388,120.89390254936222,2442.1,280.26602024730573,3002.6320404946114,1881.5679595053884,307457.0
LICN,2017-04-06,2910.0,2968.0,2861.0,2890.0,-0.69 %,3895.0,11322050.0,-0.0068728522336769515,-0.006896579059060329,2844.0,2479.5,2683.629631549867,2497.0311290411173,75.47101550589228,186.5985025087498,135.70414510447307,119.9014809386935,2479.5,287.91546639504026,3055.3309327900806,1903.6690672099194,303562.0
LICN,2017-04-09,2930.0,2947.0,2870.0,2870.0,-0.69 %,4313.0,12488400.0,-0.00692041522491349,-0.006944472352811046,2898.0,2515.0,2712.3019959268104,2524.6584528158496,73.5995804212493,187.64354311096076,146.0920247057706,116.83708944307253,2515.0,290.2100872417116,3095.420174483423,1934.5798255165769,299249.0
LICN,2017-04-10,2900.0,2950.0,2900.0,2900.0,1.05 %,3266.0,9520670.0,0.010452961672473782,0.010398707220898517,2906.0,2553.5,2741.1786119380704,2552.461530385046,74.61635459847876,188.7170815530244,154.61703607522136,114.20586876856734,2553.5,287.5093591153982,3128.5187182307964,1978.4812817692036,302515.0
LICN,2017-04-11,2900.0,2970.0,2900.0,2935.0,1.21 %,3260.0,9627730.0,0.012068965517241459,0.011996716287631506,2901.0,2593.25,2770.997287024521,2580.7977133194872,75.78794756983305,190.1995737050338,161.73354360118387,111.04830671366967,2593.25,282.240076045758,3157.730152091516,2028.769847908484,305775.0
LICN,2017-04-12,2993.0,3015.0,2921.0,2936.0,0.03 %,6947.0,20703500.0,0.00034071550255543315,0.0003406574722094438,2906.2,2635.0,2796.382319789979,2607.10899381434,75.82228396319258,189.27332597563918,167.24150007607494,109.83057051983613,2635.0,266.93543473242505,3168.8708694648503,2101.1291305351497,312722.0
LICN,2017-04-13,2935.0,2993.0,2870.0,2944.0,0.27 %,3352.0,9712640.0,0.0027247956403269047,0.0027210901143605863,2917.0,2675.45,2819.092732129983,2632.0638831614256,76.114120045622,187.0288489685572,171.1989698545714,110.77124405413355,2675.45,247.78948514286793,3171.028970285736,2179.871029714264,316074.0
LICN,2017-04-16,3002.0,3002.0,2880.0,2880.0,-2.17 %,2890.0,8398800.0,-0.021739130434782594,-0.02197890671877523,2919.0,2709.65,2828.4630810330627,2650.4295214457647,68.94447203243516,178.033559587298,172.56588780111673,111.57329805026686,2709.65,224.21424786879055,3158.0784957375813,2261.221504262419,313184.0
LICN,2017-04-18,2850.0,2850.0,2775.0,2795.0,-2.95 %,6802.0,19033200.0,-0.02951388888888884,-0.02995818754079203,2898.0,2738.65,2823.314914720284,2661.1384457831155,60.758615841680026,162.17646893716847,170.48800402832708,111.10377676096209,2738.65,192.07380023532886,3122.797600470658,2354.5023995293423,306382.0
LICN,2017-04-19,2795.0,2850.0,2779.0,2849.0,1.93 %,6026.0,16958953.0,0.01932021466905187,0.019135948908708754,2880.8,2763.6,2827.2664663017786,2675.0541164658475,63.70676755136518,152.21234983593104,166.83287318984787,108.23922127803623,2763.6,170.08245678276748,3103.7649135655347,2423.435086434465,312408.0
LICN,2017-04-20,2850.0,2875.0,2806.0,2806.0,-1.51 %,6433.0,18301100.0,-0.015093015093015083,-0.015208073835502035,2854.8,2777.65,2823.994702255351,2684.7538115424513,59.850787664916865,139.24089071289973,161.31447669445825,105.4364197581765,2777.65,160.68153367190843,3099.013067343817,2456.286932656183,305975.0
LICN,2017-04-23,2862.0,2980.0,2862.0,2890.0,2.46 %,4614.0,13412600.0,0.029935851746258013,0.02949652044407159,2844.0,2795.0,2834.1493634468357,2699.957232909677,64.38570204293458,134.19213053715885,155.89000746299837,110.33381834687819,2795.0,152.5388647629074,3100.077729525815,2489.922270474185,310589.0
LICN,2017-04-24,2870.0,2870.0,2813.0,2834.0,-1.25 %,1457.0,4118690.0,-0.01937716262975775,-0.019567360855852062,2834.8,2810.45,2834.126384455015,2709.8863267682195,59.556095983665685,124.24005768679535,149.56001750775778,107.95283132210118,2810.45,138.78058221523133,3088.0111644304625,2532.888835569537,309132.0
LICN,2017-04-25,2850.0,2850.0,2811.0,2820.0,-0.67 %,1341.0,3789600.0,-0.004940014114325986,-0.0049522563184664185,2839.8,2824.7,2831.9530945388587,2718.0428951557587,58.3771607878708,113.91019938310001,142.43005388282623,103.02762908480824,2824.7,122.71022777258023,3070.1204555451604,2579.279544454839,307791.0
LICN,2017-04-26,2815.0,2831.0,2800.0,2801.0,-0.53 %,1716.0,4823960.0,-0.006737588652482307,-0.006760388672050785,2830.2,2837.0,2827.191079994419,2724.1878658849614,56.73570049322443,103.00321410945753,134.5446859281525,97.88279843589336,2837.0,105.35553841010297,3047.711076820206,2626.288923179794,306075.0
LICN,2017-04-27,2750.0,2971.0,2737.0,2839.0,1.39 %,9019.0,25003700.0,0.013566583363084694,0.013475381212862745,2836.8,2846.95,2829.0078369183548,2732.6924684120013,59.20626159151582,96.31536850635348,126.8988224437927,107.60545569047241,2846.95,94.62139237368721,3036.1927847473744,2657.7072152526252,315094.0
LICN,2017-04-30,2795.0,2815.0,2790.0,2799.0,-1.41 %,1620.0,4534320.0,-0.014089468122578386,-0.014189666957517683,2818.6,2855.9,2824.391246623223,2737.6041374185197,55.60666486315738,86.78710920470348,118.87647979597486,103.41935171258153,2855.9,79.24040702357327,3014.3808140471465,2697.4191859528537,313474.0
LICN,2017-05-02,2854.0,2854.0,2797.0,2810.0,0.39 %,1471.0,4132450.0,0.003929974991068175,0.003922272812337868,2813.8,2866.4,2822.177208681189,2742.966793906037,56.39184854143561,79.210414775152,110.9432667918103,100.10368373311142,2866.4,53.17241073297565,2972.744821465951,2760.055178534049,314945.0
LICN,2017-05-03,2815.0,2815.0,2791.0,2802.0,-0.28 %,2398.0,6719680.0,-0.002846975088967918,-0.002851035430839083,2810.2,2863.5,2819.0730227302365,2747.3396239870713,55.62134093598485,71.73339874316525,103.10129318208129,94.66770632360347,2863.5,55.08701251081601,2973.674025021632,2753.325974978368,312547.0
LICN,2017-05-04,2820.0,2820.0,2775.0,2795.0,-0.36 %,1716.0,4804250.0,-0.0024982155603140432,-0.00250134130775276,2809.0,2855.25,2815.3694807717384,2750.870022210251,54.914309277483966,64.49945856148724,95.38092625796249,91.12001301477464,2855.25,52.15147472303997,2959.5529494460798,2750.9470505539202,310831.0
LICN,2017-05-07,2750.0,2800.0,2737.0,2761.0,-1.11 %,720.0,1977570.0,-0.012164579606440018,-0.01223917365904505,2793.4,2847.8,2807.0049452683943,2751.620390935418,51.4906440633508,55.38455433297622,87.38165187296524,89.11144065657646,2847.8,54.50794244394214,2956.8158848878843,2738.784115112116,310111.0
LICN,2017-05-08,2771.0,2790.0,2764.0,2790.0,1.05 %,340.0,943780.0,0.010503440782325235,0.010448662885256874,2791.6,2842.8,2804.388799842487,2754.463324940202,54.11818859127212,49.92547490228526,79.89041647882924,84.81776632396385,2842.8,55.017317847713514,2952.834635695427,2732.7653643045733,310451.0
LICN,2017-05-09,2790.0,2815.0,2790.0,2810.0,0.72 %,2497.0,6989810.0,0.007168458781362075,0.007142887512380204,2791.6,2839.8,2805.2520614051814,2758.577152722409,55.892593692956474,46.674908682772184,73.24731491961784,80.54506872939501,2839.8,55.09188496931408,2949.9837699386285,2729.616230061372,312948.0
LICN,2017-05-11,2840.0,2870.0,2825.0,2870.0,2.14 %,3516.0,10050700.0,0.021352313167259718,0.021127546425875277,2805.2,2838.3,2815.213282727461,2766.830696965194,60.791492523534046,48.3825857622669,68.27436908814765,79.07756382015252,2838.3,53.758818126092066,2945.8176362521845,2730.782363747816,316464.0
LICN,2017-05-15,2871.0,2895.0,2856.0,2860.0,-0.35 %,12811.0,36831300.0,-0.0034843205574912606,-0.003490404939768491,2818.2,2834.55,2822.103546923236,2773.7321268196238,59.60328960885168,48.37142010361231,64.29377929124058,76.21488069014164,2834.55,49.06974091721575,2932.6894818344317,2736.4105181655686,303653.0
LICN,2017-05-16,2840.0,2855.0,2827.0,2830.0,-1.05 %,6681.0,18956600.0,-0.010489510489510523,-0.010544913176614998,2832.0,2829.25,2823.318385858123,2777.9001174255777,56.06306679491383,45.41826843254512,60.51867711950149,73.12810349798868,2829.25,42.86806565066894,2914.986131301338,2743.513868698662,296972.0
LICN,2017-05-17,2836.0,2845.0,2830.0,2845.0,0.53 %,2898.0,8230910.0,0.005300353356890497,0.0052863559231480246,2843.0,2824.3,2826.6540188030267,2782.870479097757,57.42473839432046,43.783539705269504,57.1716496366551,68.9760961052752,2824.3,33.64379977286144,2891.587599545723,2757.012400454277,299870.0
LICN,2017-05-18,2845.0,2866.0,2836.0,2850.0,0.18 %,17282.0,49179420.0,0.0017574692442883233,0.0017559267022650125,2851.0,2822.8,2830.245708217946,2787.843036201627,57.89318325458846,42.402672016318775,54.21785411258784,66.19208924061269,2822.8,31.638750391162596,2886.0775007823254,2759.522499217675,317152.0
LICN,2017-05-21,2284.0,2365.0,2250.0,2250.0,-1.49 %,5963.0,13737000.0,-0.21052631578947367,-0.2363887780642304,2727.0,2795.55,2740.977137722877,2748.0028112978025,23.904099078031308,-7.025673574925349,41.96914857508521,104.32122572342607,2795.55,132.08748097975652,3059.724961959513,2531.375038040487,311189.0
LICN,2017-05-22,2280.0,2280.0,2240.0,2240.0,-0.44 %,1223.0,2777120.0,-0.004444444444444473,-0.004454350349380309,2603.0,2765.1,2663.9037319193576,2710.3729734238914,23.654831766485785,-46.469241504533784,24.281470559161406,99.72685245746707,2765.1,180.45699298112044,3126.013985962241,2404.186014037759,309966.0
LICN,2017-05-23,2200.0,2250.0,2185.0,2185.0,-2.46 %,1217.0,2682280.0,-0.024553571428571397,-0.024860037319394977,2474.0,2734.05,2590.226234700995,2671.4564568739734,22.278789086689116,-81.2302221729783,3.179132012733465,97.24636299621943,2734.05,221.75032783456172,3177.5506556691234,2290.549344330877,308749.0
LICN,2017-05-24,2185.0,2209.0,2165.0,2170.0,-0.69 %,680.0,1478776.0,-0.006864988558352381,-0.006888660995185268,2339.0,2698.05,2525.5760447469956,2634.3115341425682,21.904541116897093,-108.73548939557259,-19.20379226892775,93.44305135363233,2698.05,251.54291775695663,3201.1358355139137,2194.9641644860867,308069.0
LICN,2017-05-28,2160.0,2160.0,2135.0,2150.0,-0.92 %,834.0,1786010.0,-0.009216589861751112,-0.009259325412796712,2199.0,2663.85,2467.7951147859194,2598.436605687563,21.38863072783326,-130.64149090164346,-41.491331995470894,89.26854768551574,2663.85,277.26925446879807,3218.3885089375963,2109.3114910624035,307235.0
LICN,2017-05-30,2111.0,2121.0,2110.0,2120.0,-1.40 %,1073.0,2271810.0,-0.013953488372092981,-0.014051753455650302,2173.0,2628.85,2414.288174049624,2562.996857118114,20.604691889282336,-148.7086830684898,-62.93480221007468,85.74936570797891,2628.85,299.7873412937894,3228.424682587579,2029.2753174124211,306162.0
LICN,2017-05-31,2120.0,2150.0,2110.0,2150.0,1.42 %,1200.0,2558820.0,0.014150943396226356,0.014051753455650287,2155.0,2596.3,2373.628454965067,2532.4044973315868,23.61954477166067,-158.77604236651996,-82.10305024136375,82.48155387169471,2596.3,315.0645881987392,3226.429176397479,1966.1708236025218,307362.0
LICN,2017-06-01,2140.0,2160.0,2120.0,2140.0,-0.47 %,295.0,632900.0,-0.0046511627906976605,-0.004662013105811301,2146.0,2561.35,2337.685615739672,2503.3374975292472,23.301911301346834,-165.65188178957533,-98.81281655100607,79.44715716657367,2561.35,325.3277335403875,3212.005467080775,1910.694532919225,307067.0
LICN,2017-06-04,2130.0,2150.0,2110.0,2121.0,-0.89 %,670.0,1426880.0,-0.008878504672897192,-0.008918153451214715,2136.2,2527.45,2304.3493671643378,2475.01620141597,22.677895243433653,-170.66683425163228,-113.18362009113133,76.62950308324699,2527.45,334.4572154212964,3196.364430842593,1858.535569157407,306397.0
LICN,2017-06-05,2145.0,2145.0,2130.0,2131.0,0.42 %,807.0,1720380.0,0.0047147571900048035,0.00470367753393478,2132.4,2493.5,2277.6802337544395,2449.5335198296016,23.83399806897674,-171.85328607516203,-124.91755328793748,72.87025286301505,2493.5,338.70162307506484,3170.9032461501297,1816.0967538498703,307204.0
LICN,2017-06-06,2133.0,2158.0,2133.0,2158.0,1.31 %,809.0,1734350.0,0.012670107930549124,0.012590513719462914,2140.0,2461.3,2259.2678900999103,2427.938444286668,27.00736495019892,-168.67055418675773,-133.66815346770153,69.59380622994256,2461.3,338.4413344172138,3138.1826688344277,1784.4173311655727,308013.0
LICN,2017-06-07,2181.0,2181.0,2156.0,2160.0,-0.09 %,1430.0,3100350.0,0.000926784059314123,0.0009263548601306608,2142.0,2429.55,2243.9959070076166,2408.091152117285,27.24916035904664,-164.09524510966867,-139.75357179609495,66.40853435637524,2429.55,335.2589690310887,3100.0679380621777,1759.0320619378226,309443.0
LICN,2017-06-08,2199.0,2199.0,2112.0,2120.0,-1.67 %,2240.0,4749710.0,-0.01851851851851849,-0.01869213301215252,2138.0,2397.5,2224.9196136218297,2386.751066775264,25.434454992948687,-161.83145315343427,-144.16914806756282,67.87935333091987,2397.5,332.53341739471773,3062.5668347894352,1732.4331652105645,307203.0
LICN,2017-06-11,2078.0,2105.0,2078.0,2078.0,-1.98 %,2880.0,6000370.0,-0.019811320754717032,-0.020010196006885486,2129.4,2361.9,2202.3165961415484,2363.8806173845037,23.6532351271606,-161.56402124295528,-147.6481227026413,66.03082809299703,2361.9,326.3569082751986,3014.613816550397,1709.186183449603,304323.0
LICN,2017-06-12,2060.0,2100.0,2060.0,2070.0,-0.38 %,737.0,1541800.0,-0.0038498556304138454,-0.0038572853997579305,2117.2,2324.9,2181.9601967351564,2342.1116827634296,23.318256917502367,-160.1514860282732,-150.1487953677677,64.17148322921153,2324.9,314.6175456010027,2954.1350912020052,1695.6649087979947,303586.0
LICN,2017-06-13,2050.0,2090.0,2050.0,2050.0,-0.97 %,1910.0,3920300.0,-0.009661835748792313,-0.009708814126960938,2095.6,2283.9,2161.658628006671,2320.4737803365088,22.461819500188057,-158.81515232983793,-151.88206676018174,62.44494871283928,2283.9,292.4952361285458,2868.8904722570915,1698.9095277429085,301676.0
LICN,2017-06-14,2035.0,2036.0,2035.0,2035.0,-0.73 %,310.0,630860.0,-0.007317073170731714,-0.007343974255758506,2070.6,2242.65,2142.1726852364136,2299.3275743856566,21.814685159899312,-157.154889149243,-152.936631237994,59.05602380477933,2242.65,263.7327744437322,2770.1155488874647,1715.1844511125357,301366.0
LICN,2017-06-15,2050.0,2065.0,2050.0,2050.0,0.74 %,454.0,931510.0,0.0073710073710073765,0.007343974255758505,2056.6,2203.65,2127.992272123119,2280.858865171904,24.167509561618587,-152.86659304878503,-152.9226236001522,56.98059353300938,2203.65,227.4872523901044,2658.624504780209,1748.6754952197912,301820.0
LICN,2017-06-18,2050.0,2060.0,2036.0,2051.0,0.05 %,2360.0,4833360.0,0.0004878048780487809,0.00048768593992674897,2051.2,2163.95,2116.147307181101,2263.832282566578,24.330993759553763,-147.68497538547717,-151.87509395721722,54.62483685208014,2163.95,172.24660259425215,2508.443205188504,1819.4567948114955,304180.0
LICN,2017-06-19,2055.0,2055.0,2010.0,2030.0,-1.02 %,2055.0,4155680.0,-0.010238907849829393,-0.010291686036547636,2043.2,2122.95,2102.8938753070856,2246.511372746832,23.199870331307167,-143.61749743974633,-150.22357465372306,53.937348505502996,2122.95,63.811791518818914,2250.5735830376375,1995.326416962362,302125.0
LICN,2017-06-20,2020.0,2025.0,2000.0,2000.0,-1.48 %,1900.0,3802150.0,-0.014778325123152691,-0.014888612493750637,2033.2,2110.45,2087.0640483367647,2228.2512710618817,21.65133381936539,-141.18722272511695,-148.41630426800185,52.227537897967075,2110.45,62.07675639246656,2234.6035127849327,1986.2964872150667,300225.0
LICN,2017-06-21,2025.0,2025.0,2010.0,2025.0,1.25 %,440.0,889450.0,0.012499999999999956,0.01242251999855711,2031.2,2099.7,2077.5157332080316,2213.195621353594,26.079310630921412,-135.67988814556247,-145.86902104351398,50.282713762398,2099.7,56.858179988266116,2213.416359976532,1985.9836400234676,300665.0
LICN,2017-06-22,2001.0,2001.0,1995.0,2000.0,-1.23 %,633.0,1264870.0,-0.012345679012345734,-0.012422519998557209,2021.2,2090.45,2065.5902357914115,2197.40335310518,24.583092447823617,-131.81311731376854,-143.0578402975649,48.833948493655285,2090.45,57.29744643891362,2205.044892877827,1975.8551071221725,300032.0
LICN,2017-06-25,2000.0,2010.0,2000.0,2010.0,0.50 %,497.0,996540.0,0.004999999999999893,0.004987541511038968,2013.0,2082.45,2057.037891823502,2183.521623245537,26.40199543146923,-126.48373142203491,-139.7430185224589,46.06009502982277,2082.45,56.77330265834434,2195.9966053166886,1968.903394683311,300529.0
LICN,2017-06-27,2020.0,2020.0,2011.0,2020.0,0.50 %,359.0,723886.0,0.004975124378109541,0.004962789342129097,2011.0,2075.95,2051.339754619886,2171.408910412534,28.265178464187073,-120.06915579264796,-135.80824597649672,43.484373956264,2075.95,56.069951611209184,2188.0899032224183,1963.8100967775815,300888.0
LICN,2017-06-28,2001.0,2006.0,2001.0,2001.0,-0.94 %,700.0,1401600.0,-0.009405940594059414,-0.009450455811517043,2011.2,2070.0,2043.5951769860576,2158.786028159754,26.873155406822193,-115.1908511736965,-131.6847670159367,41.735490102245144,2070.0,57.4465426562559,2184.8930853125116,1955.1069146874881,300188.0
LICN,2017-07-02,2010.0,2010.0,1990.0,1990.0,-0.55 %,895.0,1785450.0,-0.005497251374312895,-0.0055124168651953815,2004.2,2062.0,2035.3497651420487,2146.28335940718,26.072579591107313,-110.9335942651312,-127.53453246577561,40.182955094941924,2062.0,56.85716174858189,2175.7143234971636,1948.2856765028362,299293.0
LICN,2017-07-04,1971.0,1971.0,1971.0,1971.0,-0.95 %,100.0,197100.0,-0.009547738693467367,-0.009593610565817907,1998.4,2053.55,2025.4498012740412,2133.2994068585,24.703621877326427,-107.84960558445869,-123.59754708951223,38.669886873874646,2053.55,57.2119558723174,2167.973911744635,1939.1260882553654,299193.0
LICN,2017-07-05,1975.0,2000.0,1975.0,2000.0,1.47 %,420.0,835400.0,0.014713343480466712,0.014606152389362102,1996.4,2047.5,2021.5344472318811,2123.4253767208334,30.68577446920284,-101.89092948895222,-119.25622356940023,37.979180668597884,2047.5,56.09062216392326,2159.6812443278463,1935.3187556721534,299613.0
LICN,2017-07-06,2040.0,2100.0,2038.0,2100.0,5.00 %,2036.0,4182510.0,0.050000000000000044,0.04879016416943205,2012.4,2045.95,2033.6060707346687,2121.6901636304015,46.47685112374929,-88.08409289573274,-113.02179743466675,42.40923919226947,2045.95,54.05306846540235,2154.0561369308048,1937.8438630691953,301649.0
LICN,2017-07-09,2100.0,2170.0,2088.0,2100.0,0.00 %,2481.0,5280996.0,0.0,0.0,2032.2,2043.05,2043.8205213908736,2120.0834848429645,46.476851123635264,-76.26296345209084,-105.67003063815157,45.23715067853593,2043.05,49.04935752569417,2141.148715051388,1944.9512849486116,301649.0
LICN,2017-07-10,2100.0,2162.0,2100.0,2162.0,2.95 %,1148.0,2438580.0,0.029523809523809508,0.029096374487639208,2066.6,2043.15,2062.0019796384317,2123.1884118916337,54.01055568295762,-61.18643225320193,-96.77331096116164,46.43449705864051,2043.15,49.30172944547636,2141.753458890953,1944.5465411090474,302797.0
LICN,2017-07-11,2167.0,2167.0,2100.0,2120.0,-1.94 %,601.0,1273790.0,-0.01942645698427381,-0.01961763053309544,2096.4,2043.15,2070.9247520017498,2122.9522332329943,48.98092395968979,-52.027481231244565,-87.82414501517823,47.9034615544519,2043.15,49.30172944547636,2141.753458890953,1944.5465411090474,302196.0
LICN,2017-07-12,2120.0,2140.0,2100.0,2100.0,0.94 %,272.0,574200.0,-0.009433962264150941,-0.00947874395454377,2116.4,2044.25,2075.3978670784036,2121.252067808328,46.748431632350005,-45.85420072992429,-79.43015615812745,47.338928586276765,2044.25,50.35440188774805,2144.958803775496,1943.541196224504,301924.0
LICN,2017-07-13,2182.0,2182.0,2150.0,2151.0,0.51 %,352.0,761170.0,0.024285714285714244,0.023995505556215643,2126.6,2048.3,2087.028964450957,2123.4556183410446,52.6722741212469,-36.42665389008744,-70.82945570451945,49.81471940154271,2048.3,55.52628585680647,2159.352571713613,1937.2474282863873,302276.0
LICN,2017-07-16,2151.0,2151.0,2149.0,2149.0,-0.09 %,141.0,303177.0,-0.0009298000929800487,-0.0009302326252196305,2136.4,2053.25,2096.562969920041,2125.3477947602264,52.425975419902954,-28.784824840185593,-62.420529531652676,46.399382301432524,2053.25,59.92440413158453,2173.098808263169,1933.401191736831,302135.0
LICN,2017-07-17,2110.0,2135.0,2110.0,2135.0,-0.65 %,1012.0,2148310.0,-0.006514657980456029,-0.006535970979785533,2131.0,2058.25,2102.4763591631113,2126.0627729261355,50.64086974061057,-23.58641376302421,-54.65370637792699,45.87085499418735,2058.25,62.44060335524926,2183.1312067104986,1933.3687932895016,301123.0
LICN,2017-07-18,2177.0,2271.0,2177.0,2265.0,6.09 %,11039.0,24800600.0,0.060889929742388826,0.05910811225440953,2160.0,2069.0,2127.4799962149405,2136.3544193760513,63.17857387680268,-8.874423161110826,-45.49784973456376,52.30865106603111,2069.0,77.610362845768,2224.220725691536,1913.779274308464,312162.0
LICN,2017-07-19,2300.0,2320.0,2252.0,2287.0,0.97 %,7332.0,16795700.0,0.009713024282560712,0.00966615610564675,2197.4,2080.8,2152.0215352587957,2147.5133512741213,64.80772679614125,4.5081839846743605,-35.49664299071613,53.42946170417174,2080.8,91.43856148428253,2263.677122968565,1897.922877031435,319494.0
LICN,2017-07-20,2287.0,2380.0,2287.0,2378.0,3.98 %,4721.0,10981800.0,0.039790118058592006,0.039018883227945965,2242.8,2098.2,2186.7874529112887,2164.586436364927,70.6018156367947,22.201016546361643,-23.957111083300582,56.25592872530234,2098.2,112.0505525010412,2322.3011050020823,1874.0988949979173,324215.0
LICN,2017-07-23,2424.0,2470.0,2403.0,2469.0,3.83 %,5845.0,14299900.0,0.038267451640033645,0.037553412094452364,2306.8,2121.65,2230.2047678480135,2187.1355892267843,75.02926704123544,43.069178621229185,-10.551853142394629,58.80907667349503,2121.65,136.7676766214158,2395.1853532428318,1848.1146467571684,330060.0
LICN,2017-07-24,2450.0,2460.0,2431.0,2441.0,-1.17 %,3773.0,9218870.0,-0.011340623734305333,-0.01140541895221938,2368.0,2142.45,2262.634803563704,2205.940360395171,71.4629843552147,56.69444316853287,2.8974061197908707,57.32271405395967,2142.45,152.07216950132988,2446.5943390026596,1838.30566099734,326287.0
LICN,2017-07-25,2450.0,2460.0,2440.0,2455.0,0.61 %,2089.0,5124610.0,0.005735354362965905,0.005718969835660792,2406.0,2165.2,2292.229449169288,2224.3892225881214,72.17513650764434,67.84022658116646,15.88597021206599,54.65680590724827,2165.2,163.26233329731417,2491.724666594628,1838.6753334053715,328376.0
LICN,2017-07-26,2465.0,2505.0,2452.0,2483.0,1.14 %,6799.0,16882100.0,0.01140529531568224,0.011340745279545615,2445.2,2188.85,2321.5787646817053,2243.545576470483,73.59443698508798,78.0331882112223,28.31541381189725,54.53846262815911,2188.85,173.53303189276048,2535.9160637855207,1841.783936214479,335175.0
LICN,2017-07-27,2483.0,2500.0,2440.0,2489.0,0.28 %,3153.0,7781960.0,0.002416431735803526,0.0024135168594254575,2467.4,2212.3,2347.3358778075967,2261.7273856208176,73.90164486084237,85.60849218677913,39.77402948687363,54.92857244043346,2212.3,181.04117007784993,2574.3823401557,1850.2176598443002,338328.0
LICN,2017-07-30,2490.0,2490.0,2415.0,2430.0,-2.41 %,1770.0,4329180.0,-0.023704298915226962,-0.023989766032997826,2459.6,2233.75,2360.0534350679663,2274.1920237229792,65.7954303820519,85.86141134498712,48.991505858496325,56.36224583754536,2233.75,180.10022794339338,2593.9504558867866,1873.5495441132132,336558.0
LICN,2017-07-31,2478.0,2478.0,2401.0,2401.0,-1.19 %,1980.0,4797380.0,-0.011934156378600846,-0.012005940113340944,2451.6,2254.3,2366.3529065959715,2283.5852071509066,62.18483249202973,82.76769944506486,55.746744575810034,57.83637113486355,2254.3,174.1744739289318,2602.6489478578637,1905.9510521421366,334578.0
LICN,2017-08-01,2410.0,2444.0,2410.0,2415.0,0.37 %,1785.0,4341650.0,0.005830903790087438,0.005813969865419816,2443.6,2276.5,2373.837074811976,2293.3196362508393,63.2337643583116,80.51743856113671,60.70088337287538,56.77663033951615,2276.5,164.17368851310823,2604.8473770262162,1948.1526229737835,336363.0
LICN,2017-08-02,2425.0,2426.0,2410.0,2410.0,0.00 %,819.0,1981640.0,-0.0020703933747412417,-0.0020725396019724233,2429.0,2297.0,2379.40060176398,2301.962626158185,62.56626913598494,77.43797560579515,64.04830181945934,53.86401388669358,2297.0,153.05176282964612,2603.1035256592922,1990.8964743407078,335544.0
LICN,2017-08-03,2410.0,2411.0,2400.0,2400.0,-0.41 %,400.0,962100.0,-0.004149377593360981,-0.004158010148663677,2411.2,2312.0,2382.569739954137,2309.2246538501713,61.175386373037426,73.34508610396551,65.90765867636058,50.80229860907261,2312.0,147.32206037686038,2606.644120753721,2017.3558792462793,335144.0
LICN,2017-08-06,2371.0,2400.0,2371.0,2400.0,0.00 %,606.0,1449420.0,0.0,0.0,2405.2,2327.0,2385.251318422731,2315.9487535649737,61.17538637289096,69.30256485775726,66.58663991263992,49.244991565567425,2327.0,139.6748102972688,2606.3496205945376,2047.6503794054624,335144.0
LICN,2017-08-07,2420.0,2448.0,2400.0,2416.0,0.67 %,2995.0,7252290.0,0.006666666666666599,0.006644542718668511,2408.2,2339.7,2389.981884819234,2323.3599570046053,62.71350957462387,66.62192781462863,66.59369749303767,49.15606359659833,2339.7,135.3634872637729,2610.4269745275456,2068.973025472454,338139.0
LICN,2017-08-09,2417.0,2450.0,2410.0,2420.0,0.17 %,2206.0,5341960.0,0.0016556291390728006,0.001654260096026468,2409.2,2354.7,2394.6000563855055,2330.518478707968,63.10701656314056,64.08157767753755,66.09127352993765,48.50205905398416,2354.7,126.03721254997473,2606.7744250999494,2102.62557490005,340345.0
LICN,2017-08-10,2400.0,2405.0,2400.0,2400.0,-0.83 %,1189.0,2855660.0,-0.008264462809917328,-0.008298802814695066,2407.2,2369.7,2395.4308169415813,2335.6652580629334,59.71366129590097,59.76555887864788,64.8261305996797,46.4661976929853,2369.7,111.0955492026151,2591.89109840523,2147.5089015947697,339156.0
LICN,2017-08-13,2400.0,2400.0,2372.0,2380.0,-0.83 %,1281.0,3054990.0,-0.008333333333333304,-0.00836824967051658,2403.2,2381.15,2393.0568451044146,2338.9493130212345,56.445057472392776,54.107532083180104,62.682410896379785,45.14718357205778,2381.15,98.4502412389076,2578.0504824778154,2184.2495175221848,337875.0
LICN,2017-08-15,2334.0,2382.0,2334.0,2380.0,0.08 %,739.0,1741250.0,0.0,0.0,2399.2,2392.7,2391.0480997037357,2341.990104649291,56.4450574722264,49.057995054444746,59.957527727992776,45.35095617405366,2392.7,81.94870025621712,2556.597400512434,2228.8025994875657,337875.0
LICN,2017-08-16,2350.0,2350.0,2320.0,2345.0,-1.55 %,1924.0,4509820.0,-0.014705882352941124,-0.014815085785140587,2385.0,2403.2,2383.9637766723918,2342.2130598604545,50.80127096240848,41.75071681193731,56.31616554478169,46.39731644733554,2403.2,56.780834424071735,2516.7616688481435,2289.638331151856,335951.0
LICN,2017-08-17,2330.0,2330.0,2300.0,2324.0,-0.89 %,4140.0,9595710.0,-0.008955223880596996,-0.008995562908577873,2365.8,2406.15,2374.7385802612544,2340.8639443152356,47.7183258699003,33.87463594601877,51.827859625029106,46.29750812966872,2406.15,50.39661120602998,2506.94322241206,2305.35677758794,331811.0
LICN,2017-08-20,2324.0,2324.0,2300.0,2302.0,-1.03 %,1107.0,2555450.0,-0.009466437177280573,-0.009511528689973917,2346.2,2406.9,2363.5480294518306,2337.985133625218,44.660565158027346,25.562895826612476,46.57486686534578,44.70482897754953,2406.9,48.61004877702118,2504.1200975540423,2309.679902445958,330704.0
LICN,2017-08-21,2300.0,2300.0,2266.0,2288.0,-0.43 %,1091.0,2498880.0,-0.006081668114682914,-0.006100236782139465,2327.8,2402.4,2351.9252556900105,2334.282531134461,42.781821170010126,17.64272455554965,40.78843840338656,44.08305547915314,2402.4,55.15184780031027,2512.7036956006204,2292.0963043993797,329613.0
LICN,2017-08-22,2290.0,2346.0,2285.0,2290.0,0.00 %,1151.0,2637310.0,0.0008741258741258306,0.0008737440485967712,2309.8,2393.45,2342.398293276163,2331.0023436430192,43.14974881474882,11.395949633143573,34.90994064933796,45.29140865921363,2393.45,58.21419161392071,2509.8783832278414,2277.0216167721583,330764.0
LICN,2017-08-23,2275.0,2290.0,2241.0,2241.0,-2.14 %,1709.0,3850980.0,-0.021397379912663772,-0.021629622747358353,2289.0,2383.45,2326.798555849061,2324.335503373166,36.890851369037655,2.463052475894983,28.420563014649368,45.55630804069837,2383.45,66.24076896959556,2515.931537939191,2250.9684620608086,329055.0
LICN,2017-08-24,2241.0,2270.0,2201.0,2270.0,1.29 %,5720.0,12734645.0,0.01294065149486845,0.012857636674521448,2278.2,2374.2,2318.060316487667,2320.31065127145,42.23153658099848,-2.2503347837828187,22.28638345496293,47.23085746636277,2374.2,68.59845018963756,2511.396900379275,2237.0030996207247,334775.0
LICN,2017-08-27,2270.0,2270.0,2260.0,2260.0,-0.44 %,837.0,1893870.0,-0.004405286343612369,-0.004415018209116831,2269.8,2363.05,2309.127960104949,2315.8431956217128,40.94479870404381,-6.7152355167636415,16.486059660617617,44.57151050447972,2363.05,68.10477609033693,2499.259552180674,2226.8404478193265,333938.0
LICN,2017-08-28,2250.0,2270.0,2235.0,2270.0,0.44 %,185.0,415975.0,0.004424778761061843,0.004415018209116693,2266.2,2352.1,2303.1082739349567,2312.447403353438,42.82097912457028,-9.339129418481207,11.321021844797853,43.88783118273117,2352.1,64.28710274189149,2480.6742054837828,2223.525794516217,334123.0
LICN,2017-08-30,2270.0,2270.0,2230.0,2235.0,-1.76 %,1250.0,2797650.0,-0.01541850220264318,-0.01553860342777916,2255.2,2342.35,2292.6300779449634,2306.710558660591,38.24161292444043,-14.080480715627345,6.240721332712814,43.61012895539323,2342.35,66.59640815349219,2475.542816306984,2209.1571836930157,332873.0
LICN,2017-08-31,2230.0,2250.0,2180.0,2244.0,0.63 %,2837.0,6250440.0,0.00402684563758382,0.004018759594917655,2255.8,2334.5,2285.148527491892,2302.0653320931397,40.01796530760492,-16.916804601247804,1.609216145920691,45.49511974429372,2334.5,68.543877610578,2471.587755221156,2197.412244778844,335710.0
LICN,2017-09-04,2200.0,2254.0,2191.0,2191.0,-2.36 %,2333.0,5153740.0,-0.023618538324420624,-0.023901927047120356,2240.0,2323.3,2270.6641386469855,2293.8382704566106,33.84437602865307,-23.174131809625123,-3.3474534451884717,46.74546833398703,2323.3,72.86259599229228,2469.0251919845846,2177.574808015416,333377.0
LICN,2017-09-06,2165.0,2200.0,2148.0,2170.0,-0.96 %,3736.0,8059620.0,-0.009584664536741228,-0.0096308930609613,2222.0,2311.3,2255.177348085911,2284.6650652376024,31.754068361231845,-29.487717151691413,-8.575506186489061,47.12079202441653,2311.3,77.45090125532644,2466.201802510653,2156.3981974893472,329641.0
LICN,2017-09-07,2161.0,2165.0,2150.0,2160.0,-0.46 %,6072.0,13078800.0,-0.004608294930875556,-0.0046189458562945285,2200.0,2299.3,2240.5346791496167,2275.430615960743,30.779199037430374,-34.895936811126376,-13.839592311416524,45.183592594101064,2299.3,81.47269481242888,2462.245389624858,2136.3546103751423,323569.0
LICN,2017-09-10,2117.0,2121.0,2075.0,2085.0,-3.89 %,2330.0,4884240.0,-0.03472222222222221,-0.03533936644530885,2170.0,2283.55,2216.6062669727526,2261.3246444080955,24.66348218950239,-44.71837743534297,-20.015349336201815,48.027621694522416,2283.55,90.8848172138734,2465.319634427747,2101.7803655722532,321239.0
LICN,2017-09-11,2100.0,2117.0,2060.0,2060.0,-0.77 %,1988.0,4154900.0,-0.011990407673860948,-0.012062872449275095,2133.2,2265.75,2192.512995130791,2246.411707785274,23.021434147092208,-53.898712654483006,-26.792021999858054,48.668505859199385,2265.75,98.15019371511691,2462.050387430234,2069.449612569766,319251.0
LICN,2017-09-12,2090.0,2090.0,2030.0,2032.0,-1.46 %,2547.0,5193760.0,-0.013592233009708687,-0.013685453085254203,2101.4,2246.35,2167.818688187592,2230.5293590604388,21.310155284641183,-62.71067087284655,-33.97575177445576,49.477898297828,2246.35,104.2149979104393,2454.7799958208784,2037.9200041791214,316704.0
LICN,2017-09-13,2020.0,2070.0,2010.0,2015.0,-0.74 %,2110.0,4299720.0,-0.00836614173228345,-0.008401334317589139,2070.4,2227.1,2144.3081207741166,2214.564221352258,20.322422518592504,-70.25610057814129,-41.231821535192864,50.22947699084028,2227.1,109.75038664360244,2446.600773287205,2007.599226712795,314594.0
LICN,2017-09-14,2050.0,2080.0,2045.0,2079.0,3.18 %,1417.0,2921710.0,0.03176178660049622,0.03126781347722951,2054.2,2212.05,2134.2607175780986,2204.5224271780166,32.92670735375067,-70.26170959991805,-47.03779914813791,51.2845143486374,2212.05,108.30827105510704,2428.6665421102143,1995.433457889786,316011.0
LICN,2017-09-17,2090.0,2131.0,2081.0,2100.0,1.01 %,3876.0,8121220.0,0.010101010101010166,0.010050335853501506,2057.2,2198.05,2128.9898379506985,2196.78002516483,36.477564747751856,-67.79018721413149,-51.188276761336624,51.33562046659188,2198.05,103.44359001788672,2404.9371800357735,1991.1628199642269,319887.0
LICN,2017-09-18,2100.0,2100.0,2085.0,2090.0,-0.48 %,1096.0,2300350.0,-0.004761904761904745,-0.00477327875265766,2063.2,2185.3,2122.991401342899,2188.870393671139,35.51342161889757,-65.8789923282402,-54.12641987471734,48.740219004692456,2185.3,100.03688793323977,2385.3737758664797,1985.2262241335206,318791.0
LICN,2017-09-20,2079.0,2094.0,2060.0,2070.0,-1.44 %,2264.0,4713080.0,-0.009569377990430672,-0.00961545869944198,2070.8,2172.6,2114.838878059376,2180.0651793251286,33.60058785868425,-65.22630126575268,-56.34639615292441,47.687346218643,2172.6,97.5949739862026,2367.789947972405,1977.4100520275947,316527.0
LICN,2017-09-24,2101.0,2140.0,2100.0,2105.0,1.94 %,410.0,862000.0,0.01690821256038655,0.016766859857067107,2088.8,2162.75,2113.3252045117797,2174.5047956714156,39.71962882342082,-61.17959115963595,-57.31303515426673,49.28110720302564,2162.75,93.71169392848738,2350.173387856975,1975.3266121430252,316937.0
LICN,2017-09-25,2100.0,2100.0,2080.0,2100.0,0.00 %,410.0,854068.0,-0.002375296912114022,-0.0023781224049674358,2093.0,2153.35,2111.2751730484288,2168.9859219179775,39.16436817703333,-57.71074886954875,-57.392577897323136,47.54674240280953,2153.35,89.83568333351242,2333.0213666670247,1973.678633332975,316527.0
LICN,2017-09-26,2100.0,2105.0,2088.0,2090.0,-0.57 %,4660.0,9794790.0,-0.004761904761904745,-0.00477327875265766,2091.0,2143.35,2108.002069502517,2163.1351128870165,38.01960924475538,-55.133043384499615,-56.940670994758435,45.36483223118028,2143.35,84.81513953732525,2312.9802790746503,1973.7197209253495,311867.0
LICN,2017-10-03,2090.0,2090.0,2078.0,2090.0,0.10 %,427.0,891506.0,0.0,0.0,2091.0,2135.8,2105.2325203482833,2157.7176971176077,38.0196092446357,-52.485176769324426,-56.04957214967164,42.98162992895312,2135.8,82.35008708012616,2300.5001741602523,1971.0998258397478,311867.0
LICN,2017-10-04,2090.0,2090.0,2062.0,2069.0,-1.00 %,3716.0,7693120.0,-0.010047846889952194,-0.010098667213313699,2090.8,2125.75,2099.658286448547,2151.1460158496366,35.492911982223646,-51.48772940108938,-55.13720359995519,41.91151350545647,2125.75,77.21526642070295,2280.1805328414057,1971.319467158594,308151.0
LICN,2017-10-08,2028.0,2060.0,2000.0,2060.0,-0.43 %,710.0,1431800.0,-0.004349927501208328,-0.004359415961916282,2081.8,2115.75,2093.557011610309,2144.394459120034,34.43664361226318,-50.837447509724825,-54.27725238190912,43.84640539792387,2115.75,71.66506526157939,2259.080130523159,1972.4198694768413,307441.0
LICN,2017-10-09,2050.0,2060.0,2021.0,2060.0,0.00 %,1903.0,3900590.0,0.0,0.0,2073.8,2105.25,2088.3943944394923,2138.143017703735,34.43664361214056,-49.748623264242724,-53.37152655837585,43.500233583786446,2105.25,62.69884159090301,2230.647683181806,1979.852316818194,307441.0
LICN,2017-10-10,2040.0,2040.0,2030.0,2036.0,-1.21 %,147.0,299215.0,-0.011650485436893177,-0.011718884113213375,2063.0,2095.3,2080.333718371878,2130.576868244199,31.534268734389315,-50.24314987232083,-52.74585122116484,42.53593118494456,2095.3,56.5090584261457,2208.3181168522915,1982.2818831477089,307294.0
LICN,2017-10-11,2032.0,2059.0,2030.0,2055.0,0.98 %,840.0,1718610.0,0.009332023575638448,0.009288749259921562,2056.0,2085.85,2076.436223237743,2124.9785817075917,36.124100444298776,-48.54235846984875,-51.90515267090162,41.56907895744852,2085.85,44.955270167005665,2175.7605403340112,1995.9394596659886,308134.0
LICN,2017-10-12,2060.0,2060.0,2041.0,2041.0,-0.68 %,532.0,1091600.0,-0.0068126520681265346,-0.006835964120490202,2050.4,2078.35,2070.984496585783,2118.757946025548,34.29948946089321,-47.773449439765045,-51.07881202467431,39.957001889059335,2078.35,38.54494983644045,2155.439899672881,2001.260100327119,307602.0
LICN,2017-10-15,2050.0,2070.0,2050.0,2069.0,1.42 %,990.0,2048160.0,0.013718765311121928,0.013625514935698167,2052.2,2073.3,2070.679189418739,2115.0721722458775,40.74574429275491,-44.39298282713844,-49.74164618516714,39.17435889698367,2073.3,31.95901981236875,2137.2180396247377,2009.3819603752627,308592.0
LICN,2017-10-16,2095.0,2135.0,2065.0,2130.0,1.45 %,2466.0,5148170.0,0.029482841952634065,0.029056580957927708,2066.2,2071.8,2079.8054679697025,2116.1779372647015,51.83343055065986,-36.372469294999064,-47.067810807133526,41.37619040434198,2071.8,28.152965628565013,2128.10593125713,2015.4940687428702,311058.0
LICN,2017-10-17,2106.0,2106.0,2070.0,2090.0,-0.33 %,8800.0,18400600.0,-0.018779342723004744,-0.01895791374461416,2077.0,2072.05,2081.373857512825,2114.23883080065,45.78356371762299,-32.864973287824796,-44.227243303271784,42.70646251831756,2072.05,28.29817736364334,2128.646354727287,2015.4536452727134,302258.0
LICN,2017-10-18,2080.0,2104.0,2060.0,2104.0,0.53 %,1634.0,3407800.0,0.006698564593301537,0.006676228898743892,2086.8,2074.25,2084.854802510852,2113.4803988894905,48.06822467085903,-28.62559637863842,-41.106913918345114,42.79885805272345,2074.25,29.013381667575995,2132.276763335152,2016.223236664848,303892.0
LICN,2017-10-22,2146.0,2159.0,2110.0,2120.0,0.76 %,1624.0,3464910.0,0.0076045627376426506,0.007575793808457723,2102.6,2078.65,2090.261755970721,2113.963332305084,50.628819890711526,-23.701576334362926,-37.62584640154868,43.67036819181464,2078.65,28.941456334051672,2136.5329126681036,2020.7670873318968,305516.0
LICN,2017-10-23,2120.0,2125.0,2092.0,2114.0,-0.28 %,12515.0,26205306.0,-0.002830188679245338,-0.0028342012358752488,2111.6,2083.6,2093.913793513687,2113.9660484306332,49.64036093041254,-20.052254916946367,-34.11112810462822,42.90819903525645,2083.6,25.77514102261786,2135.1502820452356,2032.0497179547642,293001.0
LICN,2017-10-24,2114.0,2134.0,2100.0,2134.0,0.95 %,968.0,2033680.0,0.009460737937559083,0.009416265431515686,2112.4,2086.35,2100.080902203889,2115.450044843179,52.938649519388235,-15.369142639290203,-30.36273101156062,42.27189910416671,2086.35,28.088722217083497,2142.5274444341667,2030.172555565833,293969.0
LICN,2017-10-25,2125.0,2125.0,2095.0,2095.0,-1.83 %,2154.0,4525140.0,-0.01827553889409561,-0.018444599505460586,2113.4,2086.1,2099.299224941752,2113.9352267066474,46.53788331259915,-14.636001764895354,-27.21738516222757,42.038192025297654,2086.1,27.982889508808114,2142.065779017616,2030.1342209823838,291815.0
LICN,2017-10-29,2055.0,2096.0,2050.0,2096.0,0.05 %,792.0,1625140.0,0.0004773269689737347,0.0004772130846946639,2111.8,2086.4,2098.79165187379,2112.606691395044,46.715784055653494,-13.815039521253766,-24.53691603403281,42.32117830920497,2086.4,28.05896047890765,2142.5179209578155,2030.2820790421847,292607.0
LICN,2017-10-30,2066.0,2066.0,2060.0,2060.0,-1.72 %,418.0,861630.0,-0.01717557251908397,-0.01732478365730602,2099.8,2085.9,2092.8237054316687,2108.7098994398552,41.377702879098265,-15.886194008186521,-22.806771628863554,41.869665572833185,2085.9,28.452915862027847,2142.8058317240557,2028.9941682759445,292189.0
LICN,2017-10-31,2032.0,2070.0,2031.0,2070.0,0.49 %,402.0,821761.0,0.004854368932038833,0.004842624475787991,2091.0,2084.15,2089.312366134489,2105.8424994813477,43.31532625614216,-16.530133346858747,-21.551443972462593,41.664689460487956,2084.15,28.292225080382007,2140.734450160764,2027.5655498392362,292591.0
LICN,2017-11-01,2030.0,2045.0,2020.0,2045.0,-1.21 %,847.0,1719530.0,-0.012077294685990392,-0.012150817782512691,2073.2,2081.4,2082.4950790368753,2101.3356476679146,39.775762502521765,-18.840568631039332,-21.009268904177944,42.26006878473881,2081.4,29.324679744274224,2140.0493594885484,2022.7506405114516,291744.0
LICN,2017-11-02,2012.0,2050.0,2012.0,2049.0,0.20 %,2403.0,4870520.0,0.0019559902200489976,0.001954079761997732,2064.0,2079.35,2077.341989954279,2097.458933025847,40.61196558981774,-20.116943071567675,-20.83080373765589,41.95577815725747,2079.35,30.114299803092763,2139.5785996061854,2019.1214003938144,294147.0
LICN,2017-11-05,2050.0,2050.0,2000.0,2020.0,-1.42 %,2516.0,5063370.0,-0.014153245485602706,-0.014254357843649283,2048.8,2075.85,2068.5201453459285,2091.7212342831917,36.63989162468519,-23.201088937263194,-21.304860777577353,42.53036543173908,2075.85,32.762743603367674,2141.375487206735,2010.3245127932646,291631.0
LICN,2017-11-06,2020.0,2019.0,1980.0,2006.0,-0.69 %,1399.0,2816565.0,-0.006930693069306937,-0.00695482187336961,2038.0,2072.7,2058.901661446555,2085.3715132251773,34.86695947419486,-26.469851778622342,-22.33785897778635,42.34962504375771,2072.7,36.294265169713334,2145.2885303394264,2000.1114696605732,290232.0
LICN,2017-11-07,1991.0,2000.0,1982.0,1999.0,-0.35 %,2812.0,5589700.0,-0.0034895314057826754,-0.0034956340214808003,2023.8,2069.65,2049.686021224008,2078.9736233566455,33.98156660562822,-29.287602132637403,-23.727807608756564,41.03893754063216,2069.65,39.810438990678094,2149.270877981356,1990.0291220186439,287420.0
LICN,2017-11-08,1970.0,1970.0,1945.0,1956.0,-2.15 %,1306.0,2553110.0,-0.021510755377688873,-0.021745483905637446,2006.0,2064.45,2035.2727871895452,2069.864466070968,29.094117673571134,-34.591678881422695,-25.90058186328979,41.96472771630129,2064.45,47.236777598536854,2158.9235551970737,1969.9764448029262,286114.0
LICN,2017-11-09,1971.0,1981.0,1941.0,1975.0,0.97 %,3423.0,6701190.0,0.00971370143149275,0.009666826740459506,1991.2,2061.4,2026.0000506988458,2062.8374685842296,33.63605228070104,-36.83741788538373,-28.087949067708582,41.824390022279765,2061.4,50.99060801031931,2163.381216020639,1959.4187839793615,289537.0
LICN,2017-11-12,1975.0,2000.0,1995.0,2000.0,1.27 %,120.0,239950.0,0.012658227848101333,0.012578782206860185,1987.2,2058.65,2022.0000428990234,2058.182841281694,39.158476710428005,-36.182798382670626,-29.70691893070099,40.62264787783121,2058.65,52.804779488612354,2164.259558977225,1953.0404410227754,289657.0
LICN,2017-11-13,2034.0,2034.0,1985.0,1990.0,-0.50 %,1105.0,2221950.0,-0.0050000000000000044,-0.005012541823544286,1984.0,2056.1,2017.0769593760967,2053.132260446013,37.80337221436757,-36.05530106991614,-30.97659535854402,41.22103017227184,2056.1,54.892143048162275,2165.8842860963246,1946.3157139036753,288552.0
LICN,2017-11-14,2020.0,2041.0,2000.0,2041.0,2.56 %,1200.0,2426340.0,0.025628140703517488,0.025305245091306616,1992.4,2054.7,2020.7574271643896,2052.233574487049,47.73677530389537,-31.476147322659244,-31.07650575136707,41.91952801710957,2054.7,54.90288076037836,2164.5057615207566,1944.894238479243,289752.0
LICN,2017-11-15,2055.0,2055.0,1995.0,1995.0,-2.25 %,1871.0,3751610.0,-0.022537971582557548,-0.02279583348588094,2000.2,2047.95,2016.7947460621758,2047.9940504509711,41.325790731479884,-31.199304388795326,-31.101065478852725,43.21099030160175,2047.95,53.43710026011275,2154.8242005202255,1941.0757994797746,287881.0
LICN,2017-11-16,1990.0,1990.0,1955.0,1970.0,-1.25 %,6356.0,12499400.0,-0.01253132832080206,-0.012610507591929696,1999.2,2041.95,2009.5955543603027,2042.2167133805287,38.31418505981976,-32.62115902022606,-31.405084187127393,42.98163385148734,2041.95,55.17577176145767,2152.3015435229154,1931.5984564770847,281525.0
LICN,2017-11-19,1970.0,1955.0,1945.0,1945.0,-1.27 %,925.0,1803825.0,-0.012690355329949221,-0.012771565679487505,1988.2,2034.0,1999.65777676641,2035.0154753523416,35.52608135457113,-35.35769858593153,-32.19560706688822,41.69723143352396,2034.0,57.18299342322723,2148.3659868464547,1919.6340131535455,280600.0
LICN,2017-11-20,1930.0,1955.0,1922.0,1950.0,0.26 %,2053.0,3966750.0,0.0025706940874035134,0.0025673955052457334,1980.2,2025.5,1992.0181188023469,2028.7180327336496,36.52101469864364,-36.69991393130272,-33.09646843977112,41.07600061684368,2025.5,56.35554425626419,2138.2110885125285,1912.7889114874715,282653.0
LICN,2017-11-21,1960.0,1960.0,1926.0,1958.0,0.41 %,1430.0,2783460.0,0.004102564102564044,0.004094171532663147,1963.6,2017.7,1986.7845620635244,2023.4796599385643,38.16518814070841,-36.69509787503989,-33.81619432682488,40.57057200135485,2017.7,54.21701034292626,2126.1340206858526,1909.2659793141474,284083.0
LICN,2017-11-22,1985.0,1985.0,1975.0,1983.0,1.33 %,1493.0,2957290.0,0.012768130745658857,0.012687305429340306,1961.2,2010.15,1986.2023217460592,2020.4811666097817,43.12298947023999,-34.2788448637225,-33.9087244342044,39.601245429829504,2010.15,47.233211999482876,2104.6164239989657,1915.6835760010345,285576.0
LICN,2017-11-23,1984.0,2000.0,1972.0,1999.0,0.76 %,5103.0,10124433.0,0.008068582955118586,0.008036205980604165,1967.0,2005.35,1988.1711953235886,2018.8899690831313,46.101488771792454,-30.718773759542728,-33.270734299272064,38.77258504198454,2005.35,42.82925094886321,2091.0085018977265,1919.6914981022735,290679.0
LICN,2017-11-26,1999.0,2015.0,2000.0,2015.0,0.80 %,1063.0,2131850.0,0.008004002001000599,0.00797213988038339,1981.0,2001.3,1992.2987037353441,2018.6018232251217,48.97885802912932,-26.3031194897776,-31.877211337373176,37.145971824699934,2001.3,37.275785847180885,2075.8515716943616,1926.7484283056383,291742.0
LICN,2017-11-27,2035.0,2035.0,1995.0,2015.0,0.00 %,739.0,1480210.0,0.0,0.0,1994.0,1999.05,1995.7912108529836,2018.3350215047421,48.978858028953326,-22.543810651758577,-30.01053120025026,37.34983098007851,1999.05,34.823577917065506,2068.697155834131,1929.4028441658688,291742.0
LICN,2017-11-28,2040.0,2040.0,2010.0,2011.0,-0.20 %,428.0,864802.0,-0.001985111662531014,-0.0019870846081313062,2004.6,1996.1,1998.1310245679092,2017.791686578465,48.232295586883566,-19.660662010555825,-27.940557362311374,36.82484305293005,1996.1,30.758653040090266,2057.6173060801802,1934.5826939198193,291314.0
LICN,2017-11-29,2051.0,2131.0,2015.0,2056.0,2.19 %,2014.0,4193760.0,0.02237692690203885,0.022130236802403745,2019.2,1996.65,2007.033943865154,2020.6219320170974,56.30197837933211,-13.587988151943364,-25.070043520237775,42.765925692006476,1996.65,31.76107349370037,2060.172146987401,1933.1278530125994,293328.0
LICN,2017-11-30,2055.0,2084.0,2042.0,2065.0,0.49 %,2245.0,4634760.0,0.0043774319066147704,0.004367878820077388,2032.4,1997.45,2015.9517986551305,2023.9091963121273,57.72146772634027,-7.957397656996818,-21.647514347589585,42.711216714006014,1997.45,33.31267342206074,2064.0753468441217,1930.8246531558787,295573.0
LICN,2017-12-04,2040.0,2040.0,2031.0,2036.0,-1.45 %,234.0,476530.0,-0.014043583535108928,-0.014143127724719737,2036.6,1998.25,2019.036137323572,2024.8048114001178,51.87409149619019,-5.768674076545949,-18.471746293380857,42.08898694871987,1998.25,34.06630531615217,2066.3826106323045,1930.1173893676958,295339.0
LICN,2017-12-05,2035.0,2070.0,2035.0,2070.0,1.72 %,261.0,532035.0,0.016699410609037235,0.016561508589001305,2047.6,2001.45,2026.876731581484,2028.1526031482572,57.33161349739389,-1.2758715667732758,-15.03257134805934,41.58263073809702,2001.45,37.65001572654524,2076.7500314530907,1926.1499685469096,295600.0
LICN,2017-12-06,2102.0,2102.0,2060.0,2085.0,0.72 %,2722.0,5647870.0,0.007246376811594235,0.007220247973487097,2062.4,2005.75,2035.8187728766402,2032.3635214335713,59.51298358370202,3.455251443068846,-11.335006789833702,41.61244282823295,2005.75,42.01362560932707,2089.7772512186543,1921.722748781346,298322.0
LICN,2017-12-10,2100.0,2100.0,2069.0,2076.0,-0.43 %,2997.0,6208420.0,-0.004316546762589968,-0.004325889947122606,2066.4,2011.75,2042.000500126388,2035.5958531792328,57.60990710480543,6.404646947155243,-7.787076042435914,40.854411197644886,2011.75,43.08971668750159,2097.929433375003,1925.570566624997,295325.0
LICN,2017-12-11,2050.0,2076.0,2043.0,2051.0,-1.20 %,1067.0,2189610.0,-0.012042389210019322,-0.012115486213398701,2063.6,2015.55,2043.3850385684823,2036.7369010918821,52.58013405247615,6.648137476600141,-4.900033338628703,40.29338182638453,2015.55,43.029335158809644,2101.6086703176193,1929.4913296823806,294258.0
LICN,2017-12-12,2021.0,2035.0,2010.0,2012.0,-2.00 %,3885.0,7835560.0,-0.019015114578254555,-0.01919822685275083,2058.8,2016.15,2038.5565710964079,2034.904538048039,45.85437540450037,3.6520330483688213,-3.1896200612291987,40.34385455307135,2016.15,42.88451444223214,2101.9190288844643,1930.3809711155359,290373.0
LICN,2017-12-13,2030.0,2030.0,2016.0,2020.0,0.50 %,1400.0,2832380.0,0.003976143141153132,0.00396825917562067,2048.8,2017.65,2035.7017140046528,2033.8004981926288,47.342335372698805,1.9012158120240201,-2.1714528865785554,38.74786494213768,2017.65,42.44411185992237,2102.5382237198446,1932.7617762801553,291773.0
LICN,2017-12-17,2010.0,2010.0,1987.0,1987.0,-1.63 %,885.0,1769170.0,-0.01633663366336635,-0.01647154784343361,2029.2,2014.95,2028.2091426193215,2030.3337946228044,42.19167110308814,-2.124652003482879,-2.16209270995942,38.33730316055642,2014.95,42.59784402746361,2100.145688054927,1929.754311945073,290888.0
LICN,2017-12-18,1990.0,2000.0,1981.0,1999.0,0.60 %,2215.0,4417970.0,0.006039255158530432,0.0060210919485832,2013.8,2015.15,2023.7154283701952,2028.012772798893,44.55397606723708,-4.29734442869767,-2.58914305370707,36.95606722051667,2015.15,42.50854403279554,2100.167088065591,1930.132911934409,293103.0
LICN,2017-12-19,1990.0,1990.0,1980.0,1981.0,-0.90 %,344.0,683340.0,-0.00900450225112559,-0.00904528780184916,1999.8,2015.7,2017.1438240055497,2024.53034518416,41.79501259632511,-7.386521178610337,-3.548618678687723,35.67349099047976,2015.7,41.96126032925726,2099.6225206585145,1931.7774793414856,292759.0
LICN,2017-12-20,1975.0,1987.0,1975.0,1981.0,0.30 %,5197.0,10278900.0,0.0,0.0,1993.6,2017.5,2011.5832356970036,2021.3058751705184,41.79501259617026,-9.722639473514846,-4.7834228376531485,33.98252734830263,2017.5,39.46684151216085,2096.433683024322,1938.5663169756783,292759.0
LICN,2017-12-21,1975.0,1975.0,1958.0,1975.0,-0.60 %,1139.0,2238150.0,-0.003028773346794522,-0.0030333693633286603,1984.6,2018.75,2005.9550455897722,2017.8758103430725,40.81787002704914,-11.920764753300318,-6.210891220782583,33.19806110913816,2018.75,37.566607512505826,2093.883215025012,1943.6167849749884,291620.0
LICN,2017-12-24,1996.0,1996.0,1960.0,1991.0,0.81 %,485.0,954140.0,0.008101265822784809,0.008068626728974047,1985.4,2020.4,2003.654269345192,2015.8850095769192,44.54140752592145,-12.230740231727168,-7.4148610229715,33.398199601342576,2020.4,35.421373268257,2091.242746536514,1949.5572534634862,292105.0
LICN,2017-12-26,1952.0,1960.0,1950.0,1958.0,-1.66 %,1102.0,2152670.0,-0.016574585635359074,-0.016713480973740556,1977.2,2019.15,1996.6305355997779,2011.5972310897398,39.080068940179515,-14.966695489961921,-8.925227916369586,33.94118534410382,2019.15,37.20678347883307,2093.5635669576664,1944.736433042334,291003.0
LICN,2017-12-27,1921.0,1958.0,1917.0,1917.0,-2.09 %,3746.0,7211870.0,-0.02093973442288044,-0.021162080044811144,1964.4,2015.05,1984.3796839690428,2004.5900287867962,33.572352857259816,-20.210344817753366,-11.182251296646342,34.44538639095355,2015.05,43.52552185362308,2102.101043707246,1927.9989562927537,287257.0
LICN,2017-12-28,1890.0,1930.0,1880.0,1920.0,0.16 %,1527.0,2900030.0,0.0015649452269170805,0.0015637219761827589,1952.2,2010.3,1974.4751172045749,1998.324100728515,34.30196272668901,-23.848983523940205,-13.715597742105114,35.55643022017116,2010.3,48.43780602618373,2107.1756120523673,1913.4243879476326,288784.0
LICN,2017-12-31,1901.0,1937.0,1900.0,1917.0,-0.16 %,369.0,709923.0,-0.0015625000000000222,-0.0015637219761827587,1940.6,2005.4,1965.6327914807941,1992.3000932671437,33.9009680444737,-26.667301786349526,-16.305938550953996,35.659542347301795,2005.4,52.706136664565584,2110.812273329131,1899.9877266708688,288415.0
LICN,2018-01-01,1925.0,1970.0,1925.0,1970.0,2.76 %,4227.0,8197840.0,0.02764736567553472,0.027272078686389725,1936.4,2003.35,1966.304669714518,1990.6482345066145,45.92738628878535,-24.34356479209646,-17.91346379918249,36.898146465351665,2003.35,53.27117814589072,2109.892356291781,1896.8076437082184,292642.0
LICN,2018-01-02,1960.0,1995.0,1960.0,1965.0,-0.25 %,1025.0,2024170.0,-0.0025380710659898,-0.0025412974286725325,1937.8,1998.8,1966.1039512968998,1988.7483652839023,45.09382582921001,-22.64441398700251,-18.859653836746496,36.7625645749694,1998.8,52.41695185819029,2103.6339037163807,1893.9660962836194,291617.0
LICN,2018-01-03,1988.0,1988.0,1936.0,1936.0,-1.48 %,3703.0,7200490.0,-0.014758269720101747,-0.01486825646683925,1941.6,1992.35,1961.4725741742998,1984.8410789665763,40.50229329470214,-23.368504792276553,-19.76142402785251,37.85095281961445,1992.35,51.775095618591955,2095.9001912371837,1888.799808762816,287914.0
LICN,2018-01-04,1935.0,1939.0,1931.0,1935.0,-0.05 %,1362.0,2635020.0,-0.0005165289256198191,-0.0005166623726401293,1944.6,1987.3,1957.3998704551768,1981.1491471912743,40.34972375549795,-23.7492767360975,-20.558994569501507,35.7187419039277,1987.3,52.217258691563764,2091.7345173831277,1882.8654826168724,286552.0
LICN,2018-01-07,1897.0,2014.0,1897.0,2014.0,4.08 %,4182.0,8148550.0,0.04082687338501301,0.040015467814625505,1964.0,1984.5,1966.1075826928418,1983.5825436956245,54.82679972955535,-17.47496100278272,-19.94218785615775,41.52454605364715,1984.5,48.94841538210993,2082.39683076422,1886.6031692357801,290734.0
LICN,2018-01-08,2052.0,2052.0,2000.0,2029.0,0.74 %,1555.0,3135130.0,0.00744786494538241,0.007420266547307225,1975.8,1981.7,1975.7833392016353,1986.946799718171,56.96261234504934,-11.163460516535679,-18.18644238823334,42.27279276410093,1981.7,44.27557245014442,2070.251144900289,1893.1488550997112,292289.0
LICN,2018-01-09,2029.0,2050.0,2020.0,2032.0,0.15 %,1763.0,3580724.0,0.0014785608674223738,0.001477468872557766,1989.2,1979.5,1984.4320562475377,1990.2840738131213,57.39646533991134,-5.852017565583537,-15.719557423703378,41.396164709522296,1979.5,40.2538000821182,2060.0076001642365,1898.9923998357635,294052.0
LICN,2018-01-10,1992.0,2025.0,1988.0,1989.0,-2.12 %,1831.0,3667480.0,-0.021161417322834608,-0.021388529844400272,1999.8,1976.4,1985.1348168248396,1990.1889572343714,49.66781534553219,-5.054140409531783,-13.58647402086906,41.58215294455642,1976.4,36.687011899359696,2049.7740237987196,1903.0259762012806,292221.0
LICN,2018-01-14,1952.0,1952.0,1949.0,1950.0,-1.96 %,2782.0,5425000.0,-0.019607843137254943,-0.019802627296179754,2002.8,1973.3,1979.729460390249,1987.2119974392326,43.89468616928796,-7.482537048983659,-12.365686626491982,41.469142019945245,1973.3,36.135854770552854,2045.5717095411057,1901.0282904588942,289439.0
LICN,2018-01-16,1988.0,1987.0,1921.0,1945.0,-0.26 %,540.0,1049980.0,-0.002564102564102555,-0.0025673955052458097,1989.0,1969.55,1974.3864664840569,1984.0851828141044,43.201381801800515,-9.698716330047546,-11.832292567203096,43.22134616137773,1969.55,34.905096898191815,2039.3601937963836,1899.7398062036164,288899.0
LICN,2018-01-17,1930.0,1985.0,1930.0,1985.0,2.06 %,503.0,975620.0,0.020565552699228773,0.020356937068744103,1980.2,1969.45,1976.0193177942022,1984.1529470500966,50.004631785415164,-8.133629255894448,-11.092559904941366,44.06267857842218,1969.45,34.85530239808046,2039.160604796161,1899.7393952038392,289402.0
LICN,2018-01-21,1960.0,1960.0,1930.0,1931.0,-2.72 %,627.0,1219910.0,-0.02720403022670026,-0.027580910692776354,1960.0,1966.05,1969.0932689027863,1980.2156917130524,42.58832523554843,-11.122422810266016,-11.098532486006295,44.8439158228206,1966.05,35.13653818730496,2036.3230763746099,1895.77692362539,288775.0
LICN,2018-01-22,1935.0,1944.0,1912.0,1944.0,0.67 %,444.0,853880.0,0.006732263076126399,0.006709702591869983,1951.0,1964.2,1965.2327659946654,1977.533047882456,44.71414172363839,-12.300281887790561,-11.33888236636315,43.9264932640477,1964.2,35.281723313898084,2034.7634466277962,1893.636553372204,289219.0
LICN,2018-01-23,1944.0,1944.0,1900.0,1901.0,-2.21 %,3035.0,5817200.0,-0.022119341563786032,-0.022367642531955247,1941.2,1960.2,1955.350801995486,1971.8639332244963,39.50371511987448,-16.51313122901024,-12.373732138892569,43.931743745187156,1960.2,37.72699717427721,2035.6539943485545,1884.7460056514456,286184.0
LICN,2018-01-24,1910.0,1924.0,1910.0,1924.0,1.21 %,425.0,815031.0,0.012098895318253478,0.012026288737222566,1937.0,1957.65,1950.5276016884882,1968.3184566893485,43.30899498897878,-17.790855000860347,-13.457156711286126,42.43661919195951,1957.65,38.39171374410063,2034.4334274882012,1880.866572511799,286609.0
LICN,2018-01-25,1900.0,1924.0,1895.0,1920.0,0.00 %,1038.0,1973300.0,-0.0020790020790020236,-0.0020811662038245117,1924.0,1954.1,1945.831047582567,1964.7393117493968,42.80472118294117,-18.908264166829895,-14.547378202394881,41.476860678248116,1954.1,38.428196884422,2030.956393768844,1877.2436062311558,285571.0
LICN,2018-01-28,1905.0,1910.0,1902.0,1910.0,-0.73 %,1167.0,2223210.0,-0.00520833333333337,-0.0052219439811517126,1919.8,1951.7,1940.3185787237105,1960.6845479161082,41.50365514118069,-20.365969192397642,-15.711096400395434,39.79994205837325,1951.7,39.65124276274325,2031.0024855254865,1872.3975144745136,284404.0
LICN,2018-01-29,1905.0,1928.0,1905.0,1924.0,0.94 %,860.0,1645190.0,0.00732984293193728,0.007303110184976349,1915.8,1952.05,1937.808028150832,1957.9671739963965,44.06689539112222,-20.15914584556458,-16.600706289429265,38.59994619706087,1952.05,39.358641129710875,2030.7672822594218,1873.3327177405781,285264.0
LICN,2018-01-31,1900.0,1925.0,1900.0,1925.0,-0.16 %,515.0,984996.0,0.0005197505197505059,0.0005196154962327853,1920.6,1952.3,1935.837562281473,1955.5251611077745,44.25479451368535,-19.687598826301382,-17.218084796803687,37.62852146869938,1952.3,39.15972689543094,2030.6194537908618,1873.980546209138,285779.0
LICN,2018-02-01,1925.0,1969.0,1925.0,1969.0,2.29 %,924.0,1802060.0,0.02285714285714291,0.022599831917240992,1929.6,1954.9,1940.939475776631,1956.5232973220136,51.909864828384606,-15.583821545382534,-16.891232146519457,38.083627078078,1954.9,38.411758068242136,2031.7235161364842,1878.076483863516,286703.0
LICN,2018-02-04,1969.0,1969.0,1955.0,1955.0,-0.71 %,345.0,675853.0,-0.007110208227526615,-0.007135606219659346,1936.6,1954.15,1943.102633349457,1956.410460483346,49.577039123377354,-13.307827133889077,-16.17455114399338,36.36336800107243,1954.15,38.24749733812666,2030.6449946762534,1877.6550053237468,286358.0
LICN,2018-02-05,1951.0,1951.0,1911.0,1911.0,-2.25 %,1232.0,2370100.0,-0.02250639386189257,-0.022763528179193096,1936.8,1951.45,1938.1637666803097,1953.0467226697647,43.03172526134634,-14.882955989455013,-15.916232113085707,36.90884171528155,1951.45,39.331887425083906,2030.1137748501678,1872.7862251498323,285126.0
LICN,2018-02-06,1893.0,1910.0,1893.0,1901.0,-0.58 %,1045.0,1986520.0,-0.005232862375719516,-0.005246601751843874,1932.2,1949.7,1932.446264114108,1949.1914098794118,41.68475156406773,-16.745145765303732,-16.082014843529315,35.55821016419001,1949.7,40.806475234343,2031.312950468686,1868.087049531314,284081.0
LICN,2018-02-07,1900.0,1900.0,1883.0,1885.0,-0.79 %,1304.0,2461840.0,-0.008416622830089482,-0.00845224260631808,1924.2,1947.2,1925.1468388657838,1944.436490629085,39.55151906710692,-19.289651763301208,-16.723542227483694,34.304052295319295,1947.2,43.215007139923905,2033.630014279848,1860.7699857201521,282777.0
LICN,2018-02-08,1885.0,1930.0,1880.0,1930.0,2.39 %,636.0,1206350.0,0.023872679045092937,0.023592182016820194,1916.4,1943.0,1925.8934790402786,1943.3671209528566,47.66375782591313,-17.473641912577932,-16.87356216450254,35.4251914170822,1943.0,40.369347412668404,2023.7386948253368,1862.2613051746632,283413.0
LICN,2018-02-11,1916.0,1920.0,1916.0,1918.0,-0.62 %,476.0,913434.0,-0.006217616580310836,-0.006237026455547661,1909.0,1937.45,1924.6790976494665,1941.4880749563488,45.894977457739444,-16.808977306882298,-16.860645192978495,33.894820601576335,1937.45,35.22629848936084,2007.9025969787217,1866.9974030212784,282937.0
LICN,2018-02-12,1883.0,1900.0,1870.0,1900.0,-0.94 %,2613.0,4922780.0,-0.009384775808133461,-0.00942909028885169,1906.8,1930.85,1920.8823133957026,1938.4148842188413,43.29934667509619,-17.532570823138713,-16.99503031901054,34.90233341574945,1930.85,28.254994900733525,1987.359989801467,1874.3400101985328,280324.0
LICN,2018-02-14,1900.0,1938.0,1880.0,1900.0,-0.11 %,1117.0,2116230.0,0.0,0.0,1906.6,1926.4,1917.6696497963637,1935.5693372396677,43.299346674949675,-17.899687443303947,-17.175961743869223,36.552166743195926,1926.4,25.4876647151115,1977.375329430223,1875.4246705697772,280324.0
LICN,2018-02-15,1935.0,1938.0,1900.0,1933.0,1.84 %,3450.0,6606690.0,0.017368421052631478,0.017219314053798968,1916.2,1925.55,1920.0281652123078,1935.3790159626553,49.38575793497137,-15.35085075034749,-16.810939545164878,36.65558340439622,1925.55,24.936709359548004,1975.423418719096,1875.676581280904,283774.0
LICN,2018-02-18,1933.0,1960.0,1900.0,1900.0,-1.71 %,1424.0,2723690.0,-0.017071908949818915,-0.017219314053799048,1910.2,1923.3,1916.946909025799,1932.7583481135696,44.26833720365264,-15.811439087770623,-16.611039453686026,38.32304173265363,1923.3,25.11887526811648,1973.5377505362328,1873.062249463767,282350.0
LICN,2018-02-20,1865.0,1900.0,1865.0,1900.0,0.00 %,91.0,171115.0,0.0,0.0,1906.6,1919.05,1914.3396922525992,1930.3318038088607,44.26833720350294,-15.992111556261534,-16.48725387420113,38.085681608892656,1919.05,20.979877577246107,1961.0097551544923,1877.0902448455076,282350.0
LICN,2018-02-21,1900.0,1900.0,1876.0,1876.0,-1.26 %,615.0,1158500.0,-0.012631578947368438,-0.012712035588361861,1901.8,1916.3,1908.4412780598918,1926.3072257489453,40.71022550625281,-17.865947689053428,-16.762992637171592,37.07956149397175,1916.3,22.85215641093658,1962.004312821873,1870.5956871781268,281735.0
LICN,2018-02-22,1855.0,1890.0,1855.0,1875.0,-0.32 %,1182.0,2213140.0,-0.0005330490405117683,-0.000533191161658835,1896.8,1912.85,1903.2964660506777,1922.5066905082826,40.563927029972774,-19.21022445760491,-17.252439001258256,36.931021387259484,1912.85,23.644905983016482,1960.1398119660328,1865.560188033967,280553.0
LICN,2018-02-25,1861.0,1862.0,1850.0,1850.0,-1.07 %,839.0,1555090.0,-0.013333333333333308,-0.013423020332140661,1880.2,1910.3,1895.0970097351887,1917.135824544706,36.98549763330362,-22.038814809517362,-18.20971416291008,36.078805573883805,1910.3,27.436241878569405,1965.1724837571387,1855.4275162428612,279714.0
LICN,2018-02-26,1850.0,1850.0,1810.0,1810.0,-1.36 %,1104.0,2008220.0,-0.021621621621621623,-0.021858793812499073,1862.2,1904.6,1882.0051620836211,1909.1998375413946,32.105334641809236,-27.194675457773428,-20.00670642188275,36.358890890034964,1904.6,35.18731828968144,1974.9746365793628,1834.225363420637,278610.0
LICN,2018-02-27,1795.0,1876.0,1795.0,1810.0,0.00 %,1045.0,1904180.0,0.0,0.0,1844.2,1899.1,1870.927444839987,1901.8517014272172,32.10533464169518,-30.924256587230275,-22.190216454952257,39.54754154074675,1899.1,40.80234771365065,1980.7046954273012,1817.4953045726986,278610.0
LICN,2018-02-28,1781.0,1805.0,1774.0,1780.0,-1.66 %,501.0,892274.0,-0.016574585635359074,-0.016713480973740556,1825.0,1892.6,1856.9386071722965,1892.8256494696457,28.799928017254928,-35.887042297349126,-24.92958162343163,39.2941457164077,1892.6,48.586764496195805,1989.7735289923914,1795.4264710076084,278109.0
LICN,2018-03-04,1745.0,1760.0,1700.0,1700.0,-4.49 %,4969.0,8599740.0,-0.0449438202247191,-0.04598511324182338,1790.0,1881.4,1832.7942060688665,1878.5422680274496,22.227898413695826,-45.748061958583094,-29.093277690461925,42.20170673666429,1881.4,64.25803246941462,2009.9160649388293,1752.8839350611709,273140.0
LICN,2018-03-06,1690.0,1725.0,1666.0,1724.0,1.41 %,3712.0,6262260.0,0.014117647058823568,0.014018921179330996,1764.8,1871.35,1816.0566359044255,1867.0946926180088,27.567942800716608,-51.03805671358327,-33.4822334950862,43.40158482690256,1871.35,72.29564666225761,2015.941293324515,1726.7587066754847,276852.0
LICN,2018-03-07,1735.0,1735.0,1700.0,1734.0,0.58 %,1359.0,2333580.0,0.0058004640371229765,0.005783706116848761,1749.6,1859.6,1803.4325380729754,1857.2358264981563,29.732886406254792,-53.80328842518088,-37.54644448110514,42.80147162498095,1859.6,74.64822767310035,2008.8964553462006,1710.3035446537992,278211.0
LICN,2018-03-11,1734.0,1735.0,1683.0,1700.0,-1.96 %,4665.0,7897792.0,-0.019607843137254943,-0.019802627296179754,1727.6,1846.85,1787.5198399079022,1845.5887282390336,26.799884832584667,-58.06888833113135,-41.65093325111039,43.45850936605374,1846.85,79.13830332165156,2005.1266066433031,1688.5733933566967,273546.0
LICN,2018-03-12,1700.0,1708.0,1666.0,1699.0,-0.06 %,1720.0,2900370.0,-0.0005882352941176672,-0.0005884083723754448,1711.4,1836.25,1773.9014029989942,1834.730303925031,26.716409322836498,-60.828900926036795,-45.48652678609567,43.35433012562133,1836.25,84.13390017045958,2004.5178003409192,1667.9821996590808,271826.0
LICN,2018-03-13,1699.0,1701.0,1683.0,1699.0,0.00 %,1285.0,2183100.0,0.0,0.0,1711.2,1826.15,1762.3781102299183,1824.6762073379919,26.716409322746884,-62.298097108073534,-48.84884085049124,41.54330654521981,1826.15,87.98820196031186,2002.1264039206237,1650.1735960793765,271826.0
LICN,2018-03-14,1690.0,1700.0,1681.0,1700.0,0.06 %,1989.0,3376490.0,0.0005885815185402432,0.0005884083723753501,1706.4,1816.9,1752.7814778868537,1815.4409327203628,26.980185907601694,-62.65945483350902,-51.6109636470948,39.93307036341839,1816.9,91.14355363062785,1999.1871072612557,1634.6128927387444,273815.0
LICN,2018-03-15,1715.0,1720.0,1700.0,1700.0,0.00 %,579.0,992043.0,0.0,0.0,1699.6,1805.4,1744.6612505196454,1806.8897525188543,26.980185907497102,-62.2285019992089,-53.734471317517624,38.50927962317422,1805.4,90.63077204847876,1986.6615440969576,1624.1384559030425,273815.0
LICN,2018-03-18,1700.0,1709.0,1692.0,1700.0,0.00 %,3618.0,6129580.0,0.0,0.0,1699.6,1794.5,1737.7902889012385,1798.9719930730132,26.98018590738448,-61.181704171774754,-55.22391788836906,36.97290250723321,1794.5,89.47772436697733,1973.4554487339547,1615.5445512660453,273815.0
LICN,2018-03-19,1700.0,1700.0,1685.0,1698.0,-0.12 %,1239.0,2094940.0,-0.0011764705882353343,-0.001177163173014863,1699.4,1784.4,1731.6687059933556,1791.492586178716,26.739765602859478,-59.823880185360395,-56.143910347767324,35.40340947100226,1784.4,88.33572323809891,1961.071446476198,1607.7285535238022,272576.0
LICN,2018-03-20,1665.0,1665.0,1650.0,1655.0,-2.53 %,359.0,596125.0,-0.02532391048292104,-0.025650079060129307,1690.6,1772.15,1719.8735204559162,1781.3820242395518,22.166324986452608,-61.50850378363566,-57.216829034941,36.303165937359246,1772.15,88.44878089664795,1949.047561793296,1595.2524382067043,272217.0
LICN,2018-03-21,1622.0,1645.0,1614.0,1620.0,-2.48 %,630.0,1021010.0,-0.02114803625377648,-0.021374859584733563,1674.6,1756.5,1704.5083634626983,1769.4278002218073,19.276347454424936,-64.91943675910898,-58.757350579774595,36.638654084690735,1756.5,86.1513356343178,1928.8026712686355,1584.1973287313645,271587.0
LICN,2018-03-22,1582.0,1619.0,1582.0,1595.0,-0.87 %,1316.0,2102420.0,-0.015432098765432056,-0.01555241300748477,1653.6,1741.25,1687.6609229299756,1756.5072224275991,17.519334282928625,-68.84629949762348,-60.77514036334438,36.735893078641396,1741.25,86.40716040015977,1914.0643208003196,1568.4356791996804,270271.0
LICN,2018-03-26,1568.0,1568.0,1475.0,1480.0,-7.50 %,2100.0,3201080.0,-0.07210031347962387,-0.07483164846078424,1609.6,1720.25,1655.7130886330563,1736.0252059514805,12.0695106427698,-80.31211731842427,-64.68253575436036,42.68332928730987,1720.25,96.26929061641255,1912.788581232825,1527.711418767175,268171.0
LICN,2018-03-27,1475.0,1622.0,1396.0,1622.0,9.59 %,2725.0,3999200.0,0.09594594594594597,0.0916178679171975,1594.4,1707.55,1650.5264596125862,1727.578894399519,37.799261355780345,-77.05243478693274,-67.15651556087484,55.777377195359165,1707.55,91.26507085348987,1890.0801417069797,1525.0198582930202,270896.0
LICN,2018-03-28,1590.0,1590.0,1499.0,1503.0,-7.34 %,3872.0,5916750.0,-0.0733662145499383,-0.0761968449223837,1564.0,1688.95,1627.83008121065,1710.9434207402953,29.90253057817624,-83.11333952964537,-70.34788035462894,60.578993109976366,1688.95,93.22834163605113,1875.4066832721023,1502.4933167278978,267024.0
LICN,2018-03-29,1532.0,1533.0,1470.0,1503.0,0.00 %,3214.0,4786290.0,0.0,0.0,1540.6,1671.6,1608.6254533320885,1695.5402043891622,29.90253057811971,-86.91475105707377,-73.66125449511792,60.75192217354949,1671.6,93.9649430708787,1859.5298861417573,1483.6701138582425,267024.0
LICN,2018-04-01,1500.0,1500.0,1455.0,1489.0,-0.93 %,1596.0,2342260.0,-0.009314703925482393,-0.009358357068965529,1519.4,1655.55,1590.221537434844,1680.240929989965,29.07379462926596,-90.01939255512093,-76.93288210711852,59.84107058972453,1655.55,96.46241427840528,1848.4748285568105,1462.6251714431894,265428.0
LICN,2018-04-02,1518.0,1503.0,1473.0,1480.0,-0.60 %,1705.0,2524400.0,-0.006044325050369337,-0.0060626659258481985,1519.4,1639.05,1573.2643778294835,1665.408268509227,28.526457098062252,-92.14389067974344,-79.97508382164351,57.70956554760136,1639.05,96.87565279914625,1832.8013055982924,1445.2986944017075,263723.0
LICN,2018-04-03,1470.0,1495.0,1470.0,1480.0,1.01 %,2817.0,4168150.0,0.0,0.0,1491.0,1624.05,1558.9160120095628,1651.6743226937285,28.526457097997977,-92.75831068416574,-82.53172919414796,55.37316800848698,1624.05,97.12795413104168,1818.3059082620832,1429.7940917379167,263723.0
LICN,2018-04-04,1495.0,1591.0,1486.0,1591.0,6.42 %,1868.0,2801420.0,0.07499999999999996,0.07232066157962608,1508.6,1618.6,1563.8520101619376,1647.1799284201188,43.68967512467105,-83.32791825818117,-82.69096700695461,59.34651315073791,1618.6,95.6894098523564,1809.9788197047128,1427.221180295287,265591.0
LICN,2018-04-05,1560.0,1575.0,1529.0,1545.0,-2.89 %,5547.0,8634910.0,-0.028912633563796364,-0.02933883900594104,1517.0,1609.65,1560.951700906255,1639.6110448334432,39.91085168088455,-78.65934392718827,-81.88464239100135,59.53604792568521,1609.65,93.66192002705995,1796.97384005412,1422.3261599458801,260044.0
LICN,2018-04-08,1560.0,1661.0,1550.0,1630.0,5.50 %,3951.0,6291010.0,0.055016181229773364,0.053556104468962085,1545.2,1604.45,1571.5745161514465,1638.8991155865215,48.73450988595437,-67.32459943507502,-78.97263379981608,63.569187359564836,1604.45,89.17426758879189,1782.7985351775837,1426.1014648224163,263995.0
LICN,2018-04-09,1630.0,1655.0,1568.0,1568.0,-3.80 %,2467.0,3957600.0,-0.03803680981595092,-0.038779092890454864,1562.8,1597.85,1571.0245905896854,1633.647329246779,43.69444317649271,-62.62273865709358,-75.70265477127158,65.24281683388163,1597.85,86.57717883330619,1771.0043576666123,1424.6956423333875,261528.0
LICN,2018-04-10,1538.0,1570.0,1537.0,1566.0,-0.38 %,610.0,945250.0,-0.0012755102040816757,-0.0012763243596047896,1580.0,1591.2,1570.2515766528106,1628.6364159692398,43.53802350079896,-58.38483931642918,-72.2390916803031,62.939758488604376,1591.2,83.4503319030803,1758.1006638061606,1424.2993361938395,260918.0
LICN,2018-04-11,1535.0,1575.0,1505.0,1575.0,0.83 %,467.0,711200.0,0.005747126436781658,0.0057306747089850745,1576.8,1585.0,1570.982103321609,1624.6633481196666,44.50085145118036,-53.681244798057605,-68.527522303854,63.444061453704066,1585.0,79.53417008131609,1744.0683401626322,1425.9316598373678,261385.0
LICN,2018-04-12,1575.0,1600.0,1575.0,1590.0,0.95 %,1677.0,2662590.0,0.00952380952380949,0.009478743954543739,1585.8,1579.5,1573.9079335798228,1622.0956927033951,46.149086408358166,-48.18775912357228,-64.45956966779767,60.69805706415378,1579.5,74.82716928466076,1729.1543385693215,1429.8456614306785,263062.0
LICN,2018-04-15,1590.0,1590.0,1570.0,1590.0,0.00 %,925.0,1454295.0,0.0,0.0,1577.8,1574.0,1576.383636106004,1619.7182339846252,46.14908640825977,-43.33459787862125,-60.23457530996239,57.7910529881428,1574.0,69.3458153406572,1712.6916306813143,1435.3083693186857,263062.0
LICN,2018-04-16,1610.0,1662.0,1595.0,1653.0,3.96 %,2668.0,4352420.0,0.039622641509434064,0.038857802606747066,1594.8,1571.65,1588.1707690127726,1622.1835499857639,52.954705650511364,-34.01278097299132,-54.99021644256818,58.80597777470403,1571.65,65.54329625680943,1702.736592513619,1440.5634074863813,265730.0
LICN,2018-04-17,1653.0,1720.0,1657.0,1717.0,3.87 %,7220.0,12226685.0,0.03871748336358127,0.03798676307645126,1625.0,1572.6,1607.9906507031153,1629.2069907275593,58.669138548167616,-21.21634002444398,-48.235441158943345,59.39126507651089,1572.6,67.5771683648249,1707.7543367296498,1437.44566327035,272950.0
LICN,2018-04-18,1690.0,1810.0,1662.0,1775.0,3.38 %,9470.0,16562400.0,0.033779848573092686,0.03322184101204072,1665.0,1578.6,1633.6843967487898,1640.0064728958882,63.04950019115031,-6.322076147098414,-39.85276815657436,65.72046042818869,1578.6,79.5456836633583,1737.6913673267165,1419.5086326732833,282420.0
LICN,2018-04-19,1750.0,1804.0,1740.0,1780.0,0.28 %,3629.0,6436880.0,0.0028169014084507005,0.0028129413766146577,1703.0,1586.6,1656.1944895566683,1650.376363792489,63.409523212819664,5.818125764179285,-30.718589372423637,65.59757039760379,1586.6,91.13055989823518,1768.8611197964703,1404.3388802035295,286049.0
LICN,2018-04-22,1780.0,1825.0,1737.0,1825.0,2.53 %,6971.0,12480638.0,0.02528089887640439,0.024966622730460946,1750.0,1598.1,1682.1645680864115,1663.3114479560084,66.56681619489893,18.853120130403113,-20.80424747185829,67.1977439406321,1598.1,105.60846257956082,1809.3169251591216,1386.8830748408782,293020.0
LICN,2018-04-23,1792.0,1834.0,1745.0,1762.0,-3.45 %,8827.0,15801900.0,-0.034520547945205426,-0.035130459520467006,1771.8,1612.2,1694.4469422269635,1670.621711070378,58.90375153087525,23.82523115658546,-11.878351746169539,68.75504794487266,1612.2,107.81299599427078,1827.8259919885415,1396.5740080114585,284193.0
LICN,2018-04-24,1742.0,1770.0,1734.0,1769.0,0.40 %,9188.0,16113300.0,0.0039727582292850006,0.003964887663660555,1782.2,1619.55,1705.9166434228152,1677.9089917318315,59.4621542752076,28.00765169098372,-3.901151058738887,66.41540166309605,1619.55,113.3831301848905,1846.316260369781,1392.7837396302189,293381.0
LICN,2018-04-25,1740.0,1750.0,1715.0,1750.0,-1.07 %,3615.0,6267150.0,-0.01074053137365738,-0.010798627242225484,1777.2,1631.9,1712.6986982808437,1683.2490664183624,57.19066466919543,29.449631862481283,2.769005525505147,65.52858725858918,1631.9,113.47195340930668,1858.8439068186135,1404.9560931813867,289766.0
LICN,2018-04-26,1735.0,1751.0,1690.0,1696.0,-3.43 %,5824.0,9984010.0,-0.030857142857142805,-0.0313432505657113,1760.4,1641.55,1710.1296677760986,1684.1935800170022,51.20382828657208,25.93608775909638,7.402421972223395,65.20511674011853,1641.55,110.08918633256403,1861.728372665128,1421.3716273348718,283942.0
LICN,2018-04-29,1690.0,1748.0,1690.0,1748.0,3.43 %,1779.0,3023310.0,0.030660377358490587,0.03019973986363241,1745.0,1654.5,1715.9558727336218,1688.9199814972244,55.98234803046041,27.035891236397447,11.329115825058206,64.69046554439578,1654.5,106.37050441980584,1867.2410088396116,1441.7589911603884,285721.0
LICN,2018-05-02,1748.0,1770.0,1720.0,1749.0,0.06 %,2162.0,3767232.0,0.0005720823798627261,0.0005719188031213259,1742.4,1667.95,1721.0395846207568,1693.3703532381705,56.07143946366719,27.669231382586304,14.597138936563827,63.64114657693894,1667.95,99.95813597384696,1867.866271947694,1468.033728052306,287883.0
LICN,2018-05-03,1749.0,1767.0,1743.0,1750.0,0.06 %,1432.0,2512930.0,0.0005717552887363198,0.0005715918989575678,1738.6,1681.45,1725.4950331406405,1697.5651418871948,56.16698164091214,27.929891253445703,17.263689399940205,60.80963610715759,1681.45,91.07629826283487,1863.6025965256697,1499.2974034743304,289315.0
LICN,2018-05-06,1720.0,1730.0,1720.0,1730.0,-1.14 %,142.0,245240.0,-0.011428571428571455,-0.011494379425735134,1734.6,1688.4,1726.1881049651574,1699.9677239696248,53.653581923308316,26.22038099553265,19.055027719058693,58.60894781378919,1688.4,89.09273701863361,1866.5854740372674,1510.2145259627328,289173.0
LICN,2018-05-07,1725.0,1725.0,1704.0,1704.0,-1.50 %,270.0,462690.0,-0.015028901734104094,-0.015142980102563638,1736.2,1696.35,1722.7745503551332,1700.2664110829858,50.49044693035439,22.508139272147446,19.745650029676444,56.279737255661395,1696.35,82.4712230512965,1861.292446102593,1531.4075538974068,288903.0
LICN,2018-05-08,1685.0,1752.0,1685.0,1752.0,2.82 %,2009.0,3427710.0,0.028169014084507005,0.02777956410707567,1737.0,1702.45,1727.2707733774205,1704.0985287805424,55.68472320023398,23.172244596878045,20.430968943116767,57.04547030882844,1702.45,81.81460106464003,1866.07920212928,1538.82079787072,290912.0
LICN,2018-05-09,1752.0,1769.0,1735.0,1735.0,-0.97 %,175.0,305625.0,-0.009703196347031984,-0.009750579115377203,1734.2,1710.8,1728.4598851655096,1706.3875266486505,53.542204340283625,22.07235851685914,20.759246857865243,55.399365286769275,1710.8,75.6610168692043,1862.1220337384086,1559.4779662615913,290737.0
LICN,2018-05-10,1735.0,1735.0,1721.0,1735.0,0.00 %,783.0,1355930.0,0.0,0.0,1731.2,1719.25,1729.466056678508,1708.5069691191209,53.54220434015312,20.95908755938717,20.79921499816963,52.44226776628576,1719.25,67.65148693272283,1854.5529738654457,1583.9470261345543,290737.0
LICN,2018-05-14,1750.0,1765.0,1742.0,1745.0,0.58 %,1219.0,2137200.0,0.0057636887608070175,0.005747142255568071,1734.2,1727.75,1731.8558941125839,1711.2101565917787,54.73047392655506,20.64573752080514,20.768519502696734,50.8392486401225,1727.75,58.65499036514043,1845.0599807302808,1610.4400192697192,291956.0
LICN,2018-05-15,1745.0,1750.0,1745.0,1745.0,0.00 %,188.0,328560.0,0.0,0.0,1742.4,1735.5,1733.8780642491092,1713.7131079553506,54.7304739264043,20.164956293758678,20.647806860909125,47.56501659439946,1735.5,48.930132788852575,1833.3602655777051,1637.6397344222949,291956.0
LICN,2018-05-16,1745.0,1748.0,1720.0,1720.0,-1.43 %,460.0,801040.0,-0.014326647564469885,-0.014430264829028783,1736.0,1742.0,1731.742977441554,1714.1788036623616,50.95191443659652,17.564173779192515,20.031080244565803,46.16751540908521,1742.0,35.32853327207093,1812.6570665441418,1671.3429334558582,291496.0
LICN,2018-05-17,1716.0,1750.0,1716.0,1750.0,1.74 %,701.0,1212290.0,0.01744186046511631,0.017291497110061043,1739.0,1746.85,1734.5517501428535,1716.8322256132976,54.96953923079395,17.719524529555883,19.56876910156382,45.29840716557913,1746.85,28.457308745743653,1803.7646174914871,1689.9353825085127,292197.0
LICN,2018-05-20,1784.0,1785.0,1730.0,1730.0,-1.14 %,892.0,1568950.0,-0.011428571428571455,-0.011494379425735134,1738.0,1747.5,1733.8514808901068,1717.8076163086089,51.91640863556402,16.043864581497928,18.863788197550644,45.99137808232348,1747.5,27.8822712961037,1803.2645425922074,1691.7354574077926,291305.0
LICN,2018-05-21,1730.0,1730.0,1705.0,1705.0,-1.45 %,522.0,900270.0,-0.014450867052023142,-0.014556297774207487,1730.0,1744.0,1729.412791522398,1716.8589039894528,48.3047412981086,12.553887532945282,17.601808064629573,44.49199393358609,1744.0,28.63196594162103,1801.263931883242,1686.736068116758,290783.0
LICN,2018-05-22,1735.0,1735.0,1712.0,1723.0,0.41 %,1095.0,1886200.0,0.010557184750733084,0.010501846810312404,1725.6,1741.15,1728.4262082112598,1717.313799990234,50.95052676680639,11.112408221025817,16.303928095908823,43.456851509758515,1741.15,27.68103093604238,1796.5120618720848,1685.7879381279154,291878.0
LICN,2018-05-23,1746.0,1746.0,1735.0,1735.0,1.99 %,210.0,364460.0,0.006964596633778353,0.006940455853030004,1728.6,1736.65,1729.4375607941429,1718.6238888798462,52.68896701679941,10.81367191429672,15.205876859586404,41.99564783049006,1736.65,19.413166991232654,1775.4763339824653,1697.8236660175348,292088.0
LICN,2018-05-24,1746.0,1760.0,1725.0,1740.0,-0.34 %,640.0,1110980.0,0.0028818443804035088,0.0028776998276151956,1726.6,1735.55,1731.0625514411977,1720.207304518376,53.4296097058568,10.855246922821607,14.335750872233445,41.49595869974077,1735.55,18.50312918053554,1772.556258361071,1698.5437416389289,292728.0
LICN,2018-05-27,1750.0,1750.0,1716.0,1720.0,-1.15 %,472.0,818562.0,-0.011494252873563204,-0.011560822401075971,1724.6,1733.1,1729.3606204502444,1720.191948628126,50.05416348990887,9.168671822118313,13.30233506221042,40.96053307833072,1733.1,17.025986330436385,1767.1519726608726,1699.0480273391272,292256.0
LICN,2018-05-28,1720.0,1773.0,1700.0,1773.0,3.08 %,1682.0,2952021.0,0.030813953488372015,0.030348736266709087,1738.2,1734.25,1736.0743711502066,1724.1036561371536,57.68354043897713,11.970715013052995,13.036011052378935,43.249066429878525,1734.25,18.901058171380136,1772.0521163427602,1696.4478836572398,293938.0
LICN,2018-05-29,1789.0,1789.0,1755.0,1755.0,-1.02 %,1893.0,3334910.0,-0.010152284263959421,-0.010204170174241736,1744.6,1737.2,1738.9860063578672,1726.3922742010682,54.631340645001394,12.593732156798978,12.947555273262944,42.58841882774435,1737.2,17.13905972972151,1771.478119459443,1702.9218805405571,292045.0
LICN,2018-05-30,1790.0,1795.0,1770.0,1771.0,0.91 %,1985.0,3535570.0,0.00911680911680901,0.00907550188286725,1751.8,1738.35,1743.9112361489647,1729.6965501861744,56.81855037447999,14.214685962790327,13.20098141116842,42.40353176861975,1738.35,18.610339514367272,1775.5706790287345,1701.1293209712653,294030.0
LICN,2018-05-31,1760.0,1760.0,1750.0,1751.0,-1.19 %,885.0,1549620.0,-0.011293054771315592,-0.01135730549698164,1754.0,1738.45,1745.0018152029702,1731.274583505717,53.355877638790524,13.727231697253274,13.306231468385393,40.874708070861196,1738.45,18.675835780579625,1775.8016715611593,1701.0983284388408,293145.0
LICN,2018-06-03,1715.0,1734.0,1681.0,1690.0,-3.43 %,2226.0,3795060.0,-0.03483723586521992,-0.03545852436873274,1748.0,1735.45,1736.5399974794364,1728.2172069497378,44.45681666165752,8.322790529698523,12.30954328064802,42.955086065799684,1735.45,21.350397506419213,1778.1507950128384,1692.7492049871616,290919.0
LICN,2018-06-04,1700.0,1700.0,1640.0,1683.0,-0.41 %,2234.0,3721580.0,-0.004142011834319503,-0.004150613726313126,1730.0,1733.1,1728.3030747902922,1724.8677842127204,43.55898978449734,3.4352905775717772,10.534692740032773,44.17257991824256,1733.1,24.356777939145356,1781.8135558782906,1684.3864441217092,288685.0
LICN,2018-06-06,1715.0,1715.0,1710.0,1710.0,1.60 %,490.0,839108.0,0.016042780748663166,0.015915455305899582,1721.0,1733.4,1725.4872171302472,1723.76646686363,47.92731180761218,1.7207502666171877,8.771904245349656,43.30310992408238,1733.4,24.014030986246738,1781.4280619724937,1685.3719380275065,289175.0
LICN,2018-06-07,1695.0,1699.0,1678.0,1678.0,-1.87 %,3776.0,6344070.0,-0.018713450292397682,-0.01889076246955406,1702.4,1729.7,1718.1814914179015,1720.3763582070649,43.61846419287942,-2.1948667891633704,6.578550038447051,42.495744929505065,1729.7,26.562934206937445,1782.825868413875,1676.574131586125,285399.0
LICN,2018-06-10,1650.0,1650.0,1600.0,1632.0,-2.74 %,1635.0,2650520.0,-0.0274135876042908,-0.027796351503099146,1678.6,1724.55,1704.922800430532,1713.8299613028378,38.289419273694655,-8.907160872305667,3.4814078562965074,45.03176314882613,1724.55,34.33039929548344,1793.2107985909668,1655.8892014090331,283764.0
LICN,2018-06-11,1640.0,1655.0,1622.0,1655.0,1.41 %,606.0,993286.0,0.014093137254902022,0.013994752287111016,1671.6,1720.55,1697.2423695950656,1709.4721863915165,42.09852745809358,-12.229816796450905,0.3391629257470252,44.172351495338546,1720.55,37.557639912370874,1795.6652798247417,1645.4347201752582,284370.0
LICN,2018-06-13,1680.0,1680.0,1640.0,1665.0,0.60 %,397.0,663130.0,0.0060422960725075026,0.006024114603380876,1668.0,1716.55,1692.2820050419787,1706.1779503625153,43.724961014234744,-13.895945320536612,-2.5078587235097025,43.87432638852865,1716.55,39.04717120285658,1794.6443424057131,1638.4556575942868,284767.0
LICN,2018-06-14,1670.0,1689.0,1670.0,1689.0,1.44 %,50.0,83747.0,0.01441441441441449,0.014311514393255946,1663.8,1713.75,1691.7770811893665,1704.9055095949216,47.534042352779075,-13.128428405555042,-4.6319726599187705,42.45473164649089,1713.75,38.90727844230803,1791.564556884616,1635.935443115384,284817.0
LICN,2018-06-18,1665.0,1665.0,1640.0,1642.0,-2.78 %,267.0,440204.0,-0.027827116637063387,-0.02822162679542658,1656.6,1709.85,1684.1190686986947,1700.24584221752,41.59619119050297,-16.126773518825303,-6.930932831700077,42.922250814598684,1709.85,42.03166099874699,1793.913321997494,1625.7866780025058,284550.0
LICN,2018-06-19,1611.0,1611.0,1610.0,1610.0,-1.95 %,249.0,401020.0,-0.01948842874543244,-0.019680832033864892,1652.2,1702.85,1672.7161350527415,1693.5609650162223,38.105959452755215,-20.844829963480834,-9.71371225805623,42.14209004212735,1702.85,46.42172245605766,1795.6934449121152,1610.0065550878846,284301.0
LICN,2018-06-20,1600.0,1610.0,1600.0,1610.0,0.00 %,200.0,320600.0,0.0,0.0,1643.2,1696.85,1663.0674988907813,1687.3712639039097,38.10595945264761,-24.30376501312844,-12.631722809070673,39.84622646768968,1696.85,50.319270139442345,1797.4885402788846,1596.2114597211153,284301.0
LICN,2018-06-21,1610.0,1615.0,1600.0,1608.0,-0.12 %,592.0,949470.0,-0.001242236024844745,-0.0012430082395970253,1631.8,1692.0,1654.5955759845074,1681.4919110221385,37.87559812026637,-26.89633503763116,-15.484645254782771,38.07149600571185,1692.0,54.03020597677258,1800.060411953545,1583.939588046455,283709.0
LICN,2018-06-24,1640.0,1640.0,1608.0,1609.0,0.06 %,145.0,233980.0,0.0006218905472636926,0.0006216972534715411,1615.8,1686.3,1647.580871986891,1676.1221398353134,38.07716640006237,-28.54126784842242,-18.095969773510703,37.63781771958958,1686.3,56.54257827418599,1799.385156548372,1573.214843451628,283854.0
LICN,2018-06-25,1605.0,1605.0,1600.0,1600.0,-0.56 %,230.0,368350.0,-0.005593536357986317,-0.005609238764510594,1607.4,1679.55,1640.2607378350617,1670.4834628104754,36.91624016705267,-30.222724975413712,-20.521320813891304,35.59225931104747,1679.55,58.44878549904588,1796.4475709980918,1562.652429001908,283624.0
LICN,2018-06-26,1582.0,1582.0,1568.0,1568.0,-2.00 %,780.0,1230360.0,-0.020000000000000018,-0.020202707317519466,1599.0,1670.95,1629.1437012450522,1662.8920951948846,33.05704944047315,-33.74839394983246,-23.166735441079535,35.335669360258365,1670.95,61.65222922505484,1794.2544584501097,1547.6455415498904,282844.0
LICN,2018-06-27,1538.0,1581.0,1538.0,1555.0,-0.83 %,919.0,1426820.0,-0.008290816326530615,-0.008325376297018652,1588.0,1662.7,1617.7369779765827,1654.9000881434117,31.611280388219086,-37.16311016682903,-25.966010386229435,35.88312154881134,1662.7,65.65307544804809,1794.0061508960962,1531.393849103904,281925.0
LICN,2018-06-28,1550.0,1560.0,1541.0,1541.0,-0.90 %,794.0,1230970.0,-0.009003215434083556,-0.009043989293218712,1574.6,1651.1,1605.9312890571084,1646.463044577233,30.085267903571605,-40.531755520124534,-28.87915941300846,34.677184295324814,1651.1,65.63447425342794,1782.3689485068558,1519.831051493144,281131.0
LICN,2018-07-01,1580.0,1606.0,1580.0,1606.0,1.97 %,1235.0,1959650.0,0.042180402336145395,0.041315059186591264,1574.0,1643.65,1605.9418599713995,1643.4657820159566,43.679445165214815,-37.52392204455714,-30.6081119393182,36.84309970280161,1643.65,61.549530760515616,1766.7490615210313,1520.5509384789689,282366.0
LICN,2018-07-02,1503.0,1545.0,1495.0,1545.0,1.31 %,937.0,1424610.0,-0.037982565379825695,-0.03872270517486119,1563.0,1632.35,1596.5661892065687,1636.1720203851448,36.50569823342796,-39.60583117857618,-32.4076557871698,42.1400211526015,1632.35,57.5548022597195,1747.459604519439,1517.240395480561,281429.0
LICN,2018-07-03,1515.0,1520.0,1491.0,1491.0,-3.50 %,491.0,743699.0,-0.03495145631067964,-0.035576874567107446,1547.6,1619.35,1580.3252370209427,1625.4185373936525,31.56367178037513,-45.09330037270979,-34.9447847042778,42.98716249884425,1619.35,58.69661067949866,1736.7432213589973,1501.9567786410025,280938.0
LICN,2018-07-04,1500.0,1525.0,1500.0,1525.0,2.28 %,346.0,522065.0,0.022803487592220062,0.022547374276773655,1541.6,1611.1,1571.8136620946439,1617.980127216345,37.31754446509232,-46.166465121701094,-37.18912078776246,42.345222320355376,1611.1,59.828614875260065,1730.75722975052,1491.4427702494797,281284.0
LICN,2018-07-05,1501.0,1615.0,1501.0,1615.0,5.90 %,369.0,575894.0,0.05901639344262288,0.057340546615244854,1556.4,1607.7,1578.4577140800834,1617.7593770521712,49.43635952680584,-39.3016629720878,-37.611629224627535,47.463420726044276,1607.7,57.41089205293044,1722.521784105861,1492.8782158941392,281653.0
LICN,2018-07-08,1615.0,1615.0,1585.0,1585.0,-1.86 %,542.0,867655.0,-0.018575851393188847,-0.018750549345375917,1552.2,1601.45,1579.4642196062243,1615.3327565297882,46.22800234253762,-35.86853692356385,-37.2630107644148,46.21603353132683,1601.45,52.26095956576251,1705.971919131525,1496.928080868475,281111.0
LICN,2018-07-09,1554.0,1567.0,1540.0,1540.0,-2.84 %,1110.0,1725970.0,-0.028391167192429068,-0.028801990903706193,1551.2,1594.55,1573.3928012052668,1609.7525523423965,41.84149038053418,-36.359751137129706,-37.08235883895778,46.12917399337491,1594.55,50.709155199530116,1695.96831039906,1493.1316896009398,280001.0
LICN,2018-07-10,1555.0,1555.0,1531.0,1531.0,-0.58 %,564.0,869401.0,-0.005844155844155874,-0.005861299749991118,1559.2,1589.5,1566.8708317890719,1603.9190299466634,41.00347964189256,-37.048198157591514,-37.07552670268453,44.54851870813385,1589.5,51.80073155343533,1693.1014631068706,1485.8985368931294,279437.0
LICN,2018-07-11,1558.0,1580.0,1542.0,1542.0,0.72 %,395.0,612625.0,0.007184846505551956,0.007159158465591074,1562.6,1583.85,1563.0445499753685,1599.3324351357994,42.51879546318925,-36.28788516043096,-36.91799839423382,44.86648165755286,1583.85,50.42480070672723,1684.6996014134543,1483.0003985865455,279832.0
LICN,2018-07-12,1565.0,1565.0,1535.0,1536.0,-0.39 %,498.0,769096.0,-0.0038910505836575737,-0.003898640415657309,1546.8,1577.4,1558.883849979158,1594.6411436442588,41.88682403905471,-35.75729366510086,-36.685857448407226,43.804590110584805,1577.4,47.673671427379816,1672.7473428547596,1482.0526571452406,279334.0
LICN,2018-07-15,1530.0,1545.0,1500.0,1530.0,-0.39 %,529.0,800150.0,-0.00390625,-0.003913899321136329,1535.8,1569.45,1554.4401807515953,1589.852910781721,41.22691809180588,-35.41273003012566,-36.431231964750914,43.88997653125732,1569.45,40.85336422399479,1651.1567284479897,1487.7432715520104,278805.0
LICN,2018-07-16,1560.0,1622.0,1560.0,1622.0,6.01 %,509.0,810205.0,0.060130718954248374,0.05839222028887709,1552.2,1568.45,1564.8339990975037,1592.2341766497416,53.36029447801816,-27.400177552237892,-34.62502108224831,47.32640677902465,1568.45,39.195159475541246,1646.8403189510825,1490.0596810489176,279314.0
LICN,2018-07-17,1653.0,1653.0,1600.0,1600.0,-1.36 %,373.0,599795.0,-0.013563501849568449,-0.01365632644748564,1566.0,1567.95,1570.244153082503,1592.8094228238347,50.66662256782315,-22.565269741331576,-32.21307081406496,47.731663437665745,1567.95,38.6978511574977,1645.3457023149954,1490.5542976850047,278941.0
LICN,2018-07-18,1600.0,1601.0,1600.0,1600.0,0.00 %,650.0,1040200.0,0.0,0.0,1577.6,1567.45,1574.821975685195,1593.3420581702173,50.66662256769795,-18.520082485022385,-29.47447314825645,44.39368747783248,1567.45,38.187177511739556,1643.8243550234793,1491.0756449765208,278941.0
LICN,2018-07-19,1576.0,1600.0,1576.0,1591.0,-0.56 %,369.0,587647.0,-0.005624999999999991,-0.005640879890085729,1588.6,1566.6,1577.3109025028573,1593.168572379831,49.48151262290984,-15.85766987697366,-26.75111249399989,42.936995515130164,1566.6,37.41854310924421,1641.4370862184883,1491.7629137815115,278572.0
LICN,2018-07-22,1572.0,1572.0,1572.0,1572.0,-1.19 %,312.0,490464.0,-0.011942174732872401,-0.012014055348635007,1597.0,1564.75,1576.4938405793407,1591.6005299813248,46.98304556542766,-15.106689401984113,-24.42222787559674,41.22721012119229,1564.75,36.10346972678802,1636.956939453576,1492.543060546424,278260.0
LICN,2018-07-23,1573.0,1581.0,1573.0,1581.0,0.57 %,144.0,227532.0,0.005725190839694694,0.005708864220320201,1588.8,1563.8,1577.1870958748268,1590.8153055382636,48.31434060365914,-13.628209663436792,-22.263424233164752,38.925266541107135,1563.8,35.369627172379076,1634.539254344758,1493.0607456552418,278404.0
LICN,2018-07-24,1580.0,1580.0,1550.0,1555.0,-1.96 %,100.0,156050.0,-0.0164452877925364,-0.01658201259613754,1579.8,1563.15,1573.773696509469,1588.1623199428368,44.813413370316226,-14.388623433367911,-20.688464073205388,38.3591760738852,1563.15,35.407812102586085,1633.9656242051722,1492.334375794828,278304.0
LICN,2018-07-25,1550.0,1555.0,1550.0,1555.0,0.32 %,81.0,125600.0,0.0,0.0,1570.8,1563.15,1570.8854355080123,1585.705851798923,44.81341337018173,-14.82041629091077,-19.514854516746464,35.9763777828934,1563.15,35.407812102586085,1633.9656242051722,1492.334375794828,278304.0
LICN,2018-07-26,1552.0,1555.0,1552.0,1555.0,0.00 %,257.0,399314.0,0.0,0.0,1563.6,1563.85,1568.4415223529336,1583.431344258262,44.813413370036876,-14.989821905328427,-18.609847994462857,33.620922226972446,1563.85,35.083771927044644,1634.0175438540891,1493.6824561459107,278304.0
LICN,2018-07-29,1570.0,1605.0,1570.0,1590.0,2.25 %,700.0,1116310.0,0.022508038585209,0.022258470600942697,1567.2,1563.05,1571.7582112217128,1583.9179113502428,50.80665919022742,-12.159700128529948,-17.319818421276278,34.79085635361727,1563.05,34.24443865716991,1631.5388773143397,1494.5611226856602,279004.0
LICN,2018-07-30,1591.0,1592.0,1590.0,1592.0,0.00 %,260.0,413600.0,0.0012578616352201255,0.0012570711900511137,1569.4,1565.4,1574.8723325722185,1584.5165845835581,51.13323856279749,-9.644252011339631,-15.784705139288949,32.4486523283589,1565.4,34.55186795159822,1634.5037359031965,1496.2962640968037,279264.0
LICN,2018-07-31,1565.0,1575.0,1565.0,1575.0,-0.94 %,515.0,808466.0,-0.010678391959799027,-0.010735815144594919,1573.4,1569.6,1574.8919737149542,1583.8116523921835,48.203908581840665,-8.919678677229285,-14.411699846877017,32.059462876333264,1569.6,29.812395867587462,1629.224791735175,1509.975208264825,278749.0
LICN,2018-08-01,1580.0,1606.0,1580.0,1606.0,1.97 %,1235.0,1959650.0,0.019682539682539746,0.019491343246973606,1583.6,1573.65,1579.6778239126536,1585.4552336964664,53.44182322898082,-5.7774097838128,-12.684841834264175,31.983786956595175,1573.65,28.92326508462058,1631.4965301692412,1515.803469830759,279984.0
LICN,2018-08-02,1590.0,1601.0,1588.0,1590.0,-1.00 %,6860.0,10906800.0,-0.00996264009962644,-0.010012599292429814,1590.6,1572.4,1581.2658510030146,1585.7918830522838,50.59778204705258,-4.5260320492691335,-11.053079877265167,30.98494503112409,1572.4,27.54976358667246,1627.499527173345,1517.300472826655,273124.0
LICN,2018-08-05,1580.0,1600.0,1580.0,1600.0,0.63 %,423.0,668830.0,0.0062893081761006275,0.006269613013595395,1592.6,1573.15,1584.1480277717817,1586.844336159522,52.30615106605994,-2.6963083877403733,-9.381725579360209,30.200306100329513,1573.15,28.109326041789966,1629.36865208358,1516.9313479164202,273547.0
LICN,2018-08-06,1590.0,1600.0,1590.0,1600.0,0.00 %,332.0,528822.0,0.0,0.0,1594.2,1576.15,1586.5867927299691,1587.8188297773352,52.30615106586515,-1.2320370473660205,-7.751787872961372,28.75742709316312,1576.15,27.581983059073718,1631.3139661181476,1520.9860338818526,273547.0
LICN,2018-08-07,1600.0,1601.0,1590.0,1600.0,0.00 %,1767.0,2826250.0,0.0,0.0,1599.2,1579.6,1588.6503630792047,1588.7211386827178,52.30615106565538,-0.0707756035130842,-6.215585419071714,27.489039443651468,1579.6,25.901432595971826,1631.4028651919436,1527.7971348080562,273547.0
LICN,2018-08-08,1607.0,1610.0,1607.0,1610.0,0.62 %,386.0,621160.0,0.006250000000000089,0.006230549750636163,1600.0,1583.0,1591.9349226054808,1590.2973506321462,54.28079135688067,1.637571973334616,-4.644953940590448,26.239822340533507,1583.0,25.158445270294813,1633.3168905405896,1532.6831094594104,273933.0
LICN,2018-08-09,1640.0,1640.0,1597.0,1600.0,-0.62 %,1901.0,3054460.0,-0.006211180124223614,-0.006230549750636086,1602.0,1586.2,1593.1757037430991,1591.0160654001354,51.96386744262944,2.159638342963717,-3.2840354838796153,27.436977887638257,1586.2,22.827960694531207,1631.8559213890624,1540.5440786109377,272032.0
LICN,2018-08-12,1632.0,1650.0,1570.0,1570.0,-1.87 %,6803.0,10846600.0,-0.018750000000000044,-0.01892800988551891,1596.0,1588.2,1589.6102108595455,1589.4593198149403,45.66636960575241,0.1508910446052596,-2.5970501781826405,31.19147946709267,1588.2,19.091469574752487,1626.382939149505,1550.017060850495,265229.0
LICN,2018-08-13,1566.0,1589.0,1540.0,1580.0,0.64 %,679.0,1055210.0,0.006369426751592355,0.0063492276786587445,1592.0,1586.1,1588.1317168811538,1588.758629458278,47.931559221383985,-0.6269125771241306,-2.2030226579709384,32.46351664801462,1586.1,17.414150325994225,1620.9283006519884,1551.2716993480115,265908.0
LICN,2018-08-14,1585.0,1585.0,1550.0,1566.0,-0.89 %,2669.0,4176500.0,-0.008860759493670933,-0.008900249470264125,1585.2,1584.4,1584.7268373609763,1587.072805053961,45.09693445096779,-2.3459676929846864,-2.231611664973688,32.64469403029929,1584.4,17.64384490850186,1619.6876898170037,1549.1123101829965,263239.0
LICN,2018-08-15,1590.0,1610.0,1580.0,1610.0,2.81 %,691.0,1101900.0,0.02809706257982114,0.027709581427760213,1585.2,1584.9,1588.6150162285182,1588.7711157907047,54.25365123636419,-0.15609956218645493,-1.8165092444162416,33.45578731384934,1584.9,18.24078714822492,1621.38157429645,1548.4184257035502,263930.0
LICN,2018-08-16,1625.0,1625.0,1596.0,1609.0,-0.06 %,201.0,321996.0,-0.0006211180124223725,-0.0006213109861254828,1587.0,1585.8,1591.751167577977,1590.26955165806,54.03308706047431,1.481615919916976,-1.156884211549598,33.13751679143153,1585.8,18.986421740909808,1623.7728434818196,1547.8271565181803,263729.0
LICN,2018-08-19,1590.0,1600.0,1581.0,1600.0,-0.56 %,752.0,1194440.0,-0.005593536357986317,-0.005609238764510594,1593.0,1587.2,1593.0202187198267,1590.9903256093148,51.984714906467495,2.029893110511921,-0.5195287471372942,32.77055130632928,1587.2,18.947573098240607,1625.0951461964812,1549.3048538035189,262977.0
LICN,2018-08-20,1570.0,1589.0,1568.0,1584.0,-1.00 %,730.0,1145850.0,-0.010000000000000009,-0.01005033585350145,1593.8,1587.35,1591.6324927629303,1590.4725237123284,48.46702462795541,1.1599690506018305,-0.18362918758946928,32.71551192730576,1587.35,18.90773999123982,1625.1654799824796,1549.5345200175202,262247.0
LICN,2018-08-21,1570.0,1590.0,1570.0,1590.0,0.38 %,115.0,181086.0,0.0037878787878788955,0.0037807228399061523,1598.6,1589.1,1591.381340030172,1590.4375219558597,49.8378250870131,0.9438180743122757,0.04186026479087973,31.80726107535535,1589.1,17.30804498058689,1623.7160899611738,1554.483910038826,262362.0
LICN,2018-08-22,1585.0,1585.0,1579.0,1579.0,-0.69 %,210.0,332330.0,-0.00691823899371069,-0.006942280958635118,1592.4,1590.3,1589.4765184870685,1589.5902981072775,47.35100513204444,-0.11377962020901577,0.01073228779090063,30.321028141401396,1590.3,15.5634524649568,1621.4269049299135,1559.1730950700864,262152.0
LICN,2018-08-23,1560.0,1568.0,1560.0,1561.0,-1.14 %,514.0,802935.0,-0.011399620012666256,-0.011465093740210038,1582.8,1590.6,1585.095515642904,1587.472498247479,43.523841869555234,-2.376982604575005,-0.46681069068228054,29.51238327415844,1590.6,14.89047735255206,1620.380954705104,1560.819045294896,261638.0
LICN,2018-08-26,1555.0,1564.0,1555.0,1564.0,0.19 %,110.0,171140.0,0.0019218449711724261,0.0019200005898244268,1575.6,1589.3,1581.850051697842,1585.7337946735915,44.33143248879978,-3.8837429757495556,-1.1501971476957356,28.047213040289982,1589.3,16.036471589786217,1621.3729431795723,1557.2270568204276,261748.0
LICN,2018-08-28,1590.0,1590.0,1551.0,1568.0,0.26 %,282.0,440050.0,0.002557544757033181,0.0025542798050967007,1572.4,1588.1,1579.7192745135587,1584.4201802533255,45.45147005994315,-4.7009057397667675,-1.860338866109942,28.829554965983554,1588.1,16.707703864338715,1621.5154077286772,1554.6845922713226,262030.0
LICN,2018-08-29,1555.0,1560.0,1548.0,1548.0,-1.27 %,3347.0,5186250.0,-0.012755102040816313,-0.012837146760680719,1564.0,1586.75,1574.8393861268573,1581.7223891234496,41.00870555094502,-6.883002996592268,-2.8648716922064072,28.1988724684133,1586.75,18.783741569927027,1624.317483139854,1549.182516860146,258683.0
LICN,2018-08-30,1550.0,1560.0,1550.0,1555.0,0.45 %,267.0,415185.0,0.004521963824289488,0.004511770463662165,1559.2,1584.2,1571.7871728765717,1579.742952892083,43.104906450210635,-7.955780015511209,-3.8830533568673675,27.041810149240924,1584.2,19.481705318134807,1623.1634106362696,1545.2365893637304,258950.0
LICN,2018-09-02,1555.0,1585.0,1555.0,1580.0,1.61 %,503.0,792171.0,0.016077170418006492,0.01594930140767804,1563.0,1583.7,1573.0506847417146,1579.7619934185952,49.945790591843306,-6.7113086768806625,-4.448704420870026,27.253109424295143,1583.7,19.453317941799707,1622.6066358835994,1544.7933641164007,259453.0
LICN,2018-09-03,1606.0,1606.0,1575.0,1590.0,0.63 %,698.0,1108580.0,0.006329113924050667,0.006309169193264756,1568.2,1583.2,1575.6582717045276,1580.520364276477,52.410648457903996,-4.862092571949461,-4.531382051085913,27.52074446541692,1583.2,19.13827798439304,1621.4765559687862,1544.9234440312139,260151.0
LICN,2018-09-04,1570.0,1600.0,1540.0,1600.0,0.63 %,812.0,1268710.0,0.0062893081761006275,0.006269613013595395,1574.6,1583.2,1579.4031529807542,1581.9633002559972,54.80729660393331,-2.5601472752430254,-4.137135095917335,29.840691289315714,1583.2,19.13827798439304,1621.4765559687862,1544.9234440312139,260963.0
LICN,2018-09-05,1617.0,1620.0,1590.0,1619.0,1.19 %,844.0,1362260.0,0.01187500000000008,0.011805045449762604,1588.8,1584.15,1585.4949755990997,1584.7067594962937,59.02919056289548,0.7882161028060182,-3.1520648561726645,29.85207048293602,1584.15,20.443181851363182,1625.0363637027265,1543.2636362972737,261807.0
LICN,2018-09-06,1630.0,1630.0,1582.0,1599.0,-1.24 %,630.0,1004120.0,-0.012353304508956109,-0.012430240843680862,1597.6,1583.6,1587.5726716607767,1585.7655180521238,53.37655933515398,1.807153608652925,-2.160221163207547,31.148351162726303,1583.6,19.850493829135225,1623.3009876582703,1543.8990123417295,261177.0
LICN,2018-09-09,1600.0,1600.0,1575.0,1600.0,0.06 %,1210.0,1929350.0,0.0006253908692932519,0.000625195393918318,1601.6,1583.6,1589.4845683283495,1586.8199241223367,53.61573072750887,2.664644206012781,-1.1952480893634814,30.709183222531568,1583.6,19.850493829135225,1623.3009876582703,1543.8990123417295,262387.0
LICN,2018-09-11,1615.0,1615.0,1585.0,1614.0,0.87 %,1766.0,2830450.0,0.008750000000000036,0.008711940602021536,1606.4,1585.8,1593.2561732009112,1588.8332630762375,56.945656856242096,4.422910124673763,-0.07161644655603261,30.658527278065026,1585.8,20.68459889812535,1627.1691977962507,1544.4308022037492,264153.0
LICN,2018-09-12,1595.0,1610.0,1590.0,1610.0,-0.25 %,594.0,945790.0,-0.0024783147459727095,-0.002481390851385398,1608.4,1587.3,1595.832146554617,1590.4011695150348,55.714956531543514,5.430977039582331,1.02890225067164,30.182918186774668,1587.3,21.319869654916904,1629.9397393098338,1544.660260690166,263559.0
LICN,2018-09-13,1600.0,1615.0,1597.0,1615.0,0.31 %,1224.0,1963110.0,0.0031055900621117516,0.0031007776782481854,1607.6,1589.75,1598.7810470846762,1592.2233051065136,56.96691209712965,6.5577419781625395,2.1346701961698202,29.31270974486219,1589.75,21.557450781757876,1632.8649015635158,1546.6350984364842,264783.0
LICN,2018-09-16,1640.0,1640.0,1605.0,1605.0,-0.62 %,1070.0,1720980.0,-0.006191950464396245,-0.006211200092640636,1608.8,1589.5,1599.737809071649,1593.1697269504757,53.69728057956108,6.568082121173347,3.0213525811705257,29.71894476308632,1589.5,21.338129943157412,1632.1762598863147,1546.8237401136853,263713.0
LICN,2018-09-17,1605.0,1630.0,1595.0,1630.0,1.56 %,986.0,1581770.0,0.015576323987538832,0.015456258236691672,1614.8,1590.55,1604.3935307529337,1595.8978953245144,59.89459746893927,8.495635428419291,4.116209150620279,30.096162994294442,1590.55,22.813834676111934,1636.1776693522238,1544.922330647776,264699.0
LICN,2018-09-18,1601.0,1620.0,1601.0,1620.0,-0.61 %,1165.0,1869350.0,-0.006134969325153339,-0.0061538655743782235,1616.0,1591.55,1606.7945260217132,1597.6832364115874,56.62958205183286,9.111289610125823,5.115225242521388,30.017865637559126,1591.55,23.67204658391568,1638.8940931678312,1544.2059068321687,263534.0
LICN,2018-09-20,1589.0,1589.0,1589.0,1589.0,-1.91 %,25.0,39725.0,-0.01913580246913582,-0.0193212616897138,1611.8,1591.8,1604.0569066337573,1597.0400337144326,47.910433730656436,7.016872919324669,5.495554777882044,30.08801809201919,1591.8,23.614446960717675,1639.0288939214354,1544.5711060785645,263509.0
LICN,2018-09-23,1595.0,1606.0,1575.0,1606.0,1.07 %,726.0,1150800.0,0.010698552548772833,0.010641727969991022,1610.0,1592.6,1604.3558440747177,1597.703734920771,52.25210419814844,6.65210915394664,5.726865653094964,30.153159656874966,1592.6,23.82038048212457,1640.2407609642491,1544.9592390357507,264235.0
LICN,2018-09-25,1600.0,1600.0,1590.0,1590.0,-1.00 %,515.0,820580.0,-0.00996264009962644,-0.010012599292429814,1607.0,1593.15,1602.1472526786074,1597.1330878896028,48.18164432098247,5.014164789004553,5.584325480276883,29.142219681383896,1593.15,23.615951344210746,1640.3819026884216,1545.9180973115785,263720.0
LICN,2018-09-26,1605.0,1605.0,1600.0,1600.0,0.63 %,658.0,1054100.0,0.0062893081761006275,0.006269613013595395,1601.0,1595.1,1601.8169061126678,1597.3454517496323,50.763271832446804,4.471454363035491,5.3617512568286045,28.13206113271362,1595.1,22.400422928280083,1639.9008458565602,1550.2991541434396,264378.0
LICN,2018-09-27,1581.0,1585.0,1570.0,1577.0,-1.44 %,395.0,623607.0,-0.014375000000000027,-0.01447932126483425,1592.4,1595.75,1597.9989205568727,1595.8383812496595,45.187090922002895,2.1605393072131847,4.721508866905521,28.26548533751979,1595.75,21.625703517550008,1639.0014070351,1552.4985929649,263983.0
LICN,2018-09-30,1566.0,1567.0,1566.0,1567.0,-0.63 %,49.0,76764.0,-0.006341154090044432,-0.0063613446070176,1588.0,1595.7,1593.2298558558155,1593.702204860796,42.97666091913432,-0.472349004980515,3.682737292528314,27.032236384839806,1595.7,21.694287387710002,1639.08857477542,1552.31142522458,263934.0
LICN,2018-10-01,1572.0,1572.0,1567.0,1567.0,0.00 %,341.0,535589.0,0.0,0.0,1580.2,1596.65,1589.1944934164592,1591.7242637599963,42.97666091890791,-2.529770343537166,2.4402357653152182,25.458505214494107,1596.65,19.83159361374054,1636.3131872274812,1556.986812772519,263934.0
LICN,2018-10-02,1565.0,1565.0,1555.0,1555.0,-0.77 %,298.0,465100.0,-0.00765794511805995,-0.007687417742686282,1573.2,1596.65,1583.9338021216192,1589.0039479259226,40.2373438663117,-5.070145804303365,0.9381594513915017,24.497183413458814,1596.65,19.83159361374054,1636.3131872274812,1556.986812772519,263636.0
LICN,2018-10-03,1540.0,1550.0,1540.0,1545.0,-0.64 %,429.0,662945.0,-0.006430868167202619,-0.006451635281488719,1562.2,1594.9,1577.9439864106007,1585.744396227706,38.060214195424955,-7.800409817105219,-0.8095544023078425,23.81881316964033,1594.9,22.71308456647204,1640.3261691329442,1549.473830867056,263207.0
LICN,2018-10-04,1564.0,1564.0,1551.0,1551.0,0.39 %,267.0,416441.0,0.003883495145631022,0.0038759738446929397,1557.0,1592.95,1573.7987577320469,1583.1707372478759,40.15257415728392,-9.371979515829025,-2.5220394250120792,23.474612228951734,1592.95,24.739644298117785,1642.4292885962357,1543.4707114037644,263474.0
LICN,2018-10-07,1530.0,1536.0,1524.0,1529.0,-1.42 %,521.0,796224.0,-0.014184397163120588,-0.014285957247476541,1549.4,1589.4,1566.9066411578858,1579.1580900443296,35.42697494065601,-12.251448886443768,-4.467921317298417,23.726425641169467,1589.4,28.485268584185345,1646.3705371683707,1532.4294628316295,262953.0
LICN,2018-10-08,1525.0,1550.0,1525.0,1550.0,1.37 %,274.0,418150.0,0.01373446697187708,0.013641003984230038,1546.0,1585.95,1564.3056194412882,1576.9982315225275,42.39607738385902,-12.692612081239304,-6.112859470086596,23.81739523822879,1585.95,28.887212614389806,1643.7244252287796,1528.1755747712205,263227.0
LICN,2018-10-09,1550.0,1550.0,1519.0,1519.0,-2.00 %,455.0,696103.0,-0.020000000000000018,-0.020202707317519466,1538.8,1581.95,1557.3355241426284,1572.7020662245625,36.18726472146265,-15.366542081934085,-7.963595992456094,24.330438435498163,1581.95,32.31990587527834,1646.5898117505567,1517.3101882494434,262772.0
LICN,2018-10-10,1506.0,1520.0,1505.0,1505.0,-0.92 %,282.0,425212.0,-0.009216589861751112,-0.009259325412796712,1530.8,1577.2,1549.2839050437624,1567.6870983560764,33.7811913494273,-18.403193312313988,-10.051515456427673,23.663978547248295,1577.2,36.26742775255566,1649.7348555051115,1504.6651444948886,262490.0
LICN,2018-10-11,1500.0,1525.0,1495.0,1525.0,1.33 %,429.0,644481.0,0.013289036544850585,0.013201511858535981,1525.6,1572.75,1545.5479196524143,1564.5250910704412,39.92623027375707,-18.977171418026956,-11.83664664874753,24.11655150815913,1572.75,36.96780249149246,1646.6856049829848,1498.8143950170152,262919.0
LICN,2018-10-14,1555.0,1544.0,1544.0,1544.0,1.25 %,10.0,15440.0,0.012459016393442601,0.01238204154320946,1528.6,1569.45,1545.3097781674273,1563.0047139541123,45.1351291360135,-17.694935786684937,-13.008304476335013,23.751083543290623,1569.45,36.40918767791697,1642.268375355834,1496.631624644166,262929.0
LICN,2018-10-15,1570.0,1569.0,1569.0,1569.0,1.62 %,10.0,15690.0,0.016191709844559643,0.016062022148311168,1532.4,1567.15,1548.954427680131,1563.4488092167705,51.13854620009178,-14.494381536639594,-13.30551988839593,23.840291861627005,1567.15,34.79757251057801,1636.745145021156,1497.554854978844,262939.0
LICN,2018-10-21,1550.0,1581.0,1550.0,1581.0,0.76 %,264.0,409820.0,0.007648183556405286,0.007619084476439358,1544.8,1565.95,1553.8845157293415,1564.7488974229357,53.75432603668065,-10.864381693594169,-12.817292249435578,24.351699585796506,1565.95,33.823808182955275,1633.5976163659107,1498.3023836340894,263203.0
LICN,2018-10-22,1585.0,1590.0,1560.0,1590.0,0.57 %,587.0,917845.0,0.005692599620493288,0.005676458004805122,1561.8,1563.95,1559.4407440786736,1566.6193494656811,55.671086474937866,-7.178605387007565,-11.689554876949977,24.75514961538247,1563.95,30.89281129115691,1625.735622582314,1502.1643774176862,263790.0
LICN,2018-10-23,1560.0,1574.0,1559.0,1574.0,-1.01 %,1779.0,2780670.0,-0.010062893081761004,-0.01011386623692867,1571.6,1561.65,1561.6806296050315,1567.166064320075,51.578240480307706,-5.485434715043539,-10.44873084456869,25.20121035714087,1561.65,28.084974443125756,1617.8199488862515,1505.4800511137487,262011.0
LICN,2018-10-24,1588.0,1588.0,1588.0,1588.0,0.89 %,10.0,15880.0,0.008894536213468918,0.008855212829732544,1580.4,1561.6,1565.7297635119498,1568.7093188148842,54.7154160520346,-2.9795553029343864,-8.954895736241829,24.40112390305938,1561.6,28.03456513132682,1617.6691302626537,1505.5308697373462,262021.0
LICN,2018-10-25,1580.0,1580.0,1565.0,1576.0,-0.76 %,388.0,608980.0,-0.007556675062972307,-0.007585371389256612,1581.8,1560.1,1567.309799894727,1569.2493692730409,51.62782360772278,-1.9395693783139905,-7.551830464656262,24.301043624269422,1560.1,26.281672621559167,1612.6633452431183,1507.5366547568815,261633.0
LICN,2018-10-28,1570.0,1588.0,1560.0,1588.0,0.76 %,1181.0,1844920.0,0.0076142131979695105,0.007585371389256564,1583.2,1560.0,1570.4929076032306,1570.6383048824453,54.39903093600433,-0.14539727921464873,-6.070543827567939,24.565254793964463,1560.0,26.165465387504714,1612.3309307750094,1507.6690692249906,262814.0
LICN,2018-10-29,1580.0,1580.0,1561.0,1570.0,-1.13 %,1719.0,2698200.0,-0.01133501259445846,-0.011399743464727313,1579.2,1558.5,1570.417075664272,1570.5910230393013,49.791147652443335,-0.17394737502922908,-4.891224537060198,24.739165165824144,1558.5,24.56248744469949,1607.624974889399,1509.375025110601,261095.0
LICN,2018-10-30,1570.0,1575.0,1560.0,1575.0,0.32 %,10913.0,17135800.0,0.0031847133757962887,0.0031796529173798056,1579.4,1558.4,1571.1221409466918,1570.917613925279,51.03195750307508,0.20452702141278678,-3.8720742253656018,24.04351051112242,1558.4,24.487160975272626,1607.3743219505454,1509.4256780494547,272008.0
LICN,2018-10-31,1570.0,1570.0,1570.0,1570.0,-0.32 %,4299.0,6749430.0,-0.0031746031746031633,-0.003179652917379684,1575.8,1558.55,1570.94950387797,1570.8496425234066,49.70900369607124,0.09986135456347256,-3.077687109379787,22.683259760327964,1558.55,24.5517177016721,1607.6534354033442,1509.4465645966557,267709.0
LICN,2018-11-01,1570.0,1580.0,1565.0,1580.0,0.64 %,10969.0,17226300.0,0.006369426751592355,0.0063492276786587445,1576.6,1559.2,1572.3418878967439,1571.527446780932,52.368569594426916,0.8144411158118601,-2.299261464341458,22.13445549173311,1559.2,24.95596121164916,1609.1119224232984,1509.2880775767017,278678.0
LICN,2018-11-04,1570.0,1570.0,1490.0,1491.0,-5.63 %,18485.0,28332000.0,-0.0563291139240506,-0.057977811256274034,1557.2,1556.0,1559.827751297245,1565.562450723085,34.75324720506926,-5.734699425840063,-2.9863490566411794,26.981994385180744,1556.0,29.25567871096884,1614.5113574219376,1497.4886425780624,260193.0
LICN,2018-11-05,1500.0,1540.0,1500.0,1525.0,2.28 %,328.0,498150.0,0.022803487592220062,0.022547374276773655,1548.2,1555.0,1554.4696357130533,1562.5578247435974,42.68488135133367,-8.088189030544072,-4.006717051421758,28.55470907195355,1555.0,29.98420636895823,1614.9684127379164,1495.0315872620836,260521.0
LICN,2018-11-14,1489.0,1491.0,1475.0,1490.0,0.07 %,1653.0,2462525.0,-0.022950819672131195,-0.02321829010200722,1531.2,1551.95,1544.5512302187374,1557.1831710588865,37.615608437568646,-12.631940840149127,-5.7317618091672315,30.086515566814008,1551.95,33.32846894327106,1618.6069378865423,1485.2930621134578,258868.0
LICN,2018-11-15,1490.0,1491.0,1490.0,1491.0,0.07 %,100.0,149100.0,0.0006711409395974144,0.0006709158252336917,1515.4,1550.05,1536.3125794158548,1552.2807139434133,37.842741358172454,-15.968134527558504,-7.779036352845487,28.008907312041583,1550.05,35.70415721036668,1621.4583144207334,1478.6416855792666,258968.0
LICN,2018-11-18,1491.0,1491.0,1490.0,1490.0,-0.07 %,1337.0,584080.0,-0.0006706908115359234,-0.0006709158252336343,1497.4,1547.05,1529.187567198031,1547.6673277253828,37.69494221798373,-18.4797605273518,-9.91918118774675,26.079699646895758,1547.05,38.145807522927804,1623.3416150458556,1470.7583849541443,257631.0
LICN,2018-11-19,1490.0,1490.0,1471.0,1472.0,-1.21 %,1689.0,23552.0,-0.012080536912751683,-0.012154099650683283,1493.6,1544.7,1520.3894799367956,1542.0623404864655,35.041956839050826,-21.67286054966985,-12.26991706013137,25.574006814974634,1544.7,41.283487204774445,1627.266974409549,1462.133025590451,255942.0
LICN,2018-11-21,1472.0,1490.0,1472.0,1486.0,0.95 %,535.0,74300.0,0.009510869565217295,0.009465925988882832,1485.8,1543.75,1515.09879071575,1537.9095745245052,38.65812827963454,-22.810783808755104,-14.378090409856117,25.03300632819073,1543.75,42.4473357913871,1628.6446715827742,1458.8553284172258,256477.0
LICN,2018-11-22,1486.0,1486.0,1483.0,1485.0,-0.07 %,2548.0,29700.0,-0.0006729475100941684,-0.0006731740409044372,1484.8,1541.75,1510.4682075287117,1533.9903467819493,38.493290119074196,-23.522139253237583,-16.20690017853241,23.459220161891395,1541.75,44.280059668069775,1630.3101193361395,1453.1898806638605,253929.0
LICN,2018-11-25,1485.0,1485.0,1470.0,1485.0,0.00 %,685.0,66825.0,0.0,0.0,1483.6,1538.8,1506.5500217550639,1530.3614322055087,38.493290118897434,-23.811410450444782,-17.727802232914886,22.854990150327726,1538.8,46.052144358295465,1630.9042887165908,1446.695711283409,253929.0
LICN,2018-11-26,1485.0,1485.0,1461.0,1480.0,-0.34 %,815.0,22200.0,-0.0033670033670033517,-0.00337268447863923,1481.6,1534.35,1502.4654030235156,1526.6309557458412,37.56446591097743,-24.16555272232563,-19.015352330797036,22.936776568161463,1534.35,47.26440187083507,1628.87880374167,1439.8211962583298,253114.0
LICN,2018-11-27,1480.0,1490.0,1475.0,1485.0,0.34 %,492.0,14850.0,0.0033783783783782884,0.003372684478639156,1484.2,1529.55,1499.7784179429748,1523.5471812461492,39.145800356636464,-23.76876330317441,-19.966034525272512,22.36986395614993,1529.55,47.15202177947404,1623.854043558948,1435.245956441052,253606.0
LICN,2018-11-28,1485.0,1485.0,1466.0,1483.0,-0.13 %,172.0,14830.0,-0.0013468013468013185,-0.0013477090988678693,1483.6,1524.2,1497.1971228748248,1520.5436863390269,38.723317460516384,-23.346563464202063,-20.642140313058423,22.12915938785351,1524.2,45.98809914700907,1616.1761982940181,1432.223801705982,253434.0
LICN,2018-11-29,1480.27,1483.0,1470.0,1475.0,-0.36 %,5638.0,259600.0,-0.0053944706675657095,-0.005409073364011859,1481.6,1519.25,1493.7821808940826,1517.1700799435434,37.00301147791237,-23.387899049460884,-21.191292060338917,21.4770765744354,1519.25,45.67260494106387,1610.5952098821276,1427.9047901178724,247796.0
LICN,2018-12-02,1475.0,1475.0,1450.0,1455.0,-1.36 %,2216.0,14550.0,-0.013559322033898313,-0.01365208916832732,1475.6,1512.6,1487.815691525762,1512.5648888366143,33.04999005306094,-24.749197310852196,-21.902873110441575,21.72871396197573,1512.6,44.81000828054456,1602.220016561089,1422.9799834389107,245580.0
LICN,2018-12-03,1455.0,1470.0,1450.0,1470.0,1.03 %,1038.0,14700.0,0.010309278350515427,0.010256500167189061,1473.6,1507.3,1485.0748159064142,1509.4119341079763,38.367945444363976,-24.337118201562134,-22.38972212866569,21.605234393263174,1507.3,43.15467895589847,1593.609357911797,1420.990642088203,246618.0
LICN,2018-12-04,1470.0,1470.0,1450.0,1450.0,-1.36 %,2351.0,30450.0,-0.013605442176870763,-0.013698844358161915,1466.6,1500.4,1479.6786903823504,1505.011050099978,34.43987692396264,-25.332359717627696,-22.97824964645809,21.490574793744376,1500.4,40.52471630469632,1581.4494326093927,1419.3505673906075,244267.0
LICN,2018-12-06,1430.0,1458.0,1430.0,1458.0,1.96 %,65.0,14570.0,0.0055172413793103114,0.005502077153983338,1461.6,1494.8,1476.3435072466043,1501.5287500925724,37.20906306303684,-25.185242845968105,-23.419648286360093,21.95553373704835,1494.8,38.06448821611887,1570.9289764322377,1418.6710235677622,244332.0
LICN,2018-12-09,1458.0,1458.0,1430.0,1430.0,-1.92 %,41.0,58630.0,-0.019204389574759895,-0.01939118931465044,1452.6,1487.55,1469.213736900973,1496.2303241597892,32.09869182815963,-27.016587258816344,-24.139036080851344,22.38728132725918,1487.55,35.7218420577262,1558.9936841154524,1416.1063158845475,244291.0
LICN,2018-12-10,1430.0,1450.0,1430.0,1435.0,0.35 %,1246.0,103320.0,0.0034965034965035446,0.0034904049397685676,1448.6,1480.8,1463.950085070054,1491.6947445923975,33.84594893617091,-27.744659522343454,-24.86016076914977,22.216761232454953,1480.8,31.869140328227783,1544.5382806564555,1417.0617193435444,245537.0
LICN,2018-12-11,1435.0,1440.0,1426.0,1432.0,-0.21 %,1290.0,61576.0,-0.002090592334494823,-0.002092780673130609,1441.0,1473.4,1459.034687366969,1487.2729116596274,33.29239537123314,-28.238224292658515,-25.535773473851517,21.62984971585103,1473.4,23.77836256584723,1520.9567251316946,1425.8432748683056,244247.0
LICN,2018-12-12,1432.0,1445.0,1432.0,1445.0,0.91 %,310.0,14450.0,0.009078212290502874,0.00903725302594169,1440.0,1471.1,1456.8755046951276,1484.1415848700253,38.022733197792476,-27.266080174897752,-25.881834814060767,21.01343187900453,1471.1,24.20721945373527,1519.5144389074705,1422.6855610925293,244557.0
LICN,2018-12-13,1445.0,1450.0,1445.0,1450.0,0.35 %,322.0,145000.0,0.0034602076124568004,0.0034542348680876036,1438.4,1467.35,1455.817734742031,1481.6125785833567,39.79116521676313,-25.7948438413257,-25.864436619513754,19.869615316218493,1467.35,21.01697309061926,1509.3839461812383,1425.3160538187615,244879.0
LICN,2018-12-16,1450.0,1537.0,1450.0,1530.0,5.52 %,1221.0,153000.0,0.05517241379310356,0.053704178971861166,1458.4,1469.35,1467.2303909355649,1485.1968320216265,59.6362244110499,-17.96644108606165,-24.284837512823334,24.664642793631458,1469.35,24.84112676479173,1519.0322535295834,1419.6677464704164,246100.0
LICN,2018-12-17,1530.0,1610.0,1530.0,1610.0,5.23 %,805.0,32200.0,0.05228758169934644,0.050966443592027566,1493.4,1475.3,1489.1949461762472,1494.4415111311357,70.21031039707968,-5.246564954888527,-20.477183001236373,28.617168308372065,1475.3,39.95405255773906,1555.208105115478,1395.391894884522,246905.0
LICN,2018-12-18,1610.0,1639.0,1563.0,1580.0,-1.86 %,2000.0,316000.0,-0.018633540372670843,-0.018809331957496227,1523.0,1479.8,1503.1649544568245,1500.7791769732737,63.4930358547386,2.3857774835507826,-15.90459090427894,32.001656286345494,1479.8,46.26650487859792,1572.333009757196,1387.266990242804,244905.0
LICN,2018-12-19,1580.0,1580.0,1550.0,1551.0,-1.84 %,729.0,77550.0,-0.018354430379746822,-0.018524962844473653,1544.2,1483.75,1510.5241922326977,1504.4992379382165,57.742007473197155,6.0249542944811765,-11.518681864526918,31.858680837320815,1483.75,48.86487814153024,1581.4797562830604,1386.0202437169396,244176.0
LICN,2018-12-20,1551.0,1578.0,1551.0,1578.0,1.74 %,1143.0,15780.0,0.01740812379110257,0.017258338229280783,1569.8,1488.35,1520.9050857353595,1509.943738831682,61.26025673921484,10.961346903677622,-7.02267611088601,31.511632206083615,1488.35,53.22373332894663,1594.7974666578932,1381.9025333421066,245319.0
LICN,2018-12-23,1578.0,1608.0,1578.0,1608.0,1.90 %,6579.0,288900.0,0.019011406844106515,0.018832948333092178,1585.4,1494.5,1534.304303314535,1517.2071655848906,64.76997951067969,17.097137729644373,-2.1987133427799335,31.40365847707764,1494.5,59.546973938734425,1613.593947877469,1375.406052122531,251898.0
LICN,2018-12-24,1608.0,1615.0,1582.0,1585.0,-1.43 %,20302.0,158500.0,-0.014303482587064709,-0.014406763427530724,1580.4,1499.5,1542.103641266145,1522.2288570230469,60.262299880927976,19.87478424309802,2.215986174395657,31.5176828715721,1499.5,62.81593830597717,1625.1318766119543,1373.8681233880457,231596.0
LICN,2018-12-25,1585.0,1585.0,1561.0,1565.0,-1.26 %,364.0,313000.0,-0.012618296529968487,-0.012698583337127431,1577.4,1503.75,1545.6261579944303,1525.3970898361545,56.57514164800904,20.229068158275822,5.81860257117169,30.980705523602666,1503.75,64.2854448615689,1632.3208897231377,1375.1791102768623,231232.0
LICN,2018-12-26,1565.0,1640.0,1565.0,1640.0,4.79 %,5095.0,164000.0,0.04792332268370614,0.04681041784399058,1595.2,1511.5,1560.145210610672,1533.8861942927356,65.17915904547974,26.259016317936357,9.906685320524623,34.124940843345335,1511.5,70.90802048018446,1653.3160409603688,1369.6839590396312,236327.0
LICN,2018-12-27,1640.0,1714.0,1640.0,1670.0,1.83 %,13032.0,634600.0,0.018292682926829285,0.0181273845925567,1613.6,1520.85,1577.0459474397992,1543.9686984191997,67.91743159632048,33.07724902059954,14.540798060539608,36.97315935453496,1520.85,78.83779149886357,1678.525582997727,1363.1744170022728,249359.0
LICN,2018-12-30,1670.0,1700.0,1648.0,1664.0,-0.36 %,1096.0,332800.0,-0.003592814371257469,-0.003599284029646873,1624.8,1530.3,1590.4234939875223,1552.8599059437036,66.78623252023156,37.563588043818754,19.145356057195436,38.04650511492532,1530.3,84.19782469997537,1698.6956493999508,1361.9043506000492,248263.0
LICN,2018-12-31,1664.0,1664.0,1641.0,1641.0,-1.38 %,630.0,49230.0,-0.013822115384615419,-0.01391853029106304,1636.0,1539.6,1598.204494912519,1559.3888017997256,62.48961305032299,38.8156931127935,23.07942346831505,36.97175474957351,1539.6,85.70168579068735,1711.0033715813747,1368.196628418625,247633.0
LICN,2019-01-01,1641.0,1680.0,1640.0,1641.0,0.00 %,773.0,65640.0,0.0,0.0,1651.2,1548.15,1604.7884187721315,1565.4340757404866,62.48961305013475,39.35434303164493,26.334407380981027,37.18805798174683,1548.15,86.91391687966735,1721.9778337593348,1374.3221662406654,247633.0
LICN,2019-01-02,1641.0,1655.0,1641.0,1655.0,0.85 %,150.0,248250.0,0.008531383302864182,0.008495196721072452,1654.2,1558.4,1612.5132774225726,1572.0685886485987,64.11917879744982,40.444688773973894,29.1564636595796,35.531768125907774,1558.4,86.81765525027284,1732.0353105005458,1384.7646894994543,247783.0
LICN,2019-01-03,1655.0,1670.0,1645.0,1670.0,0.91 %,137.0,33400.0,0.009063444108761365,0.009022617599637552,1654.2,1569.0,1621.3573885883307,1579.322767267221,65.83190903293314,42.034621321109626,31.732095191885605,34.77949897405722,1569.0,86.85620300241865,1742.7124060048372,1395.2875939951628,247920.0
LICN,2019-01-06,1670.0,1702.0,1641.0,1642.0,-1.68 %,915.0,24630.0,-0.016766467065868262,-0.01690861539842726,1649.8,1579.6,1624.5331749593565,1583.9655252474267,60.06795034767774,40.56764971192979,33.49920609589444,36.6523919044817,1579.6,81.78817312518531,1743.1763462503704,1416.0236537496294,247005.0
LICN,2019-01-07,1642.0,1675.0,1642.0,1675.0,2.01 %,1940.0,33500.0,0.020097442143727218,0.019898154246793334,1656.6,1591.6,1632.2973018886862,1590.7088196735433,64.06171401909494,41.5884822151429,35.11706131974414,36.39150676844729,1591.6,76.91718034078194,1745.4343606815637,1437.7656393184361,248945.0
LICN,2019-01-08,1675.0,1680.0,1672.0,1672.0,-0.18 %,1970.0,50190.0,-0.0017910447761193549,-0.0017926506145198283,1662.8,1603.6,1638.4054092904269,1596.730388586614,63.440531010879084,41.675020703812834,36.428653196557875,34.363541999272485,1603.6,69.02356576978916,1741.6471315395781,1465.5528684604217,246975.0
LICN,2019-01-09,1672.0,1678.0,1670.0,1678.0,0.36 %,143.0,53696.0,0.0035885167464115852,0.0035820933825046557,1667.4,1615.25,1644.4968847842074,1602.7503598024205,64.18845717076331,41.74652498178693,37.49222755360369,32.480431856467305,1615.25,59.90683556461582,1735.0636711292316,1495.4363288707684,247118.0
LICN,2019-01-10,1678.0,1698.0,1678.0,1695.0,1.01 %,1317.0,169500.0,0.010131108462455352,0.010080132787399195,1672.4,1627.5,1652.2665948174063,1609.5836664837225,66.29256003969354,42.682928333683776,38.53036770961971,31.58897243814821,1627.5,48.2531700621852,1724.0063401243704,1530.9936598756296,248435.0
LICN,2019-01-13,1695.0,1710.0,1650.0,1709.0,0.83 %,1489.0,17090.0,0.008259587020648995,0.008225663301040282,1685.8,1636.45,1660.9948109993438,1616.9478393367801,67.96200850153403,44.04697166256369,39.63368850020851,33.618331549709055,1636.45,45.75273934850564,1727.9554786970114,1544.9445213029887,249924.0
LICN,2019-01-14,1709.0,1717.0,1680.0,1700.0,-0.53 %,1295.0,170000.0,-0.0052662375658280025,-0.005280153071283475,1690.8,1640.95,1666.9956093071369,1623.0998512377594,65.70895771006553,43.89575806937751,40.48610241404231,33.85987929615841,1640.95,47.41027536857266,1735.7705507371454,1546.1294492628547,248629.0
LICN,2019-01-15,1700.0,1780.0,1700.0,1752.0,3.06 %,2208.0,52560.0,0.030588235294117583,0.03012974145202924,1706.8,1649.55,1680.0732078752699,1632.6480104053328,71.57282348661423,47.425197469937075,41.87392142522126,37.15560220357567,1649.55,51.21931687410745,1751.9886337482149,1547.111366251785,250837.0
LICN,2019-01-16,1752.0,1785.0,1741.0,1741.0,-0.63 %,3819.0,85309.0,-0.006278538812785395,-0.006298331728147713,1719.4,1659.05,1689.4465605098437,1640.6740837086415,68.88915885938634,48.772476801202174,43.253632500417446,37.64448776046312,1659.05,49.572355411562356,1758.1947108231248,1559.9052891768752,247018.0
LICN,2019-01-17,1741.0,1764.0,1733.0,1755.0,0.80 %,620.0,526500.0,0.008041355542791395,0.00800919613177704,1731.4,1667.9,1699.5317050467909,1649.142670100594,70.40987090312686,50.389034946196944,44.68071298957335,37.16988149185862,1667.9,50.137600135687286,1768.1752002713747,1567.6247997286255,247638.0
LICN,2019-01-20,1755.0,1755.0,1750.0,1752.0,-0.17 %,1940.0,75336.0,-0.0017094017094017033,-0.00171086440362943,1740.0,1675.1,1707.6037504242076,1656.761731574624,69.62449925434049,50.84201884958361,45.912974161575406,34.872032813868714,1675.1,51.406430070850554,1777.912860141701,1572.2871398582988,245698.0
LICN,2019-01-21,1752.0,1752.0,1740.0,1743.0,-0.51 %,5256.0,17440.0,-0.005136986301369828,-0.005150225976315793,1748.6,1683.0,1713.049327282022,1663.1497514579853,67.2027205046879,49.899575824036674,46.71029449406766,33.23831618430666,1683.0,48.91130533395504,1780.82261066791,1585.17738933209,240442.0
LICN,2019-01-22,1743.0,1798.0,1743.0,1798.0,3.16 %,60.0,17980.0,0.031554790590935244,0.031067169511544736,1757.8,1694.65,1726.1186615463262,1673.1386587573938,73.31203751610072,52.980002788932325,47.964236153040595,34.792722171141904,1694.65,47.03892565007756,1788.7278513001552,1600.572148699845,240502.0
LICN,2019-01-23,1798.0,1814.0,1750.0,1775.0,-1.28 %,1110.0,35500.0,-0.012791991101223532,-0.012874513122049363,1764.6,1701.4,1733.638867462276,1680.6839432938832,67.63796113063444,52.954924168392836,48.96237375611105,36.87895630177462,1701.4,48.44899651340215,1798.2979930268043,1604.5020069731959,239392.0
LICN,2019-01-24,1775.0,1780.0,1753.0,1753.0,-1.24 %,660.0,1160075.0,-0.012394366197183149,-0.012471816988281722,1764.2,1705.55,1736.6175032373103,1686.0406882350771,62.643640661493016,50.57681500223316,49.285262005335476,36.17331656593358,1705.55,49.16724947615441,1803.8844989523088,1607.215501047691,238732.0
LICN,2019-01-27,1753.0,1753.0,1725.0,1732.0,-1.20 %,2137.0,86550.0,-0.01197946377638337,-0.01205179579885406,1760.2,1708.95,1735.9071181238778,1689.4450816991455,58.22416766651125,46.46203642473233,48.72061688921485,35.58950823979547,1708.95,48.48925545659192,1805.9285109131838,1611.9714890868163,236595.0
LICN,2019-01-28,1731.0,1763.0,1725.0,1725.0,-0.35 %,306.0,86500.0,-0.004041570438799047,-0.004049759656920305,1756.6,1713.15,1734.2290999509737,1692.0787793510606,56.786036556349536,42.15032059991313,47.40655763135451,35.76168622266722,1713.15,45.86051506582833,1804.8710301316567,1621.4289698683435,236289.0
LICN,2019-01-29,1725.0,1759.0,1724.0,1728.0,0.17 %,502.0,121100.0,0.0017391304347826875,0.001737619898540878,1742.6,1717.5,1733.270776881593,1694.7396105102414,57.27312100165841,38.531166371351674,45.63147937935395,35.70728006390528,1717.5,42.67194320440454,1802.843886408809,1632.156113591191,236791.0
LICN,2019-01-30,1728.0,1740.0,1706.0,1720.0,-0.46 %,969.0,258000.0,-0.00462962962962965,-0.004640379556502225,1731.6,1720.75,1731.2291188998097,1696.6107504724457,55.477356687984695,34.618368427363976,43.42885718895596,35.58533148791205,1720.75,40.05637474725553,1800.862749494511,1640.637250505489,235822.0
LICN,2019-01-31,1720.0,1734.0,1700.0,1729.0,0.52 %,1077.0,86450.0,0.005232558139534937,0.005218915875791828,1726.8,1723.7,1730.8861775306082,1699.0099541411535,57.106745362493946,31.876223389454708,41.11833042905571,35.472093524489765,1723.7,38.254136343227856,1800.2082726864558,1647.1917273135443,236899.0
LICN,2019-02-03,1710.0,1729.0,1702.0,1702.0,-1.56 %,508.0,34060.0,-0.015615962984384057,-0.015739176549971076,1720.8,1726.7,1726.442150218207,1699.2314390195866,51.06859901590319,27.2107111986204,38.33680658296865,34.86694398702621,1726.7,33.57646418797365,1793.8529283759474,1659.5470716240527,236391.0
LICN,2019-02-04,1722.0,1722.0,1695.0,1695.0,-0.41 %,923.0,169500.0,-0.004112808460634554,-0.004121289318768816,1714.8,1727.7,1721.6048963384828,1698.9179990922098,49.60421897609739,22.68689724627302,35.20682471562952,34.305019416524345,1727.7,32.226337708512936,1792.1526754170259,1663.2473245829742,235468.0
LICN,2019-02-05,1700.0,1708.0,1695.0,1700.0,0.29 %,2001.0,498100.0,0.002949852507374562,0.0029455102297567446,1709.2,1729.1,1718.2810661325625,1698.9981473076016,50.691834381166586,19.282918824960916,32.022043537495804,32.78323231534404,1729.1,30.225294391461208,1789.5505887829224,1668.6494112170774,237469.0
LICN,2019-02-07,1690.0,1700.0,1670.0,1670.0,-1.76 %,1168.0,58625.0,-0.01764705882352946,-0.017804624633506707,1699.2,1728.7,1710.853209804476,1696.8501363959274,44.48800262290041,14.003073408548516,28.41824951170635,32.584430007105176,1728.7,30.98063911538727,1790.6612782307745,1666.7387217692255,236301.0
LICN,2019-02-10,1660.0,1670.0,1606.0,1638.0,-1.92 %,2948.0,16380.0,-0.019161676646706538,-0.01934764099778601,1681.0,1725.85,1699.6450236807104,1692.490867033266,39.00458777466858,7.154156647444324,24.165430938853945,34.82839929231195,1725.85,36.39299383120125,1798.6359876624024,1653.0640123375974,233353.0
LICN,2019-02-11,1670.0,1699.0,1638.0,1640.0,0.12 %,484.0,62358.0,0.0012210012210012167,0.001220256405229369,1668.6,1722.4,1690.4688661913704,1688.6026546604317,39.506447088946636,1.866211530938699,19.705587057270897,36.697799342861096,1722.4,41.04734108957795,1804.494682179156,1640.3053178208443,233837.0
LICN,2019-02-12,1672.0,1695.0,1640.0,1669.0,1.77 %,164.0,50070.0,0.017682926829268197,0.017528402843590876,1663.4,1720.85,1687.1659637003902,1687.1506061670664,46.3938026588086,0.015357533323822281,15.767541152481481,38.00509938979959,1720.85,42.49739930120728,1805.8447986024144,1635.8552013975855,234001.0
LICN,2019-02-13,1636.0,1669.0,1605.0,1605.0,-3.83 %,1250.0,322200.0,-0.03834631515877773,-0.03910088809771886,1644.4,1713.5,1674.5250462080223,1681.065376080617,36.513620183718785,-6.5403298725946115,11.305966947466263,39.8618780048139,1713.5,49.035432946067985,1811.570865892136,1615.429134107864,232751.0
LICN,2019-02-14,1637.0,1637.0,1600.0,1609.0,0.25 %,1510.0,160900.0,0.0024922118380061864,0.002489111428266926,1632.2,1706.9,1664.4442698683265,1675.7272000746455,37.41077882152873,-11.282930206318952,6.78818751670922,39.6574581473272,1706.9,53.79189921401186,1814.4837984280239,1599.3162015719763,234261.0
LICN,2019-02-17,1600.0,1609.0,1587.0,1593.0,-0.99 %,1099.0,127440.0,-0.009944064636420169,-0.009993837082334717,1623.2,1698.8,1653.4528437347378,1669.5992593283754,35.264104252379994,-16.146415593637585,2.2012668946398595,38.39621113680383,1698.8,58.185366219548825,1815.1707324390977,1582.4292675609022,233162.0
LICN,2019-02-18,1600.0,1600.0,1576.0,1576.0,-1.07 %,1444.0,15800.0,-0.010671688637790333,-0.01072903949222409,1610.4,1690.0,1641.5370216217013,1662.6659808596069,33.09141121571615,-21.12895923790552,-2.4647783318692165,37.367910341317845,1690.0,62.83897550169784,1815.6779510033957,1564.3220489966043,231718.0
LICN,2019-02-19,1595.0,1650.0,1575.0,1650.0,4.70 %,2534.0,16500.0,0.04695431472081224,0.045885296476801916,1606.6,1685.35,1642.8390182952858,1661.7277600551915,48.085542724439286,-18.88874175990577,-5.749571017476527,40.05591674550943,1685.35,62.147765340676614,1809.6455306813532,1561.0544693186466,234252.0
LICN,2019-02-20,1617.0,1650.0,1588.0,1613.0,-2.24 %,2334.0,67200.0,-0.022424242424242458,-0.02267948876941747,1608.2,1676.1,1638.248400096011,1658.1182963473996,42.907907299445824,-19.86989625138858,-8.573636064258938,41.62335126368733,1676.1,58.13677158669871,1792.3735431733974,1559.8264568266025,231918.0
LICN,2019-02-21,1620.0,1620.0,1605.0,1605.0,-0.50 %,110.0,160500.0,-0.004959702417854928,-0.0049720425610926215,1607.4,1667.6,1633.1332616197017,1654.1836077290736,41.85843052523633,-21.050346109371958,-11.068978073281542,39.721683316281094,1667.6,55.27291141996894,1778.1458228399379,1557.054177160062,231808.0
LICN,2019-02-24,1637.0,1668.0,1595.0,1595.0,-0.62 %,716.0,159500.0,-0.006230529595015577,-0.0062500203451712946,1607.8,1659.7,1627.2666059859014,1649.7996367861792,40.5241590378466,-22.533030800277857,-13.361788618680805,42.098705936546736,1659.7,53.69318294471318,1767.0863658894264,1552.3136341105737,231092.0
LICN,2019-02-25,1564.0,1620.0,1564.0,1605.0,0.63 %,542.0,304950.0,0.006269592476489061,0.006250020345171326,1613.6,1653.35,1623.8409742957626,1646.4811451723883,42.498073563783244,-22.64017087662569,-15.217465070269782,43.091655512507685,1653.35,52.18113694266491,1757.7122738853298,1548.98772611467,231634.0
LICN,2019-02-26,1635.0,1635.0,1590.0,1600.0,-0.31 %,910.0,320000.0,-0.0031152647975077885,-0.003120127336243634,1603.6,1647.1,1620.1731320964145,1643.038097381841,41.75193574229291,-22.86496528542648,-16.746965113301123,43.22796583304285,1647.1,50.6098596593034,1748.3197193186068,1545.880280681393,230724.0
LICN,2019-02-27,1630.0,1630.0,1598.0,1604.0,0.25 %,1504.0,182856.0,0.0024999999999999467,0.002496880198587146,1601.8,1640.9,1617.6849579277352,1640.1463864646676,42.619868382538094,-22.461428536932317,-17.889857798027364,42.425968273539794,1640.9,47.68857305474257,1736.2771461094853,1545.5228538905149,232228.0
LICN,2019-03-03,1635.0,1635.0,1597.0,1604.0,0.00 %,3295.0,67368.0,0.0,0.0,1601.6,1635.1,1615.5795797850067,1637.4688763561737,42.619868382367116,-21.88929657116705,-18.689745552655303,42.10982768257267,1635.1,44.5100816492011,1724.120163298402,1546.0798367015977,232228.0
LICN,2019-03-05,1460.0,1460.0,1425.0,1425.0,-0.50 %,470.0,142500.0,-0.11159600997506236,-0.11832869572370892,1567.6,1619.9,1586.2596444334672,1621.730441070531,24.03375553225861,-35.47079663706381,-22.045955769537006,51.88769713381748,1619.9,59.976223359081935,1739.852446718164,1499.9475532818362,231758.0
LICN,2019-03-06,1449.0,1449.0,1422.0,1430.0,0.35 %,1160.0,143000.0,0.0035087719298245723,0.0035026305512020745,1532.6,1606.3,1562.2196991360106,1607.5281861764176,25.01740103710712,-45.308487040407044,-26.698462023711016,50.11000448140195,1606.3,70.32563356870298,1746.951267137406,1465.648732862594,232918.0
LICN,2019-03-07,1450.0,1500.0,1430.0,1459.0,2.03 %,2355.0,275500.0,0.020279720279720248,0.02007682526883265,1504.4,1594.5,1546.3397454227784,1596.526098311498,30.62806717317497,-50.18635288871951,-31.39604019671272,51.5307184470161,1594.5,74.34379597516751,1743.187591950335,1445.812408049665,235273.0
LICN,2019-03-09,1480.0,1480.0,1455.0,1465.0,0.41 %,530.0,293000.0,0.004112405757368043,0.004103972928382017,1476.6,1582.75,1533.8259384346586,1586.783424362498,31.765680672041967,-52.95748592783934,-35.70832934293804,49.635667129372095,1582.75,75.3559099068681,1733.4618198137362,1432.0381801862638,235803.0
LICN,2019-03-10,1480.0,1480.0,1455.0,1465.0,0.41 %,530.0,293000.0,0.0,0.0,1448.8,1572.5,1523.2373325216342,1577.762429965276,31.765680671948473,-54.5250974436417,-39.47168296307878,47.87597662013123,1572.5,76.79192665897405,1726.083853317948,1418.916146682052,235803.0
LICN,2019-03-11,1490.0,1490.0,1451.0,1465.0,0.00 %,1445.0,29300.0,0.0,0.0,1456.8,1563.85,1514.2777429029213,1569.4096573752554,31.765680671847775,-55.131914472334074,-42.60372926492984,47.24197829012186,1563.85,78.74427297469325,1721.3385459493863,1406.3614540506135,235803.0
LICN,2019-03-12,1487.0,1500.0,1465.0,1499.0,2.32 %,3130.0,74950.0,0.02320819112627981,0.02294297665142997,1470.6,1556.8,1511.9273209178564,1564.1941271993105,38.86157157201571,-52.26680628145414,-44.5363446682347,46.36755126939887,1556.8,77.87479830165535,1712.5495966033106,1401.0504033966893,238933.0
LICN,2019-03-13,1495.0,1499.0,1486.0,1486.0,-0.87 %,51.0,72814.0,-0.008672448298865931,-0.00871027282489325,1476.0,1547.65,1507.9385023151094,1558.4019696289913,37.265824983506306,-50.46346731388189,-45.72176919736414,43.984154750156094,1547.65,74.68338432833634,1697.0167686566729,1398.2832313433273,238882.0
LICN,2019-03-14,1495.0,1495.0,1471.0,1493.0,-0.27 %,2040.0,447000.0,0.004710632570659401,0.004699572261485824,1481.6,1542.05,1505.6402711897078,1553.557379286103,38.72486503125575,-47.91710809639517,-46.16083697717035,42.55671512514495,1542.05,74.35510459238492,1690.7602091847698,1393.3397908152301,240922.0
LICN,2019-03-17,1509.0,1509.0,1490.0,1504.0,1.62 %,7170.0,40608.0,0.007367716008037428,0.007340706970594669,1489.4,1536.8,1505.3879217759068,1549.8864623019472,41.04525569826944,-44.498540526040415,-45.828377686944364,40.87409261620602,1536.8,73.07501553016567,1682.9500310603312,1390.6499689396687,248092.0
LICN,2019-03-18,1534.0,1534.0,1490.0,1492.0,-0.80 %,1874.0,29840.0,-0.007978723404255317,-0.008010723746078972,1494.8,1531.75,1503.3282415026902,1545.5985762055066,39.29698257117691,-42.2703347028164,-45.11676909011877,41.09737171504845,1531.75,72.47422409306517,1676.6984481861305,1386.8015518138695,246218.0
LICN,2019-03-19,1510.0,1510.0,1482.0,1485.0,-0.47 %,621.0,114345.0,-0.004691689008042843,-0.004702729526906114,1492.0,1527.2,1500.508512040738,1541.1097927828764,38.27289037821197,-40.60128074213844,-44.213671420522715,40.16184516397357,1527.2,72.40645507714888,1672.0129101542977,1382.3870898457023,245597.0
LICN,2019-03-21,1504.0,1504.0,1487.0,1502.0,1.14 %,5586.0,150100.0,0.011447811447811373,0.011382781087279987,1495.2,1519.8,1500.7379717267784,1538.2127710952561,42.21161801714784,-37.47479936847776,-42.86589701011373,38.65028479511831,1519.8,66.51917016918541,1652.8383403383707,1386.7616596616292,251183.0
LICN,2019-03-24,1530.0,1530.0,1490.0,1495.0,-0.47 %,353.0,149500.0,-0.0046604527296937315,-0.004671346499293242,1495.6,1513.9,1499.8552068457354,1535.0118250882,41.05009459089719,-35.156618242464674,-41.32404125658392,38.74669302403843,1513.9,62.95520546177151,1639.810410923543,1387.9895890764572,250830.0
LICN,2019-03-25,1480.0,1500.0,1480.0,1500.0,0.33 %,1580.0,15000.0,0.0033444816053511683,0.0033389012655146303,1494.8,1508.65,1499.8774827156221,1532.4183565631483,42.272004258543696,-32.5408738475262,-39.56740777477238,37.4076435223214,1508.65,59.22595003789929,1627.1019000757988,1390.1980999242014,252410.0
LICN,2019-03-26,1525.0,1525.0,1490.0,1490.0,-0.67 %,1051.0,14910.0,-0.00666666666666671,-0.006688988150796652,1494.4,1503.4,1498.3578699901418,1529.2762560769893,40.46543394443188,-30.918386086847477,-37.8376034371874,37.23566898501273,1503.4,55.71865415684067,1614.8373083136814,1391.9626916863187,251359.0
LICN,2019-03-27,1490.0,1500.0,1485.0,1491.0,0.07 %,746.0,1110939.0,0.0006711409395974144,0.0006709158252336917,1495.6,1497.7,1497.2258899916585,1526.440977849064,40.738182012571706,-29.21508785740548,-36.113100321231016,35.647406914654674,1497.7,50.350456016302346,1598.4009120326048,1396.9990879673953,252105.0
LICN,2019-03-28,1500.0,1500.0,1500.0,1500.0,0.60 %,10.0,15000.0,0.006036217303822866,0.006018072325562945,1495.2,1492.7,1497.6526761467878,1524.4823868972815,43.257750860775175,-26.829710750493632,-34.25642240708354,33.74402070646506,1492.7,44.252980868936056,1581.2059617378723,1404.1940382621278,252115.0
LICN,2019-03-31,1500.0,1505.0,1480.0,1480.0,-1.33 %,696.0,44580.0,-0.013333333333333308,-0.013423020332140661,1492.2,1486.5,1494.9368798165126,1521.1873952752605,39.26285631037348,-26.25051545874794,-32.65524101741642,33.11944779886041,1486.5,35.69829717296829,1557.8965943459366,1415.1034056540634,251419.0
LICN,2019-04-01,1509.0,1509.0,1493.0,1495.0,1.01 %,1325.0,695175.0,0.010135135135135087,0.010084119066626008,1491.2,1481.05,1494.9465906139721,1519.2475882178337,43.478835267941406,-24.30099760386156,-30.98439233470545,32.825201527513244,1481.05,22.809220203959033,1526.668440407918,1435.4315595920818,252744.0
LICN,2019-04-02,1524.0,1524.0,1494.0,1508.0,0.87 %,2302.0,37700.0,0.008695652173912993,0.008658062743114531,1494.8,1485.2,1496.9548074425918,1518.4144335350313,46.91781516255331,-21.45962609243952,-29.079439086252265,32.62340141840516,1485.2,19.365188517355303,1523.9303770347105,1446.4696229652895,255046.0
LICN,2019-04-03,1520.0,1520.0,1500.0,1508.0,0.00 %,382.0,150800.0,0.0,0.0,1498.2,1489.1,1498.6540678360393,1517.6429940139178,46.91781516231683,-18.98892617787851,-27.061336504577515,31.721729888519075,1489.1,15.032946274138936,1519.1658925482777,1459.034107451722,255046.0
LICN,2019-04-04,1520.0,1520.0,1496.0,1506.0,-0.13 %,1557.0,45180.0,-0.0013262599469495706,-0.0013271402080624634,1499.4,1491.45,1499.7842112458793,1516.780550012887,46.413939965794405,-16.996338767007728,-25.048336957063558,31.170177753624856,1491.45,13.69392873529996,1518.8378574706,1464.0621425294,253489.0
LICN,2019-04-07,1525.0,1525.0,1496.0,1505.0,-0.07 %,1089.0,30100.0,-0.0006640106241699861,-0.0006642311768627833,1504.4,1493.45,1500.5866402849747,1515.9079166785991,46.147079579487276,-15.32127639362443,-23.102924844375735,31.01516505693737,1493.45,12.496209951615354,1518.4424199032308,1468.4575800967693,252400.0
LICN,2019-04-08,1505.0,1545.0,1509.0,1535.0,1.99 %,1948.0,2977550.0,0.019933554817275656,0.019737482838321337,1512.4,1496.95,1505.8810033180555,1517.322145072777,54.58345183714134,-11.441141754721457,-20.77056822644488,31.656938981441844,1496.95,13.839208221841927,1524.6284164436838,1469.2715835563163,254348.0
LICN,2019-04-09,1525.0,1525.0,1515.0,1520.0,-0.98 %,593.0,15200.0,-0.009771986970684043,-0.009820046180975461,1514.8,1499.7,1508.0531566537393,1517.5205046970157,50.33734003428133,-9.467348043276388,-18.50992418981118,30.824300482767427,1499.7,12.561846997833662,1524.8236939956673,1474.5763060043328,253755.0
LICN,2019-04-10,1535.0,1545.0,1520.0,1537.0,1.12 %,738.0,479544.0,0.011184210526315796,0.011122129698273796,1520.6,1501.6,1512.5065171685487,1518.9634302750146,54.64370057815449,-6.4569131064658905,-16.09932197314212,30.408279019712612,1501.6,15.073154945033584,1531.746309890067,1471.4536901099327,254493.0
LICN,2019-04-11,1565.0,1565.0,1520.0,1545.0,0.52 %,365.0,154500.0,0.005204944697462688,0.0051914457932500735,1528.4,1504.55,1517.5055145272333,1520.8920650694579,56.55296594205857,-3.3865505422245405,-13.556767686958606,31.450544804018858,1504.55,17.446082353086794,1539.4421647061736,1469.6578352938263,254858.0
LICN,2019-04-15,1555.0,1565.0,1535.0,1535.0,-0.65 %,120.0,153500.0,-0.006472491909385147,-0.006493529310548343,1534.4,1506.65,1520.196973830736,1521.9370972865352,53.520185392954694,-1.7401234557992211,-11.19343884072673,31.346934460874653,1506.65,18.47978981417154,1543.6095796283432,1469.690420371657,254738.0
LICN,2019-04-16,1555.0,1580.0,1537.0,1555.0,1.30 %,1373.0,310800.0,0.013029315960912058,0.012945164592036986,1538.4,1509.2,1525.5512855490842,1524.3862011912363,58.33293421835979,1.1650843578479453,-8.721734201011795,32.32215342795504,1509.2,21.385189168826525,1551.970378337653,1466.429621662347,256111.0
LICN,2019-04-17,1555.0,1600.0,1540.0,1570.0,0.96 %,2171.0,3350242.0,0.009646302250803762,0.009600073729019137,1548.4,1513.1,1532.3895493107634,1527.7650011029966,61.54870938939612,4.624548207766793,-6.052477719256078,34.29914246881539,1513.1,24.905928273303402,1562.9118565466067,1463.288143453393,258282.0
LICN,2019-04-18,1601.0,1632.0,1580.0,1582.0,0.76 %,870.0,158200.0,0.007643312101910826,0.00761424998524544,1557.4,1517.95,1540.0219263398767,1531.7824084287006,63.946001033961906,8.239517911176108,-3.194078593169641,36.27777514961429,1517.95,28.352062952830643,1574.6541259056614,1461.2458740943387,259152.0
LICN,2019-04-21,1613.0,1613.0,1573.0,1589.0,0.44 %,567.0,15890.0,0.004424778761061843,0.004415018209116693,1566.2,1522.3,1547.5570145952804,1536.020748545093,65.3048771251859,11.53626605018735,-0.2480096644982428,36.54364835321327,1522.3,32.19038758121221,1586.6807751624244,1457.9192248375755,259719.0
LICN,2019-04-22,1600.0,1632.0,1600.0,1623.0,2.14 %,1035.0,16230.0,0.021397105097545666,0.02117140097787527,1583.8,1528.7,1559.163627734468,1542.4636560602712,71.01851389112069,16.69997167419683,3.141586603240772,37.004816327983754,1528.7,38.56928147737945,1605.838562954759,1451.561437045241,260754.0
LICN,2019-04-23,1623.0,1623.0,1592.0,1609.0,-0.86 %,764.0,160900.0,-0.008626001232285851,-0.008663420522207964,1594.6,1534.15,1566.8307619291654,1547.392274129881,66.18526342666837,19.43848779928453,6.400966842449524,36.575900875984914,1534.15,41.86101691119374,1617.8720338223875,1450.4279661776127,259990.0
LICN,2019-04-24,1620.0,1620.0,1619.0,1619.0,0.62 %,200.0,161900.0,0.00621504039776255,0.0061958066852518855,1604.4,1540.6,1574.8567985554478,1552.69655012026,67.86743306338963,22.16024843518767,9.552823160997153,34.74905081341456,1540.6,44.55203935313727,1629.7040787062745,1451.4959212937254,260190.0
LICN,2019-04-25,1632.0,1700.0,1632.0,1691.0,4.45 %,1618.0,192774.0,0.044471896232242125,0.043511395220945166,1626.2,1550.6,1592.7249833930712,1562.941250111352,76.81177608699332,29.78373328171915,13.599005185141554,38.05269004102781,1550.6,54.227978795154726,1659.0559575903094,1442.1440424096904,261808.0
LICN,2019-04-28,1724.0,1860.0,1724.0,1860.0,9.99 %,5986.0,35340.0,0.09994086339444119,0.09525641780866666,1680.4,1568.6,1633.844216717214,1584.9456019549557,86.38890045658351,48.898614762258376,20.65892710056492,47.406069323811536,1568.6,86.6210136167738,1741.8420272335475,1395.3579727664523,267794.0
LICN,2019-04-29,1897.0,1953.0,1825.0,1887.0,1.45 %,4714.0,245310.0,0.014516129032257963,0.014411778661303184,1733.2,1588.95,1672.7912602991812,1607.3200018101443,87.2919436364813,65.47125848903693,29.621393378259324,53.162778657825,1588.95,109.49812543455539,1807.9462508691108,1369.9537491308893,272508.0
LICN,2019-04-30,1887.0,1911.0,1853.0,1875.0,-0.64 %,7971.0,84375.0,-0.006359300476947549,-0.00637960696403904,1786.4,1607.95,1703.9002971762302,1627.1481498242076,84.6052701541923,76.75214735202258,39.04754417301198,53.50829446798036,1607.95,124.30542817464458,1856.5608563492892,1359.3391436507109,264537.0
LICN,2019-05-02,1877.0,1880.0,1856.0,1875.0,0.00 %,3478.0,375000.0,0.0,0.0,1837.6,1626.3,1730.2233283798869,1645.5075461335257,84.60527015395861,84.71578224636119,48.181191787681826,51.40055914883891,1626.3,135.3700969856059,1897.0401939712117,1355.5598060287882,264537.0
LICN,2019-05-05,1852.0,1870.0,1850.0,1855.0,-1.07 %,6030.0,185500.0,-0.010666666666666713,-0.010723963362975724,1870.4,1643.65,1749.419739398366,1661.0255056791905,79.85455970886782,88.39423371917542,56.22380017398055,49.514804923921844,1643.65,141.50777363805037,1926.6655472761008,1360.6344527238994,258507.0
LICN,2019-05-06,1860.0,1870.0,1855.0,1870.0,0.81 %,6898.0,18700.0,0.008086253369272267,0.008053734807096825,1872.4,1661.85,1767.9705487216943,1676.5050978511022,80.72857863763284,91.46545087059212,63.27213031330287,47.04946171507029,1661.85,146.20219416597405,1954.2543883319481,1369.4456116680517,265405.0
LICN,2019-05-07,1905.0,1905.0,1870.0,1885.0,0.80 %,2837.0,188500.0,0.008021390374331583,0.007989390033478861,1872.0,1680.85,1785.9750796875874,1691.9491646769463,81.58880119289772,94.02591501064103,69.42288725277051,46.18878587827955,1680.85,149.40241490332502,1979.65482980665,1382.0451701933498,268242.0
LICN,2019-05-08,1908.0,1935.0,1871.0,1935.0,2.65 %,5425.0,387000.0,0.02652519893899208,0.026179505581771078,1884.0,1700.85,1808.9019905048817,1709.9529302564317,84.13150738818624,98.94906024845,75.32812185190642,47.46101545840244,1700.85,155.4992892182033,2011.8485784364066,1389.8514215635932,273667.0
LICN,2019-05-09,1901.0,1925.0,1900.0,1902.0,-1.71 %,2626.0,190200.0,-0.01705426356589146,-0.01720136235854655,1889.4,1719.95,1823.2247611964385,1724.1786391263256,76.61120938162662,99.04612207011292,80.07172189554773,46.57094292565941,1719.95,155.5768468094016,2031.1036936188032,1408.796306381197,271041.0
LICN,2019-05-12,1930.0,1930.0,1895.0,1900.0,-0.11 %,3376.0,76000.0,-0.001051524710830698,-0.0010520779508037803,1898.4,1738.1,1835.0363363969866,1737.2024436354866,76.1668410877567,97.83389276150001,83.62415606873819,45.744447002398026,1738.1,154.27893399191743,2046.6578679838349,1429.542132016165,267665.0
LICN,2019-05-13,1875.0,1915.0,1875.0,1897.0,-0.16 %,3515.0,189600.0,-0.0015789473684210131,-0.0015801952195175833,1903.8,1755.7,1844.5692077205272,1749.0392996624876,75.45980373280258,95.52990805803961,86.00530646659848,45.33412935936959,1755.7,151.13678015555237,2057.973560311105,1453.4264396888952,264150.0
LICN,2019-05-14,1880.0,1905.0,1880.0,1900.0,0.16 %,3045.0,19000.0,0.001581444385872377,0.0015801952195175699,1906.8,1773.95,1853.0970219173691,1760.2215737615625,75.70269904388026,92.87544815580668,87.37933480444012,43.88169154798605,1773.95,144.99672410092026,2063.9434482018405,1483.9565517981596,267195.0
LICN,2019-05-15,1900.0,1900.0,1894.0,1895.0,-0.26 %,134.0,64430.0,-0.0026315789473684292,-0.0026350476380051138,1898.8,1790.95,1859.5436339300818,1770.2051608903357,74.38128711776864,89.33847303974608,87.77116245150131,41.175856437415625,1790.95,137.72416177577767,2066.398323551555,1515.5016764484446,267061.0
LICN,2019-05-16,1890.0,1899.0,1890.0,1895.0,0.00 %,752.0,132650.0,0.0,0.0,1897.4,1807.2,1864.9984594793,1779.4492230466071,74.381287117489,85.54923643269285,87.32677724773961,38.877580977600225,1807.2,129.19124949998346,2065.582498999967,1548.8175010000332,267061.0
LICN,2019-05-19,1871.0,1890.0,1860.0,1872.0,-1.21 %,3725.0,127296.0,-0.012137203166226906,-0.012211460478989359,1891.8,1821.7,1866.0756195594076,1786.304836154266,68.04479409552619,79.77078340514163,85.81557847922002,38.60061090777164,1821.7,118.40968132537803,2058.519362650756,1584.880637349244,263336.0
LICN,2019-05-20,1853.0,1875.0,1853.0,1870.0,-0.11 %,1442.0,878900.0,-0.0010683760683760646,-0.0010689471889050444,1886.4,1835.75,1866.6793703964217,1792.5044779206166,67.50625636077368,74.17489247580511,83.48744127853705,37.41485298578795,1835.75,105.28951314801523,2046.3290262960304,1625.1709737039696,261894.0
LICN,2019-05-21,1874.0,1925.0,1865.0,1925.0,2.94 %,4112.0,19250.0,0.02941176470588225,0.028987536873252187,1891.4,1850.85,1875.6517749508184,1802.318961037608,73.67626902784099,73.33281391321043,81.45651580547172,39.028077772517385,1850.85,94.24898435861452,2039.347968717229,1662.352031282771,266006.0
LICN,2019-05-22,1919.0,1952.0,1901.0,1936.0,0.57 %,6222.0,96800.0,0.005714285714285783,0.005698021114637796,1899.6,1867.2,1884.9361172660772,1812.2212602200075,74.71055419649491,72.71485704606971,79.70818405359132,39.88321507448043,1867.2,76.84132660022917,2020.8826532004584,1713.5173467995417,272228.0
LICN,2019-05-23,1932.0,1932.0,1900.0,1910.0,-1.34 %,3048.0,19100.0,-0.013429752066115741,-0.013520746795846809,1902.6,1881.75,1888.7920992251422,1819.4641298333404,67.91785815429247,69.32796939180184,77.63214112123343,39.6058425691604,1881.75,50.35753745911656,1982.465074918233,1781.034925081767,269180.0
LICN,2019-05-26,1910.0,1910.0,1892.0,1892.0,-0.94 %,2677.0,1419000.0,-0.009424083769633551,-0.009468771428852014,1906.6,1891.8,1889.2856224212742,1824.8371572530928,63.6062074994366,64.44846516818143,74.99540593062304,38.06256809993466,1891.8,22.80489328836584,1937.4097865767317,1846.1902134232682,266503.0
LICN,2019-05-27,1885.0,1918.0,1881.0,1906.0,0.74 %,4730.0,95300.0,0.007399577167019,0.007372334602323808,1913.8,1894.1,1891.8570651256937,1830.8492196787897,65.44370585810793,61.00784544690396,72.19789383387922,37.98667037851076,1894.1,21.722895997664445,1937.5457919953287,1850.654208004671,271233.0
LICN,2019-05-28,1940.0,1940.0,1895.0,1903.0,-0.16 %,9314.0,19030.0,-0.0015739769150052707,-0.001575216917997955,1909.4,1894.9,1893.5713627986638,1836.1937219248055,64.68997802747941,57.377640873858354,69.23384324187505,38.48762249433142,1894.9,21.742270253782348,1938.3845405075647,1851.4154594924355,261919.0
LICN,2019-05-29,1950.0,1950.0,1821.0,1823.0,-4.20 %,11018.0,182300.0,-0.042038885969521766,-0.04294809261748641,1886.8,1892.3,1882.7142300604078,1835.2164091896345,48.61166222747243,47.49782087077324,64.88663876765469,44.95279231616489,1892.3,26.774103749294127,1945.8482074985882,1838.7517925014117,250901.0
LICN,2019-05-30,1914.0,1919.0,1793.0,1805.0,-0.99 %,10113.0,18050.0,-0.009873834339001686,-0.009922903911681784,1865.8,1888.8,1870.758194666499,1832.9781566570691,45.85036264393504,37.78003800942997,59.465318616009746,50.74187857929597,1888.8,33.004943808291365,1954.8098876165827,1822.7901123834172,240788.0
LICN,2019-06-02,1834.0,1834.0,1769.0,1769.0,-1.99 %,1909.0,354600.0,-0.019944598337950148,-0.020146176607196028,1841.2,1884.5,1855.10308779473,1828.2390339417307,40.85227382970578,26.864053852999405,52.94506566340768,51.76031582363197,1884.5,42.01315583429629,1968.5263116685926,1800.4736883314074,238879.0
LICN,2019-06-03,1804.0,1804.0,1735.0,1744.0,-1.41 %,2504.0,87200.0,-0.014132278123233477,-0.01423308969086035,1808.8,1878.2,1838.0103050570794,1821.9991055016026,37.77289147878519,16.01119955547688,45.55829244182152,52.991721836229694,1878.2,52.45208339647254,1983.104166792945,1773.295833207055,236375.0
LICN,2019-06-04,1778.0,1778.0,1711.0,1721.0,-1.32 %,3975.0,51690.0,-0.013188073394495459,-0.013275808257385566,1772.4,1870.0,1820.0087196636825,1814.5176902792616,35.147948497617975,5.491029384420926,37.5448398303414,53.99231313364186,1870.0,63.07639478399386,1996.1527895679878,1743.8472104320122,232400.0
LICN,2019-06-06,1713.0,1713.0,1675.0,1675.0,-2.67 %,1384.0,84000.0,-0.026728646135967482,-0.027092351952372633,1742.8,1857.0,1797.6996858692698,1804.183046554872,30.572027078841515,-6.483360685602065,28.73919972715271,53.42143362409601,1857.0,74.69728382294174,2006.3945676458834,1707.6054323541166,231016.0
LICN,2019-06-10,1708.0,1730.0,1645.0,1645.0,-1.79 %,2771.0,4625983.0,-0.017910447761193993,-0.018072781059694506,1710.8,1844.15,1774.2074265047668,1792.3917097730296,28.010777788264576,-18.18428326826279,19.35450312806961,55.67704550808915,1844.15,87.54864813046746,2019.247296260935,1669.0527037390652,228245.0
LICN,2019-06-11,1677.0,1690.0,1648.0,1668.0,1.40 %,240.0,33400.0,0.013981762917933072,0.013884919719219742,1690.6,1832.55,1757.8678224271102,1783.1775090491014,32.668134752056474,-25.309686621991204,10.421665178057449,54.9143994003685,1832.55,94.82642036900184,2022.2028407380037,1642.8971592619962,228485.0
LICN,2019-06-12,1665.0,1665.0,1650.0,1658.0,-0.60 %,1837.0,39792.0,-0.005995203836930418,-0.006013247223451746,1673.4,1820.6,1742.5035420537088,1773.9051009713903,31.707644692056192,-31.40155891768154,2.05702035890965,52.277656586056466,1820.6,101.12701757794055,2022.854035155881,1618.3459648441187,226648.0
LICN,2019-06-13,1690.0,1690.0,1643.0,1643.0,-0.90 %,1673.0,16440.0,-0.009047044632086831,-0.009088217657972183,1657.8,1807.75,1727.1953048146765,1764.2084268253614,30.269983141543378,-37.01312201068481,-5.757008115009242,51.90068111562386,1807.75,106.68244811983176,2021.1148962396635,1594.3851037603365,224975.0
LICN,2019-06-16,1650.0,1670.0,1641.0,1660.0,1.03 %,483.0,797907.0,0.010346926354229957,0.010293763313320728,1654.8,1796.0,1716.8575656124187,1756.489284097557,33.926458140739115,-39.63171848513821,-12.531950189035037,50.264918178793586,1796.0,109.47193824517912,2014.9438764903582,1577.0561235096418,225458.0
LICN,2019-06-17,1650.0,1650.0,1603.0,1637.0,-1.39 %,1306.0,2123261.0,-0.013855421686747027,-0.013952303979454054,1653.2,1783.1,1704.5717862874312,1747.6382260162566,31.51838129804581,-43.066439728825344,-18.6388480969931,50.7459954517369,1783.1,112.3551230883971,2007.8102461767942,1558.3897538232056,224152.0
LICN,2019-06-18,1637.0,1640.0,1590.0,1590.0,-2.87 %,2705.0,4345620.0,-0.028711056811240088,-0.02913128215685771,1637.6,1769.0,1686.9453576278265,1735.9613203854228,27.26027281257059,-49.0159627575963,-24.71427102911374,50.69271006232712,1769.0,118.15645292754563,2005.3129058550912,1532.6870941449088,221447.0
LICN,2019-06-19,1618.0,1618.0,1618.0,1618.0,1.76 %,10.0,16180.0,0.017610062893081757,0.017456802404159786,1629.6,1756.4,1676.3383795312377,1727.2234448013173,33.062161076563726,-50.88506527007962,-29.948429877306914,49.07180220073233,1756.4,120.23722166485048,1996.874443329701,1515.925556670299,221457.0
LICN,2019-06-20,1596.0,1619.0,1595.0,1606.0,-0.74 %,1202.0,1926370.0,-0.007416563658838027,-0.007444203111729971,1622.2,1740.45,1665.5170903725857,1718.2439303715903,31.888247193222213,-52.726839999004596,-34.50411190164645,47.280959186394306,1740.45,117.82881204258364,1976.1076240851673,1504.7923759148327,220255.0
LICN,2019-06-23,1609.0,1606.0,1575.0,1585.0,-1.31 %,1757.0,2772083.0,-0.013075965130759704,-0.013162208195326047,1607.2,1722.9,1653.1298456998802,1708.3740096033243,29.888255030568928,-55.24416390344413,-38.65212230200599,46.118033530223286,1722.9,113.21934928548899,1949.338698570978,1496.4613014290221,218498.0
LICN,2019-06-24,1580.0,1589.0,1570.0,1576.0,-0.57 %,1112.0,1754215.0,-0.005678233438485836,-0.005694415893556585,1595.0,1706.2,1641.2637155922064,1698.5685274104853,29.04741565077785,-57.30481181827895,-42.382660205260585,44.181031135207334,1706.2,108.71236795952103,1923.624735919042,1488.775264080958,217386.0
LICN,2019-06-25,1576.0,1600.0,1576.0,1577.0,0.06 %,594.0,943215.0,0.0006345177664974777,0.0006343165452139643,1592.4,1690.45,1631.3769901164824,1689.563451306005,29.285463004938933,-58.18646118952256,-45.54342040211298,42.73952891126395,1690.45,103.0480087399118,1896.5460174798236,1484.3539825201765,217980.0
LICN,2019-06-26,1585.0,1599.0,1585.0,1599.0,1.40 %,285.0,451915.0,0.013950538998097617,0.013854125870915812,1588.6,1675.1,1626.3959147139467,1682.85504750556,34.4925318401078,-56.45913279161323,-47.726562880013034,41.25813398903081,1675.1,91.46405678849047,1858.0281135769808,1492.171886423019,218265.0
LICN,2019-06-27,1590.0,1600.0,1590.0,1600.0,0.06 %,689.0,1097970.0,0.0006253908692932519,0.000625195393918318,1587.4,1659.95,1622.335004757955,1676.717636579222,34.72780632314479,-54.38263182126707,-49.05777666826384,39.02541013267147,1659.95,75.41427688370634,1810.7785537674126,1509.1214462325875,218954.0
LICN,2019-06-30,1600.0,1600.0,1571.0,1590.0,-0.62 %,462.0,735347.0,-0.006249999999999978,-0.006269613013595374,1588.4,1648.3,1617.3603886413466,1670.2941079437242,33.43460857345082,-52.93371930237754,-49.83296519508659,38.30930940890922,1648.3,66.35320164406966,1781.0064032881392,1515.5935967118608,218492.0
LICN,2019-07-01,1575.0,1600.0,1561.0,1600.0,0.63 %,1625.0,2576557.0,0.0062893081761006275,0.006269613013595395,1593.2,1638.05,1614.689559619601,1665.0871369849297,36.00112820648554,-50.39757736532874,-49.94588762913502,38.35864445112999,1638.05,55.88001714197056,1749.8100342839411,1526.2899657160588,220117.0
LICN,2019-07-02,1632.0,1640.0,1600.0,1620.0,1.25 %,3694.0,5944563.0,0.012499999999999956,0.01242251999855711,1601.8,1630.6,1615.5065504473546,1661.74734906012,40.90836261505991,-46.2407986127655,-49.204869825861124,38.47588413319213,1630.6,46.6773922511297,1723.9547845022594,1537.2452154977404,223811.0
LICN,2019-07-03,1652.0,1678.0,1620.0,1660.0,2.47 %,3720.0,6120475.0,0.024691358024691468,0.024391453124159263,1614.0,1626.4,1622.351696532377,1661.6179157964075,49.28410413376683,-39.2662192640305,-47.217139713495,39.870463837964124,1626.4,39.10094897216295,1704.601897944326,1548.198102055674,227531.0
LICN,2019-07-04,1632.0,1680.0,1631.0,1651.0,-0.54 %,1585.0,2619891.0,-0.005421686746987953,-0.005436437430460909,1624.2,1622.9,1626.7591278350883,1660.831403515192,47.64764237852352,-34.07227568010376,-44.58816690681676,40.52257356382383,1622.9,32.81511205138147,1688.530224102763,1557.2697758972372,225946.0
LICN,2019-07-07,1620.0,1630.0,1605.0,1620.0,-1.88 %,502.0,809660.0,-0.01877649909145973,-0.01895501569369826,1630.2,1620.15,1625.7192620143055,1657.8068551066592,42.42248938717108,-32.0875930923537,-42.088052143924145,40.91381830926499,1620.15,30.437641170060058,1681.0252823401202,1559.27471765988,225444.0
LICN,2019-07-08,1620.0,1620.0,1600.0,1610.0,-0.62 %,1569.0,2517580.0,-0.006172839506172867,-0.006191970247921107,1632.2,1618.4,1623.3009140121046,1654.26560658024,40.865666627950205,-30.964692568135433,-39.8633802287664,39.41997414431749,1618.4,29.935720609639187,1678.2714412192784,1558.5285587807218,223875.0
LICN,2019-07-09,1642.0,1642.0,1595.0,1601.0,-0.56 %,3221.0,5169046.0,-0.005590062111801242,-0.0056057449817939935,1628.4,1615.05,1619.8700041640886,1650.320006092815,39.46204577698911,-30.45000192872635,-37.9807045687584,39.961404562580526,1615.05,27.763048141415684,1670.5760962828313,1559.5239037171687,220654.0
LICN,2019-07-10,1632.0,1632.0,1600.0,1619.0,1.12 %,3308.0,5293524.0,0.011242973141786461,0.01118024068092052,1620.2,1613.1,1619.7361573696135,1648.0000056414954,43.63206473434245,-28.263848271881898,-36.0373333093831,39.39273280811049,1613.1,25.894319637151558,1664.888639274303,1561.3113607256969,223962.0
LICN,2019-07-11,1619.0,1630.0,1595.0,1600.0,-1.17 %,4080.0,6536424.0,-0.011735639283508292,-0.011805045449762477,1610.0,1610.95,1616.699825466596,1644.4444496680512,40.463656094699,-27.74462420145528,-34.378791487797535,39.07896617895974,1610.95,25.05252377238062,1661.0550475447612,1560.8449524552389,219882.0
LICN,2019-07-14,1632.0,1632.0,1595.0,1615.0,0.94 %,596.0,954885.0,0.009374999999999911,0.009331327428884222,1609.0,1608.7,1616.4383138563505,1642.2633793222697,43.92561782400638,-25.825065465919124,-32.66804628342185,38.93046859474833,1608.7,22.28310665285531,1653.2662133057106,1564.1337866942895,220478.0
LICN,2019-07-15,1619.0,1619.0,1597.0,1615.0,0.00 %,1541.0,2468002.0,0.0,0.0,1610.0,1607.6,1616.2170348015275,1640.2438697428422,43.925617823822996,-24.026834941314746,-30.939804015000433,37.721149409409165,1607.6,21.335416564886998,1650.270833129774,1564.9291668702258,220478.0
LICN,2019-07-16,1601.0,1601.0,1599.0,1600.0,-0.93 %,2205.0,3526460.0,-0.009287925696594423,-0.009331327428884305,1609.8,1608.1,1613.7221063705233,1637.2628423544834,41.15048109691258,-23.540735983960076,-29.459990408792365,36.16963873730852,1608.1,21.016033979030954,1650.1320679580617,1566.067932041938,218273.0
LICN,2019-07-17,1617.0,1620.0,1601.0,1620.0,1.25 %,782.0,1260190.0,0.012499999999999956,0.01242251999855711,1610.0,1608.2,1614.6879361596737,1635.9841132911884,46.04511999567942,-21.296177131514696,-27.82722775333683,35.01466454178648,1608.2,21.07030836827264,1650.3406167365454,1566.0593832634547,219055.0
LICN,2019-07-18,1610.0,1615.0,1602.0,1602.0,-1.11 %,1724.0,2773784.0,-0.011111111111111072,-0.011173300598125189,1610.4,1608.0,1612.7359459812624,1633.4667715659152,42.61018624108368,-20.730825584652848,-26.407947319600034,33.799331360230305,1608.0,21.11123422549171,1650.2224684509833,1565.7775315490167,217331.0
LICN,2019-07-21,1609.0,1609.0,1594.0,1599.0,-0.19 %,1964.0,3142507.0,-0.0018726591760299671,-0.0018744147943503039,1607.2,1608.7,1610.6227235226065,1630.9136773758473,42.04719041973506,-20.290953853240808,-25.184548626328187,32.456521977356715,1608.7,20.532644098641356,1649.7652881972826,1567.6347118027174,215367.0
LICN,2019-07-22,1600.0,1600.0,1580.0,1580.0,-1.19 %,3595.0,5706745.0,-0.011882426516572897,-0.011953586812941784,1600.2,1608.9,1605.9115352883593,1627.1422938665253,38.571248837545724,-21.230758578165933,-24.393790616695735,31.56677040754552,1608.9,20.214377374256205,1649.3287547485124,1568.4712452514877,211772.0
LICN,2019-07-23,1599.0,1599.0,1567.0,1571.0,-0.57 %,4358.0,6874596.0,-0.0056962025316456,-0.005712487765391361,1594.4,1608.6,1600.540529859381,1622.9836054319678,37.01049651261737,-22.44307557258685,-24.00364760787396,31.597715378435126,1608.6,20.750142675410498,1650.100285350821,1567.0997146491788,207414.0
LICN,2019-07-24,1580.0,1599.0,1577.0,1597.0,1.65 %,6041.0,9606044.0,0.01654996817313803,0.01641450995939118,1589.8,1608.5,1599.9958329579376,1621.0588939184888,44.05351196768953,-21.063060960551184,-23.415530278409406,31.340735708546905,1608.5,20.80359280704827,1650.1071856140966,1566.8928143859034,213455.0
LICN,2019-07-25,1190.0,1190.0,1155.0,1177.0,-0.90 %,2386.0,2789417.0,-0.26299311208515963,-0.30515804095473564,1504.8,1587.35,1534.9195509644087,1588.1656425171193,14.95803167465239,-53.246091552710595,-29.38164253326965,60.673540300793555,1587.35,98.78113766247007,1784.91227532494,1389.7877246750597,211069.0
LICN,2019-07-28,1177.0,1177.0,1136.0,1137.0,-3.40 %,2464.0,2826327.0,-0.03398470688190314,-0.03457561350974067,1412.4,1564.7,1473.7011585083458,1554.7459652936288,14.009067931109058,-81.04480678528307,-39.71427538367234,59.26828742216545,1564.7,141.0382926725823,1846.7765853451647,1282.6234146548354,208605.0
LICN,2019-07-29,1140.0,1159.0,1137.0,1140.0,0.26 %,428.0,487721.0,0.0026385224274405594,0.002635047638005032,1324.4,1541.7,1422.3625187378311,1524.0240419385452,14.447451300479145,-101.6615232007141,-52.10372494708069,56.60626689201077,1541.7,169.5952146792535,1880.890429358507,1202.5095706414932,209033.0
LICN,2019-07-30,1140.0,1140.0,1132.0,1133.0,-0.61 %,809.0,918451.0,-0.0061403508771930015,-0.006159280360534849,1236.8,1517.35,1377.8452081627802,1495.0592980912456,14.264714520783158,-117.21408992846546,-65.12579794335765,53.134390685438575,1517.35,191.3297718049756,1900.0095436099512,1134.6904563900487,208224.0
LICN,2019-07-31,1130.0,1144.0,1130.0,1144.0,0.97 %,650.0,750980.0,0.009708737864077666,0.00966191091173689,1146.2,1491.55,1341.8690222915832,1469.054905640042,16.061415067262942,-127.1858833484589,-77.5378150243779,50.339077065050105,1491.55,205.3575764624301,1902.26515292486,1080.8348470751398,208874.0
LICN,2019-08-01,1140.0,1144.0,1139.0,1139.0,-0.44 %,359.0,409571.0,-0.004370629370629375,-0.0043802084925610735,1138.6,1465.95,1310.6584034774935,1444.6063941111502,15.898324270258954,-133.94799063365667,-88.81985014623366,47.100571560403665,1465.95,216.06808746561572,1898.0861749312314,1033.8138250687687,208515.0
LICN,2019-08-04,1150.0,1160.0,1133.0,1160.0,1.84 %,2235.0,2547292.0,0.01843722563652328,0.018269320653228203,1143.2,1442.95,1287.4801875578792,1423.5244389918057,19.59135049195622,-136.04425143392655,-98.26473040377223,45.66481644894626,1442.95,223.17292681495684,1889.2958536299138,996.6041463700864,210750.0
LICN,2019-08-05,1150.0,1155.0,1144.0,1144.0,-1.38 %,2297.0,2629839.0,-0.01379310344827589,-0.01388911216066715,1144.0,1419.65,1265.4063125489747,1402.8189249924126,18.910024124872166,-137.41261244343787,-106.09430681170537,43.545900988307245,1419.65,229.0626839052812,1877.7753678105626,961.5246321894376,208453.0
LICN,2019-08-06,1141.0,1145.0,1141.0,1142.0,-0.17 %,727.0,829697.0,-0.0017482517482517723,-0.0017497817237877064,1145.8,1396.7,1246.4207260029784,1383.4990046226042,18.821909257090866,-137.07827861962573,-112.29110117328943,40.72119377485673,1396.7,232.89846443641056,1862.4969288728212,930.9030711271789,207726.0
LICN,2019-08-07,1155.0,1155.0,1147.0,1147.0,0.44 %,145.0,166555.0,0.004378283712784592,0.004368726913415168,1146.4,1373.1,1231.125229694828,1365.9805598357448,19.827696595588378,-134.85533014091675,-116.80394696681489,38.74110850522411,1373.1,233.10103975923795,1839.3020795184757,906.897920481524,207871.0
LICN,2019-08-08,1145.0,1151.0,1143.0,1143.0,-0.35 %,524.0,599764.0,-0.0034873583260680574,-0.0034934533345600885,1147.2,1350.25,1217.5675020494698,1349.4634813293933,19.61828389535495,-131.8959792799235,-119.82235342943662,36.54531504056525,1350.25,232.08502865611854,1814.420057312237,886.0799426877629,207347.0
LICN,2019-08-11,1135.0,1143.0,1132.0,1135.0,-0.70 %,2142.0,2430401.0,-0.006999125109361293,-0.0070237338793075685,1142.2,1326.25,1204.8648094264743,1333.5772975272162,19.18193110463774,-128.7124881007419,-121.60038036369768,34.72064968052487,1326.25,228.049596406238,1782.349192812476,870.1508071875239,205205.0
LICN,2019-08-12,1140.0,1145.0,1130.0,1145.0,0.88 %,4016.0,4547022.0,0.008810572687224738,0.008771986072837041,1142.4,1302.75,1195.6548387454782,1319.6086088214963,21.531387623417046,-123.95377007601815,-122.07105830616179,33.31203184620166,1302.75,220.83046009384307,1744.410920187686,861.0890798123139,209221.0
LICN,2019-08-13,1145.0,1147.0,1125.0,1125.0,-1.75 %,2514.0,2849480.0,-0.017467248908296984,-0.01762160134981956,1139.0,1279.0,1184.7848635538662,1305.1931563162002,20.26265537148167,-120.40829276233399,-121.73850519739622,32.50402957147298,1279.0,212.567264895746,1704.134529791492,853.865470208508,206707.0
LICN,2019-08-14,1130.0,1140.0,1115.0,1140.0,1.33 %,1106.0,1241225.0,0.01333333333333342,0.013245226750020723,1137.6,1255.0,1177.894884545579,1292.9566262187038,23.885194213725086,-115.06174167312474,-120.40315249254193,31.968027459224906,1255.0,198.6840920180767,1652.3681840361535,857.6318159638465,207813.0
LICN,2019-08-15,1140.0,1140.0,1125.0,1138.0,-0.18 %,84.0,94780.0,-0.0017543859649122862,-0.00175592670226492,1136.6,1231.8,1171.7572100001053,1281.478357609911,23.730391133245973,-109.72114760980571,-118.2667515159947,30.756025497851702,1231.8,182.46083934568432,1596.7216786913687,866.8783213086313,207729.0
LICN,2019-08-18,1125.0,1125.0,1120.0,1120.0,-1.58 %,1009.0,1131599.0,-0.01581722319859402,-0.015943650397136,1133.6,1207.85,1163.7945623077815,1269.5169977869548,22.327821700659356,-105.72243547917333,-115.75788830863043,29.844880819433723,1207.85,162.0166576880775,1531.8833153761548,883.8166846238449,206720.0
LICN,2019-08-19,1102.0,1129.0,1102.0,1120.0,0.00 %,878.0,982323.0,0.0,0.0,1128.6,1184.85,1157.0569373373535,1258.4416646175507,22.3278217005804,-101.38472728019724,-112.88325610294379,29.641675046617028,1184.85,137.14774016210916,1459.1454803242182,910.5545196757816,206720.0
LICN,2019-08-20,1129.0,1129.0,1116.0,1116.0,-0.36 %,175.0,195845.0,-0.0035714285714285587,-0.0035778213478839666,1126.8,1162.1,1150.7404854392992,1247.890430201436,21.992812223870317,-97.14994476213678,-109.73659383478238,28.452983971858668,1162.1,103.2772966338406,1368.654593267681,955.5454067323187,206545.0
LICN,2019-08-21,1116.0,1116.0,1114.0,1114.0,-0.18 %,128.0,142748.0,-0.0017921146953404632,-0.0017937224540268775,1121.6,1137.95,1145.0881030640223,1237.9726205568852,21.81655311881387,-92.88451749286287,-106.36617856639849,26.563485116725907,1137.95,14.812778977854522,1167.5755579557092,1108.324442044291,206417.0
LICN,2019-08-22,1113.0,1113.0,1110.0,1110.0,-0.36 %,60.0,66660.0,-0.0035906642728904536,-0.0035971261808494803,1116.0,1134.6,1139.689933361865,1228.493167182301,21.446351014324705,-88.80323382043593,-102.85358961720598,24.951807608388343,1134.6,12.979335803069846,1160.5586716061396,1108.6413283938602,206357.0
LICN,2019-08-25,1090.0,1098.0,1080.0,1098.0,-1.08 %,987.0,1071116.0,-0.010810810810810811,-0.010869672236903879,1111.6,1132.65,1133.2760974600396,1218.8270066502787,20.33171590601421,-85.55090919023905,-99.3930535318126,25.31239277921775,1132.65,15.31863330424388,1163.287266608488,1102.0127333915123,205370.0
LICN,2019-08-26,1080.0,1087.0,1040.0,1087.0,-1.00 %,1120.0,1191532.0,-0.010018214936247771,-0.010068734948266546,1105.0,1130.0,1126.1566978508029,1209.0620431947025,19.33946851538832,-82.90534534389963,-96.09551189423001,27.64722186641648,1130.0,18.278546527335703,1166.5570930546714,1093.4429069453286,204250.0
LICN,2019-08-27,1094.0,1094.0,1073.0,1080.0,-0.64 %,621.0,667523.0,-0.0064397424103035394,-0.006460567002944017,1097.8,1127.35,1119.0556674122179,1199.5018918469468,18.713585764182298,-80.44622443472895,-92.9656544023298,27.172420304529588,1127.35,21.396691824828753,1170.1433836496574,1084.5566163503424,203629.0
LICN,2019-08-28,1071.0,1075.0,1060.0,1075.0,-0.46 %,507.0,539290.0,-0.00462962962962965,-0.004640379556502225,1090.0,1123.9,1112.2778724257228,1190.2795294879136,18.259034464027508,-78.00165706219082,-89.972854934302,26.66010456849176,1123.9,23.97784064713292,1171.8556812942659,1075.9443187057343,203122.0
LICN,2019-08-29,1071.0,1075.0,1061.0,1061.0,-1.30 %,564.0,602974.0,-0.013023255813953472,-0.013108801947780021,1080.2,1120.0,1104.3889689756115,1180.7032680443644,17.012947991247557,-76.31429906875292,-87.24114376119219,25.755811385028064,1120.0,27.480136366671267,1174.9602727333424,1065.0397272666576,202558.0
LICN,2019-09-01,1046.0,1046.0,1019.0,1039.0,-2.07 %,1007.0,1038950.0,-0.020735155513666337,-0.020953147514755726,1068.4,1113.95,1094.3291275947483,1170.206729670708,15.251527502177666,-75.87760207595966,-84.9684354241457,26.916110571811775,1113.95,31.26874174827434,1176.4874834965487,1051.4125165034513,201551.0
LICN,2019-09-02,1022.0,1022.0,1002.0,1017.0,-2.12 %,710.0,718000.0,-0.02117420596727626,-0.021401595050667476,1054.4,1107.6,1082.4323387340178,1158.8580830284332,13.721593483109885,-76.42574429441538,-83.25989719819964,27.636388388110934,1107.6,37.181489452261665,1181.9629789045232,1033.2370210954766,200841.0
LICN,2019-09-03,1001.0,1019.0,995.0,1019.0,0.20 %,1022.0,1025332.0,0.001966568338249708,0.001964637174164816,1042.2,1101.45,1072.6735173903228,1148.498225026327,14.560684588339726,-75.82470763600418,-81.77285928576055,27.376646360388726,1101.45,41.15244444992771,1183.7548888998554,1019.1451111001446,201863.0
LICN,2019-09-04,1015.0,1028.0,1015.0,1028.0,0.88 %,500.0,507820.0,0.008832188420019538,0.008793412792385515,1032.8,1095.5,1065.8006685610424,1139.5724305799322,18.406257522898528,-73.77176201888983,-80.17263983238641,26.34974304893239,1095.5,42.790185790597036,1181.080371581194,1009.9196284188059,202363.0
LICN,2019-09-05,1015.0,1024.0,1015.0,1024.0,-0.39 %,640.0,651510.0,-0.0038910505836575737,-0.003898640415657309,1025.4,1089.55,1059.369796474728,1131.0115097962334,18.01809436262357,-71.64171332150545,-78.46645453021021,25.396189974008646,1089.55,44.091382377895194,1177.7327647557904,1001.3672352442096,201723.0
LICN,2019-09-08,1004.0,1040.0,1004.0,1040.0,1.56 %,365.0,367552.0,0.015625,0.015504186535965254,1025.6,1084.8,1056.3898277863082,1124.2699164779938,24.845395936498193,-67.88008869168561,-76.3491813625053,26.15360497586517,1084.8,44.05451168715561,1172.9090233743111,996.6909766256888,202088.0
LICN,2019-09-09,1040.0,1040.0,1000.0,1001.0,-3.75 %,709.0,724410.0,-0.03749999999999998,-0.03822121282019774,1022.4,1077.6,1047.8683158191839,1115.138811553698,20.388389112798862,-67.27049573451404,-74.53344423690706,27.142633191874804,1077.6,45.443313444727806,1168.4866268894555,986.7133731105444,201379.0
LICN,2019-09-10,986.0,1001.0,982.0,1001.0,0.00 %,318.0,313900.0,0.0,0.0,1018.8,1071.4,1040.6578056931555,1106.6840847719425,20.38838911269788,-66.02627907878696,-72.83201120528304,26.56101653531232,1071.4,47.065911230885824,1165.5318224617718,977.2681775382284,201379.0
LICN,2019-09-11,995.0,995.0,995.0,995.0,-0.60 %,100.0,99500.0,-0.005994005994006013,-0.006012042156627834,1012.2,1064.15,1033.6335278942086,1098.4111896036504,19.756045120904176,-64.77766170944187,-71.2211413061148,25.092372497075726,1064.15,47.11048045196121,1158.3709609039224,969.9290390960776,201279.0
LICN,2019-09-12,990.0,1014.0,985.0,1014.0,1.91 %,585.0,579392.0,0.019095477386934734,0.01891544699253576,1010.2,1057.95,1030.6129851412534,1092.1585088922689,27.431524614966506,-61.54552375101548,-69.28601779509495,25.3714887472846,1057.95,44.99178287542411,1147.9335657508482,967.9664342491518,201864.0
LICN,2019-09-15,1005.0,1005.0,985.0,995.0,-1.87 %,206.0,204930.0,-0.018737672583826415,-0.018915446992535688,1001.2,1051.7,1025.1340643502913,1084.9615823076565,24.86970520684808,-59.82751795736522,-67.394317827549,25.63066812247856,1051.7,44.59891431288662,1140.8978286257734,962.5021713742268,201658.0
LICN,2019-09-16,985.0,985.0,976.0,976.0,-1.91 %,520.0,508323.0,-0.019095477386934623,-0.01928015074550023,996.2,1044.5,1017.5749775271696,1076.8903539885707,22.597043137495874,-59.315376461401115,-65.77852955431943,25.15704897087295,1044.5,44.615904645785555,1133.7318092915712,955.2681907084288,201138.0
LICN,2019-09-17,989.0,1009.0,976.0,1009.0,3.38 %,1759.0,1728640.0,0.03381147540983598,0.033252433940516385,997.8,1039.15,1016.2557502152974,1071.8614388783062,33.89596973094987,-55.60568866300878,-63.7439613760573,25.71725975866774,1039.15,41.92508983756745,1123.000179675135,955.2998203248652,202897.0
LICN,2019-09-18,1025.0,1041.0,1005.0,1041.0,3.17 %,141.0,144101.0,0.031714568880079286,0.031222048261359926,1007.0,1035.5,1020.0625578744824,1069.575406368802,42.63996240037401,-49.512848494319655,-60.89773879970977,26.451741204477187,1035.5,38.06573262126099,1111.631465242522,959.3685347574781,203038.0
LICN,2019-09-19,1045.0,1061.0,1015.0,1015.0,-2.50 %,402.0,411560.0,-0.02497598463016326,-0.025293177139081132,1007.2,1030.75,1019.2837028168698,1065.5327836748168,38.2166965428519,-46.24908085794698,-57.96800721135721,27.84804540415739,1030.75,33.98896879861601,1098.727937597232,962.772062402768,202636.0
LICN,2019-09-22,1015.0,1015.0,981.0,1014.0,-0.10 %,762.0,761672.0,-0.0009852216748768017,-0.0009857073247591882,1011.0,1026.55,1018.4708254604283,1061.715540439645,38.053192436889255,-43.24471497921684,-55.02334876492914,28.28747073243186,1026.55,30.22281292411228,1086.9956258482246,966.1043741517753,201874.0
LICN,2019-09-23,1024.0,1024.0,1004.0,1004.0,-0.99 %,20.0,20280.0,-0.009861932938856066,-0.009910883899454019,1016.6,1022.4,1016.2445446203624,1057.4403152218936,36.37713574976624,-41.195770601531194,-52.25783313224955,27.695508537258156,1022.4,27.013446943748146,1076.4268938874964,968.3731061125037,201854.0
LICN,2019-09-24,1008.0,1008.0,990.0,990.0,-1.39 %,903.0,897664.0,-0.013944223107569709,-0.014042357123038881,1012.8,1017.9,1012.206922371076,1052.4447363165682,34.111886169589894,-40.237813945492235,-49.85382929489809,27.002972213168288,1017.9,24.2701896419526,1066.4403792839053,969.3596207160948,200951.0
LICN,2019-09-26,985.0,1004.0,985.0,1004.0,0.80 %,521.0,521597.0,0.014141414141414232,0.014042357123038984,1005.4,1014.35,1010.944318929372,1048.8562373301559,38.25274028149716,-37.91191840078386,-47.46544711607525,26.431331340799126,1014.35,20.355459632129705,1055.0609192642594,973.6390807357407,201472.0
LICN,2019-09-29,991.0,1000.0,990.0,1000.0,-0.40 %,1396.0,1386249.0,-0.003984063745019917,-0.00399202126953745,1002.4,1011.3,1009.2605775556224,1045.2372567871814,37.527062109564405,-35.97667923155905,-45.16769353917201,25.54337910217062,1011.3,17.345103965444526,1045.990207930889,976.6097920691109,200076.0
LICN,2019-09-30,997.0,998.0,996.0,998.0,-0.20 %,193.0,192329.0,-0.0020000000000000018,-0.0020020026706730793,999.2,1009.25,1007.5281810086035,1041.7382007288718,37.147601263114275,-34.21001972026829,-42.97615877539126,24.00456630915843,1009.25,16.289728762352382,1041.8294575247048,976.6705424752952,199883.0
LICN,2019-10-01,1004.0,1004.0,995.0,1000.0,0.20 %,260.0,259120.0,0.002004008016031955,0.0020020026706729687,998.4,1008.4,1006.3699993149721,1038.6464821563627,37.824658319501864,-32.27648284139059,-40.836223588591125,22.932811572789973,1008.4,16.30757008564955,1041.015140171299,975.7848598287009,200143.0
LICN,2019-10-02,1000.0,1000.0,998.0,998.0,-0.20 %,22.0,21980.0,-0.0020000000000000018,-0.0020020026706730793,1000.0,1007.35,1005.0823071126687,1035.6356316262618,37.39089388205143,-30.55332451359311,-38.77964377359152,21.437610746162118,1007.35,16.26515487632981,1039.8803097526597,974.8196902473404,200121.0
LICN,2019-10-03,987.0,999.0,985.0,999.0,0.10 %,1029.0,1022726.0,0.0010020040080160886,0.0010015023370896004,999.0,1005.9,1004.1465675568735,1032.9218811354276,37.77512949778822,-28.77531357855412,-36.77877773458404,20.906352835721968,1005.9,15.60667873205958,1037.1133574641192,974.6866425358808,201150.0
LICN,2019-10-10,981.0,981.0,981.0,981.0,-1.80 %,80.0,78480.0,-0.018018018018018056,-0.018182319083190474,995.2,1003.75,1000.5855571635083,1029.0758158661367,33.75900686523556,-28.490258702628466,-35.12107392819293,20.69875620459897,1003.75,15.94026678748602,1035.630533574972,971.869466425028,201070.0
LICN,2019-10-14,985.0,985.0,980.0,980.0,-0.10 %,880.0,862860.0,-0.0010193679918450993,-0.0010198879007455228,991.6,1000.75,997.4185483691224,1025.4405702464228,33.54562911907745,-28.022021877300404,-33.70126351801443,19.577416475699042,1000.75,14.322874600971442,1029.3957492019429,972.1042507980571,200190.0
LICN,2019-10-15,995.0,995.0,977.0,993.0,1.33 %,661.0,647864.0,0.013265306122449028,0.013178092380555036,990.2,1000.35,996.7387716969497,1023.037565042984,38.94803424479344,-26.29879334603436,-32.22076948361842,19.46474387029197,1000.35,14.426857264122361,1029.2037145282447,971.4962854717553,200851.0
LICN,2019-10-16,978.0,988.0,960.0,988.0,-0.50 %,810.0,790000.0,-0.0050352467270896595,-0.005047966297304809,988.2,999.7,995.3943452820344,1020.4421898546149,37.679279942021374,-25.047844572580516,-30.786184501410837,20.431547879556827,999.7,14.686549521080313,1029.0730990421607,970.3269009578394,200041.0
LICN,2019-10-21,991.0,991.0,969.0,980.0,-0.81 %,764.0,744341.0,-0.0080971659919028,-0.008130126083250176,984.4,998.95,993.0259844694137,1017.4464720876064,35.67673726182623,-24.420487618192624,-29.513045124767196,20.5435801738742,998.95,15.309010074682075,1029.5680201493642,968.3319798506359,199277.0
LICN,2019-10-22,991.0,991.0,972.0,987.0,0.71 %,221.0,215797.0,0.0071428571428571175,0.007117467768863955,985.6,997.6,992.0989099356577,1015.1911778588948,38.74446800428687,-23.092267923237046,-28.228889684461166,20.433324447168904,997.6,15.101063050533234,1027.8021261010665,967.3978738989335,199498.0
LICN,2019-10-23,980.0,990.0,970.0,980.0,-0.71 %,2145.0,2102256.0,-0.007092198581560294,-0.0071174677688639896,985.6,996.85,990.2375391763258,1012.5844239434211,36.851724881935155,-22.34688476709539,-27.052488700988015,20.402372700942554,996.85,15.601197659605138,1028.0523953192103,965.6476046807898,197353.0
LICN,2019-10-24,989.0,1020.0,989.0,1000.0,2.04 %,425.0,423460.0,0.020408163265306145,0.02020270731751947,987.0,998.05,991.7394562261218,1011.6522443920567,45.10343204958357,-19.9127881659349,-25.624548593977394,21.802203222303802,998.05,14.81633167162345,1027.6826633432468,968.417336656753,197778.0
LICN,2019-11-03,1001.0,1001.0,1000.0,1000.0,0.00 %,120.0,120020.0,0.0,0.0,989.4,997.6,993.0103091144108,1010.7891151778304,45.10343204926622,-17.77880606341955,-24.055400087865827,20.316331563567818,997.6,14.601369798516242,1026.8027395970325,968.3972604029675,197778.0
LICN,2019-11-04,1000.0,1000.0,980.0,997.0,-0.30 %,626.0,617184.0,-0.0030000000000000027,-0.0030045090202987243,992.8,995.4,993.6241077121937,1009.7676992387318,44.100917766722894,-16.143591526538103,-22.473038375600282,20.293736451884403,995.4,10.439802377306526,1016.279604754613,974.5203952453869,197152.0
LICN,2019-11-05,998.0,998.0,982.0,990.0,-0.70 %,144.0,142582.0,-0.007021063189568744,-0.0070458268332027575,993.4,994.15,993.0665526795485,1008.303425221048,41.76806767923679,-15.236872541499451,-21.02580520878012,19.987040991035517,994.15,9.415971872769374,1012.9819437455387,975.3180562544612,197008.0
LICN,2019-11-06,996.0,996.0,992.0,992.0,0.20 %,60.0,59560.0,0.002020202020202033,0.0020181641562371953,995.8,993.05,992.9024676519257,1007.0957640935629,42.700688794339435,-14.193296441637244,-19.659303455351544,18.98796663453298,993.05,8.17875939590741,1009.4075187918148,976.6924812081851,197068.0
LICN,2019-11-07,990.0,990.0,985.0,988.0,-0.40 %,81.0,79995.0,-0.0040322580645161255,-0.004040409537004974,993.4,992.25,992.1482418593217,1005.6812630495954,41.27683590633045,-13.533021190273644,-18.434047002335966,18.13168330349491,992.25,7.826237920800752,1007.9024758416015,976.5975241583985,196987.0
LICN,2019-11-10,982.0,982.0,980.0,980.0,-0.81 %,689.0,675578.0,-0.0080971659919028,-0.008130126083250176,989.4,991.75,990.2792815732723,1003.7789472681438,38.51098036567301,-13.49966569487151,-17.447170740843077,17.40799163895956,991.75,8.283623666343576,1008.3172473326872,975.1827526673128,196298.0
LICN,2019-11-11,999.0,999.0,980.0,998.0,1.84 %,275.0,270107.0,0.01836734693877551,0.01820070464684637,989.6,991.45,991.4670844081535,1003.3508771001332,47.10004036536558,-11.883792691979693,-16.3344951310704,17.521706521891023,991.45,7.917169881993309,1007.2843397639866,975.6156602360135,196573.0
LICN,2019-11-12,998.0,998.0,998.0,998.0,0.00 %,60.0,59880.0,0.0,0.0,991.2,991.35,992.4721483453607,1002.9545158334568,47.10004036497197,-10.482367488096088,-15.16406960247554,16.270156056041664,991.35,7.815470487458909,1006.9809409749179,975.7190590250822,196573.0
LICN,2019-11-13,981.0,982.0,980.0,982.0,-1.60 %,135.0,132457.0,-0.01603206412825653,-0.0161619679569981,989.2,990.55,990.8610485999205,1001.4023294754229,41.171335077867354,-10.541280875502366,-14.239511857080906,16.393716337752974,990.55,7.917169881992881,1006.3843397639857,974.7156602360142,196438.0
LICN,2019-11-14,982.0,980.0,965.0,978.0,-0.41 %,203.0,197510.0,-0.004073319755600768,-0.004081638319648507,987.2,989.45,988.8824257383943,999.6688235883546,39.82180004656411,-10.78639784996028,-13.548889055656781,16.43702231362776,989.45,8.06209454261181,1005.5741890852237,973.3258109147764,196235.0
LICN,2019-11-17,995.0,995.0,995.0,995.0,1.74 %,50.0,49750.0,0.017382413087934534,0.017233067123775408,990.2,989.3,989.8235910094106,999.322984804032,47.67225530414099,-9.49939379462137,-12.7389900034497,16.477235005511492,989.3,7.921323652901073,1005.1426473058021,973.4573526941978,196285.0
LICN,2019-11-18,990.0,990.0,973.0,990.0,-0.50 %,1453.0,1425095.0,-0.005025125628140725,-0.005037794029957181,988.6,988.85,989.8507308541166,998.6323933370667,45.7805962608909,-8.781662482950082,-11.947524499349779,16.87171821940353,988.85,7.5899864775766295,1004.0299729551533,973.6700270448467,194832.0
LICN,2019-11-19,980.0,990.0,971.0,990.0,0.00 %,521.0,507410.0,0.0,0.0,987.0,989.3,989.8736953380987,997.9929567935803,45.78059626049963,-8.119261455481592,-11.181871890576142,17.023738346588992,989.3,7.363494593230606,1004.0269891864612,974.5730108135388,194832.0
LICN,2019-11-20,990.0,1008.0,953.0,955.0,-3.54 %,2276.0,2194697.0,-0.03535353535353536,-0.03599360264790537,981.6,988.05,984.5085114399296,994.8082933273893,34.626135237626286,-10.29978188745963,-11.00545388995284,19.736328464689777,988.05,10.485453582704611,1009.0209071654092,967.0790928345907,192556.0
LICN,2019-11-21,974.0,974.0,936.0,970.0,1.57 %,607.0,573744.0,0.015706806282722585,0.01558473101669833,980.0,986.9,982.2764327568634,992.9706419698049,41.23454749687887,-10.694209212941473,-10.943204954550568,21.04087643149765,986.9,11.153946669620055,1009.2078933392401,964.5921066607599,193163.0
LICN,2019-11-24,955.0,955.0,902.0,928.0,-4.33 %,2550.0,2354872.0,-0.043298969072164906,-0.04426433871122789,966.6,983.9,973.9262123327305,988.1580018238934,31.601845444742324,-14.231789491162885,-11.600921861873033,24.395099543533533,983.9,17.247120278111723,1018.3942405562234,949.4057594437766,190613.0
LICN,2019-11-25,912.0,928.0,892.0,915.0,-1.40 %,1568.0,1416818.0,-0.014008620689655138,-0.014107667510679225,951.6,980.65,964.8606412046181,982.7388905776791,29.318813293788025,-17.878249373060953,-12.856387364110617,25.224021004709712,980.65,23.13865528534326,1026.9273105706866,934.3726894293135,189045.0
LICN,2019-11-26,928.0,928.0,910.0,915.0,0.00 %,988.0,905562.0,0.0,0.0,936.6,977.05,957.1897733269846,977.7211949793325,29.318813293612564,-20.531421652347944,-14.391394221758084,24.708019504373304,977.05,27.32162243763065,1031.6932448752614,922.4067551247387,189045.0
LICN,2019-11-27,910.0,915.0,907.0,915.0,0.00 %,810.0,737536.0,0.0,0.0,928.6,973.8,950.699038968987,973.0751805364189,29.318813293423602,-22.376141567431887,-15.988343690892846,23.514589539775212,973.8,30.619223407821796,1035.0384468156435,912.5615531843564,189045.0
LICN,2019-11-28,900.0,928.0,900.0,925.0,1.09 %,200.0,182100.0,0.010928961748633892,0.010869672236903891,919.6,970.05,946.7453406660659,969.5140560522397,33.90625581407171,-22.768715386173767,-17.34441802994903,23.83497600121984,970.05,31.81107883796015,1033.6721576759203,906.4278423240796,189245.0
LICN,2019-12-01,910.0,949.0,900.0,949.0,2.59 %,1569.0,1435780.0,0.025945945945945903,0.02561506109750263,923.8,967.5,947.092211332825,967.9944963446663,43.400779425600604,-20.9022850118414,-18.055991426327502,25.632477715418425,967.5,31.32428014030939,1030.1485602806188,904.8514397193812,190814.0
LICN,2019-12-02,931.0,931.0,913.0,913.0,-3.79 %,419.0,385767.0,-0.037934668071654354,-0.038672918014959375,923.4,963.3,941.8472557431595,963.9208299487652,35.226365838366206,-22.073574205605723,-18.859507982183146,26.373015021459963,963.3,32.75924939685573,1028.8184987937113,897.7815012062885,190395.0
LICN,2019-12-03,920.0,936.0,918.0,925.0,1.31 %,74.0,68400.0,0.013143483023001057,0.013057856917456688,925.4,960.05,939.2553702442119,961.0378055081159,39.32847681212404,-21.78243526390395,-19.444093438527307,26.132085377069966,960.05,33.192381814492514,1026.434763628985,893.6652363710149,190469.0
LICN,2019-12-04,925.0,962.0,918.0,954.0,3.14 %,2328.0,2194855.0,0.03135135135135125,0.030869933935861238,933.2,958.15,941.5237748220254,960.5164865815888,47.91340291715243,-18.99271175956335,-19.353817102734517,27.40836499299354,958.15,32.34399806021265,1022.8379961204253,893.4620038795747,192797.0
LICN,2019-12-05,968.0,978.0,956.0,978.0,2.52 %,2206.0,2129452.0,0.02515723270440251,0.024845998586530804,943.8,957.65,947.135501772483,961.8115616496192,53.746440209227565,-14.67605987713614,-18.418265657614842,27.164910350636863,957.65,31.93294784211844,1021.5158956842369,893.7841043157631,195003.0
LICN,2019-12-08,959.0,970.0,959.0,969.0,-0.92 %,900.0,870500.0,-0.009202453987730008,-0.00924505814405105,947.8,957.1,950.4992707305626,962.3440385644622,51.4208972347483,-11.844767833899596,-17.103566092871795,26.581702468448515,957.1,31.620945756239355,1020.3418915124787,893.8581084875213,194103.0
LICN,2019-12-09,981.0,995.0,971.0,990.0,2.17 %,2232.0,2182846.0,0.021671826625387025,0.021440331237869408,963.2,956.7,956.5763060027837,964.392628300428,56.18478063715877,-7.816322297644319,-15.246117333826302,26.540152292130767,956.7,31.123015683829085,1018.9460313676582,894.4539686323419,196335.0
LICN,2019-12-10,971.0,999.0,965.0,998.0,0.81 %,2482.0,2393668.0,0.008080808080808133,0.008048333182828415,977.8,956.7,962.9491820023554,966.8820632411371,57.8793602176198,-3.932881238781647,-12.983470114817372,27.07299855697857,956.7,31.123015683829085,1018.9460313676582,894.4539686323419,198817.0
LICN,2019-12-11,1002.0,1010.0,979.0,1000.0,0.20 %,2453.0,2456066.0,0.002004008016031955,0.0020020026706729687,987.0,957.6,968.6493078481469,969.3352437417936,58.31342829788351,-0.6859358936467288,-10.523963270583243,27.353498660051528,957.6,32.13687830765677,1021.8737566153136,893.3262433846864,201270.0
LICN,2019-12-12,1004.0,1076.0,1000.0,1060.0,6.00 %,8796.0,9072192.0,0.06000000000000005,0.058268908123975824,1003.4,961.7,982.7032604868936,976.0511516127718,68.72589669363468,6.652108874121723,-7.08874884164225,30.828248755762132,961.7,39.3072914086876,1040.3145828173751,883.0854171826248,210066.0
LICN,2019-12-15,1039.0,1055.0,1019.0,1035.0,-2.36 %,4999.0,6378572.0,-0.02358490566037741,-0.02386748140664343,1016.6,963.7,990.7489127196791,980.4177329747887,61.79937726856108,10.331179744890392,-3.604763124335722,31.554802416064838,963.7,42.01516017110121,1047.7303203422025,879.6696796577976,205067.0
LICN,2019-12-16,1040.0,1040.0,1000.0,1000.0,-2.53 %,1528.0,1534990.0,-0.033816425120772986,-0.034401426717332435,1018.6,964.2,992.1721569166516,981.8682712729526,53.64751276581499,10.303885643699005,-0.8230333707287767,32.158030814917346,964.2,42.40233360004622,1049.0046672000924,879.3953327999076,203539.0
LICN,2019-12-17,1000.0,1022.0,1000.0,1019.0,1.90 %,1166.0,1174510.0,0.018999999999999906,0.018821754240587667,1022.8,965.65,996.2995173910128,984.6187696971783,56.96610398373979,11.680747693834519,1.6777228421838823,31.432457185280395,965.65,43.80371889995712,1053.2574377999142,878.0425622000857,204705.0
LICN,2019-12-18,1000.0,1018.0,999.0,1018.0,-0.10 %,363.0,417619.0,-0.0009813542688911214,-0.000981836112256813,1026.4,968.8,999.6380531770109,987.0914534233133,56.735869952411385,12.546599753697592,3.8514982244866247,30.61585310061751,968.8,45.2392470502882,1059.2784941005764,878.3215058994235,204342.0
LICN,2019-12-19,1009.0,1009.0,989.0,1007.0,-2.14 %,1294.0,1292138.0,-0.01080550098231825,-0.010864304391905737,1015.8,970.65,1000.7706603805476,988.566160577142,54.143615547854864,12.20449980340561,5.522098540270422,30.500435022001973,970.65,46.04034272122167,1062.7306854424432,878.5693145575566,203048.0
LICN,2019-12-22,1020.0,1020.0,989.0,989.0,-1.79 %,2047.0,2035114.0,-0.01787487586891756,-0.018036561095850164,1006.6,973.7,998.9597895527711,988.598296830687,50.109017333439084,10.361492722084108,6.48997737663316,30.53611823471612,973.7,45.07665984909185,1063.8533196981837,883.5466803018163,201001.0
LICN,2019-12-23,1008.0,1028.0,998.0,1025.0,3.64 %,2240.0,2246777.0,0.03640040444893833,0.03575355994979645,1011.6,979.2,1002.9659757754217,991.2947192876732,57.00896255887572,11.671256487748565,7.526233198856241,31.140681217950682,979.2,44.240491098364316,1067.6809821967286,890.7190178032714,203241.0
LICN,2019-12-24,1005.0,1040.0,1005.0,1035.0,0.98 %,630.0,644476.0,0.009756097560975618,0.009708814126960903,1014.8,985.2,1007.8942871945876,994.5321474885862,58.716923074499874,13.362139706001358,8.693414500285265,31.41634684523992,985.2,43.2003898617066,1071.6007797234133,898.7992202765869,203871.0
LICN,2019-12-25,1045.0,1045.0,1020.0,1025.0,-0.97 %,595.0,611660.0,-0.009661835748792313,-0.009708814126960938,1016.2,990.7,1010.5259353184972,996.7890254523948,56.30783108440345,13.736909866102451,9.702113573448703,30.958036356294212,990.7,40.72384533587568,1072.1476906717514,909.2523093282487,203276.0
LICN,2019-12-26,1025.0,1030.0,1015.0,1028.0,0.29 %,3544.0,3624638.0,0.0029268292682926855,0.0029225544426018666,1020.4,995.85,1013.2142529618053,999.1009494929581,56.87941587950509,14.11330346884722,10.584351552528407,29.81817661655891,995.85,38.42597120634541,1072.7019424126909,918.9980575873092,206820.0
LICN,2019-12-29,1035.0,1060.0,1028.0,1045.0,1.65 %,4197.0,4373055.0,0.01653696498054469,0.016401718383800903,1031.6,1000.65,1018.1043678907583,1002.5008791601464,60.06740579239027,15.603488730611957,11.588178988145119,29.97402114394756,1000.65,38.261255653775294,1077.1725113075506,924.1274886924493,211017.0
LICN,2019-12-30,1050.0,1109.0,1039.0,1100.0,5.26 %,19211.0,20798243.0,0.05263157894736836,0.05129329438755048,1046.6,1010.0,1030.7036959075647,1009.7230362593948,68.24675677989869,20.980659648169876,13.466675120150072,32.83301963366559,1010.0,38.562321397603135,1087.1246427952062,932.8753572047938,230228.0
LICN,2019-12-31,1115.0,1122.0,1080.0,1105.0,0.45 %,6807.0,7525011.0,0.00454545454545463,0.004535155165391363,1060.6,1019.0,1042.1338965371701,1016.7805891290693,68.87099246576989,25.353307408100818,15.844001577740222,33.487803945546624,1019.0,38.684962398619845,1096.3699247972397,941.6300752027603,237035.0
LICN,2020-01-01,1088.0,1117.0,1087.0,1090.0,-1.36 %,4735.0,5181225.0,-0.013574660633484115,-0.013667638728663757,1073.6,1025.8,1049.4979124545287,1022.2042491935828,64.75798259699175,27.29366326094589,18.13393391438136,33.2386750922933,1025.8,38.610879295778886,1103.0217585915577,948.5782414084422,232300.0
LICN,2020-01-02,1082.0,1099.0,1073.0,1074.0,-1.47 %,1945.0,2098534.0,-0.014678899082568808,-0.014787700154379389,1082.8,1030.6,1053.2674643846012,1026.0409714755397,60.600656011114474,27.226492909061562,19.952445713317402,32.721626871415204,1030.6,38.32190523768193,1107.2438104753637,953.9561895246361,230355.0
LICN,2020-01-05,1078.0,1109.0,1078.0,1098.0,2.23 %,6674.0,7279454.0,0.022346368715083775,0.02210034700066592,1093.4,1037.05,1060.1493929408164,1031.371269884759,64.3026271575848,28.77812305605744,21.717581181865413,32.884367809171266,1037.05,38.26428181935712,1113.5785636387143,960.5214363612857,237029.0
LICN,2020-01-06,1096.0,1105.0,1096.0,1099.0,0.09 %,2581.0,2841040.0,0.0009107468123861207,0.0009103323341453856,1093.2,1042.5,1066.12640941146,1036.3808054488509,64.45250123662632,29.74560396260904,23.32318573801414,31.178341537087604,1042.5,38.96624720249513,1120.4324944049902,964.5675055950097,239610.0
LICN,2020-01-07,1095.0,1107.0,1095.0,1101.0,0.18 %,501.0,550196.0,0.0018198362147405778,0.001818182319058505,1092.4,1047.65,1071.4915771943122,1041.1674124526398,64.77107088293555,30.324164741672348,24.72338153874578,29.808459998724206,1047.65,39.57707337380407,1126.8041467476082,968.495853252392,240111.0
LICN,2020-01-08,1115.0,1119.0,1090.0,1090.0,-1.00 %,1661.0,1832248.0,-0.009990917347865613,-0.010041161499490615,1092.4,1052.15,1074.3390268567257,1044.7846411598516,61.50623138002732,29.55438569687408,25.68958237037144,29.75071285595819,1052.15,38.98619863751691,1130.122397275034,974.1776027249663,238450.0
LICN,2020-01-09,1100.0,1110.0,1100.0,1110.0,1.83 %,2119.0,2340412.0,0.0183486238532109,0.01818231908319033,1099.6,1054.65,1079.8253304172295,1049.615408481344,64.96415465975255,30.209921935885404,26.593650283474233,29.05423336624689,1054.65,41.063846308859425,1136.777692617719,972.5223073822813,240569.0
LICN,2020-01-12,1110.0,1185.0,1110.0,1185.0,6.76 %,12963.0,14985418.0,0.06756756756756754,0.06538275926285171,1117.0,1062.15,1096.0060488145787,1059.6438967419851,74.29086261634733,36.36215207259352,28.547350641298088,32.3360738400864,1062.15,50.00976220482305,1162.169524409646,962.130475590354,253532.0
LICN,2020-01-13,1208.0,1208.0,1160.0,1169.0,-1.35 %,5944.0,6996717.0,-0.013502109704641385,-0.013594092097163184,1131.0,1070.6,1107.2358874584897,1067.7443488351714,70.00918279249565,39.49153862331832,30.736188237702134,33.45492570865166,1070.6,53.135774449134786,1176.8715488982696,964.3284511017304,247588.0
LICN,2020-01-14,1146.0,1168.0,1146.0,1160.0,-0.77 %,1925.0,2220538.0,-0.007698887938408894,-0.00772867737165808,1142.8,1077.65,1115.3534432341066,1074.578100773307,67.64741496168492,40.77534246079972,32.74401908232166,32.70814530089083,1077.65,55.241360362779176,1188.1327207255586,967.1672792744417,245663.0
LICN,2020-01-15,1159.0,1159.0,1120.0,1120.0,-3.45 %,5631.0,6445956.0,-0.03448275862068961,-0.03509131981127006,1148.8,1082.75,1116.0682981211671,1077.94268590121,58.24306874430516,38.12561221995702,33.82033770984873,33.22899206511291,1082.75,54.14199168068645,1191.033983361373,974.4660166386271,240032.0
LICN,2020-01-16,1140.0,1198.0,1140.0,1198.0,5.09 %,6835.0,7983137.0,0.06964285714285712,0.06732481438625441,1166.4,1092.3,1128.6731753332951,1086.8358202788982,67.67894483026619,41.837355054396994,35.423741178758384,36.42692120331913,1092.3,56.85447721104354,1206.008954422087,978.5910455779128,246867.0
LICN,2020-01-19,1198.0,1261.0,1198.0,1254.0,4.67 %,8454.0,10487328.0,0.046744574290484175,0.04568494251747138,1180.2,1105.55,1147.954225282019,1099.2183521100908,72.48606019604995,48.73587317192823,38.08616757739236,38.32499826022491,1105.55,62.14624094144149,1229.842481882883,981.257518117117,255321.0
LICN,2020-01-20,1252.0,1252.0,1157.0,1220.0,-2.71 %,4624.0,5647828.0,-0.027113237639553422,-0.027487583465563757,1190.4,1115.3,1159.038190623247,1108.1651408426767,66.06177481486102,50.87304978057023,40.64354401802794,42.51606981306599,1115.3,64.10936379585802,1243.518727591716,987.0812724082839,250697.0
LICN,2020-01-21,1205.0,1230.0,1181.0,1225.0,0.41 %,4684.0,5655496.0,0.004098360655737654,0.004089985251525066,1203.4,1124.8,1169.1861612965936,1116.81957485433,66.53154106885401,52.3665864422635,42.98815250287505,42.97920768356128,1124.8,65.64305390755173,1256.0861078151033,993.5138921848965,255381.0
LICN,2020-01-22,1220.0,1272.0,1201.0,1247.0,1.80 %,3155.0,3904677.0,0.01795918367346938,0.017799822701209084,1228.8,1135.9,1181.1575210971178,1126.462569309565,68.59158316341252,54.69495178755278,45.3295123598106,44.98069284902119,1135.9,66.64114423730432,1269.1822884746086,1002.6177115253914,258536.0
LICN,2020-01-23,1254.0,1274.0,1235.0,1253.0,1.87 %,22271.0,28039924.0,0.004811547714514752,0.004800009216031768,1239.8,1147.15,1192.2102101590997,1135.8357123236713,69.14930617989408,56.37449783542843,47.53850945493417,44.55350050266253,1147.15,66.45875254221833,1280.0675050844368,1014.2324949155634,280807.0
LICN,2020-01-26,1229.0,1237.0,1216.0,1234.0,-1.52 %,7897.0,10109645.0,-0.015163607342378316,-0.015279750430735203,1235.8,1156.6,1198.6394085961613,1143.1071410404363,65.20097437980766,55.53226755572496,49.13726107509233,44.013964752472354,1156.6,64.57993822424139,1285.7598764484826,1027.4401235515172,272910.0
LICN,2020-01-27,1229.0,1245.0,1203.0,1230.0,0.16 %,9115.0,11136437.0,-0.0032414910858995505,-0.003246756098869981,1237.8,1163.1,1203.4641149659826,1149.5436491115152,64.36770596529908,53.920465854467466,50.093902030967364,43.87011012729576,1163.1,65.12328389491283,1293.3465677898255,1032.8534322101743,263795.0
LICN,2020-01-28,1254.0,1277.0,1227.0,1264.0,2.76 %,23803.0,29730763.0,0.027642276422764178,0.027267126340339506,1245.6,1171.05,1212.7773280481392,1158.0218973254769,68.09960975464628,54.75543072266237,51.02620776930637,44.30795940391749,1171.05,67.32519275086915,1305.7003855017383,1036.3996144982616,287598.0
LICN,2020-01-29,1270.0,1279.0,1240.0,1255.0,-0.71 %,1842.0,2313712.0,-0.007120253164557,-0.007145723140918509,1247.2,1179.3,1219.2731237330408,1165.2054604865527,66.12535608049146,54.06766324648811,51.63449886474272,43.92881944649481,1179.3,66.9792583762015,1313.258516752403,1045.341483247597,285756.0
LICN,2020-01-30,1255.0,1276.0,1250.0,1250.0,-0.40 %,12904.0,16324896.0,-0.003984063745019917,-0.00399202126953745,1246.6,1188.1,1224.0003354664193,1171.486537487549,64.99797603536622,52.51379797887034,51.81035868756824,42.648189486030894,1188.1,63.907746009341054,1315.915492018682,1060.2845079813178,272852.0
LICN,2020-02-02,1275.0,1275.0,1241.0,1250.0,0.00 %,7500.0,9376831.0,0.0,0.0,1249.8,1195.7,1228.000283856201,1177.3023495255084,64.99797603512754,50.69793433069253,51.5878738161931,42.03046166560012,1195.7,61.62629308983712,1318.9525861796742,1072.447413820326,272852.0
LICN,2020-02-03,1260.0,1260.0,1235.0,1246.0,-0.32 %,1729.0,2149765.0,-0.0031999999999999806,-0.0032051309489483358,1253.0,1203.05,1230.7694709552468,1182.3910643754707,63.985824715984826,48.37840657977608,50.9459803689097,40.81400011805726,1203.05,58.15449025515284,1319.3589805103056,1086.7410194896943,271123.0
LICN,2020-02-04,1249.0,1249.0,1225.0,1225.0,-1.69 %,4011.0,4984236.0,-0.016853932584269704,-0.016997576368571136,1245.2,1209.25,1229.881860039055,1185.5472818291394,58.808233784039274,44.33457820991566,49.6236999371109,39.6130001096246,1209.25,53.091653620933045,1315.433307241866,1103.066692758134,267112.0
LICN,2020-02-05,1217.0,1231.0,1217.0,1231.0,0.49 %,6067.0,7388877.0,0.004897959183673528,0.0048860032056262095,1240.4,1216.3,1230.053881571508,1188.9141498417957,59.80890282590282,41.139731729712366,47.9269062956312,37.783500101794274,1216.3,45.19792729289258,1306.6958545857851,1125.9041454142148,273179.0
LICN,2020-02-06,1231.0,1234.0,1216.0,1216.0,-1.22 %,8626.0,10573571.0,-0.012185215272136452,-0.012260063658341171,1233.6,1221.6,1227.8917459451222,1190.920509112774,56.137295496044665,36.97123683234827,45.73577240297462,36.37039295166611,1221.6,37.66388749249508,1296.92777498499,1146.2722250150098,264553.0
LICN,2020-02-09,1234.0,1234.0,1209.0,1230.0,1.15 %,3686.0,4493069.0,0.011513157894736947,0.011447385840350967,1229.6,1223.85,1228.2160927227958,1193.8152862155314,58.68649538149444,34.400806507264406,43.46877922383258,35.55822202654711,1223.85,36.69400495986657,1297.238009919733,1150.4619900802668,268239.0
LICN,2020-02-10,1250.0,1250.0,1215.0,1215.0,-1.22 %,1139.0,1389825.0,-0.012195121951219523,-0.01227009259181436,1223.4,1226.15,1226.1828476885196,1195.3845242736402,54.99836576183486,30.798323414879405,40.93468806204194,35.51834902465089,1226.15,34.44793936232643,1295.045878724653,1157.2541212753472,267100.0
LICN,2020-02-11,1239.0,1239.0,1210.0,1210.0,-0.41 %,5627.0,6873830.0,-0.004115226337448541,-0.004123717183862041,1220.4,1228.65,1223.6931788133627,1196.4671521052223,53.78499763300315,27.226026708140353,38.192955791261625,35.05275266574725,1228.65,31.040338779943998,1290.7306775598881,1166.569322440112,261473.0
LICN,2020-02-12,1234.0,1238.0,1222.0,1230.0,1.65 %,6236.0,7670850.0,0.016528925619834656,0.016393809775676352,1220.2,1234.15,1224.6634589959224,1198.9510667640948,57.795900217403656,25.712392231827607,35.69684307937482,34.54898461819388,1234.15,17.61959136855305,1269.3891827371062,1198.910817262894,267709.0
LICN,2020-02-13,1250.0,1275.0,1236.0,1245.0,1.22 %,8936.0,11151207.0,0.012195121951219523,0.01212136053234482,1226.0,1236.5,1227.7921576119343,1202.3620988556434,60.56052505715879,25.43005875629092,33.64348621475804,35.29548571689432,1236.5,15.558040736987227,1267.6160814739744,1205.3839185260256,276645.0
LICN,2020-02-16,1255.0,1350.0,1249.0,1326.0,6.51 %,16980.0,22275509.0,0.06506024096385543,0.06303136184699984,1245.2,1240.1,1242.9010564408675,1211.5204619033734,71.44018638922421,31.380594537494062,33.19090787930524,40.27437959425901,1240.1,25.17705722520308,1290.454114450406,1189.7458855495938,293625.0
LICN,2020-02-17,1352.0,1401.0,1352.0,1393.0,5.05 %,22103.0,30452570.0,0.05052790346907998,0.049292803033997926,1280.8,1248.75,1265.993201603811,1224.9633906512718,77.07383893450685,41.029810952539265,34.75868849395205,42.75478105181194,1248.75,42.00360260232269,1332.7572052046453,1164.7427947953547,315728.0
LICN,2020-02-18,1390.0,1404.0,1366.0,1390.0,-0.22 %,11859.0,16399639.0,-0.002153625269203152,-0.0021559476550682528,1316.8,1257.0,1285.07117058784,1237.1883246771035,76.34763033523008,47.88284591073648,37.383519977308936,42.41515383382537,1257.0,52.08697180268702,1361.173943605374,1152.826056394626,303869.0
LICN,2020-02-19,1406.0,1407.0,1372.0,1390.0,0.00 %,5285.0,7313795.0,0.0,0.0,1348.8,1264.15,1301.21406742048,1248.5077080343551,76.34763033497184,52.70635938612486,40.44808785907212,41.885499988552134,1264.15,59.874671738427864,1383.8993434768558,1144.4006565231443,303869.0
LICN,2020-02-20,1390.0,1505.0,1400.0,1505.0,8.27 %,32475.0,46933352.0,0.08273381294964022,0.0794891510582386,1400.8,1276.75,1332.5657493557906,1267.5071370688474,83.33037518948069,65.05861228694312,45.37019274464632,47.10796427508413,1276.75,80.4015416191254,1437.5530832382508,1115.9469167617492,336344.0
LICN,2020-02-23,1505.0,1550.0,1485.0,1490.0,-1.00 %,32514.0,49217848.0,-0.009966777408637828,-0.010016778243471232,1433.6,1289.55,1356.7864033010535,1283.9880898785625,80.01229890664347,72.79831342249099,50.85581688021526,48.385966826863836,1289.55,92.67797955680759,1474.9059591136152,1104.1940408863848,303830.0
LICN,2020-02-24,1490.0,1529.0,1500.0,1510.0,1.34 %,18418.0,27788625.0,0.01342281879194629,0.013333530869465168,1457.0,1303.55,1380.3577258701223,1300.7297128505206,81.0932906971109,79.62801301960167,56.61025610809254,47.71554062494499,1303.55,103.70173576172823,1510.9534715234563,1096.1465284765436,322248.0
LICN,2020-02-25,1491.0,1661.0,1480.0,1660.0,9.93 %,27942.0,44048543.0,0.09933774834437092,0.09470795154161896,1511.0,1323.35,1423.379614197796,1327.3423267134451,86.84130939389844,96.03728748435083,64.4956623833442,57.23585915173463,1323.35,130.17772264746245,1583.7054452949249,1062.994554705075,350190.0
LICN,2020-02-26,1689.0,1752.0,1674.0,1740.0,4.82 %,48575.0,83699904.0,0.04819277108433728,0.04706751085798573,1581.0,1347.6,1472.0904427827504,1357.9095617717085,88.79745942986139,114.18088101104195,74.43270610888375,59.71901206946787,1347.6,158.80189578609819,1665.2037915721962,1029.9962084278036,398765.0
LICN,2020-02-27,1706.0,1755.0,1672.0,1738.0,-0.11 %,49686.0,85189572.0,-0.0011494252873562871,-0.0011500863832373297,1627.6,1372.0,1512.9996054315582,1386.0644090478781,88.44347839614032,126.93519638368002,84.93320416384302,61.3819397787916,1372.0,179.19733315683615,1730.3946663136724,1013.6053336863276,349079.0
LICN,2020-03-01,1738.0,1738.0,1630.0,1632.0,-6.10 %,27760.0,46501085.0,-0.06098964326812428,-0.06292877030128503,1656.0,1391.1,1531.3073584420877,1404.2818602295167,72.04991150007785,127.02549821257094,93.3516629735886,64.71180122316362,1391.1,185.74767831656993,1762.5953566331398,1019.60464336686,321319.0
LICN,2020-03-02,1601.0,1620.0,1520.0,1520.0,-6.86 %,15106.0,23614019.0,-0.06862745098039214,-0.07109592168373022,1658.0,1404.8,1529.5677648356125,1412.8535742865895,59.50045851645904,116.71419054902299,98.02416848867549,68.08952970722336,1404.8,184.5833430359084,1773.9666860718166,1035.6333139281833,306213.0
LICN,2020-03-03,1520.0,1599.0,1462.0,1570.0,3.29 %,21265.0,32533509.0,0.03289473684210531,0.032365284502031716,1640.0,1422.05,1535.7881087070568,1424.4940502653606,62.629803151391634,111.29405844169628,100.67814647927966,73.01170615670742,1422.05,183.01005868242197,1788.070117364844,1056.029882635156,327478.0
LICN,2020-03-04,1539.0,1580.0,1462.0,1490.0,-5.10 %,17376.0,26273699.0,-0.05095541401273884,-0.052299499402848906,1590.0,1435.0,1528.7437842905865,1429.3463428382968,55.27102854787552,99.39744145228974,100.42200547388168,76.22515571694261,1435.0,177.87103548119958,1790.742070962399,1079.257929037601,310102.0
LICN,2020-03-05,1475.0,1514.0,1446.0,1500.0,0.67 %,13653.0,20311132.0,0.006711409395973256,0.00668898815079671,1542.4,1449.2,1524.3216636304962,1434.579947072497,55.96748290991598,89.74171655799933,98.28594769070523,75.63764459430386,1449.2,170.6574284780279,1790.5148569560558,1107.8851430439443,323755.0
LICN,2020-03-10,1575.0,1575.0,1350.0,1350.0,-10.00 %,5359.0,7545310.0,-0.09999999999999998,-0.10536051565782628,1486.0,1455.2,1497.5029461488814,1428.3147658078676,44.719458921958484,69.18818034101378,92.46639422076694,86.3063842661393,1455.2,164.54517856646572,1784.2903571329316,1126.1096428670685,318396.0
LICN,2020-03-11,1377.0,1438.0,1354.0,1434.0,6.22 %,23545.0,33038909.0,0.06222222222222218,0.0603631497270905,1468.8,1466.15,1487.7332621259766,1428.735894266544,50.69533007059161,58.99736785943264,85.7725889485001,86.42735681855794,1466.15,154.71239020908124,1775.5747804181626,1156.7252195818376,341941.0
LICN,2020-03-12,1450.0,1450.0,1374.0,1400.0,-2.37 %,16361.0,22954512.0,-0.023709902370990243,-0.023995505556215692,1434.8,1475.65,1474.2358371835187,1426.6073095060592,48.41401959126919,47.62852767745949,78.14377669429197,85.68254561723238,1475.65,143.58942748060207,1762.8288549612043,1188.4711450387958,325580.0
LICN,2020-03-15,1372.0,1396.0,1281.0,1281.0,-8.50 %,22310.0,29678395.0,-0.08499999999999996,-0.0888312137066157,1393.0,1478.2,1444.5072468475928,1415.8215828759808,41.39305685372483,28.68566397161203,68.252154149756,88.06236378743007,1478.2,139.3887407670654,1756.977481534131,1199.4225184658692,303270.0
LICN,2020-03-16,1280.0,1310.0,1263.0,1300.0,1.48 %,14360.0,18533114.0,0.014832162373145996,0.014723241552893875,1353.0,1480.95,1422.275362717194,1407.2422063666488,42.818892320853564,15.033156350545141,57.60835458991382,85.12933780261365,1480.95,135.0198718317799,1750.98974366356,1210.9102563364402,317630.0
LICN,2020-03-17,1300.0,1300.0,1201.0,1202.0,-7.54 %,16455.0,20302280.0,-0.07538461538461538,-0.07837742835447521,1323.4,1474.75,1388.3868453760872,1392.0390799691193,37.72130978799963,-3.6522345930320625,45.35623675332465,86.12009938814124,1474.75,144.9885204167148,1764.7270408334296,1184.7729591665704,301175.0
LICN,2020-03-18,1190.0,1259.0,1150.0,1175.0,-2.25 %,15774.0,18660112.0,-0.022462562396006636,-0.022718688516893532,1271.6,1463.85,1355.558099933612,1375.9621110825178,36.43435784768428,-20.404011148905738,32.20418717287858,87.75437800327401,1463.85,158.9774148143349,1781.8048296286697,1145.89517037133,285401.0
LICN,2020-03-19,1155.0,1224.0,1130.0,1180.0,0.43 %,23180.0,27218549.0,0.004255319148936065,0.004246290881451004,1227.6,1453.35,1328.5491614822872,1361.4463991504795,36.863937774667505,-32.89723766819225,19.183902204664413,88.200493860183,1453.35,170.6203156287655,1794.590631257531,1112.1093687424689,308581.0
LICN,2020-03-22,1203.0,1203.0,1137.0,1137.0,-3.64 %,3336.0,3826351.0,-0.03644067796610173,-0.03712122370917444,1198.8,1440.7,1299.0800597157815,1344.8207399541477,34.6925334824663,-45.74068023836617,6.1989857160582975,86.61474429874136,1440.7,184.38777788013843,1809.4755557602768,1071.9244442397232,305245.0
LICN,2020-05-12,1115.0,1115.0,1115.0,1115.0,-1.93 %,10.0,11150.0,-0.019349164467898028,-0.01953880985631696,1161.8,1421.2,1270.7600505287382,1327.7969814390258,33.601990272609555,-57.03693091028754,-6.448197609210869,81.99940542025983,1421.2,197.39343560779528,1815.9868712155906,1026.4131287844095,305235.0
LICN,2020-06-29,1093.0,1122.0,1010.0,1143.0,2.51 %,2257.0,2454644.0,0.02511210762331828,0.02480197990059142,1150.0,1403.85,1251.1046581397015,1314.1083161472461,36.344588710500425,-63.00365800754457,-17.75928968887761,84.14230503309842,1403.85,206.0864088064347,1816.0228176128694,991.6771823871305,307492.0
LICN,2020-06-30,1165.0,1250.0,1165.0,1250.0,9.36 %,3699.0,4521142.0,0.09361329833770782,0.08948716650153618,1165.0,1390.85,1250.9347107335936,1309.3595519881908,45.59309531697641,-58.42484125459714,-25.892400002021517,85.77499753073425,1390.85,207.2352527925594,1805.3205055851188,976.379494414881,311191.0
LICN,2020-07-01,1275.0,1300.0,1250.0,1300.0,4.00 %,4435.0,5654550.0,0.040000000000000036,0.03922071315328133,1189.0,1372.85,1258.4832167745792,1308.6662518409173,49.30002969151055,-50.18303506633811,-30.750527014884838,83.21964056425324,1372.85,198.05827823886395,1768.9665564777279,976.733443522272,315626.0
LICN,2020-07-02,1326.0,1326.0,1181.0,1229.0,-5.46 %,1115.0,1397995.0,-0.05461538461538462,-0.05616343388359329,1207.4,1347.3,1253.9473372707978,1302.7650480008492,44.64806365516499,-48.81771073005143,-34.36396375791816,87.6325233810923,1347.3,180.37274271847505,1708.04548543695,986.5545145630499,314511.0
LICN,2020-07-05,1249.0,1274.0,1226.0,1250.0,1.71 %,5101.0,6368183.0,0.01708706265256299,0.01694272073031192,1234.4,1322.9,1253.340054613752,1298.8565259267123,46.263191315649124,-45.51647131296022,-36.59446526892657,84.80162885387142,1322.9,156.11497112872257,1635.1299422574452,1010.670057742555,319612.0
LICN,2020-07-06,1250.0,1290.0,1246.0,1290.0,3.20 %,5285.0,6739678.0,0.03200000000000003,0.031498667059371016,1263.8,1305.8,1258.9800462116364,1298.2004869691782,49.297955096622836,-39.22044075754184,-37.119660366649626,81.8872267928806,1305.8,138.17555576339026,1582.1511115267804,1029.4488884732195,324897.0
LICN,2020-07-07,1315.0,1367.0,1312.0,1340.0,3.88 %,9619.0,12884110.0,0.03875968992248069,0.03802739558923932,1281.8,1296.8,1271.4446544867692,1301.2967471936836,52.88016843723394,-29.85209270691439,-35.66614683470258,81.5381391648177,1296.8,129.05021462489802,1554.900429249796,1038.699570750204,334516.0
LICN,2020-07-08,1325.0,1351.0,1310.0,1310.0,-2.24 %,5810.0,7673110.0,-0.02238805970149249,-0.022642476749759777,1283.8,1283.8,1277.3762461041892,1301.941432586744,50.5714686071832,-24.565186482554736,-33.44595476427301,78.64255779590215,1283.8,112.0575979715486,1507.9151959430972,1059.6848040569027,328706.0
LICN,2020-07-09,1310.0,1330.0,1284.0,1322.0,0.92 %,3811.0,4982105.0,0.009160305343511421,0.009118604216434338,1302.4,1275.4,1284.2414390112372,1303.4272523951333,51.48391026817012,-19.185813383896175,-30.593926488197646,76.3109465247663,1275.4,101.59537909091557,1478.5907581818312,1072.209241818169,332517.0
LICN,2020-07-12,1347.0,1360.0,1323.0,1350.0,2.12 %,10013.0,13503433.0,0.021180030257186067,0.020958851020843522,1322.4,1267.9,1294.358140701816,1306.8770855510495,53.63462421840771,-12.518944849233549,-26.97893016040483,73.57445034442584,1267.9,88.88366139596813,1445.6673227919364,1090.1326772080638,342530.0
LICN,2020-07-13,1365.0,1375.0,1332.0,1338.0,-0.89 %,6832.0,9223847.0,-0.008888888888888835,-0.008928630744301318,1332.0,1267.3,1301.0722729015365,1309.1824866213422,52.55926383402719,-8.110213719805643,-23.205186872284994,71.39056103410971,1267.3,88.33911930733302,1443.978238614666,1090.621761385334,335698.0
LICN,2020-07-14,1340.0,1345.0,1324.0,1344.0,0.45 %,10572.0,14116359.0,0.004484304932735439,0.004474280394921107,1332.8,1262.8,1307.6765386089924,1311.7615616864277,53.06596438585897,-4.08502307743538,-19.38115411331507,67.79123524595902,1262.8,81.4219678102934,1425.6439356205867,1099.9560643794132,346270.0
LICN,2020-07-15,1345.0,1350.0,1330.0,1330.0,-1.04 %,3250.0,4352514.0,-0.01041666666666663,-0.010471299867295366,1336.8,1259.3,1311.110917284532,1313.1125571170626,51.67896821936711,-2.0016398325306,-15.905251257158177,64.37757558553338,1259.3,76.57407834038474,1412.4481566807694,1106.1518433192305,343020.0
LICN,2020-07-16,1335.0,1375.0,1335.0,1365.0,2.63 %,6366.0,8616234.0,0.026315789473684292,0.025975486403260736,1345.4,1263.5,1319.401545394604,1316.9560714046875,54.855742827843486,2.445473989916536,-12.235106207743234,62.99346304370957,1263.5,80.05162807769703,1423.603256155394,1103.396743844606,349386.0
LICN,2020-07-19,1392.0,1419.0,1392.0,1419.0,3.96 %,110.0,153390.0,0.03956043956043964,0.03879796954098263,1359.2,1269.45,1334.724384564665,1324.5148809302661,59.30143787161559,10.209503634398743,-7.7461842393148395,62.35107282630174,1269.45,87.02599430173582,1443.5019886034718,1095.3980113965283,349496.0
LICN,2020-07-20,1489.0,1548.0,1423.0,1436.0,1.20 %,17713.0,25849968.0,0.011980267794221344,0.011909072448126895,1378.8,1281.15,1350.3052484777934,1332.7730378983947,60.61633896674492,17.53221057939868,-2.6905052755721357,67.1117104815659,1281.15,93.00496591153521,1467.1599318230706,1095.1400681769296,367209.0
LICN,2020-07-21,1436.0,1450.0,1410.0,1415.0,-1.46 %,6793.0,9673941.0,-0.014623955431754876,-0.014731939530831495,1393.0,1293.15,1360.2582871735174,1338.863923979995,58.11839501082625,21.394363193522395,2.1264684182467706,65.17515973288262,1293.15,94.06508105391492,1481.28016210783,1105.0198378921702,360416.0
LICN,2020-07-22,1442.0,1442.0,1401.0,1401.0,-0.99 %,6338.0,8974959.0,-0.009893992932862195,-0.009943263740331,1407.2,1304.2,1366.5262429929762,1343.466596277773,56.44831456517799,23.059646715203144,6.313104077638045,63.448362609105295,1304.2,93.04871389702372,1490.2974277940475,1118.1025722059526,354078.0
LICN,2020-07-23,1401.0,1455.0,1401.0,1455.0,3.85 %,5953.0,8546161.0,0.03854389721627416,0.03781963326858595,1425.2,1320.1,1380.137590224826,1351.728329886827,61.09248051313164,28.409260337999058,10.73233532971025,62.773479565597775,1320.1,90.09696530899512,1500.29393061799,1139.9060693820097,360031.0
LICN,2020-07-26,1461.0,1500.0,1460.0,1492.0,2.54 %,15385.0,14950.0,0.02542955326460472,0.025111601158113183,1439.8,1338.95,1397.3471917286988,1362.1188239692842,63.93062213194804,35.228367759414596,15.631541815651119,61.50394531091222,1338.95,84.170550544374,1507.291101088748,1170.608898911252,375416.0
LICN,2020-07-27,1521.0,1521.0,1467.0,1480.0,-0.80 %,18855.0,28814446.0,-0.008042895442359255,-0.008075414005545418,1448.6,1355.8,1410.063008385822,1370.8507629345224,62.342268054621734,39.21224545129962,20.34768254278082,60.96794921727563,1355.8,76.23688843263798,1508.273776865276,1203.326223134724,356561.0
LICN,2020-07-28,1490.0,1500.0,1473.0,1475.0,-0.34 %,5066.0,7523682.0,-0.0033783783783783994,-0.0033840979842405684,1460.6,1367.05,1420.0533147880033,1378.565521235669,61.65491551730147,41.487793552334324,24.57570474469152,58.541667130327376,1367.05,76.40368894370448,1519.8573778874088,1214.242622112591,351495.0
LICN,2020-07-29,1485.0,1485.0,1440.0,1445.0,-2.03 %,11089.0,16109220.0,-0.02033898305084747,-0.020548668227387677,1469.4,1374.3,1423.8912663590797,1383.4865937367304,57.5546384361454,40.40467262234938,27.741498320223094,57.574405192446854,1374.3,76.58576204076245,1527.4715240815249,1221.128475918475,340406.0
LICN,2020-07-30,1450.0,1465.0,1420.0,1455.0,0.69 %,5311.0,7665684.0,0.006920415224913601,0.006896579059060459,1469.4,1385.6,1428.6772253807596,1388.7838830895653,58.54431441445088,39.89334229119436,30.17186711441735,56.67623339298637,1385.6,70.44549965078374,1526.4909993015674,1244.7090006984324,345717.0
LICN,2020-08-02,1429.0,1440.0,1404.0,1411.0,-3.02 %,15547.0,22115222.0,-0.030240549828178698,-0.030707227752778888,1453.2,1393.65,1425.9576522452583,1390.429521379227,52.71962872878039,35.52813086603123,31.243119864740127,56.2707881506302,1393.65,62.932942590934736,1519.5158851818696,1267.7841148181305,330170.0
LICN,2020-08-03,1405.0,1431.0,1405.0,1418.0,0.50 %,6482.0,9172300.0,0.0049610205527994555,0.004948755239258827,1440.8,1400.05,1424.73339805368,1392.4717790548398,53.5120537448917,32.26161899884028,31.446819691560158,54.10858899701376,1400.05,58.1653496055244,1516.3806992110487,1283.7193007889512,336652.0
LICN,2020-08-05,1400.0,1415.0,1392.0,1404.0,-0.99 %,8861.0,13055977.0,-0.009873060648801113,-0.009922122506316364,1426.6,1403.25,1421.54364450696,1393.3257213470738,51.64763932114336,28.21792315988614,30.801040385225356,52.10083264008421,1403.25,56.422163431685654,1516.0943268633714,1290.4056731366286,327791.0
LICN,2020-08-06,1386.0,1399.0,1386.0,1397.0,-0.50 %,7014.0,9763363.0,-0.004985754985754931,-0.004998225328794557,1417.0,1407.6,1417.7676991981969,1393.5978901361796,50.69654436138769,24.169809062017293,29.474794120583745,49.66505888007819,1407.6,52.0378404826848,1511.6756809653696,1303.5243190346303,320777.0
LICN,2020-08-09,1397.0,1419.0,1395.0,1415.0,1.29 %,5105.0,7156552.0,0.012884753042233354,0.01280245082037618,1409.0,1412.25,1417.3418993215512,1395.1832316075736,53.08880790492248,22.158667713977593,28.011568839262516,47.83184038864404,1412.25,47.98341270411016,1508.2168254082203,1316.2831745917797,325882.0
LICN,2020-08-10,1443.0,1452.0,1418.0,1450.0,2.47 %,19127.0,9361271.0,0.02473498233215543,0.02443402533728204,1416.8,1417.25,1422.366222502851,1399.2437329699756,57.41556735052664,23.122489532875534,27.033752977985124,47.058137503740895,1417.25,46.33729315398404,1509.9245863079682,1324.5754136920318,345009.0
LICN,2020-08-11,1450.0,1466.0,1430.0,1455.0,0.34 %,11749.0,17112944.0,0.0034482758620688614,0.0034423441909726986,1424.2,1423.1,1427.3868036562585,1403.3738268240515,58.01137297463641,24.01297683220696,26.42959774882949,46.268270539187974,1423.1,43.076309278405255,1509.2526185568104,1336.9473814431894,356758.0
LICN,2020-08-12,1442.0,1470.0,1442.0,1470.0,1.03 %,7537.0,11015079.0,0.010309278350515427,0.010256500167189061,1437.4,1429.4,1433.9426800168342,1408.3090989111588,59.8272691988372,25.633581105675376,26.27039442019867,44.96339407210312,1429.4,40.00315777004587,1509.4063155400918,1349.3936844599084,364295.0
LICN,2020-08-13,1455.0,1463.0,1450.0,1450.0,-1.36 %,11660.0,16960164.0,-0.013605442176870763,-0.013698844358161915,1448.0,1435.4,1436.4130369373213,1411.3973138066285,56.32929131716725,25.015723130692777,26.019460162297495,43.18029449552433,1435.4,32.6293377837614,1500.658675567523,1370.1413244324772,352635.0
LICN,2020-08-16,1430.0,1451.0,1430.0,1444.0,-0.41 %,4316.0,6212990.0,-0.004137931034482789,-0.004146515961848577,1453.8,1439.35,1437.5802620238874,1413.8123275987302,55.28497766474879,23.767934425157137,25.569155014869427,41.59598774584402,1439.35,28.129914775190073,1495.60982955038,1383.0901704496198,348319.0
LICN,2020-08-17,1443.0,1458.0,1440.0,1451.0,0.48 %,4217.0,6105169.0,0.00484764542936289,0.0048359334314163165,1454.0,1440.95,1439.6448370971355,1416.5669699988243,56.30282238459564,23.077867098311117,25.070897431557764,39.9105600497123,1440.95,27.81986227209644,1496.589724544193,1385.3102754558072,352536.0
LICN,2020-08-18,1480.0,1480.0,1454.0,1461.0,0.69 %,7688.0,11222712.0,0.00689179875947632,0.006868158866511731,1455.2,1442.2,1442.9302467744992,1419.8583055544668,57.78131586095042,23.071941220032386,24.67110618925269,39.13123433187571,1442.2,28.145486690568163,1498.4909733811364,1385.9090266188637,360224.0
LICN,2020-08-19,1432.0,1450.0,1432.0,1445.0,-1.10 %,7424.0,10732570.0,-0.010951403148528382,-0.011011811204166925,1450.2,1443.7,1443.2486703476532,1421.720653291173,54.598223753377695,21.528017056480167,24.042488362698187,38.40757473674173,1443.7,27.40937219651071,1498.5187443930215,1388.8812556069786,352800.0
LICN,2020-08-20,1458.0,1460.0,1449.0,1460.0,1.04 %,1559.0,2265860.0,0.01038062283737018,0.010327114155849524,1452.2,1446.65,1445.8257979864757,1424.5561604547897,56.99034765099398,21.26963753168593,23.487918196495734,36.735605112688745,1446.65,25.693077093307902,1498.036154186616,1395.2638458133843,354359.0
LICN,2020-08-23,1460.0,1480.0,1435.0,1476.0,1.10 %,8303.0,12138891.0,0.010958904109588996,0.010899290458035638,1458.6,1447.7,1450.4679829116333,1428.3668152359164,59.44488619949636,22.10116767571685,23.210568092339958,37.32591903321098,1447.7,26.469644977965086,1500.6392899559303,1394.7607100440698,362662.0
LICN,2020-08-24,1480.0,1495.0,1475.0,1485.0,0.61 %,8912.0,13212438.0,0.0060975609756097615,0.0060790460763821925,1465.4,1447.35,1455.7806009252283,1432.561865959182,60.800064646286515,23.21873496604644,23.212201467081254,36.08835338798163,1447.35,25.893049260300568,1499.136098520601,1395.5639014793987,371574.0
LICN,2020-08-25,1470.0,1509.0,1470.0,1500.0,1.01 %,15501.0,23063778.0,0.010101010101010166,0.010050335853501506,1473.2,1448.35,1462.58358539827,1437.5572832955388,63.01812433332818,25.02630210273128,23.57502159421126,36.29632814598294,1448.35,27.553345388566186,1503.4566907771323,1393.2433092228675,387075.0
LICN,2020-08-26,1490.0,1504.0,1476.0,1476.0,-1.60 %,26459.0,738000.0,-0.016000000000000014,-0.016129381929883644,1479.4,1448.4,1464.6476491831515,1440.4048919403137,57.419845053996404,24.242757242837797,23.70856872393657,35.703733278412734,1448.4,27.60511012945821,1503.6102202589166,1393.1897797410836,360616.0
LICN,2020-08-27,1476.0,1488.0,1463.0,1479.0,0.20 %,12534.0,18516244.0,0.00203252032520318,0.0020304575503819213,1483.2,1450.1,1466.8557031549744,1443.263788833624,57.923030689573494,23.591914321350487,23.685237843419355,34.93918090138325,1450.1,28.41960035269488,1506.9392007053896,1393.2607992946103,373150.0
LICN,2020-08-30,1479.0,1469.0,1449.0,1461.0,-1.22 %,13004.0,18886944.0,-0.012170385395537497,-0.012245050960100288,1480.2,1450.4,1465.9548257465167,1444.5775822533556,53.81388730118427,21.37724349316113,23.223638973367713,34.586382265570165,1450.4,28.5055857868068,1507.4111715736137,1393.3888284263865,360146.0
LICN,2020-08-31,1450.0,1500.0,1445.0,1481.0,1.37 %,20815.0,30662621.0,0.013689253935660561,0.013596402517099355,1479.4,1453.9,1468.2694679393603,1447.2755391234773,57.42772812676142,20.99392881588301,22.777696941870772,36.04449781802944,1453.9,27.699325471486464,1509.298650942973,1398.5013490570273,380961.0
LICN,2020-09-02,1500.0,1515.0,1470.0,1472.0,-0.61 %,98268.0,146013687.0,-0.006076975016880537,-0.006095514978977286,1473.8,1456.6,1468.8433959486895,1449.1069806698863,55.329691550540446,19.73641527880318,22.169440609257254,36.68417654531306,1456.6,26.626856248543845,1509.8537124970876,1403.3462875029122,282693.0
LICN,2020-09-03,1460.0,1480.0,1452.0,1480.0,0.54 %,7973.0,11722886.0,0.005434782608695565,0.005420067469339113,1474.6,1460.4,1470.559796571968,1451.3953524721169,56.83912449975395,19.164444099851153,21.568441307376034,36.063878220647844,1460.4,24.020605189724932,1508.44121037945,1412.3587896205502,290666.0
LICN,2020-09-06,1500.0,1520.0,1460.0,1474.0,-0.41 %,8945.0,13225149.0,-0.004054054054054013,-0.004062294008878793,1473.6,1464.25,1471.089058637819,1453.0697708075156,55.329064685598745,18.019287830303483,20.858610611961524,37.773601204887285,1464.25,18.96222005647375,1502.1744401129474,1426.3255598870526,281721.0
LICN,2020-09-07,1469.0,1470.0,1450.0,1460.0,-0.95 %,6574.0,9606470.0,-0.009497964721845276,-0.009543358046899746,1473.4,1466.5,1469.383049616616,1453.5831211180698,51.866520283749175,15.799928498546251,19.84687418927847,36.78977254739534,1466.5,15.083975463581803,1496.6679509271637,1436.3320490728363,275147.0
LICN,2020-09-08,1479.0,1479.0,1446.0,1447.0,-0.89 %,6861.0,9970309.0,-0.008904109589041087,-0.008943988070898252,1466.6,1466.35,1465.9395035217522,1453.0954825167314,48.811830469328314,12.84402100502075,18.446303552426926,36.51907450829567,1466.35,15.270456512551496,1496.890913025103,1435.809086974897,268286.0
LICN,2020-09-09,1445.0,1488.0,1445.0,1475.0,1.94 %,7094.0,10434630.0,0.01935038009675183,0.01916554214243627,1467.2,1467.35,1467.3334260568672,1454.718039367344,54.964135638537506,12.61538668952312,17.280120179846165,36.98199775770312,1467.35,15.142394304059941,1497.6347886081198,1437.06521139188,275380.0
LICN,2020-09-10,1504.0,1504.0,1475.0,1485.0,0.68 %,8513.0,12641803.0,0.006779661016949046,0.006756782462879687,1468.2,1468.1,1470.051360509657,1456.9611475623556,56.95401860914443,13.090212947301325,16.4421387333372,36.41185506072433,1468.1,15.64373087808491,1499.3874617561696,1436.8125382438302,283893.0
LICN,2020-09-13,1500.0,1561.0,1493.0,1561.0,5.12 %,29434.0,44969867.0,0.05117845117845121,0.0499118692786321,1485.6,1473.65,1484.0434588927867,1464.6677292244033,68.38648812275684,19.37572966838343,17.028856920346445,39.239579699244025,1473.65,25.48121082797411,1524.6124216559483,1422.6875783440519,313327.0
LICN,2020-09-14,1561.0,1599.0,1535.0,1536.0,-1.60 %,22523.0,35580653.0,-0.01601537475976933,-0.016145006807814537,1500.8,1478.25,1492.0367729092811,1469.9516011337068,62.50566746544438,22.08517177557428,18.040119891392013,41.008181149298025,1478.25,28.024190677955897,1534.2983813559117,1422.2016186440883,290804.0
LICN,2020-09-15,1506.0,1540.0,1506.0,1538.0,0.13 %,10894.0,19368149.0,0.0013020833333332593,0.001301236357971734,1519.0,1482.6,1499.1080386155454,1474.9922232719507,62.781409027149145,24.115815343594704,19.255258981832554,40.507596781491024,1482.6,30.23661078189006,1543.07322156378,1422.1267784362199,301698.0
LICN,2020-09-16,1520.0,1540.0,1520.0,1536.0,-0.13 %,10674.0,16364285.0,-0.0013003901170350884,-0.0013012363579717858,1531.2,1486.35,1504.7837249823847,1479.511317844399,62.28809176302888,25.272407137985738,20.45868861306319,39.04276843995596,1486.35,32.0152512997487,1550.3805025994973,1422.3194974005025,291024.0
LICN,2020-09-17,1525.0,1535.0,1520.0,1520.0,-1.04 %,8774.0,17551088.0,-0.01041666666666663,-0.010471299867295366,1538.2,1490.1,1507.1246903697102,1482.5104794855547,58.33873017540147,24.614210884155455,21.289793067281643,37.39685640853054,1490.1,31.30142085217589,1552.7028417043516,1427.4971582956482,282250.0
LICN,2020-09-20,1549.0,1549.0,1498.0,1498.0,-1.45 %,6381.0,9674168.0,-0.014473684210526305,-0.014579449763157273,1525.6,1492.0,1505.7208918512933,1483.6578513755137,53.33154746982178,22.063040475779644,21.444442548981243,38.368509522206935,1492.0,30.521778247098315,1553.0435564941965,1430.9564435058035,275869.0
LICN,2020-09-21,1487.0,1527.0,1487.0,1500.0,0.13 %,6488.0,9752490.0,0.001335113484646211,0.0013342230131366622,1518.4,1493.2,1504.840754643402,1484.8683809032534,53.7204294192735,19.97237374014867,21.15002878721473,38.48504455633501,1493.2,30.33080768350016,1553.8616153670005,1432.5383846329996,282357.0
LICN,2020-09-22,1500.0,1500.0,1471.0,1490.0,-0.67 %,12738.0,18898796.0,-0.00666666666666671,-0.006688988150796652,1508.8,1493.45,1502.5575616213403,1485.2485008363458,51.41354100052737,17.30906078499447,20.38183518677068,37.80754137373965,1493.45,30.28022630793551,1554.0104526158711,1432.889547384129,269619.0
LICN,2020-09-23,1477.0,1518.0,1477.0,1518.0,1.88 %,7739.0,11610443.0,0.01879194630872494,0.018617559016070515,1505.2,1494.35,1504.9333213719033,1487.6745378114313,56.9836464924513,17.25878356047201,19.75722486151095,38.03557413275825,1494.35,30.749026514274966,1555.8480530285499,1432.85194697145,277358.0
LICN,2020-09-24,1515.0,1515.0,1500.0,1500.0,-1.19 %,3033.0,4562579.0,-0.011857707509881465,-0.011928570865273845,1501.2,1495.55,1504.1743488531488,1488.5875350105846,52.79351271865631,15.586813842564197,18.9231426577216,36.60446169470409,1495.55,30.462185358879793,1556.4743707177595,1434.6256292822404,274325.0
LICN,2020-09-27,1499.0,1499.0,1480.0,1485.0,-1.00 %,9823.0,14564279.0,-0.010000000000000009,-0.01005033585350145,1498.6,1495.85,1501.2244490295875,1488.3217916764672,49.52531491083605,12.902657353120276,17.719045596801333,35.418428716510945,1495.85,30.31983023138166,1556.4896604627631,1435.2103395372367,264502.0
LICN,2020-09-28,1500.0,1500.0,1470.0,1480.0,-0.34 %,3884.0,5800633.0,-0.0033670033670033517,-0.00337268447863923,1494.6,1496.8,1497.9591491788817,1487.7053626633956,48.448668615223,10.253786515486127,16.225993780538293,35.03139809390302,1496.8,29.455765229574517,1555.711530459149,1437.888469540851,260618.0
LICN,2020-09-29,1467.0,1480.0,1465.0,1470.0,-0.68 %,4381.0,6439224.0,-0.006756756756756799,-0.006779686985378804,1490.6,1496.25,1493.6577416128998,1486.3938543179588,46.28161818094859,7.263887294941014,14.433572483418837,33.60058394433852,1496.25,29.866148765817012,1555.982297531634,1436.517702468366,256237.0
LICN,2020-09-30,1470.0,1487.0,1454.0,1459.0,-0.75 %,3968.0,5792290.0,-0.007482993197278964,-0.007511131249996392,1478.8,1495.6,1488.3257813647615,1484.364679924036,43.95272104322248,3.9611014407255425,12.339078274880178,33.55768509117148,1495.6,30.55521318250332,1556.7104263650065,1434.4895736349933,252269.0
LICN,2020-10-01,1487.0,1487.0,1465.0,1475.0,1.10 %,2701.0,3971031.0,0.010966415352981596,0.010906720251134655,1473.8,1495.35,1486.2756611547982,1483.670999929663,48.047759936508086,2.60466122513526,10.392194864931195,33.160707584659235,1495.35,30.709633324805633,1556.7692666496112,1433.9307333503887,254970.0
LICN,2020-10-04,1504.0,1504.0,1474.0,1498.0,1.56 %,12263.0,18309515.0,0.015593220338983027,0.015472895303244565,1476.4,1496.55,1488.0794055925217,1484.7324073422806,53.3268945132515,3.3469982502410858,8.983155541993172,32.93494275718358,1496.55,30.297602823305297,1557.1452056466105,1435.9547943533894,267233.0
LICN,2020-10-05,1480.0,1500.0,1480.0,1486.0,-0.80 %,4112.0,6108500.0,-0.008010680907877155,-0.008042938799460298,1477.6,1497.85,1487.7594970398259,1484.8263030947044,50.446652998460955,2.933193945121502,7.773163222618839,32.01101827452761,1497.85,29.184125100667263,1556.2182502013345,1439.4817497986653,263121.0
LICN,2020-10-06,1490.0,1490.0,1475.0,1475.0,-0.74 %,2578.0,3809780.0,-0.007402422611036297,-0.007429956503784232,1478.6,1499.25,1485.7964974952372,1484.098428791393,47.89306199762727,1.6980687038442284,6.558144318863917,30.795945540632783,1499.25,27.22204021892701,1553.694080437854,1444.805919562146,260543.0
LICN,2020-10-07,1480.0,1487.0,1470.0,1487.0,0.81 %,3737.0,5511461.0,0.008135593220339077,0.008102677686234967,1484.2,1499.85,1485.981651726739,1484.3133599920304,50.81788396689838,1.668291734708646,5.5801738020328635,29.810520859159013,1499.85,26.788204395470686,1553.4264087909412,1446.2735912090586,264280.0
LICN,2020-10-08,1480.0,1485.0,1470.0,1479.0,-0.54 %,3918.0,5779340.0,-0.005379959650302579,-0.005394483749355231,1485.0,1499.55,1484.9075514610868,1483.9197777703985,48.84929255559761,0.9877736906883001,4.661693779763951,28.895483654933372,1499.55,26.996052342924774,1553.5421046858496,1445.5578953141503,260362.0
LICN,2020-10-11,1490.0,1490.0,1460.0,1469.0,-0.68 %,7101.0,10393877.0,-0.006761325219743042,-0.006784286536922466,1479.2,1494.95,1482.4602358516888,1482.8146090466653,46.4281779616593,-0.3543731949764606,3.658480384815869,28.97437767958099,1494.95,23.59856150827417,1542.1471230165484,1447.7528769834516,253261.0
LICN,2020-10-12,1469.0,1489.0,1458.0,1489.0,1.36 %,7805.0,11531661.0,0.013614703880190593,0.013522856510131668,1479.8,1492.6,1483.4663534129675,1483.2727861543196,51.59541352115931,0.19356725864781765,2.965497759582259,29.11906498818235,1492.6,21.546522493794058,1535.693044987588,1449.5069550124117,261066.0
LICN,2020-10-13,1466.0,1472.0,1465.0,1471.0,-1.21 %,1970.0,2888876.0,-0.012088650100738785,-0.012162312082571501,1479.0,1489.25,1481.5484528878956,1482.3636908836295,47.184315628042434,-0.8152379957339235,2.2093506085190224,28.753417489026468,1489.25,19.196696535897544,1527.6433930717951,1450.8566069282049,259096.0
LICN,2020-10-14,1463.0,1465.0,1461.0,1461.0,-0.68 %,907.0,1326663.0,-0.00679809653297081,-0.006821308850738078,1473.8,1485.5,1478.3871524436038,1480.7811952626198,44.88826934440274,-2.394042819016022,1.2886719230120136,27.413887668381722,1485.5,16.753632755999362,1519.0072655119986,1451.9927344880014,258189.0
LICN,2020-10-15,1534.0,1534.0,1453.0,1453.0,-0.55 %,1718.0,2510188.0,-0.005475701574264247,-0.005490748180416623,1468.6,1482.15,1474.4814366830492,1478.7233289468702,43.082115782534856,-4.241892263821001,0.18255908564541068,31.24146712064017,1482.15,16.18080409155207,1514.5116081831043,1449.788391816896,256471.0
LICN,2020-10-18,1446.0,1479.0,1446.0,1479.0,1.79 %,2057.0,3019827.0,0.01789401238816235,0.017735799140516824,1470.6,1481.2,1475.1766002702725,1478.7438230989537,50.10828049496016,-3.567222828681224,-0.5673972972199164,31.367076612023016,1481.2,15.753362214117406,1512.7067244282348,1449.6932755717653,258528.0
LICN,2020-10-19,1470.0,1485.0,1470.0,1483.0,0.27 %,2415.0,3563680.0,0.0027045300878971723,0.002700879427132241,1469.4,1480.35,1476.380200228692,1479.0590954619943,51.10822683135859,-2.678895233302228,-0.9896968844363787,30.197999711164233,1480.35,15.13196338173003,1510.6139267634599,1450.08607323654,260943.0
LICN,2020-10-20,1461.0,1499.0,1461.0,1499.0,1.08 %,2576.0,3801783.0,0.010788941335131419,0.010731155964665538,1475.0,1480.8,1479.860169424278,1480.5361995018466,54.99388359923737,-0.6760300775686119,-0.9269635230628254,30.755285446081075,1480.8,15.561761502130125,1511.9235230042602,1449.6764769957397,263519.0
LICN,2020-10-21,1499.0,1499.0,1478.0,1499.0,0.00 %,12579.0,18629914.0,0.0,0.0,1482.6,1479.85,1482.80475874362,1481.9038884276356,54.99388359894319,0.9008703159843208,-0.5613967552533962,30.05847934278957,1479.85,13.631523064176404,1507.1130461283526,1452.5869538716472,263519.0
LICN,2020-10-22,1497.0,1505.0,1479.0,1494.0,-0.33 %,4509.0,6737334.0,-0.0033355570380253496,-0.003341132409835088,1490.8,1479.55,1484.5271035522937,1482.7998966922553,53.4542055605849,1.72720686003845,-0.10367603219502691,29.768587961161746,1479.55,13.224677888693464,1505.9993557773869,1453.100644222613,259010.0
LICN,2020-10-28,1495.0,1500.0,1485.0,1498.0,0.27 %,2339.0,3501646.0,0.0026773761713521083,0.002673798384402205,1494.6,1480.2,1486.599856851941,1483.9258302706069,54.55048051227105,2.6740265813341466,0.45186449051080785,28.713688821078765,1480.2,13.813037319740513,1507.826074639481,1452.573925360519,261349.0
LICN,2020-10-29,1505.0,1515.0,1496.0,1506.0,0.53 %,3171.0,4761911.0,0.005340453938584844,0.005326244282674163,1499.2,1481.5,1489.5844942593346,1485.5609539542656,56.744762432240016,4.023540305068991,1.1661996534224446,28.019853905287427,1481.5,14.968387741353448,1511.436775482707,1451.563224517293,264520.0
LICN,2020-11-01,1492.0,1521.0,1492.0,1508.0,0.13 %,3147.0,4750003.0,0.0013280212483399723,0.0013271402080624938,1501.0,1483.4,1492.4176489886677,1487.223105513209,57.29979413387613,5.194543475458659,1.9718684178296875,28.08986434062404,1483.4,15.81937519548458,1515.0387503909692,1451.761249609031,267667.0
LICN,2020-11-02,1493.0,1519.0,1493.0,1503.0,-0.33 %,1593.0,2386838.0,-0.003315649867373982,-0.003321158814926869,1501.8,1485.6,1494.0457029904112,1488.3917643640823,55.386389439305155,5.653938626328909,2.708282459529532,27.940588316293752,1485.6,15.298434732342326,1516.1968694646846,1455.0031305353152,266074.0
LICN,2020-11-03,1504.0,1510.0,1500.0,1504.0,0.07 %,3272.0,4914437.0,0.0006653359946773296,0.0006651147568106614,1503.8,1487.05,1495.5771332995787,1489.547929966743,55.70497304426106,6.0292033328357775,3.372466634190781,26.65911772227277,1487.05,15.611989319843447,1518.273978639687,1455.826021360313,269346.0
LICN,2020-11-04,1504.0,1507.0,1499.0,1499.0,-0.33 %,3288.0,4939111.0,-0.0033244680851063357,-0.0033300064071873827,1504.0,1487.1,1496.1037281765666,1490.2480833025397,53.64235608917768,5.855644874026893,3.8691022821580034,25.32632359925329,1487.1,15.650458207408933,1518.4009164148179,1455.799083585182,266058.0
LICN,2020-11-05,1499.0,1505.0,1481.0,1499.0,0.00 %,2723.0,4075795.0,0.0,0.0,1502.6,1487.75,1496.5493084570949,1490.8963734282775,53.642356088749864,5.65293502881741,4.225868831489885,25.231586199306626,1487.75,15.87077751542007,1519.4915550308401,1456.0084449691599,266058.0
LICN,2020-11-08,1501.0,1505.0,1486.0,1503.0,0.27 %,10088.0,15074506.0,0.0026684456304202353,0.002664891650376741,1501.6,1489.15,1497.5417225406188,1491.792938359516,55.182055360382336,5.748784181102792,4.530451901412467,24.786472899356156,1489.15,15.921765969123896,1520.993531938248,1457.3064680617522,276146.0
LICN,2020-11-09,1523.0,1533.0,1490.0,1490.0,-0.86 %,6001.0,9077492.0,-0.008649367930805063,-0.008686990813469672,1499.0,1489.3,1496.3814575343697,1491.660128110663,49.43533487444876,4.72132942370672,4.568627405871317,26.087439120830716,1489.3,15.914574584547706,1521.1291491690954,1457.4708508309045,270145.0
LICN,2020-11-10,1501.0,1563.0,1501.0,1562.0,4.83 %,20586.0,31701284.0,0.04832214765100673,0.04719093146012647,1510.6,1493.45,1506.4766179136975,1496.8704889913547,68.80937256003867,9.606128922342805,5.576127709165615,29.43833632648567,1493.45,22.5329583171618,1538.5159166343237,1448.3840833656764,290731.0
LICN,2020-11-11,1570.0,1580.0,1540.0,1564.0,0.13 %,10615.0,16573988.0,0.001280409731113874,0.0012795907056250327,1523.6,1498.2,1515.326369003898,1501.8430453623655,69.1628240250009,13.483323641532479,7.157566895638988,30.192740874593838,1498.2,26.72983745784819,1551.6596749156965,1444.7403250843035,301346.0
LICN,2020-11-12,1575.0,1584.0,1557.0,1570.0,- %,22382.0,35225291.0,0.0038363171355497716,0.0038289772370972515,1537.8,1502.25,1523.7376968494523,1506.891708668857,70.25193064662881,16.845988180595214,9.095251152630233,29.964687954979993,1502.25,31.049832612428933,1564.349665224858,1440.150334775142,323728.0
LICN,2020-11-18,1575.0,1675.0,1575.0,1665.0,0.00 %,36108.0,59257003.0,0.060509554140127486,0.05874950407219055,1570.2,1511.95,1545.4703588726136,1518.6034339526454,81.4331805154208,26.86692491996814,12.649585906097816,35.32435310105285,1511.95,46.98653222491617,1605.9230644498323,1417.9769355501678,359836.0
LICN,2020-11-19,1698.0,1765.0,1695.0,1695.0,0.00 %,28124.0,48128870.0,0.018018018018018056,0.01785761740000647,1611.2,1523.65,1568.4749190460575,1531.6698462524496,83.53749145800539,36.805072793607906,17.480683283599834,39.944042165263355,1523.65,60.74994043745847,1645.149880874917,1402.1501191250832,387960.0
LICN,2020-11-22,1705.0,1719.0,1623.0,1660.0,-0.02 %,25908.0,43569538.0,-0.020648967551622377,-0.020865138463961676,1630.8,1534.0,1582.5557007312796,1541.175783567083,73.12468324482066,41.37991716419651,22.260530059719173,43.94803915345883,1534.0,65.52540688439375,1665.0508137687875,1402.9491862312125,362052.0
LICN,2020-11-23,1636.0,1645.0,1600.0,1615.0,-0.03 %,16559.0,26821499.0,-0.027108433734939763,-0.027482645693832006,1641.0,1540.8,1587.547131388006,1546.6442440435953,62.36168152720107,40.9028873444106,25.98900151665746,45.094607785354626,1540.8,66.5658360295488,1673.9316720590975,1407.6683279409024,345493.0
LICN,2020-11-24,1615.0,1660.0,1615.0,1629.0,0.01 %,18235.0,29786776.0,0.008668730650154721,0.008631372945288138,1652.8,1548.1,1593.9244957898513,1552.7446704107365,64.13054531516119,41.179825379114845,29.027166289148937,45.08785008640073,1548.1,67.88605003585587,1683.8721000717117,1412.3278999282882,363728.0
LICN,2020-11-25,1660.0,1677.0,1635.0,1671.0,0.03 %,14763.0,24488100.0,0.025782688766114115,0.02545591999334852,1654.0,1556.7,1605.7822656683356,1561.5043244543856,68.85884346854255,44.277941213950044,32.07732127410916,45.295860794514965,1556.7,72.1023395488535,1700.904679097707,1412.495320902293,378491.0
LICN,2020-11-26,1671.0,1689.0,1608.0,1662.0,-0.01 %,77938.0,128989421.0,-0.0053859964093356805,-0.005400553180000166,1647.4,1564.85,1614.431147873207,1568.9484485688756,66.8260022257632,45.48269930433139,34.758396880153605,47.84615645204961,1564.85,74.41227615187182,1713.6745523037434,1416.0254476962564,300553.0
LICN,2020-11-29,1662.0,1705.0,1640.0,1704.0,0.03 %,47905.0,80195571.0,0.025270758122743597,0.024956731973867458,1656.2,1575.35,1628.210971277329,1578.9522671934033,71.11200633839498,49.25870408392575,37.65845832090804,49.07143099118893,1575.35,78.58771499010305,1732.525429980206,1418.174570019794,348458.0
LICN,2020-11-30,1721.0,1839.0,1698.0,1839.0,0.08 %,41701.0,72414873.0,0.079225352112676,0.07624351721506001,1701.0,1592.4,1660.6400526192783,1598.2150622161141,80.03901423101165,62.4249904031642,42.61176473735927,55.63775734896115,1592.4,95.98760884941842,1784.3752176988369,1400.4247823011633,390159.0
LICN,2020-12-01,1848.0,1880.0,1805.0,1860.0,0.01 %,44011.0,80873055.0,0.011419249592169667,0.011354542102925849,1747.2,1610.1,1691.310813754774,1617.6065390889946,81.02148787729166,73.7042746657794,48.8302667230433,57.02077468117821,1610.1,110.72436141393555,1831.548722827871,1388.6512771721289,434170.0
LICN,2020-12-02,1876.0,2046.0,1855.0,1949.0,0.05 %,42698.0,81309475.0,0.0478494623655914,0.04673993280031388,1802.8,1632.15,1730.9553039463472,1642.1542028601802,84.50283008076431,88.80110108616691,56.824433595668026,66.59071934680834,1632.15,131.31772438189665,1894.7854487637933,1369.514551236207,476868.0
LICN,2020-12-03,1987.0,1987.0,1874.0,1970.0,0.01 %,32774.0,63360493.0,0.010774756285274467,0.010717122224473347,1864.4,1655.5,1767.7314110315244,1666.439076722389,85.19301453775063,101.29233430913541,65.7180137383615,69.90566796489347,1655.5,147.6484088352353,1950.7968176704705,1360.2031823295295,509642.0
LICN,2020-12-06,1931.0,1947.0,1853.0,1855.0,-0.06 %,42902.0,81253376.0,-0.058375634517766506,-0.060148846690498685,1894.6,1673.05,1781.1573477959053,1680.4065525207307,67.47164416930823,100.7507952751746,72.72457004572414,73.26954882454395,1673.05,149.54121945399353,1972.132438907987,1373.9675610920128,466740.0
LICN,2020-12-07,1818.0,1977.0,1804.0,1977.0,0.07 %,31866.0,59567120.0,0.06576819407008094,0.06369584812908147,1922.2,1696.95,1811.2869865965351,1702.376437519195,73.7176709064614,108.91054907734019,79.96176585204735,80.39315247993368,1696.95,158.20655219646534,2013.3631043929308,1380.5368956070693,498606.0
LICN,2020-12-08,1977.0,1977.0,1900.0,1944.0,-0.02 %,23127.0,44702570.0,-0.01669195751138086,-0.016832838150232506,1939.0,1719.2,1831.7043732739912,1720.2744791844398,69.8127242553607,111.42989408955145,86.25539149954818,80.1507844456527,1719.2,160.1816731747143,2039.5633463494287,1398.8366536505714,475479.0
LICN,2020-12-09,1906.0,1906.0,1840.0,1894.0,-0.03 %,22883.0,42952799.0,-0.025720164609053464,-0.026056711274360798,1928.0,1738.75,1841.2883158472234,1733.1430362818887,64.25860099593584,108.1452795653347,90.63336911270548,81.8542998423918,1738.75,156.21741765547748,2051.184835310955,1426.315164689045,452596.0
LICN,2020-12-10,1857.0,1908.0,1820.0,1879.0,-0.01 %,13284.0,25053448.0,-0.007919746568109787,-0.007951274332558204,1909.8,1758.2,1847.0901134091891,1743.9472558165637,62.64833941945652,103.14285759262543,93.13526680868948,82.2932784250781,1758.2,147.59496496903003,2053.38992993806,1463.01007006194,439312.0
LICN,2020-12-13,1900.0,1985.0,1900.0,1972.0,0.05 %,26671.0,51980860.0,0.049494411921234605,0.04830853574911532,1933.2,1778.7,1866.3070190385447,1760.8400516820036,68.00214295959756,105.46696735654109,95.6016069182598,83.98661568042967,1778.7,147.3828169660254,2073.465633932051,1483.9343660679492,465983.0
LICN,2020-12-14,2011.0,2110.0,2000.0,2090.0,0.06 %,48926.0,100393801.0,0.059837728194726214,0.05811580979627601,1955.8,1805.0,1900.7213238018453,1785.2222700759291,73.24271103665617,115.49905372591616,99.58109627979108,87.84471456039898,1805.0,153.84373479879235,2112.687469597585,1497.3125304024152,514909.0
LICN,2020-12-15,2090.0,2170.0,2050.0,2062.0,-0.01 %,20148.0,42092965.0,-0.013397129186602852,-0.013487680381951434,1979.4,1829.6,1925.5334278323307,1805.7243241443787,70.30048195971365,119.80910368795207,103.62669776142329,90.14152066322762,1829.6,153.62476499917545,2136.8495299983506,1522.350470001649,494761.0
LICN,2020-12-16,2040.0,2060.0,2006.0,2021.0,-0.02 %,13276.0,26940715.0,-0.019883608147429732,-0.020083947173284277,2004.8,1847.4,1940.2205927812029,1821.6706705040542,66.11248767931026,118.54992227714865,106.61134266456837,87.70284061585423,1847.4,154.1726305152746,2155.745261030549,1539.054738969451,481485.0
LICN,2020-12-17,2000.0,2035.0,1940.0,1970.0,-0.03 %,32222.0,63533770.0,-0.025235032162295945,-0.02555889567158687,2023.0,1861.15,1944.8020400456332,1832.6580282444945,61.22643908532448,112.14401180113873,107.71787649188245,88.22406628615036,1861.15,152.1146641603993,2165.379328320799,1556.9206716792014,449263.0
LICN,2020-12-20,1975.0,1975.0,1820.0,1855.0,-0.06 %,39837.0,74177743.0,-0.058375634517766506,-0.060148846690498685,1999.6,1870.9,1930.9863415770744,1834.3129891152728,51.91022351350002,96.67335246180164,105.5089716858663,92.99377583713962,1870.9,144.60723575111484,2160.1144715022297,1581.6855284977705,409426.0
LICN,2020-12-21,1823.0,1962.0,1800.0,1880.0,0.01 %,22343.0,41088890.0,0.013477088948786964,0.013387080782459279,1957.6,1884.15,1923.1422890267554,1837.6972121437711,53.56438748629146,85.44507688298427,101.49619272528989,97.9227918487725,1884.15,131.46953819681528,2147.0890763936304,1621.2109236063695,431769.0
LICN,2020-12-22,1851.0,2068.0,1851.0,2035.0,0.08 %,24289.0,47465828.0,0.08244680851063824,0.07922404205270042,1952.2,1904.45,1940.3511676380238,1852.3122334664547,62.23730397853568,88.03893417156905,98.80474101454573,106.42830671671733,1904.45,120.9203630929304,2146.290726185861,1662.6092738141392,456058.0
LICN,2020-12-23,2136.0,2184.0,2000.0,2035.0,0.00 %,51167.0,106617716.0,0.0,0.0,1955.0,1922.65,1954.912526462943,1865.8446606170876,62.23730397845492,89.06786584585552,96.8573659808077,111.96914195123752,1922.65,110.91308830744309,2144.4761766148863,1700.8238233851139,456058.0
LICN,2020-12-24,1995.0,2014.0,1941.0,1960.0,-0.04 %,19030.0,37484236.0,-0.03685503685503688,-0.03755134565213248,1953.0,1937.55,1955.6952146994136,1872.819130201007,56.33291275868887,82.8760844984065,94.06110968432748,110.6856318118634,1937.55,92.55125180421038,2122.652503608421,1752.447496391579,437028.0
LICN,2020-12-27,1950.0,1950.0,1885.0,1885.0,-0.04 %,14488.0,28511817.0,-0.03826530612244894,-0.03901665234245173,1959.0,1946.6,1944.8190278225807,1873.7214168527842,51.11106759475447,71.0976109697965,89.46840994142129,108.13665811101602,1946.6,75.85540261091006,2098.31080522182,1794.88919477818,422540.0
LICN,2020-12-28,1850.0,1920.0,1850.0,1884.0,-0.00 %,4882.0,9182704.0,-0.0005305039787798504,-0.0005306447458027798,1959.8,1948.85,1935.4622543114144,1874.4827933822075,51.0431280731575,60.97946092920688,83.7706201389784,105.4126111030863,1948.85,73.11366421358571,2095.0773284271713,1802.6226715728285,417658.0
LICN,2020-12-29,1880.0,1921.0,1870.0,1889.0,0.00 %,8762.0,16564848.0,0.002653927813163426,0.0026504123652011284,1930.6,1950.3,1928.3142151865814,1875.5581420205624,51.39104734270039,52.75607316601895,77.56771074438652,101.52599602429443,1950.3,71.52923583366105,2093.358471667322,1807.241528332678,426420.0
LICN,2020-12-30,1905.0,1917.0,1881.0,1900.0,0.01 %,4184.0,7947573.0,0.0058231868713605195,0.0058062976530222875,1903.6,1947.85,1923.9581820809535,1877.3686500190393,52.195938183525605,46.58953206191427,71.37207500789208,96.84556773684483,1947.85,72.40985321146132,2092.6697064229224,1803.0302935770774,430604.0
LICN,2020-12-31,1900.0,1976.0,1897.0,1927.0,0.01 %,12597.0,24246912.0,0.014210526315789451,0.014110503259834541,1897.0,1945.7,1924.4261540684993,1881.0450463139252,54.20057857076762,43.38110775457403,65.77388155722848,95.5708843270702,1945.7,72.35591853724559,2090.4118370744914,1800.988162925509,443201.0
LICN,2021-01-03,1927.0,2010.0,1927.0,1985.0,0.03 %,11296.0,22397204.0,0.030098598858329106,0.029654524706924493,1917.0,1952.2,1933.7452072887302,1888.7454132536343,58.25071481869923,44.999794035095874,61.61906405280196,94.67296401799376,1952.2,69.56451000784611,2091.329020015692,1813.0709799843078,454497.0
LICN,2021-01-04,2084.0,2084.0,1974.0,1990.0,0.00 %,24018.0,48177994.0,0.0025188916876575096,0.0025157245972473705,1938.2,1952.85,1942.3997907827718,1896.2457530126244,58.590679995996936,46.1540377701474,58.52605879627105,95.76775230242279,1952.85,69.86850431157798,2092.5870086231557,1813.1129913768439,478515.0
LICN,2021-01-05,1975.0,2008.0,1970.0,1985.0,-0.00 %,18258.0,36245426.0,-0.002512562814070307,-0.002515724597247247,1957.4,1954.9,1948.9536691238839,1902.8201416783559,58.081341254554886,46.13352744552799,56.047552526122445,91.64148428082116,1954.9,70.1958913177609,2095.291782635522,1814.5082173644782,460257.0
LICN,2021-01-06,1995.0,1995.0,1960.0,1990.0,0.00 %,16489.0,32446577.0,0.0025188916876575096,0.0025157245972473705,1975.4,1959.7,1955.268489258671,1909.2779089614405,58.47013864101438,45.99058029723051,54.03615808034406,87.59566397504823,1959.7,69.08583524557798,2097.871670491156,1821.528329508844,476746.0
LICN,2021-01-07,1995.0,2021.0,1980.0,2000.0,0.01 %,34197.0,68436921.0,0.005025125628140614,0.0050125418235441935,1990.0,1965.75,1962.1502601419525,1915.9980638531856,59.283532207551154,46.152196288766845,52.459365722028615,84.26740226254479,1965.75,66.91068280689153,2099.571365613783,1831.928634386217,510943.0
LICN,2021-01-10,2010.0,2040.0,2000.0,2014.0,0.01 %,11096.0,22307434.0,0.006999999999999895,0.006975613736425138,1995.8,1967.85,1970.1271431970367,1923.2574665307275,60.451374934508664,46.86967666630926,51.34142791088475,81.10544495807731,1967.85,67.77072415602356,2103.391448312047,1832.3085516879528,522039.0
LICN,2021-01-11,2030.0,2050.0,1993.0,2040.0,0.01 %,11756.0,23782769.0,0.012909632571995955,0.012827013559754399,2005.8,1965.35,1980.8768134744157,1931.9050616025254,62.596985347132346,48.97175187189032,50.867492703085865,79.3836274610718,1965.35,63.835541164696885,2093.0210823293937,1837.678917670606,533795.0
LICN,2021-01-12,2040.0,2150.0,2032.0,2135.0,0.05 %,40946.0,86004032.0,0.04656862745098045,0.045516838824462905,2035.8,1969.0,2004.58807293989,1946.9491311134493,69.17703077513272,57.638941826440714,52.221782527756844,82.14193978528095,1969.0,71.3029120243918,2111.6058240487837,1826.3941759512163,574741.0
LICN,2021-01-13,2140.0,2244.0,2140.0,2195.0,0.03 %,23580.0,51838127.0,0.02810304449648715,0.027715399846546827,2076.8,1977.7,2033.8822155645225,1965.32326954949,72.47103733563196,68.55894601503246,55.489215225211964,84.0603726577609,1977.7,86.89261370099186,2151.4852274019836,1803.9147725980163,598321.0
LICN,2021-01-17,2200.0,2244.0,2185.0,2235.0,0.02 %,22713.0,50240076.0,0.018223234624145768,0.018059181538397466,2123.8,1990.95,2064.8234131699805,1985.299323656935,74.43271658055286,79.52408951304551,60.29619008277868,82.27034603934939,1990.95,104.14790848646784,2199.2458169729357,1782.6541830270644,621034.0
LICN,2021-01-18,2279.0,2279.0,2205.0,2275.0,0.02 %,50108.0,111611453.0,0.017897091722595126,0.01773882433738163,2176.0,2011.95,2097.158272682291,2006.7586330156805,76.25491849418549,90.39963966661071,66.3168799995451,81.67960703653873,2011.95,116.86045434394927,2245.6709086878986,1778.2290913121014,671142.0
LICN,2021-01-19,2275.0,2277.0,2221.0,2240.0,-0.02 %,28820.0,64804250.0,-0.01538461538461533,-0.015504186535965199,2216.0,2029.95,2119.1339230388617,2024.0357713108153,71.45600024185872,95.09815172804633,72.07313434524535,79.84534939107168,2029.95,123.02908299730835,2276.008165994617,1783.8918340053833,642322.0
LICN,2021-01-20,2240.0,2400.0,2240.0,2398.0,0.07 %,28560.0,66465097.0,0.07053571428571437,0.06815919073837409,2268.6,2048.1,2162.0363964174985,2051.736825287792,78.14309976338815,110.29957112970669,79.71842170213762,85.57068157742371,2048.1,148.04583216373723,2344.1916643274744,1752.0083356725254,670882.0
LICN,2021-01-21,2415.0,2490.0,2415.0,2480.0,0.03 %,22038.0,54356018.0,0.034195162635529686,0.03362350357156838,2325.6,2070.35,2210.9538738917295,2083.460023414622,80.67364630810556,127.49385047710757,89.27350745713161,86.02991860760774,2070.35,176.6498990718824,2423.6497981437647,1717.0502018562352,692920.0
LICN,2021-01-24,2481.0,2481.0,2406.0,2408.0,-0.03 %,24433.0,59469235.0,-0.029032258064516148,-0.02946203273031622,2360.2,2092.75,2241.268662523771,2107.5000216802055,72.71311859286617,133.76864084356566,98.17253413441843,85.24206727849291,2092.75,189.83285584401838,2472.415711688037,1713.0842883119633,668487.0
LICN,2021-01-25,2436.0,2436.0,2356.0,2370.0,-0.02 %,23266.0,55540671.0,-0.01578073089700993,-0.015906572299534752,2379.2,2117.0,2261.0734836739603,2126.9444645187086,68.85158432085026,134.12901915525163,105.36383113858507,84.8676339014577,2117.0,192.85118342226926,2502.7023668445386,1731.2976331554614,645221.0
LICN,2021-01-26,2345.0,2391.0,2323.0,2340.0,-0.01 %,24398.0,57182572.0,-0.012658227848101222,-0.012739025777429714,2399.2,2139.8,2273.216024647197,2142.7263560358415,65.87715077110789,130.48966861135568,110.3889986331392,83.66280290849643,2139.8,190.79931589858995,2521.3986317971803,1758.2013682028203,620823.0
LICN,2021-01-27,2341.0,2460.0,2307.0,2455.0,0.05 %,33476.0,80725401.0,0.04914529914529919,0.04797583187687389,2410.6,2168.1,2301.18279008609,2165.8577370702237,71.04162172066094,135.32505301586616,115.3762095096846,88.61545984360383,2168.1,193.59694973674073,2555.2938994734814,1780.9061005265185,654299.0
LICN,2021-01-28,2577.0,2628.0,2508.0,2522.0,0.03 %,42897.0,110330068.0,0.02729124236252556,0.026925476296244012,2419.0,2199.2,2335.1546685343837,2192.2386454353923,73.55303421571446,142.91602309899145,120.88417222754597,94.64292699763213,2199.2,198.1678183018833,2595.5356366037663,1802.8643633962333,697196.0
LICN,2021-01-31,2472.0,2510.0,2382.0,2394.0,-0.05 %,63264.0,159043786.0,-0.05075337034099925,-0.05208663040694646,2416.2,2222.55,2344.207796452171,2207.1839309586967,62.41621667100045,137.0238654934742,124.11211088073163,97.88271792637269,2222.55,191.81802642911322,2606.1860528582265,1838.9139471417739,633932.0
LICN,2021-02-01,2440.0,2538.0,2410.0,2496.0,0.04 %,46953.0,115762841.0,0.04260651629072676,0.04172384337139977,2441.4,2248.1,2367.560443151837,2228.577713850645,66.73818289288444,138.98272930119174,127.08623456482367,101.17680950306035,2248.1,192.54224416858744,2633.184488337175,1863.015511662825,680885.0
LICN,2021-02-02,2490.0,2545.0,2480.0,2544.0,0.02 %,28030.0,70917503.0,0.019230769230769162,0.01904819497069441,2482.2,2275.8,2394.7049903592465,2251.942327639486,68.5698760195579,142.76266271976056,130.22152019581105,98.59275168141319,2275.8,193.30548498766984,2662.41096997534,1889.1890300246605,708915.0
LICN,2021-02-03,2515.0,2575.0,2476.0,2495.0,-0.02 %,21678.0,60830168.0,-0.019261006289308158,-0.019448916274393706,2490.2,2301.3,2410.1349918424394,2269.9465996661907,64.6555917589734,140.18839217624873,132.2148945918986,98.62184084702653,2301.3,186.4420609874977,2674.184121974996,1928.4158780250048,687237.0
LICN,2021-02-04,2500.0,2525.0,2407.0,2486.0,-0.00 %,17472.0,43446066.0,-0.003607214428857697,-0.003613736114962599,2483.0,2326.1,2421.806531558987,2285.950555246473,63.93368707255804,135.85597631251403,132.9431109360217,100.00599507223893,2326.1,175.52294796738323,2677.1458959347665,1975.0541040652333,669765.0
LICN,2021-02-07,2501.0,2545.0,2482.0,2530.0,0.02 %,26346.0,66195541.0,0.017699115044247815,0.017544309650909525,2510.2,2352.6,2438.451680549912,2304.0282918948824,65.93614071428857,134.4233886550296,133.23916647982327,97.36270970993615,2352.6,163.27999845278003,2679.15999690556,2026.0400030944397,696111.0
LICN,2021-02-08,2550.0,2650.0,2540.0,2597.0,0.03 %,26876.0,84112628.0,0.026482213438735247,0.026137629941182593,2530.4,2381.75,2462.843729696079,2325.729899902669,68.778753900641,137.11382979341033,134.0140991425407,98.97965901636928,2381.75,151.24635706792742,2684.242714135855,2079.257285864145,722987.0
LICN,2021-02-09,2647.0,2650.0,2550.0,2566.0,-0.01 %,18513.0,58958841.0,-0.011936850211782812,-0.012008666487166694,2534.8,2408.05,2478.7139251274516,2343.5276850950636,66.03303089547508,135.186240032388,134.24852732051016,99.05254051520005,2408.05,133.36829695089588,2674.786593901792,2141.3134060982084,704474.0
LICN,2021-02-10,2590.0,2592.0,2528.0,2539.0,-0.02 %,19634.0,52356052.0,-0.010522213561964144,-0.0105779634709033,2543.6,2428.25,2487.9887058770746,2358.0071158287624,63.64969369913641,129.98159004831223,133.39513986607056,96.54878762125719,2428.25,119.7334210037728,2667.7168420075454,2188.7831579924546,684840.0
LICN,2021-02-11,2589.0,2590.0,2510.0,2557.0,0.01 %,27774.0,70873758.0,0.007089405277668437,0.007064393586508247,2557.8,2446.35,2498.6058280498323,2372.7473294710762,64.56784705412628,125.8584985787561,131.88781160860768,95.36673136259596,2446.35,109.54560453841997,2665.4412090768396,2227.25879092316,712614.0
LICN,2021-02-14,2558.0,2570.0,2482.0,2545.0,-0.00 %,22124.0,55953140.0,-0.00469299960891667,-0.004704046306563473,2560.8,2461.85,2505.7433929652425,2385.506786547293,63.41781004644058,120.23660641794959,129.55757057047606,94.84053626526769,2461.85,99.54172624162041,2660.9334524832407,2262.766547516759,690490.0
LICN,2021-02-15,2592.0,2680.0,2571.0,2680.0,0.05 %,36757.0,97229090.0,0.05304518664047153,0.05168614452027926,2577.4,2482.1,2532.5521017398205,2407.321098654901,69.9107831080006,125.2310030849194,128.69225707336471,97.70906938917713,2482.1,100.71789680511637,2683.5357936102328,2280.664206389767,727247.0
LICN,2021-02-16,2685.0,2760.0,2685.0,2760.0,0.03 %,37248.0,102533384.0,0.029850746268656803,0.029413885206293407,2616.2,2508.1,2567.5440860875406,2433.445461717501,72.97221915304884,134.0986243700395,129.77353053269968,96.44413586137877,2508.1,102.04070395269757,2712.181407905395,2304.0185920946046,764495.0
LICN,2021-02-17,2770.0,2800.0,2725.0,2762.0,0.00 %,24545.0,60341479.0,0.0007246376811593791,0.0007243752580417016,2660.8,2526.3,2597.4603805356114,2457.782834923612,73.04605399539207,139.67754561199945,131.75433354855966,94.9124118712803,2526.3,113.21897739385206,2752.7379547877044,2299.862045212296,789040.0
LICN,2021-02-18,2781.0,2799.0,2707.0,2755.0,-0.00 %,40746.0,111904471.0,-0.0025343953656770113,-0.0025376123822225317,2700.4,2540.05,2621.6972450685944,2479.7989212255666,72.30157669632584,141.8983238430278,133.7831316074533,94.70438245190313,2540.05,123.52944460417102,2787.108889208342,2292.9911107916582,748294.0
LICN,2021-02-21,2618.0,2618.0,2420.0,2426.0,-0.03 %,11088.0,27535139.0,-0.11941923774954633,-0.12717363208301946,2676.6,2540.95,2591.5899765965028,2475.8138159495984,47.696536285418894,115.77616064690437,130.18173741534352,111.86835513391006,2540.95,122.57864285516855,2786.107285710337,2295.792714289663,737206.0
LICN,2021-02-22,2426.0,2426.0,2331.0,2341.0,-3.50 %,20306.0,47789323.0,-0.035037098103874675,-0.03566562201308466,2608.8,2539.5,2553.037672504733,2465.8276073607394,43.57099009026425,87.21006514399369,121.58740296107356,110.66347262434506,2539.5,124.85760310303895,2789.2152062060777,2289.7847937939223,716900.0
LICN,2021-02-23,2311.0,2320.0,2250.0,2320.0,-0.90 %,19733.0,44801452.0,-0.008970525416488684,-0.00901100283055513,2520.8,2538.5,2517.1857228886206,2455.025562371055,42.59083274993831,62.1601605175656,109.70195447237198,109.25893886546328,2538.5,126.60734991554004,2791.71469983108,2285.28530016892,697167.0
LICN,2021-02-24,2366.0,2382.0,2330.0,2330.0,0.43 %,14648.0,34418177.0,0.004310344827586299,0.004301081899390702,2434.4,2532.25,2488.387919367294,2445.764409602829,43.24556474302848,42.623509764465325,96.28626553079066,105.88330037507305,2532.25,133.82583929556452,2799.901678591129,2264.598321408871,711815.0
LICN,2021-02-25,2330.0,2330.0,2256.0,2256.0,0.00 %,8309.0,18942009.0,-0.03175965665236047,-0.03227493394179669,2334.6,2518.95,2452.6359317723254,2431.707786669286,39.64259363516689,20.928145103039242,81.21464144524037,103.60592177685355,2518.95,147.42508356165902,2813.800167123318,2224.099832876682,703506.0
LICN,2021-02-28,2211.0,2244.0,2166.0,2170.0,-3.81 %,19024.0,41869964.0,-0.03812056737588654,-0.038866166083444294,2283.4,2507.75,2409.1534807304292,2412.3220246937835,35.89927887825928,-3.1685439633542956,64.33800436352145,102.63407022136401,2507.75,164.89131189012437,2837.5326237802487,2177.9673762197513,684482.0
LICN,2021-03-01,2135.0,2304.0,2135.0,2296.0,0.00 %,13296.0,29731715.0,0.058064516129032295,0.05644131090495184,2274.4,2497.75,2391.7452529257475,2403.70557842017,44.21114452625512,-11.96032549442225,49.07833839193271,107.37449377698087,2497.75,171.57072348713467,2840.8914469742695,2154.6085530257305,697778.0
LICN,2021-03-02,2252.0,2295.0,2201.0,2243.0,-2.31 %,11337.0,25202219.0,-0.023083623693379796,-0.023354222919248723,2259.0,2482.7,2368.861367860248,2391.8014615001575,41.75830855638391,-22.94009363990972,34.674651985564225,106.49060136433938,2482.7,180.28080436102067,2843.2616087220413,2122.1383912779584,686441.0
LICN,2021-03-03,2199.0,2268.0,2158.0,2232.0,-0.49 %,14783.0,32615620.0,-0.00490414623272406,-0.004916211019006791,2239.4,2469.55,2347.805772804825,2379.9643162038496,41.246828379155616,-32.15854339902444,21.308012908646493,106.74127269545801,2469.55,188.7302377245968,2847.010475449194,2092.0895245508063,671658.0
LICN,2021-03-04,2276.0,2276.0,2230.0,2261.0,1.30 %,5444.0,12305674.0,0.012992831541218663,0.012909148776768313,2240.4,2458.3,2334.4510385271597,2371.152144633194,43.221345925912765,-36.70110610603433,9.706189105710326,102.40261036006817,2458.3,194.32124785628784,2846.9424957125757,2069.6575042874247,677102.0
LICN,2021-03-08,2270.0,2270.0,2177.0,2189.0,-3.18 %,7484.0,16525154.0,-0.03184431667403809,-0.032362374755106955,2244.2,2441.25,2312.0739556768276,2357.6593931788834,39.657836727760966,-45.58543750205581,-1.3521362158429016,101.73099533434902,2441.25,202.4873940195927,2846.2247880391856,2036.2752119608147,669618.0
LICN,2021-03-09,2190.0,2260.0,2159.0,2233.0,2.01 %,13123.0,28865858.0,0.0201005025125629,0.01990115431729502,2231.6,2423.05,2299.9087317265466,2348.4253640545217,42.76352145824016,-48.516632327975,-10.785035438269322,101.67878138189552,2423.05,204.10355343873692,2831.257106877474,2014.8428931225262,682741.0
LICN,2021-03-10,2190.0,2232.0,2180.0,2188.0,-2.02 %,3845.0,8434420.0,-0.020152261531571902,-0.02035808829828608,2220.6,2404.15,2282.6920037686164,2336.5420037541867,40.469443139699656,-53.84999998557032,-19.39802834772952,98.20172556890299,2404.15,207.6404470789863,2819.430894157973,1988.8691058420275,678896.0
LICN,2021-03-14,2151.0,2161.0,2083.0,2100.0,-4.02 %,13393.0,28303357.0,-0.04021937842778789,-0.04105053983035741,2194.2,2382.2,2254.5855416503678,2319.0203738464693,36.361440609335894,-64.43483219610152,-28.405389117403924,98.68731659969563,2382.2,215.68290564965255,2813.565811299305,1950.8341887006948,665503.0
LICN,2021-03-15,2079.0,2125.0,2062.0,2114.0,0.67 %,7159.0,15026803.0,0.006666666666666599,0.006644542718668511,2164.8,2360.05,2232.9569967810803,2303.8336794874717,37.449282593213496,-70.87668270639142,-36.89964783520142,96.13822255686024,2360.05,219.50026375719176,2799.0505275143837,1921.0494724856167,672662.0
LICN,2021-03-16,2114.0,2165.0,2074.0,2160.0,2.18 %,16056.0,33884182.0,0.021759697256386046,0.02152633424802779,2159.0,2340.8,2221.732843430145,2293.17933285877,41.016971850016084,-71.44648942862523,-43.80901615388618,95.77120665994165,2340.8,219.3086265613221,2779.4172531226445,1902.182746877356,688718.0
LICN,2021-03-17,2182.0,2271.0,2139.0,2271.0,5.14 %,9431.0,20675190.0,0.05138888888888893,0.05011204142734782,2166.6,2320.35,2229.312405979353,2291.536419313676,48.63086547238539,-62.22401333432299,-47.49201558997355,98.35897761280297,2320.35,204.58951843296936,2729.5290368659385,1911.1709631340611,698149.0
LICN,2021-03-18,2384.0,2384.0,2250.0,2354.0,3.65 %,13736.0,31778812.0,0.036547776309995506,0.035895745714663474,2199.8,2300.05,2248.4951127517606,2296.1633512163667,53.46782939626447,-47.66823846460602,-47.52726016490005,100.9047649261742,2300.05,176.94467615911813,2653.9393523182366,1946.160647681764,711885.0
LICN,2021-03-21,2360.0,2395.0,2327.0,2363.0,0.38 %,15935.0,37610539.0,0.0038232795242141293,0.0038159893666858363,2252.4,2280.1,2266.11124925149,2301.1142140892284,53.97391471374119,-35.002964837738546,-45.02240109946775,98.55442457430462,2280.1,140.95236224006678,2562.0047244801335,1998.1952755198663,727820.0
LICN,2021-03-22,2400.0,2400.0,2290.0,2302.0,-2.58 %,14085.0,32644184.0,-0.02581464240372411,-0.026153687905079912,2290.0,2257.45,2271.632595520491,2301.179827860397,50.004287886886594,-29.547232339905804,-41.92736734755536,99.37196567614001,2257.45,86.5031030779094,2430.4562061558186,2084.443793844181,713735.0
LICN,2021-03-23,2290.0,2298.0,2266.0,2273.0,-1.26 %,22365.0,51013760.0,-0.012597741094700243,-0.01267776542928473,2312.6,2249.8,2271.842965440416,2299.0924332040713,48.18972083802773,-27.249467763655502,-38.99178743077539,94.84539669927287,2249.8,77.06292712351507,2403.92585424703,2095.67414575297,691370.0
LICN,2021-03-24,2275.0,2298.0,2265.0,2297.0,1.06 %,9722.0,22232692.0,0.01055873295204579,0.010503378836555081,2317.8,2247.6,2275.7132784495825,2298.937438151918,49.81286141772472,-23.224159702335328,-35.83826188508738,90.42786836361053,2247.6,74.92058953881886,2397.4411790776376,2097.7588209223622,701092.0
LICN,2021-03-25,2319.0,2319.0,2240.0,2300.0,0.13 %,16603.0,37892711.0,0.0013060513713538668,0.0013051992281427351,2307.0,2246.6,2279.449697149647,2299.016146436961,50.02362697155695,-19.5664492873143,-32.58389936553276,89.61159205192406,2246.6,74.03157221221623,2394.663144424432,2098.5368555755676,717695.0
LICN,2021-03-29,2320.0,2320.0,2255.0,2315.0,0.65 %,3799.0,8671844.0,0.006521739130434856,0.006500564603093463,2297.4,2245.85,2284.91897451124,2300.2001355897787,51.128761708501344,-15.281161078538844,-29.123351708133978,87.85362119107235,2245.85,73.21365633327068,2392.277312666541,2099.4226873334587,721494.0
LICN,2021-03-30,2350.0,2350.0,2281.0,2305.0,-0.43 %,16223.0,37112727.0,-0.004319654427645814,-0.004329011089585581,2298.0,2248.3,2288.008363047972,2300.555681101647,50.329721838559934,-12.547318053675099,-25.8081449772422,86.50693396313862,2248.3,74.38173233573707,2397.0634646714743,2099.536535328526,705271.0
LICN,2021-03-31,2305.0,2305.0,2270.0,2270.0,-1.52 %,9283.0,21150722.0,-0.015184381778741818,-0.015300844955300485,2297.4,2253.3,2285.2378456559763,2298.29229731634,47.52994622793298,-13.054451660363611,-23.257406313866483,82.82786725148587,2253.3,72.16946431108856,2397.6389286221774,2108.961071377823,695988.0
LICN,2021-04-01,2300.0,2315.0,2260.0,2292.0,0.97 %,10680.0,24337710.0,0.009691629955947079,0.009644967359181767,2296.4,2253.1,2286.2781770935185,2297.8262012188334,49.43407354819817,-11.548024125314896,-20.915529876156167,80.84016244780831,2253.1,72.05034789354637,2397.2006957870926,2108.999304212907,706668.0
LICN,2021-04-04,2281.0,2316.0,2281.0,2301.0,0.39 %,10529.0,24904762.0,0.003926701570680535,0.003919012200735602,2296.6,2256.0,2288.543072925285,2298.0612974248456,50.22979022146078,-9.518224499560802,-18.636068800837094,77.56586513010772,2256.0,72.78591535239732,2401.5718307047946,2110.4281692952054,717197.0
LICN,2021-04-05,2301.0,2323.0,2262.0,2323.0,0.96 %,8696.0,19908043.0,0.009561060408518118,0.009515642735043345,2298.2,2260.55,2293.844138629087,2299.9086087267087,52.20952359478585,-6.064470097621779,-16.121749060194034,76.38258904938576,2260.55,74.04015624540698,2408.630312490814,2112.4696875091863,725893.0
LICN,2021-04-06,2277.0,2365.0,2260.0,2314.0,-0.39 %,3512.0,8056443.0,-0.0038743004735256603,-0.003881825016787305,2300.0,2263.2,2296.945040378458,2300.952415487693,51.310343535019214,-4.007375109234999,-13.698874270002229,78.42668983157249,2263.2,74.99936841840794,2413.198736836816,2113.2012631631837,722381.0
LICN,2021-04-07,2276.0,2350.0,2276.0,2348.0,1.47 %,5161.0,11919708.0,0.014693171996542853,0.014586273194365252,2315.6,2271.15,2304.799649551003,2304.437421747864,54.49852822827734,0.36222780313892144,-10.886653855374,78.1104977007459,2271.15,75.14706633628231,2421.4441326725646,2120.8558673274356,727542.0
LICN,2021-04-08,2360.0,2379.0,2332.0,2358.0,0.43 %,5275.0,12405863.0,0.004258943781942026,0.004249900149329117,2328.8,2277.4,2312.9843188508485,2308.405020136911,55.42306196210812,4.579298713937533,-7.793463341511694,75.88831929354977,2277.4,76.98284156056548,2431.365683121131,2123.434316878869,732817.0
LICN,2021-04-12,2357.0,2394.0,2325.0,2394.0,1.53 %,5535.0,13269253.0,0.01526717557251911,0.015151805020602246,2347.4,2287.7,2325.4482697968715,2314.7453890156585,58.67816055797553,10.702880781213025,-4.09419451696675,75.39629648686766,2287.7,78.16386296548147,2444.027725930963,2131.372274069037,738352.0
LICN,2021-04-13,2375.0,2380.0,2341.0,2368.0,-1.09 %,2604.0,6152362.0,-0.010860484544695126,-0.010919890114022212,2356.4,2301.1,2331.994689828122,2318.6901750144984,55.52464323279451,13.304514813623427,-0.6144526508487145,73.79656102351997,2301.1,66.37524903315222,2433.850498066304,2168.3495019336956,735748.0
LICN,2021-04-15,2363.0,2387.0,2344.0,2347.0,-0.89 %,15979.0,37761387.0,-0.008868243243243201,-0.008907800152872744,2363.0,2312.75,2334.303199085334,2320.7871990874983,53.044974830322516,13.515999997835934,2.211637878888215,71.59680666469711,2312.75,50.31152949377039,2413.373058987541,2212.126941012459,719769.0
LICN,2021-04-18,2360.0,2360.0,2300.0,2349.0,0.09 %,9220.0,21365507.0,0.000852151682999569,0.0008517888078892742,2363.2,2322.2,2336.5642453798982,2322.877036192128,53.25906690626539,13.68720918777035,4.506752140664642,70.76846333150446,2322.2,35.75442556343216,2393.708851126864,2250.6911488731357,728989.0
LICN,2021-04-19,2303.0,2328.0,2257.0,2322.0,-1.15 %,13935.0,31766865.0,-0.011494252873563204,-0.011560822401075971,2356.0,2324.75,2334.323592244529,2322.8120705482665,49.948092132422445,11.511521696262662,5.907706051784247,72.28500166496843,2324.75,33.6684687723735,2392.086937544747,2257.413062455253,715054.0
LICN,2021-04-20,2325.0,2325.0,2250.0,2295.0,-1.16 %,17215.0,39119683.0,-0.011627906976744207,-0.011696039763191298,2336.2,2321.8,2328.273808822294,2320.751917174321,46.81392564254297,7.521891647973007,6.230543171021999,72.4789301174707,2321.8,33.55529607587198,2388.910592151744,2254.6894078482565,697839.0
LICN,2021-04-21,2335.0,2335.0,2200.0,2250.0,-1.96 %,12957.0,28882630.0,-0.019607843137254943,-0.019802627296179754,2312.6,2316.15,2316.2316843880953,2315.5110344206673,42.0751880785615,0.7206499674280167,5.128564530303203,76.94472082336564,2316.15,35.69796544405095,2387.545930888102,2244.7540691118984,684882.0
LICN,2021-04-22,2208.0,2290.0,2208.0,2248.0,-0.09 %,6830.0,15242365.0,-0.000888888888888939,-0.0008892841848841728,2292.8,2313.45,2305.7345021745423,2310.5102170561736,41.87231857255141,-4.775714881631302,3.1477086479163026,77.30581219312525,2313.45,38.73727295244214,2390.9245459048843,2235.9754540951153,678052.0
LICN,2021-04-25,2200.0,2240.0,2154.0,2164.0,-3.74 %,9760.0,21251637.0,-0.03736654804270467,-0.0380825710472096,2255.8,2308.0,2283.9291941476895,2299.6576083853456,34.375546733286654,-15.728414237656125,-0.6275159291981827,78.49825417933059,2308.0,50.583958347560724,2409.1679166951217,2206.8320833048783,668292.0
LICN,2021-04-26,2125.0,2200.0,2085.0,2189.0,1.16 %,13745.0,29127065.0,0.011552680221811551,0.011486457556490888,2229.2,2302.6,2269.3247027403527,2291.4607485049496,37.93698607669134,-22.13604576459693,-4.929221896277932,81.10552173794983,2302.6,57.15758456833763,2416.915169136675,2188.2848308633247,682037.0
LICN,2021-04-27,2220.0,2220.0,2162.0,2196.0,0.32 %,31707.0,60450289.0,0.0031978072179077444,0.0031927051065583347,2209.4,2297.4,2258.043979241837,2284.389581949027,38.93626320197917,-26.34560270719021,-9.212498058460387,79.45512732809627,2297.4,61.93748971004048,2421.274979420081,2173.5250205799193,713744.0
LICN,2021-04-28,2185.0,2244.0,2126.0,2190.0,-0.27 %,10043.0,21994170.0,-0.002732240437158473,-0.0027359798188747488,2197.4,2291.15,2247.575674743093,2277.397761063914,38.36604896761131,-29.8220863208212,-13.33441571093255,82.20833251894653,2291.15,66.22630658743479,2423.6026131748695,2158.6973868251307,703701.0
LICN,2021-04-29,2155.0,2243.0,2149.0,2234.0,2.01 %,9151.0,20443334.0,0.020091324200913308,0.019892156818599578,2194.6,2287.6,2245.487109398002,2274.1831120962165,44.7554392872653,-28.69600269821467,-16.406733108388973,83.05059448187892,2287.6,67.33842259733365,2422.276845194667,2152.9231548053326,712852.0
LICN,2021-05-02,2207.0,2300.0,2207.0,2290.0,2.51 %,8108.0,18567320.0,0.0250671441360788,0.02475811691913933,2219.8,2288.6,2252.3352464136938,2275.3547334224227,51.628483637345724,-23.019487008728902,-17.72928388845696,83.76126630460185,2288.6,67.21168444785589,2423.023368895712,2154.176631104288,720960.0
LICN,2021-05-03,2404.0,2404.0,2276.0,2295.0,0.22 %,13169.0,30222855.0,0.0021834061135370675,0.002181025946360146,2241.0,2288.75,2258.8990546577406,2276.8099383540953,52.20029333148648,-17.91088369635463,-17.765603850036495,86.92117585427314,2288.75,67.22301845743524,2423.1960369148705,2154.3039630851295,734129.0
LICN,2021-05-04,2290.0,2320.0,2260.0,2302.0,0.31 %,7758.0,17858916.0,0.003050108932461937,0.0030454667871824873,2262.2,2288.8,2265.5299693257803,2278.6758688463847,53.03729748254817,-13.145899520604416,-16.84166298415008,84.99823472182507,2288.8,67.23298062865346,2423.265961257307,2154.3340387426933,741887.0
LICN,2021-05-05,2302.0,2325.0,2302.0,2324.0,0.96 %,6302.0,14645848.0,0.009556907037358897,0.009511528689973972,2289.0,2288.85,2274.5253586602757,2282.033211894801,55.6648984445099,-7.507853234525101,-14.974901034225084,80.56978938455185,2288.85,67.26011956734014,2423.37023913468,2154.3297608653197,748189.0
LICN,2021-05-06,2300.0,2310.0,2273.0,2273.0,-2.19 %,2545.0,5784785.0,-0.021944922547332157,-0.02218929411925861,2296.8,2286.8,2274.2906880971564,2281.3640850877787,48.842509434988884,-7.073396990622314,-13.394600225504531,78.45766157136957,2286.8,67.07780243083192,2420.955604861664,2152.644395138336,745644.0
LICN,2021-05-09,2298.0,2299.0,2253.0,2264.0,-0.40 %,6943.0,15718952.0,-0.003959524857017116,-0.0039673845294696105,2291.6,2282.6,2272.7075053129784,2280.077856562758,47.730751227094316,-7.37035124977956,-12.189750430359538,76.1392571734146,2282.6,65.65892732023904,2413.917854640478,2151.282145359522,738701.0
LICN,2021-05-10,2226.0,2296.0,2226.0,2281.0,0.75 %,3148.0,7180588.0,0.0075088339222615375,0.007480782961314531,2288.8,2278.75,2273.9832737263664,2280.1461634840352,50.043841108914,-6.162889757668836,-10.984378295821397,75.70073880388499,2278.75,63.21714873939782,2405.1842974787955,2152.3157025212045,741849.0
LICN,2021-05-11,2276.0,2334.0,2253.0,2321.0,1.75 %,9885.0,22943085.0,0.017536168347216163,0.01738418399004904,2292.6,2275.1,2281.2166162300023,2283.172373596329,55.0808585094128,-1.9557573663269068,-9.1786541099225,76.07925746075036,2275.1,58.11413452492631,2391.3282690498527,2158.871730950147,751734.0
LICN,2021-05-12,2250.0,2339.0,2250.0,2314.0,-0.30 %,5795.0,13409630.0,-0.0030159414045669575,-0.0030204985208151162,2290.6,2272.4,2286.2602137330787,2285.4559014780825,54.053711364571264,0.8043122549961481,-7.18206083693877,77.00216764212534,2272.4,54.72649699813137,2381.8529939962627,2162.9470060037374,745939.0
LICN,2021-05-13,2301.0,2330.0,2301.0,2330.0,0.69 %,11676.0,27205080.0,0.006914433880726101,0.00689063880612445,2302.0,2271.55,2292.9894116202972,2288.755464331558,56.07020903766739,4.233947288739273,-4.8988592118031615,73.57344138197354,2271.55,53.627835466708625,2378.8056709334173,2164.294329066583,757615.0
LICN,2021-05-16,2340.0,2415.0,2335.0,2415.0,3.65 %,13929.0,33638535.0,0.03648068669527893,0.03583101952692677,2332.2,2274.85,2311.7602713710207,2298.106911418109,64.88681026768002,13.653359952911615,-1.1884153788602063,74.389624140404,2274.85,60.26457019721387,2395.379140394428,2154.320859605572,771544.0
LICN,2021-05-17,2440.0,2449.0,2397.0,2417.0,0.08 %,10150.0,24532550.0,0.0008281573498964967,0.0008278146168099661,2359.4,2279.6,2327.9509988524023,2306.9138068686193,65.06447657221275,21.037191983783032,3.2567060936684418,72.79036527323228,2279.6,67.48754271015464,2414.5750854203093,2144.6249145796905,781694.0
LICN,2021-05-18,2400.0,2415.0,2370.0,2409.0,-0.33 %,8590.0,20693310.0,-0.0033098882912702132,-0.003315378088611691,2377.0,2285.3,2340.4200759520327,2314.4757471005732,63.67657347030433,25.94432885145943,7.794230645226641,70.94819632514427,2285.3,73.41095572906661,2432.1219114581336,2138.478088541867,773104.0
LICN,2021-05-19,2414.0,2429.0,2361.0,2388.0,-0.87 %,7212.0,17222256.0,-0.008717310087173136,-0.008755528102378694,2391.8,2292.2,2347.7400642671046,2319.9219880560863,60.05514888900386,27.81807621101825,11.798999758384962,70.73761087334826,2292.2,76.34519941480666,2444.8903988296133,2139.5096011703863,765892.0
LICN,2021-05-20,2409.0,2463.0,2370.0,2391.0,0.13 %,9412.0,22504092.0,0.0012562814070351536,0.0012554929458320028,2404.0,2299.35,2354.3954389952423,2325.187025977858,60.401617463892364,29.208413017384373,15.280882410184844,72.32778152525195,2299.35,78.64930487866474,2456.6486097573293,2142.0513902426705,775304.0
LICN,2021-05-23,2345.0,2397.0,2299.0,2384.0,-0.29 %,7359.0,17543856.0,-0.0029276453366792188,-0.002931939273084357,2397.8,2310.35,2358.949986842128,2329.5435425720907,59.11322212692945,29.406444270037355,18.10599478215535,74.16151141630539,2310.35,73.9681830604594,2458.2863661209185,2162.4136338790813,767945.0
LICN,2021-05-24,2420.0,2420.0,2345.0,2353.0,-1.30 %,8165.0,19212245.0,-0.013003355704698016,-0.013088639457877926,2385.0,2318.55,2358.0346042510314,2331.2810579371207,53.65490980578802,26.753546313910647,19.83550508850641,74.22140345799787,2318.55,68.71104638076295,2455.9720927615263,2181.127907238474,759780.0
LICN,2021-05-25,2360.0,2407.0,2351.0,2399.0,1.95 %,10956.0,26283444.0,0.019549511262218378,0.019360874112332026,2383.0,2328.7,2364.3369728277958,2336.2972758677042,59.61406520267851,28.039696960091533,21.476343462823433,72.91987463956944,2328.7,64.52098801738403,2457.741976034768,2199.6580239652317,770736.0
LICN,2021-05-27,2280.0,2390.0,2280.0,2385.0,-0.58 %,5385.0,12843225.0,-0.005835764902042517,-0.005852859517252981,2382.4,2338.45,2367.515900085058,2339.904885062689,57.20328915662747,27.611015022368974,22.70327777473254,76.21131216531448,2338.45,56.72043630596881,2451.8908726119375,2225.009127388062,765351.0
LICN,2021-05-30,2400.0,2420.0,2311.0,2360.0,-1.05 %,16516.0,38977760.0,-0.010482180293501009,-0.010537505302785799,2376.2,2344.75,2366.3596077642796,2341.3934120950826,53.07566425497264,24.966195669197077,23.15586135362545,78.55336129636346,2344.75,51.24130221446595,2447.232604428932,2242.267395571068,748835.0
LICN,2021-05-31,2350.0,2375.0,2312.0,2312.0,-2.03 %,8696.0,20105152.0,-0.02033898305084747,-0.020548668227387677,2361.8,2345.85,2357.9965911851596,2339.2161223102617,46.18493106282241,18.780468874897906,22.280782857879945,77.44240691805179,2345.85,50.23028547549802,2446.310570950996,2245.389429049004,740139.0
LICN,2021-06-01,2312.0,2354.0,2275.0,2295.0,-0.74 %,18006.0,41323770.0,-0.007352941176470562,-0.007380107297622534,2350.2,2345.85,2348.3048079259042,2335.940853990983,44.00585291039621,12.363953934921028,20.297417073288162,77.55366356676237,2345.85,50.23028547549802,2446.310570950996,2245.389429049004,722133.0
LICN,2021-06-02,2295.0,2386.0,2295.0,2325.0,1.31 %,5832.0,13559400.0,0.013071895424836555,0.012987195526811112,2335.4,2347.0,2344.7194528603804,2335.1304203620216,48.61349370721015,9.589032498358847,18.1557401583023,78.51411616913649,2347.0,49.4304402272051,2445.86088045441,2248.13911954559,727965.0
LICN,2021-06-03,2365.0,2417.0,2360.0,2390.0,2.80 %,30910.0,73874900.0,0.027956989247311936,0.02757332690409977,2336.4,2350.3,2351.6856908818604,2339.1948336685386,56.8906993301623,12.49085721332176,17.022763569306193,79.47739358562674,2350.3,50.0137875727394,2450.327575145479,2250.2724248545214,758875.0
LICN,2021-06-06,2395.0,2435.0,2375.0,2390.0,0.00 %,17511.0,42027547.0,0.0,0.0,2342.4,2356.15,2357.5801999769587,2342.9581793227208,56.89069933001048,14.622020654237986,16.542614986292552,78.08615118665341,2356.15,47.26328830133748,2450.676576602675,2261.623423397325,758875.0
LICN,2021-06-07,2420.0,2440.0,2378.0,2425.0,1.46 %,30643.0,73979515.0,0.014644351464435212,0.014538158446027285,2365.0,2364.2,2367.9524769035806,2349.0353512247416,60.83076777159618,18.917125678839056,17.017517124801852,76.93714038760675,2364.2,44.36404423691993,2452.9280884738396,2275.47191152616,789518.0
LICN,2021-06-08,2445.0,2667.0,2430.0,2630.0,8.45 %,61692.0,158954313.0,0.08453608247422673,0.08115232180022659,2432.0,2381.65,2408.267480456876,2369.8475474303164,75.15439196094412,38.41993302655965,21.298000305153412,88.72734464563484,2381.65,70.72279093685133,2523.095581873703,2240.2044181262972,851210.0
LICN,2021-06-09,2755.0,2755.0,2543.0,2610.0,-0.01 %,36198.0,96828631.0,-0.0076045627376425395,-0.007633624855071095,2489.0,2396.1,2439.3032526942798,2387.6366179910337,72.373721139347,51.66663470324602,27.371727184771935,97.53253431380378,2396.1,85.63133956556084,2567.3626791311217,2224.837320868878,815012.0
LICN,2021-06-10,2600.0,2640.0,2526.0,2540.0,-2.68 %,14605.0,37420743.0,-0.026819923371647514,-0.027186140304156833,2519.0,2407.4,2454.795059972083,2398.9227944361423,63.51583750068617,55.87226553594064,33.071834855005676,98.7087818628178,2407.4,89.06969476942623,2585.5393895388524,2229.2606104611477,800407.0
LICN,2021-06-13,2555.0,2606.0,2494.0,2532.0,-0.31 %,28121.0,71616139.0,-0.0031496062992125706,-0.0031545767485154324,2547.4,2417.5,2466.672743053301,2408.7803652186503,62.57326553466504,57.89237783465069,38.03594345093468,99.65815458690224,2417.5,91.25701126634692,2600.014022532694,2234.985977467306,772286.0
LICN,2021-06-14,2535.0,2581.0,2502.0,2547.0,0.59 %,15346.0,38854104.0,0.005924170616113722,0.00590669171539018,2571.8,2424.1,2479.0307825835625,2419.018856683935,63.66213994909028,60.011925899627386,42.431139940673226,98.18257211640922,2424.1,95.73037795371404,2615.560755907428,2232.639244092572,787632.0
LICN,2021-06-15,2511.0,2540.0,2471.0,2529.0,-0.71 %,17605.0,44134618.0,-0.007067137809187329,-0.00709222830949191,2551.6,2429.7,2486.7183544937834,2427.165608040681,61.355318393818465,59.55274645310237,45.855461243159056,96.59810267952285,2429.7,98.52816856109256,2626.756337122185,2232.6436628778147,770027.0
LICN,2021-06-16,2480.0,2519.0,2430.0,2446.0,-3.28 %,22312.0,55133535.0,-0.03281929616449186,-0.03336993042284745,2518.8,2431.55,2480.4539922639706,2428.560748185816,51.99876194579189,51.89324407815457,47.06301781015816,96.76966677384264,2431.55,98.46638485986726,2628.4827697197347,2234.6172302802656,747715.0
LICN,2021-06-17,2483.0,2494.0,2430.0,2460.0,0.57 %,18927.0,46589243.0,0.005723630417007408,0.005707312679290873,2502.8,2435.15,2477.3072242233598,2430.8895816535332,53.29261225287633,46.41764256982651,46.93394276209183,94.42897628999674,2435.15,98.10589069712772,2631.3617813942556,2238.9382186057446,766642.0
LICN,2021-06-20,2460.0,2500.0,2401.0,2458.0,-0.08 %,21674.0,53007452.0,-0.0008130081300813385,-0.000813338800428396,2488.0,2438.5,2474.3368820351507,2432.8977607903084,53.07252848292956,41.43912124484223,45.83497845864191,94.7554779835684,2438.5,97.66187641688163,2633.823752833763,2243.176247166237,744968.0
LICN,2021-06-21,2409.0,2495.0,2372.0,2390.0,-2.77 %,9173.0,21953041.0,-0.02766476810414975,-0.028054645200423816,2456.6,2438.8,2461.361977106666,2429.720148879915,46.10146085781271,31.64182822675093,42.99634841226372,96.77294384188494,2438.8,97.49472320405184,2633.7894464081037,2243.8105535918967,735795.0
LICN,2021-06-22,2400.0,2428.0,2355.0,2422.0,1.34 %,9133.0,21957819.0,0.013389121338912124,0.0133002791874812,2435.2,2442.25,2455.306288321025,2429.1482859999214,49.46537071930556,26.158002321103595,39.6286791940317,95.07487642460744,2442.25,95.49917332242345,2633.248346644847,2251.251653355153,744928.0
LICN,2021-06-23,2460.0,2460.0,2315.0,2358.0,-2.64 %,15296.0,35902622.0,-0.02642444260941368,-0.026779843015721297,2417.6,2440.2,2440.3360901177907,2423.8780425925197,43.603890839887946,16.458047525271013,34.99455286027956,98.64095667999263,2440.2,96.90614015635495,2634.0122803127097,2246.38771968729,729632.0
LICN,2021-06-24,2360.0,2360.0,2301.0,2355.0,-0.13 %,6901.0,16075470.0,-0.0012722646310432406,-0.0012730746467980965,2396.6,2438.7,2427.2074608689,2418.775965363444,43.34461198848587,8.431495505456041,29.681941389314858,95.80945977427886,2438.7,98.03119804162749,2634.7623960832548,2242.637603916745,722731.0
LICN,2021-06-27,2355.0,2389.0,2308.0,2389.0,1.44 %,10824.0,25293426.0,0.014437367303609339,0.014334140875291407,2382.8,2440.15,2421.329389965992,2416.5703382994852,47.17813378447599,4.759051666506821,24.69736344475325,94.75164121897323,2440.15,97.01506936663827,2634.1801387332766,2246.1198612667235,733555.0
LICN,2021-06-28,2436.0,2436.0,2326.0,2357.0,-1.34 %,3882.0,9125791.0,-0.013394725826705756,-0.013485244389678441,2376.2,2442.4,2411.432560740455,2412.1577206476713,44.15020805865538,-0.7251599072164936,19.612858774359303,95.8408097033323,2442.4,94.37238668394569,2631.1447733678915,2253.6552266321087,729673.0
LICN,2021-06-29,2360.0,2360.0,2290.0,2339.0,-0.76 %,6909.0,15966428.0,-0.007636826474331726,-0.007666136351952037,2359.6,2444.6,2400.289089857308,2406.7386302293253,42.497943507573225,-6.449540372017054,14.400378945084032,93.99503758166571,2444.6,91.2154188258875,2627.030837651775,2262.1691623482247,722764.0
LICN,2021-06-30,2296.0,2324.0,2265.0,2313.0,-1.11 %,10870.0,24785697.0,-0.011115861479264688,-0.01117810435273989,2350.6,2444.0,2386.85999911003,2399.795027990116,40.1600404520297,-12.935028880086065,8.933297380050014,92.56682061154675,2444.0,92.07891352417553,2628.157827048351,2259.842172951649,711894.0
LICN,2021-07-01,2315.0,2350.0,2275.0,2325.0,0.52 %,16981.0,38931820.0,0.005188067444876765,0.005174655790017487,2344.6,2440.75,2377.3430761700256,2394.2546555464037,41.75271432998844,-16.911579376378086,3.7643220287643944,91.31204771072198,2440.75,95.18009245636983,2631.11018491274,2250.38981508726,728875.0
LICN,2021-07-04,2320.0,2344.0,2271.0,2310.0,-0.65 %,4304.0,9885329.0,-0.006451612903225823,-0.006472514505617479,2328.8,2436.75,2366.9826029130986,2388.013569950374,40.308515251218786,-21.03096703727533,-1.194735784443551,90.00404430281327,2436.75,99.02837179846857,2634.806743596937,2238.693256403063,724571.0
LICN,2021-07-05,2310.0,2310.0,2266.0,2295.0,-0.65 %,14766.0,33604080.0,-0.00649350649350644,-0.006514681021193642,2316.4,2430.25,2355.9083563110835,2381.123675879976,38.86094261931528,-25.215319568892482,-5.998852541333338,86.71804113832661,2430.25,103.98272882907004,2638.21545765814,2222.28454234186,709805.0
LICN,2021-07-06,2295.0,2309.0,2272.0,2300.0,0.22 %,10384.0,23864652.0,0.002178649237472685,0.0021762794225954484,2308.6,2413.75,2347.307070724763,2375.1145147036814,39.639091608855665,-27.8074439789184,-10.360570828850351,83.166752485589,2413.75,96.5335365777797,2606.8170731555592,2220.6829268444408,720189.0
LICN,2021-07-07,2300.0,2309.0,2267.0,2290.0,-0.43 %,3467.0,7915328.0,-0.004347826086956497,-0.004357305368955701,2304.0,2397.75,2338.4905983055687,2368.8097358367418,38.5814530439233,-30.319137531173055,-14.352284169314892,80.22627016518979,2397.75,88.47710081384898,2574.704201627698,2220.795798372302,716722.0
LICN,2021-07-08,2300.0,2300.0,2260.0,2296.0,0.26 %,3866.0,8833833.0,0.0026200873362445254,0.0026166608911716888,2298.2,2385.55,2331.953583181635,2363.4164220710572,39.62239237712063,-31.462838889422073,-17.77439511333633,77.35296515339053,2385.55,84.5660595100394,2554.682119020079,2216.4178809799214,720588.0
LICN,2021-07-11,2329.0,2406.0,2290.0,2390.0,4.09 %,11600.0,26855799.0,0.04094076655052259,0.040124887486099256,2314.2,2378.45,2340.8838011536914,2365.3855759917196,53.048175834996215,-24.50177483802827,-19.119871058274718,80.11346764243407,2378.45,77.2695044360473,2532.9890088720945,2223.910991127905,732188.0
LICN,2021-07-12,2390.0,2398.0,2298.0,2332.0,-2.43 %,10543.0,24746327.0,-0.024267782426778295,-0.02456709745517341,2321.6,2367.7,2339.517062514662,2362.9125703627037,46.218988892351774,-23.39550784804169,-19.974998416228114,81.53393423940307,2367.7,66.83766665745702,2501.375333314914,2234.024666685086,721645.0
LICN,2021-07-13,2330.0,2332.0,2300.0,2310.0,-0.94 %,7510.0,17360101.0,-0.009433962264150941,-0.00947874395454377,2323.6,2356.75,2334.975975973945,2358.9931207062073,43.90990144771042,-24.017144732262295,-20.78342767943495,77.99579607944571,2356.75,56.09754192947393,2468.945083858948,2244.554916141052,714135.0
LICN,2021-07-14,2310.0,2345.0,2300.0,2345.0,1.52 %,5829.0,13537033.0,0.015151515151515138,0.015037877364540502,2334.6,2351.7,2336.518133516415,2357.9565932464884,48.332405399250774,-21.43845973007319,-20.9144340895626,75.63895350234245,2351.7,52.039559850909896,2455.7791197018196,2247.62088029818,719964.0
LICN,2021-07-15,2321.0,2350.0,2311.0,2342.0,-0.13 %,5552.0,12914135.0,-0.0012793176972281106,-0.0012801367227170538,2343.8,2345.8,2337.3614975908126,2356.774623376378,47.98317750559359,-19.41312578556517,-20.61417242876312,73.02188539503229,2345.8,45.37748108342295,2436.554962166846,2255.0450378331543,714412.0
LICN,2021-07-18,2298.0,2458.0,2298.0,2458.0,4.95 %,11156.0,26760284.5,0.049530315969257055,0.04834274596831749,2357.4,2345.8,2355.921267192226,2364.272799422572,60.01409742849198,-8.351532230346038,-18.161644389079704,79.2346078668157,2345.8,45.37748108342295,2436.554962166846,2255.0450378331543,725568.0
LICN,2021-07-19,2458.1,2459.0,2390.0,2442.0,-0.65 %,9319.0,22534050.2,-0.006509357200976451,-0.006530635455330189,2379.4,2348.4,2369.164149162653,2370.0303698357147,58.02074098388784,-0.8662206730618891,-14.702559645876143,78.50356444775744,2348.4,49.35840993773688,2447.116819875474,2249.683180124526,716249.0
LICN,2021-07-20,2442.0,2442.0,2390.0,2438.8,-0.13 %,4206.0,10079668.5,-0.0013104013104012768,-0.00131126063698892,2405.16,2349.2400000000002,2379.877356983783,2375.124416514551,57.608611417677906,4.752940469232271,-10.81145962285446,76.61045270148905,2349.2400000000002,50.79882302824911,2450.8376460564987,2247.642353943502,712043.0
LICN,2021-07-22,2430.0,2430.0,2381.6,2410.0,-1.18 %,8199.0,19635749.6,-0.011809086435952132,-0.01187936754896038,2418.16,2351.84,2384.5116097555087,2377.707793069029,53.897961092570874,6.803816686479877,-7.288404360987593,75.22399179423985,2351.84,52.57061816965437,2456.981236339309,2246.6987636606914,703844.0
LICN,2021-07-25,2400.0,2448.0,2375.0,2448.0,1.58 %,9863.0,23771755.1,0.015767634854771728,0.015644617147515968,2439.3599999999997,2356.4900000000002,2394.2790544085074,2382.914623212064,57.763632828433266,11.364431196443547,-3.5578372495013646,75.06513523750843,2356.4900000000002,56.8071706000371,2470.1043412000745,2242.875658799926,713707.0
LICN,2021-07-26,2402.0,2447.0,2386.0,2447.0,-0.04 %,5210.0,12645140.9,-0.00040849673202614234,-0.0004085801895450367,2437.16,2359.3900000000003,2402.389969114891,2387.661688159318,57.62669304893615,14.7282809555727,0.0993863915134483,74.13191129197212,2359.3900000000003,59.94778341894627,2479.285566837893,2239.4944331621077,708497.0
LICN,2021-07-27,2495.0,2495.9,2401.0,2490.0,1.76 %,10696.0,26220464.0,0.017572537801389565,0.017419926016081742,2446.7599999999998,2366.04,2415.8684354049074,2395.2423038512206,61.81832585627758,20.62613155368672,4.204735423948103,75.6153461996884,2366.04,66.66878382605248,2499.377567652105,2232.702432347895,719193.0
LICN,2021-07-28,2450.0,2548.0,2440.0,2548.0,2.33 %,16032.0,39962006.6,0.02329317269076303,0.023026027233300647,2468.6,2376.4900000000002,2436.196368419537,2406.55768875113,66.615446736949,29.638679668406894,9.291524272839862,77.92853575685352,2376.4900000000002,77.67816126071054,2531.8463225214214,2221.133677478579,735225.0
LICN,2021-07-29,2500.0,2555.0,2500.0,2520.0,-1.10 %,9835.0,24859640.0,-0.01098901098901095,-0.011049836186584935,2490.6,2386.84,2449.089234816531,2414.960822917713,62.53097745757953,34.128411898818285,14.258901798035547,76.29078320279255,2386.84,82.41925171120192,2551.678503422404,2222.0014965775963,725390.0
LICN,2021-08-01,2520.0,2520.0,2460.0,2460.0,-2.38 %,5817.0,14385930.0,-0.023809523809523836,-0.02409755157906053,2493.0,2393.59,2450.7678140755265,2418.2970582571415,54.77993518105637,32.47075581838499,17.901272602105436,75.12715583116453,2393.59,82.61600392942074,2558.8220078588415,2228.357992141159,719573.0
LICN,2021-08-02,2470.0,2495.0,2440.0,2493.0,1.34 %,7346.0,18101100.0,0.013414634146341475,0.013325454597149405,2502.2,2402.7400000000002,2457.2650734485223,2423.830609497353,57.87289233405976,33.434463951169164,21.007910871918185,73.6895018432242,2402.7400000000002,83.00389591365602,2568.747791827312,2236.7322081726884,726919.0
LICN,2021-08-03,2485.0,2500.0,2475.0,2495.9,0.12 %,4085.0,10155954.6,0.0011632571199358122,0.0011625810606086967,2503.38,2412.785,2463.2089083025962,2429.1690828679193,58.14383097034292,34.039825434676914,23.614293784469933,70.21168028299391,2412.785,81.42032770236723,2575.6256554047345,2249.944344595265,731004.0
LICN,2021-08-04,2480.0,2495.0,2463.0,2494.0,-0.08 %,7145.0,17680503.0,-0.0007612484474538439,-0.0007615383441848472,2492.5800000000004,2422.4849999999997,2467.945999332966,2433.9713730258513,57.88117521282994,33.974626307114704,25.68636028899889,67.54656026278008,2422.4849999999997,78.79010941804991,2580.0652188360996,2264.9047811638998,723859.0
LICN,2021-08-05,2450.0,2484.0,2435.0,2449.0,-1.80 %,2515.0,6150469.1,-0.018043303929430654,-0.01820806928781404,2478.38,2430.435,2465.0312302048173,2435.084604653566,51.90113958159159,29.946625551251145,26.538413341449342,66.9360916725815,2430.435,72.48828054101237,2575.4115610820245,2285.4584389179754,721344.0
LICN,2021-08-08,2403.0,2450.0,2402.0,2420.0,-1.18 %,8754.0,21153414.1,-0.011841567986933477,-0.011912237801435693,2470.38,2436.6349999999998,2458.1033486348456,2433.9672265310796,48.42866484562359,24.136122103765956,26.057955093912668,65.58351369596853,2436.6349999999998,65.33467907227174,2567.304358144543,2305.9656418554564,712590.0
LICN,2021-08-09,2420.0,2450.0,2390.0,2450.0,1.24 %,4617.0,11145757.0,0.012396694214876103,0.012320484388040657,2461.78,2439.6349999999998,2456.8566796141004,2435.1548393806293,52.00598051392356,21.701840233471103,25.186732121824356,65.18469128911364,2439.6349999999998,64.45217953934133,2568.5393590786825,2310.730640921317,717207.0
LICN,2021-08-10,2410.0,2488.0,2401.0,2488.0,1.55 %,10490.0,25476840.1,0.015510204081632617,0.015391150320297357,2460.2,2447.435,2461.64795967347,2439.069295722805,56.154742671446314,22.57866395066503,24.665118487592494,66.74292762560553,2447.435,60.02835536120838,2567.491710722417,2327.378289277583,727697.0
LICN,2021-08-11,2443.0,2477.0,2405.1,2473.3,-0.59 %,15914.0,38659901.3,-0.005908360128617285,-0.005925883545519109,2456.06,2455.6,2463.4405812621667,2441.6049034470416,54.202780479079124,21.83567781512511,24.09923035309902,67.89700422377658,2455.6,50.737684531145746,2557.0753690622914,2354.1246309377084,711783.0
LICN,2021-08-12,2473.3,2480.0,2380.0,2457.0,-0.66 %,17026.0,41113218.8,-0.006590385315166092,-0.006612197792371879,2457.66,2461.2,2462.4497226064486,2442.745280969483,52.042557679866924,19.70444163696584,23.220272609872385,70.19007535064968,2461.2,43.56141460178261,2548.322829203565,2374.0771707964345,694757.0
LICN,2021-08-15,2408.0,2448.0,2350.0,2416.0,-1.67 %,9600.0,22914895.0,-0.016687016687016665,-0.016827813466473527,2456.8599999999997,2464.9,2455.3036114362258,2440.7641490458177,46.971565398064584,14.539462390408062,21.484110565979524,72.81935568274614,2464.9,35.254667477520144,2535.4093349550403,2394.39066504496,685157.0
LICN,2021-08-16,2390.0,2405.0,2360.0,2400.0,-0.66 %,8730.0,20716856.3,-0.0066225165562914245,-0.006644542718668613,2446.8599999999997,2462.0,2446.79536352296,2437.7445824498313,45.12374293186601,9.050781073128746,18.99744466740937,71.61797313397855,2462.0,38.12109514087943,2538.2421902817587,2385.7578097182413,676427.0
LICN,2021-08-17,2367.0,2390.0,2327.0,2346.0,-2.25 %,9106.0,21358330.0,-0.022499999999999964,-0.02275698712261618,2418.46,2457.2,2431.288384519428,2430.948687453548,39.478935810774814,0.33969706588004556,15.265895147103505,71.71668933869437,2457.2,46.0013386533247,2549.202677306649,2365.1973226933505,667321.0
LICN,2021-08-18,2346.0,2400.0,2311.1,2390.0,1.88 %,14585.0,34173594.0,0.018755328218243772,0.018581615712135534,2401.8,2454.7599999999998,2424.9363253625925,2427.9154513458775,45.465267516875635,-2.97912598328503,11.616890921025798,72.94406867164479,2454.7599999999998,48.26710114182021,2551.29420228364,2358.2257977163595,681906.0
LICN,2021-08-19,2352.1,2510.0,2300.0,2436.0,1.92 %,15961.0,38880996.0,0.019246861924686165,0.019063983904231266,2397.6,2456.06,2426.638429152963,2428.5143068017383,50.92990049780559,-1.8758776487752584,8.918337207065587,82.73377805224159,2456.06,47.33932825889195,2550.738656517784,2361.381343482216,697867.0
LICN,2021-08-24,2450.0,2458.0,2376.2,2417.0,-0.78 %,7053.0,16963365.8,-0.007799671592775059,-0.007830248126304649,2397.8,2454.5099999999998,2425.1555938986608,2427.661395186795,48.75668671959908,-2.50580128813408,6.633509508025654,82.66707961993863,2454.5099999999998,48.118219549716315,2550.7464390994323,2358.273560900567,690814.0
LICN,2021-08-25,2460.0,2460.0,2325.0,2400.0,-0.70 %,8915.0,20897735.5,-0.007033512618949134,-0.007058364367446048,2397.8,2452.16,2421.285502529636,2425.612402950736,46.831181328045204,-4.326900421100163,4.441427522200491,86.40514536137158,2452.16,49.62829625805021,2551.4165925161,2352.9034074838996,681899.0
LICN,2021-08-26,2355.0,2360.0,2302.0,2320.0,-3.33 %,18077.0,41884363.5,-0.033333333333333326,-0.03390155167568134,2392.6,2443.66,2405.703117525077,2417.789261991422,39.02139587005298,-12.086144466345104,1.1359131244913718,87.23334926413075,2443.66,56.8403989022906,2557.340797804581,2329.9792021954186,663822.0
LICN,2021-08-29,2325.0,2325.0,2214.8,2286.0,-1.47 %,22659.0,50753536.7,-0.014655172413793105,-0.014763620305599676,2371.8,2430.56,2387.28725329045,2408.027094436502,36.254223505832314,-20.739841146052186,-3.2392377296173396,88.87382431669282,2430.56,61.52595857807043,2553.611917156141,2307.508082843859,641163.0
LICN,2021-08-31,2240.3,2280.0,2175.0,2199.0,-3.81 %,20044.0,44104992.0,-0.03805774278215224,-0.03880085379999479,2324.4,2414.5099999999998,2358.3199835534574,2392.543605959724,30.327724041538062,-34.22362240626671,-9.436114664947215,90.45426543692905,2414.5099999999998,76.91139741699284,2568.3327948339856,2260.687205166014,621119.0
LICN,2021-09-01,2165.0,2295.0,2135.0,2295.0,4.37 %,21043.0,45677502.7,0.043656207366985056,0.042730131939884404,2300.0,2406.2599999999998,2348.578447622156,2385.318153666411,41.66055910417584,-36.739706044254945,-14.896832940808762,95.42181790571983,2406.2599999999998,80.53895690254737,2567.3379138050946,2245.182086194905,642162.0
LICN,2021-09-02,2249.1,2249.1,2126.6,2177.0,-5.14 %,23195.0,49988118.7,-0.0514161220043573,-0.05278506126009809,2255.4,2390.46,2322.1817633725937,2369.887179320751,34.279642307326284,-47.705415948157224,-21.458549542278455,100.63454519816842,2390.46,92.70424619811585,2575.868492396232,2205.051507603768,618967.0
LICN,2021-09-05,2140.0,2170.0,2064.0,2100.0,-3.54 %,10869.0,22792430.6,-0.03536977491961413,-0.036010437523033054,2211.4,2370.665,2287.999953622964,2349.895536408103,30.48426975224585,-61.89558278513914,-29.545956190850593,101.51779196972782,2370.665,109.71255397630183,2590.090107952604,2151.239892047396,608098.0
LICN,2021-09-06,2140.0,2250.0,2057.0,2145.0,2.14 %,26182.0,55476673.8,0.021428571428571352,0.021202207650602906,2183.2,2353.215,2265.9999607578925,2334.718089266762,35.01275277958601,-68.71812850886954,-37.38039065445439,108.05223540046154,2353.215,116.60169843938927,2586.418396878779,2120.0116031212215,634280.0
LICN,2021-09-07,2111.0,2130.0,2050.0,2129.0,-0.75 %,12570.0,26159677.7,-0.007459207459207473,-0.00748716646863789,2169.2,2337.215,2244.923043718217,2319.479712284039,34.16065775074274,-74.55666856582229,-44.81564623672797,107.11993287185716,2337.215,124.45687595985636,2586.128751919713,2088.301248080287,621710.0
LICN,2021-09-08,2086.5,2120.0,2000.0,2000.0,-6.06 %,16586.0,33583009.1,-0.060591827148896216,-0.06250520535139713,2110.2,2316.215,2207.242575453876,2295.8145484111474,28.201460221333193,-88.57197295727156,-53.56691158083669,108.68279480958165,2316.215,143.699497398684,2603.613994797368,2028.8160052026321,605124.0
LICN,2021-09-09,2040.0,2080.0,1989.4,2024.0,1.20 %,17206.0,34485582.4,0.01200000000000001,0.011928570865273812,2079.6,2294.915,2179.0514099994334,2275.6801374177294,30.626189849447854,-96.62872741829597,-62.17927474832855,107.39116660889724,2294.915,154.0264409119511,2602.967881823902,1986.8621181760977,622330.0
LICN,2021-09-12,2020.0,2059.9,1990.0,2059.9,1.77 %,11307.0,22721460.9,0.01773715415019761,0.017581686508667174,2071.5800000000004,2273.51,2160.7204238456743,2259.6964235349346,34.20554577748733,-98.97599968926033,-69.5386197365149,104.71322613683316,2273.51,155.52043324880964,2584.5508664976196,1962.4691335023808,633637.0
LICN,2021-09-13,2050.0,2087.0,2007.0,2087.0,1.32 %,12504.0,25371669.0,0.013155978445555494,0.013070190161177277,2059.9800000000005,2254.195,2149.378820177109,2246.90409586568,36.85413016445688,-97.52527568857113,-75.13595092692616,102.94799569848793,2254.195,153.37502189766087,2560.945043795322,1947.4449562046784,646141.0
LICN,2021-09-14,2100.0,2100.0,2010.0,2011.0,-3.64 %,7411.0,15028803.4,-0.03641590800191663,-0.03709551730454871,2036.3800000000003,2231.895,2128.089770919092,2229.4297183941485,32.85918929978095,-101.3399474750563,-80.3767502365522,102.02313886288165,2231.895,154.75314629911838,2541.401292598237,1922.3887074017632,638730.0
LICN,2021-09-15,1980.1,2019.6,1950.0,2019.6,0.43 %,11094.0,21953674.9,0.004276479363500618,0.004267361212108459,2040.3,2212.075,2111.3990369315397,2213.886776290878,33.73453774325267,-102.48773935933832,-84.79894806110943,99.70720037267581,2212.075,155.31632535266613,2522.707650705332,1901.4423492946676,649824.0
LICN,2021-09-16,1980.0,1997.0,1897.0,1997.0,-1.12 %,12513.0,24278697.9,-0.011190334719746398,-0.01125341756894533,2034.9,2191.925,2093.7991850959183,2197.8210891582207,32.53413142943488,-104.02190406230238,-88.64353926134802,101.34240034605611,2191.925,155.79356406882061,2503.5121281376414,1880.337871862359,637311.0
LICN,2021-09-20,1958.0,1958.0,1845.0,1845.0,-7.61 %,14007.0,26558082.0,-0.07611417125688535,-0.07916677694118768,1991.92,2166.875,2055.522387388854,2171.6861936650193,25.867239395147593,-116.16380627616536,-94.14759266431149,104.96080032133783,2166.875,169.39969202421008,2505.67438404842,1828.07561595158,623304.0
LICN,2021-09-21,1830.1,1924.0,1809.1,1924.0,4.28 %,15354.0,28527177.1,0.04281842818428183,0.04192707475102423,1959.3200000000002,2143.575,2035.288173944415,2153.3390682083514,33.495151821158856,-118.05089426393647,-98.9282529842365,105.67074315552799,2143.575,169.1425057070059,2481.8600114140118,1805.2899885859879,638658.0
LICN,2021-09-22,1900.0,2001.0,1900.0,1976.0,2.70 %,27605.0,53481822.5,0.027027027027026973,0.026668247082161273,1952.3200000000002,2120.575,2026.1669164145048,2140.2028409336585,38.01615656937236,-114.0359245191537,-101.94978729121995,105.33711864441884,2120.575,158.207651272165,2436.99030254433,1804.1596974556699,666263.0
LICN,2021-09-23,1980.0,2015.0,1900.0,2015.0,1.97 %,11374.0,22224528.5,0.019736842105263053,0.01954459607297013,1951.4,2100.475,2024.4489292738117,2130.928556420054,41.24236140072539,-106.47962714624236,-102.85575526222443,106.02732445553177,2100.475,143.40991258040034,2387.2948251608004,1813.6551748391992,677637.0
LICN,2021-09-26,1975.0,1999.0,1900.0,1999.0,-0.79 %,13761.0,26450562.5,-0.007940446650124056,-0.00797213988038328,1951.8,2080.425,2020.5337093855328,2121.1560707593094,40.315268927067436,-100.62236137377658,-102.40907648453488,106.66822985156521,2080.425,126.34613223831255,2333.117264476625,1827.7327355233751,663876.0
LICN,2021-09-27,1960.0,1960.0,1881.6,1944.0,-2.75 %,7925.0,15028059.6,-0.027513756878439266,-0.027899349480015725,1971.6,2061.625,2008.7592925569893,2108.0333988512125,37.2181248401489,-99.2741062942232,-101.78208244647254,107.4347848621677,2061.625,116.40454808894548,2294.4340961778908,1828.815903822109,655951.0
LICN,2021-09-28,1906.0,1906.0,1833.0,1866.0,-4.01 %,7004.0,12993341.3,-0.04012345679012341,-0.0409506036130952,1960.0,2040.625,1986.7963244712987,2090.1049989363078,33.3098820081881,-103.30867446500906,-102.08740085017985,107.68944308629858,2040.625,111.58083156925422,2263.7866631385086,1817.4633368614916,648947.0
LICN,2021-09-29,1895.0,1900.0,1803.2,1885.0,1.02 %,8233.0,15143348.3,0.010182207931404008,0.010130718474821939,1941.8,2024.925,1971.1353514757143,2074.912036052137,35.097730116730006,-103.77668457642267,-102.42525759542842,106.91162572299154,2024.925,110.20604088420211,2245.337081768404,1804.5129182315957,657180.0
LICN,2021-09-30,1851.0,1899.0,1820.0,1899.0,0.74 %,10950.0,20374054.7,0.007427055702917684,0.0073996109301746535,1918.6,2005.125,1960.0376050948353,2061.8815148630897,36.44963550030052,-101.84390976825443,-102.30898802999363,104.91793817134929,2005.125,93.42541565053705,2191.9758313010743,1818.274168698926,668130.0
LICN,2021-10-03,1863.0,1863.0,1796.2,1846.0,-2.79 %,6271.0,11391738.8,-0.027909426013691396,-0.02830629574948839,1888.0,1988.575,1942.4933581571684,2045.8902915398978,33.59655711783327,-103.39693338272946,-102.52657710054079,104.76665687339577,1988.575,90.65247623407916,2169.8799524681585,1807.2700475318418,661859.0
LICN,2021-10-04,1840.0,1866.0,1811.0,1865.9,1.08 %,5138.0,9400834.0,0.010780065005417061,0.010722374340405792,1872.3799999999999,1976.8700000000001,1930.709764594527,2032.5576773517573,35.63378847281662,-101.84791275723023,-102.39084423187869,101.21189566815322,1976.8700000000001,90.62155024288028,2158.1131004857607,1795.6268995142395,666997.0
LICN,2021-10-05,1865.0,1998.9,1830.0,1980.0,6.12 %,9812.0,18820958.9,0.061150115225896196,0.05935333428537746,1895.1799999999998,1968.6200000000001,1938.2928777338307,2028.664516066442,45.885188007049365,-90.37163833261138,-99.98700305202523,106.04676026328514,1968.6200000000001,81.56814780809904,2131.7562956161983,1805.483704383802,676809.0
LICN,2021-10-06,1994.0,2011.0,1866.0,1980.0,0.00 %,10592.0,20273168.1,0.0,0.0,1914.1799999999998,1961.17,1944.7093580824721,2025.0597370985574,45.88518800698039,-80.3503790160853,-96.05967824483726,108.82913453019334,1961.17,72.44293652685081,2106.055873053702,1816.2841269462983,676809.0
LICN,2021-10-10,1980.0,1980.0,1873.1,1934.9,-2.28 %,3690.0,7056030.0,-0.022777777777777786,-0.0230411991466979,1921.36,1957.9150000000002,1943.200226069784,2018.38123805422,42.76303624688028,-75.18101198443583,-91.88394499275698,108.6913392066081,1957.9150000000002,72.06796700631146,2102.050934012623,1813.7790659873772,673119.0
LICN,2021-10-11,1901.0,1940.0,1860.0,1935.0,0.01 %,7631.0,14403895.5,5.168225748097832e-05,5.168092199912277e-05,1939.1599999999999,1953.4650000000001,1941.938652828279,2012.2048500502035,42.77233437792947,-70.26619722192459,-87.5603954385905,106.64195783470753,1953.4650000000001,70.50340249349404,2094.471804986988,1812.458195013012,680750.0
LICN,2021-10-17,1935.0,2007.0,1865.0,2007.0,3.72 %,5424.0,10406762.6,0.037209302325581506,0.03653374333245607,1967.3799999999999,1950.8200000000002,1951.9480908546975,2011.8193056020405,49.17438233934099,-59.87121474734295,-82.022559300341,109.16753227508556,1950.8200000000002,67.21588628012555,2085.251772560251,1816.388227439749,686174.0
LICN,2021-10-18,1968.0,1968.0,1880.0,1938.0,-3.44 %,6788.0,12975830.5,-0.034379671150971625,-0.034984556345626625,1958.98,1943.3700000000001,1949.8022307232056,2006.3512088907783,44.084580412948945,-56.54897816757261,-76.92784307378733,110.44127996972232,1943.3700000000001,59.094412417326325,2061.5588248346526,1825.1811751653474,679386.0
LICN,2021-10-19,1899.3,1912.0,1842.4,1912.0,-1.34 %,7378.0,13783967.7,-0.013415892672858587,-0.013506698839364915,1945.3799999999999,1938.42,1943.9865029196355,1999.3622304544242,42.30757385713091,-55.375727534788666,-72.61741996598761,109.38118854331357,1938.42,57.24878854155208,2052.9175770831043,1823.9224229168958,672008.0
LICN,2021-10-20,1912.0,1919.5,1852.0,1916.0,0.21 %,10764.0,20234181.2,0.0020920502092049986,0.0020898649194592365,1941.6,1933.2400000000002,1939.6808870858454,1993.1872504207631,42.690311950889125,-53.50636333491775,-68.79520863977365,106.38967507593404,1933.2400000000002,54.11822730205994,2041.4764546041201,1825.0035453958803,682772.0
LICN,2021-10-21,1916.0,1916.0,1878.0,1901.0,-0.78 %,1463.0,2762331.0,-0.007828810020876875,-0.00785961604237674,1934.8,1928.44,1933.7299813803306,1986.3585652044103,41.57641284770053,-52.62858382407967,-65.56188367663486,101.5046982847959,1928.44,52.39533325946152,2033.230666518923,1823.649333481077,681309.0
LICN,2021-10-24,1900.0,1908.4,1871.0,1876.0,-1.32 %,4328.0,8218396.8,-0.013150973172014746,-0.013238212922259195,1908.6,1929.9900000000002,1924.8484457833565,1978.1838566707504,39.716384081365526,-53.33541088739389,-63.11658911878668,96.92579126445334,1929.9900000000002,50.209989570136344,2030.409979140273,1829.5700208597275,676981.0
LICN,2021-10-25,1905.0,1966.0,1867.0,1948.0,3.84 %,9452.0,18246220.4,0.03837953091684443,0.037661354636310505,1910.6,1931.19,1928.410223355148,1975.94801543588,47.0618385306745,-47.53779208073206,-60.000829711175754,97.0739490312781,1931.19,50.34590768924778,2031.8818153784955,1830.4981846215046,686433.0
LICN,2021-10-26,1920.0,1999.0,1911.0,1999.0,2.62 %,13569.0,26510914.8,0.026180698151950788,0.02584385029791972,1928.0,1932.3400000000001,1939.2701889928176,1977.6555698480372,51.56389512061169,-38.38538085521964,-55.677739939984534,96.42580981475825,1932.3400000000001,51.668634484330205,2035.6772689686607,1829.0027310313396,700002.0
LICN,2021-10-27,1960.0,2045.0,1921.0,2040.0,2.05 %,11135.0,22266842.9,0.02051025512756377,0.020302752337862,1952.8,1933.5900000000001,1954.7670829939225,1982.2736757852197,54.88556153634246,-27.50659279129718,-50.04351051024707,98.39539482798982,1933.5900000000001,54.02244075627087,2041.6348815125418,1825.5451184874585,711137.0
LICN,2021-10-28,2079.0,2080.0,1982.0,2070.0,1.47 %,7436.0,15185467.0,0.014705882352941124,0.014598799421152631,1986.6,1937.14,1972.4952240717807,1988.7719220233514,57.19851918469214,-16.276697951570668,-43.29014799851179,98.36715234027626,1937.14,60.492377945286094,2058.1247558905725,1816.155244109428,718573.0
LICN,2021-10-31,2031.0,2125.0,2023.9,2125.0,2.66 %,12730.0,26331862.7,0.02657004830917864,0.026223195099102346,2036.4,1946.19,1995.9574972915068,1998.8628907623624,61.13276826858382,-2.9053934708556426,-35.21319709298056,98.56235574454223,1946.19,73.67549689080455,2093.5409937816094,1798.839006218391,731303.0
LICN,2021-11-01,2083.0,2119.0,2020.0,2118.0,-0.33 %,10305.0,21156782.5,-0.0032941176470587807,-0.003299555197165393,2070.4,1958.7900000000002,2014.7332669389673,2007.6878618170024,60.37216213831635,7.0454051219649045,-26.761476649991465,99.02218747707494,1958.7900000000002,80.47442810575984,2119.7388562115198,1797.8411437884806,720998.0
LICN,2021-11-02,2075.7,2104.0,2050.0,2104.0,-0.66 %,9183.0,19022798.5,-0.006610009442870601,-0.006631952303751258,2091.4,1969.7400000000002,2028.4666104868184,2014.8220942750022,58.79653952761877,13.644516211816153,-18.680278077629943,96.80631694299817,1969.7400000000002,84.69433212877136,2139.128664257543,1800.3513357424574,711815.0
LICN,2021-11-03,2062.0,2095.0,2035.1,2094.0,-0.48 %,9824.0,20248620.2,-0.004752851711026573,-0.004764182427118273,2102.2,1979.4900000000002,2038.5486704119232,2020.6871243287057,57.63938473411422,17.86154608321749,-11.371913245460457,94.81300858992688,1979.4900000000002,87.30606116296458,2154.1021223259295,1804.877877674071,701991.0
LICN,2021-11-08,2053.0,2093.0,2042.0,2093.0,-0.05 %,3128.0,6435732.8,-0.00047755491881562584,-0.0004776689844823941,2106.8,1991.8400000000001,2046.9257980408581,2026.0436336376904,57.517478976311644,20.882164403167735,-4.921097715734818,91.75493654778924,1991.8400000000001,84.86494161779274,2161.5698832355856,1822.1101167644147,698863.0
LICN,2021-11-09,2052.0,2076.0,2015.0,2076.0,-0.81 %,8952.0,18217968.3,-0.008122312470138504,-0.008155478160220421,2097.0,2002.345,2051.3987521884183,2029.7441052200838,55.37340523420079,21.65464696833442,0.3940512210790299,90.77244108009,2002.345,81.38732265823485,2165.11964531647,1839.5703546835302,689911.0
LICN,2021-11-11,2035.1,2067.0,1965.0,2030.0,-2.22 %,9198.0,18378706.0,-0.022157996146435432,-0.02240717224994622,2079.4,2004.845,2048.1066364671233,2029.7630603889666,49.94778149593258,18.34357607815673,3.98395619249457,92.21726671722644,2004.845,81.43273927799399,2167.710478555988,1841.979521444012,680713.0
LICN,2021-11-14,1990.0,2054.0,1940.0,2054.0,1.18 %,13144.0,25854150.1,0.011822660098522064,0.01175331845267042,2069.4,2008.545,2049.0133077798737,2031.558389249043,52.559553727238736,17.454918530830582,6.6781486601617726,93.77317623742455,2008.545,81.92412070100937,2172.3932414020187,1844.6967585979814,693857.0
LICN,2021-11-15,2013.0,2050.0,1974.7,2045.0,-0.44 %,5602.0,11262647.0,-0.004381694255111923,-0.004391322011601365,2059.6,2014.05,2048.395875813739,2032.5540641194843,51.474820948284346,15.84181169425483,8.510881266980384,92.73937793475137,2014.05,80.39997054203377,2174.8499410840677,1853.2500589159324,688255.0
LICN,2021-11-16,2005.0,2039.0,1985.2,2034.0,-0.54 %,4653.0,9312141.6,-0.005378973105134466,-0.005393491868396851,2047.8,2019.0,2046.1811256885485,2032.661170481004,50.11349950541994,13.519955207544399,9.512696055093187,90.38656522512628,2019.0,78.29700538739401,2175.594010774788,1862.405989225212,683602.0
LICN,2021-11-17,2034.0,2070.0,1975.0,2050.0,0.79 %,10119.0,20411954.5,0.007866273352999054,0.007835495523948638,2042.6,2021.15,2046.7686448133873,2033.945528223152,52.097913373030664,12.823116590235259,10.174780162121602,90.7160962804744,2021.15,78.54015064385814,2178.2303012877164,1864.0696987122838,693721.0
LICN,2021-11-18,2010.0,2047.0,1981.1,2044.0,-0.29 %,1512.0,3067690.4,-0.0029268292682926855,-0.002931120808858812,2045.4,2026.45,2046.3426994574816,2034.6903039103258,51.274222509584106,11.65239554715572,10.470303239128425,89.15780368901196,2026.45,76.17464352257603,2178.799287045152,1874.100712954848,692209.0
LICN,2021-11-21,2048.0,2050.0,2004.0,2044.2,0.01 %,7159.0,14477008.0,9.784735812146117e-05,9.784257138095956e-05,2043.44,2033.06,2046.0130533870997,2035.3947258428943,51.30186134295703,10.618327544205385,10.499908100143816,86.07510342551112,2033.06,71.30046430794405,2175.660928615888,1890.459071384112,699368.0
LICN,2021-11-22,2005.5,2044.9,2005.0,2040.0,-0.21 %,4197.0,8487533.0,-0.0020545934840034974,-0.002056707056713783,2042.44,2039.2599999999998,2045.0879682506227,2035.7358572619391,50.652087449244334,9.352110988683535,10.27034867785176,82.77688175226034,2039.2599999999998,65.76180622441004,2170.78361244882,1907.7363875511796,695171.0
LICN,2021-11-23,2010.1,2037.8,1976.0,2033.0,-0.34 %,6670.0,13321555.6,-0.0034313725490195957,-0.003437273209915429,2042.2400000000002,2045.86,2043.22828082745,2035.5332011684623,49.526193414182494,7.695079658987652,9.75529487407894,81.43567591281317,2045.86,57.22524654474991,2160.3104930894997,1931.4095069105,688501.0
LICN,2021-11-24,1992.4,2014.7,1965.0,2014.0,-0.93 %,3004.0,5963453.0,-0.009345794392523366,-0.009389740349839032,2035.0400000000002,2052.7599999999998,2038.7316222386114,2033.9381492300577,46.5045980235806,4.793473008553747,8.762930500973901,80.47598477618367,2052.7599999999998,41.94626136031007,2136.65252272062,1968.8674772793797,685497.0
LICN,2021-11-25,2014.0,2015.0,1980.0,2015.0,0.05 %,6277.0,12538219.0,0.0004965243296921606,0.0004964011022757588,2029.2400000000002,2056.1099999999997,2035.080603432671,2032.5353233611645,46.68895079541969,2.5452800715065678,7.519400415080435,77.2277001493134,2056.1099999999997,35.28604763779771,2126.682095275595,1985.5379047244041,691774.0
LICN,2021-11-28,1975.0,2000.0,1920.0,1921.1,-4.66 %,7647.0,14833685.0,-0.046600496277915626,-0.047721256746386366,2004.6200000000001,2052.2149999999997,2017.5451259814909,2024.280854964041,34.62327528529981,-6.735728982550199,4.6683745355543085,78.49715013864817,2052.2149999999997,44.909104398739835,2142.0332087974793,1962.39679120252,684127.0
LICN,2021-11-29,1920.0,1925.0,1848.0,1917.0,-0.21 %,11947.0,22526005.0,-0.002134193951381924,-0.0021364745887523942,1980.02,2046.0649999999998,2002.0766450612614,2016.3341249667046,34.207591605960815,-14.257479905443233,0.8832036473548004,78.39021084303045,2046.0649999999998,54.14267968211443,2154.3503593642286,1937.7796406357709,672180.0
LICN,2021-11-30,1881.0,1910.0,1843.0,1862.2,-2.86 %,5513.0,10326580.1,-0.028586332811684878,-0.02900287959121503,1945.86,2035.675,1980.5571612056829,2004.9167823765783,29.16713399732079,-24.35962117089548,-4.165361316295256,78.07662435424257,2035.675,67.57902878542316,2170.8330575708464,1900.5169424291537,666667.0
LICN,2021-12-01,1863.0,1901.2,1845.0,1900.0,2.03 %,4496.0,8398638.4,0.020298571581999658,0.020095301700102285,1923.06,2024.425,1968.163751789424,1997.145168867202,36.155372955452755,-28.981417077778133,-9.128572468591832,76.51400832893954,2024.425,70.58741407869994,2165.5998281573998,1883.2501718426001,671163.0
LICN,2021-12-02,1870.0,1900.0,1843.0,1880.0,-1.05 %,7322.0,13662098.3,-0.010526315789473717,-0.010582109330536972,1896.06,2012.525,1954.600097667974,1988.4677489511132,34.231058087853285,-33.86765128313914,-14.076388231501294,75.12015059115815,2012.525,73.96271375712084,2160.4504275142417,1864.5995724857585,663841.0
LICN,2021-12-05,1845.0,1875.0,1840.0,1875.0,-0.27 %,2836.0,5264377.9,-0.0026595744680850686,-0.002663117419483662,1886.8400000000001,2001.075,1942.353928795978,1980.06273051029,33.7474770178397,-37.70880171431213,-18.802870928063463,72.61156840607543,2001.075,76.73007284597948,2154.535145691959,1847.614854308041,661005.0
LICN,2021-12-06,1837.5,1868.6,1811.0,1858.9,-0.86 %,3562.0,6528524.0,-0.008586666666666631,-0.00862374449141277,1875.22,1989.3199999999997,1929.514862827366,1971.0877134354537,32.171462106234245,-41.57285060808772,-23.356866864068316,71.99645637707005,1989.3199999999997,79.69601852302875,2148.712037046057,1829.9279629539421,657443.0
LICN,2021-12-07,1866.0,1925.0,1822.0,1880.0,1.14 %,3555.0,6611632.5,0.01135079885954049,0.011286861910896409,1878.78,1978.6699999999996,1921.8971916231558,1964.3404754031976,36.36568628301834,-42.44328378004184,-27.17415024726302,74.21099520727934,1978.6699999999996,79.34286755330174,2137.355735106603,1819.9842648933961,660998.0
LICN,2021-12-08,1845.0,1850.0,1811.0,1849.5,-1.62 %,3591.0,6554558.2,-0.016223404255319096,-0.016356444551486157,1868.6799999999998,1967.3449999999998,1910.7591621426704,1955.8337735214793,33.17253220017436,-45.07461137880887,-30.75424247357219,73.83878126390225,1967.3449999999998,80.86934540552166,2129.083690811043,1805.6063091889564,657407.0
LICN,2021-12-09,1847.9,1847.9,1790.0,1825.0,-1.32 %,5751.0,10415970.4,-0.013246823465801527,-0.01333534525591676,1857.6799999999998,1957.0949999999998,1897.5654448899518,1946.1423828902587,30.830666782132226,-48.57693800030688,-34.31878157891913,72.81458260219495,1957.0949999999998,85.37606268122872,2127.847125362457,1786.3428746375423,651656.0
LICN,2021-12-12,1803.0,1810.0,1753.0,1775.0,-2.74 %,10212.0,18094965.0,-0.0273972602739726,-0.027779564107075706,1837.6799999999998,1943.1449999999998,1878.70922259919,1933.465169342832,26.68958561107476,-54.75594674364197,-38.4062146118637,72.7563981306096,1943.1449999999998,91.29718088114089,2125.7393617622815,1760.550638237718,641444.0
LICN,2021-12-13,1741.0,1752.3,1700.0,1752.3,-1.28 %,8549.0,14680039.7,-0.012788732394366176,-0.012871212195142765,1816.36,1928.5099999999998,1859.2616498916223,1920.0455271692888,25.044872383391123,-60.783877277666534,-42.88174714502427,72.91665540699464,1928.5099999999998,97.36854512083943,2123.2470902416785,1733.772909758321,632895.0
LICN,2021-12-14,1750.0,1829.9,1750.0,1824.8,4.14 %,2547.0,4533583.5,0.041374193916566826,0.040541181255804914,1805.3200000000002,1918.05,1853.9598576006033,1912.9903029345267,38.153576904045586,-59.03044533392335,-46.11148678280409,73.41546573506646,1918.05,96.67401272753514,2111.39802545507,1724.7019745449297,635442.0
LICN,2021-12-15,1788.4,1895.0,1788.4,1837.0,0.67 %,4620.0,8429891.5,0.006685664182376261,0.006663414244947485,1802.8200000000002,1907.4,1851.3506487389718,1907.3613916060433,40.053469229583634,-56.010742867071485,-48.091337999657576,75.78578961113314,1907.4,93.03685743890281,2093.473714877806,1721.3262851221943,640062.0
LICN,2021-12-16,1800.3,1800.3,1751.0,1751.0,-4.68 %,3732.0,6651002.1,-0.04681545998911263,-0.047946752929273743,1788.02,1892.75,1835.9120873945146,1895.779066301892,32.479167605324264,-59.866978907377415,-50.446466181201544,76.51537606748077,1892.75,93.46269449978038,2079.6753889995607,1705.8246110004393,636330.0
LICN,2021-12-20,1745.0,1817.0,1740.0,1799.0,2.74 %,4480.0,7892492.0,0.027412906910337043,0.027043901664681343,1792.8200000000002,1880.4900000000002,1830.2333047184354,1888.6102465758258,39.37065267723295,-58.37694185739042,-52.03256131643932,76.54999206266072,1880.4900000000002,88.50097769309042,2057.491955386181,1703.4880446138195,640810.0
LICN,2021-12-21,1833.0,1833.0,1740.0,1797.0,-0.11 %,6324.0,11171610.9,-0.0011117287381878782,-0.0011123471669740592,1801.7599999999998,1868.3400000000001,1825.1204886079067,1881.8243023850239,39.19116417300209,-56.70381377711715,-52.96681180857489,77.72499262961352,1868.3400000000001,81.88269144267288,2032.105382885346,1704.5746171146543,634486.0
LICN,2021-12-22,1790.0,1849.0,1789.0,1849.0,2.89 %,11709.0,21181265.7,0.028937117417918712,0.028526344603565765,1806.6,1859.14,1828.7942595913055,1879.392872578726,46.07474283835131,-50.59861298742044,-52.49317204434401,76.45892172749828,1859.14,72.16904424592032,2003.4780884918407,1714.8019115081595,646195.0
LICN,2021-12-23,1880.9,1884.0,1791.0,1865.0,0.87 %,6703.0,12282984.0,0.008653326122228133,0.008616100690790971,1812.2,1851.69,1834.3643735003354,1878.3267338691908,48.02435748976435,-43.96236036885534,-50.78700970924628,77.64042731839126,1851.69,62.36636998626981,1976.4227399725396,1726.9572600274605,652898.0
LICN,2021-12-26,1902.0,2024.0,1870.0,2024.0,8.53 %,24129.0,47442910.8,0.08525469168900801,0.08181469832944022,1866.8,1852.14,1863.5390852695148,1889.1173461751766,62.52434461856659,-25.578260905661864,-45.7452599485294,83.4518253670776,1852.14,63.62647909562813,1979.3929581912564,1724.8870418087438,677027.0
LICN,2021-12-27,2063.0,2063.0,1911.2,1988.0,-1.78 %,11422.0,22550691.9,-0.017786561264822143,-0.017946643190836827,1904.6,1855.4850000000001,1882.686918304974,1896.4419871992377,58.542115685139564,-13.755068894263786,-39.34722173767628,88.33383784085778,1855.4850000000001,68.97632145203015,1993.4376429040603,1717.53235709594,665605.0
LICN,2021-12-28,1948.3,1980.0,1930.0,1973.0,-0.75 %,5040.0,9794623.0,-0.007545271629778694,-0.007573881193904021,1939.8,1858.2850000000003,1896.5812385657473,1902.1129511104054,56.91551414057238,-5.5317125446581485,-32.584119899072654,86.16713513793937,1858.2850000000003,72.6439788137731,2003.5729576275464,1712.9970423724542,660565.0
LICN,2021-12-29,1934.0,1969.0,1920.2,1937.8,-1.78 %,3287.0,6359449.6,-0.017840851495184995,-0.018001918071711594,1957.5600000000002,1862.0649999999998,1902.9225864787093,1904.7564362133385,53.18123102827554,-1.8338497346292115,-26.434065866183968,83.78376834237227,1862.0649999999998,74.79352121534777,2011.6520424306955,1712.4779575693042,657278.0
LICN,2022-01-02,1969.0,1973.9,1930.0,1949.0,0.58 %,3495.0,6819249.5,0.005779750232222103,0.005763111556657057,1974.3600000000001,1864.5149999999999,1910.0114193281386,1908.0337372345728,54.21067070295398,1.977682093565818,-20.751716274234013,80.93492774648854,1864.5149999999999,76.87512961051056,2018.265259221021,1710.7647407789786,660773.0
LICN,2022-01-03,1950.0,1966.0,1931.0,1963.0,0.72 %,4318.0,8398328.0,0.007183170856849719,0.007157494768900306,1962.1600000000003,1868.6649999999997,1918.1635086622712,1912.105312254234,55.527022040977165,6.058196408037247,-15.38973373777976,77.65386147888222,1868.6649999999997,79.93450789635737,2028.5340157927144,1708.795984207285,665091.0
LICN,2022-01-04,1961.0,1999.9,1951.0,1999.9,1.88 %,4077.0,8060841.9,0.01879775853285781,0.01862326401557957,1964.5400000000002,1874.9099999999999,1930.7383534834603,1918.608622457624,58.8822347174596,12.129731025836236,-9.885840785056562,75.60001423039064,1874.9099999999999,85.16345831153305,2045.236916623066,1704.5830833769337,669168.0
LICN,2022-01-05,2033.0,2033.0,1964.2,2020.0,1.01 %,12268.0,24471892.2,0.010050502525126292,0.010000332103209787,1973.94,1882.9650000000001,1944.4709144860049,1926.1190948681704,60.62484585065573,18.351819617834508,-4.238308704478348,75.11429892821988,1882.9650000000001,90.98889622829499,2064.9427924565903,1700.9872075434102,681436.0
LICN,2022-01-06,1980.0,2015.0,1980.0,2008.0,-0.59 %,2418.0,4827318.1,-0.005940594059405946,-0.005958309583630635,1987.98,1889.3650000000002,1954.2446199496965,1932.1843471001575,59.01673481897389,22.060272849538933,1.0214076063251087,72.60613471906133,1889.3650000000002,95.17473279793992,2079.71446559588,1699.0155344041204,679018.0
LICN,2022-01-09,2047.0,2050.3,1988.0,2050.3,2.11 %,9174.0,18539055.5,0.02106573705179282,0.02084692207738128,2008.2400000000002,1899.4050000000002,1969.0223707266664,1940.9336547223681,62.76602136736298,28.08871600429825,6.434869285919737,71.8699822391284,1899.4050000000002,101.15157711391852,2101.7081542278374,1697.1018457721632,688192.0
LICN,2022-01-10,2040.0,2076.0,2000.0,2060.0,0.47 %,7863.0,15923507.6,0.004731014973418546,0.004719858894625686,2027.64,1911.1550000000002,1983.01892907641,1949.7533840021927,63.58863349120013,33.26554507421724,11.801004443579238,72.16498350776209,1911.1550000000002,105.60467231988824,2122.364344639777,1699.9456553602238,696055.0
LICN,2022-01-11,2065.0,2127.9,2060.0,2125.0,3.16 %,14216.0,29937044.8,0.031553398058252524,0.031065819574890532,2052.66,1928.6550000000002,2004.862170756962,1962.7346148168451,68.59557793004576,42.12755594011696,17.866314742886786,71.86034182863624,1928.6550000000002,110.72989647645214,2150.1147929529043,1707.195207047096,710271.0
LICN,2022-01-12,2130.0,2159.5,2077.6,2124.0,-0.05 %,7201.0,15285376.9,-0.00047058823529411153,-0.0004706989966877457,2073.46,1947.2400000000002,2023.1910675635831,1974.6801989044861,68.43965322848001,48.510868659097014,23.995225526128834,72.57746026944794,1947.2400000000002,110.76566730098854,2168.7713346019773,1725.7086653980232,703070.0
LICN,2022-01-13,2124.0,2173.0,2090.0,2164.9,1.93 %,7026.0,15040026.2,0.019256120527306964,0.019073067631555248,2104.84,1964.2450000000001,2044.9924417845702,1988.770554541191,71.311941054627,56.22188724337934,30.44055786957894,73.3219273930588,1964.2450000000001,116.91484744305738,2198.0746948861147,1730.4153051138853,710096.0
LICN,2022-01-16,2164.9,2243.0,2171.0,2197.0,1.48 %,7167.0,15739797.5,0.014827474710148225,0.014718622391225454,2134.1800000000003,1982.2450000000001,2068.3782199715597,2004.19495790851,73.36107038307603,64.1832620630496,37.18909870827307,73.66321829355459,1982.2450000000001,123.80293115738337,2229.850862314767,1734.6391376852334,717263.0
LICN,2022-01-17,2195.0,2230.0,2175.0,2207.0,0.46 %,8832.0,19334865.0,0.004551661356395176,0.004541333872126283,2163.5800000000004,2005.045,2089.7046476682426,2019.217553618991,73.98448962951178,70.48709404925171,43.848697776468796,72.33013127258641,2005.045,120.93058241470577,2246.9061648294114,1763.1838351705885,726095.0
LICN,2022-01-18,2171.0,2214.0,2163.0,2189.0,-0.82 %,7152.0,15636803.8,-0.008155867693701913,-0.008189308733873515,2176.38,2024.545,2104.9808557192823,2031.7940311286952,70.77383668079831,73.1868245905871,49.716323139292456,70.80655046740166,2024.545,117.34784313942822,2259.2406862788566,1789.8493137211435,718943.0
LICN,2022-01-19,2151.0,2175.0,2146.0,2163.7,-1.16 %,4466.0,9629183.7,-0.011557788944723701,-0.011625099329479093,2184.32,2042.8799999999999,2114.014570224008,2041.564843637681,66.4114105567696,72.44972658632696,54.26300382869936,68.82036829115869,2042.8799999999999,108.21609764483267,2259.3121952896654,1826.4478047103346,714477.0
LICN,2022-01-20,2170.0,2292.9,2150.0,2270.0,4.91 %,15642.0,34772291.0,0.0491288071359246,0.047960112282064454,2205.3399999999997,2063.93,2138.0123286510834,2058.485966331186,73.73640032748129,79.52636231989754,59.315675526938996,74.11177055607592,2063.93,109.4569711179612,2282.8439422359224,1845.0160577640775,730119.0
LICN,2022-01-23,2299.0,2400.0,2270.0,2398.9,5.68 %,45346.0,106644987.8,0.056784140969162955,0.055230467460428055,2245.72,2090.625,2178.1488934739937,2083.701820677024,79.55800666932393,94.44707279696968,66.34195498094513,78.10378694492763,2090.625,122.69239188441293,2336.009783768826,1845.2402162311741,775465.0
LICN,2022-01-24,2399.0,2415.0,2302.0,2344.0,-2.29 %,38050.0,90416463.2,-0.022885489182542074,-0.023151427238973295,2273.12,2106.625,2203.6644483241485,2102.9831672935406,72.21582582222074,100.6812810306078,73.20982019087766,80.59637359171852,2106.625,133.90000933533446,2374.425018670669,1838.824981329331,737415.0
LICN,2022-01-25,2385.0,2390.0,2300.0,2369.0,1.07 %,22195.0,52054494.9,0.010665529010238872,0.010609053461882192,2309.12,2125.675,2229.1006870435103,2122.6881178643894,73.41883129634212,106.41256917912096,79.85036998852632,81.26806119231006,2125.675,142.9327662150898,2411.5405324301796,1839.8094675698205,759610.0
LICN,2022-01-26,2389.0,2389.0,2286.1,2319.0,-2.11 %,16285.0,37543560.7,-0.021105951878429674,-0.021331866903253765,2340.1800000000003,2142.975,2242.931350575278,2137.2297387633234,67.15601454863997,105.70161181195454,85.02061835321197,82.81319967857364,2142.975,144.41257371631912,2431.8001474326384,1854.1498525673617,743325.0
LICN,2022-01-27,2319.0,2345.0,2286.0,2291.0,-1.21 %,5783.0,13306579.1,-0.012074169900819332,-0.012147654802036145,2344.38,2160.635,2250.3265274098508,2148.620128484559,63.87027069295887,101.70639892529198,88.35777446762799,81.1122568443898,2160.635,139.51456168105042,2439.6641233621012,1881.6058766378994,737542.0
LICN,2022-01-30,2336.0,2397.0,2336.0,2355.0,2.79 %,14468.0,34255082.4,0.027935399388913096,0.027552323997022562,2335.6,2180.9350000000004,2266.430138577566,2163.9075263745913,67.7538588383328,102.52261220297487,91.19074201469738,82.88995278407624,2180.9350000000004,136.6071057526232,2454.149211505247,1907.720788494754,752010.0
LICN,2022-01-31,2385.0,2493.0,2342.0,2367.9,0.55 %,14692.0,34912457.0,0.005477707006369403,0.005462758931948284,2340.38,2201.1800000000003,2282.04088648871,2179.0180799764735,68.48908986473236,103.02280651223646,93.5571549142052,87.75495615664224,2201.1800000000003,132.55218872898828,2466.284377457977,1936.0756225420237,766702.0
LICN,2022-02-01,2400.0,2400.0,2330.0,2356.0,-0.50 %,18113.0,42392629.5,-0.005025550065458906,-0.005038220610989166,2337.78,2218.985,2293.419211644293,2192.1278518300683,66.9721025707419,101.2913598142245,95.10399589420906,86.48674500259636,2218.985,127.9281882233489,2474.8413764466977,1963.1286235533023,748589.0
LICN,2022-02-03,2400.0,2400.0,2326.0,2377.0,0.89 %,20975.0,49201626.4,0.008913412563667178,0.008873922588716545,2349.38,2236.835,2306.277794468248,2205.822085027841,68.30621276569855,100.45570944040719,96.17433860344869,85.59483464526807,2236.835,123.53309070853612,2483.901181417072,1989.768818582928,769564.0
LICN,2022-02-06,2400.0,2400.0,2315.0,2332.0,-1.89 %,22134.0,51678300.3,-0.018931426167437926,-0.019112919889810905,2357.5800000000004,2253.0350000000003,2310.2350568577485,2215.168597248001,62.48192187128299,95.06645960974765,95.95276280470848,85.55234645632035,2253.0350000000003,112.71533438386565,2478.4656687677316,2027.604331232269,747430.0
LICN,2022-02-07,1982.1,2010.0,1946.0,2005.0,3.17 %,30923.0,61319275.2,-0.14022298456260718,-0.1510822077297134,2287.5800000000004,2250.77,2263.2758173411717,2199.6005530074085,37.47554642750998,63.67526433376315,89.49726311051941,107.01289313801175,2250.77,117.36301354077402,2485.496027081548,2016.043972918452,716507.0
LICN,2022-02-08,2044.0,2044.0,1985.1,1991.5,0.00 %,25941.0,52131490.5,-0.006733167082294211,-0.00675593711897059,2212.3,2247.3450000000003,2221.4641531348375,2184.185697229082,36.82037451806578,37.278455905755436,79.05350166956661,103.57625791386806,2247.3450000000003,124.03322761516388,2495.411455230328,1999.2785447696724,690566.0
LICN,2022-02-09,2018.0,2028.8,1980.0,2028.7,1.87 %,31678.0,63265635.9,0.01867938739643482,0.0185070701855848,2146.8399999999997,2242.5299999999997,2191.808129575632,2172.668238175076,39.93647849517086,19.139891400555825,67.07077961576447,99.66366806287749,2242.5299999999997,130.7215284488498,2503.9730568976993,1981.0869431023002,722244.0
LICN,2022-02-10,2026.0,2060.0,2005.0,2050.0,1.05 %,20123.0,40646324.4,0.010499334549218586,0.010444599325169994,2081.44,2238.83,2169.991494256304,2163.5817020139593,41.709262364922935,6.409792242344793,54.93858214108053,96.47340605838625,2238.83,135.22279510420168,2509.275590208403,1968.3844097915967,742367.0
LICN,2022-02-13,2009.0,2028.0,1969.0,2025.0,-1.22 %,25295.0,50415426.2,-0.012195121951219523,-0.01227009259181436,2020.0400000000002,2231.835,2147.685110524565,2153.3163907536664,40.20917933415638,-5.631280229101321,42.824609667044164,95.36816276850152,2231.835,142.66226320267273,2517.1595264053453,1946.5104735946545,717072.0
LICN,2022-02-14,1987.0,2058.0,1987.0,2038.0,0.64 %,13194.0,26814864.5,0.006419753086419844,0.006399234242030699,2026.64,2223.8849999999998,2130.8104781361703,2144.7744358830246,41.38962317226626,-13.963957746854248,31.46689618426448,93.62757971360855,2223.8849999999998,148.99529937835447,2521.8755987567088,1925.8944012432908,730266.0
LICN,2022-02-15,2036.5,2040.0,1990.0,2040.0,0.10 %,18447.0,37010114.7,0.0009813542688910104,0.0009808730555918924,2036.3400000000001,2215.535,2116.8396353459902,2137.013366558356,41.58071336178749,-20.173731212365965,21.13877070493839,90.51132401977937,2215.535,154.56671622041154,2524.668432440823,1906.4015675591768,748713.0
LICN,2022-02-16,2021.0,2085.0,2002.0,2085.0,2.21 %,19873.0,40499444.4,0.022058823529411686,0.021819047394639673,2047.6,2210.335,2111.9412299081455,2133.1605245910705,45.85797278693221,-21.21929468292501,12.667157627365711,89.97480087550942,2210.335,157.23281522701882,2524.8006304540377,1895.8693695459624,768586.0
LICN,2022-02-17,2050.0,2078.0,2021.0,2065.0,-0.96 %,8088.0,16660972.3,-0.00959232613908878,-0.009638628837768745,2050.6,2205.4,2104.7195022299693,2128.111596843584,44.305344046191024,-23.392094613614518,5.455307179169666,88.11945795583017,2205.4,160.29271907818202,2525.985438156364,1884.814561843636,760498.0
LICN,2022-02-20,2023.7,2033.0,1990.0,2004.9,-2.91 %,9361.0,18740280.1,-0.029104116222760212,-0.029536042209998906,2046.58,2192.145,2089.362655733051,2118.9848118922073,39.93028118799745,-29.622156159156475,-1.5601854884955628,87.18235381612803,2192.145,165.54448432212084,2523.2339686442415,1861.0560313557583,751137.0
LICN,2022-02-21,2005.0,2019.9,1988.0,1992.0,-0.64 %,39575.0,79735646.9,-0.006434236121502401,-0.006455025040590685,2037.3799999999999,2171.8,2074.3837856202736,2109.5785295298215,39.039176449903835,-35.194743909547924,-8.287097172706035,83.23361425783318,2171.8,163.79167770132173,2499.3833554026437,1844.2166445973567,711562.0
LICN,2022-02-22,2010.0,2010.0,1980.0,1980.0,-0.60 %,8656.0,17258429.3,-0.0060240963855421326,-0.006042314455962586,2025.3799999999999,2153.6,2059.8632032171545,2099.98011993502,38.185485033237136,-40.11691671786548,-14.653061081737924,79.43121323941652,2153.6,163.87353275268444,2481.347065505369,1825.852934494631,702906.0
LICN,2022-02-23,1970.0,1988.9,1960.0,1988.9,0.45 %,9103.0,17930261.8,0.004494949494949552,0.004484877380619941,2006.1599999999999,2134.5950000000003,2048.9457873375923,2091.751962902796,39.246604463988504,-42.80617556520383,-20.283683978431107,75.82184086517249,2134.5950000000003,159.5621128853087,2453.7192257706174,1815.4707742293829,712009.0
LICN,2022-02-24,1980.0,1980.0,1887.0,1949.0,-2.01 %,9430.0,18154338.1,-0.02006134043943897,-0.020265301561640078,1982.9599999999998,2116.0950000000003,2033.569512362578,2081.177743428515,36.24285455913485,-47.608231065936934,-25.748593395932275,77.68456651766019,2116.0950000000003,158.50229775854888,2433.099595517098,1799.0904044829026,702579.0
LICN,2022-02-27,1986.0,1986.0,1905.0,1931.9,-0.88 %,4400.0,8437580.0,-0.008773730118009193,-0.008812445909052443,1968.3600000000001,2098.14,2017.9280489221815,2070.1201328041807,35.00629310536796,-52.192083881999224,-31.037291493145666,77.92138319497018,2098.14,157.98484071182142,2414.1096814236425,1782.170318576357,698179.0
LICN,2022-02-28,1970.0,1970.0,1849.1,1896.9,-1.81 %,8837.0,16548396.5,-0.01811687975568088,-0.018282999865831057,1949.3400000000001,2075.2349999999997,1999.3083490879997,2057.289011855723,32.55776806080034,-57.98066276772329,-36.425965748061195,80.99128439532946,2075.2349999999997,151.87472079247453,2378.984441584949,1771.4855584150505,689342.0
LICN,2022-03-02,1934.0,1934.0,1816.0,1816.0,-4.26 %,10859.0,19941296.0,-0.04264853181506678,-0.04358469457143871,1916.5400000000002,2047.6399999999999,1971.1070646129228,2039.4157517182618,27.729743803008574,-68.308687105339,-42.80251001951676,83.63476408137736,2047.6399999999999,145.92229150440727,2339.4845830088143,1755.7954169911854,678483.0
LICN,2022-03-06,1849.0,1849.0,1780.0,1837.0,1.16 %,3322.0,5983184.0,0.01156387665198233,0.011497526053887,1886.1599999999999,2021.6899999999998,1950.475208518627,2024.421992331724,30.606411022260346,-73.946783813097,-49.031364778232806,82.5894237898504,2021.6899999999998,133.84756805294055,2289.385136105881,1753.9948638941187,681805.0
LICN,2022-03-07,1809.0,1849.9,1764.0,1807.9,-1.58 %,5235.0,9351573.0,-0.015841045182362512,-0.015967855527156852,1857.94,1993.235,1928.5405610542227,2008.3833262330777,28.8903183560367,-79.84276517885496,-55.193644858357246,82.8258935191468,1993.235,113.24298177394847,2219.7209635478966,1766.749036452103,676570.0
LICN,2022-03-09,1780.0,1790.0,1719.1,1755.0,-2.93 %,9898.0,17239893.4,-0.029260467946236046,-0.029697093788002664,1822.5600000000002,1964.3849999999998,1901.8420131997268,1989.6141909565533,26.032755245331288,-87.77217775682652,-61.7093514380511,83.25261541063634,1964.3849999999998,94.31281251911221,2153.010625038224,1775.7593749617754,666672.0
LICN,2022-03-10,1755.0,1810.0,1730.0,1810.0,3.13 %,7448.0,13135613.0,0.031339031339031376,0.030857988359905282,1805.1799999999998,1954.6349999999998,1887.712472707461,1976.3094360708828,33.407706844483684,-88.59696336342176,-67.08687382312523,83.02028573844802,1954.6349999999998,99.81222515040774,2154.2594503008154,1755.0105496991844,674120.0
LICN,2022-03-13,1846.0,1952.0,1840.0,1952.0,7.85 %,25394.0,48071956.6,0.0784530386740332,0.0755276427131664,1832.3799999999999,1952.6599999999999,1897.6028615216978,1974.5087371026693,47.86167636234209,-76.9058755809715,-69.05067417469448,87.23312247141602,1952.6599999999999,99.4344608272303,2151.5289216544606,1753.7910783455393,699514.0
LICN,2022-03-14,1970.0,2030.0,1970.0,2006.0,2.77 %,30910.0,61885698.0,0.027663934426229497,0.027288201548843035,1866.1799999999998,1951.525,1914.2793443645137,1976.8414232432124,52.117918116667134,-62.562078878698685,-67.75295511549533,86.57361372345774,1951.525,98.64725501023645,2148.819510020473,1754.2304899795272,730424.0
LICN,2022-03-15,2044.0,2087.0,1968.1,2049.8,2.18 %,16338.0,32940295.3,0.02183449651046865,0.021599537875581783,1914.5600000000002,1951.515,1935.1286760007424,1982.2457622622337,55.3049998520507,-47.117086261491295,-63.62578134469452,88.88264131463934,1951.515,98.63675665369318,2148.7885133073864,1754.2414866926138,746762.0
LICN,2022-03-16,2078.5,2089.0,2002.0,2038.0,-0.58 %,13534.0,27340105.5,-0.005756659186262114,-0.005773292614792487,1971.1600000000003,1952.1650000000002,1950.9550335390895,1986.3757057983646,54.25721940476121,-35.42067225927508,-57.984759527610635,88.74816693502224,1952.1650000000002,99.1877925160779,2150.540585032156,1753.7894149678443,733228.0
LICN,2022-03-20,2077.0,2077.0,1970.0,2014.0,-1.18 %,13796.0,27561165.0,-0.011776251226692791,-0.011846140504162474,2011.9600000000003,1950.9650000000001,1960.6542591484604,1988.4219498133007,52.09540105995295,-27.767690664840302,-51.941345755056574,90.05186929680636,1950.9650000000001,98.23528830528795,2147.435576610576,1754.4944233894244,719432.0
LICN,2022-03-21,2040.0,2040.0,1961.0,2011.9,-0.10 %,5594.0,11056691.2,-0.001042701092353493,-0.0010432450833170147,2023.94,1949.56,1968.5382192794664,1990.1610646419451,51.900539455874494,-21.622845362478756,-45.87764567654101,89.2624500613202,1949.56,97.0891147890859,2143.7382295781717,1755.3817704218282,713838.0
LICN,2022-03-22,2040.0,2051.9,1990.1,2005.0,-0.34 %,9845.0,19758516.7,-0.003429593916198681,-0.0034354884545210592,2023.7400000000002,1945.56,1974.1477240057025,1991.260245038838,51.22258139638647,-17.112521033135636,-40.12462074785993,87.30084648551163,1945.56,92.76717545612364,2131.094350912247,1760.0256490877528,703993.0
LICN,2022-03-23,2005.0,2007.0,1987.0,1989.9,-0.75 %,6833.0,13643177.0,-0.007531172069825343,-0.007559674541049472,2011.7599999999998,1941.8049999999998,1976.5711510817482,1991.1594861470724,49.692774066295755,-14.588335065324145,-35.01736361135277,82.49364316511794,1941.8049999999998,89.12656568346085,2120.0581313669218,1763.5518686330781,697160.0
LICN,2022-03-24,2029.6,2120.0,1990.0,2101.2,5.59 %,54363.0,113105960.3,0.0559324589175334,0.05442422388018635,2024.4,1946.6200000000001,1995.7448201460948,1999.3106353213632,59.333593953951436,-3.565815175268426,-28.727053924135905,85.89409722475237,1946.6200000000001,95.11473736051558,2136.849474721031,1756.3905252789689,751523.0
LICN,2022-03-27,2143.0,2274.0,2137.0,2137.0,1.70 %,68532.0,150594462.1,0.0170378831144109,0.01689436623934123,2049.0,1953.8700000000001,2017.4763862774648,2009.5098475197808,61.86509884131803,7.96653875768402,-21.38833538777192,92.10166170869864,1953.8700000000001,103.8783200115551,2161.62664002311,1746.11335997689,820055.0
LICN,2022-03-28,2100.0,2164.9,2100.0,2128.8,-0.38 %,26556.0,56531244.5,-0.003837154890032668,-0.0038445356556681054,2072.38,1961.31,2034.603096080932,2018.346155110908,60.92950758379043,16.256940970023834,-13.859280116212771,90.15868587236302,1961.31,110.9371699846925,2183.184339969385,1739.435660030615,793499.0
LICN,2022-03-29,2160.0,2160.0,2073.0,2107.8,-0.99 %,13994.0,29319409.2,-0.009864712514092489,-0.009913691163643119,2092.94,1967.2549999999999,2045.864158222327,2024.9723658434332,58.48994597786873,20.891792378893797,-6.909065617191457,89.93306545290852,1967.2549999999999,115.58212152314707,2198.419243046294,1736.0907569537057,779505.0
LICN,2022-03-30,2140.0,2140.0,2058.0,2121.0,0.63 %,14400.0,29967390.0,0.006262453743239416,0.0062429260648461165,2119.1600000000003,1975.855,2057.423518495815,2032.0855239291047,59.58532036515761,25.33799456671045,-0.45965358041107596,89.36641792055792,1975.855,120.44880753599932,2216.7526150719987,1734.9573849280014,793905.0
LICN,2022-03-31,2145.0,2145.0,2070.1,2071.0,-2.36 %,6291.0,13224085.2,-0.023573785950023574,-0.023856093169098286,2113.12,1982.8100000000002,2059.5122079579974,2034.9680777121341,53.79464659766902,24.544130245863244,4.541103184843789,88.3331023548038,1982.8100000000002,121.7857216589947,2226.3814433179896,1739.2385566820108,787614.0
LICN,2022-04-03,2098.0,2098.0,2034.0,2051.8,-0.93 %,18900.0,38777138.0,-0.00927088363109596,-0.009314125741971659,2096.08,1990.5550000000003,2058.325714425998,2036.2148867704946,51.71623007399576,22.11082765550327,8.055048078975686,86.59502361517495,1990.5550000000003,120.95733686762219,2232.4696737352447,1748.640326264756,768714.0
LICN,2022-04-04,2092.0,2133.0,2019.0,2044.9,-0.34 %,7735.0,15735359.0,-0.0033629008675309935,-0.003368568127843541,2079.3,2002.0,2056.260219898921,2036.8582284911986,50.954314179328236,19.401991407722562,10.324436744725062,88.55252192837673,2002.0,114.21287603695917,2230.4257520739184,1773.5742479260816,760979.0
LICN,2022-04-05,2054.0,2054.0,1950.0,1951.0,-4.59 %,15294.0,30163127.9,-0.04591911584918584,-0.047006826902657735,2047.94,2007.7,2040.0663399144717,2030.4983597140726,41.906173122106786,9.567980200399006,10.173145435859851,89.65591321920697,2007.7,108.23299428840464,2224.1659885768095,1791.2340114231909,745685.0
LICN,2022-04-06,1985.0,1985.0,1931.0,1968.0,0.87 %,6647.0,12976797.1,0.008713480266530071,0.008675736989087609,2017.3400000000001,2015.705,2028.9792106968605,2025.8688515871045,43.85016695840453,3.1103591097560184,8.760588170639085,87.1090622749779,2015.705,98.12658030910987,2211.9581606182196,1819.4518393817802,752332.0
LICN,2022-04-07,1987.7,2070.0,1950.0,2023.0,2.79 %,8889.0,17923389.5,0.02794715447154461,0.02756375955554663,2007.7400000000002,2029.105,2028.0593321281128,2025.656344062134,49.71313963746082,2.4029880659788887,7.489068149707046,89.45841496962234,2029.105,76.58590274980351,2182.2768054996072,1875.933194500393,761221.0
LICN,2022-04-11,2063.4,2139.0,1976.0,1978.0,-2.22 %,11551.0,23187758.0,-0.022244191794364765,-0.022495324985088,1992.9800000000002,2037.5049999999999,2020.3578964160956,2022.1262445019759,45.5247111236522,-1.768348085880234,5.63758490258959,94.71138532893502,2037.5049999999999,58.325822348544605,2154.156644697089,1920.8533553029106,749670.0
LICN,2022-04-12,2017.0,2020.0,1932.0,1940.0,-1.92 %,6557.0,12788167.3,-0.01921132457027297,-0.019398260125283576,1972.0,2036.905,2007.9951431213117,2016.042818983311,42.284891009764145,-8.047675861999323,2.900532749671808,94.23200066258254,2036.905,59.30520945434266,2155.515418908685,1918.2945810913147,743113.0
LICN,2022-04-13,1968.0,1968.0,1917.5,1939.9,-0.01 %,6411.0,12400214.5,-5.154639175253273e-05,-5.154772031343929e-05,1969.78,2033.6,1997.5189672564945,2010.4026101697323,42.27636447782532,-12.883642913237736,-0.25630238291010077,91.10828632954093,2033.6,62.85381535965449,2159.3076307193087,1907.892369280691,736702.0
LICN,2022-04-17,1976.0,1976.0,1880.0,1908.9,-1.60 %,6710.0,12759497.0,-0.0159802051652147,-0.016109265430204182,1957.9599999999998,2026.5549999999998,1983.8852799862648,2002.8838983053079,39.60989123286171,-18.99861831904309,-4.004765570136699,91.45769444885944,2026.5549999999998,68.57821101718918,2163.7114220343783,1889.3985779656214,729992.0
LICN,2022-04-18,1935.0,1935.0,1851.1,1863.8,-2.36 %,4876.0,9063471.1,-0.023626172141023694,-0.023909745555301103,1926.1200000000001,2017.845,1965.4106215268393,1992.5813873197296,36.04770404591371,-27.17076579289028,-8.637965614687415,90.91785913108377,2017.845,77.52669132900839,2172.898382658017,1862.7916173419833,725116.0
LICN,2022-04-19,1890.0,1890.0,1846.0,1860.0,-0.20 %,8656.0,16064897.5,-0.002038845369674802,-0.0020409266443081266,1902.52,2010.145,1949.1936028304026,1982.7605438145645,35.755925837454924,-33.566940984161874,-13.623760688582308,87.5665834788635,2010.145,85.19693270363386,2180.5388654072676,1839.7511345927323,716460.0
LICN,2022-04-20,1880.0,1880.0,1817.0,1819.0,-2.20 %,9434.0,17396535.0,-0.02204301075268822,-0.022289588189124725,1878.3200000000002,2000.5,1929.1638177795714,1970.6301331616337,32.68215896303079,-41.46631538206225,-19.192271627278295,85.81182751608755,2000.5,95.30688382937177,2191.1137676587437,1809.8862323412563,707026.0
LICN,2022-04-21,1813.0,1855.3,1800.0,1842.8,1.31 %,9904.0,18043116.0,0.013084112149532645,0.012999254543639597,1858.9,1992.3899999999999,1915.8770765827144,1961.16123440892,36.115344235236684,-45.28415782620573,-24.410648867063784,83.63241126493844,1992.3899999999999,101.59730570402917,2195.584611408058,1789.1953885919415,716930.0
LICN,2022-04-24,1865.0,1900.0,1830.0,1895.0,2.83 %,8479.0,15994784.2,0.02832645973518555,0.02793268445476477,1856.1200000000001,1987.645,1912.6652186469123,1956.2604022304818,42.983580581284905,-43.59518358356945,-28.24755581036492,82.65866760315713,1987.645,103.9095126337893,2195.4640252675786,1779.8259747324214,725409.0
LICN,2022-04-25,1899.0,1899.0,1840.0,1870.0,-1.32 %,7646.0,14280098.7,-0.01319261213720313,-0.013280407667894378,1857.36,1976.0849999999998,1906.1013388550796,1949.8707428060015,40.72535294347061,-43.76940395092197,-31.35192543847633,80.96876277436019,1976.0849999999998,103.4711974924829,2183.0273949849657,1769.142605015034,717763.0
LICN,2022-04-26,1869.0,1869.0,1830.0,1840.0,-1.60 %,3745.0,6892261.0,-0.016042780748663055,-0.016172859245600957,1853.36,1961.235,1895.9319021081442,1941.7321692648163,38.136139878908644,-45.800267156672135,-34.241593782115494,78.04242257619161,1961.235,100.42921715266303,2162.093434305326,1760.376565694674,714018.0
LICN,2022-04-27,1876.8,1876.8,1816.0,1839.2,-0.04 %,3123.0,5707273.0,-0.00043478260869567187,-0.0004348771540595304,1857.4,1946.7550000000003,1887.2039171684296,1934.1371937637189,38.06663730898383,-46.93327659528927,-36.779930344750255,76.8108209636065,1946.7550000000003,95.76715992998103,2138.2893198599622,1755.2206801400382,710895.0
LICN,2022-04-28,1875.0,1875.0,1802.0,1840.0,0.04 %,9073.0,16498885.8,0.00043497172683770735,0.0004348771540594625,1856.8400000000001,1933.3650000000002,1879.9417760655942,1927.1640682997397,38.18795438388396,-47.22229223414547,-38.8684027226293,76.53861946620603,1933.3650000000002,90.64997038929916,2114.6649407785985,1752.065059221402,719968.0
LICN,2022-05-02,1875.0,1875.0,1750.0,1777.0,-3.42 %,10669.0,18900075.8,-0.03423913043478266,-0.034839022448380025,1833.2400000000002,1916.1650000000002,1864.1045797478105,1916.0408039812405,32.74776325593987,-51.93622423343004,-41.48196702478945,80.00014664719131,1916.1650000000002,85.67295387879172,2087.5109077575835,1744.8190922424167,709299.0
LICN,2022-05-04,1810.0,1810.0,1670.0,1717.9,-3.33 %,11697.0,19926935.2,-0.033258300506471494,-0.033823934522251395,1802.8200000000002,1898.5099999999998,1841.6115674789166,1901.3637073900375,28.627683819069375,-59.75213991112082,-45.13600160205572,84.28585045810622,1898.5099999999998,88.4243351834396,2075.358670366879,1721.6613296331207,697602.0
LICN,2022-05-05,1690.0,1723.8,1630.0,1689.8,-1.64 %,15026.0,24860656.1,-0.01635718027824673,-0.016492435913655453,1772.7800000000002,1880.4099999999999,1818.2559417129294,1885.692321657442,26.895076091154195,-67.43637994451274,-49.59607727054713,84.9654325682415,1880.4099999999999,92.35749705984621,2065.1249941196925,1695.6950058803075,682576.0
LICN,2022-05-08,1695.0,1695.0,1630.0,1690.0,0.01 %,10721.0,17643504.0,0.00011835720203579037,0.00011835019837477053,1742.94,1862.6650000000002,1798.5242583724787,1871.1965941272613,26.928973585840595,-72.67233575478258,-54.21132896739422,83.53933024193853,1862.6650000000002,93.18051114850282,2049.026022297006,1676.3039777029946,693297.0
LICN,2022-05-09,1670.0,1684.0,1630.0,1660.0,-1.78 %,9806.0,16176599.0,-0.017751479289940808,-0.01791092656653022,1706.94,1848.1150000000002,1777.2128340074821,1855.5524019696866,25.05247776911088,-78.33956796220446,-59.03697676635627,81.8579495103715,1848.1150000000002,101.04858797420376,2050.2121759484075,1646.0178240515927,683491.0
LICN,2022-05-10,1630.1,1662.9,1627.0,1640.0,-1.20 %,7176.0,11823332.0,-0.012048192771084376,-0.01212136053234485,1679.5400000000002,1831.7150000000001,1756.1031672371003,1839.5855573793394,23.85884524277523,-83.48239014223918,-63.92605944153286,78.57523883105925,1831.7150000000001,107.00854995353997,2045.73209990708,1617.6979000929202,676315.0
LICN,2022-05-11,1640.0,1670.0,1620.1,1656.0,0.98 %,16168.0,26450979.4,0.009756097560975618,0.009708814126960903,1667.1599999999999,1813.3650000000002,1740.702679969854,1825.9866272030922,26.861070200331525,-85.28394723323822,-68.19763699987394,76.5270074859836,1813.3650000000002,103.902060538816,2021.1691210776323,1605.5608789223681,692483.0
LICN,2022-05-12,1676.0,1676.0,1617.0,1636.0,-1.21 %,12569.0,20519768.1,-0.012077294685990392,-0.012150817782512691,1656.4,1796.265,1724.5945753591072,1811.913543706567,25.507187488206952,-87.31896834745976,-72.0219032693911,75.27507837984191,1796.265,103.52283894972976,2003.3106778994597,1589.2193221005405,679914.0
LICN,2022-05-17,1604.0,1695.0,1565.1,1565.1,-4.33 %,13950.0,22299820.9,-0.043337408312958514,-0.04430451846623572,1631.42,1777.52,1700.056948380783,1793.631058987562,21.391042974922442,-93.57411060677896,-76.33234473686868,79.1768584955675,1777.52,109.87375339093308,1997.2675067818661,1557.7724932181338,665964.0
LICN,2022-05-18,1572.0,1596.4,1527.9,1573.0,0.01 %,9667.0,14969319.1,0.005047600792281726,0.005034904361821176,1614.02,1759.175,1680.5097255529702,1777.288017581076,22.88430613072832,-96.77829202810585,-80.42153419511612,78.41422574588411,1759.175,111.94523508348038,1983.0654701669607,1535.2845298330392,675631.0
LICN,2022-05-19,1594.0,1594.0,1527.0,1550.0,-1.46 %,4481.0,6870124.0,-0.014621741894469187,-0.01472969314498554,1596.02,1741.23,1660.4313062371286,1760.4518681306258,21.597947052612525,-100.02056189349719,-84.34133973479234,77.5989239068924,1741.23,115.3938614622058,1972.0177229244116,1510.4422770755884,671150.0
LICN,2022-05-20,1560.0,1560.0,1491.1,1528.0,-1.42 %,9245.0,13904653.5,-0.014193548387096744,-0.014295240186826473,1570.42,1724.4399999999998,1640.0572591237242,1743.233211232061,20.415802845929463,-103.17595210833679,-88.10826220950123,76.97757219925724,1724.4399999999998,120.91856067531666,1966.277121350633,1482.6028786493666,661905.0
LICN,2022-05-23,1555.0,1555.0,1440.0,1451.0,-5.04 %,12847.0,18750483.2,-0.050392670157068054,-0.05170671684227794,1533.42,1703.9900000000002,1610.9715269508436,1721.5863066963527,16.92423982898933,-110.61477974550917,-92.60956571670283,79.69345989931028,1703.9900000000002,130.95470048435837,1965.899400968717,1442.0805990312836,649058.0
LICN,2022-05-24,1479.0,1530.0,1428.0,1478.5,1.90 %,6661.0,9849177.4,0.018952446588559546,0.018775086408343994,1516.1,1686.9650000000001,1590.5912920353292,1703.579913607734,22.051527479049454,-112.98862157240478,-96.68537688784322,81.2867841922167,1686.9650000000001,137.20038466648745,1961.365769332975,1412.5642306670252,655719.0
LICN,2022-05-25,1508.0,1537.0,1465.0,1484.9,0.43 %,6616.0,9754489.5,0.004328711531958129,0.004319369609483953,1498.48,1669.0700000000002,1574.3310932606632,1687.3814014886425,23.238898702556114,-113.05030822797926,-99.95836315587043,80.62344246420122,1669.0700000000002,139.1319067420721,1947.3338134841442,1390.806186515856,662335.0
LICN,2022-05-26,1456.0,1508.0,1456.0,1500.0,1.02 %,8790.0,13109522.4,0.010169034951848621,0.010117678188285649,1488.48,1649.3200000000002,1562.8955404513304,1673.5012976746689,26.099186834284012,-110.60575722333851,-102.08784196936405,78.57891085961542,1649.3200000000002,133.2854301667559,1915.890860333512,1382.7491396664884,671125.0
LICN,2022-05-27,1521.0,1550.0,1465.0,1488.0,-0.80 %,2633.0,3942828.9,-0.008000000000000007,-0.008032171697264267,1480.48,1630.22,1551.373149612664,1659.7604608098786,25.292600150849935,-108.38731119721456,-103.34773581493417,79.03756008392861,1630.22,127.23029099773619,1884.6805819954725,1375.7594180045276,668492.0
LICN,2022-05-30,1517.0,1547.0,1346.0,1379.8,-7.27 %,24804.0,34371332.2,-0.0727150537634409,-0.0754943752810289,1466.24,1607.21,1524.977280441485,1639.0226488980356,19.454465858629447,-114.0453684565507,-105.48726234325748,87.74916293507657,1607.21,128.8974945655005,1865.004989131001,1349.4150108689992,643688.0
LICN,2022-05-31,1353.3,1426.0,1281.0,1426.0,3.35 %,23784.0,31333693.8,0.03348311349470934,0.03293476086223289,1455.7400000000002,1586.55,1509.7500065274105,1623.243193424107,27.183251831535358,-113.49318689669644,-107.08844725394528,91.83850843971396,1586.55,122.72298931032888,1831.9959786206578,1341.1040213793422,667472.0
LICN,2022-06-01,1397.5,1397.5,1297.0,1329.0,-6.80 %,17623.0,23296947.5,-0.06802244039270688,-0.07044654226099593,1424.56,1561.0,1481.9423132155014,1601.4474013186175,22.336971362340634,-119.50508810311612,-109.57177542377944,94.49290069402011,1561.0,120.34965724919944,1801.699314498399,1320.300685501601,649849.0
LICN,2022-06-02,1304.0,1330.0,1275.0,1297.9,-2.34 %,14307.0,18519724.0,-0.02340105342362675,-0.023679206019532006,1384.1399999999999,1537.045,1453.6281111823473,1578.9624086283495,21.04169849734815,-125.33429744600221,-112.724279828224,91.67197921587582,1537.045,122.75039489699434,1782.5457897939887,1291.5442102060115,635542.0
LICN,2022-06-03,1304.0,1305.0,1245.1,1255.0,-3.31 %,7420.0,9340631.4,-0.03305339394406359,-0.03361200112782913,1337.54,1513.9,1423.069940231217,1554.9651931743979,19.37286708658027,-131.89525294318082,-116.55847445121536,89.40255212902757,1513.9,130.26542943261134,1774.4308588652227,1253.3691411347775,628122.0
LICN,2022-06-06,1265.0,1275.0,1203.5,1221.9,-2.64 %,25279.0,30952040.0,-0.02637450199203184,-0.02672854824340764,1305.96,1490.5049999999999,1392.1207186571837,1530.2936973837018,18.17512201602038,-138.17297872651807,-120.88137530627591,88.1237984055256,1490.5049999999999,138.75180975585747,1768.0086195117149,1213.001380488285,602843.0
LICN,2022-06-07,1200.0,1235.9,1197.0,1216.9,-0.41 %,20459.0,24828518.2,-0.004091987887715809,-0.00410038297972218,1264.1399999999999,1466.85,1365.1636850176171,1507.0793494293534,17.99414294547266,-141.91566441173632,-125.088233127368,84.60781280513093,1466.85,143.20752148726518,1753.2650429745304,1180.4349570254694,582384.0
LICN,2022-06-08,1238.8,1326.0,1217.0,1255.0,3.13 %,11005.0,13895940.0,0.03130906401512035,0.03082893122312986,1249.34,1446.6,1348.2154257841376,1488.4068050271792,24.188889348743345,-140.19137924304164,-128.10886235050273,86.35725474762157,1446.6,143.0921197580118,1732.7842395160235,1160.4157604839763,593389.0
LICN,2022-06-09,1279.0,1329.9,1243.0,1288.9,2.70 %,10719.0,13673362.2,0.02701195219123509,0.02665356884484964,1247.5400000000002,1429.045,1339.089975663501,1473.628523173314,29.305954003550795,-134.53854750981304,-129.3947993823648,86.39602226564861,1429.045,139.61109696129395,1708.267193922588,1149.8228060774122,604108.0
LICN,2022-06-10,1265.0,1270.0,1225.0,1259.8,-2.26 %,8287.0,10316648.9,-0.02257739157421068,-0.022836163222905353,1248.5,1409.2350000000001,1326.8915178691161,1457.7893733086241,27.584739837982525,-130.89785543950802,-129.69541059379344,84.789163532388,1409.2350000000001,133.69653097494975,1676.6280619498996,1141.8419380501007,595821.0
LICN,2022-06-13,1245.0,1255.0,1213.0,1234.8,-1.98 %,7332.0,9002512.4,-0.01984441974916651,-0.020043964559824375,1251.08,1389.175,1312.7235920430983,1441.2716419524297,26.16306781204709,-128.54804990933144,-129.46593845690106,82.07565185150315,1389.175,127.85222092218649,1644.8794418443729,1133.470558155627,588489.0
LICN,2022-06-14,1258.9,1258.9,1184.9,1209.9,-2.02 %,5957.0,7160702.3,-0.020165208940719048,-0.020371302080571984,1249.68,1371.4150000000002,1296.9045778826217,1424.1330018078054,24.792516922749456,-127.22842392518373,-129.0184355505576,81.49881957639579,1371.4150000000002,126.7943186299794,1625.003637259959,1117.8263627400413,582532.0
LICN,2022-06-15,1190.1,1200.0,1098.0,1110.0,-8.26 %,32058.0,35823154.8,-0.0825688073394496,-0.0861776962410524,1220.68,1348.265,1268.1500274391412,1400.8638905627827,20.21670902271447,-132.71386312364143,-129.7575210651744,83.6703324637961,1348.265,130.27138181907466,1608.8077636381495,1087.7222363618507,550474.0
LICN,2022-06-16,1132.2,1132.2,1089.0,1107.0,-0.27 %,11417.0,12663222.0,-0.002702702702702675,-0.002706361597742914,1184.3,1326.1150000000002,1243.3577155254272,1379.0961949655396,20.096755346868576,-135.73847944011231,-130.953712740162,80.77959443066781,1326.1150000000002,131.8175304809783,1589.750060961957,1062.4799390380435,539057.0
LICN,2022-06-17,1119.9,1124.9,1098.0,1100.0,-0.63 %,9539.0,10528484.0,-0.006323396567298967,-0.006343473922174926,1152.3400000000001,1304.7150000000001,1221.3026823676691,1358.42240274587,19.801523519172704,-137.11972037820078,-132.18691426776977,76.93105197133441,1304.7150000000001,132.0591186392963,1568.8332372785926,1040.5967627214077,529518.0
LICN,2022-06-19,1101.0,1117.9,1100.0,1110.0,0.91 %,14251.0,15745547.6,0.009090909090909038,0.009049835519917856,1127.38,1287.6650000000002,1204.179192772643,1340.0207432832128,21.574013796048447,-135.84155051056973,-132.91784151632976,72.71454825909625,1287.6650000000002,134.17451038420177,1556.0140207684037,1019.3159792315967,543769.0
LICN,2022-06-20,1100.0,1110.0,1075.1,1085.0,-2.25 %,20278.0,22130998.2,-0.022522522522522515,-0.022780028331819885,1102.4,1267.9900000000002,1185.8439323460827,1321.1303178548267,20.36238106699531,-135.28638550874393,-133.3915503148126,70.01350909773224,1267.9900000000002,133.5676800648001,1535.1253601296005,1000.8546398704,523491.0
LICN,2022-06-21,1069.0,1180.0,1065.0,1158.0,6.73 %,21039.0,23834445.8,0.06728110599078341,0.06511439215838062,1112.0,1251.645,1181.5602504466854,1309.0465906063212,32.31586405740603,-127.4863401596358,-132.21050828377724,73.22682987646564,1251.645,125.37750354323863,1502.4000070864772,1000.8899929135227,544530.0
LICN,2022-06-22,1160.0,1179.0,1112.0,1129.9,-2.43 %,9483.0,10603316.0,-0.024265975820379926,-0.024565245917739946,1116.58,1233.1399999999999,1173.6125196087337,1295.7764727836309,30.422889386933534,-122.16395317489719,-130.20119726200124,72.78205631386096,1233.1399999999999,113.54660253555055,1460.2332050711009,1006.0467949288987,535047.0
LICN,2022-06-23,1120.0,1141.0,1086.0,1140.0,0.89 %,19504.0,21525312.7,0.008938844145499614,0.008899129173340592,1124.58,1215.74,1168.4413627458516,1284.2374747996582,31.965505730642235,-115.79611205380661,-127.32018022036232,71.51190943429947,1215.74,98.0413521777412,1411.8227043554825,1019.6572956445176,554551.0
LICN,2022-06-24,1120.0,1240.0,1101.0,1229.9,7.89 %,22574.0,26656467.5,0.07885964912280707,0.07590460285982371,1148.56,1208.2450000000001,1177.8965377080283,1280.2124766663503,43.89033604380336,-102.31593895832202,-122.31933196795427,76.3324873318495,1208.2450000000001,90.26025222420265,1388.7655044484054,1027.7244955515948,577125.0
LICN,2022-06-26,1230.0,1322.0,1206.0,1300.0,5.70 %,34687.0,44593219.1,0.05699650378079513,0.055431399201263234,1191.56,1201.9450000000002,1196.681685752947,1281.6782191355096,51.08929907379371,-84.99653338256257,-114.85477225087594,79.16588109386026,1201.9450000000002,77.79842019095388,1357.5418403819078,1046.3481596180925,611812.0
LICN,2022-06-27,1323.9,1430.0,1276.0,1419.0,9.15 %,59585.0,80296325.5,0.09153846153846157,0.08758813371041459,1243.76,1206.4450000000002,1230.8845033294167,1291.8502029032495,60.38193916280208,-60.96569957383281,-104.07695771546732,84.51117530144168,1206.4450000000002,87.52869890256947,1381.502397805139,1031.3876021948613,671397.0
LICN,2022-06-28,1445.0,1530.0,1353.1,1470.0,3.59 %,37343.0,54387260.9,0.03594080338266381,0.03531000261273929,1311.7800000000002,1215.05,1267.6715028171989,1305.0464841696755,63.575916033269095,-37.37498135247665,-90.73656244286919,91.11037706562442,1215.05,103.91810794030322,1422.8862158806064,1007.2137841193935,708740.0
LICN,2022-06-29,1489.8,1489.8,1441.0,1450.0,-1.36 %,21583.0,31473529.0,-0.013605442176870763,-0.013698844358161915,1373.7800000000002,1224.8,1295.7220408453222,1315.7837816385884,61.482597761478665,-20.061740793266154,-76.60159811294858,88.08820727522267,1224.8,116.27660759448585,1457.3532151889717,992.2467848110282,687157.0
LICN,2022-06-30,1475.0,1550.0,1410.0,1488.0,2.62 %,39008.0,56939778.9,0.026206896551724146,0.025869379978417095,1425.4,1238.105,1325.3032653306573,1328.5405385542485,63.91380517623446,-3.2372732235912736,-61.92873313507712,91.79619246984963,1238.105,130.30533161527327,1498.7156632305466,977.4943367694534,726165.0
LICN,2022-07-01,1515.0,1548.0,1445.1,1469.0,-1.28 %,14777.0,21779229.3,-0.01276881720430112,-0.012851039219159916,1459.2,1250.71,1347.410455279787,1338.9449431057856,61.81293565626533,8.465512174001333,-47.84988407326143,92.5893215791461,1250.71,139.9803065096098,1530.6706130192197,970.7493869807804,711388.0
LICN,2022-07-03,1495.0,1496.0,1430.0,1449.0,-1.36 %,11577.0,16760701.4,-0.013614703880190593,-0.013708233853194913,1465.2,1260.41,1363.0396160059736,1347.0971695423939,59.59240685690979,15.9424464635797,-35.0914179658932,90.69008432349281,1260.41,146.8464930678082,1554.1029861356164,966.7170138643837,699811.0
LICN,2022-07-04,1477.0,1477.0,1402.2,1444.0,-0.35 %,32956.0,47507707.0,-0.0034506556245686992,-0.003456622867910871,1460.0,1268.165,1375.4950596973622,1354.275156983698,59.021569369962826,21.21990271366417,-23.829153829981728,89.55507830038619,1268.165,152.41991262022165,1573.0048252404433,963.3251747595566,666855.0
LICN,2022-07-05,1417.1,1454.0,1390.0,1409.0,-2.42 %,19934.0,28131783.8,-0.02423822714681445,-0.02453680755409137,1451.8,1275.625,1380.649665897768,1358.3288490589798,55.04659150110575,22.320816838788232,-14.599159696227737,87.72971556464431,1275.625,155.60683544382056,1586.838670887641,964.4113291123589,646921.0
LICN,2022-07-06,1437.1,1549.9,1437.1,1549.9,10.00 %,76742.0,115346477.0,0.10000000000000009,0.09531017980432493,1464.1799999999998,1291.38,1406.6881788365731,1372.5193046842408,65.20577421753383,34.168874152332364,-4.845552926515716,91.52759302431258,1291.38,166.80463706793847,1624.9892741358772,957.7707258641232,723663.0
LICN,2022-07-07,1580.8,1677.0,1514.1,1525.0,-1.61 %,48789.0,76589982.5,-0.01606555261629783,-0.016196002661493084,1475.3799999999999,1307.135,1424.8899974771002,1383.8141710039267,62.51692297411381,41.07582647317349,4.338722953422126,96.62562209400454,1307.135,173.45208127894674,1654.0391625578934,960.2308374421066,674874.0
LICN,2022-07-08,1555.0,1580.0,1485.0,1498.0,-1.77 %,26067.0,39138685.9,-0.017704918032786843,-0.017863524964347167,1485.1799999999998,1326.535,1436.1376901729311,1392.2723805591916,59.644803933781645,43.865309613739555,12.244040285485614,96.50950623014708,1326.535,171.93433653271768,1670.4036730654354,982.6663269345647,648807.0
LICN,2022-07-11,1510.0,1510.0,1399.0,1415.0,-5.54 %,30977.0,44121542.4,-0.05540720961281709,-0.05700135399982679,1479.3799999999999,1341.935,1432.885737838634,1393.9559079251774,51.770908553373104,38.929829913456615,17.581198211079816,97.5445414994223,1341.935,164.8849910982568,1671.7049821965136,1012.1650178034863,617830.0
LICN,2022-07-12,1420.0,1440.0,1390.0,1395.0,-1.41 %,29299.0,41087204.5,-0.014134275618374548,-0.014235115821871985,1476.58,1356.685,1427.0571627865363,1394.033248078868,50.056119164962816,33.02391470766838,20.66974151039753,94.14850282089213,1356.685,155.00190924120798,1666.6888184824159,1046.681181517584,588531.0
LICN,2022-07-13,1422.9,1435.0,1376.9,1406.0,0.79 %,22179.0,31048171.6,0.007885304659498216,0.007854378115144217,1447.8,1371.4850000000001,1423.8175992809154,1394.9196741470998,51.0171046452874,28.897925133815534,22.31537823508113,91.57360976225698,1371.4850000000001,143.94515137809216,1659.3753027561845,1083.5946972438157,610710.0
LICN,2022-07-14,1410.0,1432.0,1390.0,1400.1,-0.42 %,14224.0,19963598.8,-0.004196301564722726,-0.004205130746730706,1422.8200000000002,1387.24,1420.1687378530823,1395.3034019880554,50.45632254301456,24.865335865026964,22.8253697610703,88.03263763638148,1387.24,127.20987383060641,1641.6597476612128,1132.8202523387872,596486.0
LICN,2022-07-15,1421.0,1421.0,1372.2,1415.0,1.06 %,7456.0,10393317.1,0.010642096993072059,0.010585868453458517,1406.22,1400.09,1419.3735474141465,1396.7624092481994,51.89443419115077,22.611138165947068,22.78252344204565,85.23030637663994,1400.09,115.25301183414246,1630.596023668285,1169.583976331715,603942.0
LICN,2022-07-17,1441.0,1441.0,1395.0,1435.0,1.41 %,7578.0,10695233.2,0.014134275618374659,0.014035318116383583,1410.22,1415.345,1421.7776170427394,1399.5948233779625,53.8316462502466,22.18279366477691,22.662577486591903,82.42814163545138,1415.345,96.22989181614172,1607.8047836322835,1222.8852163677166,611520.0
LICN,2022-07-18,1410.0,1470.0,1391.0,1457.9,1.60 %,19396.0,27783597.0,0.015958188153310182,0.015832194917054825,1422.8,1431.2400000000002,1427.3349067284719,1403.9137253499653,56.01573051581206,23.421181378506617,22.81429826497485,82.18327437577628,1431.2400000000002,71.40937871470464,1574.0587574294095,1288.421242570591,630916.0
LICN,2022-07-19,1430.0,1488.9,1430.0,1480.0,1.52 %,14145.0,20826613.2,0.01515879004046905,0.015045043647384399,1437.6,1443.7450000000001,1435.4372287702454,1409.5497456944122,58.07692786960312,25.887483075833188,23.428935227146518,80.52018334893513,1443.7450000000001,54.09491147388592,1551.9348229477719,1335.5551770522284,645061.0
LICN,2022-07-20,1453.0,1490.0,1450.0,1478.0,-0.14 %,13131.0,19377614.9,-0.0013513513513513375,-0.0013522652500136498,1453.1799999999998,1452.645,1441.985347420977,1414.6201349022335,57.81288814909765,27.36521251874342,24.216190685465897,77.62588453829692,1452.645,42.62783221026552,1537.900664420531,1367.389335579469,631930.0
LICN,2022-07-21,1501.0,1501.0,1422.8,1423.0,-3.72 %,16370.0,23698214.4,-0.03721244925575107,-0.03792250341829477,1454.78,1452.845,1439.0645247408265,1415.2408656502162,50.9525025643494,23.823659090610363,24.137684366494792,77.66689278556143,1452.845,42.470763628136915,1537.7865272562738,1367.9034727437263,615560.0
LICN,2022-07-22,1448.0,1448.0,1385.0,1390.0,-2.32 %,15337.0,21475963.0,-0.023190442726633842,-0.023463571965114897,1445.78,1448.845,1431.5161363191608,1413.3711718983484,47.32389287303632,18.144964420812357,22.939140377358306,76.61925758659275,1448.845,44.48935384181613,1537.8237076836324,1359.8662923163677,600223.0
LICN,2022-07-24,1417.0,1460.0,1396.2,1434.0,3.17 %,13700.0,19338355.5,0.031654676258992875,0.031163995034828293,1441.0,1448.045,1431.898269193136,1414.8992332392115,52.210737027962715,16.999035953924476,21.751119492671542,76.1464534732647,1448.045,44.61117956414536,1537.2673591282908,1358.8226408717094,613923.0
LICN,2022-07-25,1457.0,1500.0,1430.0,1498.9,4.53 %,31846.0,46692602.2,0.04525801952580211,0.044263763576984555,1444.7800000000002,1448.59,1442.2062277788073,1421.1215122585293,58.34864848055478,21.084715520277996,21.617838698192834,75.70742108231723,1448.59,45.18784070264458,1538.9656814052892,1358.2143185947107,645769.0
LICN,2022-07-26,1500.0,1525.0,1469.0,1499.0,0.01 %,53297.0,79940409.8,6.671559143356376e-05,6.671336604747168e-05,1448.98,1450.09,1450.9437311974525,1426.8902891282678,58.35752344897831,24.05344206918471,22.10495937239121,74.299748147866,1450.09,46.383117391423106,1542.856234782846,1357.3237652171538,699066.0
LICN,2022-07-27,1489.0,1524.0,1474.0,1485.0,-0.93 %,18511.0,27597217.0,-0.009339559706470935,-0.009383446865797665,1461.38,1451.8899999999999,1456.1831571670753,1431.1947121558035,56.54110973680025,24.98844501127178,22.68165650016733,72.56405185158985,1451.8899999999999,47.032574378092,1545.955148756184,1357.8248512438158,680555.0
LICN,2022-07-28,1514.7,1567.0,1481.1,1509.0,1.62 %,46674.0,71268435.0,0.016161616161616266,0.01603240753104901,1485.18,1455.1399999999999,1464.3088252952175,1436.9580668109293,58.90267196948204,27.350758484288235,23.615476896991513,73.51661957647629,1455.1399999999999,48.67575209593022,1552.4915041918603,1357.7884958081395,727229.0
LICN,2022-07-29,1535.0,1535.0,1480.0,1490.0,-1.26 %,11737.0,17494029.2,-0.012591119946984808,-0.012671059828344123,1496.38,1459.19,1468.2613137113378,1440.8870988990086,56.294628862215546,27.374214812329228,24.367224480059058,72.19400389244227,1459.19,47.999735744878414,1555.189471489757,1363.1905285102432,715492.0
LICN,2022-07-31,1516.0,1555.0,1475.0,1537.1,3.16 %,54205.0,82496166.1,0.031610738255033466,0.031121404291381553,1504.02,1458.55,1478.8518808326703,1448.013980462045,60.91466714094297,30.83790037062522,25.66135965817229,72.7515750429821,1458.55,46.796867866391125,1552.1437357327823,1364.9562642672176,769697.0
LICN,2022-08-01,1507.0,1655.0,1507.0,1545.0,0.51 %,35892.0,55957422.3,0.005139548500422864,0.005126386100959361,1513.2199999999998,1459.55,1489.028514550721,1455.1981300574491,61.64698750456568,33.83038449327182,27.2951646251922,78.12646253991194,1459.55,48.47516455822075,1556.5003291164414,1362.5996708835585,805589.0
LICN,2022-08-02,1545.0,1564.0,1516.0,1536.0,-0.58 %,9502.0,14540239.6,-0.005825242718446644,-0.0058422756242284025,1523.4199999999998,1461.45,1496.254896927533,1461.1834537568975,60.26173473559,35.071443170635575,28.850420334280876,75.97457235848967,1461.45,50.752749471793045,1562.9554989435862,1359.9445010564139,796087.0
LICN,2022-08-03,1549.0,1566.0,1508.0,1524.0,-0.78 %,14468.0,22111407.7,-0.0078125,-0.007843177461025893,1526.4199999999998,1466.9,1500.5233743232973,1465.8365312563867,58.37812582464606,34.68684306691057,30.017704880806818,74.69067433288326,1466.9,51.351133846952855,1569.6022676939058,1364.1977323060944,781619.0
LICN,2022-08-04,1508.0,1519.0,1475.0,1487.0,-2.43 %,22889.0,34181282.3,-0.024278215223097144,-0.02457778978643654,1525.82,1471.5,1498.4428551966362,1467.4041956077654,52.88881177054531,31.038659588870814,30.22189582241962,72.85562616624874,1471.5,48.61938101750764,1568.7387620350153,1374.2612379649847,758730.0
LICN,2022-08-05,1470.0,1499.0,1458.0,1467.0,-1.34 %,11555.0,17017593.5,-0.01344989912575656,-0.01354116831717336,1511.8,1474.55,1493.605492858692,1467.3742551923754,50.14407614506951,26.2312376663167,29.423764191199037,70.58022429723098,1474.55,46.144504149001044,1566.839008298002,1382.260991701998,747175.0
LICN,2022-08-07,1489.5,1489.5,1450.0,1478.0,0.75 %,16987.0,24842180.4,0.00749829584185413,0.007470323365165373,1498.4,1478.4450000000002,1491.2046478035088,1468.1613474003475,51.630875316130464,23.04330040316131,28.147671433591494,68.3602082760002,1478.4450000000002,42.68777065105639,1563.820541302113,1393.0694586978873,764162.0
LICN,2022-08-08,1453.1,1495.0,1446.1,1447.0,-2.10 %,10542.0,15417347.0,-0.02097428958051417,-0.021197374876663184,1480.6,1480.045,1484.4039327568153,1466.593840185507,47.34568931086061,17.81009257130836,26.08015566113487,66.97019339914304,1480.045,40.7398611862263,1561.5247223724527,1398.5652776275474,753620.0
LICN,2022-08-09,1434.6,1455.0,1411.2,1436.0,-0.76 %,12669.0,18183551.7,-0.007601935038009655,-0.007630977023314349,1463.0,1480.095,1476.9571738711513,1464.3276298013955,45.89024289429218,12.629544069755866,23.39003334285907,65.31517958491854,1480.095,40.682240726459746,1561.4594814529196,1398.7305185470805,740951.0
LICN,2022-08-10,1428.0,1437.1,1412.2,1427.0,-0.63 %,6588.0,9409496.3,-0.0062674094707521055,-0.006287132131333091,1451.0,1478.55,1469.2714548140511,1461.5626201864773,44.68002466824569,7.708834627573879,20.25379359980203,62.428381043138636,1478.55,42.1304802775894,1562.8109605551788,1394.2890394448211,734363.0
LICN,2022-08-11,1435.0,1440.0,1420.0,1422.1,-0.34 %,5159.0,7361213.9,-0.0034337771548704765,-0.0034396860981859086,1442.02,1475.655,1462.0143079195816,1458.6394631356272,43.99967673084032,3.3748447839543587,16.878003836632494,59.39778239720017,1475.655,43.97454377249733,1563.6040875449946,1387.7059124550053,729204.0
LICN,2022-08-14,1400.0,1426.0,1381.0,1390.0,-2.26 %,7947.0,11069784.9,-0.02257225230293225,-0.022830905253913153,1424.42,1471.2549999999999,1450.9351836242613,1453.5550584589141,39.73146564134692,-2.619874834652819,12.978428102375434,58.36936936882873,1471.2549999999999,47.95037429192919,1567.1557485838582,1375.3542514161416,721257.0
LICN,2022-08-15,1362.2,1400.0,1335.0,1400.0,0.72 %,10013.0,13778617.8,0.007194244604316502,0.007168489478612497,1415.02,1470.105,1443.0990015282212,1449.588017091587,41.63104725078887,-6.489015563365911,9.084939369227165,58.84298584248383,1470.105,49.421819973296614,1568.9486399465932,1371.2613600534069,731270.0
LICN,2022-08-16,1405.0,1415.0,1370.0,1394.9,-0.36 %,7191.0,9987216.2,-0.003642857142857059,-0.0036495085051603746,1406.8,1470.35,1435.6837705238795,1445.5370528625806,40.92263546042216,-9.853282338701092,5.297295027641514,57.85420113944927,1470.35,49.014278263414894,1568.3785565268297,1372.3214434731701,724079.0
LICN,2022-08-17,1370.2,1397.0,1362.2,1389.9,-0.36 %,2482.0,3425225.8,-0.0035844863431070406,-0.0035909260074771516,1399.38,1468.145,1428.6401135202057,1441.4157896875745,40.20039261072754,-12.775676167368829,1.6827007886394454,56.20747248663147,1468.145,51.65636940396841,1571.4577388079367,1364.8322611920632,721597.0
LICN,2022-08-18,1389.9,1409.4,1370.0,1408.0,1.30 %,6453.0,8933725.0,0.013022519605726979,0.012938455627275278,1396.56,1463.6,1425.4647114401741,1438.9405460070134,44.04997148218556,-13.47583456683924,-1.3490062824562916,55.006938737586374,1463.6,52.794357752751736,1569.1887155055033,1358.0112844944965,728050.0
LICN,2022-08-21,1435.0,1435.0,1385.0,1399.9,-0.58 %,7835.0,10972577.5,-0.005752840909090895,-0.005769452237208176,1398.54,1458.645,1421.5316789109168,1436.0486537101976,42.724462649448625,-14.516974799280888,-3.982599985821211,54.64930025633021,1458.645,53.93520942564949,1566.515418851299,1350.774581148701,720215.0
LICN,2022-08-22,1395.0,1412.0,1370.0,1389.0,-0.78 %,11227.0,15626665.0,-0.007786270447889154,-0.007816741726435773,1396.34,1453.845,1416.526805232314,1432.563568250183,40.93919846482283,-16.036763017868907,-6.3934325922307504,53.74577880944948,1453.845,55.7089095680604,1565.262819136121,1342.4271808638791,708988.0
LICN,2022-08-23,1382.0,1396.9,1365.0,1378.0,-0.79 %,4624.0,6351367.0,-0.007919366450683918,-0.007950891180739859,1392.96,1447.295,1410.5996044273427,1428.5218224538733,39.16080299970414,-17.922218026530572,-8.699189679090715,52.18536603734595,1447.295,56.577152492942496,1560.449304985885,1334.1406950141152,704364.0
LICN,2022-08-24,1378.0,1384.9,1365.0,1368.1,-0.72 %,7209.0,9892433.2,-0.007184325108853473,-0.0072102566475355494,1388.6,1441.2,1404.0612037462129,1424.0461319017345,37.57861890493449,-19.98492815552163,-10.956337374376899,49.87926846324982,1441.2,58.27505560067938,1557.7501112013588,1324.6498887986413,697155.0
LICN,2022-08-25,1369.0,1383.0,1350.0,1363.9,-0.31 %,5937.0,8113866.7,-0.003069951026971607,-0.003074672993238828,1379.78,1432.54,1397.882557016026,1419.5908628719765,36.8975335508554,-21.708305855950357,-13.106731070691591,48.67360643016055,1432.54,56.1024570247115,1544.744914049423,1320.335085950577,691218.0
LICN,2022-08-26,1341.0,1500.0,1341.0,1445.0,5.95 %,23730.0,33623865.4,0.05946183737810684,0.05776107861370302,1388.8,1427.54,1405.131394398176,1421.473021177756,54.170360290514374,-16.341626779579883,-13.753710212469251,56.55406311372051,1427.54,49.635634482953535,1526.811268965907,1328.268731034093,714948.0
LICN,2022-08-28,1473.0,1490.0,1409.3,1431.0,-0.97 %,18345.0,26585131.1,-0.00968858131487893,-0.009735820990081665,1397.2,1422.29,1409.1111798753798,1422.178723312737,51.547262087886985,-13.067543437357244,-13.616476857446852,58.27877289131191,1422.29,42.61663747261988,1507.5232749452398,1337.0567250547601,696603.0
LICN,2022-08-29,1459.0,1459.0,1405.0,1433.9,0.20 %,9420.0,13486509.0,0.002026554856743523,0.0020245041645426017,1408.38,1417.7849999999999,1412.9248445099365,1423.0469660303122,52.06505925019697,-10.122121520375686,-12.91760579003262,57.9731462562182,1417.7849999999999,35.46038968822971,1488.7057793764593,1346.8642206235404,706023.0
LICN,2022-08-30,1462.5,1551.0,1425.0,1434.9,0.07 %,43670.0,63901310.8,0.0006973987028384698,0.0006971556333674332,1421.74,1415.1799999999998,1416.305637662254,1423.9249685465852,52.25453783399888,-7.619330884331248,-11.857950808892348,62.832207237916904,1415.1799999999998,31.836615794744077,1478.853231589488,1351.5067684105118,749693.0
LICN,2022-08-31,1463.5,1464.0,1372.0,1379.0,-3.90 %,9838.0,13805351.2,-0.038957418635444996,-0.039736561561059106,1424.76,1410.78,1410.566308791138,1420.59719309869,42.21019018476617,-10.030884307552014,-11.492537508624281,64.91562100663712,1410.78,30.343916410985297,1471.4678328219707,1350.0921671780293,739855.0
LICN,2022-09-01,1406.0,1430.0,1375.0,1420.0,2.97 %,9998.0,13928972.0,0.029731689630166702,0.02929827280200452,1419.76,1407.8799999999999,1412.0176459001939,1420.5529565728611,49.82778291669839,-8.535310672667265,-10.901092141432878,64.2073623633059,1407.8799999999999,26.04913575693375,1459.9782715138674,1355.7817284861324,749853.0
LICN,2022-09-02,1420.0,1438.0,1387.1,1410.0,-0.70 %,2552.0,3571702.0,-0.007042253521126751,-0.007067167223092443,1415.56,1406.03,1411.7072388386255,1419.7712560859825,48.160318178271844,-8.064017247357015,-10.333677162617706,63.256836480212634,1406.03,24.385351513152283,1454.8007030263045,1357.2592969736954,747301.0
LICN,2022-09-04,1430.0,1438.0,1385.0,1403.0,-0.50 %,3808.0,5313340.0,-0.00496453900709215,-0.004976903269752974,1409.3799999999999,1404.3799999999999,1410.367663632683,1418.5289408203541,46.975267081839654,-8.161277187671203,-9.899197167628406,62.524205303054586,1404.3799999999999,23.345000591786615,1451.0700011835731,1357.6899988164266,743493.0
LICN,2022-09-05,1431.0,1450.0,1368.1,1420.0,1.21 %,8412.0,11678228.7,0.012116892373485344,0.012044070492845432,1406.4,1404.03,1411.8495615353472,1418.6379081669945,50.18135345479903,-6.7883466316473005,-9.277027060432186,63.9081906385507,1404.03,23.038482680277863,1450.1069653605557,1357.9530346394442,751905.0
LICN,2022-09-06,1392.0,1406.0,1379.0,1405.9,-0.99 %,3556.0,4930750.0,-0.00992957746478862,-0.00997920450944459,1411.7800000000002,1403.22,1410.9342443760631,1417.6943594138838,47.61006737161922,-6.760115037820697,-8.773644655909887,62.27189130722565,1403.22,22.651259985844096,1448.5225199716883,1357.9174800283117,748349.0
LICN,2022-09-07,1398.0,1398.0,1363.2,1384.0,-1.56 %,2963.0,4079381.0,-0.015577210327903934,-0.015699809908246938,1404.5800000000002,1402.92,1406.7905144720535,1415.1984809387814,43.85166078808632,-8.407966466727885,-8.700509018073488,60.87389907099525,1402.92,22.874200589977153,1448.6684011799543,1357.1715988200458,745386.0
LICN,2022-09-08,1390.0,1390.0,1360.0,1365.0,-1.37 %,4315.0,5898069.5,-0.013728323699422007,-0.01382342855855481,1395.5800000000002,1401.17,1400.361204553276,1411.4800749433161,40.839490961050664,-11.118870390040229,-9.184181292466835,58.668620565924165,1401.17,24.397478299351867,1449.9649565987038,1352.3750434012964,741071.0
LICN,2022-09-11,1390.0,1390.0,1341.0,1359.0,-0.44 %,1927.0,2615826.0,-0.00439560439560438,-0.0044052934679163795,1386.7800000000002,1399.375,1393.9979423143104,1407.592661984552,39.90725133982468,-13.594719670241602,-10.066288968021789,57.9780048112153,1399.375,26.14137424404725,1451.6577484880945,1347.0922515119055,739144.0
LICN,2022-09-12,1340.0,1358.0,1319.0,1330.0,-2.13 %,5059.0,6708161.5,-0.021339220014716664,-0.021570192935344224,1368.7800000000002,1396.38,1384.1521050351857,1401.8450573931036,35.66914920996916,-17.692952357917875,-11.591621646001007,56.6938616104142,1396.38,30.37292076485853,1457.1258415297173,1335.634158470283,734085.0
LICN,2022-09-13,1350.0,1350.0,1323.0,1336.9,0.52 %,3374.0,4505194.6,0.005187969924812075,0.005174558773277457,1354.98,1392.825,1376.8825504143879,1397.034312401022,37.37332630380525,-20.15176198663403,-13.303649714127612,54.57287149538462,1392.825,32.9895178726905,1458.804035745381,1326.845964254619,737459.0
LICN,2022-09-14,1363.6,1365.0,1321.0,1353.9,1.27 %,7021.0,9442935.9,0.012715984740818254,0.012635815511988276,1348.96,1390.525,1373.3467734275591,1393.8391781490946,41.48613693575742,-20.492404721535422,-14.741400715609174,53.81766638857144,1390.525,34.056576380131226,1458.6381527602625,1322.4118472397377,744480.0
LICN,2022-09-15,1345.0,1368.0,1295.6,1304.0,-3.69 %,8442.0,11108587.9,-0.03685648866238278,-0.037552853014466966,1336.76,1386.275,1362.6780390540885,1387.1844242121247,34.35436289778217,-24.50638515803621,-16.694397604094583,55.14497593224492,1386.275,39.17582330440288,1464.626646608806,1307.9233533911943,736038.0
LICN,2022-09-16,1298.0,1356.0,1270.0,1356.0,3.99 %,5464.0,7056545.2,0.039877300613496924,0.03910272601374261,1336.16,1385.175,1361.6506484303825,1384.8744668630784,44.97072761389798,-23.223818432695907,-18.000281769814848,57.34890622279886,1385.175,39.725411130314654,1464.6258222606293,1305.7241777393706,741502.0
LICN,2022-09-18,1329.0,1346.0,1278.2,1284.8,-5.25 %,6776.0,8748851.6,-0.05250737463126842,-0.053936125307843634,1327.1200000000001,1381.01,1349.827471748785,1377.4615433917393,36.31155908700982,-27.634071642954268,-19.92703974444273,58.80969863545609,1381.01,45.5496825339781,1472.109365067956,1289.9106349320439,734726.0
LICN,2022-09-20,1300.0,1300.0,1231.0,1252.0,-2.55 %,3738.0,4660150.0,-0.025529265255292644,-0.02586079153245338,1310.14,1375.415,1334.777091479741,1368.1680957330918,33.145297896210465,-33.39100425335073,-22.61983264622433,59.537577304352084,1375.415,53.87385143480875,1483.1627028696175,1267.6672971303824,730988.0
LICN,2022-09-21,1263.9,1263.9,1227.0,1250.0,-0.16 %,5245.0,6503387.6,-0.0015974440894568342,-0.0015987213636969929,1289.36,1365.665,1321.7344620213194,1359.4149034565664,32.95659221501704,-37.680441435247076,-25.631954404028882,57.92060749689837,1365.665,58.097488622222436,1481.8599772444447,1249.4700227555552,725743.0
LICN,2022-09-22,1250.0,1250.0,1226.0,1243.0,-0.56 %,3575.0,4405050.5,-0.005600000000000049,-0.005615738785635745,1277.1599999999999,1356.2649999999999,1309.6214678641934,1350.7915772745987,32.26422419016346,-41.1701094104053,-28.73958540530417,55.49770696140563,1356.2649999999999,62.04492663426497,1480.3548532685297,1232.17514673147,722168.0
LICN,2022-09-25,1240.0,1240.0,1210.0,1210.0,-2.65 %,3454.0,4208251.1,-0.026548672566371723,-0.02690745291992438,1247.9599999999998,1345.0700000000002,1294.295088192779,1340.3625715505543,29.154635785615483,-46.067483357775245,-32.205164995798384,53.8907278927338,1345.0700000000002,67.27851850799192,1479.6270370159841,1210.5129629840162,718714.0
LICN,2022-09-27,1234.2,1281.0,1225.0,1225.1,1.25 %,1709.0,2119269.0,0.01247933884297514,0.012402113709338042,1236.02,1334.58,1283.6496900092748,1331.8246032875504,32.36674046890158,-48.17491327827565,-35.39911465229384,55.11281875753853,1334.58,68.87217450502929,1472.3243490100585,1196.8356509899413,720423.0
LICN,2022-09-28,1249.0,1268.0,1210.3,1245.0,1.62 %,7212.0,8832687.8,0.016243571953310054,0.01611305659868323,1234.6200000000001,1327.8799999999999,1277.7035838540019,1325.3931511921762,36.45572524059798,-47.689567338174356,-37.857205189469944,55.29761741771435,1327.8799999999999,70.81398612970101,1469.5079722594019,1186.252027740598,727635.0
LICN,2022-09-29,1259.7,1259.7,1211.1,1240.0,-0.40 %,4569.0,5575020.5,-0.004016064257028162,-0.004024150299725491,1232.6200000000001,1318.8799999999999,1271.9030324918476,1319.0677325853485,35.86894512177979,-47.16470009350087,-39.71870417027613,54.81921617359191,1318.8799999999999,69.92273630679847,1458.7254726135968,1179.034527386403,723066.0
LICN,2022-10-09,1263.0,1285.0,1226.1,1285.0,3.63 %,6417.0,8007082.4,0.03629032258064524,0.0356473387302377,1241.02,1312.6299999999999,1273.917950570025,1316.5441968382856,44.523519973597004,-42.62624626826073,-40.300212589873055,55.11070073262107,1312.6299999999999,66.8692132764323,1446.3684265528645,1178.8915734471352,729483.0
LICN,2022-10-10,1310.7,1310.7,1233.8,1265.0,-1.56 %,6351.0,7892354.0,-0.015564202334630295,-0.015686596167699508,1252.02,1305.73,1272.5459581746363,1312.7261081835977,41.82213944110549,-40.18015000896139,-40.276200073690724,56.66707925171957,1305.73,64.11667900253582,1433.9633580050718,1177.4966419949283,723132.0
LICN,2022-10-11,1250.0,1255.0,1221.1,1229.0,-2.85 %,9187.0,11317248.4,-0.028458498023715362,-0.028871291595585734,1252.8,1296.1799999999998,1265.8465799939231,1306.524174244072,37.42096624226927,-40.677594250148786,-40.35647890898234,55.7551450194539,1296.1799999999998,60.312271597590644,1416.8045431951812,1175.5554568048185,713945.0
LICN,2022-10-12,1229.0,1243.0,1220.0,1240.0,0.90 %,7368.0,9100037.5,0.008950366151342593,0.008910549033047764,1251.8,1287.8849999999998,1261.870183071781,1301.5964576334,39.51547115641422,-39.72627456161899,-40.23043803950967,53.41549180377862,1287.8849999999998,55.656562246072745,1399.1981244921453,1176.5718755078542,721313.0
LICN,2022-10-13,1241.0,1249.9,1207.0,1249.9,1.88 %,3589.0,4402944.2,0.007983870967742002,0.007952168497093648,1253.78,1281.1799999999998,1260.0286164453532,1297.7670904012962,41.41593336685315,-37.738473955942936,-39.73204522279633,52.664385246365875,1281.1799999999998,51.38145887173484,1383.9429177434695,1178.4170822565302,724902.0
LICN,2022-10-16,1225.0,1244.5,1214.0,1225.0,-1.99 %,1745.0,2133193.0,-0.019921593727498244,-0.020122704117348816,1241.78,1274.1799999999998,1254.6395985306835,1292.3769355567556,38.167613570818816,-37.737337026072055,-39.333103583451475,51.46692915733975,1274.1799999999998,48.8345391144893,1371.8490782289784,1176.5109217710212,723157.0
LICN,2022-10-17,1238.0,1240.0,1200.0,1200.0,-2.04 %,9068.0,10965573.4,-0.020408163265306145,-0.020619287202735703,1228.78,1266.23,1246.2335064490399,1285.5341995895885,35.183877716057395,-39.300693140548674,-39.32662149487092,50.647862788958335,1266.23,47.21486273575436,1360.6597254715086,1171.8002745284914,714089.0
LICN,2022-10-19,1205.1,1208.0,1183.0,1204.9,0.41 %,8373.0,9998902.7,0.004083333333333439,0.004075019153139172,1223.96,1259.975,1239.87450545688,1279.5612959162856,36.23603683487744,-39.686790459405756,-39.398655287777885,48.81587258974702,1259.975,46.604651620088084,1353.1843032401762,1166.7656967598236,722462.0
LICN,2022-10-20,1224.0,1224.0,1185.0,1222.0,1.42 %,3526.0,4270061.0,0.014192049132708107,0.014092284802309885,1220.3600000000001,1254.23,1237.1245815404368,1275.297496218783,39.90243771330456,-38.17291467834616,-39.15350716589154,48.114738833336524,1254.23,43.6085590343318,1341.4471180686637,1167.0128819313363,725988.0
LICN,2022-10-23,1222.0,1229.9,1205.0,1219.9,-0.17 %,6646.0,8085982.0,-0.0017184942716856888,-0.001719972576848665,1214.36,1247.53,1234.4746459188311,1271.1939779803545,39.6012884327531,-36.719332061523346,-38.666672145017905,46.45654320238392,1247.53,37.3314189671836,1322.1928379343672,1172.8671620656328,719342.0
LICN,2022-10-31,1215.0,1229.0,1210.0,1229.0,0.75 %,3079.0,3741132.0,0.007459627838347416,0.007431942411342937,1215.1599999999999,1243.78,1233.6323927005494,1268.0684981299578,41.65615775562467,-34.43610542940837,-37.820558801896,44.49536154507078,1243.78,35.058081131597774,1313.8961622631955,1173.6638377368045,722421.0
LICN,2022-11-01,1230.0,1258.0,1200.0,1245.9,1.38 %,13496.0,16471211.5,0.013751017087062722,0.013657329738782795,1224.34,1238.275,1235.5197169004648,1266.4263871573685,45.3731582792198,-30.90667025690368,-36.43778109289754,45.45997857756572,1238.275,23.1213930330237,1284.5177860660474,1192.0322139339528,735917.0
LICN,2022-11-02,1240.0,1270.0,1231.0,1256.0,0.81 %,2651.0,3328652.9,0.008106589613933624,0.00807390772332636,1234.56,1236.835,1238.6705296850087,1265.6540621827485,47.52480520783067,-26.983532497739816,-34.546931373865995,44.99855153631103,1236.835,20.857291417181507,1278.549582834363,1195.120417165637,738568.0
LICN,2022-11-03,1232.0,1254.0,1230.0,1248.0,-0.64 %,3517.0,4340616.0,-0.006369426751592355,-0.00638979809877101,1239.76,1236.635,1240.105832810392,1264.3463538729152,45.97995369712552,-24.240521062523158,-32.48564931159743,43.641512140860236,1236.635,20.72296653723442,1278.080933074469,1195.189066925531,735051.0
LICN,2022-11-06,1250.0,1280.0,1230.0,1266.9,1.51 %,4988.0,6307511.3,0.015144230769230882,0.015030701678634718,1249.1599999999999,1237.48,1244.228012378024,1264.5355128452918,50.10632575649968,-20.3075004672678,-30.050019542731505,44.09568984508451,1237.48,21.621689889605985,1280.7233797792119,1194.2366202207882,740039.0
LICN,2022-11-07,1288.8,1354.9,1254.0,1324.0,4.51 %,14865.0,19460398.4,0.045070644881205935,0.044084485888945785,1268.1599999999999,1241.5300000000002,1256.500625858328,1268.9402896715665,60.03794813817554,-12.43966381323844,-26.527948396832894,48.15314057043562,1241.5300000000002,29.027792489960454,1299.5855849799211,1183.4744150200793,754904.0
LICN,2022-11-08,1298.0,1391.0,1298.0,1379.9,4.22 %,17156.0,23236315.5,0.04222054380664653,0.04135357526055523,1294.96,1250.025,1275.485144957047,1277.1595274736728,66.96976074870972,-1.674382516625883,-21.557235220791494,51.35648767254736,1250.025,41.49727797031405,1333.0195559406282,1167.030444059372,772060.0
LICN,2022-11-09,1380.0,1386.0,1322.1,1342.0,-2.75 %,8523.0,11458121.7,-0.02746575838828902,-0.027849994225881657,1312.16,1255.8700000000001,1285.7181995790397,1281.962525438586,59.4414041831173,3.7556741404537206,-16.49465334854245,52.252452838793985,1255.8700000000001,45.810434343444236,1347.4908686868887,1164.2491313131115,763537.0
LICN,2022-11-10,1368.0,1368.0,1265.0,1322.0,-1.49 %,9266.0,11989319.0,-0.014903129657228065,-0.015015297119995554,1326.96,1259.72,1291.3000150284183,1284.928264294987,55.872035602130474,6.371750733431327,-11.921372532147695,55.87727763602299,1259.72,48.03063276918928,1355.7812655383786,1163.6587344616214,754271.0
LICN,2022-11-13,1339.9,1339.9,1287.0,1300.0,-1.66 %,3412.0,4430600.0,-0.016641452344931973,-0.016781476962003543,1333.58,1262.72,1292.6384742548155,1286.044689162025,52.161554448970065,6.59378509279054,-8.21834100716005,55.664614947735636,1262.72,48.6044680640338,1359.9289361280676,1165.5110638719325,750859.0
LICN,2022-11-14,1300.0,1324.7,1290.0,1324.0,1.85 %,5933.0,7701412.2,0.01846153846153853,0.018293193047325483,1333.58,1264.67,1297.463324369459,1288.8561936685417,55.623809052573144,8.607130700917423,-4.853246665544555,54.16714245146881,1264.67,50.298206518181004,1365.266413036362,1164.073586963638,756792.0
LICN,2022-11-15,1300.0,1325.9,1284.0,1284.6,-2.98 %,3564.0,4605228.0,-0.02975830815709979,-0.0302100716732615,1314.52,1265.65,1295.484351389542,1288.5409200634645,49.31392761549932,6.9434313260776435,-2.4939110672201155,53.29091799064962,1265.65,50.495528723351875,1366.6410574467038,1164.6589425532964,753228.0
LICN,2022-11-16,1286.5,1305.0,1275.3,1290.0,0.42 %,2534.0,3258838.1,0.00420364315740307,0.0041948325320256726,1304.1200000000001,1268.7,1294.6406050219202,1288.6490000587635,50.14860757818833,5.99160496315676,-0.7968078611447404,51.60585241988893,1268.7,50.005168153936864,1368.7103363078738,1168.6896636921263,755762.0
LICN,2022-11-17,1315.0,1339.0,1300.1,1310.0,1.55 %,4425.0,5801220.4,0.015503875968992276,0.015384918839479456,1301.72,1272.2,1297.0035888647017,1290.2305556099661,53.22117603052033,6.773033254735537,0.7171603620313152,51.41972010418258,1272.2,50.3392804665799,1372.8785609331599,1171.5214390668402,760187.0
LICN,2022-11-22,1336.0,1336.0,1279.9,1304.9,-0.39 %,5143.0,6631308.3,-0.0038931297709923207,-0.003900727726996015,1302.7,1274.95,1298.2184213470553,1291.317181120339,52.335358358856034,6.901240226716254,1.953976334968303,51.75402581102668,1274.95,50.5587568551197,1376.0675137102394,1173.8324862897607,755044.0
LICN,2022-11-23,1304.0,1322.0,1282.1,1322.0,1.31 %,1900.0,2465216.7,0.013104452448463366,0.013019331943430312,1302.3,1279.8,1301.8771257552007,1293.5899825188324,55.03757531010388,8.287143236368365,3.2206097152483157,50.90730968166764,1279.8,50.16594567295082,1380.1318913459015,1179.4681086540984,756944.0
LICN,2022-11-24,1300.0,1343.0,1297.0,1335.0,0.98 %,4887.0,6501427.1,0.009833585476550777,0.009785550422718404,1312.3799999999999,1286.55,1306.972952562093,1296.657391221141,57.0319267313981,10.315561340951945,4.639600040389041,50.556787561548525,1286.55,47.89438490325861,1382.3387698065171,1190.7612301934828,761831.0
LICN,2022-11-27,1360.0,1360.9,1311.0,1358.0,1.72 %,12274.0,16448889.7,0.017228464419475564,0.017081737284291444,1325.98,1294.205,1314.8232675525403,1301.2012881677233,60.3802889618784,13.621979384816996,6.436075909274632,50.50987416429507,1294.205,46.368075167459885,1386.9411503349197,1201.4688496650801,774105.0
LICN,2022-11-28,1350.0,1382.0,1325.0,1325.0,-2.43 %,3591.0,4815967.0,-0.024300441826215047,-0.024600569698318878,1328.98,1299.355,1316.3889186983033,1302.9641557108548,53.8913137832535,13.424762987448503,7.833813324909407,50.973454581131136,1299.355,43.561384094274594,1386.4777681885491,1212.232231811451,770514.0
LICN,2022-11-29,1326.1,1374.0,1313.0,1352.0,2.04 %,7298.0,9818561.4,0.02037735849056599,0.02017251818258677,1338.4,1305.96,1321.867546590872,1306.5964404730137,57.87978122916689,15.27110611785838,9.321271883499202,51.68963639676463,1305.96,40.80774436303027,1387.5754887260605,1224.3445112739396,777812.0
LICN,2022-11-30,1377.0,1377.0,1331.0,1359.0,0.52 %,6211.0,8367080.9,0.005177514792899407,0.00516415754823431,1345.8,1312.46,1327.580231730738,1310.478185623161,58.873054432587075,17.102046107577053,10.877426728314774,51.283233796995724,1312.46,38.17243976867603,1388.804879537352,1236.115120462648,784023.0
LICN,2022-12-01,1379.0,1440.0,1355.0,1428.0,5.08 %,14922.0,20864215.0,0.050772626931567366,0.04952572874838602,1364.4,1321.565,1343.029426849086,1319.1835052066306,67.10714145444575,23.845921642455323,13.471125711142884,53.69157424006746,1321.565,42.88712572124751,1407.339251442495,1235.7907485575051,798945.0
LICN,2022-12-04,1428.0,1499.0,1411.1,1499.0,4.97 %,25481.0,37212101.8,0.04971988795518212,0.04852335520306805,1392.6,1333.715,1367.0248996415344,1332.503245561695,73.07972720727791,34.521654079839436,17.681231384882196,56.13503322291979,1333.715,55.80924536687111,1445.333490733742,1222.0965092662577,824426.0
LICN,2022-12-05,1528.9,1528.9,1427.2,1445.0,-3.60 %,24440.0,35549668.4,-0.03602401601067373,-0.036688897556065116,1416.6,1343.565,1379.0210689274522,1340.836338483051,63.618180927777075,38.18473044440134,21.781931196786026,59.38967370699695,1343.565,57.25088162960497,1458.06676325921,1229.0632367407902,799986.0
LICN,2022-12-06,1417.0,1473.0,1417.0,1450.0,0.35 %,9494.0,13684991.3,0.0034602076124568004,0.0034542348680876036,1436.2,1352.7199999999998,1389.940904477075,1348.9225356324546,64.08188368753954,41.018368844620454,25.629218726352914,59.14755415649717,1352.7199999999998,58.960384559185876,1470.6407691183715,1234.799230881628,809480.0
LICN,2022-12-07,1469.0,1469.0,1415.2,1417.9,-2.21 %,5272.0,7513346.6,-0.022137931034482694,-0.022386652671107773,1447.98,1357.415,1394.2423037882943,1354.031977437458,58.892289255358705,40.21032635083634,28.5454402512496,58.76558600246166,1357.415,60.27696841291306,1477.9689368258262,1236.8610631741738,804208.0
LICN,2022-12-11,1417.9,1417.9,1392.0,1410.0,-0.56 %,6756.0,9466704.3,-0.005571620001410649,-0.0055871993712983984,1444.3799999999999,1358.92,1396.6665647439413,1358.177756886535,57.65480299861421,38.4888078574063,30.534113772480943,56.41804414514298,1358.92,61.23606264628504,1481.3921252925702,1236.44787470743,797452.0
LICN,2022-12-12,1420.0,1430.0,1386.0,1425.0,1.06 %,2082.0,2922212.0,0.010638297872340496,0.010582109330537008,1429.58,1363.0700000000002,1401.0255547833349,1363.1275526727177,59.39927725033692,37.8980021106172,32.0068914401082,55.53104099191849,1363.0700000000002,62.82099967366577,1488.7119993473316,1237.4280006526687,799534.0
LICN,2022-12-13,1411.0,1428.0,1400.0,1428.0,0.21 %,1444.0,2033801.4,0.002105263157894832,0.00210305019677889,1426.1799999999998,1368.3700000000001,1405.1754694320525,1367.9329191414054,59.75636282792136,37.24255029064716,33.05402321021599,53.56453806392431,1368.3700000000001,63.63979307914691,1495.649586158294,1241.0904138417063,800978.0
LICN,2022-12-14,1401.0,1428.0,1400.0,1419.9,-0.57 %,233.0,328923.0,-0.005672268907563005,-0.005688417319217683,1420.16,1374.3650000000002,1407.4407818271216,1371.7823325383383,58.26630049257702,35.65844928878323,33.574908425929436,51.73849963078686,1374.3650000000002,62.49737910293209,1499.3597582058644,1249.370241794136,800745.0
LICN,2022-12-15,1400.0,1418.0,1386.1,1386.1,-2.38 %,4970.0,6916930.1,-0.023804493274174332,-0.02409239836100474,1413.8,1377.47,1404.1575846229491,1372.8429004984614,52.39509503123504,31.314684124487712,33.12286356564109,50.457178228587814,1377.47,61.39637482868226,1500.2627496573646,1254.6772503426355,795775.0
LICN,2022-12-18,1381.2,1381.2,1355.0,1360.0,-1.88 %,2714.0,3719801.3,-0.01882981025899999,-0.01900934848920957,1403.8,1381.24,1397.3641100655723,1371.8915745356123,48.34409919166621,25.47253552995994,31.59279795850486,49.07452264083154,1381.24,57.59060961466093,1496.4212192293219,1266.0587807706781,793061.0
LICN,2022-12-19,1387.1,1414.0,1357.1,1360.0,0.00 %,4611.0,6347996.6,0.0,0.0,1390.8,1384.74,1391.6157854400997,1371.010717162604,48.34409919151198,20.605068277495775,29.395252022303044,49.633485309343584,1384.74,53.75298669791462,1492.2459733958292,1277.2340266041708,793061.0
LICN,2022-12-20,1387.2,1400.0,1361.1,1390.0,2.21 %,8955.0,12353947.0,0.022058823529411686,0.021819047394639673,1383.2,1388.74,1391.3672030646997,1372.4173307061149,53.17067545264229,18.9498723585848,27.306176089559397,48.94537921581904,1388.74,50.79364237049744,1490.3272847409949,1287.1527152590052,802016.0
LICN,2022-12-21,1407.0,1407.0,1371.0,1378.0,-0.86 %,1767.0,2432852.0,-0.008633093525179825,-0.00867057455113353,1374.8200000000002,1392.395,1389.3107102855151,1372.8308617649213,51.11337160998905,16.479848520593805,25.14091057576628,48.02070927183196,1392.395,46.925982871112076,1486.2469657422241,1298.5430342577758,800249.0
LICN,2022-12-22,1356.0,1398.0,1356.0,1374.0,-0.29 %,1703.0,2322800.0,-0.002902757619738794,-0.0029069787913092726,1372.4,1394.9950000000001,1386.9552163954359,1372.9174645971495,50.41315315894971,14.037751798286308,22.92027882027029,47.590658609558254,1394.9950000000001,44.18062775040567,1483.3562555008114,1306.6337444991889,798546.0
LICN,2022-12-26,1401.0,1429.0,1370.0,1410.1,2.63 %,16242.0,22930438.8,0.026273653566230015,0.025934430060889812,1382.4199999999998,1398.75,1390.5159523345994,1375.6717264788422,56.23969956505341,14.844225855757259,21.305068227367684,48.40561156601838,1398.75,41.948207414167726,1482.6464148283355,1314.8535851716645,814788.0
LICN,2022-12-27,1415.0,1499.0,1415.0,1489.0,5.60 %,27609.0,40534207.9,0.055953478476703955,0.054444129840824716,1408.22,1405.3,1405.6673442831227,1384.0664134063354,65.72030633772782,21.600930876787288,21.364240757251608,51.29806788273136,1405.3,45.340721792120625,1495.981443584241,1314.6185564157588,842397.0
LICN,2022-12-28,1515.0,1515.0,1449.0,1472.0,-1.14 %,8647.0,12665597.3,-0.011417058428475513,-0.011482733395187465,1424.6200000000001,1412.65,1415.8723682395655,1390.5800124132734,62.5746527920336,25.292355826292123,22.14986377105971,52.348205891107696,1412.65,43.51659695478552,1499.6831939095712,1325.616806090429,833750.0
LICN,2022-12-29,1447.0,1560.0,1447.0,1517.0,3.06 %,13036.0,19407812.2,0.030570652173913082,0.03011268005971074,1452.42,1420.9,1431.4304654334785,1399.9444559382162,67.06807022665713,31.48600949526235,24.01709291590024,56.680476898885715,1420.9,46.92067213588459,1514.7413442717693,1327.0586557282309,846786.0
LICN,2023-01-01,1547.0,1595.0,1540.0,1550.2,2.19 %,29922.0,46716980.5,0.021885299934080393,0.021649254498878764,1487.66,1430.46,1449.7027015206359,1411.074496239089,69.93599657186545,38.6282052815468,26.939315389029552,58.20329997753674,1430.46,52.75985714835472,1535.9797142967095,1324.9402857032906,876708.0
LICN,2023-01-02,1560.0,1560.0,1500.0,1540.0,-0.66 %,27691.0,42338233.9,-0.006579796155334772,-0.006601538439736174,1513.6399999999999,1436.06,1463.5945935943842,1420.6245335547121,67.97732484725543,42.970060039672035,30.14546431915805,58.33163569342697,1436.06,58.15324944533765,1552.3664988906753,1319.7535011093246,849017.0
LICN,2023-01-03,1560.0,1560.0,1500.0,1519.0,-1.36 %,18733.0,28335978.9,-0.013636363636363669,-0.01373019281190202,1519.6399999999999,1437.06,1472.118502272171,1427.911605143252,64.0029856841869,44.20689712891908,32.95775088111026,58.4508045724679,1437.06,59.4500267805622,1555.9600535611244,1318.1599464388755,830284.0
LICN,2023-01-04,1549.3,1549.3,1491.0,1535.0,1.05 %,28123.0,42693311.0,0.010533245556286985,0.010478157425524628,1532.24,1441.56,1481.7925788456832,1435.8440788363444,65.65078038793493,45.948500009338886,35.555900706755985,58.44003281729162,1441.56,63.36029306151575,1568.2805861230315,1314.8394138769684,858407.0
LICN,2023-01-05,1529.9,1579.0,1526.0,1576.0,2.67 %,31755.0,49267634.2,0.026710097719869763,0.026359610396526963,1544.04,1447.8600000000001,1496.2860282540398,1446.225998922541,69.50324619759843,50.060029331498754,38.45672643170454,58.05145904462794,1447.8600000000001,70.14462053124792,1588.149241062496,1307.5707589375043,890162.0
LICN,2023-01-08,1600.0,1733.0,1600.0,1635.0,3.74 %,50777.0,84237958.0,0.0374365482233503,0.03675281291352937,1561.0,1458.715,1517.6266392918797,1460.2092582616121,74.01900321838774,57.41738103026751,42.248857351417136,65.11921197001166,1458.715,81.1925085667856,1621.100017133571,1296.3299828664287,940939.0
LICN,2023-01-09,1630.0,1665.0,1630.0,1648.7,0.84 %,21066.0,34677079.5,0.008379204892966285,0.008344294235779039,1582.7400000000002,1470.65,1537.7917717085134,1474.1715354274186,74.94667750656603,63.620236281094776,46.52313313735267,62.967839686439405,1470.65,90.64810794320749,1651.946215886415,1289.353784113585,962005.0
LICN,2023-01-10,1680.0,1713.6,1599.0,1615.0,-2.04 %,22733.0,36875752.9,-0.0204403469400134,-0.020652141910376023,1601.94,1480.15,1549.6699606764344,1484.603273543906,68.47024819237006,65.06668713252839,50.23184393638782,66.65585113740802,1480.15,95.44149765004445,1671.032995300089,1289.2670046999112,939272.0
LICN,2023-01-12,1620.0,1622.0,1558.2,1558.4,-3.50 %,13955.0,21973017.4,-0.03504643962848286,-0.03567530276848615,1606.6200000000001,1486.67,1551.0130436492905,1490.069697725839,59.21503459394991,60.94334592345149,52.37414433380056,66.45186177045031,1486.67,96.14291500293935,1678.9558300058789,1294.3841699941213,925317.0
LICN,2023-01-17,1589.0,1589.3,1541.0,1563.0,0.30 %,7402.0,11579773.8,0.0029517453798766358,0.002947397533205795,1604.02,1493.825,1552.857190780169,1495.4719423387398,59.691907745228185,57.38524844142921,53.3763651553263,65.15530021541814,1493.825,96.23706953472178,1686.2991390694435,1301.3508609305566,932719.0
LICN,2023-01-18,1579.7,1650.0,1536.3,1551.0,-0.77 %,24466.0,38263051.9,-0.007677543186180413,-0.007707167244937778,1587.22,1502.0700000000002,1552.5714691216817,1499.5851317951294,57.79349843177765,52.9863373265523,53.2983595895715,68.6227787714597,1502.0700000000002,93.54835563549257,1689.1667112709854,1314.973288729015,908253.0
LICN,2023-01-19,1550.0,1560.0,1520.0,1530.0,-1.35 %,9809.0,15049925.8,-0.013539651837524147,-0.013632148790057644,1563.48,1510.5700000000002,1549.098935410654,1501.8380849954901,54.525393891090026,47.26085041516376,52.09085775468996,66.5782945734983,1510.5700000000002,87.48708235474959,1685.5441647094995,1335.5958352905009,898444.0
LICN,2023-01-23,1560.5,1564.0,1520.0,1520.0,-0.65 %,5922.0,9119848.4,-0.006535947712418277,-0.006557400546159052,1544.48,1518.5700000000002,1544.6221761167071,1503.1834120328613,52.98877480752225,41.438764083845854,49.960439020521136,64.96555924681985,1518.5700000000002,79.98796027823867,1678.5459205564775,1358.5940794435228,892522.0
LICN,2023-01-24,1550.0,1550.0,1512.0,1538.0,1.18 %,8429.0,12899665.2,0.011842105263157876,0.011772536225267194,1540.4,1525.97,1543.60337979106,1505.7624185489456,55.42392857503174,37.84096124211442,47.536543464839795,63.039447872047006,1525.97,74.0964812006294,1674.162962401259,1377.7770375987411,900951.0
LICN,2023-01-25,1534.0,1580.0,1534.0,1570.0,2.08 %,11846.0,18507066.3,0.02080624187256186,0.020592748276764546,1541.8,1535.5700000000002,1547.6643982847431,1510.5207579156904,59.44575478063527,37.14364036905272,45.45796284568238,61.82234445261508,1535.5700000000002,65.90096317481178,1667.3719263496237,1403.7680736503767,912797.0
LICN,2023-01-26,1570.0,1580.0,1518.0,1549.0,-1.34 %,10883.0,16741351.4,-0.013375796178343946,-0.013466057925485107,1541.4,1544.3200000000002,1547.8698754717059,1513.3710721441578,55.882465607327894,34.4988033275481,43.266130942055526,61.835034134571146,1544.3200000000002,53.832123064985346,1651.9842461299709,1436.6557538700295,901914.0
LICN,2023-01-29,1574.9,1574.9,1519.0,1539.3,-0.63 %,10343.0,15740680.5,-0.006262104583602324,-0.006281793800839826,1543.26,1550.7800000000002,1546.5514330914434,1515.2917334668127,54.26444983851153,31.259699624630684,40.86484467857056,61.41110312495893,1550.7800000000002,43.67078512786041,1638.121570255721,1463.4384297442793,891571.0
LICN,2023-01-30,1545.0,1570.0,1516.0,1523.9,-1.00 %,6769.0,10330759.5,-0.010004547521600626,-0.010054929320213643,1544.04,1552.525,1543.0665972312215,1515.9293828396412,51.70484961421091,27.1372143915803,38.11931862117251,60.88173861603329,1552.525,41.72622392641642,1635.977447852833,1469.0725521471672,884802.0
LICN,2023-01-31,1523.0,1527.8,1485.7,1500.3,-1.55 %,6528.0,9838134.5,-0.015486580484283863,-0.015607750202847478,1536.5,1553.94,1536.4871207341105,1514.7716507774458,47.97056404959704,21.71546995666472,34.83854888827096,59.54018585774519,1553.94,39.2586617998544,1632.4573235997088,1475.4226764002913,878274.0
LICN,2023-02-01,1500.0,1526.0,1500.0,1516.9,1.11 %,3995.0,6048651.2,0.011064453775911476,0.011003690504658962,1525.8799999999999,1553.935,1533.4737175442474,1514.9293062754127,50.6693818883863,18.544411268834665,31.5797213643837,57.14445829647768,1553.935,39.26362016448063,1632.4622403289611,1475.4077596710388,882269.0
LICN,2023-02-02,1516.0,1528.7,1495.0,1500.0,-1.11 %,4614.0,6955943.6,-0.011141143120838581,-0.011203670507325268,1516.08,1551.425,1528.3239148451323,1513.8234317364931,47.942843938446465,14.500483108639173,28.1638737132348,55.469854132443565,1551.425,41.0776142775647,1633.5802285551295,1469.2697714448705,877655.0
LICN,2023-02-05,1500.0,1520.0,1493.0,1500.0,0.00 %,3078.0,4626249.0,0.0,0.0,1508.22,1549.425,1523.9663894843427,1512.7994738300863,47.942843938282074,11.1669156542564,24.76448210143912,53.436293122983315,1549.425,42.60839891258849,1634.641797825177,1464.2082021748229,877655.0
LICN,2023-02-06,1519.0,1519.0,1460.2,1470.0,-2.00 %,11701.0,17289595.2,-0.020000000000000018,-0.020202707317519466,1497.44,1546.975,1515.663868025213,1509.629142435265,43.16133743318264,6.034725589948039,21.01853079914091,53.81941504277022,1546.975,45.74335585921393,1638.4617117184278,1455.488288281572,865954.0
LICN,2023-02-07,1499.4,1529.0,1472.0,1529.0,4.01 %,9618.0,14427171.9,0.0401360544217686,0.03935152615628021,1503.1799999999998,1546.675,1517.7155806367189,1511.0640207733936,53.07361581579725,6.651559863325247,18.14513661197778,54.18945682542949,1546.675,45.84558608151298,1638.366172163026,1454.983827836974,875572.0
LICN,2023-02-08,1530.0,1560.0,1510.0,1524.9,-0.27 %,2957.0,4552631.0,-0.0026814911706997124,-0.002685092808095695,1504.7800000000002,1544.1200000000001,1518.8208759233776,1512.0889081235125,52.38987185257756,6.73196779986506,15.862502849555238,53.89020990932738,1544.1200000000001,45.54822314403117,1635.2164462880623,1453.023553711938,872615.0
LICN,2023-02-09,1501.0,1527.0,1501.0,1525.0,0.01 %,2715.0,4118039.0,6.557807069307309e-05,6.557592054539635e-05,1509.78,1538.6200000000001,1519.771510396704,1513.0452852995488,52.405977124628976,6.726225097155066,14.035247299075204,51.898052058661136,1538.6200000000001,40.34037549077012,1619.3007509815404,1457.9392490184598,875330.0
LICN,2023-02-12,1495.0,1518.0,1475.0,1489.0,-2.36 %,9831.0,14708088.5,-0.023606557377049198,-0.02388965635750303,1507.58,1530.635,1515.037431874134,1511.2641530551377,46.3299743486774,3.773278818996232,11.982853603059409,51.76247691161391,1530.635,32.435284150045376,1595.5055683000908,1465.7644316999092,865499.0
LICN,2023-02-14,1470.0,1497.0,1465.3,1473.7,-1.03 %,4393.0,6468679.7,-0.01027535258562795,-0.010328508464791745,1508.32,1523.5700000000002,1508.677826970421,1508.4816231992015,43.99534734294741,0.196203771219416,9.62552363669141,50.32944284649864,1523.5700000000002,28.20485400552716,1579.9797080110545,1467.1602919889458,861106.0
LICN,2023-02-15,1490.0,1490.0,1460.0,1471.8,-0.13 %,4125.0,6065442.0,-0.0012892719006583064,-0.0012901037267187324,1496.88,1519.24,1503.0043151288178,1505.7644659251864,43.70084272382469,-2.7601507963686345,7.148388750079402,48.877339786034455,1519.24,29.205972712865773,1577.6519454257316,1460.8280545742684,856981.0
LICN,2023-02-16,1444.0,1467.0,1436.9,1450.0,-1.48 %,5883.0,8499300.5,-0.014811795080853396,-0.014922585077878553,1481.9,1513.5900000000001,1494.8498051089996,1501.633764745543,40.36235748443521,-6.783959636543386,4.361919072754844,47.87895837274627,1513.5900000000001,31.159671979886213,1575.9093439597725,1451.2706560402278,851098.0
LICN,2023-02-20,1422.2,1456.0,1422.2,1454.0,0.28 %,1235.0,1779766.0,0.0027586206896552667,0.0027548226788446837,1467.7,1508.7400000000002,1488.565219707615,1498.1053377273547,41.249230394685824,-9.540118019739793,1.5815116542559169,46.873318488978676,1508.7400000000002,32.54841575899506,1573.8368315179903,1443.6431684820102,852333.0
LICN,2023-02-22,1454.0,1472.0,1440.0,1472.0,1.24 %,9242.0,13488001.5,0.012379642365887289,0.012303641195356952,1464.3,1505.8400000000001,1486.0167243679819,1496.1716090068098,45.19861690768527,-10.15488463882798,-0.7657676043608626,45.81093859690877,1505.8400000000001,33.13308729478046,1572.106174589561,1439.5738254104392,861575.0
LICN,2023-02-23,1442.6,1450.0,1414.0,1428.0,-2.99 %,4752.0,6793200.6,-0.029891304347826053,-0.030347156389291818,1455.16,1501.2400000000002,1477.0910744652153,1491.1218601914907,38.402771356904864,-14.030785726275326,-3.4187712287437555,46.68158583998671,1501.2400000000002,37.20044425313879,1575.6408885062779,1426.8391114937226,856823.0
LICN,2023-02-26,1410.0,1434.0,1400.0,1428.0,0.00 %,5062.0,7155823.1,0.0,0.0,1446.4,1495.7400000000002,1469.5386014705668,1486.4461668439728,38.402771356763544,-16.907565373405987,-6.1165300576762025,45.77575827998766,1495.7400000000002,39.537715505169245,1574.8154310103387,1416.6645689896618,856823.0
LICN,2023-02-27,1455.0,1455.0,1399.0,1425.0,-0.21 %,3980.0,5645175.2,-0.0021008403361344463,-0.0021030501967787877,1441.4,1488.4900000000002,1462.6865089366336,1481.8945989296044,37.95155393195423,-19.208089992970827,-8.734842044735128,46.50606125998855,1488.4900000000002,38.484267462230655,1565.4585349244614,1411.521465075539,852843.0
LICN,2023-02-28,1453.5,1453.5,1400.0,1408.0,-1.19 %,6455.0,9079366.2,-0.011929824561403457,-0.012001555984763138,1432.2,1481.44,1454.2731998694594,1476.420924934819,35.41238921456805,-22.14772506535951,-11.417418648860004,47.00562831284651,1481.44,39.71137183012926,1560.8627436602585,1402.0172563397416,846388.0
LICN,2023-03-01,1406.0,1408.0,1380.0,1380.0,-1.99 %,5635.0,7871712.5,-0.019886363636363646,-0.020086758566737344,1413.8,1473.475,1442.8465537356965,1469.2786341989063,31.655686400621804,-26.432080463209786,-14.420351011729961,45.64808343335748,1473.475,43.308159860763894,1560.0913197215277,1386.858680278472,840753.0
LICN,2023-03-02,1380.0,1397.9,1374.0,1383.0,0.22 %,3039.0,4188310.6,0.0021739130434783593,0.0021715535135079325,1404.8,1466.43,1433.6393916225124,1462.8876242582464,32.48213945713999,-29.248232635733984,-17.385927336530766,44.09464890240338,1466.43,46.04731091067527,1558.5246218213506,1374.3353781786495,843792.0
LICN,2023-03-05,1370.1,1385.0,1358.0,1379.0,-0.29 %,2490.0,3392410.6,-0.002892263195950817,-0.0028964538714563834,1395.0,1460.3650000000002,1425.2333313728952,1456.6737261650428,31.92775931547837,-31.440394792147572,-20.19682082765413,42.87360255223171,1460.3650000000002,49.22979708521795,1558.824594170436,1361.9054058295644,841302.0
LICN,2023-03-07,1400.0,1400.0,1362.0,1378.9,-0.01 %,2646.0,3637430.4,-7.251631617111176e-05,-7.251894560628601e-05,1385.78,1453.465,1418.1051265462959,1450.9127094120768,31.913095173318723,-32.80758286578089,-22.718973235279485,42.52548808421516,1453.465,50.54233530312785,1554.5496706062556,1352.3803293937442,838656.0
LICN,2023-03-09,1406.0,1418.9,1381.0,1418.0,2.84 %,2618.0,3648505.0,0.028355935890927553,0.02796134824437731,1387.78,1449.365,1418.0889532314811,1448.474730937108,42.946976790790316,-30.38577770562688,-24.252334129348963,42.345096078199795,1449.365,49.89045130661772,1549.1459026132354,1349.5840973867646,841274.0
LICN,2023-03-12,1439.9,1439.9,1374.0,1390.0,-1.97 %,9936.0,13842491.8,-0.019746121297602226,-0.019943680967335335,1389.78,1443.865,1413.7675758112532,1444.1432693862112,38.17586520354748,-30.37569357495795,-25.47700601847076,44.027589215471245,1443.865,50.077511235862794,1544.0200224717255,1343.7099775282745,831338.0
LICN,2023-03-13,1415.0,1415.0,1370.0,1388.0,-0.14 %,5854.0,8092989.0,-0.0014388489208633226,-0.0014398850579876432,1390.78,1439.7649999999999,1409.8033333787525,1439.9845086909363,37.85239300160872,-30.18117531218377,-26.41783987721336,44.09704712865187,1439.7649999999999,51.17001871983701,1542.1050374396739,1337.4249625603259,825484.0
LICN,2023-03-14,1390.0,1400.0,1377.0,1388.9,0.06 %,5272.0,7281076.1,0.0006484149855907617,0.0006482048554234521,1392.76,1432.76,1406.5874359358675,1436.2004710101262,38.106542942977995,-29.613035074258732,-27.056878916622434,42.59011519089103,1432.76,47.789014372926765,1528.3380287458535,1337.1819712541464,830756.0
LICN,2023-03-15,1415.0,1415.0,1362.1,1374.0,-1.07 %,8064.0,11038096.5,-0.010727914176686615,-0.010785873139878659,1391.78,1425.215,1401.5739842534265,1431.5930287130798,35.516959965817605,-30.019044459653287,-27.649312025228607,43.326535534398815,1425.215,44.25787203245345,1513.7307440649067,1336.699255935093,822692.0
LICN,2023-03-16,1360.0,1379.0,1360.0,1374.7,0.05 %,2886.0,3943056.5,0.0005094614264919972,0.0005093316950796857,1383.12,1417.7,1397.439525137515,1427.3787302898886,35.73790366652054,-29.939205152373688,-28.107290650657625,41.58892585337033,1417.7,38.8530565078075,1495.4061130156151,1339.993886984385,825578.0
LICN,2023-03-19,1402.0,1402.0,1360.0,1361.0,-1.00 %,4140.0,5637723.6,-0.009965810722339485,-0.010015801825908327,1377.3200000000002,1411.3,1391.833444347128,1422.4617873054524,33.330829598272814,-30.62834295832431,-28.611501112190965,41.61828829241531,1411.3,36.98765085522904,1485.275301710458,1337.3246982895419,821438.0
LICN,2023-03-20,1378.0,1378.0,1360.0,1360.0,-0.07 %,3834.0,5222216.8,-0.0007347538574578039,-0.0007350239213684315,1371.72,1405.615,1386.935991370647,1417.8349882457892,33.1552891042907,-30.898996875142302,-29.06900026478123,39.93126770009993,1405.615,35.60395121477512,1476.8229024295501,1334.4070975704499,817604.0
LICN,2023-03-22,1365.0,1365.0,1335.0,1336.0,-1.76 %,3131.0,4225147.1,-0.01764705882352946,-0.017804624633506707,1361.1399999999999,1398.825,1379.0996850059319,1411.7731372646197,29.182869547733333,-32.6734522586878,-29.789890663562545,39.22189143580708,1398.825,35.26508449173651,1469.355168983473,1328.294831016527,814473.0
LICN,2023-03-23,1310.1,1330.0,1310.1,1319.1,-1.26 %,6484.0,8572399.8,-0.012649700598802438,-0.012730389241716952,1350.16,1392.28,1369.8689642357886,1404.9084604302034,26.75222041520452,-35.03949619441482,-30.839811769733004,38.27032776182087,1392.28,37.352764993107726,1466.9855299862154,1317.5744700137845,807989.0
LICN,2023-03-26,1326.0,1326.0,1303.0,1304.2,-1.13 %,5240.0,6896155.4,-0.011295580319914955,-0.011359859895772081,1336.06,1384.79,1359.7660466610519,1397.4485744724107,24.791643670583625,-37.682527811358796,-32.20835497805817,37.17959006454796,1384.79,39.29381764682419,1463.3776352936484,1306.2023647063515,802749.0
LICN,2023-03-27,1305.0,1356.8,1300.0,1338.9,2.66 %,4202.0,5524120.5,0.02660634871952161,0.026258555344232073,1331.64,1378.135,1356.5558856362745,1393.1116430300099,36.46884240015365,-36.55575739373535,-33.07783546119361,38.58104791708024,1378.135,34.75523852977902,1447.645477059558,1308.624522940442,806951.0
LICN,2023-03-28,1360.0,1387.0,1338.3,1345.9,0.52 %,6647.0,9019434.4,0.005228172380312257,0.0052145529363361014,1328.8200000000002,1374.03,1354.9165186153093,1389.6144842870463,38.54187036988816,-34.69796567173694,-33.40186150330228,39.30383020871737,1374.03,33.37676626508994,1440.7835325301799,1307.27646746982,813598.0
LICN,2023-03-29,1329.9,1360.0,1329.9,1355.0,0.68 %,2110.0,2843975.2,0.006761274983282384,0.006738520074131142,1332.6200000000001,1370.3799999999999,1354.9293619052619,1387.0504484139317,41.22675777703217,-32.121086508669805,-33.14570650437578,38.646413765237554,1370.3799999999999,31.07638467082622,1432.5327693416523,1308.2272306583475,815708.0
LICN,2023-03-30,1382.1,1382.1,1343.0,1346.0,-0.66 %,1240.0,1673236.2,-0.006642066420664228,-0.006664223109128182,1338.0,1366.4299999999998,1353.555613919837,1384.009674457344,39.39376792150243,-30.454060537507075,-32.60737731100204,38.6788127820063,1366.4299999999998,28.698140412864895,1423.8262808257296,1309.0337191742701,814468.0
LICN,2023-04-02,1346.0,1389.9,1320.0,1342.0,-0.30 %,11785.0,15801697.6,-0.002971768202080227,-0.002976192673046001,1345.56,1363.1299999999999,1351.777827162939,1380.897846719763,38.57291470922208,-29.12001955682399,-31.90990576016643,40.90889758329157,1363.1299999999999,27.43321267903803,1417.9964253580758,1308.263574641924,802683.0
LICN,2023-04-03,1361.5,1361.5,1290.0,1345.0,0.22 %,8760.0,11516813.5,0.0022354694485842153,0.0022329745043123913,1346.78,1361.3799999999999,1350.7350845224869,1378.2387469627436,39.58962094533691,-27.503662440256676,-31.02865709618448,43.09397632734217,1361.3799999999999,27.416756305485443,1416.2135126109708,1306.546487389029,811443.0
LICN,2023-04-04,1318.2,1355.0,1293.0,1309.0,-2.68 %,4416.0,5821444.9,-0.026765799256505574,-0.02713052612603955,1339.4,1357.6799999999998,1344.3143022882582,1373.1099508914292,32.613699603072305,-28.795648603171003,-30.58205539758179,44.44440658967488,1357.6799999999998,29.27575968718358,1416.231519374367,1299.1284806256326,807027.0
LICN,2023-04-05,1308.0,1335.0,1290.0,1320.0,0.84 %,1996.0,2612423.7,0.008403361344537785,0.00836824967051658,1332.4,1354.73,1340.573640397757,1369.175880455027,36.30677631973174,-28.602240057270137,-30.18609232951946,44.48409183326953,1354.73,29.978520380583742,1414.6870407611675,1294.7729592388325,809023.0
LICN,2023-04-06,1301.0,1335.8,1293.0,1315.0,-0.38 %,8784.0,11439328.6,-0.0037878787878787845,-0.0037950709685516094,1326.2,1351.535,1336.6392341827175,1365.1628522731733,35.358207258306365,-28.523618090455784,-29.85359748170673,44.36379955946457,1351.535,30.6642647323799,1412.86352946476,1290.2064705352402,800239.0
LICN,2023-04-09,1335.0,1335.0,1274.2,1285.0,-2.28 %,2788.0,3591632.0,-0.02281368821292773,-0.023077947282544725,1314.8,1344.885,1328.6947366161455,1359.2248632159012,30.25126709115466,-30.530126599755704,-29.988903305316523,45.53781387664567,1344.885,29.903797945703154,1404.6925958914062,1285.0774041085938,797451.0
LICN,2023-04-10,1261.0,1286.0,1253.0,1268.3,-1.30 %,9139.0,11591562.9,-0.012996108949416385,-0.01308129725593633,1299.46,1338.8,1319.4032386752,1352.4896881628715,27.840641971907402,-33.086449487671416,-30.608412541787505,44.64225574259955,1338.8,32.50899470670484,1403.8179894134096,1273.7820105865903,788312.0
LICN,2023-04-11,1245.0,1289.0,1245.0,1270.0,0.13 %,11020.0,13927376.6,0.0013403768824411522,0.0013394793792531603,1291.66,1332.9,1311.802740417477,1346.3793408915478,28.46555339423351,-34.5766004740708,-31.402050128244166,44.59638033241387,1332.9,33.79229124174396,1400.484582483488,1265.315417516512,799332.0
LICN,2023-04-12,1270.0,1330.0,1270.0,1330.0,4.72 %,9113.0,11872331.3,0.04724409448818889,0.04616204176316241,1293.66,1329.955,1314.602318814788,1345.1660563810628,46.1808874676405,-30.563737566274767,-31.234387615850288,45.6966388800986,1329.955,31.115582066977776,1392.1861641339556,1267.7238358660443,808445.0
LICN,2023-04-13,1330.0,1355.0,1310.0,1333.9,0.29 %,7629.0,10168220.6,0.002932330827067675,0.0029280399311989243,1297.44,1327.95,1317.5711928432822,1344.3315336861695,47.09796186479151,-26.760340842887217,-30.339578261257675,45.646878960091556,1327.95,29.371136924009654,1386.6922738480193,1269.2077261519808,816074.0
LICN,2023-04-16,1320.0,1337.0,1311.0,1322.0,-0.89 %,1542.0,2034949.3,-0.008921208486393328,-0.008961240735366818,1304.84,1325.315,1318.2525477904696,1342.6773460057125,44.60063103712116,-24.424798215242845,-29.15662225205471,44.243530462942154,1325.315,27.243140614193127,1379.8012812283864,1270.8287187716137,814532.0
LICN,2023-04-17,1310.0,1311.0,1290.0,1292.0,-2.27 %,3807.0,4945674.0,-0.0226928895612708,-0.022954336069084435,1309.58,1321.865,1314.2136942842435,1338.9234685238077,38.988029315446276,-24.70977423956424,-28.267252649556617,43.368992572732,1321.865,26.852428587578395,1375.5698571751568,1268.1601428248432,810725.0
LICN,2023-04-18,1292.0,1300.0,1275.1,1285.0,-0.54 %,972.0,1252079.0,-0.005417956656346701,-0.005432687013226937,1312.58,1318.115,1309.719279778975,1334.9291375220444,37.79295332438635,-25.20985774306928,-27.65577366825915,42.04977881753686,1318.115,26.480882379129575,1371.076764758259,1265.153235241741,809753.0
LICN,2023-04-19,1310.7,1310.7,1284.5,1299.7,1.14 %,1408.0,1813089.0,0.011439688715953356,0.01137475025822261,1306.52,1316.3,1308.177852120671,1332.319571779671,41.825686453246625,-24.14171965899982,-26.952962866407287,40.91765175914137,1316.3,26.434487043661303,1369.1689740873226,1263.4310259126773,811161.0
LICN,2023-04-20,1300.0,1301.0,1292.0,1301.0,0.10 %,1111.0,1443891.0,0.0010002308224974499,0.0009997309249624913,1299.94,1315.395,1307.0735671790294,1329.9996034996955,42.182654014711964,-22.92603632066607,-26.147577557259044,38.63781949063128,1315.395,26.642595001602,1368.680190003204,1262.109809996796,812272.0
LICN,2023-04-23,1296.0,1296.0,1280.0,1284.0,-1.31 %,1250.0,1606933.0,-0.013066871637202104,-0.013152994262598743,1292.3400000000001,1314.385,1303.523787613025,1326.592225462681,38.82739542740353,-23.068437849655993,-25.531749615738434,37.377975241300476,1314.385,27.4596790527956,1369.3043581055913,1259.4656418944087,811022.0
LICN,2023-04-24,1290.0,1297.8,1277.0,1297.8,1.07 %,1735.0,2227278.0,0.010747663551401887,0.010690317937161619,1293.5,1312.33,1302.6432049033288,1324.4594680210007,42.80451536616858,-21.81626311767195,-24.788652316125138,36.19383415263615,1312.33,27.063533437147218,1366.4570668742945,1258.2029331257054,812757.0
LICN,2023-04-25,1283.0,1300.0,1280.0,1297.0,-0.06 %,2882.0,3712961.0,-0.0006164278008937707,-0.0006166178706241524,1295.9,1309.885,1301.7750195335857,1322.4254333527786,42.63147887526104,-20.650413819192863,-23.961004616738684,35.03713171316214,1309.885,26.061430970091383,1362.0078619401827,1257.7621380598173,809875.0
LICN,2023-04-26,1285.0,1293.0,1272.0,1293.0,-0.31 %,2705.0,3457885.1,-0.0030840400925211675,-0.0030888055445863673,1294.56,1306.785,1300.4250165284186,1320.2457716229433,41.72327941701608,-19.820755094524657,-23.13295471229588,34.320193733650555,1306.785,24.02006343386127,1354.8251268677227,1258.7448731322775,807170.0
LICN,2023-04-27,1293.0,1300.0,1268.1,1299.0,0.46 %,2585.0,3332046.5,0.004640371229698292,0.004629637898741976,1294.1599999999999,1304.435,1300.2057832163541,1318.6720107619844,43.66205604528917,-18.466227545630318,-22.19960927896277,34.14732275267552,1304.435,22.212662936602843,1348.8603258732057,1260.0096741267942,809755.0
LICN,2023-04-30,1299.0,1309.0,1278.0,1278.0,-1.62 %,4705.0,6067986.6,-0.0161662817551963,-0.01629838173311942,1292.9599999999998,1301.2350000000001,1296.7895088753764,1315.6592692240597,38.79704284192006,-18.869760348683258,-21.533639492906868,33.92251398462727,1301.2350000000001,21.09817340555588,1343.4313468111118,1259.0386531888885,805050.0
LICN,2023-05-02,1270.1,1280.0,1268.5,1280.0,0.16 %,2425.0,3082137.0,0.0015649452269170805,0.0015637219761827589,1289.4,1297.9850000000001,1294.2065075099338,1313.0178418741293,39.48857535301652,-18.811334364195545,-20.989178467164606,32.320905842868186,1297.9850000000001,18.892807737570063,1335.7706154751402,1260.19938452486,807475.0
LICN,2023-05-03,1280.0,1280.0,1260.0,1270.0,-0.78 %,3408.0,4307098.0,-0.0078125,-0.007843177461025893,1284.0,1296.035,1290.4824294314824,1309.8313350686383,37.223846896669954,-19.348905637155895,-20.661123901162863,31.44084113980617,1296.035,19.691843756351734,1335.4186875127036,1256.6513124872965,804067.0
LICN,2023-05-04,1293.9,1293.9,1259.0,1271.5,0.12 %,2005.0,2536730.0,0.0011811023622048111,0.001180405409537456,1279.7,1293.6100000000001,1287.5620556727927,1306.9919769154058,37.80009608577924,-19.42992124261309,-20.41488336945291,31.687923915534306,1293.6100000000001,19.57124367396234,1332.752487347925,1254.4675126520754,806072.0
LICN,2023-05-07,1261.0,1275.5,1260.8,1268.0,-0.28 %,4252.0,5374996.0,-0.002752654345261507,-0.0027564498650030985,1273.5,1291.26,1284.5525086462092,1304.1036823290794,36.947847594698985,-19.551173682870285,-20.242141432136386,30.474500778710432,1291.26,19.689067230808185,1330.6381344616163,1251.8818655383836,801820.0
LICN,2023-05-08,1268.0,1268.0,1244.6,1261.0,-0.55 %,3812.0,4783649.2,-0.005520504731861164,-0.005535799032251641,1270.1,1290.06,1280.9290457775617,1300.9108169713697,35.23671587965417,-19.981771193808072,-20.190067384470723,29.969179294516838,1290.06,20.791202592957067,1331.6424051859142,1248.4775948140857,798008.0
LICN,2023-05-09,1263.0,1271.8,1263.0,1271.8,0.86 %,2727.0,3459364.5,0.008564631245043586,0.00852816286838782,1268.46,1290.2350000000001,1279.5245771963982,1298.7544601586756,39.86412927722879,-19.229882962277316,-19.998030500032044,28.599952202051348,1290.2350000000001,20.612369178629667,1331.4597383572595,1249.0102616427407,800735.0
LICN,2023-05-10,1263.0,1270.0,1247.2,1270.0,-0.14 %,2340.0,2950126.0,-0.0014153168737222055,-0.0014163193806703746,1268.46,1290.2350000000001,1278.0592576277218,1296.624500146922,39.35936231388148,-18.565242519200183,-19.711472903865673,28.314241330476246,1290.2350000000001,20.612369178629667,1331.4597383572595,1249.0102616427407,798395.0
LICN,2023-05-11,1289.0,1289.9,1250.0,1275.0,0.39 %,2735.0,3456536.4,0.003937007874015741,0.003929278139889557,1269.16,1287.4850000000001,1277.5886026080723,1295.022685321224,41.57249849337923,-17.43408271315161,-19.25599486572286,29.14179552115652,1287.4850000000001,18.598423107980903,1324.681846215962,1250.2881537840383,801130.0
LICN,2023-05-14,1261.0,1262.9,1238.0,1262.9,-0.95 %,2933.0,3669406.2,-0.009490196078431268,-0.009535514940402024,1268.14,1283.935,1275.3288175914458,1292.6432271492813,37.96180000164147,-17.31440955783546,-18.867677804145384,29.703095841073914,1283.935,15.844882122372594,1315.6247642447452,1252.2452357552547,798197.0
LICN,2023-05-15,1240.2,1264.7,1239.0,1264.1,0.00 %,7174.0,8972493.0,0.0009501939979410512,0.000949742849387337,1268.76,1281.04,1273.6013071927619,1290.5289140271125,38.53198377585417,-16.927606834350627,-18.47966361018643,29.41716042385435,1281.04,13.663258453865726,1308.3665169077315,1253.7134830922685,805371.0
LICN,2023-05-16,1268.9,1278.0,1250.0,1273.0,0.70 %,2807.0,3549273.2,0.007040582232418435,0.0070159130558947085,1269.0,1280.09,1273.5087983938754,1289.23047595103,42.73569707279598,-15.721677557154635,-17.92806639958007,29.315934679293328,1280.09,13.520896108510303,1307.1317922170206,1253.0482077829793,808178.0
LICN,2023-05-17,1284.0,1284.0,1261.0,1274.9,0.15 %,3368.0,4274439.0,0.0014925373134329067,0.00149142458667012,1269.98,1279.585,1273.7228294102022,1288.1689592139167,43.62211985766948,-14.446129803714484,-17.231679080406956,28.864796487915232,1279.585,13.51647240643685,1306.6179448128737,1252.5520551871264,811546.0
LICN,2023-05-18,1278.0,1300.0,1269.0,1298.0,1.81 %,5467.0,7007921.0,0.018119068162208762,0.017956874119958697,1274.58,1279.5,1277.4577787317094,1288.8971844573302,53.12292661633898,-11.439405725620873,-16.07322440944974,29.017311024492717,1279.5,13.388054376875637,1306.2761087537513,1252.7238912462487,817013.0
LICN,2023-05-21,1286.1,1320.0,1286.1,1300.0,0.15 %,2189.0,2848754.0,0.0015408320493066618,0.0015396461855928362,1282.0,1279.45,1280.9258127729847,1289.7196152382687,53.848103569160486,-8.793802465283989,-14.61734002061659,29.366074522743244,1279.45,13.30514344542898,1306.060286890858,1252.8397131091422,819202.0
LICN,2023-05-22,1308.0,1319.0,1285.0,1316.0,1.23 %,4365.0,5726749.5,0.012307692307692353,0.012232568435634451,1292.3799999999999,1281.05,1286.321841577141,1291.6663104058043,59.275746906282436,-5.344468828663366,-12.762765782225946,29.697069199690155,1281.05,15.606189730133464,1312.2623794602669,1249.837620539733,823567.0
LICN,2023-05-23,1339.0,1377.0,1318.0,1373.0,4.33 %,12545.0,16899863.1,0.04331306990881467,0.042401293882708614,1312.3799999999999,1284.81,1299.6569428729654,1297.6910281535224,71.93737593132002,1.9659147194429352,-9.817029681892171,31.932992828283716,1284.81,25.66894293844513,1336.1478858768903,1233.4721141231096,836112.0
LICN,2023-05-24,1360.0,1387.0,1355.0,1374.8,0.13 %,6205.0,8521397.5,0.001310997815003656,0.0013101392077077836,1332.3600000000001,1288.7,1311.2174132002015,1303.4028038458541,72.23099155538233,7.81460935434734,-6.290701874644268,31.93777905483488,1288.7,32.57861746280368,1353.8572349256074,1223.5427650743927,842317.0
LICN,2023-05-28,1390.0,1390.0,1343.0,1358.0,-1.22 %,14856.0,20215504.3,-0.012219959266802416,-0.012295236857037354,1344.36,1291.95,1318.4147342463243,1307.447040598013,65.35763787636743,10.967693648311297,-2.839022770053156,33.01365197948953,1291.95,36.08375491019873,1364.1175098203976,1219.7824901796025,827461.0
LICN,2023-05-30,1332.0,1358.0,1283.0,1308.0,-3.68 %,13136.0,17014455.9,-0.03681885125184092,-0.037513776101497406,1345.9599999999998,1292.4,1316.8124674391975,1307.488000553716,50.08273227692541,9.32446688548157,-0.40632483894621085,36.01267683809742,1292.4,36.232117186105945,1364.864234372212,1219.9357656277882,814325.0
LICN,2023-05-31,1283.1,1315.0,1257.4,1272.0,-2.75 %,8635.0,10999188.3,-0.02752293577981646,-0.0279087881170765,1337.1599999999999,1292.1,1309.9182416793208,1304.8592597719592,42.39925827402617,5.058981907361613,0.6867365103153538,37.55462849251903,1292.1,36.382152941103115,1364.864305882206,1219.3356941177938,805690.0
LICN,2023-06-01,1280.0,1299.0,1256.0,1285.0,1.02 %,4656.0,5945801.0,0.010220125786163603,0.010168253429252799,1319.56,1292.35,1306.0846660363482,1303.3882034925548,45.64232595480199,2.696462543793359,1.0886817170109548,37.94358360019624,1292.35,36.31174233739256,1364.9734846747851,1219.7265153252147,810346.0
LICN,2023-06-04,1310.0,1361.0,1301.0,1341.9,4.43 %,7934.0,10488942.0,0.04428015564202337,0.04332780177759196,1312.98,1295.9450000000002,1311.5947174153716,1306.240929159773,57.04268775789455,5.353788255598602,1.941703024728484,40.66189905732509,1295.9450000000002,37.52157940506886,1370.988158810138,1220.9018411898624,818280.0
LICN,2023-06-05,1358.5,1358.5,1308.0,1319.7,-1.65 %,6183.0,8175182.0,-0.01654370668455174,-0.016682082084128337,1305.3200000000002,1298.355,1312.841683966853,1307.2378973701602,52.42307421189145,5.603786596692771,2.6741197391213416,41.36462055323044,1298.355,37.41663681471897,1373.1882736294378,1223.5217263705622,812097.0
LICN,2023-06-06,1319.5,1340.0,1319.5,1334.9,1.15 %,8335.0,11087840.9,0.011517769189967497,0.011451944638903002,1310.7,1301.7,1316.2352710488756,1309.2869420094075,55.10402224941099,6.948329039468035,3.5289615991906804,39.87429051371398,1301.7,37.550261054504524,1376.800522109009,1226.599477890991,820432.0
LICN,2023-06-07,1321.0,1357.0,1321.0,1340.0,0.38 %,8366.0,11170584.7,0.0038205108996927084,0.003813231283270214,1324.3,1305.65,1319.8913831952025,1311.5619833420442,55.99991658632979,8.329399853158293,4.489049249984204,39.59755547702012,1305.65,37.19703581849645,1380.044071636993,1231.2559283630071,828798.0
LICN,2023-06-08,1339.8,1366.8,1325.3,1359.0,1.42 %,5182.0,6990552.9,0.014179104477611837,0.014079521206186557,1339.1,1310.01,1325.9080934728636,1315.0759105018928,59.261458347962034,10.832182970970734,5.757675994181509,39.73344437151869,1310.01,38.11960263776988,1386.2492052755397,1233.7707947244603,833980.0
LICN,2023-06-11,1341.0,1390.0,1320.0,1389.7,2.26 %,21338.0,28858575.1,0.022590139808682963,0.022338761341392673,1348.66,1315.9950000000001,1335.7222329385768,1320.6036208350858,63.91577839073299,15.118612103490932,7.629863216043394,41.8953412021245,1315.9950000000001,40.80909953994937,1397.6131990798988,1234.3768009201015,855318.0
LICN,2023-06-12,1390.0,1423.0,1380.0,1415.0,1.82 %,14463.0,20178001.7,0.01820536806505002,0.018041634584801732,1367.72,1322.9950000000001,1347.918812486488,1327.5959452176721,67.23771803622822,20.3228672688158,10.168464026597874,41.974245401972745,1322.9950000000001,45.180147887720125,1413.3552957754405,1232.6347042245598,869781.0
LICN,2023-06-13,1420.0,1494.0,1405.0,1489.9,5.29 %,12694.0,18476881.0,0.052932862190812724,0.05157947251595552,1398.72,1334.345,1369.7620721039514,1339.6184677941408,74.67176503849878,30.1436043098106,14.16349208324042,45.333227873260405,1334.345,56.40692823253181,1447.1588564650638,1221.5311435349363,882475.0
LICN,2023-06-14,1465.0,1515.0,1465.0,1480.0,-0.66 %,21224.0,31613079.0,-0.006644741257802567,-0.0066669158351327995,1426.72,1345.14,1386.721753318728,1350.0170998093895,72.33540308608332,36.704653509338414,18.67172436846002,45.66656873945609,1345.14,62.577727667265634,1470.2954553345314,1219.9845446654688,861251.0
LICN,2023-06-15,1480.0,1522.0,1460.0,1522.0,2.84 %,34521.0,51094438.8,0.02837837837837842,0.02798317166347044,1459.3200000000002,1357.5900000000001,1407.5337912696928,1362.7565738975827,75.79543266257568,44.777217372110044,23.89282296919003,46.83324240092352,1357.5900000000001,71.59046466937805,1500.7709293387563,1214.409070661244,895772.0
LICN,2023-06-18,1522.0,1629.0,1522.0,1619.0,6.37 %,39584.0,63344007.8,0.06373193166885671,0.061783415256003935,1505.1799999999998,1374.795,1440.0670541512784,1381.7375684236877,81.5383554444149,58.329485727590736,30.78015552087017,51.13086794371469,1374.795,89.72355481963632,1554.2421096392727,1195.3478903607274,935356.0
LICN,2023-06-19,1591.0,1627.0,1564.0,1597.4,-1.33 %,34710.0,55172997.3,-0.013341568869672527,-0.013431367194346448,1541.66,1389.7649999999999,1464.2721227433894,1397.7125633552664,77.14869490333359,66.55955938812303,37.93603629432074,51.978663090592214,1389.7649999999999,100.55883470307708,1590.882669406154,1188.6473305938457,900646.0
LICN,2023-06-20,1588.0,1597.0,1546.5,1547.9,-3.10 %,25897.0,40591288.3,-0.030987855264805297,-0.031478133903456745,1553.26,1402.16,1477.1379500136372,1408.8375586622838,68.10062002174745,68.30039135135348,44.00890730572729,51.90161572697849,1402.16,104.12687301657176,1610.4137460331435,1193.9062539668566,874749.0
LICN,2023-06-21,1570.0,1578.0,1550.0,1560.0,0.78 %,15378.0,24036783.0,0.00781704244460224,0.0077866476637507955,1569.26,1414.3600000000001,1489.8859577038468,1420.0347765391516,69.05598458002392,69.85118116469516,49.17736207752087,50.344357460765735,1414.3600000000001,107.73232618514253,1629.824652370285,1198.8953476297152,890127.0
LICN,2023-06-22,1547.0,1602.0,1547.0,1584.0,1.54 %,20614.0,32693738.0,0.01538461538461533,0.01526747213078838,1581.66,1424.91,1504.365041134024,1432.1803486473625,70.91654362595341,72.18469248666156,53.77882815934901,50.67690335642533,1424.91,113.6383594427557,1652.1867188855115,1197.6332811144887,910741.0
LICN,2023-06-25,1615.0,1742.4,1583.1,1742.4,10.00 %,67016.0,112363111.1,0.10000000000000009,0.09531017980432493,1606.3400000000001,1443.29,1540.9858040364818,1455.1595820808911,79.6243235312586,85.82622195559065,60.18830691859735,58.435695973823535,1443.29,133.15844499573856,1709.6068899914771,1176.9731100085228,977757.0
LICN,2023-06-26,1749.0,1800.0,1701.0,1733.8,-0.49 %,32425.0,55992109.3,-0.004935720844811864,-0.004947941744156115,1633.6200000000001,1462.0800000000002,1570.6495264924076,1475.7996130378624,78.254394348835,94.84991345454523,67.12062822578693,61.33314626140757,1462.0800000000002,146.35081356650517,1754.7816271330105,1169.3783728669898,945332.0
LICN,2023-06-27,1703.0,1729.9,1681.0,1710.0,-1.37 %,18593.0,31662802.9,-0.013727073480216845,-0.013822160937834473,1666.0400000000002,1482.18,1592.088060878191,1493.1477898498727,74.43752348703723,98.94027102831842,73.48455678629324,60.72363581416417,1482.18,151.58741303113786,1785.3548260622758,1179.0051739377243,926739.0
LICN,2023-06-28,1676.0,1710.0,1655.0,1665.0,-2.63 %,22351.0,37587143.5,-0.02631578947368418,-0.026668247082161294,1687.0400000000002,1501.8300000000002,1603.3052822815464,1505.8775831943265,67.71258430180461,97.42769908721993,78.27318524647859,60.31480468458102,1501.8300000000002,148.34547196537807,1798.5209439307564,1205.139056069244,904388.0
LICN,2023-07-02,1642.0,1688.0,1642.0,1648.0,-1.02 %,24615.0,40774176.5,-0.01021021021021018,-0.010262691945127163,1699.8400000000001,1519.98,1610.1813926997702,1516.4051696243764,65.31203434752717,93.77622307539377,81.37379281226163,59.29231863568238,1519.98,142.51189645632473,1805.0037929126495,1234.9562070873505,879773.0
LICN,2023-07-03,1625.0,1679.0,1600.0,1639.9,-0.49 %,14000.0,23009291.0,-0.004915048543689293,-0.004927167120017038,1679.3400000000001,1534.8799999999999,1614.7534861305749,1525.5529348373855,64.14515488128765,89.20055129318939,82.93914450844719,60.700010161705066,1534.8799999999999,138.43320486980593,1811.7464097396119,1258.013590260388,865773.0
LICN,2023-07-04,1671.0,1671.0,1592.0,1655.0,0.92 %,9726.0,15725685.5,0.009207878529178481,0.009165744461763206,1663.5800000000004,1551.645,1620.945257495102,1535.1416063309125,65.38667211979251,85.80365116418943,83.51204583959564,62.00715229301184,1551.645,131.11191874441292,1813.8688374888259,1289.421162511174,875499.0
LICN,2023-07-05,1670.0,1670.0,1580.0,1580.0,-4.53 %,26486.0,42445018.4,-0.0453172205438066,-0.04637616179015074,1637.5800000000002,1563.9,1614.6459871112402,1538.4644503064003,55.16866149300427,76.18153680483988,82.04594403264448,64.00664141493957,1563.9,120.83879648871712,1805.5775929774343,1322.222407022566,849013.0
LICN,2023-07-06,1570.2,1619.0,1570.2,1605.0,1.58 %,11402.0,18040106.4,0.015822784810126667,0.015698909543103833,1625.58,1577.15,1613.1619890941263,1543.3930095429632,57.54998496498944,69.76897955116306,79.59055113634821,62.92045274244388,1577.15,108.93866695482502,1795.0273339096502,1359.27266609035,860415.0
LICN,2023-07-09,1637.1,1643.0,1590.5,1612.0,0.44 %,13388.0,21603890.5,0.004361370716510882,0.00435188750245734,1618.3799999999999,1589.8,1612.9832215411839,1548.475008836077,58.219185536998246,64.50821270510687,76.57408345009995,62.17613468941217,1589.8,96.22060179881397,1782.2412035976279,1397.358796402372,873803.0
LICN,2023-07-10,1629.0,1640.0,1585.7,1600.0,-0.74 %,10977.0,17677770.5,-0.007444168734491274,-0.007472014838700954,1610.4,1600.315,1610.9858028425401,1552.2916748482194,56.57271720049922,58.69412799432075,72.9980923589441,61.61355364016845,1600.315,83.90546230885579,1768.1259246177117,1432.5040753822884,862826.0
LICN,2023-07-11,1570.0,1598.0,1570.0,1598.0,-0.13 %,7470.0,11865365.5,-0.0012499999999999734,-0.0012507819016526025,1599.0,1609.465,1608.9879870206107,1555.6774767113143,56.28700497026325,53.31051030929643,69.06057594901458,59.355442665870704,1609.465,71.72743199083395,1752.9198639816677,1466.010136018332,855356.0
LICN,2023-07-12,1586.1,1625.0,1586.1,1603.0,0.31 %,9237.0,14794042.4,0.0031289111389236623,0.003124026283332985,1603.6,1615.12,1608.0667582482092,1559.1828488067724,56.87340189774091,48.8839094414368,65.02524264749903,57.894339618308514,1615.12,66.03750608954016,1747.19501217908,1483.0449878209197,864593.0
LICN,2023-07-13,1615.0,1615.0,1565.0,1566.0,-2.31 %,6396.0,10127536.1,-0.02308172177167811,-0.02335227605880455,1595.8,1619.4199999999998,1601.5949492869463,1559.6878229692338,51.38056845112176,41.90712631771248,60.40161938154172,57.33045821700076,1619.4199999999998,59.22466235934745,1737.8693247186948,1500.970675281305,858197.0
LICN,2023-07-16,1545.1,1569.9,1538.0,1555.0,-0.70 %,4938.0,7667750.5,-0.007024265644955285,-0.007049051937413887,1584.4,1621.07,1594.426495550493,1559.3405768233647,49.83944969175884,35.08591872712827,55.338479250659034,55.51399691578643,1621.07,56.77679381392755,1734.623587627855,1507.516412372145,853259.0
LICN,2023-07-17,1527.0,1630.0,1527.0,1599.0,2.83 %,2870.0,4541058.0,0.028295819935691302,0.027902888220619707,1584.2,1620.07,1595.1301116196478,1562.2783118734858,55.57891036274565,32.85179974616199,50.841143349759626,58.90585427894454,1620.07,56.99089585649693,1734.0517917129937,1506.0882082870062,856129.0
LICN,2023-07-18,1630.0,1655.0,1580.0,1590.0,-0.56 %,5640.0,9044592.1,-0.0056285178236398226,-0.00564441761967707,1582.6,1619.7,1594.3408636781637,1564.3317702532277,54.212495100951,30.009093424936054,46.67473336479492,60.05543611616278,1619.7,57.16956312031938,1734.0391262406388,1505.3608737593613,850489.0
LICN,2023-07-19,1621.0,1653.0,1528.0,1590.0,0.00 %,15408.0,24730650.2,0.0,0.0,1580.0,1621.8049999999998,1593.6730384969078,1566.2331206048405,54.21249510079152,27.439917892067342,42.8277702702494,64.69433353643687,1621.8049999999998,55.12523994457658,1732.055479889153,1511.5545201108466,850489.0
LICN,2023-07-20,1568.5,1585.0,1568.5,1580.0,-0.63 %,2755.0,4350120.0,-0.0062893081761006275,-0.006309169193264721,1582.8,1622.8049999999998,1591.569494112768,1567.2528894489262,52.54772803043394,24.316604663841872,39.1255371489679,61.60902399811995,1622.8049999999998,54.11724576762441,1731.0394915352485,1514.5705084647511,847734.0
LICN,2023-07-23,1562.0,1608.0,1562.0,1575.1,-0.31 %,7183.0,11381502.5,-0.0031012658227849155,-0.003106084713322843,1586.8200000000002,1622.3600000000001,1589.035725787727,1567.834156897154,51.70979813239294,21.20156889057307,35.540743497288936,60.49409371253996,1622.3600000000001,54.48844783408862,1731.3368956681775,1513.3831043318228,840551.0
LICN,2023-07-24,1590.0,1653.0,1550.1,1551.0,-1.53 %,14278.0,22372044.5,-0.015300615833915288,-0.015418878131150908,1577.22,1612.7900000000002,1583.1840756665383,1566.5871823121795,47.68246044472851,16.596893354358826,31.751973468702914,63.523087018787116,1612.7900000000002,48.8077744022916,1710.4055488045833,1515.174451195417,826273.0
LICN,2023-07-25,1577.9,1581.0,1541.0,1550.0,-0.06 %,2746.0,4280446.3,-0.0006447453255964408,-0.0006449532632465692,1569.22,1603.6,1578.0788332563018,1565.358502140907,47.51708818357643,12.720331115394856,27.945644998041303,61.84286651744518,1603.6,41.59442017234244,1686.7888403446848,1520.411159655315,823527.0
LICN,2023-07-26,1550.1,1570.0,1531.0,1561.0,0.71 %,4650.0,7142633.5,0.007096774193548372,0.0070717106021397445,1563.42,1596.15,1575.45132044764,1565.0356501304693,49.588245961573584,10.41567031717068,24.43965006186718,60.21123319477053,1596.15,34.2249293567325,1664.599858713465,1527.7001412865352,828177.0
LICN,2023-07-27,1561.0,1561.0,1510.0,1518.0,-2.75 %,7037.0,10722141.0,-0.02754644458680333,-0.02793296255985683,1551.02,1588.8,1566.6126557633875,1561.5515278985827,42.52366503813031,5.061127864804803,20.563945622454707,59.55328796657264,1588.8,34.444631389790736,1657.6892627795814,1519.9107372204185,821140.0
LICN,2023-07-30,1501.1,1515.8,1463.1,1489.0,-1.91 %,16330.0,24222108.5,-0.01910408432147559,-0.019288925271566212,1533.8,1580.85,1554.6722471844048,1556.1773406468358,38.536250901906406,-1.5050934624309775,16.15013780547757,59.2209102546746,1580.85,38.20551765055591,1657.2610353011116,1504.4389646988882,804810.0
LICN,2023-07-31,1470.0,1509.0,1440.0,1470.0,-1.28 %,8485.0,12405592.5,-0.012760241773002057,-0.012842352911227041,1517.6,1572.355,1541.6457476175733,1549.7938339322554,36.14487592569939,-8.148086314682132,11.290492981445631,59.91941666505499,1572.355,42.97556802845019,1658.3061360569004,1486.4038639430996,796325.0
LICN,2023-08-01,1499.0,1499.0,1400.0,1427.0,-2.93 %,6154.0,8816608.5,-0.029251700680272164,-0.029688062295945623,1493.0,1560.9550000000002,1524.0079402917927,1540.697994381718,31.396367989640993,-16.690054089925297,5.694383567171446,62.71088690326535,1560.9550000000002,49.62478662289538,1660.204573245791,1461.7054267542094,790171.0
LICN,2023-08-02,1401.3,1453.0,1395.0,1421.0,-0.42 %,11398.0,16048422.1,-0.0042046250875963365,-0.00421348937973576,1465.0,1553.005,1508.1605648622863,1531.8314762793686,30.78855879131035,-23.67091141708238,-0.17867542967931893,62.374394981603544,1553.005,58.377361104054025,1669.759722208108,1436.2502777918921,778773.0
LICN,2023-08-03,1449.0,1455.0,1420.1,1444.0,1.62 %,2659.0,3832059.1,0.016185784658691027,0.016056191355670865,1450.2,1544.9550000000002,1498.289708729627,1525.3254409994156,35.91051551496486,-27.035732269788696,-5.550086797701195,60.4119381972033,1544.9550000000002,61.82869777393381,1668.612395547868,1421.2976044521324,781432.0
LICN,2023-08-06,1449.0,1449.9,1390.0,1409.9,-2.36 %,8067.0,11353942.5,-0.023614958448753387,-0.023898260581456054,1434.3799999999999,1534.85,1484.691292001992,1516.7754083327923,32.11573154532718,-32.08411633080027,-10.856892704321012,60.37537118311735,1534.85,66.6236760508279,1668.0973521016558,1401.602647898344,773365.0
LICN,2023-08-07,1408.0,1438.0,1408.0,1433.9,1.70 %,3585.0,5091483.0,0.017022483864103766,0.016879224849678045,1427.1599999999999,1526.545,1476.8772470786084,1510.63648919703,37.14974109125954,-33.759242118421525,-15.437362587141116,58.20570181289469,1526.545,68.4037893302421,1663.3525786604844,1389.7374213395158,776950.0
LICN,2023-08-08,1428.0,1428.0,1405.3,1415.0,-1.32 %,1772.0,2499612.2,-0.013180835483646014,-0.013268473643655536,1424.7599999999998,1517.395,1467.3576706049762,1503.5523048120647,34.95163983322148,-36.194634207088484,-19.588816911130593,56.09100882625936,1517.395,70.54841916986996,1658.4918383397398,1376.2981616602601,775178.0
LICN,2023-08-09,1415.0,1522.0,1390.0,1487.0,5.09 %,4492.0,6410498.0,0.05088339222614846,0.049631136382817125,1437.9599999999998,1511.595,1470.37956743498,1502.326208159319,47.65744513225552,-31.946640724339204,-22.060381673772316,61.5130796243837,1511.595,67.85718342301341,1647.309366846027,1375.8806331539731,779670.0
LICN,2023-08-10,1460.0,1516.0,1440.0,1516.0,1.95 %,8018.0,11844984.2,0.0195023537323471,0.019314619742161983,1452.36,1509.095,1477.398095521906,1503.339081628999,51.74582224017161,-25.940986107093067,-22.836502560436465,62.547859651213436,1509.095,66.65774701294153,1642.410494025883,1375.779505974117,787688.0
LICN,2023-08-13,1491.0,1520.8,1481.0,1493.0,-1.52 %,4559.0,6855136.5,-0.01517150395778366,-0.0152877686631266,1468.98,1505.9950000000001,1479.7983885185358,1502.5732237305547,48.50960064389899,-22.774835212018843,-22.82416909075294,60.92301253326962,1505.9950000000001,65.84728324331618,1637.6895664866324,1374.3004335133678,783129.0
LICN,2023-08-14,1515.0,1515.0,1481.0,1496.9,0.26 %,3661.0,5464521.7,0.0026121902210316517,0.0026087843819998587,1481.5800000000002,1500.89,1482.4294056695303,1502.1529849356987,49.09100586835178,-19.72357926616837,-22.204051125836028,58.999940209464654,1500.89,62.108986552072174,1625.1079731041445,1376.6720268958557,786790.0
LICN,2023-08-15,1477.0,1490.0,1452.0,1456.0,-2.73 %,3973.0,5809225.9,-0.02732313447792112,-0.027703353164558877,1489.78,1494.19,1478.3633432588333,1498.7342453108322,43.538721214409,-20.370902051998883,-21.8374213110686,57.99280162307433,1494.19,59.147326317640506,1612.484652635281,1375.895347364719,782817.0
LICN,2023-08-16,1483.0,1483.0,1422.1,1458.7,0.19 %,3508.0,5035077.2,0.0018543956043957088,0.001852678335536375,1484.12,1487.625,1475.3382135267052,1495.768745658178,43.989089257261426,-20.430532131472773,-21.556043475149437,58.2004586499976,1487.625,55.10168471012333,1597.8283694202466,1377.4216305797534,786325.0
LICN,2023-08-17,1451.0,1487.6,1451.0,1475.0,1.12 %,1302.0,1909743.7,0.011174333310481899,0.011112361681752614,1475.92,1482.375,1475.2861806764429,1494.2303200538686,46.75055986931365,-18.9441393774257,-21.03366265560469,56.657568746426335,1482.375,50.66022913280743,1583.695458265615,1381.054541734385,787627.0
LICN,2023-08-20,1451.2,1461.0,1435.0,1435.0,-2.71 %,2336.0,3382688.1,-0.027118644067796627,-0.027493140580198732,1464.3200000000002,1475.37,1469.088306726221,1489.8428889387671,41.36141070520122,-20.75458221254621,-20.977846566992994,55.46774240739588,1475.37,46.69485602233305,1568.759712044666,1381.9802879553338,785291.0
LICN,2023-08-21,1435.0,1455.0,1403.4,1404.0,-2.16 %,4339.0,6172017.0,-0.02160278745644595,-0.021839543607965008,1445.74,1468.02,1459.074721076033,1483.4841564247845,37.73128724204353,-24.409435348751458,-21.66416432334469,55.19147509258188,1468.02,45.72291375343736,1559.4658275068748,1376.5741724931252,780952.0
LICN,2023-08-22,1432.0,1432.0,1394.0,1407.0,0.21 %,4173.0,5886895.2,0.002136752136752129,0.0021344725286326196,1435.94,1460.87,1451.0632255258743,1477.8186633562818,38.295685712073876,-26.755437830407573,-22.682419024757266,53.96351258596889,1460.87,43.34766551109912,1547.565331022198,1374.1746689778017,785125.0
LICN,2023-08-23,1435.1,1481.0,1410.0,1481.0,5.26 %,2839.0,4151340.4,0.05259417199715699,0.05125775715340965,1440.4,1456.87,1455.6688831372783,1478.0543179224833,50.26953102135807,-22.385434785205007,-22.623022176846817,55.394690258399685,1456.87,36.821462562778706,1530.5129251255573,1383.2270748744425,787964.0
LICN,2023-08-24,1493.0,1498.0,1430.0,1437.0,-2.97 %,3762.0,5496782.0,-0.029709655638082366,-0.030159928188773846,1432.8,1452.82,1452.7967472700047,1475.0132573356325,44.713525522609444,-22.216510065627745,-22.541719754603005,56.29506952565685,1452.82,34.09774803490062,1521.0154960698012,1384.6245039301987,784202.0
LICN,2023-08-27,1437.0,1437.0,1409.0,1410.0,-1.88 %,4544.0,6449884.2,-0.018789144050104345,-0.018967902706810924,1427.8,1448.87,1446.2126323053885,1470.197460495956,41.66999897620721,-23.98482819056744,-22.83034144179589,54.27399313096708,1448.87,34.261365382798985,1517.392730765598,1380.347269234402,779658.0
LICN,2023-08-28,1408.0,1442.0,1408.0,1439.9,2.12 %,2166.0,3109405.2,0.021205673758865284,0.020983962342010862,1434.98,1447.365,1445.2414581045596,1467.9532041629222,46.04951053415065,-22.711746058362678,-22.806622365109252,52.825850764469436,1447.365,33.94396737347514,1515.2529347469504,1379.4770652530497,781824.0
LICN,2023-08-29,1440.0,1440.0,1430.0,1440.0,0.01 %,1104.0,1586488.9,6.944926731011769e-05,6.944685582140284e-05,1441.5800000000002,1448.0149999999999,1444.4350799346275,1465.8825964471503,46.064096162557426,-21.447516512522725,-22.53480119459195,49.76686142415019,1448.0149999999999,33.6567233448936,1515.3284466897871,1380.7015533102126,782928.0
LICN,2023-08-30,1447.7,1447.7,1420.0,1437.0,-0.21 %,1136.0,1630936.5,-0.002083333333333326,-0.0020855064910213707,1432.7800000000002,1448.815,1443.2912214831463,1463.7431448584723,45.66523532417865,-20.451923375326032,-22.118225630738767,48.1906570367109,1448.815,33.1673948169929,1515.1497896339858,1382.4802103660143,781792.0
LICN,2023-09-03,1449.0,1449.0,1400.3,1400.3,-2.55 %,7608.0,10967803.3,-0.025539318023660385,-0.025871107717293527,1425.44,1446.6299999999999,1436.677187408816,1459.0436526467336,40.98939333167031,-22.36646523791751,-22.167873552174516,48.227038676945845,1446.6299999999999,34.8956957080136,1516.421391416027,1376.8386085839727,774184.0
LICN,2023-09-04,1420.0,1420.0,1393.0,1412.0,0.84 %,3531.0,4950852.4,0.0083553524244806,0.008320639691456137,1425.8400000000001,1446.7350000000001,1432.880697038229,1455.5589376358644,42.99342043822651,-22.678240597635295,-22.269946961266673,46.710821628592576,1446.7350000000001,34.78233482370591,1516.299669647412,1377.1703303525883,777715.0
LICN,2023-09-05,1412.0,1420.0,1406.0,1420.0,0.57 %,1385.0,1957750.9,0.0056657223796034994,0.0056497325421191276,1421.86,1446.04,1430.8990513400402,1452.92494225543,44.38420690280424,-22.025890915389937,-22.221135752091328,44.37433436940739,1446.04,35.18879008103759,1516.4175801620752,1375.6624198379247,779100.0
LICN,2023-09-07,1405.0,1411.0,1387.0,1410.0,-0.70 %,3379.0,4724343.5,-0.007042253521126751,-0.007067167223092443,1415.86,1445.79,1427.6838126723417,1449.745316903176,42.97288941216412,-22.061504230834316,-22.18920944783993,43.56188191444972,1445.79,35.437801702032694,1516.6656034040655,1374.9143965959345,775721.0
LICN,2023-09-10,1432.0,1432.0,1405.0,1429.0,1.35 %,3017.0,4285093.0,0.013475177304964614,0.013385194557653518,1414.2599999999998,1442.8899999999999,1427.8863030304428,1448.2086267621999,46.45658810848824,-20.322323731757024,-21.81583230462335,42.378890349131886,1442.8899999999999,34.24090966571619,1511.3718193314323,1374.4081806685674,778738.0
LICN,2023-09-11,1425.2,1448.0,1425.2,1445.0,1.12 %,3815.0,5499165.0,0.011196641007697794,0.01113442261666523,1423.2,1439.34,1430.5191794872978,1447.9709507057405,49.26718918481204,-17.451771218442673,-20.943020087387215,40.98039818133675,1439.34,29.632563880031395,1498.6051277600627,1380.0748722399371,782553.0
LICN,2023-09-12,1416.1,1427.0,1389.0,1410.0,-2.42 %,8575.0,12036477.6,-0.02422145328719727,-0.024519617174318612,1422.8,1435.19,1427.362382643098,1445.1582876905004,43.84531866037951,-17.795905047402357,-20.313597079390245,42.05322688266984,1435.19,27.453959545677584,1490.0979190913552,1380.282080908645,773978.0
LICN,2023-09-13,1410.0,1425.0,1410.0,1423.0,0.92 %,1798.0,2545385.0,0.009219858156028327,0.009177614717638364,1423.4,1431.4950000000001,1426.6912468518522,1443.5169330467597,46.21302829655024,-16.825686194907576,-19.61601490249371,40.120853533907706,1431.4950000000001,23.382505268478404,1478.260010536957,1384.7299894630432,775776.0
LICN,2023-09-17,1415.0,1415.0,1390.2,1391.0,-2.25 %,2981.0,4173779.1,-0.022487702037948032,-0.022744406166409496,1419.6,1428.2450000000001,1421.200285797721,1439.626789858111,41.56699408316938,-18.42650406038979,-19.378112734072925,39.59793542434287,1428.2450000000001,24.296620406071316,1476.8382408121427,1379.6517591878576,772795.0
LICN,2023-09-18,1380.0,1406.0,1370.8,1396.0,0.36 %,2042.0,2846476.4,0.0035945363048166534,0.0035880913988748475,1413.0,1425.1100000000001,1417.323318751918,1436.3951757945472,42.539059328638515,-19.07185704262929,-19.316861595784196,39.28379717974696,1425.1100000000001,24.20510820378018,1473.5202164075604,1376.6997835924399,774837.0
LICN,2023-09-19,1396.0,1410.0,1396.0,1400.0,0.29 %,1581.0,2218890.0,0.002865329512893977,0.002861232281032195,1404.0,1421.3600000000001,1414.6581927900845,1433.699236846803,43.3509627873955,-19.04104405671842,-19.26169808797104,37.4778116669079,1421.3600000000001,21.754742979498932,1464.869485958998,1377.8505140410023,776418.0
LICN,2023-09-21,1428.0,1440.0,1409.0,1440.0,2.86 %,4189.0,5963371.7,0.02857142857142847,0.028170876966696224,1410.0,1421.6100000000001,1418.5569323608406,1434.165960043336,50.832554269267646,-15.60902768249548,-18.53116400687593,37.657967976414476,1421.6100000000001,21.947614664752987,1465.5052293295062,1377.714770670494,780607.0
LICN,2023-09-24,1415.1,1440.0,1415.0,1425.0,-1.04 %,2352.0,3371614.8,-0.01041666666666663,-0.010471299867295366,1410.4,1422.66,1419.5481735360959,1433.487000040126,48.25864894719305,-13.938826504030203,-17.612696506306786,36.75382740667059,1422.66,21.559694363590417,1465.779388727181,1379.5406112728192,778255.0
LICN,2023-09-25,1425.0,1428.0,1406.0,1406.0,-1.33 %,1950.0,2751729.0,-0.013333333333333308,-0.013423020332140661,1413.4,1422.6100000000001,1417.4638391459273,1431.4509259630795,45.1407204838878,-13.987086817152203,-16.88757456847587,35.6999825919084,1422.6100000000001,21.599047249915074,1465.8080944998303,1379.41190550017,776305.0
LICN,2023-09-26,1420.0,1420.0,1410.0,1411.0,0.36 %,1375.0,1941915.9,0.0035561877667140696,0.003549879482203777,1416.4,1419.1100000000001,1416.469402354246,1429.9360425584068,46.12714100366868,-13.46664020416074,-16.203387695612847,34.14998383534352,1419.1100000000001,16.77130695088757,1452.6526139017753,1385.567386098225,777680.0
LICN,2023-09-27,1415.0,1430.0,1405.0,1411.1,0.01 %,2246.0,3178048.5,7.08717221826749e-05,7.08692109008242e-05,1418.6200000000001,1417.815,1415.6433404535928,1428.5407801466731,46.147996884470814,-12.897439693080287,-15.542198095106336,33.49641356139041,1417.815,16.310838340416467,1450.436676680833,1385.1933233191671,779926.0
LICN,2023-10-01,1386.5,1400.0,1385.0,1393.9,-1.22 %,2371.0,3292921.0,-0.012189072354900299,-0.012263968327874165,1409.4,1417.01,1412.2982111530403,1425.9747964321048,43.06020687198562,-13.676585279064511,-15.169075531897972,32.96809830700538,1417.01,17.09527173777148,1451.2005434755429,1382.819456524457,777555.0
LICN,2023-10-02,1379.1,1399.0,1370.0,1388.9,-0.36 %,2786.0,3850665.2,-0.003587057895114376,-0.0035935068136673702,1402.18,1414.46,1408.6984863602647,1423.2285152149118,42.17673226158618,-14.530028854647071,-15.041266196447793,32.68466271364785,1414.46,17.303616902067002,1449.067233804134,1379.852766195866,774769.0
LICN,2023-10-03,1373.0,1390.0,1373.0,1380.0,-0.64 %,914.0,1256579.2,-0.006407948736410152,-0.0064285677709229475,1396.98,1411.46,1404.2833346125317,1420.0264029767702,40.5806981782873,-15.743068364238525,-15.18162663000594,31.564329662673007,1411.46,17.835635529343772,1447.1312710586876,1375.7887289413125,773855.0
LICN,2023-10-04,1399.8,1400.0,1374.0,1381.0,0.07 %,816.0,1126609.0,0.0007246376811593791,0.0007243752580417016,1390.98,1408.66,1400.7012831336808,1417.1355583118243,40.85153480064633,-16.43427517814348,-15.43215633963345,31.16687754391065,1408.66,18.009950466012068,1444.679900932024,1372.640099067976,774671.0
LICN,2023-10-05,1381.5,1397.0,1380.0,1380.0,-0.07 %,2670.0,3685885.0,-0.0007241129616220032,-0.0007243752580417329,1384.76,1407.645,1397.5164703438838,1414.384776214652,40.65198729211346,-16.868305870768154,-15.71938624586039,30.154957719345607,1407.645,19.04801343416692,1445.7410268683338,1369.5489731316661,772001.0
LICN,2023-10-08,1385.0,1385.0,1330.1,1350.0,-2.17 %,7821.0,10541527.0,-0.021739130434782594,-0.02197890671877523,1375.98,1404.545,1390.2062441371324,1409.6155335320852,35.11100094340668,-19.409289394952793,-16.457366875678872,31.922460739392356,1404.545,22.947869411451485,1450.440738822903,1358.649261177097,764180.0
LICN,2023-10-09,1323.1,1345.0,1320.0,1327.0,-1.70 %,4694.0,6224890.0,-0.017037037037037073,-0.01718383710026766,1363.6,1399.895,1380.4822065775736,1403.4958643815605,31.559391627950376,-23.013657803986916,-17.768625061340483,31.785142115150045,1399.895,28.421090667592903,1456.7371813351858,1343.0528186648141,759486.0
LICN,2023-10-10,1317.0,1327.0,1312.0,1321.0,-0.45 %,1220.0,1606435.0,-0.0045214770158251705,-0.004531729809882192,1351.8,1395.4450000000002,1371.3310978733316,1397.3850596125562,30.687326094928167,-26.053961739224633,-19.425692396917313,30.58620339263933,1395.4450000000002,33.30376104884665,1462.0525220976936,1328.8374779023068,758266.0
LICN,2023-10-11,1314.0,1335.0,1310.0,1320.0,-0.08 %,3190.0,4205985.4,-0.0007570022710068347,-0.0007572889419088022,1339.6,1389.9950000000001,1363.434005892819,1391.6528329745893,30.535877816156955,-28.218827081770314,-21.184319333887913,30.187188864593665,1389.9950000000001,36.3069005330177,1462.6088010660355,1317.3811989339647,755076.0
LICN,2023-10-12,1312.0,1316.0,1301.1,1310.0,-0.76 %,6621.0,8669004.4,-0.007575757575757569,-0.007604599385219304,1325.6,1383.2450000000001,1355.2133896016162,1385.6044749764715,28.994848770537473,-30.391085374855265,-23.025672542081384,29.380961088551267,1383.2450000000001,38.049849228537205,1459.3446984570746,1307.1453015429256,748455.0
LICN,2023-10-16,1295.0,1314.0,1295.0,1309.0,-0.08 %,3462.0,4502388.0,-0.0007633587786259888,-0.0007636502852973333,1317.4,1378.1950000000002,1348.1036373552138,1379.9300694226588,28.838118809449327,-31.826432067445012,-24.78582444715411,28.639463867940464,1378.1950000000002,40.90712812674035,1460.0092562534808,1296.3807437465196,744993.0
LICN,2023-10-17,1325.0,1328.0,1291.1,1317.8,0.67 %,2972.0,3876972.9,0.006722689075630228,0.0067001925698195654,1315.56,1372.935,1343.4415393005654,1375.3278420580173,32.30588226321193,-31.88630275745186,-26.20592010921366,29.22950216308758,1372.935,41.600345076993044,1456.135690153986,1289.734309846014,747965.0
LICN,2023-10-18,1338.9,1340.0,1330.0,1335.0,1.31 %,1800.0,2406443.5,0.013052056457732553,0.012967612354630354,1318.3600000000001,1370.135,1342.1428409466323,1372.3405944981641,38.60349765658737,-30.197753551531832,-27.004286797677295,28.727394865724186,1370.135,42.20071432419428,1454.5364286483887,1285.7335713516113,749765.0
LICN,2023-10-19,1347.0,1355.0,1335.0,1349.0,1.05 %,300.0,403060.0,0.01048689138576786,0.010432285373406047,1324.16,1367.785,1343.1977884933044,1370.6116615723743,43.232715255558006,-27.413873079069845,-27.086204053955807,28.104009518172457,1367.785,41.99269704676898,1451.770394093538,1283.7996059064621,750065.0
LICN,2023-10-29,1327.0,1327.0,1311.0,1325.0,-1.78 %,1738.0,2294095.0,-0.01779095626389915,-0.017951117787433264,1327.16,1364.035,1340.3981287251038,1367.2330199744206,37.95014487108708,-26.834891249316797,-27.035941493028005,28.81086598116014,1364.035,42.31202734321866,1448.6590546864375,1279.4109453135627,748327.0
LICN,2023-10-30,1325.0,1333.0,1321.0,1331.9,0.52 %,160.0,212545.0,0.005207547169811422,0.005194034786662384,1331.74,1358.63,1339.090724305857,1364.6157592355746,40.21202284768918,-25.52503492971755,-26.733760180365916,27.610089839648705,1358.63,38.861117084447734,1436.3522341688956,1280.9077658311046,748487.0
LICN,2023-10-31,1331.9,1331.9,1310.1,1310.1,-1.64 %,371.0,491787.0,-0.01636759516480235,-0.016503024047360093,1330.2,1352.885,1334.6306128741867,1360.5775548477543,35.77492306933458,-25.94694197356762,-26.57639653900626,27.195083422530956,1352.885,36.980525102283316,1426.8460502045666,1278.9239497954334,748116.0
LICN,2023-11-01,1319.0,1331.0,1296.0,1298.0,-0.92 %,1591.0,2090974.0,-0.009235936188077165,-0.00927885189558958,1322.8,1347.4850000000001,1328.9951339704655,1355.9421804145873,33.5613385535997,-26.947046444121725,-26.650526520029356,27.752577463778746,1347.4850000000001,36.70048436506062,1420.8859687301215,1274.0840312698788,746525.0
LICN,2023-11-02,1322.9,1336.2,1300.0,1309.0,0.85 %,2733.0,3587377.0,0.008474576271186418,0.008438868645864604,1314.8,1342.385,1325.918959513471,1352.4649818653586,37.35613053120466,-26.546022351887586,-26.629625686401006,28.498821930651697,1342.385,34.42637108837132,1411.2377421767426,1273.5322578232574,749258.0
LICN,2023-11-05,1299.1,1324.0,1290.0,1314.0,0.38 %,570.0,739681.4,0.0038197097020626902,0.003812433134655939,1312.6,1337.53,1324.0852734344755,1349.615723949406,39.0599817994001,-25.530450514930408,-26.409790652106885,28.891763221319433,1337.53,30.89103259418955,1399.3120651883792,1275.7479348116208,749828.0
LICN,2023-11-06,1317.0,1328.0,1300.0,1328.0,1.07 %,1695.0,2222760.0,0.010654490106544845,0.010598130991823284,1311.8200000000002,1334.2350000000001,1324.687539059941,1348.014559212413,43.679162233003694,-23.32702015247196,-25.793236552179902,28.828065848368045,1334.2350000000001,27.935042603539763,1390.1050852070796,1278.3649147929207,751523.0
LICN,2023-11-07,1330.0,1340.0,1325.0,1330.0,0.15 %,2858.0,3802006.0,0.001506024096385561,0.0015048911794203067,1315.8,1331.29,1325.5048407430268,1346.6801474189008,44.328368848408374,-21.175306675874026,-24.86965057691873,27.840346859198903,1331.29,24.79726003536616,1380.8845200707324,1281.6954799292675,754381.0
LICN,2023-11-08,1350.0,1350.0,1322.0,1335.0,0.38 %,83.0,110566.0,0.003759398496240518,0.003752349618550372,1323.2,1329.04,1326.965634474869,1345.814951313797,46.00408115222411,-18.84931683892819,-23.665583829320624,27.85175065497041,1329.04,22.03230642293697,1373.1046128458738,1284.975387154126,754464.0
LICN,2023-11-09,1336.0,1336.1,1315.0,1315.0,-1.50 %,3734.0,4984786.5,-0.014981273408239737,-0.015094626222485016,1324.4,1325.74,1325.1247676325816,1343.53236232759,40.72378454919466,-18.407594695008356,-22.61398600245817,27.369482751043943,1325.74,18.499655757777777,1362.7393115155555,1288.7406884844445,750730.0
LICN,2023-11-20,1315.0,1341.3,1305.0,1305.0,-0.76 %,1260.0,1650381.5,-0.0076045627376425395,-0.007633624855071095,1322.6,1321.99,1322.0286495352611,1340.678113266287,38.353391223685335,-18.64946373102589,-21.821081548171712,28.007376840255088,1321.99,13.968494625536165,1349.9269892510724,1294.0530107489276,749470.0
LICN,2023-11-21,1325.0,1325.0,1295.0,1305.0,0.00 %,931.0,1213401.0,0.0,0.0,1318.0,1319.74,1319.408857299067,1338.035290061377,38.35339122344493,-18.62643276231006,-21.182151790999384,28.14970706595115,1319.74,12.794135169490835,1345.3282703389816,1294.1517296610184,749470.0
LICN,2023-11-22,1290.0,1326.0,1290.0,1304.0,-0.08 %,402.0,525952.5,-0.0007662835249042654,-0.0007665772701955732,1312.8,1318.59,1317.0382638684412,1335.514157464238,38.0962193137544,-18.475893595796833,-20.640900151958874,28.71044227552607,1318.59,13.136325689854601,1344.8626513797092,1292.3173486202907,749068.0
LICN,2023-11-23,1315.0,1356.0,1315.0,1355.0,3.91 %,2100.0,2822409.0,0.03911042944785281,0.038364990827203065,1316.8,1320.29,1322.878530965604,1336.9575532076278,54.75785980805882,-14.079022242023711,-19.32852456997184,30.373982112988497,1320.29,15.459246934693686,1351.2084938693874,1289.3715061306125,751168.0
LICN,2023-11-26,1356.0,1400.0,1350.0,1387.0,2.36 %,2747.0,3796278.4,0.023616236162361526,0.023341687001030217,1331.2,1323.6399999999999,1332.7433723555112,1340.6644011181738,61.71992182194811,-7.921028762662672,-17.047025408510006,31.775840533489315,1323.6399999999999,21.480061746418595,1366.6001234928372,1280.6798765071626,753915.0
LICN,2023-11-27,1414.0,1414.7,1387.0,1387.0,0.00 %,1267.0,1760275.3,0.0,0.0,1347.6,1327.49,1341.0905458392788,1344.0966677020126,61.71992182162848,-3.006121862733835,-14.238844699354772,31.48470906681151,1327.49,25.44184079732218,1378.3736815946443,1276.6063184053558,753915.0
LICN,2023-11-28,1370.0,1415.0,1365.1,1410.0,1.66 %,1319.0,1840461.0,0.016582552271088735,0.016446563057382426,1368.6,1332.54,1351.6920003255436,1348.978396020382,66.07203145849775,2.7136043051616525,-10.848354898451488,32.8000869906107,1332.54,30.996118602487428,1394.5322372049748,1270.5477627950252,755234.0
LICN,2023-11-29,1410.0,1420.0,1397.0,1420.0,0.71 %,3035.0,4260582.0,0.007092198581560183,0.007067167223092353,1391.8,1337.65,1362.2009233523831,1354.2392555744277,67.78684581194179,7.961667777955427,-7.086350363170106,32.100080776995654,1337.65,36.39271905200869,1410.4354381040175,1264.8645618959827,758269.0
LICN,2023-11-30,1392.0,1405.0,1363.8,1405.0,-1.06 %,1949.0,2687532.4,-0.010563380281690127,-0.010619568827460261,1401.8,1341.15,1368.7853966827859,1357.9993107170628,62.67008103947701,10.786085965723032,-3.5118630973914784,33.821503578638826,1341.15,39.368816139286906,1419.8876322785738,1262.4123677214263,756320.0
LICN,2023-12-03,1382.0,1388.0,1361.1,1387.9,-1.22 %,935.0,1289190.0,-0.012170818505337966,-0.012245489406051911,1401.98,1343.095,1371.7261048854343,1360.214176589873,57.35498931458868,11.511928295561347,-0.5071048188009137,34.54139618016463,1343.095,40.714958779538414,1424.5249175590768,1261.6650824409232,755385.0
LICN,2023-12-04,1363.0,1400.0,1363.0,1388.0,0.01 %,3999.0,5558286.5,7.205130052589936e-05,7.204870495562102e-05,1402.1799999999998,1346.2450000000001,1374.2297810569062,1362.2723857313638,57.37775472051505,11.957395325542393,1.9857952100677476,34.717010738724305,1346.2450000000001,41.66724669769882,1429.5794933953978,1262.9105066046025,759384.0
LICN,2023-12-05,1388.0,1405.0,1386.0,1399.9,0.86 %,1685.0,2350447.6,0.008573487031700244,0.008536943414029665,1400.16,1349.645,1378.17904550969,1365.0596164179296,60.10695853692895,13.119429091760367,4.212521986406272,33.59436711452971,1349.645,43.18193427079092,1436.0088685415817,1263.2811314584183,761069.0
LICN,2023-12-06,1395.0,1400.0,1388.0,1400.0,0.01 %,1248.0,1740177.5,7.143367383388721e-05,7.143112257050519e-05,1396.16,1354.1399999999999,1381.5361154312761,1367.6477929795644,60.13006231043179,13.888322451711701,6.147682079467359,32.05191232063473,1354.1399999999999,43.526536370581525,1441.193072741163,1267.0869272588368,762317.0
LICN,2023-12-07,1399.0,1405.0,1376.0,1395.0,-0.36 %,1497.0,2072616.0,-0.0035714285714285587,-0.0035778213478839666,1394.16,1358.99,1383.6074822880028,1369.6738823884855,58.31163606486703,13.933599899517276,7.704865643477342,31.833918583446533,1358.99,42.329545485997784,1443.6490909719955,1274.3309090280045,760820.0
LICN,2023-12-10,1400.0,1480.0,1395.0,1480.0,6.09 %,3102.0,4334517.8,0.06093189964157708,0.059147672502694766,1412.5800000000002,1367.54,1398.4371003975407,1377.8461873967458,73.16751908295166,20.5909130007949,10.282075114940856,35.63149582748607,1367.54,48.51824833040856,1464.5764966608172,1270.5035033391828,763922.0
LICN,2023-12-11,1509.6,1509.6,1429.9,1450.0,-2.03 %,6041.0,8729502.4,-0.020270270270270285,-0.020478531343540676,1424.98,1374.34,1406.3698541825345,1383.190914256246,64.43937421395182,23.17893992628842,12.861448077210369,38.77924612552277,1374.34,50.12337830424213,1474.5867566084842,1274.0932433915157,757881.0
LICN,2023-12-12,1460.0,1470.0,1436.9,1470.0,1.38 %,4623.0,6747089.4,0.01379310344827589,0.013698844358161927,1439.0,1381.44,1416.1591073852214,1389.6212169039316,67.24467214554302,26.537890481289878,15.596736558026272,38.37358568798542,1381.44,53.17792775201591,1487.7958555040318,1275.0841444959683,762504.0
LICN,2023-12-13,1470.0,1477.0,1441.0,1445.5,-1.67 %,3032.0,4427375.2,-0.01666666666666672,-0.01680711831638129,1448.1,1387.215,1420.673090864418,1393.7603860221589,60.90610367418856,26.912704842259245,17.85993021487287,38.20404385312931,1387.215,53.56773650935322,1494.3504730187065,1280.0795269812934,759472.0
LICN,2023-12-14,1445.5,1447.9,1425.1,1440.0,-0.38 %,4578.0,6596828.5,-0.003804911795226573,-0.003812168886354455,1457.1,1392.465,1423.6464615006616,1397.18554261311,59.549073199082954,26.460918887551543,19.580127949408606,37.103755006477236,1392.465,53.325783977741786,1499.1165679554836,1285.8134320445163,754894.0
LICN,2023-12-17,1426.0,1494.0,1400.0,1478.5,2.67 %,4404.0,6367220.9,0.02673611111111107,0.026384946722485564,1456.8,1400.6399999999999,1432.0854674236368,1403.2088357528796,65.36623578991208,28.876631670757206,21.439428693678327,41.16777250601458,1400.6399999999999,53.357645335867204,1507.3552906717343,1293.9247093282654,759298.0
LICN,2023-12-18,1506.9,1506.9,1451.0,1478.0,-0.03 %,6153.0,9112008.7,-0.000338180588434267,-0.0003382377843848675,1462.4,1409.29,1439.1492416661542,1408.748921993407,65.2350286277211,30.400319672747173,23.2316068894921,42.22007446987069,1409.29,51.0081716879377,1511.3063433758753,1307.2736566241247,753145.0
LICN,2023-12-19,1485.0,1489.0,1451.0,1480.9,0.20 %,4601.0,6761562.4,0.0019621109607579346,0.0019601885353107227,1464.58,1418.085,1445.5724352559766,1414.0934462901919,65.66550312726231,31.478988965784765,24.881083304750632,41.91864057916564,1418.085,47.09418642184666,1512.2733728436933,1323.8966271563067,757746.0
LICN,2023-12-20,1510.0,1560.0,1498.2,1509.0,1.90 %,9856.0,14966929.2,0.018974947666959174,0.01879716872439114,1477.28,1428.335,1455.3305221396727,1421.1235613798074,69.59425185345272,34.2069607598653,26.746258795773567,44.57445196636809,1428.335,43.09615045696517,1514.5273009139303,1342.1426990860698,767602.0
LICN,2023-12-21,1486.2,1495.0,1464.2,1483.0,-1.72 %,1438.0,2126959.0,-0.01722995361166335,-0.0173801166299168,1485.8799999999999,1434.7350000000001,1459.5873648874153,1425.7070012775994,62.47136166290934,33.88036360981596,28.17307975858205,44.59056254019894,1434.7350000000001,41.089969002549296,1516.9149380050987,1352.5550619949015,766164.0
LICN,2023-12-24,1456.0,1572.8,1451.0,1495.0,0.81 %,13745.0,20464443.0,0.008091706001348564,0.008059143686854653,1489.1799999999998,1440.135,1465.0354625970438,1430.8398159977771,64.28808422060725,34.19564659926664,29.377593126718967,50.105522358756154,1440.135,41.5802113232138,1523.2954226464276,1356.9745773535724,779909.0
LICN,2023-12-27,1490.0,1510.0,1475.0,1475.0,-1.34 %,7370.0,11001493.6,-0.013377926421404673,-0.013468217050866593,1488.58,1444.535,1466.5684683513448,1434.1109407386825,59.1487723830915,32.45752761266226,29.99358002390763,49.02655647598786,1444.535,40.29784211277689,1525.130684225554,1363.9393157744462,772539.0
LICN,2023-12-28,1462.0,1477.0,1450.0,1450.0,-1.69 %,9900.0,14463502.0,-0.016949152542372836,-0.017094433359300068,1482.4,1446.535,1464.0194732203686,1435.2879080913726,53.40196763737471,28.731565128995953,29.741177044925294,47.4532310134173,1446.535,39.47791221215369,1525.4908244243074,1367.5791755756927,762639.0
LICN,2024-01-01,1479.0,1485.0,1432.2,1435.0,-1.03 %,3837.0,5544273.8,-0.010344827586206917,-0.010398707220898622,1467.6,1447.285,1459.5549388787733,1435.2665815660857,50.24746567237258,24.288357312687594,28.650613098477756,47.83514308388749,1447.285,39.087826547525815,1525.4606530950516,1369.1093469049486,758802.0
LICN,2024-01-02,1417.1,1428.0,1372.0,1427.0,-0.56 %,5124.0,7192326.2,-0.0055749128919860835,-0.005590510716885088,1456.4,1448.385,1454.5464867435776,1434.65424219082,48.598616757940796,19.892244552757575,26.89893938933372,48.9183471493241,1448.385,38.133122430699686,1524.6512448613994,1372.1187551386006,753678.0
LICN,2024-01-03,1454.0,1454.0,1390.0,1428.0,0.07 %,3006.0,4212268.0,0.0007007708479327412,0.0007005254226932939,1443.0,1450.3899999999999,1450.4624118599502,1434.1613353618704,48.82467586017776,16.301076498079738,24.779366811082923,49.99560806722952,1450.3899999999999,35.76625725308265,1521.9225145061653,1378.8574854938345,756684.0
LICN,2024-01-04,1456.5,1456.5,1381.2,1400.0,-1.96 %,4717.0,6579522.0,-0.019607843137254943,-0.019802627296179754,1428.0,1450.99,1442.6989638814964,1431.630866075806,43.10795103104089,11.068097805690513,22.037113010004443,51.80306463385598,1450.99,34.75078037743984,1520.4915607548796,1381.4884392451204,751967.0
LICN,2024-01-07,1400.0,1400.0,1387.0,1399.0,-0.07 %,4148.0,5764343.5,-0.0007142857142856673,-0.0007145409378687601,1417.8,1450.9450000000002,1435.9760463612663,1429.2137648850055,42.91469165707039,6.762281476260796,18.982146703255715,49.03141716000913,1450.9450000000002,34.820932527780116,1520.5868650555603,1381.30313494444,747819.0
LICN,2024-01-08,1391.0,1424.9,1391.0,1420.0,1.50 %,3867.0,5449082.5,0.015010721944245908,0.014899175929825257,1414.8,1451.9450000000002,1433.5181930749177,1428.5312637824125,48.16967229205923,4.986929292505238,16.18310322110562,47.95060164857991,1451.9450000000002,33.5446673932724,1519.034334786545,1384.8556652134553,751686.0
LICN,2024-01-09,1420.1,1440.0,1415.0,1415.0,-0.35 %,6273.0,8939984.0,-0.0035211267605633756,-0.0035273405179684107,1412.4,1452.9450000000002,1430.669240294161,1427.5289479466783,47.058902760231014,3.1402923474827276,13.574541046381041,46.31127295939563,1452.9450000000002,32.02125075631744,1516.987501512635,1388.9024984873654,745413.0
LICN,2024-01-10,1440.0,1445.0,1395.0,1415.0,0.00 %,2219.0,3138483.5,0.0,0.0,1409.8,1449.6950000000002,1428.2585879412131,1426.6008777284057,47.05890275999729,1.6577102128073875,11.19117487966631,46.574753462295945,1449.6950000000002,32.426799751196704,1514.5485995023935,1384.8414004976069,745413.0
LICN,2024-01-11,1439.0,1439.0,1391.6,1391.6,-1.65 %,2414.0,3389724.0,-0.016537102473498266,-0.016675366799551068,1408.1200000000001,1446.775,1422.6188051810266,1424.008220118894,41.824188184344436,-1.3894149378675138,8.675056916159546,46.633699643560526,1446.775,34.930651221180796,1516.6363024423617,1376.9136975576384,742999.0
LICN,2024-01-14,1392.0,1440.0,1392.0,1425.0,2.40 %,3901.0,5500040.8,0.02400114975567691,0.023717649424963926,1413.3200000000002,1444.525,1422.985142845484,1424.081685295272,50.319051264734874,-1.0965424497881031,6.720737042970017,46.75986395473478,1444.525,34.80498867750188,1514.134977355004,1374.9150226449963,746900.0
LICN,2024-01-16,1425.0,1442.0,1409.0,1440.0,1.05 %,4189.0,5974677.0,0.010526315789473717,0.010471299867295437,1417.3200000000002,1444.25,1425.602813176948,1425.2608197178447,53.59620564091352,0.341993459103378,5.44498832619669,45.77701652939658,1444.25,34.8186051293963,1513.8872102587925,1374.6127897412075,751089.0
LICN,2024-01-17,1445.0,1465.0,1411.2,1421.0,-1.32 %,6869.0,9952344.8,-0.013194444444444398,-0.01328226447294562,1418.52,1443.3,1424.8946880728022,1424.945203442449,49.17165780116252,-0.05051536964674597,4.345887587028003,46.35008677729683,1443.3,35.197801964850285,1513.6956039297006,1372.9043960702993,744220.0
LICN,2024-01-18,1412.1,1430.0,1410.0,1424.0,0.21 %,886.0,1255098.0,0.002111189303307448,0.002108963874820357,1420.3200000000002,1440.575,1424.7570437539096,1424.875188372638,49.8752793837915,-0.11814461872836546,3.4530811458767294,44.467937721775634,1440.575,34.430523101625184,1509.4360462032505,1371.7139537967496,745106.0
LICN,2024-01-21,1426.0,1426.0,1403.0,1414.0,-0.70 %,4082.0,5757649.1,-0.0070224719101124045,-0.007047245515403056,1424.8,1437.375,1423.1021139456157,1424.0696188635536,47.51415096053495,-0.9675049179379585,2.568963933113792,42.93451359879167,1437.375,33.736250610612615,1504.8475012212252,1369.9024987787748,741024.0
LICN,2024-01-22,1415.0,1415.0,1393.0,1393.8,-1.43 %,4115.0,5763416.0,-0.014285714285714346,-0.014388737452099669,1418.56,1433.02,1418.594096415521,1421.827424873661,43.07781907591404,-3.2333284581397947,1.4085054548630747,41.43919119887798,1433.02,33.44248165053329,1499.9049633010666,1366.1350366989334,736909.0
LICN,2024-01-23,1395.0,1399.0,1390.0,1390.0,-0.27 %,3242.0,4516929.5,-0.002726359592480909,-0.002730082879680939,1408.56,1427.07,1414.195004659287,1419.4698378459825,42.27810727925398,-5.27483318669556,0.07183772655134768,39.12210611324384,1427.07,29.57532933480243,1486.2206586696047,1367.9193413303951,733667.0
LICN,2024-01-24,1387.2,1397.0,1387.2,1391.0,0.07 %,1607.0,2233332.7,0.0007194244604316058,0.0007191657987054193,1402.56,1422.4699999999998,1410.626542404012,1417.3609609685022,42.58020158849801,-6.73441856449017,-1.289413531656956,37.02766996229785,1422.4699999999998,27.500222008652337,1477.4704440173045,1367.469555982695,735274.0
LICN,2024-01-25,1400.0,1414.0,1388.6,1389.1,-0.14 %,2418.0,3365832.2,-0.0013659237958304482,-0.0013668575200994416,1395.58,1417.175,1407.3147666495486,1415.2675564523167,42.12905057459595,-7.952789802768166,-2.622088785879198,36.19712210784802,1417.175,22.5495915472143,1462.2741830944285,1372.0758169055714,732856.0
LICN,2024-01-28,1416.8,1416.8,1392.0,1402.0,0.93 %,2426.0,3395920.5,0.009286588438557342,0.009243733191191823,1393.1799999999998,1413.525,1406.4971102419256,1414.2847744928858,46.28997983465217,-7.787664250960233,-3.655203878895405,35.59018481443031,1413.525,18.182260730227526,1449.8895214604552,1377.160478539545,735282.0
LICN,2024-01-29,1405.0,1425.0,1400.0,1409.0,0.50 %,3088.0,4340731.3,0.004992867332382245,0.004980444304144752,1396.22,1411.475,1406.8821702047062,1413.893309715635,48.455704995109414,-7.011139510928842,-4.326391005302093,34.833743041971005,1411.475,16.038272482076586,1443.551544964153,1379.3984550358468,738370.0
LICN,2024-01-30,1414.0,1414.0,1400.1,1401.3,-0.55 %,3084.0,4336089.2,-0.005464868701206549,-0.005479855722508208,1398.48,1409.79,1406.0233747885975,1412.9604719589213,46.246654144677294,-6.937097170323796,-4.848532238306434,33.338475681830225,1409.79,15.184164188524363,1440.1583283770487,1379.4216716229512,735286.0
LICN,2024-01-31,1401.0,1414.0,1396.3,1403.5,0.16 %,3705.0,5199177.5,0.001569970741454485,0.001568739625765274,1400.98,1408.615,1405.6351632826593,1412.2596962582606,46.99024363581505,-6.624532975601369,-5.203732385765421,32.22144170455664,1408.615,14.683297887085969,1437.9815957741719,1379.2484042258282,738991.0
LICN,2024-02-01,1400.0,1400.0,1382.0,1382.0,-1.53 %,3045.0,4225754.4,-0.015318845742785858,-0.015437391474321941,1399.56,1406.315,1401.9989843160963,1410.0182372761674,41.01841809790683,-8.019252960071071,-5.766836500626551,31.45562443994545,1406.315,15.084264195332132,1436.4835283906643,1376.1464716093358,735946.0
LICN,2024-02-04,1382.0,1405.0,1379.0,1385.0,0.22 %,867.0,1198650.0,0.0021707670043416005,0.002168414293823735,1396.16,1405.565,1399.383755959774,1408.1650345149699,42.12368649747996,-8.781278555195968,-6.369724911540436,31.065936979949345,1405.565,15.772003009958977,1437.109006019918,1374.020993980082,736813.0
LICN,2024-02-05,1388.0,1397.0,1378.0,1397.0,0.87 %,610.0,846017.0,0.008664259927797735,0.008626940635522844,1393.76,1405.465,1399.017024273655,1407.3379949212685,46.44666000298935,-8.320970647613649,-6.759974058755079,30.204084338524392,1405.465,15.822079010335923,1437.1091580206717,1373.8208419793282,737423.0
LICN,2024-02-06,1413.0,1413.0,1390.0,1390.0,-0.50 %,1211.0,1686100.4,-0.005010737294201872,-0.005023333132224387,1391.5,1403.965,1397.6297897700156,1406.0536990011747,44.3649364561151,-8.423909231159087,-7.092761093235881,29.68950688577265,1403.965,15.793612133052632,1435.5522242661052,1372.3777757338946,736212.0
LICN,2024-02-07,1417.8,1499.0,1387.0,1398.5,0.61 %,1139.0,1592181.0,0.006115107913668982,0.006096486517276893,1390.5,1403.1399999999999,1397.7636682669363,1405.4941657418285,47.44519093036515,-7.730497474892218,-7.220308369567149,35.56882782250318,1403.1399999999999,15.616806061987369,1434.3736121239747,1371.906387876025,737351.0
LICN,2024-02-08,1407.0,1407.0,1386.0,1390.0,-0.61 %,1503.0,2091525.0,-0.006077940650697222,-0.006096486517277022,1392.1,1401.8899999999999,1396.5692577643306,1404.3464497609525,44.77548752552687,-7.777191996621923,-7.331685094978104,34.52819726375296,1401.8899999999999,15.618069831510276,1433.1261396630205,1370.6538603369793,735848.0
LICN,2024-02-11,1390.0,1398.0,1390.0,1390.0,0.00 %,2879.0,4013384.4,0.0,0.0,1393.1,1401.81,1395.5586027236643,1403.2837497786597,44.775487525207666,-7.725147054995432,-7.41037748698157,32.63332603062774,1401.81,15.677536729139243,1433.1650734582784,1370.4549265417215,735848.0
LICN,2024-02-12,1387.0,1395.0,1379.0,1390.0,0.00 %,4375.0,6048432.5,0.0,0.0,1391.7,1400.06,1394.7034330738697,1402.2997683135738,44.77548752486389,-7.5963352397041035,-7.447569037526078,31.445231314154334,1400.06,14.886178683202777,1429.8323573664054,1370.2876426335945,735848.0
LICN,2024-02-13,1400.0,1400.0,1370.0,1387.9,-0.15 %,2509.0,3452195.1,-0.001510791366906461,-0.0015119337629433123,1391.28,1397.4550000000002,1393.6567510625052,1401.2331188088647,44.01131817903419,-7.576367746359438,-7.47332877929275,31.342000506000453,1397.4550000000002,11.759228179059168,1420.9734563581185,1373.9365436418818,733339.0
LICN,2024-02-14,1388.0,1389.0,1367.0,1370.0,-1.29 %,1090.0,1494014.2,-0.012897182794149531,-0.012981073539623614,1385.58,1394.9050000000002,1390.017250899043,1398.9195544526526,38.05023654372106,-8.902303553609727,-7.759123734156146,30.674714755571852,1394.9050000000002,11.913436686488065,1418.7318733729762,1371.0781266270242,732249.0
LICN,2024-02-15,1363.1,1374.9,1360.0,1363.0,-0.51 %,3416.0,4663693.2,-0.005109489051094873,-0.0051225871256379675,1380.1799999999998,1391.855,1385.8607507607285,1396.2588467154192,35.99692079551737,-10.398095954690689,-8.286918178263056,29.547949415888155,1391.855,11.881054135351766,1415.6171082707035,1368.0928917292965,728833.0
LICN,2024-02-18,1353.0,1360.0,1323.0,1344.0,-1.39 %,5630.0,7543966.4,-0.013939838591342624,-0.014037910613437758,1370.98,1388.355,1379.420635259078,1392.3878210327957,31.092436215430666,-12.967185773717802,-9.222971697354005,30.294524457610432,1388.355,14.93270783068563,1418.2204156613714,1358.4895843386287,723203.0
LICN,2024-02-20,1359.0,1360.0,1318.0,1320.1,-1.78 %,4436.0,5920718.0,-0.017782738095238115,-0.01794275079638098,1357.0,1384.67,1370.2943836807583,1387.033167622959,26.24790602411899,-16.738783942200598,-10.726134146323325,31.130629853495403,1384.67,21.268016511054846,1427.2060330221098,1342.1339669778904,718767.0
LICN,2024-02-21,1315.2,1346.5,1315.2,1338.0,1.36 %,1059.0,1413347.0,0.013559578819786422,0.013468470401459908,1347.02,1382.0700000000002,1365.3260169606415,1383.4010811323694,34.481689092833136,-18.075064171727945,-12.195920151404248,31.142727721102872,1382.0700000000002,23.629510986738325,1429.3290219734768,1334.8109780265236,719826.0
LICN,2024-02-22,1348.0,1353.9,1316.1,1337.5,-0.04 %,2385.0,3162052.7,-0.00037369207772797175,-0.000373761918012166,1340.52,1379.395,1361.0450912743888,1380.0010010484903,34.36627490951808,-18.95590977410143,-13.547918075943684,31.618247169595538,1379.395,25.51815607508462,1430.431312150169,1328.3586878498309,717441.0
LICN,2024-02-25,1313.0,1330.0,1312.2,1330.0,-0.56 %,1412.0,1865389.2,-0.005607476635513975,-0.00562325755436212,1333.92,1376.44,1356.2689233860212,1376.2972231930464,32.60344625573909,-20.028299807025178,-14.843994422159984,31.16694380033871,1376.44,27.666612978152827,1431.7732259563056,1321.1067740436945,716029.0
LICN,2024-02-26,1330.0,1330.0,1305.1,1326.9,-0.23 %,2503.0,3288743.7,-0.0023308270676690723,-0.002333547673408582,1330.5,1372.685,1351.7506274804796,1372.638169623191,31.875630358999473,-20.88754214271148,-16.052703966270286,30.719304957457382,1372.685,29.075478454654753,1430.8359569093095,1314.5340430906904,713526.0
LICN,2024-02-27,1325.0,1343.0,1325.0,1335.0,0.61 %,354.0,473395.0,0.006104453990504188,0.006085897291959143,1333.48,1368.9850000000001,1349.173607868098,1369.8501570585104,35.90197272234121,-20.67654919041229,-16.977473011098688,29.810783174781854,1368.9850000000001,28.919002585237553,1426.8230051704752,1311.146994829525,713880.0
LICN,2024-02-28,1320.0,1354.5,1302.1,1327.7,-0.55 %,2877.0,3801192.6,-0.0054681647940074685,-0.00548316993249352,1331.42,1365.3049999999998,1345.8699758883906,1366.7279232023243,33.95425958717209,-20.857947313933664,-17.753567871665684,31.424298662297446,1365.3049999999998,29.271154743170772,1423.8473094863414,1306.7626905136583,711003.0
LICN,2024-02-29,1349.0,1349.0,1315.0,1315.0,-0.96 %,1749.0,2313306.7,-0.009565413873616091,-0.0096114562899915,1326.92,1360.8799999999999,1341.1207488286382,1362.8962251873372,30.82150702071762,-21.775476358699052,-18.55794956907236,31.6082773292762,1360.8799999999999,29.876352204565844,1420.6327044091315,1301.1272955908682,709254.0
LICN,2024-03-03,1303.0,1305.0,1291.0,1300.0,-1.14 %,3264.0,4234446.3,-0.011406844106463865,-0.011472401162236807,1320.92,1356.78,1334.7944797780785,1358.2372455438308,27.584329718352294,-23.442765765752256,-19.53491280840834,31.064828948613616,1356.78,32.3496131921671,1421.4792263843342,1292.0807736156657,705990.0
LICN,2024-03-04,1326.0,1352.5,1326.0,1352.5,4.04 %,210.0,278725.0,0.04038461538461546,0.03959046727100856,1326.0400000000002,1355.155,1337.5184059660664,1357.812264392436,48.121911650022305,-20.293858426369525,-19.686701932000577,32.595912595141215,1355.155,31.666510202731025,1418.488020405462,1291.8219795945379,706200.0
LICN,2024-03-05,1379.5,1380.0,1323.0,1340.0,-0.92 %,2332.0,3139291.0,-0.009242144177449174,-0.00928511777567954,1327.0400000000002,1352.3049999999998,1337.9001896635948,1356.4928374004037,44.85972536439369,-18.592647736808885,-19.46789109296224,34.33906169548827,1352.3049999999998,30.234878343060323,1412.7747566861206,1291.8352433138791,703868.0
LICN,2024-03-06,1315.0,1345.0,1315.0,1339.0,-0.07 %,1268.0,1687377.0,-0.0007462686567164534,-0.0007465472537845817,1329.3,1349.7549999999999,1338.0693912538109,1355.1970716670405,44.59924913051654,-17.127680413229655,-18.999848957015725,34.02912871723911,1349.7549999999999,29.01439706147107,1407.783794122942,1291.7262058770577,702600.0
LICN,2024-03-07,1339.0,1365.0,1324.0,1325.1,-1.04 %,1144.0,1534494.9,-0.01038088125466774,-0.010435138420582116,1331.32,1346.085,1336.0741002916861,1352.9676589509634,41.03275394059121,-16.893558659277232,-18.578590897468025,34.52704809457918,1346.085,27.103394135841942,1400.291788271684,1291.878211728316,701456.0
LICN,2024-03-10,1350.0,1434.0,1328.0,1370.0,3.39 %,1903.0,2567206.1,0.03388423515206407,0.0333228115515802,1345.3200000000002,1345.085,1341.2934694775804,1354.2293138434848,53.86634469410449,-12.935844365904359,-17.45004159115529,39.83940180210924,1345.085,25.7321072223757,1396.5492144447514,1293.6207855552486,703359.0
LICN,2024-03-12,1397.0,1415.3,1367.0,1415.0,3.28 %,7888.0,10999399.3,0.03284671532846706,0.03231879125516731,1357.8200000000002,1346.335,1352.6329357117986,1358.7308461513749,62.641873319841444,-6.097910439576253,-15.179615360839485,40.443730244815725,1346.335,28.488396067958927,1403.3117921359178,1289.3582078640823,711247.0
LICN,2024-03-13,1440.0,1440.0,1400.0,1437.0,1.55 %,2937.0,4206460.5,0.015547703180212036,0.015428076001686948,1377.22,1348.685,1365.6124840638297,1364.528561251273,66.0426923383466,1.0839228125566933,-11.926907726160248,40.412035227328886,1348.685,33.73522717620516,1416.1554543524103,1281.2145456475896,714184.0
LICN,2024-03-14,1411.0,1411.1,1362.0,1362.3,-5.20 %,3369.0,4630037.4,-0.05198329853862216,-0.05338315930700982,1381.88,1347.405,1365.1028711309327,1364.3634826400676,49.54905586630299,0.7393884908651671,-9.393648482755166,42.88260413966253,1347.405,32.63678059133601,1412.678561182672,1282.131438817328,710815.0
LICN,2024-03-17,1385.0,1388.0,1348.0,1364.0,0.12 %,1518.0,2072807.0,0.0012478895984731064,0.0012471116313922106,1389.66,1347.105,1364.9331986492507,1364.3365580000625,49.85597491492127,0.5966406491882026,-7.395590656366493,42.67670384397235,1347.105,32.445167915287726,1411.9953358305754,1282.2146641694246,712333.0
LICN,2024-03-18,1383.0,1390.0,1367.0,1376.0,0.88 %,463.0,636126.0,0.008797653958944274,0.008759180089881554,1390.8600000000001,1347.7549999999999,1366.6357834724429,1365.2005166667245,52.0724203839988,1.4352668057183564,-5.629419163949523,41.48551071226004,1347.7549999999999,32.90729362440487,1413.5695872488095,1281.9404127511903,712796.0
LICN,2024-03-19,1399.9,1399.9,1370.0,1370.0,-0.44 %,1048.0,1449179.0,-0.0043604651162790775,-0.004369999671118379,1381.8600000000001,1349.0549999999998,1367.1533552459132,1365.556033950671,50.86186455386332,1.5973212952421818,-4.184071072111182,40.6579742328129,1349.0549999999998,33.262788992769984,1415.5805779855398,1282.52942201446,711748.0
LICN,2024-03-20,1375.0,1390.0,1355.0,1355.0,-1.09 %,2141.0,2923255.6,-0.010948905109489093,-0.011009285508369368,1365.46,1350.8,1365.2836082850035,1364.7741055098807,47.865956419997474,0.5095027751228827,-3.2453563026643693,40.25383321618341,1350.8,32.572106245402026,1415.944212490804,1285.655787509196,709607.0
LICN,2024-03-21,1382.1,1382.1,1350.0,1356.2,0.09 %,1003.0,1358485.9,0.0008856088560886821,0.0008852169359405913,1364.24,1351.71,1363.8861300873107,1364.1389865832227,48.129185552297294,-0.25285649591205583,-2.6468563413139066,39.67141655788459,1351.71,32.449684127870995,1416.609368255742,1286.810631744258,710610.0
LICN,2024-03-25,1373.0,1373.0,1345.6,1357.5,0.10 %,783.0,1064927.4,0.0009585606842648087,0.0009581015583487095,1362.94,1352.71,1362.9036485354168,1363.6472097992805,48.432946297639404,-0.7435612638637394,-2.2661973258238732,38.79488680374998,1352.71,32.2965355808471,1417.3030711616943,1288.1169288383057,711393.0
LICN,2024-03-26,1380.0,1380.0,1337.0,1350.0,-0.55 %,957.0,1298567.4,-0.0055248618784530246,-0.005540180375615356,1357.74,1353.71,1360.9184718376603,1362.6363053697041,46.73262364341697,-1.7178335320438691,-2.1565245670678723,39.09525203205355,1353.71,31.86307713026375,1417.4361542605275,1289.9838457394726,710436.0
LICN,2024-03-27,1360.0,1360.0,1335.0,1337.0,-0.96 %,1804.0,2417236.0,-0.009629629629629655,-0.00967629433053198,1351.1399999999999,1354.215,1357.2387069395586,1360.737319786763,43.85846552086161,-3.498612847204413,-2.4249422230951803,38.088448315478296,1354.215,31.493696528849135,1417.2023930576981,1291.2276069423017,708632.0
LICN,2024-03-28,1324.3,1360.0,1323.5,1356.0,1.42 %,1309.0,1759129.5,0.01421091997008217,0.014110891398397598,1351.34,1355.2649999999999,1357.0481366411648,1360.3864072099657,48.81343945171864,-3.3382705688009082,-2.607607892236326,37.97498772151556,1355.2649999999999,31.167734243819417,1417.6004684876386,1292.929531512361,709941.0
LICN,2024-03-31,1379.8,1379.8,1330.1,1348.0,-0.59 %,897.0,1207288.0,-0.005899705014749235,-0.005917177028088507,1349.7,1356.2800000000002,1355.6561156194473,1359.468895564783,46.93509238200538,-3.8127799453357056,-2.8486423028562022,38.81248859855017,1356.2800000000002,30.54717835188348,1417.3743567037673,1295.1856432962331,709044.0
LICN,2024-04-01,1333.1,1359.0,1333.1,1335.0,-0.96 %,541.0,723142.6,-0.009643916913946615,-0.009690720637902467,1345.2,1357.2800000000002,1352.478251677994,1357.6563847822065,43.97388184635844,-5.17813310421252,-3.314540463127466,37.89016798436802,1357.2800000000002,29.43169791404988,1416.1433958281,1298.4166041719004,708503.0
LICN,2024-04-02,1351.0,1351.0,1335.0,1341.0,0.45 %,1332.0,1785610.0,0.004494382022471877,0.004484312447328586,1343.4,1359.3300000000002,1350.7123668044565,1356.422578502043,45.67739228808824,-5.710211697586601,-3.7936747100192934,36.32658455691317,1359.3300000000002,26.51539969623812,1412.3607993924763,1306.299200607524,709835.0
LICN,2024-04-03,1341.0,1354.5,1340.0,1340.0,-0.07 %,3901.0,5237764.0,-0.0007457121551081025,-0.0007459903367214449,1344.0,1358.7050000000002,1349.0643103730017,1355.2060912055956,45.42946443619904,-6.141780832593895,-4.263295934534214,34.76754280284794,1358.7050000000002,26.83031425750592,1412.365628515012,1305.0443714849882,705934.0
LICN,2024-04-04,1340.0,1350.1,1340.0,1350.0,0.75 %,1616.0,2177600.0,0.00746268656716409,0.0074349784875179905,1342.8,1359.2050000000002,1349.208262623309,1354.820454819996,48.44313122154049,-5.6121921966869195,-4.533075186964755,33.00557545978737,1359.2050000000002,26.555155610018872,1412.315311220038,1306.0946887799623,707550.0
LICN,2024-04-07,1350.0,1359.0,1340.0,1340.1,-0.73 %,1515.0,2037948.0,-0.007333333333333414,-0.00736035440629253,1341.22,1359.26,1347.8069914504924,1353.7300507592556,45.74947007790351,-5.923059308763186,-4.811072011324441,32.0051772126597,1359.26,26.512209699618165,1412.2844193992364,1306.2355806007636,706035.0
LICN,2024-04-09,1365.0,1447.0,1358.0,1369.0,2.16 %,5097.0,7203037.0,0.021565554809342746,0.021336308262266363,1348.02,1361.455,1351.0674543042628,1354.861158110422,53.82173960923306,-3.793703806159101,-4.607598370291374,37.354807411755445,1361.455,25.325927530137964,1412.1068550602758,1310.803144939724,711132.0
LICN,2024-04-10,1365.1,1370.0,1350.0,1352.0,-1.24 %,1372.0,1860983.5,-0.01241782322863405,-0.0124955686855395,1350.22,1360.5549999999998,1351.2109228728377,1354.6492204726128,49.18551317646107,-3.438297599775069,-4.373738216188113,36.11517831091577,1360.5549999999998,25.32611456473351,1411.207229129467,1309.9027708705328,709760.0
LICN,2024-04-14,1352.0,1355.0,1337.0,1353.0,0.07 %,1133.0,1524899.0,0.0007396449704142327,0.0007393715678786705,1352.8200000000002,1357.455,1351.4861655077857,1354.52705599316,49.46129571993611,-3.040890485374348,-4.10716867002536,34.82123700299322,1357.455,21.86976944981586,1401.1945388996317,1313.7154611003682,710893.0
LICN,2024-04-15,1353.0,1353.0,1330.0,1349.0,-0.30 %,827.0,1106672.0,-0.002956393200295615,-0.0029607719630321337,1352.6200000000001,1353.0549999999998,1351.103678506588,1354.117644438111,48.331362079791425,-3.013965931522989,-3.888528122324886,33.97686293135085,1353.0549999999998,11.342350772711931,1375.7397015454237,1330.370298454576,710066.0
LICN,2024-04-16,1340.0,1340.0,1323.0,1323.2,-1.91 %,670.0,890252.0,-0.01912527798369157,-0.01931053193832896,1349.24,1351.1,1346.81080489019,1351.8274485538066,41.71230617898245,-5.016643663616605,-4.11415123058323,33.40708700768293,1351.1,12.924354814342578,1376.948709628685,1325.2512903713148,709396.0
LICN,2024-04-18,1310.0,1330.0,1310.0,1327.0,0.29 %,533.0,702632.0,0.0028718258766626814,0.0028677100627806863,1340.8400000000001,1349.25,1343.7629887532378,1349.9883782905617,42.951557471359926,-6.225389537323963,-4.536398891931377,32.44943793570558,1349.25,13.610541580108226,1376.4710831602165,1322.0289168397835,709929.0
LICN,2024-04-21,1308.0,1361.0,1308.0,1325.0,-0.15 %,1940.0,2594001.8,-0.0015071590052750938,-0.0015082959118849634,1335.44,1346.7,1340.8763750988935,1348.1373873060757,42.44012273492028,-7.261012207182148,-5.081321554981531,33.91733522601233,1346.7,13.10311333027193,1372.906226660544,1320.493773339456,707989.0
LICN,2024-04-22,1349.0,1349.0,1316.2,1333.0,0.60 %,1398.0,1853140.8,0.006037735849056647,0.006019581758386129,1331.44,1344.85,1339.664625083679,1347.0160993574773,45.248478797597976,-7.351474273798203,-5.535352098744866,33.83752556701145,1344.85,12.222692441720422,1369.2953848834406,1320.4046151165592,709387.0
LICN,2024-04-24,1340.0,1340.0,1312.0,1315.2,-1.34 %,1860.0,2447403.0,-0.013353338334583631,-0.013443295876793184,1324.68,1342.8600000000001,1335.900836609267,1344.6593512569234,40.51224317253957,-8.758514647656511,-6.179984608527196,33.420559455082056,1342.8600000000001,13.640859673427638,1370.1417193468553,1315.578280653145,707527.0
LICN,2024-04-25,1306.0,1339.0,1306.0,1320.0,0.36 %,702.0,922807.1,0.0036496350364962904,0.0036429912785010087,1324.04,1341.05,1333.454554053995,1342.8327326452995,42.26716634818812,-9.378178591304504,-6.819623405082657,33.390519494004764,1341.05,14.169073066983083,1369.388146133966,1312.7118538660338,708229.0
LICN,2024-04-28,1320.0,1335.0,1306.0,1335.0,1.14 %,2629.0,3457588.0,0.011363636363636465,0.011299555253933466,1325.6399999999999,1339.925,1333.692314968765,1342.2525302271292,47.48126756245639,-8.560215258364224,-7.167741775738971,33.07691095871871,1339.925,13.678984072719416,1367.2829681454389,1312.567031854561,710858.0
LICN,2024-04-29,1312.3,1325.0,1312.2,1315.0,-1.50 %,1064.0,1398104.8,-0.014981273408239737,-0.015094626222485016,1323.6399999999999,1338.175,1330.8165742043398,1340.233824284379,42.030645574641014,-9.417250080039139,-7.617643436599005,32.3428458902388,1338.175,14.534310585957392,1367.2436211719148,1309.106378828085,709794.0
LICN,2024-04-30,1305.0,1325.0,1305.0,1318.9,0.30 %,2838.0,3724880.6,0.002965779467680729,0.002961390219974299,1320.8200000000002,1337.27,1328.9832550959798,1338.6535410040547,43.3952167273858,-9.670285908074902,-8.028171930894185,31.461214040936028,1337.27,15.161311566602537,1367.592623133205,1306.947376866795,712632.0
LICN,2024-05-02,1325.0,1336.0,1285.0,1315.0,-0.30 %,6616.0,8613988.3,-0.0029570096292365067,-0.0029613902199742007,1320.78,1335.2199999999998,1326.8319850812136,1336.9014268556061,42.322334572515466,-10.069441774392544,-8.436425899593857,32.8568416094406,1335.2199999999998,15.266978469149777,1365.7539569382993,1304.6860430617003,706016.0
LICN,2024-05-05,1315.0,1328.5,1254.4,1257.0,-4.41 %,11952.0,15206515.8,-0.04410646387832695,-0.045108736021617454,1308.1799999999998,1330.6699999999998,1316.088602761027,1330.9828026440798,30.317590367236107,-14.894199883052806,-9.727980696285648,35.80278149448055,1330.6699999999998,22.906586044390053,1376.48317208878,1284.8568279112196,694064.0
LICN,2024-05-06,1260.0,1272.0,1245.0,1265.0,0.64 %,5186.0,6515388.6,0.006364359586316537,0.0063441925713730975,1294.1799999999998,1327.1699999999998,1308.2288177208688,1326.0951876334072,33.13486818856083,-17.866369912538403,-11.3556585395362,35.174011387731944,1327.1699999999998,27.162592310954736,1381.4951846219094,1272.8448153780903,699250.0
LICN,2024-05-07,1284.0,1284.0,1262.0,1265.0,0.00 %,510.0,645770.0,0.0,0.0,1284.1799999999998,1323.37,1301.5782303791966,1321.5696181790809,33.134868188380494,-19.99138779988425,-13.082804391605812,34.23301057432252,1323.37,30.264937155909035,1383.899874311818,1262.8401256881818,699250.0
LICN,2024-05-08,1240.1,1285.0,1239.7,1260.0,-0.40 %,1652.0,2077264.4,-0.0039525691699604515,-0.003960401216096905,1272.4,1319.37,1295.181579551628,1317.008905721371,32.191466472999196,-21.827326169743174,-14.831708747233286,35.02350981901377,1319.37,33.10474763214412,1385.5794952642882,1253.1605047357116,697598.0
LICN,2024-05-09,1275.0,1284.0,1250.0,1250.0,-0.79 %,3045.0,3840096.9,-0.007936507936507908,-0.007968169649176845,1259.4,1314.37,1288.230567312916,1312.0452830753436,30.33144001198461,-23.814715762427568,-16.628310150272142,34.9504019747985,1314.37,35.68617748031238,1385.7423549606247,1242.9976450393751,694553.0
LICN,2024-05-12,1274.0,1289.0,1255.0,1265.0,1.20 %,2096.0,2655189.0,0.01200000000000001,0.011928570865273812,1261.0,1310.615,1284.6566338801597,1308.560447291985,36.278975641703305,-23.90381341182524,-18.083410802582762,35.23965897659861,1310.615,36.77093066681491,1384.1568613336299,1237.0731386663701,696649.0
LICN,2024-05-13,1290.0,1290.0,1268.0,1281.0,1.26 %,5030.0,6429154.2,0.012648221343873445,0.012568900735113563,1264.2,1306.215,1284.0940748216735,1306.5189326777638,41.9697106320121,-22.424857856090284,-18.951700213284266,34.508254763984425,1306.215,34.61895244543777,1375.4529048908755,1236.9770951091243,701679.0
LICN,2024-05-14,1262.0,1300.0,1262.0,1299.0,1.41 %,2294.0,2952314.9,0.014051522248243575,0.013953714773865308,1271.0,1303.565,1286.3872940798776,1305.9619747016332,47.63549240196451,-19.574680621755533,-19.07629629497852,34.75766513798554,1303.565,32.9164056840402,1369.3978113680805,1237.7321886319196,703973.0
LICN,2024-05-15,1299.0,1335.0,1295.0,1312.9,1.07 %,4047.0,5278499.2,0.010700538876058596,0.010643693269465224,1281.5800000000002,1301.56,1290.4661719137425,1306.475902501512,51.56795744086863,-16.00973058776958,-18.462983153536733,35.13211762812943,1301.56,30.90667446222904,1363.373348924458,1239.7466510755419,708020.0
LICN,2024-05-16,1312.0,1320.0,1287.1,1315.0,0.16 %,2749.0,3587358.4,0.001599512529514735,0.0015982346718001737,1294.58,1299.8600000000001,1294.240607003936,1307.1073171310297,52.15257997226877,-12.866710127093711,-17.34372854824813,34.97268065469162,1299.8600000000001,29.038547883051923,1357.937095766104,1241.7829042338963,710769.0
LICN,2024-05-19,1341.3,1363.0,1310.0,1361.0,3.50 %,7543.0,10118945.6,0.03498098859315579,0.034383058039601046,1313.78,1301.75,1304.5112828494844,1311.0993677139163,62.7574508297297,-6.5880848644319485,-15.192599811484895,36.26034632221365,1301.75,31.741894945564507,1365.233789891129,1238.266210108871,718312.0
LICN,2024-05-20,1364.0,1387.0,1355.0,1372.0,0.81 %,7161.0,9798235.5,0.008082292432035176,0.008049805634364372,1331.98,1304.0,1314.8941624111021,1315.6105256610335,64.76838978956125,-0.716363249931419,-12.297352499174199,35.95603587062696,1304.0,35.04858282289252,1374.097165645785,1233.902834354215,725473.0
LICN,2024-05-21,1345.0,1371.0,1342.0,1371.0,-0.07 %,4183.0,5692297.6,-0.0007288629737609575,-0.0007291287235161682,1346.3799999999999,1306.3,1323.525829732471,1319.7134496861422,64.42780533226528,3.812380046328826,-9.075405990073595,35.530604737010755,1306.3,37.89310449698575,1382.0862089939715,1230.5137910060284,721290.0
LICN,2024-05-22,1351.1,1383.3,1351.1,1374.5,0.26 %,3873.0,5296556.7,0.0025528811086799053,0.002549628042986122,1358.7,1308.375,1331.3680097736294,1323.771712672354,65.11916076091715,7.596297101275468,-5.741065371803782,35.29270439865285,1308.375,40.4800779461299,1389.3351558922598,1227.4148441077402,725163.0
LICN,2024-05-26,1380.0,1381.0,1368.0,1369.1,-0.39 %,3174.0,4360133.3,-0.00392870134594403,-0.003936438965590135,1369.52,1311.07,1337.172931346917,1327.1293635855127,63.08208511673976,10.043567761404347,-2.5841387451621567,33.70036837017765,1311.07,42.692155078674624,1396.4543101573493,1225.6856898426506,721989.0
LICN,2024-05-27,1375.0,1385.0,1369.0,1385.0,1.16 %,3175.0,4365531.5,0.011613468702067031,0.011546549981728535,1374.3200000000002,1314.32,1344.53094190893,1331.4160773939932,66.4136565801806,13.114864514936698,0.5556619068576145,32.43605634373639,1314.32,45.770843396878924,1405.8616867937578,1222.778313206242,725164.0
LICN,2024-05-29,1412.7,1412.7,1351.0,1384.9,-0.01 %,7394.0,10286541.9,-7.220216606496077e-05,-7.220477276682678e-05,1376.9,1316.815,1350.741566230633,1335.3778494388825,66.37308783683048,15.363716791750448,3.5172728838361818,34.52633803346951,1316.815,48.25033705907406,1413.315674118148,1220.314325881852,717770.0
LICN,2024-05-30,1361.0,1368.0,1351.0,1364.0,-1.51 %,3544.0,4826864.5,-0.01509134233518672,-0.015206375445264682,1375.5,1319.2649999999999,1352.7813252720741,1337.498008739706,58.350577473761135,15.28331653236819,5.870481613542584,34.48159960250741,1319.2649999999999,49.3840404115226,1418.033080823045,1220.4969191769546,714226.0
LICN,2024-06-02,1364.0,1375.0,1355.0,1374.6,0.78 %,4730.0,6429686.0,0.007771260997067486,0.007741220284097467,1375.52,1322.05,1356.1380444609858,1340.2463043886166,60.92990779118906,15.891740072369203,7.874733305307908,33.44719963089974,1322.05,50.90940870541837,1423.8688174108368,1220.2311825891632,718956.0
LICN,2024-06-03,1374.0,1379.0,1358.0,1373.0,-0.12 %,6392.0,8713876.7,-0.001163974974538018,-0.0011646529195337592,1376.3,1324.95,1358.732191466988,1342.672504063534,60.32264432953226,16.059687403454063,9.511724124937139,32.55811394297833,1324.95,52.12413826119509,1429.1982765223902,1220.70172347761,712564.0
LICN,2024-06-04,1351.2,1383.9,1351.2,1376.8,0.28 %,1672.0,2298309.0,0.002767662053896558,0.0027638391293585943,1374.6599999999999,1330.94,1361.5118543182207,1345.2004667254944,61.308936519213056,16.311387592726305,10.871656818494973,32.56824866133702,1330.94,50.77048873424711,1432.4809774684943,1229.3990225315058,714236.0
LICN,2024-06-05,1375.0,1430.0,1373.0,1373.0,-0.28 %,3985.0,5566007.0,-0.0027600232423009574,-0.002763839129358583,1372.28,1336.3400000000001,1363.2792613461868,1347.2596914124947,59.71048970594882,16.019569933692082,11.901239441534395,34.313373756955805,1336.3400000000001,49.10406136058207,1434.5481227211642,1238.131877278836,710251.0
LICN,2024-06-06,1399.7,1399.8,1352.4,1379.0,0.44 %,2281.0,3145359.9,0.004369992716678706,0.004360472025330663,1375.28,1342.0400000000002,1365.6978365236964,1349.6108253819395,61.42081905168307,16.087011141756875,12.73839378157889,35.2481327743161,1342.0400000000002,46.95666983617804,1435.9533396723564,1248.126660327644,712532.0
LICN,2024-06-09,1379.0,1379.0,1340.0,1360.0,-1.38 %,2858.0,3885078.0,-0.013778100072516342,-0.013873899063204145,1372.36,1347.0400000000002,1364.8212462892816,1350.3803938721662,53.65347334988943,14.440852417115366,13.078885508686186,35.516123290436376,1347.0400000000002,42.91095308584314,1432.8619061716865,1261.2180938283138,709674.0
LICN,2024-06-10,1340.1,1379.0,1333.0,1341.0,-1.40 %,1308.0,1760571.8,-0.013970588235294068,-0.014069095448419118,1365.9599999999998,1351.5900000000001,1361.1564391678537,1349.6855498816353,47.22231779614526,11.47088928621838,12.757286264192626,36.26497162683378,1351.5900000000001,36.41234463892527,1424.4146892778506,1278.7653107221497,708366.0
LICN,2024-06-11,1340.0,1394.0,1340.0,1375.0,2.54 %,993.0,1355601.4,0.025354213273676374,0.025038126818993155,1365.6,1357.0900000000001,1363.2862177574148,1351.5606943348475,57.12597182887651,11.725523422567221,12.550933695867545,37.53175936777422,1357.0900000000001,30.466995084391115,1418.0239901687823,1296.156009831218,709359.0
LICN,2024-06-12,1375.0,1410.0,1362.2,1371.9,-0.23 %,3305.0,4604814.7,-0.002254545454545398,-0.0022570907685524172,1365.38,1361.635,1364.6114150255048,1353.0673095693032,56.0924561620404,11.544105456201578,12.349568047934351,38.26520512721892,1361.635,24.765240390062722,1411.1654807801253,1312.1045192198746,706054.0
LICN,2024-06-13,1371.0,1387.0,1348.3,1369.9,-0.15 %,5508.0,7548446.6,-0.001457832203513365,-0.0014588958747753314,1363.56,1365.18,1365.4250434831195,1354.3141755271326,55.39612499396196,11.110867955986805,12.101828029544842,38.296261903846144,1365.18,19.929945731004075,1405.0398914620082,1325.320108537992,700546.0
LICN,2024-06-16,1350.2,1368.0,1350.2,1360.0,-0.72 %,1740.0,2361237.5,-0.007226804876268367,-0.007253044727246185,1363.56,1367.535,1364.5904214087934,1354.735347710308,51.95776220796388,9.855073698485512,11.652477163332977,36.96795748214285,1367.535,15.7773413475995,1399.0896826951991,1335.980317304801,698806.0
LICN,2024-06-18,1360.0,1370.0,1348.0,1354.0,-0.44 %,2312.0,3140231.5,-0.004411764705882337,-0.004421525257877374,1366.16,1369.4850000000001,1362.9611258074406,1354.6808775095444,49.934851053260424,8.28024829789615,10.978031390245611,35.89881766198979,1369.4850000000001,10.454879243620221,1390.3947584872406,1348.5752415127597,696494.0
LICN,2024-06-19,1343.0,1407.0,1340.2,1382.0,2.07 %,2076.0,2863740.0,0.02067946824224509,0.0204685508553948,1367.56,1370.535,1365.8901833755265,1356.7045162125412,58.12785311605812,9.185667162985283,10.619558544793547,38.10604497184766,1370.535,10.611229156380116,1391.7574583127603,1349.31254168724,698570.0
LICN,2024-06-20,1355.1,1380.9,1333.1,1365.0,-1.23 %,1253.0,1687907.7,-0.01230101302460207,-0.012377296708555143,1366.1799999999998,1370.185,1365.7532320869839,1357.3189964930937,52.509360034891515,8.434235593890207,10.18249395461288,38.87704175957283,1370.185,10.675612887558232,1391.5362257751165,1348.8337742248834,697317.0
LICN,2024-06-23,1360.0,1360.0,1323.0,1344.0,-1.54 %,3591.0,4797070.4,-0.01538461538461533,-0.015504186535965199,1361.0,1368.835,1362.4065809966785,1356.3324041602718,46.52671770235098,6.07417683640665,9.360830530971635,39.100110205317634,1368.835,12.169732730652694,1393.1744654613053,1344.4955345386948,693726.0
LICN,2024-06-24,1370.2,1370.7,1322.1,1346.9,0.22 %,4316.0,5762347.1,0.0021577380952382264,0.0021554135216744503,1358.38,1367.455,1360.0209531510357,1355.6337075558072,47.41768023795472,4.387245595228478,8.366113543823005,39.77867376208067,1367.455,13.028126455712616,1393.5112529114251,1341.3987470885747,698042.0
LICN,2024-06-25,1347.0,1380.0,1347.0,1377.0,2.23 %,8409.0,11466051.6,0.022347613037345004,0.022101564123885663,1362.98,1367.85,1362.6331142047225,1357.2163958850067,55.67316378286689,5.416718319715756,7.776234499001555,39.30162563621776,1367.85,13.199262339784825,1394.2485246795695,1341.4514753204303,706451.0
LICN,2024-06-26,1392.9,1392.9,1360.0,1374.0,-0.22 %,2326.0,3193068.0,-0.002178649237472796,-0.002181025946360226,1361.38,1367.3,1364.3818658655346,1358.4596258194508,54.75052750973204,5.922240046083743,7.405435608417993,38.84436666220221,1367.3,12.665410833353064,1392.6308216667062,1341.9691783332937,704125.0
LICN,2024-06-27,1374.0,1374.0,1335.0,1354.0,-1.46 %,2058.0,2767940.8,-0.01455604075691408,-0.014663019310074306,1359.18,1365.7549999999999,1362.7846557323755,1358.129283166158,48.92891096091681,4.655372566217466,6.855422999977888,38.85548332918777,1365.7549999999999,12.28441353049203,1390.3238270609838,1341.186172939016,702067.0
LICN,2024-06-30,1333.0,1344.0,1329.0,1341.0,-0.96 %,3092.0,4119035.0,-0.009601181683899562,-0.009647570190541785,1358.5800000000002,1364.605,1359.4331702350871,1356.8604473760722,45.53937392024182,2.5727228590149025,5.998882971785291,37.8658059485315,1364.605,13.476118252544044,1391.5572365050882,1337.6527634949118,698975.0
LICN,2024-07-01,1329.0,1349.0,1329.0,1338.0,-0.22 %,1664.0,2221157.3,-0.0022371364653244186,-0.0022396425935047983,1356.8,1362.775,1356.135759429689,1355.4633772000668,44.76862805056632,0.6723822296221442,4.933582823352663,36.589676952207824,1362.775,14.494023269091388,1391.7630465381828,1333.7869534618173,697311.0
LICN,2024-07-02,1364.7,1448.0,1343.0,1362.5,1.83 %,4241.0,5769696.3,0.018310911808669728,0.01814528584922545,1353.9,1362.25,1357.1148733635828,1355.9846085185804,51.92471388201203,1.1302648450023298,4.172919227682597,41.83327145562155,1362.25,14.292931635444361,1390.8358632708887,1333.6641367291113,701552.0
LICN,2024-07-03,1375.0,1400.0,1326.1,1356.0,-0.48 %,3665.0,4986240.9,-0.004770642201834874,-0.004782058037058273,1350.3,1361.2099999999998,1356.9433543845698,1355.9857486283152,50.07114311380036,0.9576057562546794,3.5298565333970133,44.1237520659343,1361.2099999999998,13.930651550814755,1389.0713031016294,1333.3486968983702,697887.0
LICN,2024-07-04,1369.0,1369.0,1350.0,1365.0,0.66 %,5273.0,7164045.9,0.006637168141592875,0.006615239118719183,1352.5,1360.81,1358.1828383254053,1356.6534709521436,52.59449420083575,1.5293673732617208,3.129758701369955,42.32919834693899,1360.81,13.687024204610134,1388.1840484092202,1333.4359515907797,703160.0
LICN,2024-07-07,1370.0,1393.0,1370.0,1385.1,1.47 %,6627.0,9201585.9,0.014725274725274629,0.014617910561992721,1361.32,1361.115,1362.323940121497,1358.7606212519847,57.73224958460257,3.563318869512159,3.216470734998396,41.30568417930049,1361.115,14.173038711385333,1389.4610774227706,1332.7689225772294,709787.0
LICN,2024-07-08,1409.9,1409.9,1385.0,1395.9,0.78 %,4882.0,6807919.5,0.007797270955165914,0.007767029337659817,1372.9,1362.9099999999999,1367.4894877951126,1361.5116863444305,60.22655823931578,5.977801450682136,3.7687368781351442,40.133849595064746,1362.9099999999999,16.158650933745925,1395.2273018674916,1330.592698132508,714669.0
LICN,2024-07-09,1390.0,1400.0,1375.1,1380.0,-1.14 %,4914.0,6828650.8,-0.011390500752202937,-0.011455869367462203,1376.4,1364.86,1369.41418198048,1362.8811910596578,55.0737523886865,6.532990920822158,4.321587686672547,39.045717481131554,1364.86,15.722775970202752,1396.3055519404054,1333.4144480595944,709755.0
LICN,2024-07-10,1380.0,1389.0,1372.0,1389.0,0.65 %,3595.0,4948779.0,0.006521739130434856,0.006500564603093463,1383.0,1365.56,1372.4273847527138,1364.8159176478314,57.300683221927265,7.611467104882422,4.9795635703145225,37.47102337533644,1365.56,16.490871478000354,1398.5417429560007,1332.5782570439992,713350.0
LICN,2024-07-11,1389.0,1433.0,1387.9,1427.9,2.80 %,12418.0,17556427.9,0.028005759539236896,0.02762076968190583,1395.58,1368.3600000000001,1380.9616332522965,1369.4888126368808,65.30561373876971,11.472820615415685,6.278214979334756,38.01595027709812,1368.3600000000001,21.58984654143905,1411.5396930828783,1325.180306917122,725768.0
LICN,2024-07-14,1456.4,1515.0,1431.0,1457.0,2.04 %,8816.0,12940831.6,0.020379578401848786,0.02017469375895519,1409.96,1372.715,1392.659843521174,1375.9711228119265,69.85797880890169,16.68872070924749,8.360316125317304,41.52195382873397,1372.715,29.318276588230113,1431.3515531764601,1314.0784468235397,734584.0
LICN,2024-07-15,1483.8,1510.0,1425.1,1438.0,-1.30 %,10643.0,15441373.4,-0.013040494166094763,-0.013126267914212883,1418.3799999999999,1376.615,1399.6352522102243,1380.5658544554874,63.957159254819835,19.069397754736883,10.50213245120122,44.62038569811013,1376.615,32.5478801152812,1441.7107602305623,1311.5192397694377,723941.0
LICN,2024-07-16,1438.0,1470.0,1438.0,1469.0,2.16 %,4597.0,6703985.8,0.021557719054241975,0.02132863789288528,1436.1799999999998,1382.365,1410.3067518701898,1387.116531903229,68.61524834693682,23.19021996696074,13.039749954353123,43.71892957681655,1382.365,38.03753374869296,1458.4400674973858,1306.2899325026142,728538.0
LICN,2024-07-17,1498.3,1500.0,1475.1,1490.0,1.43 %,13347.0,19890811.3,0.014295439074200056,0.014194222765627441,1456.3799999999999,1387.7649999999999,1422.5672515824683,1394.737529540027,71.31933314689657,27.82972204244129,15.997744371970757,42.81043460704394,1387.7649999999999,45.010048877986925,1477.7850977559738,1297.744902244026,741885.0
LICN,2024-07-18,1500.0,1535.0,1500.0,1510.2,1.36 %,27881.0,42279864.4,0.013557046979865817,0.013465972429820405,1472.8400000000001,1395.025,1436.0492128774733,1403.2903051296546,73.66939457100476,32.75890774781874,19.349977047140356,42.96683213511223,1395.025,52.269603474363834,1499.5642069487278,1290.4857930512724,769766.0
LICN,2024-07-21,1500.0,1543.9,1500.0,1515.0,0.32 %,14864.0,22673273.7,0.0031783869686135002,0.0031733465741444027,1484.44,1403.575,1448.1954878194006,1411.5650973422728,74.21016518106987,36.630390477127776,22.80605973313784,43.03348698260422,1403.575,57.233831318262,1518.042662636524,1289.107337363476,784630.0
LICN,2024-07-22,1540.0,1545.3,1492.0,1517.0,0.13 %,9700.0,14694204.3,0.0013201320132012473,0.0013192614050626585,1500.2400000000002,1412.0800000000002,1458.7807973856468,1419.3750901317342,74.44566482959672,39.405707253912624,26.1259892372928,43.76680934098963,1412.0800000000002,60.890320724180995,1533.8606414483622,1290.299358551638,794330.0
LICN,2024-07-23,1518.0,1600.0,1501.0,1590.0,4.81 %,20472.0,32307729.2,0.048121292023731055,0.04699931586574497,1524.44,1422.73,1478.9683670186241,1432.0139723441985,81.1953613166569,46.95439467442566,30.29167032471937,47.712037245204655,1422.73,72.03853574010157,1566.8070714802031,1278.652928519797,814802.0
LICN,2024-07-24,1592.0,1635.0,1548.0,1585.0,-0.31 %,33124.0,52992660.8,-0.0031446540880503138,-0.00314960890289622,1543.44,1433.2800000000002,1495.2809259388357,1443.3462706890728,79.64367904261206,51.934655249762955,34.62026730972809,50.51832029911861,1433.2800000000002,79.58191807320006,1592.4438361464004,1274.1161638536,781678.0
LICN,2024-07-25,1570.0,1599.0,1560.1,1595.0,0.63 %,13145.0,20749878.9,0.006309148264984188,0.006289328907563918,1560.4,1445.3300000000002,1510.6223219482456,1454.5798802676597,80.44844137996378,56.04244168058585,38.904702183899644,49.688440277753,1445.3300000000002,85.00660717354245,1615.343214347085,1275.3167856529153,794823.0
LICN,2024-07-28,1563.1,1721.7,1563.1,1687.0,5.77 %,28814.0,47077226.5,0.057680250783699094,0.05607806732702339,1594.8,1462.63,1537.757349340823,1471.7961854330183,85.95119664527931,65.9611639078048,44.315994528680676,57.467837400770655,1462.63,97.01605455853385,1656.6621091170678,1268.5978908829325,823637.0
LICN,2024-07-29,1720.0,1720.0,1640.0,1640.0,-2.79 %,19841.0,33251493.0,-0.027860106698280984,-0.028255561727724206,1619.4,1477.73,1553.4869879037735,1484.2557272527947,74.426692530738,69.23126065097881,49.29904775314031,59.077277586429894,1477.73,100.05195019009543,1677.833900380191,1277.626099619809,803796.0
LICN,2024-07-30,1630.0,1702.0,1630.0,1700.0,3.66 %,23602.0,39629009.9,0.03658536585365857,0.03593200922606337,1641.4,1494.605,1576.0274513031932,1500.2367844933283,78.4070368260864,75.79066680986489,54.59737156448523,60.00032918739919,1494.605,107.75902685353267,1710.1230537070653,1279.0869462929347,827398.0
LICN,2024-07-31,1733.9,1733.9,1700.0,1701.0,0.06 %,21538.0,36811817.4,0.0005882352941175562,0.0005880623515542229,1664.6,1511.855,1595.253997256548,1515.1081337901187,78.46719128895148,80.14586346642932,59.70706994487405,58.136019959727825,1511.855,111.93617765682579,1735.7273553136515,1287.9826446863485,848936.0
LICN,2024-08-01,1699.0,1805.0,1667.0,1742.0,2.41 %,36426.0,62599290.6,0.0241034685479129,0.023817565016586252,1694.0,1530.7050000000002,1617.8303053709253,1531.9149386945542,80.82572990578291,85.91536667637115,64.94872929117346,63.840589962604405,1530.7050000000002,117.50886405534885,1765.722728110698,1295.6872718893023,885362.0
LICN,2024-08-05,1742.0,1780.0,1710.4,1775.0,1.89 %,18920.0,33009663.3,0.01894374282433975,0.018766544497067977,1711.6,1550.2,1642.010258390783,1549.9212395319946,82.48831894949305,92.08901885878845,70.37678720469646,64.25197639384695,1550.2,124.23163000917457,1798.663260018349,1301.736739981651,904282.0
LICN,2024-08-06,1810.5,1846.0,1625.4,1655.0,-6.76 %,30029.0,51559664.0,-0.06760563380281692,-0.06999941409835292,1714.6,1563.1550000000002,1644.0086801768166,1557.7048514185135,61.57861155089971,86.3038287583031,73.56219551541778,75.41969236571501,1563.1550000000002,120.75516105348166,1804.6653221069635,1321.644677893037,874253.0
LICN,2024-08-07,1655.0,1734.0,1633.1,1700.0,2.72 %,19415.0,32920867.7,0.027190332326284095,0.026827242233144276,1714.6,1579.1550000000002,1652.6227293803831,1568.24523279492,65.14654905647768,84.37749658546318,75.72525572942686,77.23971433959252,1579.1550000000002,116.32874684318148,1811.8124936863633,1346.4975063136371,893668.0
LICN,2024-08-08,1700.0,1733.9,1666.0,1700.0,0.00 %,15678.0,26596347.0,0.0,0.0,1714.4,1594.7050000000002,1659.9115402449397,1578.0048451804814,65.1465490563329,81.90669506445829,76.96154359643316,76.5725918867645,1594.7050000000002,110.1968834930406,1815.0987669860813,1374.311233013919,893668.0
LICN,2024-08-11,1722.0,1860.0,1701.0,1860.0,9.41 %,49221.0,87927808.8,0.09411764705882364,0.08994823666293958,1738.0,1616.31,1690.6943802072567,1598.8933751671125,74.7974121800012,91.80100504014422,79.92943588517537,82.53169246628133,1616.31,117.8638192777443,1852.0376385554885,1380.5823614445114,942889.0
LICN,2024-08-12,1891.0,1917.6,1825.1,1902.0,2.26 %,37481.0,70598850.5,0.022580645161290214,0.022329476398088577,1763.4,1638.56,1723.2029370984478,1621.3457177473265,76.62698265534092,101.85721935112133,84.31499257836457,83.24371443297552,1638.56,127.79168245728356,1894.143364914567,1382.976635085433,980370.0
LICN,2024-08-13,1911.2,2092.2,1911.2,2000.0,5.15 %,53063.0,107020470.3,0.05152471083070442,0.05024121643674665,1832.4,1666.6599999999999,1765.7871006217638,1649.3941830993763,80.23284850782952,116.3929175223875,90.73057756716915,90.8834491163344,1666.6599999999999,142.3313273205947,1951.3226546411893,1381.9973453588104,1033433.0
LICN,2024-08-14,1980.0,2033.0,1980.0,2008.1,0.41 %,35727.0,71656456.1,0.004049999999999887,0.004041820826331577,1894.0199999999998,1693.6150000000002,1803.0660082184154,1675.9649843512743,80.50061688285373,127.10102386714107,98.00466682716353,88.17748846516767,1693.6150000000002,153.53488982878494,2000.68477965757,1386.5452203424304,1069160.0
LICN,2024-08-15,2020.0,2101.0,1983.0,2065.0,2.83 %,67903.0,138093566.1,0.028335242268811456,0.027941225026719217,1967.0199999999998,1722.3650000000002,1843.3635454155824,1704.7823929178467,82.31311845022765,138.58115249773573,106.11996396127799,90.30766786051284,1722.3650000000002,166.67377299762427,2055.7125459952485,1389.0174540047517,1137063.0
LICN,2024-08-18,2106.3,2271.5,2080.0,2271.5,10.00 %,123864.0,277869615.1,0.10000000000000009,0.09531017980432493,2049.3199999999997,1760.4300000000003,1909.2306922747234,1746.761474923932,87.02629740365289,162.4692173507915,117.38981463918071,98.60712015619049,1760.4300000000003,199.39106800456383,2159.212136009128,1361.6478639908726,1260927.0
LICN,2024-08-21,2316.9,2448.0,2271.0,2351.0,3.50 %,67779.0,160346258.5,0.03499889940567913,0.034400363340611584,2139.12,1802.2300000000002,1977.1952011555354,1791.519884188826,88.31706051574838,185.6753169667095,131.0469151046865,104.20661157360546,1802.2300000000002,230.44252645725092,2263.115052914502,1341.3449470854985,1328706.0
LICN,2024-08-22,2398.0,2450.0,2331.0,2437.0,3.66 %,65701.0,157692119.6,0.036580178647384054,0.03592700508513668,2226.5199999999995,1848.2300000000002,2047.9344009777608,1839.3332261007647,89.5305161051994,208.60117487699608,146.55776705914843,105.26328217549079,1848.2300000000002,260.38718155045666,2369.0043631009135,1327.455636899087,1394407.0
LICN,2024-08-25,2415.0,2447.9,2350.0,2419.0,-0.74 %,73524.0,176159872.8,-0.007386130488305276,-0.007413543015178953,2308.7,1889.6800000000003,2105.0214162119514,1882.2715056488562,87.48241560742409,222.74991056309523,161.7961957599378,104.73733344867003,1889.6800000000003,282.1871170918913,2454.0542341837827,1325.3057658162177,1320883.0
LICN,2024-08-27,2425.0,2465.0,2370.0,2444.0,1.03 %,82065.0,198989145.9,0.01033484911120297,0.010281809681458682,2384.5,1932.6300000000003,2157.171967563959,1923.8810237489408,87.8965502245277,233.29094381501795,176.09514537095384,104.04180963090789,1932.6300000000003,298.28532102140645,2529.2006420428133,1336.0593579571873,1402948.0
LICN,2024-08-28,2444.0,2475.0,2370.0,2390.0,-2.21 %,60661.0,147490001.1,-0.02209492635024546,-0.02234267536592955,2408.2,1972.3800000000003,2192.9916648618114,1958.4083553230932,81.61550241298517,234.58330953871814,187.7927782045067,104.11025180012876,1972.3800000000003,303.843845974941,2580.0676919498824,1364.6923080501183,1342287.0
LICN,2024-08-29,2430.0,2430.0,2305.0,2314.0,-3.18 %,51417.0,119562287.0,-0.03179916317991627,-0.032315737171934415,2400.8,2003.7300000000002,2211.6083318061483,1984.7484771510124,73.63966008232913,226.8598546551359,195.60619349463255,105.60237667154814,2003.7300000000002,305.19248473192096,2614.114969463842,1393.3450305361584,1290870.0
LICN,2024-09-01,2301.2,2320.0,2240.2,2249.9,-2.77 %,45069.0,102886797.2,-0.027700950734658614,-0.028091857987284113,2363.38,2034.225,2217.4993576821253,2004.389330695382,67.63606548340051,213.11002698674338,199.10696019305473,103.75934976643758,2034.225,297.30436800834923,2628.8337360166984,1439.6162639833015,1245801.0
LICN,2024-09-02,2289.0,2350.0,2230.0,2298.9,2.18 %,48700.0,111252599.6,0.0217787457220322,0.021544976878130645,2339.36,2064.17,2230.022533423337,2026.2049358290574,69.67157077077196,203.8175975942795,200.0490876732997,104.91939621169205,2064.17,291.9823626612832,2648.1347253225667,1480.2052746774336,1294501.0
LICN,2024-09-03,2340.0,2385.0,2304.0,2369.9,3.09 %,59199.0,138700294.9,0.030884335986776312,0.030417012501685794,2324.54,2097.6150000000002,2251.5421436659003,2051.6638294713493,72.3820683491104,199.87831419455097,200.01493297754996,103.5751536251426,2097.6150000000002,286.4508156091722,2670.5166312183446,1524.7133687816558,1353700.0
LICN,2024-09-04,2417.0,2417.0,2274.1,2326.0,-1.85 %,27020.0,62431614.0,-0.01852398835393898,-0.01869770606754435,2311.7400000000002,2126.815,2262.997198486531,2071.9850272882863,68.31655034137995,191.0121711982447,198.21438062168892,106.38407122334672,2126.815,277.93147636177116,2682.677952723542,1570.9520472764577,1326680.0
LICN,2024-09-05,2320.0,2326.0,2263.1,2270.0,-2.41 %,18831.0,43239895.6,-0.02407566638005154,-0.024370222603161323,2302.94,2151.565,2264.074552565526,2086.65280304471,63.42283460716198,177.42174952081632,194.0558544015144,103.27806613596482,2151.565,266.7690806572964,2685.103161314593,1618.0268386854073,1307849.0
LICN,2024-09-08,2250.5,2280.0,2220.0,2235.0,-1.54 %,16573.0,37274341.7,-0.01541850220264318,-0.01553860342777916,2299.96,2180.565,2259.601544478522,2097.6414843006573,60.50558894098175,161.96006017786476,187.63669555678447,100.18677569768163,2180.565,240.14400345363453,2660.853006907269,1700.2769930927311,1291276.0
LICN,2024-09-09,2222.1,2222.1,2177.2,2177.2,-2.59 %,18623.0,41085994.9,-0.025861297539150008,-0.02620158048762437,2275.62,2204.425,2246.9243837895187,2103.534707685794,55.930295567753284,143.38967610372492,178.78729166617256,97.15914886213297,2204.425,211.93299803923222,2628.2909960784646,1780.5590039215358,1272653.0
LICN,2024-09-10,2220.0,2225.0,2141.0,2175.0,-0.10 %,14307.0,31305467.4,-0.0010104721660847416,-0.0010109830372603548,2236.6400000000003,2228.175,2235.8590939757464,2108.8284330424017,55.757470774672335,127.03066093334473,168.435965519607,96.2192096576949,2228.175,175.99885129709602,2580.1727025941923,1876.177297405808,1258346.0
LICN,2024-09-11,2171.1,2185.0,2070.4,2070.4,-4.81 %,17358.0,36907672.9,-0.04809195402298849,-0.04928683921620303,2185.52,2238.695,2210.4038487487087,2105.9818824466684,48.14078883671501,104.42196630204035,155.63316567609368,97.53212325357384,2238.695,158.224196283237,2555.143392566474,1922.2466074335262,1240988.0
LICN,2024-09-12,2109.0,2200.0,2055.1,2189.9,5.77 %,16729.0,35673804.5,0.05771831530139093,0.056114055360962915,2169.5,2253.09,2207.2494104796765,2112.1980393024705,55.602555029838726,95.05137117720597,143.51680677631614,100.91554302117572,2253.09,137.75190093254253,2528.593801865085,1977.586198134915,1257717.0
LICN,2024-09-15,2200.0,2200.0,2099.0,2099.0,-4.15 %,13264.0,28707147.1,-0.041508744691538424,-0.04239483984691145,2142.3,2258.04,2190.595655021265,2111.2204067615467,49.73981595965056,79.37524825971832,130.68849507299657,100.92157566252031,2258.04,129.72344429594332,2517.486888591887,1998.5931114081134,1244453.0
LICN,2024-09-16,2139.0,2139.0,2001.0,2019.0,-3.81 %,11317.0,23005726.8,-0.03811338732729874,-0.03885870150779552,2110.66,2258.585,2164.196323479532,2104.3892655199506,45.22069621927039,59.80705795958147,116.51220765031357,103.57003454376887,2258.585,128.63646153732938,2515.8579230746586,2001.3120769253412,1233136.0
LICN,2024-09-18,2019.0,2130.0,2001.0,2057.0,1.88 %,13428.0,27466029.4,0.018821198613174772,0.018646271340119605,2087.06,2258.185,2147.704581405758,2100.8789495555097,47.65354568653629,46.8256318502481,102.57489249030048,105.38646064778537,2258.185,129.28092737992424,2516.7468547598482,1999.6231452401514,1246564.0
LICN,2024-09-22,2098.1,2098.1,2050.0,2055.0,-0.10 %,7247.0,14989982.9,-0.000972289742343202,-0.0009727627226221707,2083.98,2247.3599999999997,2133.4423381125644,2097.480508847694,47.53389004781033,35.961829264870175,89.25227984521443,101.29457060151499,2247.3599999999997,136.94425450564887,2521.2485090112973,1973.471490988702,1239317.0
LICN,2024-09-23,2056.0,2056.0,2014.0,2025.0,-1.46 %,12074.0,24461485.2,-0.014598540145985384,-0.014706147389695449,2051.0,2231.06,2116.7589014798623,2092.1115822663833,45.68100063412503,24.647319213479022,76.33128771886736,97.05924412997821,2231.06,143.21676026588236,2517.4935205317647,1944.6264794682352,1227243.0
LICN,2024-09-24,1990.0,2100.0,1985.0,2020.0,-0.25 %,29901.0,61313826.3,-0.0024691358024691024,-0.002472189145389037,2035.2,2210.21,2101.8729166368066,2086.7699835799845,45.36361502436097,15.102933056822167,64.08561678645832,98.34072669212262,2210.21,142.00636716637732,2494.2227343327545,1926.1972656672453,1197342.0
LICN,2024-09-25,2012.0,2100.0,2004.0,2080.0,2.97 %,12033.0,24916867.8,0.02970297029702973,0.029270382300113237,2047.4,2193.2599999999998,2098.5078525388362,2086.2685033148005,49.865118079600556,12.239349224035777,53.71636327397381,98.17353192839958,2193.2599999999998,135.8725579357451,2465.00511587149,1921.5148841285095,1209375.0
LICN,2024-09-26,2100.0,2140.0,2051.0,2060.0,-0.96 %,10554.0,22146553.9,-0.009615384615384581,-0.009661910911736859,2048.0,2174.06,2092.5835675328617,2084.322688254445,48.43267466613759,8.260879278416724,44.6252664748624,97.51827964779962,2174.06,125.29555963065978,2424.6511192613193,1923.4688807386804,1198821.0
LICN,2024-09-29,2021.0,2155.0,1985.0,2099.0,1.89 %,18788.0,39682152.8,0.018932038834951426,0.018755058037006195,2056.8,2159.5099999999998,2093.5707109893447,2085.4098965318935,51.366507574017554,8.160814457451124,37.332376071380146,102.6955453872425,2159.5099999999998,115.40556358020793,2390.3211271604155,1928.6988728395838,1217609.0
LICN,2024-09-30,2140.9,2150.0,2065.0,2100.0,0.05 %,12471.0,26187250.1,0.0004764173415912065,0.00047630389088134897,2071.8,2148.81,2094.5598323755994,2086.4906449369387,51.442791766720376,8.06918743866072,31.479738344836264,101.43157785958233,2148.81,110.12789646111278,2369.0657929222257,1928.5542070777744,1230080.0
LICN,2024-10-01,2142.0,2288.0,2100.0,2165.0,3.10 %,22904.0,49584935.0,0.030952380952380842,0.03048301672507575,2100.8,2144.565,2105.396781240892,2092.3061527193877,56.2468320533184,13.090628521504186,27.80191638016985,107.61503658389789,2144.565,107.63423577342157,2359.833471546843,1929.296528453157,1252984.0
LICN,2024-10-02,2189.0,2189.0,2085.1,2099.0,-3.05 %,13470.0,28621884.8,-0.030484988452655903,-0.03095932061595725,2104.6,2134.57,2104.4126610499857,2092.801993258692,50.75580122918867,11.610667791293508,24.563666662394585,107.3496768279052,2134.57,101.66413278407965,2337.8982655681593,1931.2417344318408,1239514.0
LICN,2024-10-06,2140.0,2140.0,2068.7,2101.0,0.10 %,9792.0,20562153.0,0.000952834683182413,0.000952381024367374,2112.8,2121.125,2103.887636273065,2093.4092530173075,50.9121880791136,10.478383255757308,21.74660998106713,104.77469991162627,2121.125,85.38078715842079,2291.8865743168417,1950.3634256831583,1249306.0
LICN,2024-10-07,2110.0,2140.0,2090.0,2100.0,-0.05 %,8723.0,18419218.6,-0.0004759638267491928,-0.00047607713348607814,2113.0,2109.825,2103.289538384901,2093.897456497507,50.82527610968429,9.392081887393942,19.275704362332494,100.86222134651011,2109.825,70.49688216324795,2250.8187643264955,1968.831235673504,1240583.0
LICN,2024-10-08,2106.0,2106.0,2075.0,2099.0,-0.05 %,8504.0,17728162.0,-0.0004761904761905189,-0.00047630389088141906,2112.8,2101.275,2102.6296094026084,2094.2754226828765,50.732009845716725,8.354186719731842,17.091400833812365,95.87206267890224,2101.275,59.57105332910298,2220.417106658206,1982.1328933417942,1232079.0
LICN,2024-10-09,2080.0,2100.0,2072.0,2099.0,0.00 %,4439.0,9255359.2,0.0,0.0,2099.6,2094.475,2102.0712079560535,2094.625391373034,50.73200984561647,7.445816583019678,15.162283983653829,91.02405820183779,2094.475,50.587858695248016,2195.650717390496,1993.299282609504,1232079.0
LICN,2024-10-15,2119.9,2132.0,2098.0,2101.0,0.10 %,3612.0,7613053.0,0.000952834683182413,0.000952381024367374,2100.0,2090.665,2101.906406732045,2095.097584604661,50.940826159802526,6.808822127384246,13.491591612399914,86.95091118742081,2090.665,46.75373641136073,2184.1724728227214,1997.1575271772786,1235691.0
LICN,2024-10-16,2141.0,2159.0,2106.1,2115.1,0.67 %,23383.0,49718610.8,0.0067110899571631855,0.006688670841528364,2102.82,2087.67,2103.9361903117306,2096.5792450043155,52.470287717575864,7.356945307415117,12.264662351402954,84.88298895974789,2087.67,42.82006538997729,2173.3101307799548,2002.0298692200454,1259074.0
LICN,2024-10-17,2157.4,2157.4,2116.0,2120.0,0.23 %,19754.0,42143265.3,0.0023166753344996405,0.0023139959795293757,2106.82,2090.15,2106.4075456483874,2098.3141157447367,53.01844772578091,8.093429903650758,11.430415861852516,81.84134689119449,2090.15,43.201833538110094,2176.5536670762203,2003.7463329237798,1278828.0
LICN,2024-10-20,2130.0,2140.0,2069.1,2079.0,-1.93 %,32524.0,67866599.8,-0.019339622641509457,-0.019529079808045236,2102.82,2084.605,2102.1910001640204,2096.883440504386,48.02727531988362,5.307559659634535,10.20584462140892,81.05982211325203,2084.605,36.28896417720611,2157.182928354412,2012.0270716455877,1246304.0
LICN,2024-10-21,2120.0,2120.0,2030.0,2043.0,-1.73 %,18333.0,37661074.0,-0.017316017316017285,-0.017467693040390832,2091.62,2081.805,2093.0846924464786,2092.892074541098,44.10144346106756,0.1926179053807573,8.203199278203288,81.69840624801974,2081.805,37.26706567751786,2156.3391313550355,2007.2708686449641,1227971.0
LICN,2024-10-22,2038.0,2075.6,1995.0,2023.0,-0.98 %,27244.0,55047259.4,-0.00978952520802745,-0.009837757649876632,2076.02,2082.005,2082.302432070097,2087.7148838343496,42.04520987272961,-5.412451764252637,5.480069069712103,81.61994865887547,2082.005,36.92140265057809,2155.8478053011563,2008.162194698844,1200727.0
LICN,2024-10-23,2030.0,2045.0,1995.0,1995.9,-1.34 %,41710.0,83574121.1,-0.013395946613939613,-0.013486481751793861,2052.18,2078.95,2069.009750213159,2080.9137813281013,39.36681905589601,-11.904031114942427,2.003249032781197,79.36138089752723,2078.95,41.36027206468839,2161.6705441293766,1996.229455870623,1159017.0
LICN,2024-10-24,2000.0,2028.0,1970.0,1988.0,-0.40 %,82638.0,165122337.9,-0.003958114133974733,-0.003965968199432263,2025.78,2075.6,2056.546711718827,2074.0312790075013,38.59497307205826,-17.484567288674498,-1.8943142315099422,77.83556797627529,2075.6,45.86973546447387,2167.339470928948,1983.8605290710523,1076379.0
LICN,2024-10-27,1123.8,1212.0,1123.8,1212.0,10.00 %,15198.0,18352648.0,-0.3903420523138833,-0.4948572205872596,1852.3799999999999,2034.95,1926.616448377469,2010.1771101921308,12.55508144814641,-83.5606618146619,-18.227583748140333,134.0044559779699,2034.95,198.70273618755905,2432.355472375118,1637.544527624882,1061181.0
LICN,2024-10-28,1236.2,1333.2,1236.2,1270.0,4.79 %,153977.0,198319860.1,0.04785478547854782,0.04674501282337717,1697.78,1997.45,1825.5985332424739,1955.349176103825,17.05937503021576,-129.75064286135103,-40.53219557078248,133.0898519795435,1997.45,262.2747424482907,2521.9994848965816,1472.9005151034187,1215158.0
LICN,2024-10-29,1295.4,1397.0,1230.9,1250.0,-1.57 %,50936.0,64435978.0,-0.015748031496062964,-0.01587334915629012,1543.1799999999998,1955.95,1737.0449127436318,1903.1010889850231,16.739181164878374,-166.0561762413913,-65.63699170490425,135.4477196952904,1955.95,309.87219521670903,2575.694390433418,1336.205609566582,1164222.0
LICN,2024-10-30,1225.0,1250.0,1190.0,1190.0,-4.80 %,28075.0,34203819.2,-0.04800000000000004,-0.04919024419077178,1382.0,1912.45,1652.8841569369192,1850.2787860972435,15.782158488029566,-197.39462916032426,-91.98851919598826,130.0585968599125,1912.45,352.614503239356,2617.679006478712,1207.2209935212882,1136147.0
LICN,2024-11-05,1213.8,1262.0,1195.0,1200.0,0.84 %,7566.0,9122145.5,0.008403361344537785,0.00836824967051658,1224.4,1867.5,1583.2096712543162,1802.1099871270774,16.63760261248798,-218.9003158727612,-117.37087853134287,125.91155422706161,1867.5,383.52772630164037,2634.5554526032806,1100.4445473967194,1143713.0
LICN,2024-11-06,1224.0,1224.0,1176.0,1182.0,-1.50 %,14979.0,17772159.8,-0.015000000000000013,-0.015113637810048184,1218.4,1821.6,1521.4851064459597,1756.1759140065533,16.316334711578875,-234.6908075605936,-140.83486433719304,120.34644321084293,1821.6,408.366103804959,2638.332207609918,1004.867792390082,1128734.0
LICN,2024-11-10,1205.6,1205.6,1170.2,1185.0,0.25 %,16347.0,19468531.8,0.002538071065989911,0.0025348556031881157,1201.4,1772.6,1469.7181669927352,1713.866587043105,16.60536816860069,-244.14842005036985,-161.4975754798284,114.27884012435415,1772.6,423.50732423915724,2619.6146484783144,925.5853515216854,1145081.0
LICN,2024-11-11,1200.0,1229.0,1190.0,1220.0,2.95 %,29460.0,35578017.3,0.029535864978903037,0.029108084158070764,1195.4,1728.65,1431.2999874553911,1677.283876891764,20.073760954363465,-245.98388943637292,-178.3948382711373,109.25892297261457,1728.65,433.3473366833194,2595.3446733666387,861.9553266333613,1174541.0
LICN,2024-11-12,1220.0,1258.0,1220.0,1233.0,1.07 %,18486.0,22948608.5,0.010655737704918122,0.010599365437042145,1204.0,1685.25,1400.7922970776385,1644.3739600849667,21.381659456590953,-243.5816630073282,-191.4322032183755,104.1689999031421,1685.25,437.53866415618467,2560.3273283123694,810.1726716876307,1193027.0
LICN,2024-11-13,1235.0,1235.0,1205.0,1221.0,-0.97 %,6894.0,8365249.9,-0.009732360097323589,-0.009780029053639606,1208.2,1641.3,1373.1319436810786,1613.0129260045987,21.039411526340444,-239.88098232352013,-201.12195903940443,98.8712141957748,1641.3,437.83198051066813,2516.963961021336,765.6360389786637,1186133.0
LICN,2024-11-14,1221.0,1235.0,1202.0,1220.0,-0.08 %,16520.0,20187124.0,-0.0008190008190007703,-0.0008193363834023889,1215.8,1597.35,1349.5731831147586,1583.9008574116656,21.009231957159372,-234.32767429690693,-207.76310209090497,94.16612746750518,1597.35,433.5661407686856,2464.482281537371,730.2177184626287,1169613.0
LICN,2024-11-17,1229.9,1238.0,1220.0,1220.0,0.00 %,19854.0,24393989.1,0.0,0.0,1222.8,1553.4,1329.6388472509495,1556.9452383441349,21.009231957126914,-227.3063910931853,-211.67175989136103,88.72568979125482,1553.4,424.4947845442414,2402.389569088483,704.4104309115173,1169613.0
LICN,2024-11-19,1240.0,1244.4,1202.0,1202.0,-1.48 %,14734.0,17845412.1,-0.014754098360655776,-0.014864022632149393,1219.2,1508.45,1310.002101520034,1530.6529984667914,20.398405909566648,-220.65089694675726,-213.46758730244028,85.41671194902234,1508.45,410.83527048402595,2330.120540968052,686.7794590319481,1154879.0
LICN,2024-11-20,1203.0,1214.0,1200.0,1211.9,0.82 %,7727.0,9329757.8,0.0082362728785359,0.008202539879288947,1214.98,1463.2900000000002,1294.909470516952,1507.041665247029,21.746006691043007,-212.1321947300769,-213.20050878796764,80.31551823837789,1463.2900000000002,389.74053028568466,2242.7710605713696,683.8089394286309,1162606.0
LICN,2024-11-21,1212.5,1212.5,1185.0,1195.0,-1.39 %,13663.0,16367908.1,-0.013945044970707254,-0.014043190608830773,1209.78,1417.0400000000002,1279.5387827451132,1483.927467821323,21.089642469083856,-204.38868507620987,-211.43814404561607,76.5429812213509,1417.0400000000002,361.5744946174892,2140.1889892349786,693.8910107650217,1148943.0
LICN,2024-11-24,1218.9,1218.9,1178.1,1180.0,-1.26 %,8457.0,10048082.8,-0.012552301255230103,-0.012631746905900574,1201.78,1372.0900000000001,1264.2251238612498,1461.4143220567805,20.498255802266698,-197.1891981955307,-208.588354875599,73.98991113411157,1372.0900000000001,329.3992185143925,2030.8884370287851,713.2915629712152,1140486.0
LICN,2024-11-25,1203.0,1251.0,1170.0,1171.0,-0.76 %,4773.0,5631596.0,-0.007627118644067843,-0.007656353861993149,1191.98,1328.4900000000002,1249.8827971133653,1439.9021500525744,20.133454365554698,-190.01935293920906,-204.87455448832102,74.49063176738932,1328.4900000000002,291.4456542280542,1911.3813084561086,745.5986915438918,1135713.0
LICN,2024-11-26,1194.4,1218.0,1171.0,1180.0,0.77 %,21805.0,25953441.0,0.0076857386848847575,0.0076563538619931456,1187.58,1286.3400000000001,1239.131597557463,1420.650138937569,21.63536614563941,-181.51854138010594,-200.20335186667802,72.5270152125758,1286.3400000000001,242.5786370600098,1771.4972741200197,801.1827258799806,1157518.0
LICN,2024-11-27,1182.0,1295.0,1180.0,1295.0,9.75 %,22920.0,27835858.1,0.09745762711864403,0.09299625667392765,1204.2,1251.295,1247.7267363947765,1411.3427212384897,37.74523883677517,-163.61598484371325,-192.8858784620851,75.56079984024896,1251.295,176.2295257984737,1603.7540515969474,898.8359484030527,1180438.0
LICN,2024-11-28,1269.1,1417.0,1225.0,1400.0,8.11 %,50646.0,63478047.4,0.08108108108108114,0.07796154146971192,1245.2,1221.895,1271.1533923340417,1410.5025196652682,48.21330255884879,-139.34912733122655,-182.1785282359134,83.87788556594546,1221.895,52.40117992842897,1326.697359856858,1117.092640143142,1231084.0
LICN,2024-12-01,1372.0,1540.0,1260.0,1335.0,-4.64 %,126237.0,166851994.7,-0.046428571428571375,-0.047540944769000025,1276.2,1228.045,1280.9759473595739,1404.9097404308038,43.353418833264286,-123.93379307122996,-170.52958120297671,97.88660802552079,1228.045,58.08803187718883,1344.2210637543778,1111.8689362456223,1104847.0
LICN,2024-12-02,1310.0,1468.0,1310.0,1460.0,9.36 %,50138.0,68113993.5,0.09363295880149813,0.08950514386803222,1334.0,1237.545,1308.5181093042547,1408.9905003988924,53.136488842402855,-100.47239109463771,-156.51814318130891,102.18042173798358,1237.545,77.57782832333837,1392.7006566466769,1082.3893433533233,1154985.0
LICN,2024-12-03,1430.8,1606.0,1347.5,1600.0,9.59 %,107455.0,150856649.9,0.09589041095890405,0.09156719352549043,1418.0,1255.045,1353.3614771036002,1423.1393522211968,61.21556393582504,-69.77787511759652,-139.17008956856645,113.34610589955618,1255.045,112.25946672070953,1479.563933441419,1030.526066558581,1262440.0
LICN,2024-12-04,1568.0,1568.0,1440.0,1440.0,-10.00 %,65845.0,94961989.6,-0.09999999999999998,-0.10536051565782628,1447.0,1267.545,1366.6904806261232,1424.3882890937007,50.50041121062893,-57.69780846757749,-122.87563334836867,116.67852690673074,1267.545,118.38698130327661,1504.3189626065532,1030.771037393447,1196595.0
LICN,2024-12-05,1411.2,1555.0,1296.0,1555.0,7.99 %,153525.0,208702937.6,0.07986111111111116,0.07683243204328825,1478.0,1285.295,1395.661175914412,1434.0632306423154,56.4067493457224,-38.402054727903305,-105.9809176242756,126.84434641339283,1285.295,133.38919499758018,1552.0733899951604,1018.5166100048398,1350120.0
LICN,2024-12-08,1550.0,1550.0,1399.5,1399.5,-10.00 %,12996.0,18205957.0,-0.09999999999999998,-0.10536051565782628,1490.9,1296.17,1396.2517642352718,1431.5029913354772,48.05671876000602,-35.25122710020537,-91.83497951946157,128.8911788124362,1296.17,133.3906968270174,1562.9513936540347,1029.3886063459654,1337124.0
LICN,2024-12-09,1371.6,1371.6,1272.2,1298.1,-7.25 %,79897.0,103553264.5,-0.07245444801714906,-0.07521337305655951,1458.52,1301.825,1381.1514928144607,1421.62128827359,43.5313745406254,-40.46979545912927,-81.5619427073951,128.77752318297647,1301.825,130.80195103565597,1563.428902071312,1040.221097928688,1257227.0
LICN,2024-12-10,1273.0,1287.0,1250.0,1251.5,-3.59 %,57218.0,72067183.9,-0.035898621061551395,-0.03655882502711978,1388.8200000000002,1303.4,1361.2051093045438,1409.0197113644351,41.592945844070336,-47.814602059891286,-74.81247457789433,123.014842955621,1303.4,129.95171572953524,1563.3034314590705,1043.4965685409297,1200009.0
LICN,2024-12-11,1276.0,1276.0,1240.0,1263.0,0.92 %,19371.0,24356281.6,0.009188973232121533,0.009147011478662282,1353.42,1304.9,1346.0966309499986,1398.2034364485512,42.27607047502551,-52.1068054985526,-70.27134076202599,116.79949703021951,1304.9,129.2676782168546,1563.4353564337093,1046.3646435662909,1219380.0
LICN,2024-12-12,1255.0,1279.0,1229.0,1229.0,-2.69 %,20092.0,25104590.0,-0.02692003167062551,-0.027289012784456303,1288.22,1305.3,1328.0817646499988,1385.6698485634734,40.75826508144228,-57.58808391347452,-67.7346893923157,112.02810438520383,1305.3,129.00651146355872,1563.3130229271173,1047.2869770728826,1199288.0
LICN,2024-12-16,1245.0,1245.0,1167.0,1180.0,-3.99 %,34418.0,40924322.3,-0.03986981285598046,-0.04068639210632436,1244.3200000000002,1303.3,1305.2999547038453,1370.435044966179,38.607021336614714,-65.13509026233373,-67.2147695663193,109.59752550054641,1303.3,130.69750531182353,1564.695010623647,1041.904989376353,1164870.0
LICN,2024-12-17,1203.0,1213.8,1183.0,1198.6,1.58 %,10791.0,12932500.1,0.01576271186440681,0.015639770564374465,1224.4199999999998,1302.23,1288.8845770571,1357.7065231168324,39.90367325254815,-68.82194605973245,-67.53620486500193,104.18341653622167,1302.23,131.5004946958773,1565.2309893917545,1039.2290106082455,1175661.0
LICN,2024-12-18,1200.0,1211.8,1168.0,1179.0,-1.64 %,17055.0,20141629.2,-0.016352411146337342,-0.0164875874867139,1209.92,1301.08,1271.9792575098538,1344.469002885956,38.9696472091375,-72.48974537610206,-68.52691296722196,99.87031535506297,1301.08,132.51978045002795,1566.1195609000558,1036.040439099944,1158606.0
LICN,2024-12-19,1180.0,1188.0,1158.1,1166.0,-1.10 %,13193.0,15412891.4,-0.011026293469041604,-0.011087533626933283,1190.52,1298.7849999999999,1255.6747563544918,1331.2490767462555,38.328816255166046,-75.57432039176365,-69.9363944521303,94.87243568684418,1298.7849999999999,134.52774034023582,1567.8404806804715,1029.7295193195282,1145413.0
LICN,2024-12-22,1189.0,1189.0,1143.1,1150.0,-1.37 %,9730.0,11189523.2,-0.013722126929674117,-0.013817145553141955,1174.72,1296.5349999999999,1239.4171015307238,1317.8232192094958,37.51121886430578,-78.40611767877203,-71.63033909745866,91.37440456635532,1296.5349999999999,136.71348170149366,1569.9619634029873,1023.1080365970125,1135683.0
LICN,2024-12-23,1150.0,1172.0,1145.0,1162.0,1.04 %,6973.0,8075659.7,0.01043478260869568,0.010380716054560818,1171.1200000000001,1295.6349999999998,1227.5067782183046,1306.280758527311,38.56960308941852,-78.77398030900645,-73.05906733976822,86.77623281161566,1295.6349999999998,137.57753899833858,1570.790077996677,1020.4799220033226,1142656.0
LICN,2024-12-24,1183.5,1190.0,1145.0,1150.0,-1.03 %,17750.0,20636089.2,-0.0103270223752151,-0.010380716054560741,1161.4,1294.5849999999998,1215.5826584924116,1294.7044060438066,37.87869387730949,-79.12174755139495,-74.27160338209357,83.79221618221453,1294.5849999999998,138.65474454272305,1571.894489085446,1017.2755109145537,1124906.0
LICN,2024-12-26,1150.0,1155.0,1135.0,1147.0,-0.26 %,13199.0,15071424.2,-0.00260869565217392,-0.0026121042279250665,1155.0,1292.935,1205.03148026281,1283.7633389294506,37.69688879725518,-78.73185866664062,-75.16365443900298,79.23562931205636,1292.935,140.27694140332167,1573.4888828066432,1012.3811171933567,1111707.0
LICN,2024-12-29,1136.0,1160.0,1130.0,1145.0,-0.17 %,9771.0,11196659.2,-0.0017436791630339732,-0.0017452011410306386,1150.8,1285.435,1195.7958679146852,1273.4845730828247,37.56743464565747,-77.68870516813945,-75.66866458483028,75.71879864690948,1285.435,144.11805933439783,1573.6711186687955,997.1988813312043,1101936.0
LICN,2024-12-31,1135.0,1149.9,1125.0,1127.3,-1.55 %,9544.0,10802168.0,-0.015458515283842789,-0.015579243937854403,1146.26,1271.8,1185.2580420816569,1262.6560861878006,36.376841398923126,-77.39804410614374,-76.01454048909298,72.08888445784453,1271.8,145.60103383090637,1563.0020676618128,980.5979323381872,1092392.0
LICN,2025-01-01,1149.8,1149.8,1122.0,1124.0,-0.29 %,7062.0,7969683.1,-0.0029273485318903614,-0.002931641596849234,1138.66,1261.25,1175.8337279152481,1252.3852649887044,36.14683100543684,-76.5515370734563,-76.12193980596565,68.92539271085563,1261.25,148.39813270210243,1558.0462654042049,964.4537345957951,1085330.0
LICN,2025-01-02,1125.0,1136.0,1122.0,1122.0,-0.18 %,7352.0,8274068.2,-0.001779359430605032,-0.0017809443709948087,1133.06,1244.35,1167.5516159282868,1242.7270972117633,35.99826999535577,-75.17548128347653,-75.93264810146783,65.00215037436595,1244.35,143.74592168126733,1531.8418433625345,956.8581566374653,1077978.0
LICN,2025-01-05,1143.7,1143.7,1118.0,1118.0,-0.36 %,11216.0,12622922.6,-0.0035650623885917776,-0.0035714323675971335,1127.26,1220.25,1159.928290400858,1233.4880529738548,35.68240362114204,-73.55976257299676,-75.45807099577362,62.194853919054104,1220.25,119.30855839067075,1458.8671167813416,981.6328832186584,1066762.0
LICN,2025-01-06,1110.0,1140.0,1110.0,1134.0,1.43 %,7953.0,8952763.8,0.014311270125223707,0.014209830572653003,1125.06,1204.95,1155.9393226468799,1226.1185675683842,38.02492467634254,-70.17924492150428,-74.40230578091976,59.89522149626453,1204.95,108.80289034472057,1422.5557806894412,987.3442193105589,1074715.0
LICN,2025-01-07,1156.4,1156.4,1122.0,1128.0,-0.53 %,11725.0,13216393.8,-0.005291005291005346,-0.005305052229693229,1125.2,1183.6,1151.6409653165906,1218.8505255262817,37.47374055973188,-67.20956020969106,-72.96375666667403,58.07413424653136,1183.6,72.25436064055735,1328.1087212811146,1039.0912787188852,1062990.0
LICN,2025-01-08,1105.7,1148.0,1105.7,1120.0,-0.71 %,12416.0,13983816.9,-0.007092198581560294,-0.0071174677688639896,1124.4,1169.625,1146.7731244986535,1211.5282643761868,36.709672127131675,-64.75513987753334,-71.3220333088459,56.947410371779114,1169.625,52.675419964322685,1274.9758399286454,1064.2741600713546,1050574.0
LICN,2025-01-09,1120.0,1134.9,1110.0,1118.0,-0.18 %,11444.0,12779972.5,-0.0017857142857142794,-0.0017873105740957515,1123.6,1160.6200000000001,1142.3464899603991,1204.6002447927656,36.509255898568064,-62.25375483236644,-69.50837761355001,54.65830963093775,1160.6200000000001,44.28187938764495,1249.18375877529,1072.0562412247102,1039130.0
LICN,2025-01-12,1120.0,1129.0,1110.0,1115.0,-0.27 %,4914.0,5490438.0,-0.0026833631484793896,-0.0026869698208252975,1123.0,1153.795,1138.1393376587994,1197.9631896229312,36.190088905500915,-59.82385196413179,-67.57147248366637,52.111287514442196,1153.795,39.83334327970408,1233.4616865594082,1074.128313440592,1034216.0
LICN,2025-01-13,1115.0,1118.0,1108.3,1110.0,-0.45 %,6304.0,7014428.9,-0.004484304932735439,-0.004494389587839326,1118.2,1146.145,1133.8102087882148,1191.4473977990103,35.6310056270994,-57.63718901079551,-65.5846157890922,49.08190983483919,1146.145,31.596993111383565,1209.338986222767,1082.951013777233,1027912.0
LICN,2025-01-15,1115.0,1120.0,1102.0,1107.1,-0.26 %,5602.0,6231203.1,-0.002612612612612697,-0.0026160314409587834,1114.02,1140.05,1129.7009458977202,1185.199442406491,35.29047433532884,-55.49849650877081,-63.56739193302793,46.86177341806496,1140.05,26.04208132996645,1192.1341626599328,1087.965837340067,1022310.0
LICN,2025-01-16,1115.0,1120.0,1080.0,1093.9,-1.19 %,14587.0,15934167.5,-0.01192304218227791,-0.011994691739675883,1108.8,1135.7450000000001,1124.1931080673016,1178.436520746751,33.71117847331506,-54.24341267944942,-61.70259608231223,46.371646745346034,1135.7450000000001,26.20643703561842,1188.157874071237,1083.3321259287632,1007723.0
LICN,2025-01-19,1090.0,1097.0,1085.0,1090.0,-0.36 %,5044.0,5495208.0,-0.0035652253405248358,-0.0035715959025558464,1103.2,1130.315,1118.9326299031013,1171.8856673581026,33.23790194852995,-52.95303745500132,-59.95268435685005,43.91652912067846,1130.315,23.620826559732603,1177.5566531194652,1083.073346880535,1002679.0
LICN,2025-01-20,1096.0,1112.0,1080.0,1080.0,-0.92 %,8279.0,9057943.7,-0.00917431192660545,-0.009216655104923952,1096.2,1125.3650000000002,1112.9429945333934,1165.0793216278728,31.997459546021474,-52.136327094479384,-58.389412904375924,43.06534846920143,1125.3650000000002,23.251763373914834,1171.86852674783,1078.8614732521705,994400.0
LICN,2025-01-21,1085.0,1090.0,1080.1,1080.1,0.01 %,6628.0,7179041.7,9.259259259253305e-05,9.258830616302392e-05,1090.2199999999998,1121.0700000000002,1107.8902261436406,1158.7845570628451,32.02477939587122,-50.89433091920455,-56.89039650734165,40.70353786425847,1121.0700000000002,23.28430915075833,1167.6386183015168,1074.5013816984836,1001028.0
LICN,2025-01-22,1085.0,1104.6,1070.0,1099.0,1.75 %,7438.0,8138460.5,0.017498379779650186,0.01734704597919305,1088.6,1118.52,1106.522499044619,1154.3560713544862,37.163025772162115,-47.83357230986712,-55.07903166784675,40.26757087395429,1118.52,22.735448787640966,1163.990897575282,1073.049102424718,1008466.0
LICN,2025-01-23,1099.9,1125.0,1090.0,1090.1,-0.81 %,12461.0,13743714.2,-0.008098271155596026,-0.008131240269308542,1087.84,1114.925,1103.9959607300623,1149.5963623652651,35.791034233614965,-45.60040163520284,-53.18330566131797,39.89131581152898,1114.925,21.125959959419795,1157.1769199188395,1072.6730800811604,996005.0
LICN,2025-01-26,1111.0,1111.4,1089.0,1089.0,-0.10 %,11182.0,12262175.7,-0.0010090817356205317,-0.0010095912013523254,1087.6399999999999,1111.875,1101.6888898485142,1145.1077429308011,35.61602010240915,-43.41885308228689,-51.23041514551176,38.641936110705494,1111.875,20.177655045975065,1152.23031009195,1071.51968990805,984823.0
LICN,2025-01-27,1099.0,1099.0,1079.0,1082.9,-0.56 %,6423.0,6968339.6,-0.005601469237832779,-0.0056172162986266325,1088.2199999999998,1108.67,1098.7982914102813,1140.499761972964,34.60545281092347,-41.70147056268274,-49.32462622894596,37.3103692456551,1108.67,19.37980772259812,1147.4296154451963,1069.9103845548038,978400.0
LICN,2025-01-28,1082.9,1090.0,1070.0,1077.0,-0.54 %,11146.0,11982528.5,-0.005448333179425724,-0.005463229477945286,1087.6,1105.27,1095.444708116392,1135.7960759008927,33.61205816229014,-40.35136778450078,-47.52997454005693,36.07391429953689,1105.27,18.620704379141618,1142.5114087582833,1068.0285912417166,967254.0
LICN,2025-02-02,1082.0,1110.0,1077.0,1100.0,2.14 %,13581.0,14880062.1,0.02135561745589598,0.02113078163007332,1087.8,1103.905,1096.1455222523316,1133.1445147230488,40.75224661623181,-36.99899247071721,-45.42377812618899,35.854348992427106,1103.905,17.90776000558089,1139.7205200111619,1068.089479988838,980835.0
LICN,2025-02-03,1111.0,1145.0,1101.2,1123.0,2.09 %,23563.0,26615817.5,0.020909090909090988,0.020693495951981347,1094.3799999999999,1103.855,1100.2769803673575,1132.3930691880082,46.902325088195276,-32.1160888206507,-42.76224026508134,36.507609778682315,1103.855,17.85000294844758,1139.5550058968952,1068.1549941031049,1004398.0
LICN,2025-02-04,1145.4,1145.4,1107.4,1114.0,-0.80 %,7867.0,8794583.7,-0.00801424755120217,-0.008046534251213882,1099.3799999999999,1103.455,1102.3882141569948,1131.030619618526,44.93666263521485,-28.642405461531325,-39.93827330437134,36.61420908020501,1103.455,17.50835815430977,1138.4717163086195,1068.4382836913803,996531.0
LICN,2025-02-05,1123.5,1123.5,1103.0,1104.0,-0.90 %,6166.0,6817090.3,-0.008976660682226245,-0.009017193650188745,1103.6,1102.7549999999999,1102.6361812097648,1129.0283514986354,42.79077538399479,-26.392170288870602,-37.2290527012712,35.46319414590465,1102.7549999999999,17.172881773816435,1137.1007635476328,1068.409236452367,990365.0
LICN,2025-02-06,1117.7,1134.9,1107.0,1110.0,0.54 %,9866.0,11033663.9,0.005434782608695565,0.005420067469339113,1110.2,1101.5549999999998,1103.7690764082624,1127.618843980218,44.50319425522749,-23.849767571955454,-34.55319567540805,35.13725170691147,1101.5549999999998,15.645227118049947,1132.8454542360998,1070.2645457638998,1000231.0
LICN,2025-02-09,1132.0,1132.0,1101.6,1106.0,-0.36 %,9831.0,10934073.3,-0.003603603603603567,-0.003610112224099674,1111.4,1100.455,1104.1122954223758,1126.0174481298313,43.566938689194,-21.9051527074555,-32.02358708181754,34.79887658498923,1100.455,14.412913617439775,1129.2808272348796,1071.6291727651203,990400.0
LICN,2025-02-10,1106.0,1115.8,1103.3,1111.0,0.45 %,9293.0,10300296.6,0.004520795660036159,0.004510607557349879,1109.0,1100.0049999999999,1105.171942280472,1124.9050445646587,45.12112515772126,-19.73310228418677,-29.565490122291386,33.206099686061435,1100.0049999999999,13.902005724150193,1127.8090114483002,1072.2009885516995,999693.0
LICN,2025-02-11,1111.0,1130.0,1105.0,1112.1,0.10 %,15548.0,17345713.7,0.000990099009900991,0.0009896091851662818,1108.6200000000001,1099.7099999999998,1106.2377973142454,1123.9565227450544,45.47688549921073,-17.718725430808945,-27.1961371839949,32.61994970848562,1099.7099999999998,13.558407762308956,1126.8268155246178,1072.5931844753818,1015241.0
LICN,2025-02-12,1122.0,1144.0,1119.2,1127.7,1.40 %,18887.0,21424524.8,0.014027515511195077,0.013930040413445763,1113.3600000000001,1100.3449999999998,1109.5396746505155,1124.2338173565317,50.38877802630363,-14.694142706016237,-24.695738288399166,32.56852472930808,1100.3449999999998,14.571727311424572,1129.4884546228488,1071.2015453771508,1034128.0
LICN,2025-02-13,1126.0,1135.0,1115.0,1115.1,-1.12 %,5283.0,5913905.9,-0.011173184357541999,-0.011236073266925954,1114.3799999999999,1100.6,1110.395109319667,1123.5572382930848,46.727197694762225,-13.162128973417794,-22.389016425402893,31.670772962928933,1100.6,14.792530120463972,1130.185060240928,1071.014939759072,1028845.0
LICN,2025-02-16,1129.1,1129.1,1097.0,1097.0,-1.62 %,22512.0,25016041.4,-0.016231728096134823,-0.016364905696085848,1112.58,1100.095,1108.3343232704874,1121.5900354565601,42.005153676805016,-13.255712186072742,-20.562355577536863,31.701432037005432,1100.095,14.73122265967906,1129.557445319358,1070.632554680642,1006333.0
LICN,2025-02-17,1110.9,1110.9,1080.6,1090.0,-0.64 %,28063.0,30671188.5,-0.006381039197812188,-0.0064014850520408345,1108.3799999999999,1099.9,1105.513658151951,1119.2500328301483,40.308620418897426,-13.736374678197308,-19.197159397668955,31.601329748647913,1099.9,14.842932041054304,1129.5858640821086,1070.2141359178916,978270.0
LICN,2025-02-18,1110.9,1188.0,1107.0,1170.0,7.34 %,58676.0,67358323.3,0.07339449541284404,0.07082605256861242,1119.9599999999998,1103.9,1115.4346338208816,1123.0092896575447,60.12843882110049,-7.574655836663169,-16.872658685467798,36.34409190945878,1103.9,21.376253425770074,1146.6525068515402,1061.14749314846,1036946.0
LICN,2025-02-20,1175.0,1269.9,1175.0,1236.0,5.64 %,77297.0,95481965.1,0.05641025641025643,0.0548766102258343,1141.6200000000001,1111.7,1133.9831516945922,1131.3789719051342,69.21122509610365,2.6041797894579304,-12.977290990482652,40.88379963021173,1111.7,35.79498641748665,1183.2899728349732,1040.1100271650268,1114243.0
LICN,2025-02-23,1220.0,1351.5,1188.1,1290.0,4.37 %,122862.0,157084215.7,0.043689320388349495,0.0427618593380817,1176.6,1122.1950000000002,1157.985743741578,1143.1286776899392,74.35806990844137,14.857066051638867,-7.410419582058349,49.63495679948233,1122.1950000000002,52.78245796112174,1227.7599159222436,1016.6300840777567,1237105.0
LICN,2025-02-24,1315.8,1325.0,1270.1,1278.2,-0.91 %,71558.0,92762717.5,-0.009147286821705403,-0.009189380139536378,1212.84,1131.155,1176.4802447044121,1153.1339608240178,71.54362633799673,23.346283880394367,-1.2590788895678058,50.01103131380503,1131.155,62.88154674504446,1256.918093490089,1005.391906509911,1165547.0
LICN,2025-02-25,1302.9,1373.9,1286.0,1320.0,3.27 %,155688.0,206814324.1,0.03270223752151469,0.032178898364235195,1258.8400000000001,1142.65,1198.5602070575796,1165.4944081703868,75.13406989196076,33.06579888719284,5.605896665784323,53.274529077104674,1142.65,74.85491581084885,1292.3598316216978,992.9401683783024,1321235.0
LICN,2025-02-27,1346.0,1347.0,1305.0,1321.0,0.08 %,75082.0,99598410.8,0.0007575757575757347,0.0007572889419087576,1289.0400000000002,1154.25,1217.3970982794904,1177.0133408985062,75.21463967345699,40.38375738098421,12.561468808824301,52.4692055715972,1154.25,83.57193875557225,1321.3938775111444,987.1061224888555,1396317.0
LICN,2025-03-02,1323.0,1415.0,1301.0,1340.0,1.44 %,92892.0,125309715.8,0.014383043149129415,0.014280588422631703,1309.8400000000001,1167.105,1236.2590831595687,1189.086426757876,76.75570863487128,47.17265640169262,19.483706327397968,56.86426231648312,1167.105,91.42391990926507,1349.9528398185303,984.2571601814699,1489209.0
LICN,2025-03-03,1366.0,1366.0,1301.0,1310.0,-2.24 %,57893.0,76988127.0,-0.02238805970149249,-0.022642476749759777,1313.8400000000001,1178.7549999999999,1247.603839596558,1198.0429877387742,69.41661229282295,49.560851857783746,25.499135433475125,57.445386436734324,1178.7549999999999,94.14265477117823,1367.0403095423562,990.4696904576434,1431316.0
LICN,2025-03-04,1314.1,1320.0,1280.3,1280.5,-2.25 %,49724.0,64801150.4,-0.02251908396946567,-0.022776510555617316,1314.3,1187.78,1252.6647873509337,1204.1509145729392,63.03408339502374,48.51387277799449,30.102082902379003,56.17785883411045,1187.78,94.84464638220383,1377.4692927644076,998.0907072355923,1381592.0
LICN,2025-03-05,1306.0,1306.0,1250.0,1260.0,-1.60 %,44585.0,56665276.6,-0.016009371339320566,-0.01613890569405624,1302.3,1194.6299999999999,1253.7932816046361,1208.2878838638326,58.97599782367626,45.50539774080357,33.18274587006392,56.16515463167399,1194.6299999999999,94.86707098826041,1384.3641419765206,1004.895858023479,1337007.0
LICN,2025-03-06,1240.0,1240.0,1175.0,1180.0,-6.35 %,183312.0,218973941.7,-0.06349206349206349,-0.06559728248581323,1274.1,1197.9299999999998,1242.440469050077,1206.1924850591042,46.41725830868637,36.24798399097267,33.79579349424567,58.224786443697276,1197.9299999999998,93.0451226131826,1384.020245226365,1011.8397547736347,1153695.0
LICN,2025-03-09,1156.4,1178.0,1111.0,1115.0,-5.51 %,120543.0,136222411.9,-0.05508474576271183,-0.05666003356549127,1229.1,1198.48,1222.8342430423727,1199.4374861658373,39.126823944111315,23.39675687653539,31.715986170703616,58.99444455486176,1198.48,92.49153360968025,1383.4630672193605,1013.4969327806396,1033152.0
LICN,2025-03-10,1115.0,1137.1,1082.2,1109.9,-0.46 %,68567.0,75911884.0,-0.004573991031390001,-0.0045844837362851824,1189.08,1198.475,1205.459744112777,1192.8050797831827,38.614358894901024,12.654664329594198,27.903721802481734,58.70198422951449,1198.475,92.49657106018395,1383.4681421203677,1013.481857879632,964585.0
LICN,2025-03-11,1132.0,1132.0,1089.0,1089.0,-1.88 %,37761.0,41454810.9,-0.01883052527254714,-0.019010077224973408,1150.78,1197.625,1187.542860403119,1185.115814614058,36.50430047748566,2.4270457890609123,22.80838659979757,57.58041392740631,1197.625,93.46414947368336,1384.5532989473668,1010.6967010526332,926824.0
LICN,2025-03-12,1105.0,1108.8,1091.2,1102.1,1.20 %,27809.0,30643247.2,0.01202938475665749,0.011957606764535797,1119.2,1197.1799999999998,1174.3978049564853,1178.9664950130168,38.76305411924994,-4.568690056531523,17.33297126853175,54.88181293259157,1197.1799999999998,93.9183777767027,1385.0167555534053,1009.3432444465944,954633.0
LICN,2025-03-16,1115.0,1115.0,1090.0,1091.0,-1.01 %,17673.0,19357119.0,-0.010071681335631855,-0.01012274386442532,1101.4,1196.125,1161.5673734247184,1172.4504583453859,37.54433034634739,-10.883084920667443,11.689760030691913,52.74739772312075,1196.125,95.03625277809607,1386.197505556192,1006.0524944438079,936960.0
LICN,2025-03-17,1069.2,1079.9,1048.0,1065.0,-2.38 %,98870.0,105278333.3,-0.02383134738771764,-0.024119907689545278,1091.4,1192.99,1146.7108544363002,1164.4911651346165,34.78552587636551,-17.78031069831627,5.795745884890277,52.05115502861212,1192.99,98.38729004349167,1389.7645800869834,996.2154199130166,838090.0
LICN,2025-03-18,1065.0,1065.0,1021.0,1034.0,-2.91 %,160855.0,167517067.9,-0.029107981220657275,-0.029540023075151044,1076.22,1188.935,1129.3707229845618,1154.8251529024228,31.786423739176954,-25.454429917861034,-0.45428927565998567,51.4760725265684,1188.935,103.3143454399295,1395.563690879859,982.3063091201409,677235.0
LICN,2025-03-19,1040.0,1040.0,982.0,998.0,-3.48 %,129969.0,130246743.9,-0.03481624758220503,-0.03543677875691047,1058.02,1183.985,1109.1598425253983,1143.2084749096507,28.692648165076605,-34.048632384252414,-7.173157897378472,51.942067346099236,1183.985,110.0997885891034,1404.1845771782066,963.7854228217931,547266.0
LICN,2025-03-20,1008.0,1017.0,978.1,1012.26,1.43 %,51051.0,50869703.3,0.014288577154308646,0.014187457534474538,1040.0520000000001,1180.098,1094.2521744445678,1133.508587879306,31.53524899715066,-39.256413434738306,-13.58980900485044,51.01049110709214,1180.098,114.86179922890851,1409.821598457817,950.3744015421829,598317.0
LICN,2025-03-23,1009.9,1009.9,985.0,985.8,-2.61 %,47502.0,47206365.2,-0.026139529369924808,-0.026487239574661176,1019.012,1170.888,1077.5672245300188,1122.5672109993575,29.20851842303999,-44.99998646933864,-19.87184449774808,49.31402745658556,1170.888,122.82308344674138,1416.5341668934827,925.2418331065171,550815.0
LICN,2025-03-24,986.0,1004.8,975.0,997.79,1.22 %,36599.0,36316694.3,0.012162710488943018,0.012089339056931844,1005.5699999999999,1158.9775,1065.2938053715543,1113.3244546290348,31.668789566335576,-48.03064925748049,-25.50360544969456,47.92016835254374,1158.9775,127.63245577478314,1414.2424115495662,903.7125884504337,587414.0
LICN,2025-03-25,1000.0,1000.0,980.0,984.13,-1.37 %,26128.0,25727098.6,-0.013690255464576695,-0.013784831181079862,995.5959999999999,1143.684,1052.8070660836229,1103.7544950268841,30.373654050735695,-50.94742894326123,-30.592370148407895,45.925870613076334,1143.684,129.4193025300517,1402.5226050601034,884.8453949398966,561286.0
LICN,2025-03-26,985.0,1020.0,985.0,1013.31,2.97 %,33732.0,33963829.9,0.029650554296688503,0.02921947700412926,998.658,1130.4395,1046.7305943784502,1097.0549028026705,36.36089937607713,-50.32430842422036,-34.53875780357039,45.207594140713745,1130.4395,128.4794170480103,1387.3983340960206,873.4806659039793,595018.0
LICN,2025-03-27,1013.0,1029.0,1001.2,1027.1,1.36 %,36640.0,37288368.2,0.013608865993624875,0.013517097020500144,1001.6259999999999,1115.7945,1043.7105029356117,1091.8730581506209,39.02922500322697,-48.162555215009206,-37.26351728585816,43.96419455923419,1115.7945,122.27850008870672,1360.3515001774135,871.2374998225865,631658.0
LICN,2025-03-30,1027.1,1052.0,1020.0,1028.7,0.16 %,39739.0,41216831.6,0.0015577840521858732,0.0015565719652258017,1010.2059999999999,1101.1795,1041.4011947916713,1087.193572361686,39.346991088776996,-45.79237757001465,-38.96928934268946,43.1096092335746,1101.1795,113.62282718550873,1328.4251543710175,873.9338456289825,671397.0
LICN,2025-04-01,1030.0,1032.0,1010.0,1013.19,-1.51 %,22340.0,22666830.4,-0.015077282006415893,-0.015192099777870192,1013.2859999999998,1084.8390000000002,1037.061010977568,1081.7118262608203,37.316667854842436,-44.650815283252314,-40.10559453080203,41.60178000260499,1084.8390000000002,100.17339503395047,1285.185790067901,884.4922099320993,649057.0
LICN,2025-04-02,1033.4,1033.4,1011.0,1014.12,0.09 %,18614.0,18955401.5,0.000917892991442848,0.0009174719852770209,1019.284,1070.045,1033.5316246733266,1076.7050243155743,37.52483725340846,-43.17339964224766,-40.719155553091156,40.230224288133215,1070.045,86.01894671950521,1242.0828934390106,898.0071065609897,667671.0
LICN,2025-04-03,1030.0,1030.0,1000.0,1004.36,-0.96 %,33459.0,33690562.5,-0.009624107600678444,-0.009670718624996124,1017.494,1056.238,1029.0436824158917,1071.3461336255318,36.16735815193262,-42.30245120964014,-41.035814684400954,39.499493981837986,1056.238,71.376124535312,1198.990249070624,913.4857509293761,634212.0
LICN,2025-04-07,1015.0,1015.0,995.0,995.21,-0.91 %,26353.0,26372222.1,-0.009110279182763081,-0.009152031553451949,1011.116,1042.9985000000001,1023.8385005057545,1065.7064200236405,34.89295157969771,-41.86791951788598,-41.202235651097965,38.106672983135276,1042.9985000000001,54.04493688488145,1151.0883737697632,934.9086262302372,607859.0
LICN,2025-04-08,1000.0,1001.0,985.1,990.84,-0.44 %,23606.0,23356334.4,-0.0043910330483013515,-0.004400701948605593,1003.5440000000001,1033.5405,1018.7618081202538,1060.1607592811486,34.27183432845108,-41.39895116089474,-41.24157875305732,36.520482055768476,1033.5405,44.51981917902266,1122.5801383580454,944.5008616419548,584253.0
LICN,2025-04-09,1010.0,1010.0,985.0,985.6,-0.53 %,28007.0,27689988.3,-0.005288442129909976,-0.005302475438082176,998.0260000000001,1027.0705,1013.6599914863687,1054.6377400751376,33.501750649317216,-40.97774858876892,-41.18881272019964,35.69759048035644,1027.0705,41.34813372923543,1109.766767458471,944.3742325415292,556246.0
LICN,2025-04-10,985.7,997.0,983.0,984.99,-0.06 %,25861.0,25534971.2,-0.000618912337662314,-0.0006191039429651721,992.2,1020.825,1009.2492235653888,1049.47864821772,33.40764198179666,-40.22942465233132,-40.99693510662598,34.14776258890241,1020.825,37.426146292555394,1095.6772925851108,945.9727074148892,530385.0
LICN,2025-04-13,985.0,995.0,966.0,973.22,-1.19 %,58187.0,56706862.3,-0.01194935989197854,-0.012021327377708377,985.9720000000001,1015.0360000000001,1003.7062660937904,1043.829859460852,31.565167301232947,-40.12359336706163,-40.82226675871311,33.78006526112367,1015.0360000000001,35.21495426954956,1085.4659085390992,944.606091460901,472198.0
LICN,2025-04-15,990.0,992.0,975.0,978.82,0.58 %,30441.0,29831553.6,0.0057540946548571,0.005737603084670265,982.6940000000001,1008.8720000000001,999.8776097716689,1039.0143143156038,33.44589870565004,-39.13670454393491,-40.48515431575747,32.708632028186265,1008.8720000000001,29.4987312126099,1067.8694624252198,949.8745375747802,502639.0
LICN,2025-04-16,975.3,985.0,964.0,965.92,-1.32 %,46716.0,45290008.2,-0.013179134059377762,-0.013266749495136053,977.71,1002.618,994.653362114489,1033.599920662596,31.31120433101782,-38.94655854810708,-40.17743516222739,31.872301169030106,1002.618,23.897746337173317,1050.4134926743468,954.8225073256534,455923.0
LICN,2025-04-17,970.0,979.0,965.0,967.08,0.12 %,30981.0,30034584.1,0.0012009276130529045,0.001200207076304298,974.006,997.7220000000001,990.4113064045677,1028.6725191320334,31.733149158025412,-38.261212727465704,-39.79419067527506,30.5957082283851,997.7220000000001,20.187232181598123,1038.0964643631964,957.3475356368039,486904.0
LICN,2025-04-20,970.0,982.0,964.0,967.31,0.02 %,21272.0,20617284.7,0.00023782934193650185,0.00023780106502185668,970.47,994.3875,986.8572592654034,1024.1271473444754,31.822575380608228,-37.26988807907196,-39.289330156034445,29.69601478350045,994.3875,19.370869576602242,1033.1292391532045,955.6457608467956,508176.0
LICN,2025-04-21,967.1,972.0,960.0,962.88,-0.46 %,24608.0,23749505.4,-0.004579710744228804,-0.00459022974776173,968.402,992.6315000000001,983.1684501476491,1019.590321615255,30.98077735603985,-36.42187146760591,-38.71583841834874,28.43201372753613,992.6315000000001,20.58024455754748,1033.791989115095,951.4710108849051,483568.0
LICN,2025-04-22,972.0,972.0,958.0,962.63,-0.03 %,16156.0,15561745.0,-0.0002596377534064276,-0.0002596714651232738,965.164,990.15,980.0086885864723,1015.3710385326435,30.93105081850254,-35.36234994617121,-38.045140723913235,27.401155604140694,990.15,21.07510129827758,1032.3002025965552,947.9997974034449,467412.0
LICN,2025-04-23,961.2,971.0,952.0,954.3,-0.87 %,27510.0,26367338.9,-0.00865337668678523,-0.008691034553349061,962.8399999999999,988.575,976.0535057270151,1010.8472579005959,29.246590339399447,-34.79375217358074,-37.39486301384674,26.80107306098779,988.575,22.543204717678897,1033.6614094353579,943.4885905646422,439902.0
LICN,2025-04-24,973.2,973.2,947.0,948.38,-0.62 %,18458.0,17565805.9,-0.006203499947605495,-0.006222821602776316,959.1,986.1045,971.7960433074743,1006.2200536116628,28.076367788312808,-34.42401030418853,-36.8006924719151,26.758139270917237,986.1045,24.131634506248595,1034.3677690124973,937.8412309875029,421444.0
LICN,2025-04-27,951.0,951.0,931.0,938.3,-1.06 %,32378.0,30454170.2,-0.010628650962694275,-0.010685538524427739,953.298,983.8129999999999,966.6428058755552,1001.1889385293174,26.157220431892654,-34.54613265376224,-36.349780508284525,26.27541503728029,983.8129999999999,26.3984967872674,1036.6099935745347,931.0160064254651,389066.0
LICN,2025-04-28,930.0,941.1,930.0,932.57,-0.61 %,22360.0,20934866.0,-0.006106788873494473,-0.006125511571292601,947.2360000000001,979.7760000000001,961.4008357408544,996.1060541938124,25.10662732123474,-34.70521845295798,-36.02086809721922,25.1914568203317,979.7760000000001,27.787309371384467,1035.350618742769,924.2013812572311,366706.0
LICN,2025-04-29,935.2,940.0,925.0,931.67,-0.10 %,35698.0,33254043.8,-0.0009650750077743186,-0.0009655409924905601,941.0439999999999,975.0044999999998,956.8268610114922,991.3330131424188,24.93720783810963,-34.506152130926694,-35.71792490396072,24.46349561887944,975.0044999999998,27.424382826543173,1029.853265653086,920.1557343469134,331008.0
LICN,2025-04-30,932.0,940.0,914.0,933.38,0.18 %,37305.0,34555099.8,0.0018354138267842046,0.0018337315130065336,936.86,970.2385,953.2196516251088,987.0401973540916,25.959517581431086,-33.82054572898278,-35.33844906896513,24.573245931816622,970.2385,25.838502334509553,1021.9155046690191,918.561495330981,368313.0
LICN,2025-05-04,925.1,936.0,918.0,921.72,-1.25 %,20031.0,18478665.2,-0.012492232531230552,-0.012570916446636356,931.528,965.665,948.373551375092,982.2016642167515,23.599339581085303,-33.828112841659504,-35.03638182350401,24.10372836525829,965.665,25.93089125055917,1017.5267825011183,913.8032174988816,348282.0
LICN,2025-05-05,923.0,935.0,906.0,911.19,-1.14 %,24373.0,22270965.0,-0.01142429371175624,-0.011490052264908505,926.106,960.5184999999999,942.6530050096933,976.9415409414366,21.682150288008373,-34.288535931743354,-34.88681264515188,24.453462053454132,960.5184999999999,26.021975181836012,1012.5624503636719,908.4745496363279,323909.0
LICN,2025-05-06,929.0,946.0,905.6,912.93,0.19 %,13377.0,12256916.0,0.0019095907549466773,0.0019077698043327707,922.1780000000001,955.9469999999999,938.080235008202,972.199945316145,22.79823696534696,-34.11971030794302,-34.73339217771011,25.592500478207405,955.9469999999999,25.945627985743435,1007.8382559714868,904.055744028513,337286.0
LICN,2025-05-07,929.1,929.1,910.6,923.81,1.19 %,21832.0,20070448.1,0.011917671672526886,0.011847215453765894,920.606,952.3770000000001,935.8848142377093,968.6155049223564,29.558024223688378,-32.73069068464713,-34.33285187909752,25.085893301192595,952.3770000000001,25.159117024834394,1002.6952340496689,902.0587659503312,359118.0
LICN,2025-05-08,937.0,938.0,919.0,920.91,-0.31 %,22355.0,20640665.1,-0.003139173639601145,-0.0031441111810786393,918.1119999999999,948.8805,933.5809966626771,965.0817638169966,28.833330653079514,-31.500767154319533,-33.76643493414192,24.651186636821695,948.8805,24.379566179505183,997.6396323590103,900.1213676409897,336763.0
LICN,2025-05-11,937.0,941.0,921.0,938.68,1.93 %,22736.0,21237953.0,0.01929613100085792,0.019112321443691876,921.5040000000001,946.5345000000001,934.3654587145729,963.1260776083301,38.74397579978992,-28.76061889375717,-32.765271726064974,24.325387591334433,946.5345000000001,22.8709835644671,992.2764671289343,900.7925328710659,359499.0
LICN,2025-05-13,939.0,998.0,939.0,973.5,3.71 %,65325.0,63340917.1,0.03709464354199521,0.03642319175786017,933.966,945.96,940.3861573738693,963.8945163040094,52.65664202214477,-23.508358930140048,-30.91388916687999,26.825002763381978,945.96,21.981173284039308,989.9223465680786,901.9976534319214,424824.0
LICN,2025-05-14,975.0,992.8,962.0,964.41,-0.93 %,34684.0,33875914.4,-0.009337442218798175,-0.009381309417562503,944.262,945.5195,944.0821331625049,963.9327002814902,49.49616312624498,-19.850567118985282,-28.70122475730105,27.10893113742612,945.5195,21.488897616794265,988.4972952335885,902.5417047664115,390140.0
LICN,2025-05-15,983.6,983.6,940.0,948.89,-1.61 %,30747.0,29363147.1,-0.01609274063935462,-0.01622363498879394,949.278,944.0229999999999,944.821804983658,962.8184261865649,44.576674939366384,-17.99662120290691,-26.56030404642222,28.286864627609972,944.0229999999999,20.041179211965318,984.1053584239305,903.9406415760693,359393.0
LICN,2025-05-18,940.0,940.0,911.6,925.34,-2.48 %,34527.0,31856957.0,-0.024818472109517375,-0.025131642862314528,950.164,941.994,941.8246042169415,960.0422464690416,38.34825517475393,-18.217642252100177,-24.891771687557814,28.92994572563783,941.994,19.75983097082496,981.51366194165,902.4743380583501,324866.0
LICN,2025-05-19,939.9,940.0,915.0,920.5,-0.52 %,37233.0,34376475.1,-0.00523050986664364,-0.005244236870450834,946.528,939.665,938.5438958758735,957.1131911750385,37.19791076694259,-18.56929529916499,-23.62727640987925,28.6492353166637,939.665,19.389046419259305,978.4430928385186,900.8869071614813,287633.0
LICN,2025-05-20,930.0,933.0,900.0,930.47,1.08 %,24388.0,22305762.7,0.01083107007061379,0.010772834158639465,937.9219999999999,937.8230000000001,937.301758048816,955.139621458369,41.11633615523213,-17.837863409552938,-22.469393809813987,28.960004222616295,937.8230000000001,18.346389319105324,974.5157786382107,901.1302213617895,312021.0
LICN,2025-05-21,949.0,967.0,930.0,931.07,0.06 %,16998.0,15986071.3,0.000644835405762656,0.0006446275887461078,931.2540000000001,936.2325000000001,936.3430260413058,953.3566865355269,41.35348470707449,-17.013660494221085,-21.378247146695408,29.53428963528656,936.2325000000001,17.41500559093748,971.062511181875,901.4024888181251,329019.0
LICN,2025-05-22,931.0,949.0,919.0,926.36,-0.51 %,21330.0,19841282.0,-0.005058695909007982,-0.005071534426898296,926.7479999999999,934.4190000000001,934.807175881105,951.3569319773397,39.99187766708354,-16.549756096234773,-20.412548936603283,29.567554661337518,934.4190000000001,16.379108291252734,967.1772165825056,901.6607834174946,307689.0
LICN,2025-05-25,942.0,942.0,915.1,921.41,-0.53 %,30394.0,28063917.4,-0.005343494969558327,-0.0053578225009903195,925.9620000000001,932.7745000000001,932.7460718993965,949.138640719759,38.55509707651071,-16.3925688203625,-19.608552913355126,29.377015042670553,932.7745000000001,15.922709526953414,964.619919053907,900.9290809460932,277295.0
LICN,2025-05-26,939.8,939.8,900.7,913.66,-0.84 %,46877.0,42817123.0,-0.00841102223765755,-0.00844659449165168,924.594,931.0385,929.8097531456432,946.5105932590361,36.35298259626824,-16.70084011339293,-19.027010353362687,30.07151396819408,931.0385,16.0241256513499,963.0867513026998,898.9902486973002,230418.0
LICN,2025-05-27,905.0,914.0,905.0,913.13,-0.06 %,18296.0,16696094.6,-0.0005800844953264273,-0.0005802528094313689,921.126,929.78,927.2436372770827,944.0379567213297,36.200705712790366,-16.79431944424698,-18.580472171539547,28.566405827608786,929.78,16.40761697298996,962.5952339459799,896.9647660540201,212122.0
LICN,2025-05-28,915.0,920.0,906.0,911.46,-0.18 %,20850.0,18992939.0,-0.0018288743114343031,-0.001830548743920304,917.2040000000001,928.7245,924.8153853883008,941.6247747419719,35.69335694399277,-16.809389353671122,-18.226255607965864,27.525948268493874,928.7245,16.890583946333283,962.5056678926666,894.9433321073335,191272.0
LICN,2025-06-02,929.6,930.0,913.0,914.96,0.38 %,15984.0,14690579.4,0.003839992978298623,0.0038326390253350644,914.924,927.8889999999999,923.2991722516391,939.6496062425666,37.66512982583874,-16.350433990927513,-17.851091284558194,26.88409482074431,927.8889999999999,17.148529137347104,962.1860582746941,893.5919417253057,207256.0
LICN,2025-06-03,905.0,919.1,905.0,909.77,-0.57 %,13712.0,12486035.2,-0.005672379120398752,-0.005688528160782701,912.5960000000001,926.7085000000001,921.2177611360023,937.4363020764506,35.90694895090287,-16.218540940448293,-17.524581215736216,25.970945190691147,926.7085000000001,17.558390489291323,961.8252809785827,891.5917190214175,193544.0
LICN,2025-06-04,911.0,915.0,905.0,910.78,0.11 %,15079.0,13684669.0,0.0011101707024852026,0.001109554918698815,912.0200000000001,926.1614999999999,919.6119517304635,935.4617611818987,36.52788341113392,-15.849809451435249,-17.189626862876025,24.830163391356066,926.1614999999999,17.889267960243103,961.9400359204861,890.3829640795137,208623.0
LICN,2025-06-05,907.0,914.0,900.2,902.33,-0.93 %,25468.0,23017557.7,-0.00927776191835561,-0.009321068417848336,909.86,925.7185000000002,916.9531899257769,933.0075566499063,33.59540566443923,-16.05436672412941,-16.962574835126702,24.042294577687777,925.7185000000002,18.382431336403478,962.4833626728072,888.9536373271932,183155.0
LICN,2025-06-08,902.0,910.0,897.0,898.43,-0.43 %,20157.0,18151973.5,-0.004322143783316634,-0.004331511248189478,907.2539999999999,924.9934999999999,914.1034683987343,930.4462561573207,32.306295708185885,-16.342787758586383,-16.83861741981864,23.25355925071008,924.9934999999999,19.181907395023803,963.3573147900476,886.6296852099523,162998.0
LICN,2025-06-09,899.0,900.0,890.3,892.25,-0.69 %,20200.0,18054034.3,-0.006878666117560606,-0.006902433194569945,902.7119999999999,923.4154999999998,910.7413963373906,927.616903849371,30.32084150197487,-16.87550751198046,-16.845995438251002,22.285447875659365,923.4154999999998,20.5348231765021,964.485146353004,882.3458536469957,142798.0
LICN,2025-06-10,892.25,914.9,888.0,905.71,1.51 %,28007.0,25261265.85,0.015085458111515848,0.014972804133294562,901.9,922.6555000000001,909.9673353624074,925.994170230899,39.09961805726292,-16.02683486849162,-16.682163324299125,22.615058741683697,922.6555000000001,20.91027888121542,964.4760577624309,880.8349422375693,170805.0
LICN,2025-06-11,887.6,914.9,887.6,903.58,-0.24 %,13022.0,11800653.0,-0.0023517461439092058,-0.0023545158421420854,900.46,920.9005,908.9846683835755,924.3338613249066,38.27775995733087,-15.349192941331125,-16.415569247705527,22.949697402992,920.9005,20.96744982976895,962.8353996595379,878.9656003404621,157783.0
LICN,2025-06-12,913.0,913.0,898.1,899.18,-0.49 %,24945.0,22493260.7,-0.00486951902432553,-0.0048814137622349915,899.8299999999999,917.1845,907.4762578630255,922.4706123378764,36.56781890660619,-14.99435447485098,-16.13132629313462,22.374719017064,917.1845,17.444565878222566,952.0736317564451,882.2953682435548,132838.0
LICN,2025-06-15,896.0,900.0,891.0,891.77,-0.82 %,13907.0,12426608.1,-0.00824084165573069,-0.008274985101200864,898.4979999999999,913.5525,905.0599104994831,920.1964929054411,33.8271869209767,-15.136582405958052,-15.932377515699306,21.41938194441657,913.5525,14.38889406326411,942.3302881265282,884.7747118734718,118931.0
LICN,2025-06-16,890.1,900.0,890.1,892.45,0.08 %,21094.0,18857717.0,0.0007625284546464162,0.000762237877530507,898.5379999999999,910.7305,903.1199242687933,918.1411971346678,34.313708152901086,-15.021272865874494,-15.750156585734345,20.596568948386814,910.7305,12.50487924753374,935.7402584950675,885.7207415049326,140025.0
LICN,2025-06-17,900.0,903.0,891.2,896.65,0.47 %,14399.0,12907219.9,0.004706146002577016,0.004695106718916225,896.726,909.2959999999999,902.1245513043635,916.5492566061739,37.37627891068435,-14.424705301810377,-15.485066328949552,19.968242594930608,909.2959999999999,12.385762794248551,934.067525588497,884.5244744115029,154424.0
LICN,2025-06-18,891.0,899.1,890.0,890.94,-0.64 %,15644.0,13959245.0,-0.006368148106842053,-0.00638851125840798,894.198,907.818,900.4038511036922,914.6522746353463,34.98791268420439,-14.248423531654112,-15.237737769490465,19.191939552435567,907.818,12.7371374126633,933.2922748253266,882.3437251746734,138780.0
LICN,2025-06-19,900.0,920.0,891.1,907.08,1.81 %,33870.0,30736070.8,0.01811569802680313,0.01795356395606051,895.778,906.6484999999999,901.4309509338934,914.0913654030985,45.57456955688124,-12.66041446920508,-14.72227310943339,19.896801012975878,906.6484999999999,11.56795859467035,929.7844171893406,883.5125828106592,172650.0
LICN,2025-06-22,925.0,925.0,909.0,911.68,0.51 %,28192.0,25746299.6,0.005071217533183292,0.005058402217457717,899.76,905.6789999999999,903.0077277132945,913.9127457436097,48.16531177635753,-10.905018030315205,-13.958822093609754,19.755600940620457,905.6789999999999,10.137588678078055,925.9541773561559,885.4038226438438,200842.0
LICN,2025-06-23,895.0,912.9,895.0,907.22,-0.49 %,12335.0,11171545.2,-0.0048920673920672675,-0.004904072723682832,902.7140000000002,904.722,903.6557696035569,913.4169867996385,45.88469712518834,-9.761217196081589,-13.119301114104122,19.623058016290425,904.722,8.911841087806243,922.5456821756125,886.8983178243875,188507.0
LICN,2025-06-24,905.0,910.0,902.0,903.11,-0.45 %,9434.0,8536849.0,-0.0045303234055686925,-0.004540616419534268,904.0060000000001,903.807,903.5718050491635,912.6535062959616,43.82532728215428,-9.081701246798161,-12.31178114064293,18.7928395865554,903.807,8.001190766352797,919.8093815327056,887.8046184672944,179073.0
LICN,2025-06-25,908.0,920.0,900.1,905.3,0.24 %,8099.0,7318460.5,0.0024249537708584956,0.0024220183150684108,906.878,903.3889999999999,903.8376811954461,912.1088021258904,45.23575413240577,-8.27112093044434,-11.503649098603212,18.871922473230015,903.3889999999999,7.670912180410279,918.7308243608204,888.0471756391794,187172.0
LICN,2025-06-26,923.0,923.0,898.0,900.11,-0.57 %,17613.0,15881650.2,-0.005732906218932854,-0.005749402403388864,905.484,902.738,903.2641917807621,911.220001968417,42.51163703566146,-7.955810187654947,-10.79408131641356,19.30964229657073,902.738,7.346333564265759,917.4306671285316,888.0453328714685,169559.0
LICN,2025-06-29,900.0,910.0,898.0,908.36,0.92 %,22816.0,20632231.2,0.009165546433213656,0.0091237977184624,904.82,902.583,904.0481622760294,911.0081499707564,47.88423482977765,-6.959987694727033,-10.027262592076257,18.78752498967282,902.583,7.18352215293217,916.9500443058644,888.2159556941356,192375.0
LICN,2025-06-30,842.2,859.9,830.0,856.27,3.69 %,34470.0,29144833.7,-0.057345105464793766,-0.05905502882858562,894.6299999999999,899.6485,896.6976757720248,906.9534721951449,29.278723288168038,-10.255796423120046,-10.072969358285016,23.042701776124765,899.6485,12.139398352626694,923.9272967052534,875.3697032947466,157905.0
LICN,2025-07-01,857.0,879.9,857.0,878.09,2.55 %,14720.0,12821602.6,0.02548261646443306,0.025163347108645227,889.626,898.0644999999998,893.8349564224825,904.8154372177268,39.82605531587254,-10.980480795244262,-10.254471645676867,23.084651649258713,898.0644999999998,12.798186333085571,923.660872666171,872.4681273338286,172625.0
LICN,2025-07-02,895.6,895.6,881.0,889.53,1.30 %,23303.0,20692742.3,0.013028277283649636,0.012944139273442012,886.472,897.0020000000001,893.1726554344082,903.6831826090062,44.49958214210489,-10.510527174597996,-10.305682751461093,22.686462245740234,897.0020000000001,12.566985821066988,922.135971642134,871.8680283578661,195928.0
LICN,2025-07-03,896.0,930.0,878.1,916.57,3.04 %,52532.0,47720169.5,0.030398075388126333,0.029945208536361383,889.7639999999999,897.7139999999999,896.7722469060377,904.6377616750057,53.66074583291106,-7.865514768967955,-9.817649154962467,24.773143513901644,897.7139999999999,13.26854943864815,924.2510988772963,871.1769011227036,248460.0
LICN,2025-07-06,916.0,928.6,895.0,900.43,-1.76 %,24588.0,22515289.0,-0.017609129690040137,-0.017766014883703916,888.1780000000001,897.8140000000001,897.3349781512627,904.3260756250053,48.51324696837991,-6.99109747374257,-9.252338818718489,25.403633262908674,897.8140000000001,13.281759712024455,924.377519424049,871.2504805759512,223872.0
LICN,2025-07-07,887.0,899.0,870.0,883.77,-1.85 %,34997.0,30783246.6,-0.018502271137123327,-0.018675579213406294,893.6780000000001,897.3900000000001,895.2480584356838,902.8034033564863,43.83856534463827,-7.555344920802554,-8.912940039135302,25.762659458415193,897.3900000000001,13.600267025070382,924.5905340501408,870.1894659498594,188875.0
LICN,2025-07-08,880.0,890.0,873.1,885.2,0.16 %,9423.0,8322565.9,0.001618068049379362,0.0016167603876735292,895.1,896.3644999999999,893.7022032917324,901.4994475523022,44.33438578207738,-7.797244260569755,-8.689800883422192,25.129612354242678,896.3644999999999,13.712688505466307,923.7898770109325,868.9391229890673,198298.0
LICN,2025-07-09,880.0,900.0,880.0,894.18,1.01 %,11071.0,9905797.7,0.010144600090374878,0.010093489011861639,896.03,895.8945,893.7757104776197,900.9572662521316,47.470654070000336,-7.181555774511935,-8.388151861640141,24.763211471796772,895.8945,13.613092179204694,923.1206843584093,868.6683156415907,209369.0
LICN,2025-07-10,899.9,906.0,888.0,889.91,-0.48 %,19592.0,17495276.3,-0.004775324878659726,-0.004786763171411958,890.698,895.4309999999999,893.1809857887552,900.1389502334551,46.13947919739181,-6.957964444699996,-8.102114378252113,24.280124938097003,895.4309999999999,13.653093692044008,922.737187384088,868.1248126159119,189777.0
LICN,2025-07-13,907.7,925.0,880.1,884.89,-0.56 %,26603.0,23681231.6,-0.005641019878414699,-0.005656990519838307,887.5899999999999,895.0870000000001,891.905449513562,899.0093983643103,44.55753352908024,-7.103948850748338,-7.902481272751358,25.75297315680436,895.0870000000001,13.835643176252127,922.7582863525043,867.4157136474959,163174.0
LICN,2025-07-14,901.6,901.6,864.0,866.18,-2.11 %,35753.0,31253098.8,-0.021143870989614566,-0.021370604339350115,884.0719999999999,893.7734999999999,887.947688049937,896.5775910780651,39.16741256311279,-8.62990302812807,-8.0479656238267,26.599189359889763,893.7734999999999,15.271629449666884,924.3167588993336,863.2302411006661,127421.0
LICN,2025-07-15,883.0,899.2,870.0,882.53,1.89 %,13616.0,11967566.0,0.01887598420651604,0.018700043405779194,883.5379999999999,893.0675000000001,887.114197580716,895.5370287759862,45.3849493409852,-8.422831195270192,-8.1229387381154,27.057818691326215,893.0675000000001,15.456907798117566,923.9813155962353,862.1536844037649,141037.0
LICN,2025-07-16,899.9,899.9,882.1,889.23,0.76 %,69689.0,61977953.7,0.007591809910144853,0.007563137148619444,882.548,892.982,887.4397056452212,895.0698414592465,47.74203983498161,-7.630135814025266,-8.024378153297373,26.396545927660053,892.982,15.474015434899474,923.9300308697989,862.0339691302011,210726.0
LICN,2025-07-17,901.0,918.0,899.0,914.46,2.84 %,33630.0,30631475.9,0.028372861914240488,0.02797780741325887,887.458,893.351,891.5966740074949,896.5061494993023,55.525948653445056,-4.90947549180737,-7.401397620999373,26.56607836139862,893.351,15.909754670626114,925.1705093412522,861.5314906587478,244356.0
LICN,2025-07-20,918.8,960.0,900.5,927.3,1.4,59736.0,55836321.6,0.01404107342037908,0.013943410680366912,895.9399999999999,894.132,897.0894933909573,898.7871754623169,58.88257966482491,-1.6976820713596226,-6.260654511071423,28.918501335584434,894.132,17.18884081072241,928.5096816214448,859.7543183785551,304092.0
LICN,2025-07-21,935.0,945.5,912.0,931.6,0.46,25542.0,23794221.6,0.004637118516122252,0.00462640020400579,909.024,895.351,902.3988021000407,901.2177550577009,59.97213050460534,1.1810470423398556,-4.772314200389168,29.245751240185545,895.351,18.941050907196132,933.2331018143923,857.4688981856077,329634.0
LICN,2025-07-22,933.0,979.2,931.6,978.97,5.08,89346.0,86291119.4,0.05084800343495055,0.04959746053701274,928.3120000000001,899.1439999999999,914.1789863923422,906.9771806089823,69.54596801562066,7.201805783359873,-2.37749020363936,30.55676900874372,899.1439999999999,26.61687521688308,952.3777504337661,845.9102495662337,418980.0
LICN,2025-07-23,988.2,990.0,960.0,971.52,-0.76,58682.0,57145845.6,-0.0076100391227514885,-0.007639143220043042,944.7700000000001,902.4549999999999,923.0006807935202,911.7581301935021,66.83835315370538,11.242550600018149,0.3465179570921417,30.516999793833456,902.4549999999999,31.15482348387077,964.7646469677414,840.1453530322584,360298.0
LICN,2025-07-24,972.0,980.0,955.0,966.1,-0.56,25346.0,24458098.8,-0.005578886693017093,-0.005594506803691786,955.098,905.7545,929.6313452868249,915.7834538828723,64.85993035544593,13.84789140395253,3.04679264646422,30.12292837998821,905.7545,34.23547751653029,974.2254550330606,837.2835449669394,334952.0
LICN,2025-07-27,984.0,984.0,946.0,949.43,-1.73,28532.0,27287843.2,-0.017254942552530905,-0.017405544000909913,959.524,907.808,932.6772921657748,918.2757906322892,59.068688623930974,14.401501533485657,5.317734423868508,30.685576352846198,907.808,35.60434178129965,979.0166835625993,836.5993164374007,306420.0
LICN,2025-07-28,949.0,949.0,931.0,942.75,-0.70 %,22453.0,21058104.4,-0.007035800427624972,-0.007060668384087584,961.7540000000001,912.132,934.2269395248863,920.0886950298974,56.87710403976334,14.138244494988953,7.081836438092598,29.81017804192861,912.132,34.24105900962586,980.6141180192517,843.6498819807482,283967.0
LICN,2025-07-29,936.0,980.8,936.0,948.01,0.56,40199.0,38246420.9,0.005579421904004178,0.005563914584126716,955.5619999999999,915.628,936.3474103672115,922.1569398424975,58.19247817436499,14.190470524713987,8.503563255416875,30.880879610362275,915.628,34.151739664337775,983.9314793286756,847.3245206713245,324166.0
LICN,2025-07-30,955.0,966.0,925.0,929.3,-1.97 %,42637.0,39929937.3,-0.019736078733346707,-0.01993343615929966,947.118,917.6164999999999,935.2631933876405,922.68605540972,52.10429601158032,12.577137977920529,9.318278199917605,31.603673923907827,917.6164999999999,33.70711345735541,985.0307269147107,850.202273085289,281529.0
LICN,2025-07-31,947.0,947.0,911.1,920.49,-0.95,21484.0,19915951.7,-0.009480253954589402,-0.009525477610224778,937.9959999999999,917.8125,932.9903944049265,922.5233846386296,49.47928571188065,10.467009766296883,9.548024513193461,31.91055435791441,917.8125,33.71210463141782,985.2367092628357,850.3882907371643,260045.0
LICN,2025-08-03,938.0,938.0,903.0,906.88,-1.48,17692.0,16114945.2,-0.01478560331997092,-0.014895999890807888,929.4860000000001,918.135,928.9734106503224,921.3646154061386,45.65286745332118,7.6087952441838524,9.16017865939154,32.131229046634814,918.135,33.56760821160909,985.2702164232181,850.9997835767819,242353.0
LICN,2025-08-04,924.0,924.0,900.0,903.62,-0.36,17156.0,15556088.1,-0.003594742413549734,-0.0036012190258868154,921.6600000000001,919.1274999999999,925.0728859348882,920.0501994501283,44.75996721918719,5.022686484759902,8.332680224465214,31.550426971875186,919.1274999999999,32.78232271957248,984.692145439145,853.5628545608549,225197.0
LICN,2025-08-05,919.0,920.0,895.0,895.57,-0.89,17668.0,15917229.2,-0.008908612027179519,-0.008948530969732827,911.1719999999999,919.6460000000001,920.5339804064438,918.2368513427114,42.54703970646567,2.2971290637324273,7.125569992318657,31.082539331026958,919.6460000000001,32.2958663477752,984.2377326955504,855.0542673044497,207529.0
LICN,2025-08-06,890.0,909.9,888.0,891.51,-0.45,15389.0,13744571.0,-0.004533425639536848,-0.004543732776440894,903.6139999999999,919.5125,916.0687526516062,916.2570845765846,41.43440308118972,-0.1883319249783426,5.662789608859257,30.42664366452503,919.5125,32.41198411805651,984.3364682361131,854.688531763887,192140.0
LICN,2025-08-07,900.0,900.0,885.1,891.86,0.04 %,11459.0,10207165.9,0.000392592343327669,0.0003925152991176343,897.8880000000001,919.61,912.3443291667437,914.4498931264673,41.57624355505081,-2.105563959723554,4.109118895142696,29.317597688487528,919.61,32.321054079927045,984.2521081598541,854.967891840146,203599.0
LICN,2025-08-11,908.0,909.0,876.0,884.96,-0.77 %,10882.0,9661106.5,-0.007736640279864537,-0.007766723342950011,893.5040000000001,919.6134999999998,908.1313554487831,912.2654565985808,39.54298423505068,-4.134101149797743,2.460474886154608,29.580626425024136,919.6134999999998,32.317099966714544,984.2476999334289,854.9793000665708,192717.0
LICN,2025-08-12,873.0,890.0,868.0,869.85,-1.71,19009.0,16571515.8,-0.01707421804375342,-0.017221663255808633,886.75,919.7970000000001,902.2419161489704,909.1235709246118,35.45402207565536,-6.881654775641437,0.592048953795399,29.039153108950984,919.7970000000001,32.006658534151605,983.8103170683033,855.783682931697,173708.0
LICN,2025-08-13,865.2,880.0,860.1,868.66,-0.14,8826.0,7698485.9,-0.0013680519629821752,-0.001368988600412127,881.368,919.1034999999999,897.0754675106673,906.1262693746406,35.14578556085006,-9.050801863973334,-1.3365212097583477,28.386356458311628,919.1034999999999,32.991739201226956,985.0869784024538,853.120021597546,164882.0
LICN,2025-08-14,868.6,878.9,866.0,867.41,-0.14 %,12051.0,10476841.4,-0.0014389979969148259,-0.0014400343488572811,876.548,918.0125,892.511549432103,903.2583975691117,34.80349949154538,-10.74684813700867,-3.2185865952084116,27.280188139860797,918.0125,34.363864569535075,986.7402291390702,849.2847708609299,152831.0
LICN,2025-08-17,870.0,874.0,866.5,867.48,0.01 %,12066.0,10493562.3,8.070001498716728e-05,8.06967589161333e-05,871.6720000000001,915.6635,888.660541827164,900.6081458973256,34.841769447113336,-11.94760407016156,-4.964390090199042,25.86731755844217,915.6635,36.1773306854134,988.0181613708268,843.3088386291732,164897.0
LICN,2025-08-18,855.3,870.9,855.1,867.34,-0.02 %,7477.0,6479640.4,-0.00016138700604051426,-0.00016140003032469262,868.1479999999999,912.6655000000001,885.3804584691388,898.14383879382,34.797774800711835,-12.76338032468118,-6.52418813709547,25.14822344712487,912.6655000000001,37.61800961109829,987.9015192221966,837.4294807778035,157420.0
LICN,2025-08-19,871.9,875.0,865.0,865.97,-0.16 %,6723.0,5836281.7,-0.001579542048101068,-0.0015807908398278612,867.372,909.384,882.3942340892713,895.7605914757593,34.3408051950871,-13.366357386487948,-7.892621986973966,24.06620748661595,909.384,38.72559868716829,986.8351973743365,831.9328026256635,150697.0
LICN,2025-08-20,867.0,875.0,866.0,866.11,0.02 %,4674.0,4054947.4,0.00016166841807452315,0.00016165535114414278,866.8620000000001,903.7410000000002,879.8889673063065,893.5642513664438,34.43555893376265,-13.675284060137301,-9.049154401606634,22.992192666143385,903.7410000000002,36.19197830569053,976.1249566113813,831.3570433886191,155371.0
LICN,2025-08-21,866.0,870.0,848.7,863.46,-0.31 %,16610.0,14210860.7,-0.0030596575492719547,-0.0030643478710603565,866.0720000000001,898.3380000000001,877.3614338745671,891.3343068207814,33.45150481163952,-13.972872946214352,-10.033898110528177,22.871321761418855,898.3380000000001,33.50730047703766,965.3526009540753,831.3233990459248,138761.0
LICN,2025-08-24,850.2,874.9,850.2,859.81,-0.42 %,7902.0,6794383.7,-0.004227179023927108,-0.004236138803821059,864.5380000000001,893.0234999999999,874.6612132784799,888.999172982205,32.09122029718782,-14.337959703725119,-10.894710429167567,23.001941635603217,893.0234999999999,30.487171119833885,953.9978422396676,832.0491577603322,130859.0
LICN,2025-08-25,859.0,869.5,853.0,863.27,0.4,5078.0,4377114.6,0.004024144869215318,0.004016069654889965,863.7239999999999,888.7154999999999,872.9087189279445,887.0933083168565,34.79794027025629,-14.184589388911945,-11.552686221116442,22.53751723306013,888.7154999999999,28.090347372746837,944.8961947454936,832.5348052545062,135937.0
LICN,2025-08-26,865.0,867.5,860.0,861.96,-0.15,4930.0,4251978.4,-0.0015174858387294599,-0.0015186383864956743,862.9219999999999,884.676,871.2243006313377,885.231581774867,34.24146027156071,-14.007281143529326,-12.043605205599018,21.463408859270118,884.676,25.610506766507935,935.8970135330159,833.4549864669842,131007.0
LICN,2025-08-27,870.0,877.0,866.1,873.81,1.37,8884.0,7734274.9,0.013747737714046915,0.013654094843562222,864.4620000000001,880.966,871.6221005342088,884.3855386804324,43.104905790659984,-12.76343814622362,-12.18757179372394,21.00459394075082,880.966,20.89277825357639,922.7515565071528,839.1804434928472,139891.0
LICN,2025-08-28,879.9,879.9,868.0,868.52,-0.61,7791.0,6795294.1,-0.006053947654524383,-0.006072347092701668,865.4739999999999,877.927,871.1448542981766,883.210313592993,40.481706784249,-12.065459294816378,-12.163149293942428,20.35426580212576,877.927,17.663033684578902,913.2530673691579,842.6009326308422,132100.0
LICN,2025-08-31,865.0,879.0,865.0,865.59,-0.34,4727.0,4095398.2,-0.003373555013125751,-0.0033792582803086188,866.6299999999999,875.182,870.2902613292263,881.9051051786972,39.063711852879756,-11.614843849470958,-12.053488205048136,19.90038967340249,875.182,14.721206543637857,904.6244130872757,845.7395869127243,127373.0
LICN,2025-09-01,865.0,868.9,858.1,859.66,-0.69,4745.0,4084338.9,-0.006850818516849877,-0.006874393105873942,865.908,872.8209999999999,868.6548365093453,880.2573196099049,36.292886632386306,-11.602483100559652,-11.96328718415044,19.250361839588024,872.8209999999999,13.063100663415876,898.9472013268316,846.6947986731682,122628.0
LICN,2025-09-02,856.0,869.0,856.0,863.79,0.48,6097.0,5269636.8,0.004804224926133527,0.004792721466322643,866.274,870.8295,867.9064001232922,879.0375181573194,39.51093478861046,-11.131118034027168,-11.796853354125785,18.80390742247459,870.8295,10.992596778856367,892.8146935577128,848.8443064422873,128725.0
LICN,2025-09-03,861.0,865.0,855.1,855.19,-1.0,4590.0,3944612.4,-0.009956123594855093,-0.010006017234429477,862.55,868.8104999999999,865.9500308735549,877.2710353308513,35.49069299464064,-11.321004457296453,-11.701683574759919,18.167914035154975,868.8104999999999,9.859221958487415,888.5289439169748,849.0920560830251,124135.0
LICN,2025-09-04,855.1,855.1,845.0,845.71,-1.11 %,8153.0,6915564.6,-0.011085255908043878,-0.011147155228951508,857.988,866.5205,862.836179969931,874.9331808618994,31.665795179436003,-12.097000891968378,-11.780747038201612,17.59806303264391,866.5205,9.625527176013739,885.7715543520275,847.2694456479725,115982.0
LICN,2025-09-07,862.6,862.6,842.0,845.1,-0.07,6139.0,5195537.4,-0.0007212874389566082,-0.0007215476918937144,853.89,864.1825000000001,860.1075368976338,872.7233156128698,31.431064085099578,-12.615778715235933,-11.947753373608478,17.812487101740775,864.1825000000001,8.789309819341572,881.7611196386832,846.603880361317,109843.0
LICN,2025-09-08,832.0,848.0,832.0,835.8,-1.10 %,6640.0,5559742.5,-0.011004614838480697,-0.011065613536621634,849.118,861.7245,856.3679158364595,869.9882551971017,28.020726211871036,-13.62033936064222,-12.282270571015227,17.68302373733072,861.7245,9.516782668713011,880.758065337426,842.690934662574,103203.0
LICN,2025-09-18,820.0,820.0,773.2,773.2,-7.49,830.0,676262.0,-0.07489830102895423,-0.07785160267963911,831.0,856.892,843.5728518616195,862.8187548121311,15.684456339656975,-19.245902950511663,-13.674997046914516,20.891379184664235,856.892,21.793668950198672,900.4793379003974,813.3046620996028,102373.0
LICN,2025-09-21,773.0,835.0,773.0,826.93,6.95,16213.0,13118006.9,0.06949042938437655,0.0671823008180737,825.348,854.8055,841.012413113678,860.160328529751,40.0717361716007,-19.147915416073033,-14.76958072074622,23.827709242902504,854.8055,22.590731791816484,899.986963583633,809.6240364163671,118586.0
LICN,2025-09-23,843.4,843.4,827.0,839.0,1.46,12238.0,10219974.9,0.014596156869384425,0.01449065831495665,824.006,853.385,840.7028110961891,858.5928967868065,43.99086631267028,-17.89008569061741,-15.393681714720458,23.302158582695185,853.385,22.649580105211896,898.6841602104238,808.0858397895762,130824.0
LICN,2025-09-24,839.0,840.0,834.0,837.8,-0.14,5119.0,4284889.1,-0.0014302741358760418,-0.0014312979542716788,822.5459999999999,851.9010000000001,840.2562247736984,857.052682210006,43.684987871437656,-16.796457436307605,-15.674236859037888,22.06629011250267,851.9010000000001,22.649787009461697,897.2005740189235,806.6014259810767,125705.0
LICN,2025-09-25,835.0,839.0,825.0,835.0,-0.33,4720.0,3936648.6,-0.0033420864168058895,-0.0033476836620789847,822.3860000000001,850.284,839.447574808514,855.41915019445,42.9348216829893,-15.971575385936035,-15.733704564417518,21.490126533038193,850.284,22.643962225241843,895.5719244504837,804.9960755495163,120985.0
LICN,2025-09-28,842.0,845.0,835.0,840.0,0.6,2189.0,1834925.7,0.0059880239520957446,0.005970166986503754,835.7460000000001,848.9855,839.5325632995118,854.2769909207871,44.759065728750166,-14.744427621275236,-15.535849175789062,20.66940320924975,848.9855,22.440822171477034,893.867144342954,804.103855657046,123174.0
LICN,2025-10-07,848.0,848.0,828.0,833.9,-0.73,2612.0,2173511.4,-0.007261904761904803,-0.007288400744419672,837.14,847.375,838.666015099587,852.767584185914,42.95492967600507,-14.101569086327004,-15.24899315789665,20.621588694303338,847.375,22.302547765605343,891.9800955312107,802.7699044687893,120562.0
LICN,2025-10-08,825.0,829.0,809.0,815.0,-2.27,5996.0,4917494.8,-0.02266458808010552,-0.02292537785207695,832.3399999999999,844.952,835.0250896996505,849.9699853573277,37.86261192339521,-14.944895657677193,-15.18817365785276,20.9271895018531,844.952,23.081849693171144,891.1156993863423,798.7883006136577,114566.0
LICN,2025-10-09,831.3,847.9,825.3,825.3,1.26,11000.0,9209870.7,0.01263803680981579,0.012558843357775679,829.8399999999999,843.2265,833.5289220535504,848.1425790345627,41.904680967559415,-14.613656981012241,-15.073270322484657,21.782390251720734,843.2265,23.20226605868776,889.6310321173755,796.8219678826244,125566.0
LICN,2025-10-12,818.0,827.0,802.3,820.0,-0.64,15134.0,12256275.0,-0.006421907185265918,-0.006442616340339704,826.8399999999999,841.0629999999999,831.4475494299273,846.057943550521,40.44668282251262,-14.610394120593696,-14.980695082106465,21.990790948026397,841.0629999999999,23.252245641300608,887.567491282601,794.5585087173987,110432.0
LICN,2025-10-13,836.0,836.0,803.0,810.0,-1.22,9129.0,7379535.5,-0.012195121951219523,-0.01227009259181436,820.8399999999999,838.4649999999999,828.1479264407078,843.386984769001,37.77601778608742,-15.23905832829314,-15.0323677313438,22.777163023167372,838.4649999999999,23.693109035844557,885.851218071689,791.0787819283108,101303.0
LICN,2025-10-14,801.3,842.0,800.0,810.0,0.0,4956.0,4024326.4,0.0,0.0,816.0600000000001,835.2745000000001,825.355937757522,840.913874786112,37.776017785818794,-15.557937028590004,-15.137481590793042,24.150222807226847,835.2745000000001,22.968291982075474,881.211083964151,789.3379160358492,101303.0
LICN,2025-10-15,810.0,810.0,793.8,801.0,-1.11,6529.0,5225743.7,-0.011111111111111072,-0.011173300598125189,813.26,831.8985,821.608870410211,837.9572914686223,35.340343799649304,-16.348421058411304,-15.379669484316695,23.582349749567793,831.8985,22.78600315394838,877.4705063078968,786.3264936921032,94774.0
LICN,2025-10-16,814.0,814.0,786.0,795.0,-0.75,7038.0,5582405.0,-0.0074906367041198685,-0.00751883241402734,807.2,828.369,817.5151980394094,834.775269878354,33.776783282236394,-17.26007183894467,-15.75574995524229,23.897896196027236,828.369,22.759696117551776,873.8883922351035,782.8496077648965,87736.0
LICN,2025-10-19,792.0,800.0,788.0,799.0,0.5,4244.0,3369733.9,0.005031446540880502,0.0050188311119427655,803.0,825.336,814.6667060333464,832.1252498873649,35.815548353368754,-17.458543854018558,-16.096308734997542,23.048046467739578,825.336,22.409468487440705,870.1549369748814,780.5170630251187,91980.0
LICN,2025-10-26,793.0,814.9,790.0,810.9,1.49,5138.0,4105917.6,0.014893617021276562,0.014783796184236912,803.18,822.6914999999999,814.0872127974469,830.5530091549676,41.577972123895464,-16.46579635752073,-16.17020625950218,23.18032886290104,822.6914999999999,20.68729797789995,864.0660959557998,781.3169040442,97118.0
LICN,2025-10-28,820.0,835.8,813.6,833.0,2.73,8604.0,7124889.9,0.027253668763102645,0.026888900216331,807.78,821.582,816.9968723670705,830.7342677360812,50.47126491006418,-13.737395369010642,-15.683644081403873,23.303162515550966,821.582,19.40810264853032,860.3982052970606,782.7657947029394,105722.0
LICN,2025-10-29,840.0,844.0,820.0,820.0,-1.56,5322.0,4413253.6,-0.015606242496998823,-0.01572930190854392,811.5799999999999,820.2965,817.4588920029058,829.9391367926678,46.032274943381225,-12.480244789761969,-15.042964223075494,23.35293662158304,820.2965,18.558735572432195,857.4139711448644,783.1790288551357,100400.0
LICN,2025-10-30,820.0,845.0,820.0,832.0,1.46,11313.0,9414251.2,0.014634146341463428,0.014528100562909808,818.9799999999999,819.6415,819.6959855409203,830.0917933265443,50.37133025005958,-10.395807785624015,-14.113532935585198,23.47058400575568,819.6415,17.855095771090795,855.3516915421816,783.9313084578183,111713.0
LICN,2025-11-02,840.0,877.0,830.0,874.0,5.05,32953.0,28345870.0,0.05048076923076916,0.0492479348343268,833.9799999999999,821.5514999999999,828.0504493038557,833.3442530801336,61.913447166729256,-5.293803776277969,-12.349587103723753,25.151256576773132,821.5514999999999,21.37149091528725,864.2944818305745,778.8085181694254,144666.0
LICN,2025-11-03,874.0,888.0,858.0,875.0,0.11,20212.0,17603957.9,0.0011441647597254523,0.0011435107020790205,846.8,826.6415,835.2734571032624,836.4298639630866,62.139223152832336,-1.1564068598241874,-10.11095105494384,25.49759539271791,826.6415,21.372368357423497,869.386236714847,783.8967632851529,164878.0
LICN,2025-11-04,879.0,879.0,851.0,859.0,-1.83,9538.0,8189695.6,-0.01828571428571424,-0.01845496437335901,852.0,828.2450000000001,838.9236944719913,838.1017258917469,56.380337939278235,0.8219685802444019,-7.924367127906192,25.676338578952343,828.2450000000001,22.56493495378539,873.3748699075709,783.1151300924294,155340.0
LICN,2025-11-05,859.0,868.0,847.1,866.0,0.81,5662.0,4844117.2,0.008149010477299212,0.008115986578179812,861.2,829.595,843.0892799378389,840.1682647145805,58.20531093252546,2.9210152232584505,-5.755290657673264,25.3351715375986,829.595,24.004023237237504,877.603046474475,781.586953525525,161002.0
LICN,2025-11-06,882.0,883.3,865.0,870.0,0.46,21623.0,18841926.7,0.004618937644341736,0.004608303086194181,868.8,831.2049999999999,847.2293907166329,842.3780228838708,59.25437441596807,4.851367832762094,-3.6339589595861925,24.832659284912985,831.2049999999999,25.609485804146804,882.4239716082935,779.9860283917063,182625.0
LICN,2025-11-09,882.7,882.7,847.0,848.0,-2.53,11282.0,9617628.3,-0.025287356321839094,-0.025612575856726345,863.6,831.8549999999999,847.347945990997,842.7944656332137,51.58513007669429,4.5534803577833145,-1.9964710961122911,25.608897907419205,831.8549999999999,25.87448397644942,883.6039679528988,780.106032047101,171343.0
LICN,2025-11-10,848.0,861.0,837.9,840.2,-0.92,7799.0,6574652.4,-0.009198113207547154,-0.00924067705662137,856.64,831.865,846.2482619923821,842.6022829937164,49.155922573702895,3.6459789986657825,-0.8679810771566764,25.429690914032122,831.865,25.87783597466659,883.6206719493332,780.1093280506668,163544.0
LICN,2025-11-11,840.2,856.8,837.9,855.0,1.76,16069.0,13644208.2,0.01761485360628412,0.017461510201478434,855.8399999999999,832.9200000000001,847.5946832243234,843.5206324015893,53.618977189345394,4.07405082273408,0.12042530282147479,24.963284420172684,832.9200000000001,26.390201530814775,885.7004030616296,780.1395969383706,179613.0
LICN,2025-11-12,868.0,868.0,844.1,850.0,-0.58,17086.0,14547036.0,-0.005847953216374324,-0.005865119452398134,852.64,834.6700000000001,847.9647319590429,844.0005855570271,51.9595796880534,3.9641464020157855,0.889169522660337,24.88733553301749,834.6700000000001,26.299651788672996,887.269303577346,782.0706964226541,162527.0
LICN,2025-11-13,843.8,859.0,842.0,846.0,-0.47,19043.0,16147996.6,-0.004705882352941226,-0.00471698987813891,847.8399999999999,835.7050000000002,847.6624655038055,844.1486903305806,50.61016833809044,3.5137751732248717,1.414090652773244,24.323954423516245,835.7050000000002,26.31880406407845,888.342608128157,783.0673918718433,143484.0
LICN,2025-11-16,859.0,859.0,845.0,849.9,0.46,7049.0,5989293.5,0.004609929078014163,0.004599335898357259,848.22,837.2,848.006701580143,844.5747132690561,51.921224883380134,3.4319883110869114,1.8176701844359777,23.5865291075508,837.2,26.22881099689291,889.6576219937858,784.7423780062143,150533.0
LICN,2025-11-17,857.9,860.0,845.2,854.0,0.48,10308.0,8811491.3,0.00482409695258279,0.004812498283989437,850.9799999999999,839.4,848.9287474908903,845.2728826565334,53.32397926597883,3.655864834356862,2.1853091144201544,22.958919885582883,839.4,25.66654590984778,890.7330918196956,788.0669081803044,160841.0
LICN,2025-11-18,865.0,865.0,851.0,851.0,-0.35,6621.0,5668239.2,-0.003512880562060894,-0.003519065215195732,850.18,841.45,849.247401723061,845.6971135708643,52.125580843970894,3.5502881521966856,2.4583049219754605,22.31899703661268,841.45,24.818085510692026,891.0861710213841,791.813828978616,154220.0
LICN,2025-11-19,851.0,863.7,840.3,846.0,-0.59,3922.0,3327740.9,-0.005875440658049347,-0.0058927689671508495,849.3799999999999,843.7,848.7478014579747,845.7195496026521,50.104476929669616,3.0282518553225373,2.5722943086448757,22.396211533997494,843.7,22.92557753379707,889.5511550675942,797.8488449324059,150298.0
LICN,2025-11-20,845.5,862.0,844.0,850.0,0.47,6044.0,5117179.0,0.004728132387706863,0.004716989878138867,850.18,846.45,848.940447387517,846.0366200024556,51.717361908304,2.9038273850613905,2.6386009239281787,22.082196424426243,846.45,19.871706943217177,886.1934138864344,806.7065861135657,156342.0
LICN,2025-11-23,850.0,882.3,850.0,879.8,3.51,30621.0,26756939.2,0.03505882352941181,0.034458259430257286,856.1600000000001,850.49,853.6880708663605,848.5376111133849,61.660604487380105,5.150459752975621,3.1409726897376675,22.812039536967223,850.49,17.825319071338562,886.1406381426772,814.8393618573228,186963.0
LICN,2025-11-24,894.0,940.0,880.0,934.9,6.26,105484.0,96153563.4,0.06262786997044789,0.060744962782650666,872.3399999999999,856.6899999999999,866.1822138099974,854.934825104986,72.81027214369016,11.247388705011417,4.7622558927924175,25.48260814146957,856.6899999999999,23.87023912290239,904.4304782458047,808.9495217541952,292447.0
LICN,2025-11-25,938.0,969.0,918.0,950.0,1.62,83133.0,78543356.8,0.016151460049203203,0.016022412897316606,892.14,862.54,879.0772578392285,861.976689912024,74.95944179335143,17.100567927204565,7.229918299674847,27.305278988507457,862.54,31.0238176753442,924.5876353506884,800.4923646493115,375580.0
LICN,2025-11-26,932.1,960.0,932.1,944.2,-0.61,33978.0,32280645.4,-0.006105263157894725,-0.006123976482400139,911.7800000000001,868.75,889.0961412485781,868.0673054740962,72.58612781546856,21.028835774481877,9.989701794636254,27.34775906075692,868.75,34.31624596072902,937.382491921458,800.117508078542,341602.0
LICN,2025-11-27,941.1,948.0,930.0,935.1,-0.96,50284.0,47149846.0,-0.009637788604109354,-0.009684532670785333,928.8,873.905,896.1736579795661,873.0326902537928,68.90019522989212,23.140967725773294,12.619954980863662,26.68006198498857,873.905,36.19738977206738,946.2997795441347,801.5102204558652,291318.0
LICN,2025-11-30,930.0,952.1,925.0,925.7,-1.01,68217.0,64046460.5,-0.010052400812747275,-0.010103267368235488,937.9799999999999,876.49,900.7161721365559,876.9339724572155,65.21618928867689,23.78219967934035,14.852403920559002,26.71005755748939,876.49,38.00542759016119,952.5008551803223,800.4791448196777,223101.0
LICN,2025-12-01,929.0,930.0,914.1,914.4,-1.22,33572.0,30836366.7,-0.012206978502754762,-0.01228209559256477,933.8799999999999,878.46,902.8213764232396,879.7092337566811,60.9941404007343,23.112142666558498,16.504351669758904,25.93791058909729,878.46,38.93393054090006,956.3278610818002,800.5921389181999,189529.0
LICN,2025-12-02,920.0,928.9,900.3,901.5,-1.41,23481.0,21366336.3,-0.014107611548556442,-0.014208069837228951,924.18,880.585,902.6180877427412,881.3233645895195,56.49745336919004,21.29472315322164,17.462425966451452,26.1280598327332,880.585,38.975704645673844,958.5364092913477,802.6335907086524,166048.0
LICN,2025-12-03,917.7,918.0,891.0,891.1,-1.15,21432.0,19343053.2,-0.011536328341652746,-0.011603388024697766,913.5600000000001,881.8399999999999,900.846074243858,882.0475598051107,53.09872135571864,18.798514438747247,17.72964366091061,26.19034127325226,881.8399999999999,38.88535646440254,959.610712928805,804.0692870711948,144616.0
LICN,2025-12-07,908.0,910.0,889.0,894.0,0.33,19633.0,17578067.0,0.003254404668387334,0.003249120554839949,905.3399999999999,883.04,899.7928320524952,882.9329257454729,53.9309575078773,16.859906307022356,17.555696190132963,25.819602610877098,883.04,38.8710608089912,960.7821216179824,805.2978783820175,164249.0
LICN,2025-12-08,891.0,919.9,891.0,913.1,2.14,29391.0,26720442.7,0.021364653243847842,0.021139628448780246,902.82,886.2949999999998,901.8400886598037,885.1675238384007,59.080959416104825,16.672564821402943,17.37906991638696,26.03963099581445,886.2949999999998,38.50641060771568,963.3078212154312,809.2821787845685,193640.0
LICN,2025-12-09,910.0,927.0,910.0,916.1,0.33,22907.0,21073531.3,0.00328551089694451,0.003280125398868585,903.1600000000001,890.0899999999999,904.03392117368,887.4588183688895,59.8403422537414,16.575102804790504,17.21827649406767,25.39394306754199,890.0899999999999,37.45009170104048,964.9901834020809,815.1898165979189,216547.0
LICN,2025-12-10,911.0,930.0,910.0,912.1,-0.44,17595.0,16134207.1,-0.004366335552887235,-0.004375895835050226,905.28,892.9449999999999,905.2748563777293,889.2840910823052,58.28712784350886,15.990765295424126,16.97277425433896,25.00866141986042,892.9449999999999,36.80516947380228,966.5553389476045,819.3346610523954,198952.0
LICN,2025-12-11,915.0,919.0,913.1,917.0,0.54,12682.0,11616828.6,0.005372217958557135,0.00535783907035207,910.46,896.2949999999998,907.0787246273094,891.3371213725047,59.66816725265743,15.741603254804659,16.726540054432103,23.7151856041561,896.2949999999998,35.723874885536084,967.742749771072,824.8472502289277,211634.0
LICN,2025-12-14,902.1,920.0,902.1,914.0,-0.33,23864.0,21795720.2,-0.0032715376226826187,-0.0032769008023147985,914.46,899.6949999999999,908.143536223108,893.0158531226896,58.39346118283874,15.12768310041838,16.40676866362936,23.299815203859236,899.6949999999999,33.87312977933963,967.4412595586792,831.9487404413206,187770.0
LICN,2025-12-15,932.0,932.0,905.0,913.0,-0.11,11032.0,10040606.0,-0.001094091903719896,-0.0010946908591815245,914.4399999999999,902.85,908.890684496476,894.4961602987867,57.94905799569215,14.394524197689293,16.00431977044135,23.56411411786929,902.85,31.87045323601563,966.5909064720313,839.1090935279688,176738.0
LICN,2025-12-16,915.0,916.0,905.0,912.9,-0.01,12958.0,11813955.0,-0.00010952902519167917,-0.00010953502393338712,913.8,905.7950000000001,909.5075022662488,895.8594076840618,57.901602314014724,13.648094582187014,15.533074732790482,22.666677395164342,905.7950000000001,29.771064634458057,965.3371292689162,846.2528707310839,163780.0
LICN,2025-12-17,917.0,922.0,912.7,917.0,0.45,14476.0,13273330.5,0.004491181947639422,0.0044811266854297965,914.78,909.095,910.6601942252875,897.4253774852425,59.370696854485296,13.234816740044948,15.073423134241375,21.711914724081172,909.095,26.896751417922626,962.8885028358453,855.3014971641547,178256.0
LICN,2025-12-18,917.0,922.9,910.7,918.0,0.11,20424.0,18734813.9,0.0010905125408942062,0.0010899183640256005,914.9799999999999,912.695,911.7893951137048,898.9494235974468,59.73972689520473,12.83997151625806,14.626732810644715,21.032492243789655,912.695,22.45977632629099,957.614552652582,867.7754473474181,198680.0
LICN,2025-12-21,935.8,935.8,890.6,890.7,-2.97,28902.0,26029464.9,-0.029738562091503273,-0.03018972018266666,910.32,914.7300000000001,908.5448727885195,898.338355182821,47.149197670140595,10.206517605698423,13.742689769655458,22.758742797804675,914.7300000000001,17.851259722486436,950.432519444973,879.0274805550273,169778.0
LICN,2025-12-22,880.0,898.6,880.0,885.2,-0.62,8618.0,7634191.3,-0.006174918603345736,-0.00619406226092927,904.76,915.0,904.953353897978,897.3651436877973,45.08751519119443,7.588210210180705,12.511793857760509,22.461689740818628,915.0,17.328315737868095,949.6566314757362,880.3433685242638,161160.0
LICN,2025-12-23,881.2,887.0,870.0,875.0,-1.15,10156.0,8893299.6,-0.011522819701762388,-0.01158972181928024,897.1800000000001,912.0049999999999,900.3451456059814,895.7084663775901,41.46621878459567,4.636679228391358,10.936770931886679,22.07156904504587,912.0049999999999,18.820103333114854,949.6452066662296,874.3647933337702,151004.0
LICN,2025-12-24,882.0,883.0,870.0,876.0,0.11,9430.0,8226710.6,0.0011428571428571122,0.0011422045787769796,888.9800000000001,908.305,896.5997385896767,894.24857997925,41.95840744472062,2.351158610426637,9.21964846759467,21.423599827542592,908.305,18.22183406898208,944.7486681379642,871.8613318620357,160434.0
LICN,2025-12-28,882.0,895.0,866.0,893.0,1.94,15679.0,13890903.4,0.019406392694063967,0.01922048994010765,883.9800000000001,905.7449999999999,896.0459326528033,894.1560925733797,49.70148782115857,1.8898400794236068,7.753686789960457,21.964771268432408,905.7449999999999,16.421086411768282,938.5871728235364,872.9028271764633,176113.0
LICN,2025-12-29,893.0,902.0,885.0,895.0,0.22,19140.0,17068719.3,0.002239641657334923,0.0022371373983564205,884.8399999999999,903.74,895.8850199369875,894.2186042346109,50.53750693559168,1.6664157023766393,6.536232572443694,21.610144749258666,903.74,15.038070984762188,933.8161419695244,873.6638580304756,195253.0
LICN,2025-12-31,902.0,905.0,896.0,905.0,1.12,28378.0,25525581.4,0.011173184357541999,0.011111225425070849,888.8,902.7049999999999,897.2873245620663,895.0172261431583,54.60067813856248,2.270098418907992,5.683005741736554,20.78084869574019,902.7049999999999,14.132175866872467,930.9693517337448,874.440648266255,223631.0
LICN,2026-01-01,900.0,905.0,873.0,887.0,-1.99,15341.0,13499734.3,-0.019889502762430955,-0.020089961390346647,891.2,901.3349999999998,895.7046592448253,894.4233575399613,47.10049632164491,1.2813017048639495,4.802664934362033,21.58221664604446,901.3349999999998,14.266238208684843,929.8674764173695,872.8025235826301,208290.0
LICN,2026-01-04,870.0,886.0,870.0,870.3,-1.88,10245.0,8957097.6,-0.01882750845546788,-0.019007002514111474,890.0600000000001,899.775,891.7962501302368,892.6364421666309,41.41624668102839,-0.8401920363941144,3.6740935402108037,21.25491545704129,899.775,15.86365840183423,931.5023168036685,868.0476831963315,198045.0
LICN,2026-01-05,871.0,875.0,860.2,861.0,-1.07,24333.0,21034012.4,-0.010685970355049923,-0.010743475367737164,883.6600000000001,898.2700000000001,887.0583654948157,890.2930020061397,38.620986829357605,-3.23463651132397,2.292347529903849,20.793850067252624,898.2700000000001,18.01227943714103,934.2945588742822,862.245441125718,173712.0
LICN,2026-01-06,865.0,880.0,864.0,866.1,0.59,7196.0,6246521.2,0.005923344947735165,0.005905870909268275,877.8800000000001,896.875,883.8340015725364,888.5009277834627,40.97369966651125,-4.666926210926249,0.9004927817378295,20.665717919591724,896.875,19.388218750342094,935.6514375006842,858.0985624993158,180908.0
LICN,2026-01-07,870.0,878.8,855.1,858.4,-0.89,18132.0,15601801.8,-0.008890428357002711,-0.008930184020510441,868.5600000000001,894.1400000000001,879.9210782536846,886.2712294291321,38.569876578541795,-6.350151175447422,-0.5496360096992209,20.882452353906597,894.1400000000001,20.786670830266047,935.7133416605323,852.566658339468,162776.0
LICN,2026-01-08,841.3,865.0,841.3,863.9,0.64,12245.0,10522078.0,0.006407269338303712,0.00638683004834966,863.9399999999999,891.53,877.456296983887,884.6141013232705,41.222438521200594,-7.1578043393834605,-1.871269675636069,21.083705757198988,891.53,21.158054332881893,933.8461086657637,849.2138913342362,175021.0
LICN,2026-01-12,858.1,874.8,855.1,855.1,-1.02,7881.0,6768313.6,-0.010186364162518724,-0.010238600202928794,860.9,888.6800000000001,874.0168666786736,882.4278715956209,38.367771929914625,-8.411004916947263,-3.179216723898308,20.98486963168477,888.6800000000001,22.061125609387222,932.8022512187745,844.5577487812257,167140.0
LICN,2026-01-13,855.0,860.0,852.1,852.4,-0.32,12213.0,10432815.8,-0.0031575254356216442,-0.0031625209374476085,859.18,885.45,870.6911948819546,880.20358481076,37.50949255194905,-9.512389928805419,-4.44585136487973,20.05023608656443,885.45,22.42265067187946,930.295301343759,840.6046986562411,154927.0
LICN,2026-01-14,852.4,868.0,851.0,853.4,0.12,12189.0,10461303.5,0.0011731581417175896,0.0011724705294376041,856.64,882.4200000000001,868.0310110539617,878.218134084037,38.06212870406395,-10.187123030075327,-5.59410569791885,19.832362080381255,882.4200000000001,22.456052987662204,927.3321059753245,837.5078940246757,167116.0
LICN,2026-01-18,870.4,887.0,856.0,866.5,1.54,41911.0,36281951.9,0.015350363252870869,0.015233738401761178,858.26,880.095,867.7954708918137,877.3501241518862,44.93244897433565,-9.554653260072541,-6.386215210349588,20.815764788925453,880.095,21.51059653178164,923.1161930635633,837.0738069364368,209027.0
LICN,2026-01-20,867.1,883.8,867.1,878.0,1.33,36874.0,32416844.9,0.013271783035199158,0.01318448447945597,861.0799999999999,878.35,869.3653984469192,877.3982631035984,50.15903799542604,-8.03286465667918,-6.715545099615507,20.564638732573634,878.35,20.077127599005983,918.504255198012,838.1957448019881,245901.0
LICN,2026-01-21,880.0,884.0,867.2,870.2,-0.89,10314.0,9032123.7,-0.008883826879271028,-0.008923523348536883,864.1,876.01,869.4937986858547,876.8650584292578,46.90709746340661,-7.3712597434031295,-6.846688028373032,20.295735965961228,876.01,17.949956751022903,911.9099135020458,840.1100864979542,235587.0
LICN,2026-01-22,870.0,874.9,862.0,874.9,0.54,12287.0,10656564.2,0.0054010572282232605,0.005386523825638987,868.6,873.8549999999999,870.325521964954,876.7194985456091,49.050582983331076,-6.393976580655135,-6.756145738829453,19.76746911124971,873.8549999999999,14.985975022119073,903.8269500442381,843.8830499557617,247874.0
LICN,2026-01-25,885.0,897.8,871.0,888.0,1.5,30118.0,26659764.4,0.014973139787404222,0.014862148879951156,875.5200000000001,873.7199999999999,873.0446724318841,877.5550912459344,54.55745352259202,-4.51041881405024,-6.307000353873611,20.26979274616044,873.7199999999999,14.837668989695999,903.3953379793919,844.0446620206079,277992.0
LICN,2026-01-26,885.6,900.0,875.0,877.6,-1.17,42388.0,37591945.1,-0.011711711711711703,-0.011780834031149566,877.7400000000001,873.3400000000001,873.7454920577482,877.5584178203096,49.942350957840446,-3.8129257625614628,-5.808185435611181,20.607664692863267,873.3400000000001,14.623967349792029,902.5879346995843,844.092065300416,235604.0
LICN,2026-01-27,871.0,888.3,864.4,864.7,-1.47,36268.0,31685318.8,-0.01469917958067457,-0.014808282994635952,875.0800000000002,872.825,872.3538778950177,876.6059424262127,44.87193993721375,-4.2520645311949465,-5.496961254727934,20.84283150051589,872.825,14.743308026833569,902.3116160536672,843.3383839463329,199336.0
LICN,2026-01-28,864.0,870.0,857.0,868.0,0.38,34167.0,29438509.5,0.0038163524921936975,0.0038090886939655014,874.64,872.425,871.6840505265535,875.9684652094562,46.37188592583974,-4.284414682902707,-5.254451940362888,20.28262925047904,872.425,14.761146546375246,901.9472930927504,842.9027069072495,233503.0
LICN,2026-01-29,870.0,870.0,860.0,860.0,-0.92,25574.0,22117399.3,-0.009216589861751112,-0.009259325412796712,871.6600000000001,870.775,869.8865042916991,874.7856159346817,43.29638886058488,-4.899111642982575,-5.183383880886826,19.54815573258768,870.775,14.17287531632077,899.1207506326415,842.4292493673585,207929.0
LICN,2026-02-01,845.0,870.9,845.0,855.4,-0.53,15157.0,13009881.8,-0.005348837209302348,-0.005363193454745186,865.14,868.7950000000001,867.6578113237454,873.3496443839645,41.58839900011782,-5.691833060219096,-5.28507371675328,20.001858894545702,868.7950000000001,13.35284219677443,895.5006843935489,842.0893156064512,192772.0
LICN,2026-02-02,869.0,869.0,847.0,849.0,-0.75,19208.0,16385196.9,-0.007481879822305304,-0.0075100094814608866,859.4200000000001,865.9950000000001,864.7873788124,871.5459670221893,39.26741195217,-6.758588209789309,-5.579776615360486,20.14458325922101,865.9950000000001,11.030840736930156,888.0566814738604,843.9333185261398,173564.0
LICN,2026-02-03,855.0,855.0,846.1,846.1,-0.34,10295.0,8734626.8,-0.003415783274440476,-0.0034216303808920698,855.7,863.95,861.9123974566462,869.6610805761012,38.22637454975897,-7.748683119454995,-6.013557916179389,19.341398740705223,863.95,10.71857708522561,885.3871541704513,842.5128458295488,163269.0
LICN,2026-02-04,830.0,861.0,830.0,843.4,-0.32,18483.0,15699173.1,-0.0031911121616831073,-0.003196214617995809,850.7800000000001,862.6049999999999,859.0643363094698,867.7158153482419,37.23655950320803,-8.651479038772095,-6.54114214069793,20.174155973511994,862.6049999999999,11.536371544646268,885.6777430892924,839.5322569107074,144786.0
LICN,2026-02-05,844.0,855.0,839.2,855.0,1.38,22300.0,18834383.5,0.013753853450320097,0.013660127624300696,849.7800000000001,862.305,858.4390538003206,866.7739031002241,43.95138504678575,-8.334849299903453,-6.899883572539036,19.86171626111828,862.305,11.657682129250576,885.6203642585011,838.9896357414988,167086.0
LICN,2026-02-08,860.0,868.0,848.0,848.1,-0.81,19598.0,16747030.9,-0.00807017543859645,-0.008102915569105825,848.32,861.405,856.8484301387329,865.390651018726,41.13243003937004,-8.542220879993124,-7.228351034029854,19.8715936710384,861.405,12.037899580526998,885.4807991610539,837.329200838946,147488.0
LICN,2026-02-09,845.0,847.9,838.2,840.0,-0.96,20460.0,17195942.7,-0.009550760523523216,-0.009596661530295097,846.5200000000001,860.485,854.2563639635432,863.5098620543758,38.04738832218391,-9.253498090832636,-7.633380445390411,19.159336980249943,860.485,12.948329499868347,886.3816589997367,834.5883410002633,127028.0
LICN,2026-02-10,838.0,840.0,828.2,829.3,-1.27,19668.0,16395449.4,-0.012738095238095326,-0.012819920380201329,843.1599999999999,858.7550000000001,850.4169233537673,860.9757981984961,34.379167501888574,-10.558874844728848,-8.218479325258098,18.63367005308923,858.7550000000001,14.665587180998376,888.0861743619969,829.4238256380033,107360.0
LICN,2026-02-11,845.8,845.8,825.0,832.8,0.42,13407.0,11153296.6,0.004220426866031524,0.004211545843601,841.04,857.64,847.7066274531877,858.8887020356445,36.53461039471041,-11.182074582456835,-8.811198376697845,18.788407906439996,857.64,15.764630631334283,889.1692612626686,826.1107387373314,120767.0
LICN,2026-02-12,840.0,840.5,829.0,835.0,0.26,13746.0,11464394.3,0.002641690682036568,0.0026382075500964186,837.04,856.7700000000001,845.7517616911588,857.1191685515228,37.91505942114118,-11.367406860363985,-9.322440073431075,18.267807341694283,856.7700000000001,16.530549072145398,889.8310981442909,823.7089018557093,134513.0
LICN,2026-02-16,849.0,851.0,830.0,837.0,0.24,7319.0,6114930.5,0.0023952095808383866,0.0023923456386199015,834.8199999999999,855.95,844.4053368155958,855.6288597699285,39.20958469217053,-11.22352295433268,-9.702656649611397,18.46296396014469,855.95,17.103354549243466,890.156709098487,821.7432909015131,141832.0
LICN,2026-02-17,839.9,839.9,815.0,825.0,-1.43,30951.0,25494684.9,-0.014336917562724039,-0.01444068415479436,831.8199999999999,853.875,841.4199003824272,853.3600553425264,34.5541483692282,-11.940154960099221,-10.150156311708962,18.922752248705784,853.875,18.235964321413007,890.346928642826,817.403071357174,110881.0
LICN,2026-02-22,826.0,826.1,805.0,816.0,-1.09,20009.0,16310501.1,-0.010909090909090868,-0.010969031370573933,829.1600000000001,850.775,837.5091464774383,850.5926438356726,31.530413161127157,-13.08349735823424,-10.736824521014018,19.078269945226804,850.775,19.165151351105262,889.1053027022105,812.4446972977895,90872.0
LICN,2026-02-23,805.1,822.0,805.1,815.0,-0.12,11175.0,9073352.1,-0.001225490196078427,-0.0012262417232442964,825.6,848.015,834.0462008655247,847.9561516996968,31.203681237138298,-13.909950834172037,-11.371449783645623,18.92267923485346,848.015,20.168925420719358,888.3528508414387,807.6771491585613,79697.0
LICN,2026-02-24,800.1,827.0,800.1,817.0,0.25,12333.0,10023972.2,0.0024539877300613355,0.0024509816191401607,822.0,845.1200000000001,831.4237084246748,845.6631034256451,32.70563068074142,-14.239395000970262,-11.945038827110551,19.492487860935356,845.1200000000001,20.262010083565666,885.6440201671314,804.5959798328688,92030.0
LICN,2026-02-25,815.0,833.0,815.0,830.0,1.59,6588.0,5447420.8,0.01591187270501826,0.015786605930640626,820.6,842.22,831.2046763593403,844.5028735422641,41.62644139070828,-13.298197182923786,-12.2156704982732,19.38588158515426,842.22,17.803240390894228,877.8264807817885,806.6135192182115,98618.0
LICN,2026-02-26,830.0,846.0,821.4,824.0,-0.72,13289.0,11014334.1,-0.0072289156626506035,-0.00725517088117191,820.4,839.54,830.0962646117496,842.984142168763,39.05323182096012,-12.88787755701344,-12.35011191002125,19.758318614786102,839.54,16.155051352608574,871.8501027052171,807.2298972947829,85329.0
LICN,2026-03-01,820.0,836.0,815.1,836.0,1.46,8953.0,7382992.5,0.014563106796116498,0.014458083175229917,824.4,838.1049999999999,831.0045315945573,842.4667983044103,46.21443923626567,-11.462266709852997,-12.1725428699876,19.839867285158522,838.1049999999999,15.038633581375745,868.1822671627514,808.0277328372484,94282.0
LICN,2026-03-03,820.0,850.0,820.0,837.0,0.12,7272.0,6079710.1,0.0011961722488038617,0.0011954574047737313,828.8,836.555,831.9269113492408,842.0618502818614,46.77567990155078,-10.134938932620685,-11.765022082514218,20.56559105050434,836.555,13.291290183112853,863.1375803662256,809.9724196337743,101554.0
LICN,2026-03-09,853.7,870.7,853.7,853.7,2.0,2170.0,1855291.5,0.019952210274790882,0.01975577352678536,836.14,836.24,835.2766172955114,842.923935446168,55.185767961820666,-7.647318150656588,-10.941481296142692,21.503763118325466,836.24,12.770871461635041,861.7817429232701,810.6982570767299,103724.0
LICN,2026-03-10,870.7,910.0,855.0,900.0,5.42,155079.0,135794036.7,0.05423450860958168,0.0528149193080499,850.14,838.47,845.2340607885096,847.1517920797852,69.55100028920423,-1.9177312912755724,-9.136731295169268,23.989208609873646,838.47,18.7750982896058,876.0201965792116,800.9198034207884,258803.0
LICN,2026-03-11,910.0,910.0,873.1,873.3,-2.97,42855.0,38001334.8,-0.02966666666666673,-0.030115623904623582,860.0,839.6850000000001,849.5518975902773,849.0886963701714,58.003990762348245,0.4632012201059297,-7.216744792114229,24.91140799488267,839.6850000000001,20.2228446901843,880.1306893803686,799.2393106196315,215948.0
LICN,2026-03-12,889.9,889.9,867.0,881.7,0.96,26266.0,22988806.2,0.009618687736173248,0.009572722673294239,869.14,841.4649999999999,854.4977594994655,851.5043484908995,60.24044670936516,2.9934110085659995,-5.174713631978183,24.76773599524819,841.4649999999999,22.279380956040544,886.023761912081,796.9062380879188,242214.0
LICN,2026-03-15,882.0,885.0,850.1,872.6,-1.03,91803.0,79193631.0,-0.010320970851763644,-0.010374601403472137,876.26,842.925,857.2827195764708,853.0669893434253,56.71665885693828,4.215730233045406,-3.296624858973466,25.491469138444746,842.925,23.34417260756444,889.6133452151288,796.2366547848711,150411.0
LICN,2026-03-16,860.2,870.0,854.1,865.0,-0.87,21041.0,18048640.6,-0.008709603483841422,-0.008747753757629937,878.5200000000001,843.425,858.469993487783,853.9509160587272,53.88186754113943,4.519077429055756,-1.733484401367622,24.992078485698695,843.425,23.720474722221628,890.8659494444432,795.9840505555567,129370.0
LICN,2026-03-17,865.0,865.0,851.2,852.1,-1.49,17647.0,15063069.7,-0.014913294797687882,-0.01502561609796906,868.9399999999999,843.625,857.4899944896625,853.8138111654881,49.371160784397254,3.676183324174417,-0.6515508562592142,24.192644308148786,843.625,23.778758211903924,891.1825164238079,796.0674835761921,111723.0
LICN,2026-03-19,867.5,884.3,857.0,880.0,3.27,70857.0,61472539.8,0.03274263584086379,0.032218016638341916,870.28,845.625,860.9530722604836,855.7535288569335,57.63223756990325,5.1995434035501376,0.5186679957026562,24.764598286138153,845.625,25.10311104635174,895.8312220927035,795.4187779072965,182580.0
LICN,2026-03-22,883.0,904.0,883.0,896.0,1.82,149258.0,133575570.2,0.018181818181818077,0.018018505502678212,873.14,848.96,866.3449072973324,858.7347489416051,61.51085881555197,7.610158355727322,1.9369660677075895,24.709984122842574,848.96,27.1660081718858,903.2920163437716,794.6279836562285,331838.0
LICN,2026-03-23,895.0,904.9,882.2,885.0,-1.23,48704.0,43321252.3,-0.012276785714285698,-0.012352767967000938,875.6200000000001,851.5699999999999,869.2149215592813,860.6803230940787,57.60632321822159,8.53459846520252,3.2564925472065758,24.566413828353813,851.5699999999999,28.02568558709252,907.621371174185,795.5186288258149,283134.0
LICN,2026-03-24,890.0,894.0,879.0,890.0,0.56,42136.0,37302594.0,0.005649717514124353,0.005633817718256064,880.6200000000001,854.3199999999999,872.4126259347764,862.8521510130358,58.883912843090926,9.560474921740592,4.5172890221133795,23.88309855489997,854.3199999999999,28.995818210204355,912.3116364204086,796.3283635795913,325270.0
LICN,2026-03-25,896.0,896.0,868.7,875.0,-1.69,39283.0,34373134.9,-0.016853932584269704,-0.016997576368571136,885.2,856.2199999999999,872.8106834832723,863.7519916787369,53.65944120444531,9.058691804535442,5.425569578597792,24.127162943835682,856.2199999999999,29.04612665536032,914.3122533107205,798.1277466892793,285987.0
LICN,2026-03-26,877.0,887.4,870.0,880.0,0.57,25468.0,22387496.4,0.005714285714285783,0.005698021114637796,885.2,858.9699999999999,873.9167321781534,864.9555478506824,55.08982917864376,8.961184327471074,6.1326925283724485,23.646651304990275,858.9699999999999,28.533841403817366,916.0376828076346,801.9023171923652,311455.0
LICN,2026-03-29,870.0,884.0,857.1,866.0,-1.59,40474.0,35111329.8,-0.015909090909090873,-0.01603699890981696,879.2,861.4699999999999,872.6987733815145,865.0329146765578,50.39892490047102,7.66585870495669,6.439325763689297,23.879033354633826,861.4699999999999,26.702475737679826,914.8749514753596,808.0650485246402,270981.0
LICN,2026-03-30,883.3,883.3,849.0,850.0,-1.85,26117.0,22345534.5,-0.018475750577367167,-0.018648559078072977,872.2,863.2199999999999,869.206654399743,863.9193654412571,45.61813855439642,5.287288958485874,6.208918402648613,24.62338811501712,863.2199999999999,24.557421431483775,912.3348428629674,814.1051571370324,244864.0
LICN,2026-03-31,860.0,860.0,840.0,855.0,0.59,14849.0,12576220.6,0.00588235294117645,0.005865119452398058,865.2,865.1199999999999,867.021015261321,863.2586717048678,47.30049983389848,3.7623435564532883,5.7196034334095485,24.29314610680161,865.1199999999999,22.144682146364474,909.4093642927288,820.830635707271,259713.0
LICN,2026-04-01,850.0,850.5,826.0,830.0,-2.92,27673.0,23129045.6,-0.0292397660818714,-0.029675768146116666,856.2,865.1199999999999,861.3254744518871,860.7950663933962,40.54633723981248,0.5304080584909343,4.681764358425826,24.629349956315785,865.1199999999999,22.144682146364474,909.4093642927288,820.830635707271,232040.0
LICN,2026-04-02,830.0,861.0,830.0,843.4,-0.32,18483.0,15699173.1,0.016144578313253,0.016015640521815866,848.8799999999999,866.0899999999999,858.5677091515968,859.5065429568483,45.07360662675559,-0.9388338052515337,3.5576447256903543,25.084396388007516,866.0899999999999,20.621192471398654,907.3323849427973,824.8476150572026,250523.0
LICN,2026-04-05,805.2,823.0,802.2,808.0,-0.01,9010.0,7289903.2,-0.04197296656390792,-0.042879282791364035,837.28,864.6899999999999,850.7880615898127,855.6912434785633,37.047578219604745,-4.90318188875051,1.8654794028021815,26.235510931721258,864.6899999999999,23.518501115758447,911.7270022315168,817.652997768483,241513.0
LICN,2026-04-06,805.0,831.3,805.0,825.0,1.85,12803.0,10521841.9,0.021039603960395947,0.020821327813585516,832.28,864.0899999999999,846.8206674990723,853.4178180357067,42.35597103627933,-6.597150536634331,0.17295341491487903,26.240117293741168,864.0899999999999,24.39870358927273,912.8874071785453,815.2925928214545,254316.0
LICN,2026-04-07,836.9,838.0,820.0,822.0,-0.36,10326.0,8487366.0,-0.0036363636363636598,-0.003642991278501092,825.68,862.5049999999999,843.0021032684458,851.090572255284,41.68790756654797,-8.088468986838166,-1.4793310654357301,25.65153748704537,862.5049999999999,26.080855551742587,914.6667111034851,810.3432888965147,243990.0
LICN,2026-04-08,830.0,840.0,826.0,838.0,1.95,11882.0,9892859.8,0.019464720194647178,0.0192777054259031,827.28,859.4050000000001,842.2325489194541,850.120900236374,46.531672847736566,-7.888351316919966,-2.7611351157325776,25.10499909511356,859.4050000000001,25.05407782746199,909.513155654924,809.2968443450761,255872.0
LICN,2026-04-09,840.0,853.0,834.0,847.0,1.07,18492.0,15536743.4,0.010739856801909253,0.0106825941699713,828.0,858.0899999999999,842.9660029318457,849.8897224410871,49.09324778242,-6.923719509241437,-3.5936519944343495,24.66892773117688,858.0899999999999,24.97647103291809,908.0429420658361,808.1370579341637,274364.0
LICN,2026-04-10,833.2,842.0,833.0,833.0,-1.65,15984.0,13388079.8,-0.016528925619834656,-0.016667052485211647,833.0,855.6550000000001,841.4327717115617,848.6386318898955,45.44591391378476,-7.205860178333751,-4.31609363121423,23.906861464664246,855.6550000000001,24.927420433504622,905.5098408670093,805.8001591329909,258380.0
LICN,2026-04-13,849.6,849.6,829.0,830.0,-0.36,4255.0,3545971.0,-0.0036014405762304635,-0.003607941376199054,834.0,853.525,839.6738837559369,847.257992490644,44.67988752790222,-7.584108734707115,-4.969696651912807,23.670657074331086,853.525,25.221604669415193,903.9682093388303,803.0817906611696,254125.0
LICN,2026-04-15,844.5,844.5,821.3,829.9,-0.01,17654.0,14655743.1,-0.0001204819277108582,-0.00012048918624133101,835.5799999999999,851.7700000000001,838.1702093319467,845.9722152691148,44.652868999642344,-7.802005937168133,-5.536158508963872,23.63703871187887,851.7700000000001,25.599467510811525,902.9689350216231,800.5710649783771,236471.0
LICN,2026-04-16,829.0,831.0,822.0,825.0,-0.59,6880.0,5674103.3,-0.005904325822388201,-0.005921825269721268,832.9799999999999,850.415,836.144023280878,844.418717841773,43.27204663330302,-8.274694560895,-6.083865719350098,22.591535946744663,850.415,26.28900660763034,902.9930132152606,797.8369867847393,229591.0
LICN,2026-04-17,825.0,837.4,810.0,824.1,-0.11,8724.0,7150654.3,-0.0010909090909090313,-0.0010915045653430541,828.4,847.6200000000001,834.2910966222814,842.9136276312713,43.00897221274391,-8.622531008989881,-6.5915987772780555,22.93499766483433,847.6200000000001,25.947408348329464,899.5148166966591,795.7251833033412,220867.0
LICN,2026-04-20,823.5,834.0,810.0,820.0,-0.5,4566.0,3745623.7,-0.00497512437810943,-0.004987541511039051,825.8,843.82,832.0924663726997,841.2163218808068,41.763332732640485,-9.123855508107113,-7.098050123443867,23.01106926020331,843.82,23.979741449709767,891.7794828994196,795.8605171005805,216301.0
LICN,2026-04-21,861.0,861.0,815.5,821.8,0.22,2531.0,2073334.4,0.002195121951219514,0.0021927161910105836,824.1600000000001,840.6600000000001,830.509010007669,839.7780758155619,42.55000997969344,-9.269065807892957,-7.532253260333686,24.617421455903074,840.6600000000001,22.378217792618162,885.4164355852364,795.9035644147638,218832.0
LICN,2026-04-22,813.5,833.9,805.6,820.1,-0.21,12550.0,10231119.2,-0.0020686298369432254,-0.002070772406943785,822.2,837.165,828.907623852643,838.3204405699647,41.97333035728826,-9.412816717321675,-7.908365951731285,24.880462780481423,837.165,19.546012515549958,876.2570250310998,798.0729749689001,206282.0
LICN,2026-04-23,814.0,829.0,811.0,821.0,0.11,3491.0,2845443.6,0.0010974271430312932,0.0010968254100626534,821.4,834.4649999999999,827.6910663368519,837.0374449721895,42.418266764015186,-9.3463786353376,-8.195968488452548,24.38900115330418,834.4649999999999,17.685714574052604,869.8364291481051,799.0935708518947,209773.0
LICN,2026-04-24,821.0,821.0,806.1,820.0,-0.12,5189.0,4210164.6,-0.0012180267965895553,-0.0012187691941294547,820.5799999999999,831.4649999999999,826.5078253619516,835.7754120112866,42.0326118675053,-9.26758664933493,-8.410292120629025,23.711215356639595,831.4649999999999,14.324630058421143,860.1142601168422,802.8157398831577,204584.0
LICN,2026-04-27,820.0,828.0,810.0,814.9,-0.62,4752.0,3867698.9,-0.006219512195121957,-0.006238933932124695,819.5600000000001,828.9100000000001,824.7220060754975,834.2290851956357,40.03355588313208,-9.5070791201382,-8.629649520530862,23.30327140259391,828.9100000000001,12.247186572522741,853.4043731450456,804.4156268549546,199832.0
LICN,2026-04-28,814.9,830.0,810.1,818.0,0.38,6622.0,5386603.7,0.0038041477481900454,0.00379693027657303,818.8,827.3100000000001,823.6878512946516,833.0269307366997,41.844097775620874,-9.339079442048046,-8.771535504834299,23.06018058812292,827.3100000000001,11.408487145198897,850.1269742903978,804.4930257096023,206454.0
LICN,2026-04-29,818.0,818.0,811.0,816.0,-0.24,5748.0,4668032.0,-0.0024449877750610804,-0.0024479816386400017,817.98,825.36,822.5051049416284,831.7656766080553,40.98434950073055,-9.260571666426927,-8.869342737152824,21.913024831828423,825.36,9.619191343353538,844.598382686707,806.121617313293,200706.0
LICN,2026-04-30,806.1,814.8,802.1,808.1,-0.97,3563.0,2883715.7,-0.009681372549019573,-0.009728541724705022,815.4,824.265,820.2889349506086,830.0126635259771,37.690171955216954,-9.723728575368568,-9.040219904795974,21.34066591526925,824.265,10.286540771678657,844.8380815433572,803.6919184566427,197143.0
LICN,2026-05-01,871.0,875.0,860.2,861.0,-1.07,24333.0,21034012.4,0.06546219527286223,0.06340869118832881,823.6,825.1450000000001,826.552175727438,832.3080217833121,60.553874865138354,-5.755846055874144,-8.383345135011607,24.594904064178586,825.1450000000001,12.520025012378062,850.1850500247563,800.1049499752439,221476.0
LICN,2026-05-02,844.0,855.0,839.2,855.0,1.38,22300.0,18834383.5,-0.006968641114982632,-0.006993035490970637,831.6200000000001,827.4950000000001,830.928764077063,833.9889090586224,57.956283651449425,-3.0601449815594606,-7.318705104321179,24.395268059594397,827.4950000000001,13.504754523190845,854.5045090463818,800.4854909536184,199176.0
LICN,2026-05-04,816.0,825.0,809.0,810.0,-2.64,33465.0,27286637.4,-0.052631578947368474,-0.05406722127027582,830.0200000000001,826.7450000000001,827.7089542190533,832.2119528320578,43.04289622534295,-4.502998613004479,-6.75556380605784,25.938463198194796,826.7450000000001,14.055883765023392,854.8567675300469,798.6332324699533,165711.0
LICN,2026-05-05,805.0,815.0,805.0,807.0,-0.12,6678.0,5386881.2,-0.0037037037037036535,-0.0037105793965356015,828.22,825.9950000000001,824.5229612622759,830.3444007704238,42.26213077873483,-5.821439508147932,-6.568738946475859,24.800001541180883,825.9950000000001,14.707480194751245,855.4099603895027,796.5800396104976,159033.0
LICN,2026-05-06,820.1,821.0,816.1,818.0,-0.24,38457.0,31502825.7,0.013630731102850069,0.013538668332798265,830.2,824.9950000000001,823.5194287603872,829.4300007133554,46.121287550612884,-5.910571952968212,-6.43710554777433,24.028572859667964,824.9950000000001,14.527088127648499,854.0491762552971,795.9408237447032,197490.0
LICN,2026-05-07,805.3,815.9,805.2,812.0,0.37,862.0,699303.3,-0.007334963325183352,-0.007361996441069082,820.4,823.2450000000001,821.7472089510968,828.1388895494032,44.3788741672715,-6.39168059830638,-6.42802055788074,23.22653194112025,823.2450000000001,13.828059764004244,850.9011195280086,795.5888804719916,196628.0
LICN,2026-05-08,827.6,827.6,809.1,816.4,0.54,3671.0,2980725.4,0.005418719211822687,0.005404090774011804,812.6800000000001,822.415,820.9245614201589,827.2693421753734,45.990290373464696,-6.344780755214515,-6.411372597347495,22.88892251675452,822.415,13.709400347553432,849.8338006951068,794.9961993048931,200299.0
LICN,2026-05-11,820.0,820.0,812.0,818.0,0.2,6857.0,5590452.5,0.0019598236158746563,0.0019579056670574117,814.28,821.8149999999999,820.4746288939805,826.5827242364569,46.59617827248547,-6.1080953424764175,-6.35071714637328,21.825428051272056,821.8149999999999,13.622283408368599,849.0595668167372,794.5704331832627,207156.0
LICN,2026-05-12,821.0,828.8,810.3,812.0,-0.73,7562.0,6144203.3,-0.007334963325183352,-0.007361996441069082,815.28,820.9200000000001,819.1708398333681,825.5025224411638,44.57667723511564,-6.331682607795756,-6.346910238657776,21.587897476181197,820.9200000000001,13.651126808899116,848.2222536177983,793.6177463822019,199594.0
LICN,2026-05-13,812.0,815.0,808.0,812.0,0.0,3677.0,2982970.2,0.0,0.0,814.08,820.2700000000001,818.0676337051576,824.5023355936702,44.57667723476888,-6.4347018885125635,-6.364468568628734,20.545904799311113,820.2700000000001,13.755729906402717,847.7814598128056,792.7585401871946,199594.0
LICN,2026-05-14,815.0,815.0,807.7,813.9,0.23,2419.0,1963047.1,0.0023399014778324734,0.0023371681713177618,814.46,819.76,817.4264592889796,823.7169774015465,45.44503714265936,-6.290518112566929,-6.349678477416373,19.59976874221746,819.76,13.795285235600687,847.3505704712013,792.1694295287987,202013.0
LICN,2026-05-15,808.6,815.0,805.2,814.0,0.01,6139.0,4978127.4,0.0001228652168572264,0.00012285766954466483,813.9799999999999,819.46,816.8993117060597,822.9972012977282,45.49344178809058,-6.0978895916684905,-6.299320700266797,18.899785260630495,819.46,13.854902229327045,847.1698044586541,791.750195541346,208152.0
LICN,2026-05-18,810.5,824.7,810.5,812.0,-0.25,2500.0,2028746.5,-0.002457002457002422,-0.0024600258408623114,812.78,818.97,816.145571443589,822.1825937941928,44.64035136613716,-6.03702235060382,-6.246861030334202,18.564086313442605,818.97,13.940818521427126,846.8516370428542,791.0883629571458,205652.0
LICN,2026-05-19,810.0,815.0,806.0,814.0,0.25,2686.0,2177810.9,0.0024630541871921707,0.002460025840862399,813.18,818.6650000000001,815.8154835291907,821.5764757353637,45.73617671948432,-5.760992206173,-6.149687265501962,17.880937291053847,818.6650000000001,13.981464233047797,846.6279284660957,790.7020715339045,208338.0
LICN,2026-05-20,814.0,818.0,812.2,818.0,0.49,5485.0,4473478.3,0.004914004914004844,0.004901970600206688,814.3799999999999,818.5150000000001,816.1515629862382,821.3115516068183,47.955093090464054,-5.159988620580066,-5.9517475365175825,17.018013198835714,818.5150000000001,13.97118368925629,846.4573673785127,790.5726326214875,213823.0
LICN,2026-05-21,825.0,825.0,807.0,818.9,0.11,35864.0,29062151.2,0.0011002444987775473,0.0010996396733955497,815.38,818.46,816.5743994498939,821.1329181544613,48.465708661244555,-4.558518704567405,-5.6731017701275475,17.088155113204593,818.46,13.967194647119353,846.3943892942387,790.5256107057613,249687.0
LICN,2026-05-22,815.0,815.0,809.1,813.0,-0.72,1517.0,1230644.2,-0.007204786909268512,-0.007230866728331954,815.18,818.365,816.0244918422179,820.5304797726493,45.326216027134784,-4.505987930431388,-5.439679002188316,16.56757260511855,818.365,13.9991080541054,846.3632161082108,790.3667838917892,248170.0
LICN,2026-05-25,829.0,829.0,813.0,820.0,0.86,6162.0,5050907.0,0.008610086100861114,0.00857323071048831,816.78,818.465,816.6361084818767,820.4911849746753,49.50548051317157,-3.8550764927986165,-5.122758500310377,16.52703170475294,818.465,14.003506139722878,846.4720122794458,790.4579877205542,254332.0
LICN,2026-05-26,815.1,825.0,810.1,815.0,-0.61,12084.0,9843260.0,-0.0060975609756097615,-0.006116227017436094,816.9799999999999,818.4150000000001,816.3843994846649,820.0844305321067,46.75621479354676,-3.7000310474418256,-4.838213009736667,16.41081515441344,818.4150000000001,14.014551647821863,846.4441032956438,790.3858967043564,242248.0
LICN,2026-05-27,815.0,822.5,810.2,818.0,0.37,7644.0,6220128.4,0.0036809815950920033,0.0036742233618843254,816.9799999999999,818.9100000000001,816.632953410101,819.9300282704692,48.60062373535959,-3.297074860368184,-4.52998537986297,16.117185500526766,818.9100000000001,13.804305201638977,846.518610403278,791.3013895967222,249892.0
LICN,2026-06-01,865.0,880.0,864.0,866.1,0.59,7196.0,6246521.2,0.05880195599021998,0.05713803873425198,826.4200000000001,819.1650000000001,824.2432682700855,823.3500261763603,67.83783396312833,0.8932420937252346,-3.4453398851453296,19.394529393346282,819.1650000000001,14.644283058945751,848.4535661178916,789.8764338821086,257088.0
LICN,2026-06-02,827.9,827.9,812.0,814.5,0.18,13147.0,10731332.3,-0.05957741600277111,-0.061425947294899357,826.72,817.1400000000001,822.7443039208415,822.6944686818151,47.35995960156061,0.049835239026378986,-2.746304860310988,21.873491579535838,817.1400000000001,11.987379327968803,841.1147586559377,793.1652413440625,243941.0
LICN,2026-06-03,817.0,840.0,813.5,820.0,0.68,47272.0,39081608.7,0.006752608962553808,0.00672991221619907,826.72,817.6400000000001,822.3221033176352,822.4948784090881,49.12288152607723,-0.17277509145287695,-2.2315989065393658,22.203956466711848,817.6400000000001,11.88198105026825,841.4039621005365,793.8760378994637,291213.0
LICN,2026-06-04,805.0,831.3,805.0,825.0,1.85,12803.0,10521841.9,0.0060975609756097615,0.0060790460763821925,828.72,818.5400000000001,822.7340874226144,822.6804429713778,50.73805948194199,0.053644451236550594,-1.7745502349841826,22.496531004803856,818.5400000000001,11.714156976878074,841.9683139537563,795.1116860462439,304016.0
LICN,2026-06-05,805.1,813.0,805.1,809.0,0.25,12635.0,10226619.5,-0.019393939393939408,-0.019584469276189308,826.9200000000001,818.09,820.6211508960583,821.6670768253498,45.73452697274522,-1.0459259292914567,-1.6288253738456375,22.311064504460724,818.09,11.90726889871502,841.9045377974301,794.27546220257,291381.0
LICN,2026-06-07,786.1,799.0,777.3,777.4,-1.59,8150.0,6393524.4,-0.03906056860321383,-0.039843898640368886,809.18,816.36,813.9717430658956,818.3880340975461,37.805051049851365,-4.41629103165053,-2.186318505406616,22.981702754142102,816.36,14.960664212491492,846.281328424983,786.438671575017,283231.0
LICN,2026-06-08,780.0,786.0,775.2,776.0,-1.08,5452.0,4238078.6,-0.0018008747105736633,-0.0018024982349039939,801.4799999999999,814.34,808.1299364403732,815.2481797199501,37.494882381500695,-7.118243279576973,-3.1727034602406876,22.111581128846236,814.34,17.471673314704272,849.2833466294086,779.3966533705915,277779.0
LICN,2026-06-09,820.0,820.0,805.1,814.5,0.06,21015.0,16992609.2,0.049613402061855716,0.04842190785888111,800.3799999999999,814.1650000000001,809.1099462187774,815.1927589999539,49.71338250422442,-6.082812781176472,-3.7547253244278447,23.675039619642934,814.1650000000001,17.45060020065546,849.066200401311,779.2637995986892,298794.0
LICN,2026-06-10,819.9,819.9,808.0,813.0,-0.18,7671.0,6218699.3,-0.0018416206261510082,-0.001843318494289224,797.9799999999999,814.215,809.7084160312731,815.0303324073647,49.30895255293157,-5.321916376091508,-4.068163534760577,22.833965361097007,814.215,17.445502360960393,849.1060047219208,779.3239952780792,291123.0
LICN,2026-06-11,808.0,818.7,808.0,812.0,-0.12,4763.0,3865761.2,-0.0012300123001229846,-0.0012307693861326238,798.5799999999999,814.215,810.0609674110773,814.8058633401524,49.022627069343606,-4.744895929075142,-4.20351001362349,21.96725354959008,814.215,17.445502360960393,849.1060047219208,779.3239952780792,286360.0
LICN,2026-06-12,818.0,820.0,807.1,810.5,-0.18,7751.0,6273155.8,-0.001847290640394128,-0.0018489989859471975,805.2,814.045,810.1285108862962,814.4869105001412,48.56706035458635,-4.358399613844995,-4.234487933667792,21.319592581762215,814.045,17.46528813012767,848.9755762602553,779.1144237397447,278609.0
LICN,2026-06-15,808.3,813.0,806.0,812.5,0.25,10849.0,8766691.7,0.002467612584824197,0.002464573028161772,812.5,813.97,810.4933553653276,814.3397319445752,49.24433273591431,-3.8463765792475897,-4.156865662783751,20.29676454020777,813.97,17.46871187957303,848.9074237591461,779.0325762408539,289458.0
LICN,2026-06-16,853.1,853.1,805.0,806.4,-0.75,7619.0,6141727.9,-0.007507692307692326,-0.007536016886788399,810.88,813.6899999999999,809.8636083860464,813.7516036523845,47.20271909671742,-3.8879952663380664,-4.1030915834946144,22.282709930192933,813.6899999999999,17.546656601456252,848.7833132029125,778.5966867970874,281839.0
LICN,2026-06-17,806.1,818.0,806.1,808.9,0.31,4971.0,4013473.5,0.003100198412698374,0.0030954027068027194,810.0600000000001,813.435,809.7153609420392,813.3922256040596,48.151462284524115,-3.676864662020421,-4.017846199199776,21.541087792322006,813.435,17.57894299543618,848.5928859908723,778.2771140091276,286810.0
LICN,2026-06-18,812.0,812.0,804.1,807.0,-0.23,7018.0,5654584.5,-0.002348868834219253,-0.002351631753958073,809.0600000000001,812.885,809.2976131048024,812.9187274111664,47.453544845386546,-3.6211143063640066,-3.9384998206326225,20.56672437858472,812.885,17.600666105665038,848.08633221133,777.6836677886699,279792.0
LICN,2026-06-19,847.3,872.0,806.4,809.9,0.36,16666.0,13775778.2,0.0035935563816604787,0.0035871149849954057,808.9399999999999,812.435,809.3902880117558,812.6951179733022,48.67630578939692,-3.3048299615463748,-3.811765848815373,23.783386922971527,812.435,17.55377527230171,847.5425505446034,777.3274494553965,296458.0
LICN,2026-06-22,810.0,820.0,805.1,805.1,-0.59,5140.0,4149006.1,-0.005926657612050801,-0.005944289949009063,807.46,812.04,808.7302437022549,812.1325166419465,46.737683329342715,-3.4022729396915565,-3.72986726699061,23.148859285616417,812.04,17.629114674458407,847.2982293489167,776.7817706510832,291318.0
LICN,2026-06-23,803.4,808.0,798.6,799.0,-0.76,16328.0,13088937.2,-0.00757669854676446,-0.007605547539660478,805.98,810.99,807.2332831326772,811.159737631432,44.32185094284483,-3.926454498754765,-3.7691847133434413,22.166797908072386,810.99,17.75499633149813,846.4999926629963,775.4800073370037,274990.0
LICN,2026-06-24,798.3,804.0,788.0,804.0,0.63,17191.0,13667344.7,0.006257822277847325,0.006238323412691718,805.0,810.4399999999999,806.7358549584193,810.6293866957703,46.75143740377952,-3.8935317373510543,-3.794054118144964,21.726312343210072,810.4399999999999,17.79457043136391,846.0291408627278,774.8508591372721,292181.0
LICN,2026-06-25,792.0,807.8,790.0,803.9,-0.01,4527.0,3589960.9,-0.00012437810945276073,-0.00012438584505124897,804.3799999999999,809.7349999999999,806.2995695802009,810.1309136071948,46.70753894858282,-3.831344026993861,-3.801512099914744,21.44586146155221,809.7349999999999,17.758564279181403,845.2521285583628,774.217871441637,287654.0
LICN,2026-06-26,791.1,807.0,791.1,804.9,0.12,6708.0,5378901.9,0.0012439358129121558,0.0012431627657731028,803.38,806.675,806.0842511832469,809.7434385251804,47.24103987161825,-3.659187341933489,-3.773047148318493,21.049728500012762,806.675,11.812253895844693,830.2995077916894,783.0504922083105,294362.0
LICN,2026-06-29,793.0,800.0,787.0,798.6,-0.78,5107.0,4037790.6,-0.007827059262020097,-0.007857851470567168,802.0799999999999,805.8799999999999,804.9328279242858,808.9179986344263,44.23651672355965,-3.985170710140551,-3.815471860682905,20.824747892868995,805.8799999999999,11.792932762995106,829.4658655259901,782.2941344740096,289255.0
LICN,2026-06-30,790.0,799.0,790.0,793.0,-0.7,4015.0,3190994.0,-0.007012271475081433,-0.007036972994273005,800.8799999999999,804.53,803.0970082436264,807.7388876244688,41.69787072399988,-4.641879380842397,-3.9807533647148037,19.980123043378352,804.53,11.635838467283879,827.8016769345677,781.2583230654323,285240.0
LICN,2026-07-01,793.0,804.9,790.0,799.0,0.76,2859.0,2273122.5,0.007566204287515754,0.007537724131426673,799.8799999999999,803.2299999999999,802.4666992830685,807.0915626152489,45.31869931355679,-4.624863332180439,-4.109575358207931,19.61725711170847,803.2299999999999,10.638119144941745,824.5062382898834,781.9537617101164,288099.0
LICN,2026-07-02,838.9,838.9,788.5,799.0,0.0,7799.0,6171576.6,0.0,0.0,798.9,802.7299999999999,801.9333609318271,806.492187606712,45.31869931305163,-4.558826674884926,-4.19942562154333,21.816024460872146,802.7299999999999,10.58753487509939,823.9050697501987,781.5549302498011,288099.0
LICN,2026-07-03,838.0,838.0,787.7,790.0,-1.13,10271.0,8135361.5,-0.01126408010012514,-0.011328000305207472,795.9200000000001,803.3599999999999,800.0974592500075,805.2705440802889,40.89988031350594,-5.173084830281368,-4.394157463290938,23.850594142238418,803.3599999999999,9.297220863466796,821.9544417269335,784.7655582730663,277828.0
LICN,2026-07-04,836.9,838.0,820.0,822.0,-0.36,10326.0,8487366.0,0.040506329113924044,0.03970744959511273,800.6,805.66,803.4670809038525,806.5097630373045,56.9665830774894,-3.04268213345199,-4.1238623973231485,25.575551703507102,805.66,7.730350301512878,821.1207006030257,790.1992993969742,288154.0
LICN,2026-07-05,805.3,815.9,805.2,812.0,0.37,862.0,699303.3,-0.012165450121654486,-0.01224005489450195,804.4,805.535,804.7798376878752,806.9164472567635,52.19158108153865,-2.136609568888275,-3.726411831636174,24.94872658182802,805.535,7.598980194383033,820.7329603887661,790.3370396112339,287292.0
LICN,2026-07-06,786.1,799.0,777.3,777.4,-1.59,8150.0,6393524.4,-0.04261083743842364,-0.04354532174355516,800.0799999999999,803.755,800.5675549666637,804.7300437562625,39.770155148642196,-4.162488789598797,-3.8136272232286985,25.64524611169745,803.755,9.650823526075586,823.0566470521512,784.4533529478488,279142.0
LICN,2026-07-07,778.0,794.0,777.1,787.9,1.35,6043.0,4724450.6,0.013506560329302753,0.01341615983351957,797.8599999999999,802.55,798.6187003564078,803.4833738483911,44.116762799813415,-4.864673491983353,-4.02383647697963,25.020585675147633,802.55,10.062933547109907,822.6758670942197,782.4241329057802,285185.0
LICN,2026-07-08,790.0,790.0,771.2,774.9,-0.14,1328.0,1031168.5,-0.016499555781190556,-0.01663718948173796,794.84,800.77,794.969669532345,801.3660868966584,40.244344283991246,-6.396417364313379,-4.49835265444638,24.5762581269228,800.77,11.612021900864978,823.99404380173,777.54595619827,283857.0
LICN,2026-07-09,776.0,780.0,774.9,779.7,0.09,9199.0,7143539.8,0.006194347657762389,0.006175241545649864,786.3799999999999,799.13,792.620489604292,799.76119157098,42.25964863009309,-7.140701966688084,-5.026822516894721,23.1850968321426,799.13,12.170936044737998,823.4718720894759,774.788127910524,293056.0
LICN,2026-07-10,779.7,782.9,770.0,776.0,-0.47,12912.0,9991949.3,-0.004745414903167933,-0.004756710132335564,779.18,797.61,790.0634912036317,798.001103306463,41.1087397052023,-7.937612102831395,-5.608980434082056,22.45044705841813,797.61,13.079590368398051,823.7691807367961,771.4508192632039,280144.0
LICN,2026-07-13,794.0,794.0,765.0,765.0,-1.42,25030.0,19254479.9,-0.014175257731958713,-0.014276686356682862,776.7,795.4150000000001,786.2075694799961,795.5565771356139,37.81175064778665,-9.349007655617811,-6.356985878389208,22.91827226853112,795.4150000000001,14.671894901291646,824.7587898025834,766.0712101974168,255114.0
LICN,2026-07-14,803.0,803.0,763.0,772.0,0.92,7717.0,5941309.7,0.009150326797385588,0.0091087161982403,773.52,793.6650000000001,784.0217895599967,793.8116454959388,41.05174557766059,-9.789855935942114,-7.0435598898997895,24.138395677921753,793.6650000000001,15.291596419182854,824.2481928383658,763.0818071616344,262831.0
LICN,2026-07-15,765.0,787.8,765.0,783.0,1.42,4568.0,3540447.2,0.014248704663212486,0.01414814596602698,775.14,792.32,783.8645911661511,793.01078286661,45.828027741243574,-9.146191700458985,-7.464086252011629,24.042795986641625,792.32,14.968057216507063,822.2561144330142,762.3838855669859,267399.0
LICN,2026-07-16,782.0,789.8,778.0,789.8,0.87,6429.0,5031476.5,0.008684546615580935,0.00864705286174578,777.1600000000001,791.5550000000001,784.7777309867432,792.772947098713,48.6005703960754,-7.995216111969739,-7.570312224003252,23.168310559024363,791.5550000000001,14.668493805460523,820.8919876109211,762.218012389079,273828.0
LICN,2026-07-17,795.0,805.0,785.0,798.0,1.04,15549.0,12378454.2,0.010382375284882395,0.010328848597259868,781.5600000000001,791.505,786.8119262195519,793.160136202512,51.80392407907178,-6.348209982960157,-7.325891775794633,22.942002661951193,791.505,14.643463603611922,820.7919272072238,762.2180727927762,289377.0
LICN,2026-07-20,805.0,810.0,786.0,804.5,0.81,5279.0,4250667.5,0.008145363408521344,0.008112368982629174,789.46,791.53,789.5331683396207,794.0001261134371,54.23854103377713,-4.466957773816375,-6.754104975398983,23.01757390038325,791.53,14.666327348360072,820.8626546967201,762.1973453032798,294656.0
LICN,2026-07-21,806.0,809.0,794.0,796.5,-0.99,13352.0,10671515.0,-0.009944064636420169,-0.009993837082334717,794.36,791.1600000000001,790.6049885950637,794.1853019568862,50.83491102606824,-3.5803133618225047,-6.119346652683688,22.444890050355877,791.1600000000001,14.429261205684904,820.0185224113699,762.3014775886303,281304.0
LICN,2026-07-22,805.0,805.0,790.0,804.4,0.99,6504.0,5183129.6,0.009918392969240353,0.009869528548393692,798.64,791.135,792.7272980419768,794.9419462563761,53.91069806776585,-2.21464821439929,-5.338406965026809,21.913112189616175,791.135,14.404614574751603,819.9442291495031,762.3257708504968,287808.0
LICN,2026-07-23,844.0,844.0,790.2,803.9,-0.06,6839.0,5459836.6,-0.0006215813028344064,-0.0006217745645818319,801.4599999999999,791.4,794.4461752662882,795.6055057929408,53.68179371577432,-1.1593305266526386,-4.502591677351974,24.190747033215015,791.4,14.596647055323173,820.5932941106463,762.2067058893537,280969.0
LICN,2026-07-24,800.1,813.8,797.0,804.0,0.01,9884.0,7950653.4,0.00012439358129112676,0.00012438584505114597,802.66,791.95,795.9159944560901,796.2273201786488,53.724113993591246,-0.3113257225587631,-3.6643384863933326,23.66283653084251,791.95,14.86488267147192,821.6797653429439,762.2202346570562,290853.0
LICN,2026-07-27,814.9,814.9,794.2,795.0,-1.12,7761.0,6205753.1,-0.011194029850746245,-0.011257154524634447,800.76,791.75,795.7750722320761,796.136407572823,49.35350480413327,-0.3613353407469049,-3.003737857264047,23.451205350068044,791.75,14.791765134154648,821.3335302683093,762.1664697316907,283092.0
LICN,2026-07-28,795.0,800.0,785.2,786.3,-1.09,10343.0,8145234.1,-0.010943396226415159,-0.011003715656861616,798.72,791.115,794.3173688117568,795.4077847896509,45.50008481932635,-1.0904159778941676,-2.6210734813900713,22.833262110777465,791.115,14.736645158272303,820.5882903165447,761.6417096834554,272749.0
LICN,2026-07-29,787.2,795.0,783.0,789.9,0.46,9285.0,7312457.7,0.004578405188859325,0.004567956172903171,795.8199999999999,791.11,793.637773609948,794.9998007311582,47.332561572008125,-1.3620271212101898,-2.369264209354095,22.059457674293363,791.11,14.73706033654391,820.5841206730878,761.6358793269122,282034.0
LICN,2026-07-30,789.9,789.9,778.0,788.0,-0.24,9579.0,7470140.1,-0.0024053677680718755,-0.0024082653124942515,792.64,789.4100000000001,792.7704238238022,794.4812969732945,46.444962082192426,-1.710873149492386,-2.2375859973817533,21.33378212612955,789.4100000000001,12.822919447317634,815.0558388946354,763.7641611053648,272455.0
LICN,2026-07-31,793.0,793.0,781.0,787.9,-0.01,4020.0,3149766.5,-0.00012690355329947334,-0.00012691160623669814,789.42,788.205,792.0211278509096,793.9937934937911,46.39564863382846,-1.9726656428815659,-2.184601926481716,20.66708340283458,788.205,11.668783141120285,811.5425662822406,764.8674337177595,268435.0
LICN,2026-08-01,841.3,865.0,841.3,863.9,0.64,12245.0,10522078.0,0.09645894149003675,0.09208584311319602,803.2,792.53,803.0794158738465,799.1720310127696,71.31939550842182,3.9073848610769346,-0.9662045689699861,24.69800601691783,792.53,20.295088853549586,833.1201777070992,751.9398222929008,280680.0
LICN,2026-08-02,860.0,868.0,848.0,848.1,-0.81,19598.0,16747030.9,-0.018289153837249605,-0.018458467997184057,815.56,795.54,810.0056595855624,802.7963250118237,64.59518065122879,7.209334573738715,0.6689032595717543,24.362434158566558,795.54,23.743484424703272,843.0269688494066,748.0530311505934,261082.0
LICN,2026-08-03,805.0,805.0,782.1,790.0,0.27,5019.0,3933677.1,-0.06850607239712303,-0.07096560790658722,815.5799999999999,796.295,806.9278658031682,801.8484490850219,47.034121849044034,5.079416718146263,1.551005951286656,27.336546004383234,796.295,23.288340769235305,842.8716815384705,749.7183184615294,256063.0
LICN,2026-08-04,830.0,840.0,826.0,838.0,1.95,11882.0,9892859.8,0.06075949367088618,0.05898515502101596,825.5799999999999,799.2099999999999,811.7081941411423,804.5263417453906,57.35025247948986,7.181852395751662,2.6771752401796576,28.955364146927288,799.2099999999999,24.70729489537871,848.6245897907573,749.7954102092425,267945.0
LICN,2026-08-05,827.6,827.6,809.1,816.4,0.54,3671.0,2980725.4,-0.02577565632458234,-0.026113669546393315,831.28,801.2299999999999,812.4300104271204,805.4058719864728,52.40393745493306,7.024138440647562,3.5465678802732388,28.95140956500391,801.2299999999999,24.358876043443654,849.9477520868872,752.5122479131126,264274.0
LICN,2026-08-06,815.0,819.0,808.0,814.0,-0.49,19130.0,15560687.0,-0.0029397354238118734,-0.0029440649331494467,821.3,803.68,812.6715472844865,806.0424740615489,51.86864208024333,6.6290732229375635,4.163068948806104,27.669166024646486,803.68,22.94633556331123,849.5726711266224,757.7873288733775,245144.0
LICN,2026-08-07,780.0,780.0,775.2,779.0,-1.13,4590.0,3565089.0,-0.04299754299754299,-0.04394932013179203,807.48,804.03,807.4913092407193,804.0393278347675,44.6979843090683,3.4519814059517557,4.020851440235234,28.46422559431459,804.03,22.48646610495627,849.0029322099125,759.0570677900874,240554.0
LICN,2026-08-10,785.0,785.0,765.3,770.0,-0.63,6970.0,5353920.1,-0.011553273427471145,-0.011620531023018759,803.48,803.3799999999999,801.7234155113778,801.5178961433032,43.04987811312958,0.2055193680745333,3.2577850258030945,27.838209480434983,803.3799999999999,23.299550481204236,849.9791009624083,756.7808990375914,233584.0
LICN,2026-08-11,770.0,780.0,767.1,770.0,0.0,3288.0,2531845.7,0.0,0.0,789.88,802.39,796.8428900480889,799.1832371697252,43.049878112939645,-2.3403471216363414,2.1381585963152077,26.77119451754677,802.39,24.305855911149177,851.0017118222984,753.7782881777016,233584.0
LICN,2026-08-12,779.9,780.0,769.0,772.0,0.26,4221.0,3253148.9,0.0025974025974024872,0.002594035177046528,781.0,801.0899999999999,793.0209069637674,797.1696640460419,43.58597244113276,-4.148757082274528,0.8807754605972605,25.644680623436287,801.0899999999999,25.230722708944374,851.5514454178887,750.6285545821112,237805.0
LICN,2026-08-13,774.0,776.0,766.1,775.5,0.45,3982.0,3058859.8,0.0045336787564767,0.004523432591817358,773.3,799.64,790.3253828154955,795.5645037463352,44.56934769670206,-5.239120930839704,-0.3432038176901322,24.520060578905124,799.64,25.85014303115981,851.3402860623196,747.9397139376804,241787.0
LICN,2026-08-14,775.0,778.0,775.0,778.0,0.32,1149.0,892403.5,0.003223726627981982,0.003218541561798124,773.1,798.7149999999999,788.4291700746501,794.2634293947548,45.302770063030614,-5.834259320104707,-1.4414149181730471,22.98291339469762,798.7149999999999,26.29557247092214,851.3061449418442,746.1238550581556,242936.0
LICN,2026-08-17,778.0,781.8,776.0,781.0,0.39,3884.0,3022868.4,0.003856041131105492,0.0038486256612944563,775.3,797.545,787.2862208323962,793.2809531432914,46.22231340856924,-5.994732310895188,-2.3520783967174754,21.7555624379335,797.545,26.548673769925504,850.642347539851,744.4476524601489,246820.0
LICN,2026-08-18,789.0,789.0,765.0,769.0,-1.54,11301.0,8681375.8,-0.015364916773367487,-0.015484180334042,775.1,795.8,784.4729560889507,791.4823640215661,43.100989836533465,-7.0094079326154315,-3.2835443038970666,21.915879406652536,795.8,27.246767070315382,850.2935341406308,741.3064658593692,235519.0
LICN,2026-08-19,764.5,778.0,764.5,774.0,0.65,2552.0,1959618.6,0.006501950585175553,0.0064809040840831415,775.5,794.3,782.861732075266,790.1873740940428,44.774394750624566,-7.325642018776762,-4.091963846873006,21.314745163320215,794.3,27.595136871229794,849.4902737424595,739.1097262575404,238071.0
LICN,2026-08-20,770.0,774.9,763.0,769.0,-0.65,7404.0,5667517.0,-0.006459948320413411,-0.0064809040840831155,774.2,793.0,780.7291579098405,788.6179389759654,43.39981822569586,-7.8887810661249205,-4.85132729072339,20.6422633659402,793.0,28.16692722801357,849.3338544560271,736.6661455439729,230667.0
LICN,2026-08-21,763.0,770.0,762.0,770.0,0.13,9536.0,7289647.9,0.0013003901170351995,0.0012995453420856474,772.6,792.185,779.0785182314035,787.2388323851533,43.7716182911341,-8.160314153749823,-5.513124663328677,19.73924455408733,792.185,28.603427748119465,849.3918554962389,734.978144503761,240203.0
LICN,2026-08-24,770.0,780.0,751.3,764.0,-0.78,14247.0,10857525.5,-0.007792207792207795,-0.007822725681209045,769.2,790.89,776.7587461958029,785.5174373936604,41.98937503212783,-8.758691197857502,-6.162237970234441,20.379298514509667,790.89,29.290377439029843,849.4707548780597,732.3092451219403,225956.0
LICN,2026-08-25,770.0,778.0,760.0,765.0,0.13,6544.0,4997217.4,0.0013089005235602524,0.0013080446600153889,768.4,789.74,774.9497083195256,783.9976272163523,42.41024991055367,-9.047918896826673,-6.7393741555528885,20.20934862061612,789.74,29.855871325856217,849.4517426517125,730.0282573482875,232500.0
LICN,2026-08-26,760.0,780.0,752.1,764.9,-0.01,6089.0,4612883.6,-0.00013071895424843216,-0.00013072749871555605,766.58,788.5899999999999,773.4035993472909,782.5829881632891,42.37713971178798,-9.179388815998209,-7.227377087641953,20.75868086200068,788.5899999999999,30.369026811344824,849.3280536226896,727.8519463773102,226411.0
LICN,2026-08-27,755.0,764.0,755.0,761.5,-0.44,10475.0,7969767.1,-0.004445025493528543,-0.004454933992603823,765.08,783.47,771.5722763707846,781.0212853363788,41.199410217228916,-9.449008965594203,-7.671703463232403,19.983060800429204,783.47,25.19530240247882,833.8606048049577,733.0793951950424,215936.0
LICN,2026-08-31,756.0,760.6,751.0,752.1,-1.23,13018.0,9835003.1,-0.012344057780695916,-0.012420878502859023,761.5,778.67,768.5765415445101,778.8789679040544,38.05085073596951,-10.30242635954437,-8.197848042494797,19.30569931468426,778.67,21.03568646984413,820.7413729396882,736.5986270603117,202918.0
LICN,2026-09-02,845.0,847.9,838.2,840.0,-0.96,20460.0,17195942.7,0.11687275628240923,0.11053259800500188,776.7,781.17,779.5647659222777,783.4064517630134,64.99262365922674,-3.841685840735636,-7.326615602142965,24.769577935063953,781.17,25.042597393341012,831.255194786682,731.084805213318,223378.0
LICN,2026-09-03,853.7,870.7,853.7,853.7,2.0,2170.0,1855291.5,0.016309523809523885,0.01617795217890149,794.4399999999999,781.955,790.9701865496197,788.6133812620494,67.37421973991604,2.356805287570296,-5.389931424200313,25.19317951113082,781.955,27.080901699104395,836.1168033982088,727.7931966017912,225548.0
LICN,2026-09-04,840.0,853.0,834.0,847.0,1.07,18492.0,15536743.4,-0.007848190230760221,-0.007879149364206323,810.86,783.485,799.5901578496782,792.9383159833791,65.043700441375,6.651841866299151,-2.98157676610042,24.80080954605005,783.485,29.852008219402986,843.189016438806,723.780983561194,207056.0
LICN,2026-09-06,820.0,820.0,805.1,814.5,0.06,21015.0,16992609.2,-0.038370720188901974,-0.03912626660995454,821.46,783.51,801.8839797189585,794.535477762388,55.0892156864964,7.348501956570431,-0.9155610215662497,26.02218029276076,783.51,29.879105531506166,843.2682110630124,723.7517889369876,186041.0
