Symbol,Date,Open,High,Low,Close,Percent Change,Volume,Turnover,Daily_Return,Log_Return,SMA_5,SMA_20,EMA_12,EMA_26,RSI_14,MACD,MACD_Signal,ATR_14,BB_Middle,BB_Std,BB_Upper,BB_Lower,OBV
MANDU,2023-10-11,373.2,410.5,373.2,410.5,0.00 %,120801.0,48090816.0,,,,,410.5,410.5,,0.0,0.0,37.30000000000001,,,,,0.0
MANDU,2023-10-12,418.7,451.5,402.0,440.1,7.21 %,53234.0,23483653.8,0.07210718635809998,0.06962604492456291,,,415.05384615384617,412.69259259259263,99.99999999662163,2.361253561253534,0.4722507122507068,38.171428571428585,,,,,53234.0
MANDU,2023-10-16,431.3,431.3,396.1,407.5,-7.41 %,71195.0,29079421.2,-0.07407407407407407,-0.07696104113612832,,,413.89171597633134,412.3079561042524,92.18974604386523,1.5837598720789288,0.6945525442163513,38.58775510204083,,,,,-17961.0
MANDU,2023-10-17,407.5,432.0,407.5,429.6,5.42 %,40342.0,16847598.0,0.054233128834355826,0.05281361051373753,,,416.3083750568958,413.58884824467816,92.61106074026226,2.719526812217623,1.0995473978166057,37.581486880466485,,,,,22381.0
MANDU,2023-10-18,425.0,460.0,416.5,450.1,4.77 %,24712.0,10898431.5,0.04771880819366858,0.04661523710423213,427.56000000000006,,421.50708658660415,416.2933780043316,92.9888725966755,5.213708582272545,1.9223796347077937,38.00423781757602,,,,,47093.0
MANDU,2023-10-19,450.1,457.0,441.1,446.8,-0.73 %,32579.0,14556051.8,-0.007331704065763223,-0.007358713103841424,434.82,,425.39830403481886,418.55312778178853,92.1718453659277,6.845176253030331,2.9069389583723013,36.42536368774916,,,,,14514.0
MANDU,2023-10-29,437.9,437.9,421.1,431.5,-3.42 %,22589.0,9657425.2,-0.03424350940017906,-0.03484355667156302,433.1,,426.33702649100053,419.51215535350786,88.29820243250913,6.824871137492664,3.6905253941963743,35.659266281481365,,,,,-8075.0
MANDU,2023-10-30,423.1,454.0,423.1,441.5,2.32 %,20413.0,8885208.3,0.023174971031286296,0.02291050952053215,439.9,,428.6697916462312,421.14088458658136,88.63440929028101,7.528907059649839,4.458201727287068,35.31931868994698,,,,,12338.0
MANDU,2023-10-31,440.0,445.2,433.1,442.0,0.11 %,10300.0,4511765.0,0.0011325028312569874,0.0011318620336833308,442.38,,430.7205929314264,422.6860042468346,88.65196544169474,8.034588684591768,5.173479118748007,33.66079592637934,,,,,22638.0
MANDU,2023-11-01,435.0,448.8,435.0,438.0,-0.90 %,12368.0,5426794.0,-0.009049773755656076,-0.009090971701251963,439.96000000000004,,431.8405017112069,423.82037430262466,87.48768154618905,8.020127408582255,5.742808776714857,32.24216764592368,,,,,10270.0
MANDU,2023-11-02,431.0,436.0,431.0,434.0,-0.91 %,9660.0,4194772.0,-0.0091324200913242,-0.00917437627604127,437.4,,432.17273221717505,424.5744206505784,86.26756104343428,7.598311566596635,6.113909334691213,30.439155671214845,,,,,610.0
MANDU,2023-11-05,435.0,435.0,415.0,424.8,-2.12 %,16710.0,7017474.4,-0.021198156682027625,-0.021426064172675757,436.06000000000006,,431.03846572222506,424.591130232017,83.38706665601633,6.447335490208047,6.18059456579458,29.6935016946995,,,,,-16100.0
MANDU,2023-11-06,420.0,439.0,417.6,427.0,0.52 %,12244.0,5233875.9,0.00517890772128049,0.005165543300895364,433.16,,430.4171633034212,424.7695650296454,83.52870045836103,5.647598273775827,6.07399530739083,29.10110871650668,,,,,-3856.0
MANDU,2023-11-07,420.1,445.0,420.1,431.1,0.96 %,14060.0,6165817.0,0.00960187353629971,0.009556068524464325,430.98,,430.5222151028949,425.2384861385605,83.80579381654793,5.2837289643343865,5.915942038779542,28.80102952247049,,,,,10204.0
MANDU,2023-11-08,439.5,468.0,439.0,460.0,6.70 %,36200.0,16571840.0,0.0670378102528415,0.06488640773005169,435.38,,435.05725893321875,427.81341309125975,85.63963753732631,7.243845841959001,6.181522799415434,29.379527413722595,,,,,46404.0
MANDU,2023-11-09,463.0,465.0,446.7,452.0,-1.74 %,17631.0,8018540.0,-0.017391304347826098,-0.017544309650909508,438.98,,437.6638344819543,429.6050121215368,82.84300547563933,8.058822360417537,6.556982711615855,28.588132598456696,,,,,28773.0
MANDU,2023-11-20,445.0,474.0,443.0,462.0,2.21 %,26462.0,12207292.2,0.022123893805309658,0.021882711249507587,446.41999999999996,,441.40785994626907,432.0046408532748,83.56546357803981,9.403219092994277,7.12622998789154,28.760408841424077,,,,,55235.0
MANDU,2023-11-21,459.0,464.8,446.0,462.0,0.00 %,15340.0,6996732.7,0.0,0.0,453.41999999999996,,444.5758814929969,434.2265193085878,83.56546357766086,10.34936218440913,7.770856427195058,28.048951067036647,,,,,55235.0
MANDU,2023-11-22,452.9,492.0,452.9,484.5,4.87 %,21333.0,9953339.4,0.04870129870129869,0.04755254024908206,464.1,,450.7180535709974,437.95048084128496,85.19252634469969,12.76757272971247,8.770199687698542,28.83831170510546,,,,,76568.0
MANDU,2023-11-23,475.0,520.0,471.0,515.0,6.30 %,24561.0,12305952.5,0.06295149638802888,0.06104946933291521,475.1,444.5,460.607583790844,443.65785263081943,87.0623635486943,16.949731160024555,10.406105982163744,30.27843229759793,444.5,24.59452228273178,493.6890445654636,395.3109554345364,101129.0
MANDU,2023-11-26,510.0,534.0,501.0,531.0,3.11 %,28973.0,15107771.6,0.03106796116504862,0.03059512057820276,490.9,450.525,471.43718628456025,450.1276413248328,87.92386426039788,21.309544959727475,12.58679377767649,30.47282999062665,450.525,29.993997206458715,510.5129944129174,390.53700558708255,130102.0
MANDU,2023-11-27,520.4,530.0,497.1,515.2,-2.98 %,54021.0,27764784.7,-0.02975517890772117,-0.03020684645179486,501.5400000000001,454.28000000000003,478.16992685616634,454.9478160415118,82.1093292531539,23.222110814654513,14.713857185072095,30.717627848439033,454.28000000000003,33.154607522937155,520.5892150458743,387.97078495412575,76081.0
MANDU,2023-11-28,505.0,525.0,504.9,514.0,-0.23 %,18057.0,9309471.0,-0.0023291925465839247,-0.002331909334978825,511.94000000000005,459.605,483.68224580137155,459.3220518902887,81.66758917801006,24.36019391108283,16.643124530274243,29.95922585926482,459.605,33.7921896145747,527.1893792291494,392.0206207708506,58024.0
MANDU,2023-11-29,514.0,545.0,503.9,523.0,1.75 %,16010.0,8342634.0,0.017509727626459082,0.017358198609757732,519.6400000000001,464.275,489.731131062699,464.03893693545257,82.43101511650252,25.69219412724641,18.452938449668675,30.754995440745905,464.275,35.82029526164715,535.9155905232943,392.6344094767057,74034.0
MANDU,2023-11-30,533.4,533.4,499.8,501.2,-4.17 %,22157.0,11218077.0,-0.04168260038240923,-0.04257624104300972,516.88,466.83000000000004,491.49557243766833,466.7916082735672,74.35400939807039,24.703964164101137,19.70314359255517,30.958210052121196,466.83000000000004,36.57058208019409,539.9711641603882,393.68883583961184,51877.0
MANDU,2023-12-03,500.0,508.0,492.0,500.0,-0.24 %,12907.0,6437275.4,-0.002394253790901857,-0.0023971245997215147,510.68,469.48999999999995,492.8039459087963,469.2514891421919,73.9246131563386,23.55245676660445,20.473006227365026,29.889766476969683,469.48999999999995,36.96960202225896,543.4292040445179,395.55079595548204,38970.0
MANDU,2023-12-04,495.0,515.0,493.0,506.0,1.20 %,17551.0,8895253.1,0.01200000000000001,0.011928570865273812,508.84,473.215,494.83410807667383,471.97360105758503,74.71100693923765,22.8605070190888,20.950506385709783,29.32621172861471,473.215,36.69253867936703,546.6000773587341,399.8299226412659,56521.0
MANDU,2023-12-05,500.0,510.0,485.2,486.0,-3.95 %,29374.0,14553289.7,-0.03952569169960474,-0.040328045386971774,503.23999999999995,475.43999999999994,493.4750145264163,473.012593571838,67.41281618587445,20.462420954578306,20.85288929948349,29.002910890856516,475.43999999999994,36.01104216618482,547.4620843323696,403.41791566763027,27147.0
MANDU,2023-12-06,495.0,504.0,481.0,485.0,-0.21 %,15690.0,7666260.8,-0.002057613168724326,-0.002059732963010616,495.64,477.59,492.1711661377369,473.9005496035537,67.06008051603233,18.270616534183205,20.336434746423436,28.574131541509622,477.59,35.18359216871895,547.9571843374379,407.2228156625621,11457.0
MANDU,2023-12-07,475.3,512.0,475.3,507.0,4.54 %,31801.0,15851777.9,0.0453608247422681,0.04436211265370003,496.8,481.03999999999996,494.4525251934697,476.3523607440312,70.6932222714415,18.100164449438466,19.889180687026442,29.154550717116077,481.03999999999996,34.472985609635124,549.9859712192703,412.09402878072973,43258.0
MANDU,2023-12-10,510.0,530.0,510.0,516.0,1.78 %,4610.0,2430538.5,0.01775147928994092,0.01759576189037966,500.0,485.14,497.7675213175513,479.28922291114003,72.05130389669485,18.478298406411284,19.607004230903414,28.714939951607786,485.14,33.44483911095852,552.029678221917,418.25032177808293,47868.0
MANDU,2023-12-11,526.0,536.5,506.0,513.5,-0.48 %,39771.0,20490736.9,-0.004844961240310086,-0.004856736112949822,501.5,489.575,500.1879026533126,481.82335454735187,71.06615292114171,18.36454810596075,19.358513005914883,28.842444240778658,489.575,30.798647868475058,551.1722957369501,427.9777042630499,8097.0
MANDU,2023-12-12,510.0,535.3,506.0,529.5,3.12 %,57697.0,30193318.0,0.031158714703018564,0.03068313567284829,510.2,494.7,504.6974560912645,485.3549579142147,73.55799223129063,19.342498177049777,19.355310040141863,28.87512679500875,494.7,28.26159752626966,551.2231950525393,438.17680494746065,65794.0
MANDU,2023-12-13,539.0,573.0,522.0,554.1,4.65 %,48659.0,27046929.9,0.04645892351274794,0.04541201083184288,524.02,500.85,512.2978474618392,490.4471832539025,76.85799724539125,21.85066420793669,19.85438087370083,30.455474881079553,500.85,27.050235916862288,554.9504718337246,446.74952816627547,114453.0
MANDU,2023-12-14,544.0,575.2,544.0,555.0,0.16 %,19222.0,10768815.0,0.0016242555495398214,0.0016229378731305688,533.62,505.6,518.867409390787,495.228873383243,76.9712328346003,23.638536007543962,20.611211900469456,30.50865524671673,505.6,27.829215999699095,561.2584319993982,449.9415680006018,133675.0
MANDU,2023-12-17,544.0,575.0,534.0,575.0,3.60 %,25631.0,14566786.3,0.03603603603603611,0.035401927050916,545.42,511.75,527.5031925614352,501.137845725225,79.38520966077134,26.365346836210165,21.7620388876176,31.258037014808394,511.75,28.929851637875522,569.609703275751,453.89029672424897,159306.0
MANDU,2023-12-18,570.0,579.0,550.0,553.0,-3.83 %,46249.0,25957554.1,-0.03826086956521735,-0.0390120392750156,553.3199999999999,516.3,531.4257783212144,504.9794867826157,70.61631546232422,26.446291538598643,22.69888941781381,31.096748656607794,516.3,27.828648623505654,571.9572972470113,460.64270275298867,113057.0
MANDU,2023-12-19,550.1,572.0,545.0,568.9,2.88 %,37834.0,21154288.0,0.028752260397830076,0.028346670234266964,561.2,521.645,537.1910431948736,509.71433961353307,72.94253878357871,27.47670358134053,23.654452250519157,30.80412375256438,521.645,27.107126175116804,575.8592523502336,467.4307476497664,150891.0
MANDU,2023-12-20,580.2,605.0,563.0,592.0,4.06 %,53369.0,31367076.9,0.04060467568992787,0.039801963127403917,568.78,527.02,545.6231903956623,515.8095737162344,75.92461007159405,29.813616679427923,24.88628513630091,31.60382919880978,527.02,29.87111965550846,586.7622393110169,467.27776068898305,204260.0
MANDU,2023-12-21,581.0,651.2,581.0,651.0,9.97 %,71420.0,44760450.4,0.09966216216216206,0.09500300732456347,587.98,533.8199999999999,561.835007257868,525.8236793668837,81.52521645053787,36.011327890984376,27.111293687237605,34.360698541751944,533.8199999999999,40.5586982039614,614.9373964079227,452.70260359207714,275680.0
MANDU,2023-12-24,655.0,716.1,642.1,687.0,5.53 %,69213.0,47475785.4,0.055299539170506895,0.05382465001378008,610.38,541.62,581.0911599874267,537.7626660804478,83.97483960515595,43.328493906978906,30.354733731185867,37.192077217341094,541.62,53.061291273196254,647.7425825463926,435.4974174536075,344893.0
MANDU,2023-12-27,700.7,701.0,661.2,685.0,-0.29 %,53036.0,35696529.4,-0.0029112081513827937,-0.0029154539601240195,636.78,550.1099999999999,597.0771353739765,548.6691352596739,83.31391844140254,48.40800011430258,33.96538700780921,37.378357416102446,550.1099999999999,61.52137754258167,673.1527550851632,427.0672449148366,291857.0
MANDU,2023-12-28,685.0,707.0,666.2,704.9,2.91 %,54518.0,37674327.8,0.029051094890510942,0.02863711051760462,663.98,559.655,613.6652683933647,560.2417919071055,84.61169251942563,53.42347648625923,37.85700490349922,37.62276045780941,559.655,69.86701258368255,699.389025167365,419.9209748326349,346375.0
MANDU,2024-01-01,704.9,747.6,686.0,701.0,-0.55 %,40322.0,28255946.5,-0.0055326996737125045,-0.005548061745239746,685.78,568.555,627.1013809482316,570.6683258399125,83.24522201018587,56.43305510831908,41.57221494446319,39.335420425108744,568.555,76.01842210938108,720.5918442187622,416.5181557812378,306053.0
MANDU,2024-01-02,687.0,707.8,670.1,707.8,0.97 %,71934.0,48872704.9,0.00970042796005699,0.009653680876772845,697.14,578.885,639.5165531100421,580.8262276295486,83.73835421564333,58.69032548049347,44.99583705166925,39.218604680458114,578.885,80.30058841627529,739.4861768325505,418.28382316744944,377987.0
MANDU,2024-01-03,695.0,720.1,673.0,720.1,1.74 %,35844.0,25145732.5,0.017377790336253307,0.017228523343458244,703.76,589.8900000000001,651.914006477728,591.1428033606932,84.62013012993233,60.771203117034815,48.150910264742365,39.78156148899682,589.8900000000001,83.92105877110471,757.7321175422095,422.0478824577907,413831.0
MANDU,2024-01-04,720.0,775.0,706.0,775.0,7.62 %,76502.0,56025818.0,0.0762394111928899,0.0734729380985259,721.76,603.34,670.8503131734622,604.7618549636047,87.79997754877562,66.08845820985744,51.73841985376538,41.868592811211336,603.34,91.02407662984477,785.3881532596896,421.29184674031046,490333.0
MANDU,2024-01-07,782.0,805.8,745.0,795.6,2.66 %,46744.0,36313478.3,0.02658064516129044,0.026233517626470252,739.9,618.8199999999999,690.0425726852371,618.8980138551896,88.74066613946519,71.14455883004757,55.61964764902182,43.2208361818391,618.8199999999999,96.1974099662283,811.2148199324565,426.42518006754335,537077.0
MANDU,2024-01-08,779.7,786.4,762.3,777.0,-2.34 %,39975.0,30917618.5,-0.023378582202111642,-0.023656196612169722,755.1,633.42,703.4206384259699,630.6092720881385,82.55138754825876,72.81136633783137,59.05799138678373,42.51220502599345,633.42,96.97390099240256,827.367801984805,439.47219801519486,497102.0
MANDU,2024-01-09,782.0,782.0,736.0,736.0,-5.28 %,77066.0,58045526.0,-0.052767052767052736,-0.05421023163877117,760.74,644.87,708.4328478988976,638.4159926742022,70.82510927241673,70.0168552246954,61.24976415436607,42.761333238422495,644.87,94.75547533131396,834.3809506626279,455.3590493373721,420036.0
MANDU,2024-01-10,722.0,752.0,715.0,728.4,-1.03 %,26029.0,18991447.2,-0.010326086956521818,-0.01037977087542343,762.4,655.49,711.5047174529134,645.0814746983353,68.87214697412155,66.42324275457804,62.28445987440847,42.34980943567803,655.49,91.39489159973007,838.2797831994601,472.70021680053986,394007.0
MANDU,2024-01-11,728.4,742.9,707.0,721.0,-1.02 %,29185.0,20831407.0,-0.010159253157605685,-0.010211210568503786,751.6,665.865,712.9655301524651,650.7050691651253,66.93673275605613,62.2604609873398,62.27966009699474,41.889108761701024,665.865,86.04927765071959,837.9635553014392,493.7664446985608,364822.0
MANDU,2024-01-14,715.0,746.0,715.0,736.0,2.08 %,25615.0,18587989.0,0.020804438280166426,0.020590981443927153,739.68,676.19,716.5092947443936,657.0232121899309,68.84774727066676,59.48608255446277,61.72094458848835,41.11131527872238,676.19,81.07062483123232,838.3312496624646,514.0487503375355,390437.0
MANDU,2024-01-16,746.0,759.9,721.7,750.0,1.90 %,31796.0,23446845.9,0.01902173913043481,0.018843087801479915,734.28,685.985,721.6617109375638,663.9103816573434,70.55817379572804,57.75132928022049,60.927021526834785,40.90336418738506,685.985,77.28947143522821,840.5639428704565,531.4060571295436,422233.0
MANDU,2024-01-17,765.0,765.0,719.1,736.0,-1.87 %,27012.0,19914033.0,-0.01866666666666672,-0.018843087801479943,734.28,695.0350000000001,723.8676015625541,669.250353386429,66.61906323570767,54.617248176125145,59.66506685669286,41.26026674542898,695.0350000000001,71.52694210833106,838.0888842166622,551.9811157833379,395221.0
MANDU,2024-01-18,722.0,729.0,708.0,715.0,-2.85 %,20185.0,14489378.0,-0.028532608695652217,-0.028947576034868628,731.6,702.0350000000001,722.503355168315,672.6392160985453,61.10812272133147,49.86413906976975,57.70488129930824,40.313104835041194,702.0350000000001,65.7812025221741,833.5974050443483,570.4725949556519,375036.0
MANDU,2024-01-21,722.0,749.9,709.0,709.4,-0.78 %,13505.0,9648867.5,-0.007832167832167891,-0.007863000354486258,729.28,709.855,720.4874543731896,675.3622371282827,59.69010084794093,45.125217244906935,55.18894848842798,40.35502591825254,709.855,55.64735275303925,821.1497055060785,598.5602944939216,361531.0
MANDU,2024-01-22,700.1,720.0,690.1,710.0,0.08 %,14210.0,9968818.6,0.0008457851705667707,0.0008454276958397437,724.0799999999999,716.9100000000001,718.8739998542375,677.9279973410025,59.79774298940039,40.94600251323493,52.34035929338937,39.60823835266307,716.9100000000001,44.70498500403132,806.3199700080627,627.5000299919375,375741.0
MANDU,2024-01-23,696.0,722.0,689.0,700.0,-1.41 %,13159.0,9215198.4,-0.014084507042253502,-0.014184634991956413,714.0799999999999,722.3100000000001,715.9703075689702,679.5629605009283,57.06274680439763,36.40734706804187,49.15375684831987,39.13622132747285,722.3100000000001,34.083811561010315,790.4776231220206,654.1423768779795,362582.0
MANDU,2024-01-24,687.1,714.0,685.0,700.0,0.00 %,20819.0,14408684.4,0.0,0.0,706.8799999999999,724.76,713.513337173744,681.0768152786374,57.06274680411656,32.436521895106694,45.81030985767724,38.41220551836765,724.76,30.23155200849359,785.2231040169871,664.2968959830129,362582.0
MANDU,2024-01-25,686.0,699.0,680.0,699.0,-0.14 %,13068.0,9007925.0,-0.0014285714285714457,-0.0014295928095944335,703.68,725.36,711.2805160700912,682.4044585913309,56.761656782336466,28.87605747876023,42.42345938189384,37.09704798134139,725.36,29.554185739705137,784.4683714794103,666.2516285205897,349514.0
MANDU,2024-01-28,700.0,710.0,683.0,701.0,0.29 %,8004.0,5552104.0,0.0028612303290413976,0.002857144800779744,702.0,726.1600000000001,709.698898213154,683.7819061030841,57.24752625946174,25.91699211006994,39.12216592752906,36.375830268388434,726.1600000000001,28.605509222785845,783.3710184455717,668.9489815544284,357518.0
MANDU,2024-01-29,689.0,715.0,689.0,704.9,0.56 %,9685.0,6772777.5,0.005563480741797466,0.0055480617452398585,700.98,726.1600000000001,708.9606061803611,685.3462093547074,58.23312879137024,23.61439682565367,36.02061210715399,35.63469953493212,726.1600000000001,28.605509222785845,783.3710184455717,668.9489815544284,367203.0
MANDU,2024-01-30,692.0,734.0,692.0,707.0,0.30 %,12962.0,9258603.2,0.002979145978152964,0.002974717116742875,702.38,726.46,708.6589744603054,686.9501938469513,58.784119799564984,21.70878061335418,33.15824580839403,36.08936385386554,726.46,28.358149297496425,783.1762985949929,669.7437014050072,380165.0
MANDU,2024-01-31,700.0,721.0,696.0,696.0,-1.56 %,15063.0,10569504.0,-0.01555869872701554,-0.01568100556215309,701.58,725.87,706.7114399279508,687.6205498582882,54.712587392841705,19.090890069662578,30.34477466064774,35.29726643573229,725.87,28.88467267928828,783.6393453585765,668.1006546414235,365102.0
MANDU,2024-02-01,688.0,696.0,682.1,684.0,-1.72 %,10476.0,7192613.4,-0.017241379310344862,-0.01739174271186922,698.58,724.0649999999999,703.2173722467277,687.3523609798965,50.595562008342114,15.865011266831175,27.44882198188443,33.76889026175141,724.0649999999999,30.354749476640738,784.7744989532814,663.3555010467185,354626.0
MANDU,2024-02-04,690.0,691.5,671.1,673.0,-1.61 %,8927.0,6059077.1,-0.016081871345029253,-0.01621258797782267,692.98,718.9649999999999,698.5685457472312,686.2892231295338,47.09702937708686,12.279322617697403,24.414922109047026,32.813969528769164,718.9649999999999,29.912033751619727,778.7890675032394,659.1409324967605,345699.0
MANDU,2024-02-05,670.0,689.0,670.0,683.0,1.49 %,5566.0,3780777.9,0.014858841010401136,0.014749529926062207,688.6,713.335,696.1733848630417,686.0455769717905,50.45129760287529,10.127807891251223,21.557499265487866,31.827257419571367,713.335,24.90665256724397,763.1483051344879,663.5216948655121,351265.0
MANDU,2024-02-06,685.0,700.0,670.0,689.0,0.88 %,6864.0,4719812.0,0.008784773060029227,0.008746411442868453,685.0,708.9350000000001,695.0697871918045,686.2644231220283,52.40135870083529,8.805364069776147,19.007072226345525,31.696739032459128,708.9350000000001,20.440215134312453,749.8154302686249,668.0545697313752,358129.0
MANDU,2024-02-07,702.7,702.7,682.0,692.0,0.44 %,14062.0,9726928.0,0.004354136429608024,0.004344684604010892,684.2,706.735,694.5975122392192,686.6892806685447,53.38913317789184,7.908231570674502,16.78730409521132,30.911257672997767,706.735,19.729386977968876,746.1937739559378,667.2762260440622,372191.0
MANDU,2024-02-08,690.0,705.0,686.1,700.0,1.16 %,11615.0,8141318.0,0.011560693641618602,0.011494379425735212,687.4,705.3149999999999,695.4286642024163,687.6752598782822,56.01071583217059,7.753404324134067,14.980524140995868,30.05331069635507,705.3149999999999,19.099993799947313,743.5149875998945,667.1150124001053,383806.0
MANDU,2024-02-11,710.0,726.0,693.1,703.0,0.43 %,8934.0,6284359.7,0.004285714285714226,0.004276556767260172,693.4,704.415,696.5934850943522,688.8104258132242,56.987694427319816,7.783059281127976,13.541031169022292,30.25664564661542,704.415,18.742753687481574,741.9005073749631,666.9294926250368,392740.0
MANDU,2024-02-12,692.0,709.0,692.0,707.0,0.57 %,8475.0,5943211.0,0.005689900426742556,0.005673774085907875,698.2,702.9649999999999,698.1944873875289,690.1578016789113,58.3169872954482,8.036685708617597,12.440162076941354,29.309742386142894,702.9649999999999,17.231466779370546,737.427933558741,668.5020664412589,401215.0
MANDU,2024-02-13,693.2,730.3,693.2,721.8,2.09 %,39381.0,28184338.6,0.020933521923620857,0.020717426312115362,704.76,701.555,701.8261047125244,692.5016682212141,62.887215625467604,9.32443649131028,11.81701695981514,29.86618935856125,701.555,14.038011367641197,729.6310227352824,673.4789772647175,440596.0
MANDU,2024-02-14,734.0,736.2,712.1,730.0,1.14 %,28088.0,20395283.1,0.011360487669714647,0.011296441933748664,712.36,701.2549999999999,706.1605501413669,695.27932242705,65.16607748148066,10.881227714316879,11.629859110715488,29.45431869009259,701.2549999999999,13.30830666598565,727.8716133319712,674.6383866680286,468684.0
MANDU,2024-02-15,730.0,739.0,705.0,715.0,-2.05 %,12122.0,8674407.0,-0.020547945205479423,-0.020761991448429128,715.36,701.2549999999999,707.5204655042336,696.7401133583796,58.13395507737387,10.780352145853954,11.459957717743182,29.779010212228833,701.2549999999999,13.30830666598565,727.8716133319712,674.6383866680286,456562.0
MANDU,2024-02-18,700.7,715.0,692.0,696.0,-2.66 %,13125.0,9221614.0,-0.02657342657342654,-0.026932882359587972,713.96,700.5849999999999,705.74808619589,696.6852901466478,50.67458630114195,9.062796049242138,10.980525384042974,29.294795197069632,700.5849999999999,13.21364028092987,727.0122805618597,674.1577194381401,443437.0
MANDU,2024-02-20,696.0,713.0,692.0,708.0,1.72 %,17501.0,12293589.5,0.01724137931034475,0.01709443335930004,714.1600000000001,700.4849999999999,706.0945344734454,697.5234168024517,54.63386704140278,8.571117670993658,10.498643841433111,28.702309825850374,700.4849999999999,13.146033021815152,726.7770660436302,674.1929339563696,460938.0
MANDU,2024-02-21,720.0,720.0,690.7,706.0,-0.28 %,16385.0,11429781.1,-0.0028248587570621764,-0.0028288562004777137,711.0,700.785,706.0799907083,698.151311854122,53.85792618311002,7.928678854177974,9.984650843982084,28.74500198114677,700.785,13.202722008024743,727.1904440160495,674.3795559839505,444553.0
MANDU,2024-02-22,699.0,700.0,681.0,700.0,-0.85 %,7472.0,5152881.3,-0.008498583569405138,-0.008534902449837444,705.0,700.785,705.1446075224077,698.2882517167797,51.49506489450216,6.856355805628027,9.358991836311272,28.477501839636286,700.785,13.202722008024743,727.1904440160495,674.3795559839505,437081.0
MANDU,2024-02-25,700.0,700.0,670.0,687.0,-1.86 %,7718.0,5265138.0,-0.018571428571428572,-0.018746042821055332,699.4,700.185,702.3531294420374,697.4520849229442,46.71312306018991,4.901044519093148,8.467402372867648,28.586251708233693,700.185,13.556054192252471,727.2971083845049,673.072891615495,429363.0
MANDU,2024-02-26,690.0,700.0,663.6,690.0,0.44 %,11450.0,7714382.0,0.004366812227074135,0.004357305368955626,698.2,699.635,700.4526479894163,696.9000786323558,47.91514589235284,3.55256935706052,7.484435769706223,29.144376586217,699.635,13.743104491080581,727.1212089821612,672.1487910178388,440813.0
MANDU,2024-02-27,676.2,690.0,668.0,689.7,-0.04 %,2090.0,1416897.2,-0.00043478260869556085,-0.0004348771540594193,694.54,698.875,698.798394452583,696.3667394744034,47.799028785436654,2.4316549781796084,6.473879611400901,28.634063972915786,698.875,13.8564396961398,726.5878793922795,671.1621206077205,438723.0
MANDU,2024-02-28,676.0,689.0,667.5,687.0,-0.39 %,10772.0,7262852.5,-0.00391474554153981,-0.003922428214896226,690.74,697.875,696.9832568444933,695.6729069207439,46.702078876464526,1.3103499237494134,5.441173673870604,28.174487974850376,697.875,13.960503497183174,725.7960069943664,669.9539930056336,427951.0
MANDU,2024-02-29,673.4,683.3,658.0,670.0,-2.47 %,8562.0,5702664.0,-0.024745269286754024,-0.02505657983733762,684.74,696.575,692.8319865607251,693.7712101118,40.41335570114783,-0.9392235510748606,4.165094228881511,28.23345311950392,696.575,15.291410557637628,727.1578211152753,665.9921788847248,419389.0
MANDU,2024-03-03,657.1,661.0,648.6,654.0,-2.39 %,3505.0,2290663.5,-0.023880597014925398,-0.024170360927813068,678.14,695.075,686.857834782152,690.825194547963,35.55998387364241,-3.9673597658108974,2.5386034299430293,27.745349325253642,695.075,17.847626261159228,730.7702525223185,659.3797474776816,415884.0
MANDU,2024-03-04,667.0,693.6,667.0,693.0,5.96 %,5300.0,3667755.0,0.059633027522935755,0.05792264773270451,678.74,696.075,687.8027832772055,690.9862912481138,51.00530703981491,-3.1835079709082947,1.3941811497727645,28.592110087735527,696.075,17.089882356163088,730.2547647123263,661.8952352876738,421184.0
MANDU,2024-03-05,706.8,706.8,663.0,667.0,-3.75 %,5519.0,3717937.9,-0.037518037518037506,-0.0382399532742795,674.2,695.275,684.6023550807124,689.2095289334387,43.516851589820725,-4.607173852726305,0.1939101492729507,29.67838793861156,695.275,18.079964921953614,731.4349298439072,659.1150701560928,415665.0
MANDU,2024-03-06,655.0,677.0,654.3,672.0,0.75 %,8096.0,5374624.0,0.007496251874062887,0.0074682946075257444,671.2,694.425,682.6635312221413,687.9347490124433,45.18359510095657,-5.271217790301989,-0.8991154386420374,29.179931657282168,694.425,18.77668977608923,731.9783795521785,656.8716204478214,423761.0
MANDU,2024-03-07,680.0,680.0,658.0,675.0,0.45 %,7320.0,4870804.0,0.0044642857142858094,0.004454350349380375,672.2,693.575,681.4845264187348,686.976619455966,46.20923181037429,-5.492093037231143,-1.8177109583598587,28.66707939604773,693.575,19.27053586778801,732.116071735576,655.033928264424,431081.0
MANDU,2024-03-10,663.6,679.0,663.6,678.0,0.44 %,4150.0,2788734.5,0.004444444444444473,0.004434597067865775,677.0,692.475,680.9484454312371,686.31168468145,47.271689266825874,-5.363239250212814,-2.52681661673045,27.719430867758604,692.475,19.510884276815407,731.4967685536309,653.4532314463692,435231.0
MANDU,2024-03-12,672.1,702.9,672.0,702.9,3.67 %,15680.0,10801165.5,0.03672566371681407,0.03606734624146401,678.98,692.47,684.3256076725853,687.5404487791204,55.18394324837711,-3.2148411065351183,-2.6644215146913837,27.946614377204416,692.47,19.50805771443171,731.4861154288634,653.4538845711367,450911.0
MANDU,2024-03-13,690.3,704.0,690.0,703.0,0.01 %,9778.0,6815937.6,0.00014226774790149221,0.00014225762880518171,686.1800000000001,692.27,687.1985911075722,688.6856007214077,55.213009803942796,-1.4870096138355393,-2.4289391345202147,26.95042763597553,692.27,19.371278250357058,731.0125565007141,653.5274434992858,460689.0
MANDU,2024-03-14,700.0,713.7,690.0,713.7,1.52 %,12900.0,9038030.5,0.015220483641536386,0.01510581416635689,694.52,691.865,691.2757309371764,690.5385191864887,58.32743982807507,0.7372117506877203,-1.7957089574786278,26.718254233405855,691.865,18.797571931673538,729.4601438633471,654.269856136653,473589.0
MANDU,2024-03-17,700.0,708.0,688.0,700.0,-1.92 %,10828.0,7492409.5,-0.019195740507215953,-0.019382370933617048,699.52,690.365,692.6179261776108,691.2393696171191,53.22407844257498,1.3785565604916883,-1.1608558538845646,26.645521788162583,690.365,16.67100461090952,723.707009221819,657.022990778181,462761.0
MANDU,2024-03-18,687.0,700.0,680.0,683.6,-2.34 %,4205.0,2901892.1,-0.023428571428571354,-0.02370738380196877,700.64,688.7950000000001,691.2305529195169,690.6734903862214,47.829168448782944,0.5570625332954933,-0.8172721764485531,26.170841660436682,688.7950000000001,15.67785817139028,720.1507163427806,657.4392836572196,458556.0
MANDU,2024-03-19,681.0,751.9,680.1,719.2,5.21 %,24790.0,17557364.1,0.052077238150965544,0.05076653191597476,703.9,689.955,695.5335447780527,692.7865651724272,57.823196210954265,2.7469796056254836,-0.10442182003374578,29.430067256119774,689.955,17.038268845844698,724.0315376916894,655.8784623083106,483346.0
MANDU,2024-03-20,706.0,715.0,694.1,706.0,-1.84 %,4156.0,2920235.5,-0.018353726362625222,-0.018524245664168524,704.5,689.855,697.1437686583523,693.7653381226178,53.71442165009314,3.3784305357345374,0.592148651119911,29.120776737825505,689.855,16.932325826503014,723.719651653006,655.990348346994,479190.0
MANDU,2024-03-21,720.1,720.1,683.4,690.0,-2.27 %,3545.0,2447492.1,-0.022662889518413554,-0.022923639901936965,699.76,689.0550000000001,696.0447273262981,693.486424187609,49.15501059281351,2.558303138689098,0.9853795486337484,29.66214982798083,689.0550000000001,16.50188107300172,722.0587621460035,656.0512378539967,475645.0
MANDU,2024-03-25,677.0,699.8,675.2,680.0,-1.45 %,3435.0,2331489.8,-0.01449275362318836,-0.014598799421152636,695.76,688.0550000000001,693.5763077376369,692.4874298033417,46.49844250685196,1.0888779342951693,1.0060792257660327,29.300567697410763,688.0550000000001,16.40944769589563,720.8738953917913,655.2361046082088,472210.0
MANDU,2024-03-26,670.0,687.5,670.0,686.5,0.96 %,3552.0,2404720.2,0.00955882352941173,0.009513427037873324,696.3399999999999,688.03,692.4876450087696,692.0439164845757,48.44869508182105,0.4437285241939435,0.893609085451615,28.457670004738567,688.03,16.411520343957285,720.8530406879146,655.2069593120854,475762.0
MANDU,2024-03-27,675.0,688.5,673.0,687.0,0.07 %,2426.0,1643209.0,0.0007283321194464509,0.0007280670143235832,689.9,687.88,691.6433919304974,691.6702930412738,48.60389659794156,-0.026901110776407222,0.7095070462060106,27.532122147257244,687.88,16.406276077677283,720.6925521553545,655.0674478446455,478188.0
MANDU,2024-03-28,675.0,692.8,675.0,685.0,-0.29 %,2880.0,1961007.8,-0.0029112081513827937,-0.0029154539601240195,685.7,687.645,690.6213316334978,691.1761972604387,47.981630735471455,-0.5548656269409094,0.4566325115766266,26.836970565310295,687.645,16.41249443821183,720.4699888764236,654.8200111235764,475308.0
MANDU,2024-03-31,678.1,692.0,675.1,683.0,-0.29 %,2977.0,2025207.5,-0.0029197080291970545,-0.0029239786914352006,684.3,687.4449999999999,689.4488190744981,690.5705530189248,47.32907503424992,-1.1217339444266372,0.14095922037597386,26.127186953502417,687.4449999999999,16.445107255098783,720.3352145101975,654.5547854898024,472331.0
MANDU,2024-04-01,675.0,687.0,672.0,680.0,-0.44 %,2658.0,1794999.0,-0.004392386530014614,-0.004402061400637653,684.3,687.9449999999999,687.9951546014985,689.7875490915969,46.311635417052095,-1.7923944900984452,-0.24571152171890998,25.332387885395104,687.9449999999999,16.03366442011825,720.0123288402365,655.8776711597634,469673.0
MANDU,2024-04-02,673.0,680.0,670.0,675.0,-0.74 %,10565.0,7116570.0,-0.007352941176470562,-0.007380107297622534,682.0,688.995,685.9959000474217,688.692175084812,44.59110522920411,-2.696275037390251,-0.7358242248531782,24.2372173221526,688.995,14.286079901340758,717.5671598026815,660.4228401973185,459108.0
MANDU,2024-04-03,666.1,742.0,666.1,693.0,2.67 %,15310.0,10624693.0,0.026666666666666616,0.026317308317373358,683.2,688.995,687.0734538862799,689.0112732266778,51.56701141813393,-1.937819340397823,-0.9762232479621071,27.927416084855984,688.995,14.286079901340758,717.5671598026815,660.4228401973185,474418.0
MANDU,2024-04-04,693.0,693.0,672.0,677.0,-2.31 %,5020.0,3410600.0,-0.023088023088023046,-0.023358726277628195,681.6,689.495,685.5236917499292,688.1215492839609,46.02067407824466,-2.597857534031732,-1.3005501051760322,27.432600650223414,689.495,13.635961549100417,716.7669230982009,662.2230769017991,469398.0
MANDU,2024-04-07,679.4,690.5,677.0,690.0,1.92 %,6530.0,4470836.0,0.019202363367799125,0.019020324679030084,683.0,690.395,686.2123545576325,688.2606937814453,50.66377660012708,-2.0483392238128317,-1.4501079289033922,26.437414889493173,690.395,12.999654853722605,716.3943097074452,664.3956902925547,475928.0
MANDU,2024-04-09,700.0,706.5,691.0,702.0,1.74 %,19090.0,13345043.0,0.017391304347825987,0.017241806434505954,687.4,691.745,688.6412230872274,689.2784201680049,54.55007846650395,-0.6371970807774687,-1.2875257592782074,25.72759954024366,691.745,12.715613071716136,717.1762261434322,666.3137738565678,495018.0
MANDU,2024-04-10,709.0,770.0,709.0,770.0,9.69 %,93071.0,68756675.7,0.09686609686609682,0.09245711082191838,706.4,696.345,701.1579579968848,695.2577964518564,69.30531463905112,5.900161545028368,0.15001170158310773,28.74705671594054,696.345,21.255054507231655,738.8551090144633,653.8348909855367,588089.0
MANDU,2024-04-14,760.0,815.0,757.4,815.0,5.84 %,58518.0,46580899.7,0.05844155844155852,0.056797598393133246,730.8,701.95,718.6721183050563,704.1275893072744,75.07267391797751,14.544528997781867,3.02891516082286,30.807981236230503,701.95,34.021270436381265,769.9925408727626,633.9074591272375,646607.0
MANDU,2024-04-15,816.0,816.0,763.1,766.0,-6.01 %,37875.0,29256429.5,-0.06012269938650305,-0.062005943500271395,748.6,705.1,725.9533308735091,708.7107308400689,61.518122663247105,17.242600033440226,5.871652135346334,32.38598257649975,705.1,36.91693378383594,778.9338675676719,631.2661324323282,608732.0
MANDU,2024-04-16,780.0,780.0,742.0,759.9,-0.80 %,15186.0,11457602.3,-0.007963446475195868,-0.007995324064852117,762.58,707.41,731.1758953545077,712.5025285556194,60.06421278485763,18.67336679888831,8.43199506805473,32.786983821035484,707.41,38.876794593881634,785.1635891877633,629.6564108122367,593546.0
MANDU,2024-04-18,747.0,747.0,721.2,744.0,-2.09 %,12360.0,9093714.5,-0.02092380576391628,-0.02114581084264734,770.98,709.6099999999999,733.1488345307373,714.8356745885364,56.32736166133542,18.313159942200855,10.408228042883955,33.20934211953295,709.6099999999999,39.67222148928473,788.9544429785693,630.2655570214305,581186.0
MANDU,2024-04-21,758.8,758.8,730.1,747.0,0.40 %,6965.0,5168103.0,0.0040322580645162365,0.004024150299725548,766.38,712.78,735.27978306447,717.2182172116079,56.87255749061229,18.061565852862145,11.938895604879594,32.88724625385202,712.78,40.01600469286103,792.812009385722,632.7479906142779,588151.0
MANDU,2024-04-22,761.9,761.9,725.2,750.0,0.40 %,12075.0,8923531.5,0.004016064257028162,0.004008021397538868,753.38,714.3199999999999,737.5444318237824,719.6464974181555,57.444670387149266,17.89793440562687,13.13070336502905,33.159585807148304,714.3199999999999,40.8598451706385,796.0396903412769,632.600309658723,600226.0
MANDU,2024-04-24,738.0,759.8,737.5,758.0,1.07 %,7790.0,5808993.0,0.010666666666666602,0.010610179112015469,751.78,716.92,740.6914423124313,722.4874976094032,59.00637111842296,18.203944703028014,14.145351632628843,32.38390110663771,716.92,41.942650068122454,800.8053001362449,633.034699863755,608016.0
MANDU,2024-04-25,773.0,773.0,742.0,761.0,0.40 %,15843.0,11922387.0,0.003957783641160839,0.003949972219314069,752.0,720.47,743.8158358028264,725.3402755642622,59.60504041287706,18.475560238564185,15.011393353815912,32.28505102759216,720.47,42.54461559104285,805.5592311820857,635.3807688179144,623859.0
MANDU,2024-04-28,750.0,805.0,745.1,794.0,4.34 %,42128.0,33099344.5,0.043363994743758294,0.04245010338544997,762.0,726.17,751.5364764485455,730.4261810780206,65.56271633670877,21.11029537052491,16.231173757157713,34.25754738276415,726.17,44.43201903795965,815.0340380759193,637.3059619240806,665987.0
MANDU,2024-04-29,790.0,868.0,790.0,843.0,6.17 %,61170.0,49682110.3,0.0617128463476071,0.059883496754719774,781.2,733.995,765.607787764154,738.7649824796487,72.1345012575716,26.84280528450529,18.353500062627226,37.38200828399528,733.995,50.45102341041291,834.8970468208258,633.0929531791742,727157.0
MANDU,2024-04-30,826.2,840.0,800.0,836.0,-0.83 %,37609.0,30674841.3,-0.008303677342823224,-0.008338344917153807,798.4,741.4449999999999,776.437358877361,745.967576370045,70.07710820476532,30.46978250731604,20.77675655156499,37.78329340656705,741.4449999999999,54.02107264275509,849.4871452855101,633.4028547144898,689548.0
MANDU,2024-05-02,820.1,843.0,802.0,827.0,-1.08 %,51149.0,41717103.8,-0.010765550239234423,-0.01082391806101028,812.2,748.545,784.2162267423824,751.969978120412,67.4147981821429,32.246248621970494,23.070654965646092,38.013058163240835,748.545,55.5227167828404,859.5904335656808,637.4995664343191,638399.0
MANDU,2024-05-05,810.6,812.0,783.0,804.0,-2.78 %,14758.0,11746514.4,-0.027811366384522418,-0.028205425844724994,820.8,754.595,787.2598841666313,755.8240538151963,61.03334433077007,31.435830351435015,24.743690042803877,38.44069686586649,754.595,54.589245856285956,863.773491712572,645.4165082874281,623641.0
MANDU,2024-05-06,791.0,796.0,778.0,793.0,-1.37 %,6766.0,5314104.0,-0.013681592039801016,-0.013776047544118406,820.6,760.245,788.1429789102265,758.5778276066633,58.1960310328836,29.565151303563198,25.70798229495574,37.552075661161744,760.245,52.26038526858745,864.765770537175,655.7242294628251,616875.0
MANDU,2024-05-07,808.8,808.8,776.6,795.0,0.25 %,17205.0,13665674.5,0.0025220680958386588,0.0025188930194839864,811.0,766.245,789.1979052317301,761.2757663024661,58.573120447039905,27.922138929264065,26.15081362181741,37.16978454250733,766.245,48.72749656049213,863.6999931209842,668.7900068790158,634080.0
MANDU,2024-05-08,782.0,794.9,770.1,780.0,-1.89 %,3164.0,2472956.1,-0.018867924528301883,-0.019048194970694474,799.8,770.595,787.782842888387,762.6627465763574,54.59544639229812,25.120096312029546,25.94467015985984,36.29337136089966,770.595,45.62947425790453,861.8539485158091,679.336051484191,630916.0
MANDU,2024-05-09,790.0,810.0,765.1,810.0,3.85 %,14410.0,11211288.0,0.03846153846153855,0.03774032798284711,796.4,777.245,791.2008670594043,766.1692097929235,60.389189548031986,25.031657266480806,25.762067581184034,36.90813054940683,777.245,40.69605535003084,858.6371107000617,695.8528892999383,645326.0
MANDU,2024-05-12,793.8,801.0,778.2,799.0,-1.36 %,8210.0,6492295.0,-0.013580246913580285,-0.01367330190020982,795.4,782.6949999999999,792.4007336656498,768.601120178633,57.49234008135957,23.799613487016813,25.36957676235059,36.54326408159205,782.6949999999999,35.34398593969569,853.3829718793913,712.0070281206085,637116.0
MANDU,2024-05-13,784.0,878.9,780.1,878.9,10.00 %,48567.0,40133784.2,0.09999999999999987,0.09531017980432474,812.5799999999999,791.5400000000001,805.7083131017037,776.7714075728082,69.090662954317,28.93690552889541,26.083042515659557,40.99017379004975,791.5400000000001,36.211213732767156,863.9624274655343,719.1175725344658,685683.0
MANDU,2024-05-14,861.5,966.7,829.1,966.7,9.99 %,49970.0,43882134.5,0.09989759927181718,0.09521708389996034,846.9200000000001,801.375,830.4762649322108,790.8401921970448,76.63506723291472,39.63607273516607,28.79364855956086,47.89087566218906,801.375,52.913184855753045,907.2013697115061,695.5486302884939,735653.0
MANDU,2024-05-15,948.0,1045.0,900.0,1025.0,6.03 %,41435.0,39054168.4,0.060308265232233316,0.058559682101948764,895.9200000000001,811.875,860.4029934041785,808.1853631454119,80.10715628426492,52.217630258766576,33.47844489940201,54.82724168631841,811.875,72.84222224853804,957.5594444970761,666.1905555029239,777088.0
MANDU,2024-05-16,1004.5,1070.0,922.6,966.0,-5.76 %,65407.0,61366105.2,-0.05756097560975615,-0.05928405735999061,927.1200000000001,821.875,876.6486867266126,819.8753362457518,68.94170060434772,56.77335048086081,38.13742601569377,61.439581565867094,821.875,79.62537201433472,981.1257440286695,662.6242559713305,711681.0
MANDU,2024-05-19,946.7,946.7,869.4,869.5,-9.99 %,36858.0,32528892.1,-0.09989648033126297,-0.10524550041818032,941.22,827.3550000000001,875.5488887686722,823.551237264585,55.35228764004796,51.99765150408723,40.90947111337246,63.951040025448016,827.3550000000001,78.90381536369146,985.1626307273831,669.5473692726172,674823.0
MANDU,2024-05-20,855.0,885.0,855.0,874.0,0.52 %,25737.0,22371869.1,0.005175388154111449,0.00516204186119763,940.2400000000001,833.8550000000001,875.3105981888765,827.2881826523935,55.78992046020428,48.02241553648298,42.33205999799456,61.52596573791602,833.8550000000001,77.00756268397579,987.8701253679517,679.8398746320486,700560.0
MANDU,2024-05-21,862.2,951.0,851.2,851.2,-2.61 %,23167.0,20385177.7,-0.02608695652173909,-0.026433257068155483,917.14,839.0649999999999,871.6012753905878,829.0594283818459,52.95757774599166,42.54184700874191,42.374017400144034,64.25982532806486,839.0649999999999,74.29929003698585,987.6635800739716,690.4664199260283,677393.0
MANDU,2024-05-22,855.0,903.0,852.1,898.0,5.50 %,20966.0,18212305.6,0.05498120300751874,0.05352294971481961,891.74,846.4649999999999,875.6626176381898,834.166137390598,57.70418350957798,41.49648024759176,42.198509969633584,63.36983780463166,846.4649999999999,72.30522493313829,991.0754498662765,701.8545501337234,698359.0
MANDU,2024-05-26,896.9,915.0,855.0,855.0,-4.79 %,17810.0,15483137.3,-0.04788418708240538,-0.049068599365439426,869.54,851.3149999999999,872.4837533861606,835.709386472776,52.46602173331314,36.7743669133846,41.113681358383786,63.12913510430083,851.3149999999999,69.24753672229365,989.8100734445873,712.8199265554126,680549.0
MANDU,2024-05-27,872.1,872.1,846.0,848.0,-0.82 %,12751.0,10890284.0,-0.008187134502923965,-0.008220833144857134,865.24,855.665,868.7170220959821,836.6198022896074,51.64414447769487,32.09721980637471,39.31038904798197,60.48419688256506,855.665,65.92856800316166,987.5221360063233,723.8078639936766,667798.0
MANDU,2024-05-29,863.0,880.0,860.0,867.1,2.25 %,12280.0,10646262.5,0.02252358490566042,0.02227367459121174,863.86,859.32,868.4682494658309,838.8775947125994,53.772055297749596,29.590654753231547,37.366442189031886,58.44961139095327,859.32,64.33708597363648,987.994171947273,730.6458280527271,680078.0
MANDU,2024-05-30,880.9,880.9,857.5,868.0,0.10 %,14756.0,12836280.5,0.0010379425671778186,0.001037404277235269,867.22,860.57,868.3962110864724,841.0348099190735,53.875054542968364,27.361401167398867,35.365433984705284,55.946067720170895,860.57,64.24611477091854,989.0622295418372,732.077770458163,694834.0
MANDU,2024-06-02,862.0,876.0,850.0,850.1,-2.06 %,18266.0,15694460.7,-0.020622119815668194,-0.02083772503703699,857.6400000000001,861.275,865.5814093808613,841.7063054806235,51.42110263276888,23.87510390023772,33.06736796781177,53.80706288301583,861.275,64.03933721179864,989.3536744235972,733.1963255764027,676568.0
MANDU,2024-06-03,850.1,865.0,848.1,855.0,0.58 %,13502.0,11548557.4,0.005764027761439694,0.005747479313446909,857.6400000000001,862.675,863.9535002453441,842.69102359317,52.06476909456754,21.262476652174087,30.706389704684234,51.17084410565756,862.675,63.55482403323039,989.7846480664607,735.5653519335392,690070.0
MANDU,2024-06-04,845.0,860.0,840.0,848.0,-0.82 %,17382.0,14760227.0,-0.008187134502923965,-0.008220833144857134,857.6400000000001,864.875,861.4991155922143,843.084281104787,51.02465742528314,18.414834487427242,28.24807866123284,48.94435524096774,864.875,62.163154385520336,989.2013087710407,740.5486912289593,672688.0
MANDU,2024-06-05,837.0,855.0,830.0,830.0,-2.12 %,23742.0,19857205.8,-0.021226415094339646,-0.021454935001259487,850.22,866.725,856.6530978087967,842.115075097025,48.34986294693133,14.538022711771646,25.5060674713406,47.234044152327186,866.725,60.43817959395965,987.6013591879193,745.8486408120807,648946.0
MANDU,2024-06-06,834.1,903.0,834.1,900.0,8.43 %,84121.0,73414947.1,0.0843373493975903,0.08096906253366709,856.6200000000001,871.975,863.3218519920588,846.4028473120602,57.647974005517675,16.91900467999858,23.788654913072197,49.0744695700181,871.975,58.40610886398546,988.787217727971,755.1627822720291,733067.0
MANDU,2024-06-09,910.0,910.0,865.0,898.0,-0.22 %,53690.0,47398761.0,-0.0022222222222222365,-0.0022246950221111624,866.2,877.875,868.6569516855882,850.2248586222779,57.33041460551494,18.432093063310276,22.717342543119813,48.78343602930253,877.875,54.452247307546884,986.7794946150938,768.9705053849062,679377.0
MANDU,2024-06-10,880.1,908.9,863.0,885.2,-1.43 %,30326.0,26986828.9,-0.014253897550111305,-0.014356460125304955,872.24,881.635,871.2020360416516,852.8156098354425,55.23337253694491,18.38642620620908,21.851159275737665,48.57747631292377,881.635,52.062606795241535,985.7602135904831,777.5097864095169,649051.0
MANDU,2024-06-11,900.0,900.0,885.0,899.8,1.65 %,50813.0,45350081.0,0.01649344780840467,0.016358908230177115,882.6,886.675,875.6017228044744,856.295935032817,57.158308300461854,19.30578777165738,21.342084974921608,46.17908514771493,886.675,48.391592081793156,983.4581841635862,789.8918158364137,699864.0
MANDU,2024-06-12,899.9,911.0,882.0,900.0,0.02 %,29722.0,26581172.9,0.0002222716159145932,0.00022224691723878118,896.6,887.7299999999999,879.3553039114784,859.5332731785343,57.18546737028945,19.822030732944086,21.038074126526105,44.95200763716386,887.7299999999999,48.44314192948409,984.6162838589681,790.8437161410317,729586.0
MANDU,2024-06-13,915.0,915.0,886.0,897.0,-0.33 %,25149.0,22528653.9,-0.0033333333333332993,-0.0033389012655145986,896.0,884.2449999999999,882.0698725404817,862.3085862764207,56.60579167145389,19.761286264061027,20.78271655403309,43.81257852022358,884.2449999999999,44.83583476358512,973.9166695271701,794.5733304728296,704437.0
MANDU,2024-06-16,900.0,952.0,891.0,932.0,3.90 %,58595.0,54054065.0,0.03901895206243022,0.03827695262679497,902.8,879.5949999999999,889.7514306111768,867.4709132189081,61.5080961802318,22.280517392268735,21.08227672168022,45.04025148306475,879.5949999999999,32.63103906599445,944.8570781319888,814.332921868011,763032.0
MANDU,2024-06-18,913.4,1012.0,913.4,1005.0,7.83 %,94497.0,92226692.6,0.07832618025751081,0.07541000580758501,926.76,881.5449999999998,907.4819797479189,877.6582529804705,69.29860928281265,29.82372676744842,22.83056673083386,48.86594780570299,881.5449999999998,38.67234119735125,958.8896823947024,804.2003176052973,857529.0
MANDU,2024-06-19,984.9,1040.4,984.9,1025.0,1.99 %,24646.0,25381351.0,0.01990049751243772,0.019705071079332337,951.8,889.3199999999999,925.561675171316,888.5724564633986,71.02865337393665,36.989218707917416,25.66229712625057,49.33980867672421,889.3199999999999,50.07399367042139,989.4679873408427,789.1720126591572,882175.0
MANDU,2024-06-20,1007.0,1020.0,984.0,1004.0,-2.05 %,54510.0,54619891.9,-0.0204878048780488,-0.020700591320834065,972.6,895.8199999999999,937.6291097603442,897.1226448735172,66.77384974587352,40.506464886827075,28.631130678365878,48.7441080569582,895.8199999999999,56.06034906100961,1007.9406981220192,783.6993018779807,827665.0
MANDU,2024-06-23,1004.0,1060.0,993.2,1060.0,5.58 %,96776.0,99385604.8,0.055776892430278835,0.054276886854438273,1005.2,906.26,956.4554005664452,909.1876341421455,71.65072179410413,47.26776642429968,32.35845782755264,50.033814624318325,906.26,65.89335402954755,1038.0467080590952,774.4732919409049,924441.0
MANDU,2024-06-24,1040.0,1052.8,1021.3,1036.0,-2.26 %,26495.0,27435263.4,-0.02264150943396226,-0.022901764286684455,1026.0,913.1600000000001,968.6930312485305,918.5811427242088,67.10479155852656,50.11188852432167,35.90914396690645,49.22425643686702,913.1600000000001,71.93154201629655,1057.0230840325933,769.296915967407,897946.0
MANDU,2024-06-25,1027.5,1072.0,1027.5,1041.7,0.55 %,24040.0,25309715.8,0.005501930501930596,0.0054868501709748295,1033.34,922.4950000000001,979.9248725949103,927.7010580779711,67.63007318654746,52.22381451693923,39.17207807691301,48.88680954851938,922.4950000000001,75.98680269764387,1074.4686053952878,770.5213946047124,921986.0
MANDU,2024-06-26,1041.7,1052.0,1027.2,1050.0,0.80 %,25807.0,26878348.7,0.007967745032158913,0.007936170161165894,1038.34,932.595,990.7056614264626,936.7602389610843,68.42083933882802,53.94542246537833,42.12674695460608,47.16632315219656,932.595,78.93158579961658,1090.458171599233,774.7318284007669,947793.0
MANDU,2024-06-27,1029.0,1091.0,1029.0,1090.0,3.81 %,63906.0,68763652.8,0.03809523809523818,0.03738753207162041,1055.54,943.74,1005.9817135146992,948.1113323713744,71.97413947753418,57.870381143324835,45.27547379234983,48.22587149846824,943.74,84.72128546313756,1113.182570926275,774.2974290737249,1011699.0
MANDU,2024-06-30,1080.0,1090.0,1069.0,1080.0,-0.92 %,17999.0,19309836.2,-0.00917431192660545,-0.009216655104923952,1059.54,954.3399999999999,1017.3691422047455,957.8808633068281,69.85786823304223,59.488278897917326,48.11803481346333,46.281166391434795,954.3399999999999,87.94713364169183,1130.2342672833836,778.4457327166162,993700.0
MANDU,2024-07-01,1063.0,1085.0,1063.0,1078.0,-0.19 %,19584.0,21006670.5,-0.0018518518518518823,-0.0018535686493229438,1067.94,965.735,1026.6969664809385,966.778577135952,69.41824246213797,59.91838934498651,50.478105719767974,44.546797363475164,965.735,88.49268940962014,1142.7203788192403,788.7496211807597,974116.0
MANDU,2024-07-02,1099.5,1128.1,1061.0,1119.0,3.80 %,22075.0,24234285.4,0.03803339517625237,0.03732795684298282,1083.4,978.9350000000001,1040.8974331761788,978.0542380888445,73.14877220853032,62.843195087334266,52.95112359328124,46.15774040894122,978.9350000000001,90.76612094017483,1160.4672418803498,797.4027581196503,996191.0
MANDU,2024-07-03,1101.0,1101.0,1071.0,1073.0,-4.11 %,32085.0,34613019.6,-0.04110813226094723,-0.04197696568122671,1088.0,990.1850000000001,1045.8362896106128,985.0872574896708,63.75234245059231,60.74903212094193,54.51070529881338,46.28933037973114,990.1850000000001,87.57080909334621,1165.3266181866925,815.0433818133076,964106.0
MANDU,2024-07-04,1068.0,1080.0,1030.0,1048.0,-2.33 %,35612.0,37379406.9,-0.02329916123019571,-0.023574877749710996,1079.6,1001.085,1046.169168132057,989.747460638584,59.294381745113434,56.42170749347292,54.892905737745295,46.55437820975035,1001.085,79.80615511811713,1160.6973102362342,841.4726897637657,928494.0
MANDU,2024-07-07,1042.0,1102.0,1042.0,1090.0,4.01 %,21990.0,23895891.2,0.040076335877862634,0.03929411034220195,1081.6,1010.585,1052.9123730348174,997.1735746653555,63.86581439235648,55.73879836946185,55.06208426408861,47.51477976619675,1010.585,78.43674135720438,1167.4584827144088,853.7115172855913,950484.0
MANDU,2024-07-08,1071.2,1105.0,1063.1,1093.0,0.28 %,17365.0,18611938.4,0.0027522935779815683,0.0027485129533490935,1084.6,1020.335,1059.07970026023,1004.2718283938477,64.17529768440511,54.80787186638236,55.01124178454736,47.113724068611276,1020.335,75.78005761134708,1171.8951152226941,868.7748847773059,967849.0
MANDU,2024-07-09,1072.1,1137.0,1060.2,1125.0,2.93 %,52439.0,57979261.8,0.029277218664226945,0.02885682646198199,1085.8,1032.325,1069.2212848355794,1013.2146559202295,67.38422611940274,56.00662891534989,55.210319210707866,49.23417234942475,1032.325,72.15765542783554,1176.640310855671,888.009689144329,1020288.0
MANDU,2024-07-10,1130.0,1216.0,1121.0,1169.9,3.99 %,22095.0,25439889.4,0.03991111111111123,0.03913523941503543,1105.18,1045.8300000000002,1084.710317937798,1024.8209777039162,71.27249584188611,59.88934023388174,56.14612341534264,52.50316003875156,1045.8300000000002,71.31993225489107,1188.4698645097824,903.190135490218,1042383.0
MANDU,2024-07-11,1177.0,1240.0,1147.0,1234.0,5.48 %,61691.0,74146975.3,0.05479100777844259,0.053342650411777284,1142.38,1062.5300000000002,1107.677961331983,1040.3157200962187,75.7222282252723,67.36224123576426,58.389346979426975,55.39579146455502,1062.5300000000002,74.41274721019629,1211.3554944203927,913.7045055796076,1104074.0
MANDU,2024-07-14,1258.6,1357.4,1243.0,1357.4,10.00 %,40222.0,52360942.6,0.10000000000000009,0.09531017980432493,1195.8600000000001,1085.55,1146.0967365116778,1063.8034445335359,81.62344849897468,82.29329197814195,63.17013597916997,60.25323493137252,1085.55,90.07529306670504,1265.70058613341,905.3994138665898,1144296.0
MANDU,2024-07-15,1355.0,1493.1,1308.0,1493.1,10.00 %,48109.0,65024917.2,0.099970531899219,0.09528339026296012,1275.88,1113.605,1199.4818539714197,1095.6031893829036,85.73094780832577,103.87866458851613,71.3118417010392,69.17086100770305,1113.605,121.5979894007955,1356.800978801591,870.409021198409,1192405.0
MANDU,2024-07-16,1463.3,1463.3,1345.2,1400.0,-6.24 %,30687.0,42519266.1,-0.062353492733239535,-0.06438225892926817,1330.88,1133.355,1230.3307995142782,1118.1511012804663,73.57957669627189,112.1796982338119,79.48541300759375,74.79437093572426,1133.355,134.4307979868029,1402.2165959736058,864.4934040263943,1161718.0
MANDU,2024-07-17,1372.2,1385.0,1340.0,1350.0,-3.57 %,28047.0,37916501.7,-0.0357142857142857,-0.03636764417087483,1366.9,1149.605,1248.7414457428506,1135.3250937782095,68.00474355029436,113.41635196464108,86.27160079900322,73.7376301546011,1149.605,140.16421750368835,1429.9334350073768,869.2765649926233,1133671.0
MANDU,2024-07-18,1350.0,1460.0,1272.0,1299.0,-3.78 %,68534.0,89137655.1,-0.0377777777777778,-0.038509854761875614,1379.9,1164.355,1256.4735310131812,1147.4491609057495,62.77982478141554,109.02437010743165,90.82215466068891,81.89922800070103,1164.355,139.5558649694402,1443.4667299388805,885.2432700611196,1065137.0
MANDU,2024-07-21,1280.0,1304.7,1230.0,1250.0,-3.77 %,46777.0,58488870.3,-0.03772132409545803,-0.03845118637425272,1358.42,1173.855,1255.4776031649994,1155.0455193571754,58.1565514603732,100.43208380782403,92.74414049011594,81.3849974292224,1173.855,138.54147194024117,1450.9379438804824,896.7720561195176,1018360.0
MANDU,2024-07-22,1250.0,1300.0,1200.0,1230.0,-1.60 %,56127.0,68374168.0,-0.016000000000000014,-0.016129381929883644,1305.8,1183.555,1251.5579719088457,1160.5977031084958,56.33302877393957,90.96026880034992,92.38736615216274,82.71464046999222,1183.555,135.13102988152767,1453.8170597630553,913.2929402369448,962233.0
MANDU,2024-07-23,1230.0,1353.0,1200.0,1353.0,10.00 %,40789.0,50617285.4,0.10000000000000009,0.09531017980432493,1296.4,1199.1200000000001,1267.1644377690234,1174.849725100459,63.841946800418626,92.31471266856443,92.37283545544308,87.73502329356421,1199.1200000000001,135.85807067826804,1470.8361413565362,927.403858643464,1003022.0
MANDU,2024-07-24,1353.0,1353.0,1224.5,1285.2,-5.01 %,46633.0,58161736.9,-0.05011086474501103,-0.051410000929084584,1283.44,1210.8799999999999,1269.939139650712,1183.023819537462,57.92868349365871,86.91532011324989,91.28133238700444,90.64680734402391,1210.8799999999999,132.40645794395144,1475.6929158879027,946.0670841120971,956389.0
MANDU,2024-07-25,1260.0,1260.0,1200.0,1225.0,-4.68 %,34610.0,42135156.5,-0.04684095860566451,-0.047973504262876054,1268.6399999999999,1217.6299999999999,1263.0254258582947,1186.1331662383907,53.215536133711446,76.89225961990405,88.40351783358437,90.25774967659363,1217.6299999999999,129.3249847640074,1476.2799695280146,958.9800304719851,921779.0
MANDU,2024-07-28,1245.0,1245.0,1179.0,1188.0,-3.02 %,25477.0,30426946.7,-0.03020408163265309,-0.030669623056237154,1256.24,1223.03,1251.4830526493263,1186.271450220732,50.496181701192825,65.21160242859423,83.76513475258635,88.52505327112266,1223.03,125.4731680270211,1473.9763360540421,972.0836639459578,896302.0
MANDU,2024-07-29,1170.0,1259.0,1165.0,1212.0,2.02 %,44251.0,52477840.9,0.02020202020202011,0.020000666706669435,1252.6399999999999,1229.73,1245.4087368571222,1188.1772687229002,52.202373713018524,57.23146813422204,78.45840142891349,88.9161208946139,1229.73,120.81237345134645,1471.354746902693,988.1052530973071,940553.0
MANDU,2024-07-30,1220.0,1220.0,1175.0,1218.0,0.50 %,46776.0,55601791.3,0.004950495049504955,0.004938281640582577,1225.6399999999999,1234.6799999999998,1241.1920081098726,1190.3863599286112,52.6418231108142,50.805648181261404,72.92785077938308,85.77925511642718,1234.6799999999998,118.0328616151149,1470.7457232302297,998.6142767697701,987329.0
MANDU,2024-07-31,1200.0,1230.0,1178.0,1213.0,-0.41 %,89604.0,107740402.5,-0.004105090311986914,-0.004113539325792253,1211.2,1241.6799999999998,1236.8547760929691,1192.0614443783438,52.21103049857772,44.79333171462531,67.30094696643152,83.36645117953952,1241.6799999999998,111.93347930567475,1465.5469586113493,1017.8130413886504,897725.0
MANDU,2024-08-01,1190.0,1220.0,1167.1,1170.0,-3.54 %,43879.0,52164227.3,-0.03544929925803797,-0.036092881152248374,1200.2,1247.78,1226.56942592482,1190.4272633132814,48.532667211054715,36.14216261153865,61.06919009545295,81.19027609528672,1247.78,103.85588496616597,1455.4917699323319,1040.068230067668,853846.0
MANDU,2024-08-05,1146.9,1278.0,1146.9,1254.0,7.18 %,69941.0,86173624.8,0.07179487179487176,0.06933469340106417,1213.4,1255.98,1230.7895142440784,1195.1363549197051,55.17616612158228,35.65315932437329,55.98598394123702,84.7552563741948,1255.98,96.99001901986577,1449.9600380397314,1061.9999619602686,923787.0
MANDU,2024-08-06,1250.0,1279.0,1160.0,1161.0,-7.42 %,53231.0,64952605.5,-0.07416267942583732,-0.0770567394949745,1203.2,1259.3799999999999,1220.0526658988356,1192.607736036764,47.816893230806066,27.444929862071604,50.27777312540394,87.20130949032375,1259.3799999999999,92.04167591511685,1443.4633518302335,1075.2966481697663,870556.0
MANDU,2024-08-07,1182.9,1202.0,1167.0,1199.0,3.27 %,22593.0,26891352.5,0.03273040482342804,0.03220617332962271,1199.4,1263.08,1216.8137942220917,1193.0812370710778,50.70976766571373,23.732557151013907,44.96872993052593,83.90121595530063,1263.08,87.74235369295259,1438.5647073859052,1087.5952926140947,893149.0
MANDU,2024-08-08,1199.0,1219.5,1176.6,1185.0,-1.17 %,27686.0,32956580.7,-0.011676396997497895,-0.011745101458282664,1193.8,1263.8349999999998,1211.91936434177,1192.4826269176647,49.61839889955218,19.43673742410533,39.86233142924181,80.97255767277916,1263.8349999999998,86.95984115489435,1437.7546823097884,1089.9153176902112,865463.0
MANDU,2024-08-11,1180.0,1227.0,1180.0,1206.1,1.78 %,36158.0,43607800.4,0.017805907172995683,0.017649239019965585,1201.02,1262.44,1211.024077519959,1193.49132122006,51.31890933904858,17.53275629989912,35.39641640337327,78.5459464104378,1262.44,87.68440658346833,1437.8088131669367,1087.0711868330634,901621.0
MANDU,2024-08-12,1206.0,1248.0,1206.0,1240.0,2.81 %,48985.0,60297008.1,0.028107122129176654,0.027719366009885275,1198.22,1256.5700000000002,1215.4819117476577,1196.9364085370926,54.004995441833735,18.54550321056513,32.02623376481165,75.9355216668351,1256.5700000000002,84.87748508105348,1426.324970162107,1086.8150298378932,950606.0
MANDU,2024-08-13,1250.0,1274.0,1241.0,1253.2,1.06 %,39112.0,49255857.3,0.010645161290322669,0.010588900478954204,1216.66,1244.575,1221.2846945557103,1201.1040819787895,55.0451434991459,20.180612576920794,29.65710952723348,72.94012726206117,1244.575,64.09978959650357,1372.7745791930072,1116.375420806993,989718.0
MANDU,2024-08-14,1278.2,1295.0,1241.1,1280.0,2.14 %,29508.0,37583252.5,0.021385253750398903,0.021159797835626108,1232.8600000000001,1238.575,1230.3178184702165,1206.9482240544346,57.163244250503084,23.369594415781876,28.39960650494316,71.58011817191395,1238.575,53.53055079504866,1345.6361015900973,1131.5138984099028,1019226.0
MANDU,2024-08-15,1295.0,1300.0,1210.0,1210.0,-5.47 %,34318.0,42987926.3,-0.0546875,-0.05623971832287608,1237.8600000000001,1231.575,1227.1920002440293,1207.174281531884,50.47388307453071,20.017718712145324,26.723228946383596,72.89582401677724,1231.575,46.94110391588945,1325.457207831779,1137.692792168221,984908.0
MANDU,2024-08-18,1185.8,1247.0,1177.0,1185.0,-2.07 %,27644.0,33077789.5,-0.02066115702479343,-0.020877585021555255,1233.64,1225.875,1220.7009232834093,1205.531742159152,48.29997423932617,15.16918112425742,24.41241938195836,72.68897944415029,1225.875,45.21246771458429,1316.2999354291685,1135.4500645708315,957264.0
MANDU,2024-08-21,1208.0,1208.0,1172.0,1173.5,-0.97 %,13087.0,15431525.5,-0.009704641350210985,-0.009752038278153371,1220.3400000000001,1222.05,1213.4392427782695,1203.159020517733,47.290964639465486,10.280222260536448,21.58597995767398,70.06833805528241,1222.05,46.28725526535592,1314.6245105307119,1129.475489469288,944177.0
MANDU,2024-08-22,1151.0,1189.0,1151.0,1163.0,-0.89 %,13468.0,15814964.9,-0.008947592671495475,-0.008987862772413728,1202.3,1218.7,1205.6793592739205,1200.1842782571603,46.339106567075284,5.495081016760196,18.367800169491225,67.77774247990509,1218.7,48.07173367944602,1314.843467358892,1122.556532641108,930709.0
MANDU,2024-08-25,1163.0,1186.2,1145.0,1146.0,-1.46 %,14177.0,16409462.4,-0.014617368873602765,-0.014725255243979565,1175.5,1208.35,1196.497919385625,1196.1706280158892,44.76799867515279,0.32729136973580353,14.759698409540142,65.87933230276901,1208.35,39.07704266136453,1286.504085322729,1130.1959146772708,916532.0
MANDU,2024-08-27,1126.0,1188.3,1092.7,1092.7,-4.65 %,22998.0,25848310.0,-0.04650959860383941,-0.04762592069798515,1152.04,1198.725,1180.5290087109133,1188.5061370517492,40.16948398870147,-7.977128340835861,10.212333059464942,68.00223713828551,1198.725,42.69196738202129,1284.1089347640425,1113.3410652359573,893534.0
MANDU,2024-08-28,1080.0,1132.0,1075.0,1078.0,-1.35 %,16344.0,18036279.5,-0.013452914798206317,-0.01354422510775726,1130.6399999999999,1191.375,1164.7553150630806,1180.3204972701383,38.98024464789987,-15.56518220705766,5.056830006160421,67.2163630569794,1191.375,49.964817885347934,1291.3046357706958,1091.4453642293042,877190.0
MANDU,2024-08-29,1084.0,1122.0,1079.0,1079.0,0.09 %,20911.0,22943937.0,0.0009276437847867136,0.0009272137891922675,1111.74,1185.925,1151.5621896687605,1172.815275250128,39.11230422492432,-21.253085581367486,-0.2051531113451608,65.5580514100523,1185.925,55.93975965738953,1297.804519314779,1074.0454806852208,898101.0
MANDU,2024-09-01,1099.0,1116.9,1070.0,1071.0,-0.74 %,13856.0,15018536.1,-0.007414272474513428,-0.007441894810385881,1093.34,1178.875,1139.1680066427973,1165.2734030093777,38.396384314914975,-26.105396366580408,-5.385201762392211,64.22533345219144,1178.875,61.12527149869893,1301.1255429973978,1056.6244570026022,884245.0
MANDU,2024-09-02,1075.0,1105.0,1070.0,1098.0,2.52 %,20890.0,22760344.8,0.025210084033613356,0.024897551621727087,1083.74,1172.875,1132.8344671592902,1160.290187971646,42.23914311695951,-27.45572081235582,-9.799305572384934,62.13780963417776,1172.875,62.94512125235648,1298.765242504713,1046.984757495287,905135.0
MANDU,2024-09-03,1105.0,1125.0,1084.0,1085.6,-1.13 %,21174.0,23248998.2,-0.011293260473588473,-0.011357513548816688,1082.3200000000002,1166.505,1125.567626057861,1154.7575814552279,40.974993659459194,-29.18995539736693,-13.677435537381335,60.627966088879354,1166.505,65.08094130429278,1296.6668826085856,1036.3431173914146,883961.0
MANDU,2024-09-04,1075.0,1107.0,1035.0,1035.0,-4.66 %,25727.0,27228959.9,-0.0466101694915253,-0.04773140282118981,1073.72,1159.7549999999999,1111.6341451258822,1145.8866494955814,36.212297095027296,-34.25250436969918,-17.792449303844904,61.440254225387974,1159.7549999999999,71.39406930256261,1302.543138605125,1016.9668613948746,858234.0
MANDU,2024-09-05,1055.4,1093.0,1026.1,1041.0,0.58 %,10765.0,11215768.8,0.005797101449275255,0.005780362915499329,1066.1200000000001,1149.105,1100.7673535680542,1138.1172680514642,37.14524537901885,-37.349914483409975,-21.70394233975792,61.830236066431695,1149.105,72.47407140706217,1294.0531428141244,1004.1568571858757,868999.0
MANDU,2024-09-08,1030.0,1070.0,1020.0,1020.0,-2.02 %,16198.0,16853671.6,-0.02017291066282423,-0.02037916233665214,1055.92,1142.0549999999998,1088.3416068652766,1129.3678407883929,35.204487484961604,-41.02623392311625,-25.56840065642959,60.98521920454372,1142.0549999999998,77.91016739945229,1297.8753347989045,986.2346652010953,852801.0
MANDU,2024-09-09,1015.1,1020.0,989.0,999.0,-2.06 %,13328.0,13348556.9,-0.020588235294117685,-0.020803127629763284,1036.1200000000001,1132.0549999999998,1074.5967442706187,1119.7109636929563,33.329159744189795,-45.114219422337555,-29.477564409611183,58.8434178327906,1132.0549999999998,82.89241267418576,1297.8398253483713,966.2701746516283,839473.0
MANDU,2024-09-10,1010.0,1015.0,973.6,975.0,-2.40 %,8466.0,8370589.8,-0.024024024024024038,-0.024317307650706357,1014.0,1121.5549999999998,1059.2741682289852,1108.9916330490335,31.27846413321069,-49.717464820048235,-33.5255444916986,57.5974594161627,1121.5549999999998,88.91450343477585,1299.3840068695515,943.7259931304482,831007.0
MANDU,2024-09-11,975.0,984.0,951.0,951.0,-2.46 %,10556.0,10185977.5,-0.024615384615384595,-0.02492340845245685,997.2,1108.8,1042.6166038860645,1097.2885491194754,29.334701648003147,-54.67194523341095,-37.75482464004107,55.84049802929393,1108.8,94.28326301210969,1297.3665260242194,920.2334739757806,820451.0
MANDU,2024-09-12,970.0,1019.0,951.0,999.0,5.05 %,16858.0,16783705.1,0.050473186119873725,0.04924071610316313,988.8,1096.75,1035.9063571343622,1090.007915851366,37.676577969449895,-54.101558717003854,-41.02417145543363,56.709033884344365,1096.75,92.00568918336181,1280.7613783667236,912.7386216332764,837309.0
MANDU,2024-09-15,1010.0,1037.0,984.0,985.0,-1.40 %,18025.0,18142660.4,-0.014014014014014031,-0.014113137476464655,981.8,1083.34,1028.0746098829218,1082.229551714228,36.329512805161805,-54.15494183130613,-43.65032553060813,56.444102892605486,1083.34,87.43442294536851,1258.208845890737,908.4711541092629,819284.0
MANDU,2024-09-16,981.0,988.0,965.5,968.0,-1.73 %,10293.0,10011151.5,-0.017258883248730927,-0.017409553895511826,975.6,1067.74,1018.8323622086261,1073.7681034390998,34.70681558565609,-54.935741230473695,-45.90740867058125,54.01952411456224,1067.74,77.80263424034526,1223.3452684806905,912.1347315193095,808991.0
MANDU,2024-09-18,960.0,974.1,948.8,957.0,-1.14 %,7954.0,7637772.9,-0.011363636363636354,-0.011428695823622744,972.0,1055.09,1009.3196910996066,1065.1186142954627,33.65918080722315,-55.798923195856105,-47.88571157563622,51.968129534950656,1055.09,73.92625699766155,1202.942513995323,907.2374860046768,801037.0
MANDU,2024-09-22,955.0,988.0,950.0,955.0,-0.21 %,10530.0,10098960.9,-0.002089864158829724,-0.0020920509722240632,972.8,1043.59,1000.962815545821,1056.9616799032062,33.46141036923973,-55.99886435738529,-49.50834213198604,50.9704059967399,1043.59,70.46206071355057,1184.5141214271011,902.6658785728988,790507.0
MANDU,2024-09-23,955.0,960.3,920.0,939.8,-1.59 %,12241.0,11527137.5,-0.015916230366492146,-0.016044253812014905,960.96,1031.905,991.5531516156947,1048.2830369474132,31.92608045224729,-56.72988533171849,-50.95265077193253,50.208234139829905,1031.905,67.08129769168215,1166.0675953833643,897.7424046166357,778266.0
MANDU,2024-09-24,930.5,941.0,888.0,905.0,-3.70 %,8176.0,7492608.5,-0.03702915513939131,-0.03773214296878917,944.96,1019.0049999999999,978.237282136357,1037.6694786550122,28.681358226989687,-59.432196518655246,-52.648559921277084,50.40764598698491,1019.0049999999999,65.32867892031612,1149.662357840632,888.3476421593676,770090.0
MANDU,2024-09-25,905.0,923.0,877.1,905.1,0.01 %,6048.0,5444460.4,0.00011049723756917373,0.00011049113319909174,932.3799999999999,1006.9599999999998,966.9853925769173,1027.8495172731593,28.703781750267922,-60.864124696242015,-54.29167287627007,50.08567127362884,1006.9599999999998,62.8422703868064,1132.6445407736126,881.275459226387,776138.0
MANDU,2024-09-26,915.0,935.0,890.1,890.1,-1.66 %,10590.0,9638163.0,-0.016572754391779965,-0.01671161886823934,919.0,996.8300000000002,955.156870642007,1017.6458493269995,27.316387175234183,-62.4889786849925,-55.93113403801456,49.71526618265535,996.8300000000002,64.59853428351917,1126.0270685670384,867.6329314329619,765548.0
MANDU,2024-09-29,873.0,873.0,805.6,854.0,-4.06 %,32004.0,26816538.0,-0.04055724075946521,-0.04140262217631593,898.8,985.6299999999999,939.5942751586213,1005.5239345620365,24.27531720604972,-65.92965940341526,-57.930839111094706,52.1998900267514,985.6299999999999,69.04974636944193,1123.7294927388837,847.530507261116,733544.0
MANDU,2024-09-30,854.0,854.1,821.0,844.6,-1.10 %,12734.0,10574921.0,-0.011007025761124112,-0.011068051288726653,879.76,973.9099999999999,924.9797712880642,993.6036431129968,23.540426401570244,-68.62387182493262,-60.06944565386229,50.835612167697725,973.9099999999999,72.18901286863127,1118.2880257372624,829.5319742627373,720810.0
MANDU,2024-10-01,835.0,925.0,835.0,920.0,8.93 %,15493.0,13671180.2,0.08927302865261666,0.08551052754324283,882.76,966.3599999999999,924.213652628362,988.151521400923,39.390369621023524,-63.937868772561046,-60.84313027760204,53.63306844143361,966.3599999999999,69.34034596789525,1105.0406919357904,827.6793080642094,736303.0
MANDU,2024-10-02,915.1,920.0,875.0,875.0,-4.89 %,14263.0,12706092.1,-0.048913043478260865,-0.05014978368547156,876.74,955.2099999999998,916.6423214547679,979.7699272230768,34.759192707441855,-63.12760576830897,-61.30002537574343,53.01642069561692,955.2099999999998,64.84179045549034,1084.8935809109805,825.5264190890191,722040.0
MANDU,2024-10-06,858.0,871.0,835.0,866.0,-1.03 %,10496.0,9037084.3,-0.010285714285714231,-0.010338977795179219,871.9200000000001,944.2299999999999,908.8511950771112,971.3425252065526,33.90072303822329,-62.491330129441394,-61.538286326483025,52.08667636021571,944.2299999999999,60.01331518921472,1064.2566303784292,824.2033696215705,711544.0
MANDU,2024-10-07,882.3,903.0,880.0,895.0,3.35 %,18548.0,16590552.3,0.033487297921477976,0.032938809712420136,880.1200000000001,937.2299999999999,906.7202419883249,965.6875233394006,39.1184477608846,-58.96728135107571,-61.024085331401565,51.00905662020031,937.2299999999999,56.95555145993488,1051.1411029198696,823.3188970801301,730092.0
MANDU,2024-10-08,891.0,976.1,881.5,950.0,6.15 %,80609.0,74569678.8,0.06145251396648055,0.059638266319731244,901.2,932.68,913.3786662978134,964.5254845735191,47.57129397969379,-51.14681827570564,-59.04863192026238,54.12269543304315,932.68,51.61373338254302,1035.907466765086,829.452533234914,810701.0
MANDU,2024-10-09,967.9,968.0,935.0,953.0,0.32 %,6172.0,5871863.5,0.0031578947368420263,0.003152919059615515,907.8,929.3299999999999,919.4742560981498,963.6717449754807,47.99542695098183,-44.1974888773309,-56.078403311676084,52.61393147354006,929.3299999999999,47.67170737670877,1024.6734147534175,833.9865852465824,816873.0
MANDU,2024-10-15,971.0,980.0,953.1,972.0,1.99 %,4237.0,4109741.3,0.019937040923399874,0.019740900806237045,927.2,927.9799999999999,927.5551397753575,964.2886527550747,50.714786112816824,-36.73351297971726,-52.20942524528432,50.78436493971578,927.9799999999999,45.94597055810594,1019.8719411162118,836.088058883788,821110.0
MANDU,2024-10-16,988.0,988.0,915.0,950.0,-2.26 %,56249.0,52389146.0,-0.02263374485596703,-0.022893819865852507,944.0,926.7299999999999,931.0081951945333,963.2302340324766,47.61036713483824,-32.22203883794327,-48.211947963816115,52.371196015450366,926.7299999999999,44.92822463019292,1016.5864492603857,836.8735507396141,764861.0
MANDU,2024-10-17,940.0,953.0,927.1,942.0,-0.84 %,8821.0,8283091.4,-0.008421052631578996,-0.008456710018223509,953.4,926.28,932.699242087682,961.657624104145,46.49578693531449,-28.95838201646302,-44.3612347743455,50.48039630006106,926.28,44.7169177922867,1015.7138355845734,836.8461644154265,756040.0
MANDU,2024-10-20,923.2,929.0,900.0,905.0,-3.93 %,13755.0,12569820.0,-0.039278131634819524,-0.040070330876436924,944.4,921.5799999999999,928.4378202280386,957.4607630593936,41.640427425617496,-29.022942831354953,-41.29357638574739,49.874653707199556,921.5799999999999,41.49527049778358,1004.5705409955671,838.5894590044328,742285.0
MANDU,2024-10-21,893.0,906.0,873.0,876.0,-3.20 %,10175.0,9005468.1,-0.03204419889502763,-0.03256885276353469,929.0,916.1299999999999,920.3704632698789,951.4266324624015,38.26741548423477,-31.05616919252259,-39.246094947102435,48.669321299542446,916.1299999999999,39.85280944993271,995.8356188998653,836.4243811001345,732110.0
MANDU,2024-10-22,893.0,900.0,880.0,899.0,2.63 %,4887.0,4351442.5,0.026255707762557146,0.0259169435352289,914.4,912.68,917.0826996898975,947.5431782059273,42.26206317335232,-30.460478516029866,-37.48897166088793,46.907226921003705,912.68,38.07304060687356,988.8260812137471,836.5339187862528,736997.0
MANDU,2024-10-23,899.0,916.9,880.0,885.0,-1.56 %,5465.0,4879825.6,-0.015572858731924377,-0.015695389463690774,901.4,909.0799999999999,912.1468997376056,942.9103501906735,40.5423431383113,-30.76345045306789,-36.143867419323925,46.19242499807487,909.0799999999999,37.052091353717394,983.1841827074347,834.9758172925651,731532.0
MANDU,2024-10-24,869.0,918.0,869.0,887.0,0.23 %,4271.0,3823283.7,0.002259887005649608,0.0022573373016498643,890.4,905.68,908.2781459318202,938.7688427691421,40.912248954276805,-30.490696837321934,-35.013233302923524,46.39296606964095,905.68,35.71228006398397,977.1045601279679,834.255439872032,735803.0
MANDU,2024-10-27,879.0,907.0,879.0,893.0,0.68 %,5180.0,4646058.8,0.006764374295377573,0.006741598566919453,888.0,903.3399999999999,905.9276619423093,935.378558119576,42.07649334318327,-29.450896177266713,-33.90076587779217,45.07918277895231,903.3399999999999,34.88256086687993,973.1051217337598,833.57487826624,740983.0
MANDU,2024-10-28,910.0,910.0,886.0,901.0,0.90 %,6294.0,5674459.3,0.008958566629339249,0.00891867673183881,893.0,903.14,905.169560105031,932.8319982588667,43.67019977022071,-27.66243815383575,-32.653100333000886,43.573526866170006,903.14,34.88400930602963,972.9080186120592,833.3719813879408,747277.0
MANDU,2024-10-29,910.0,923.1,890.0,919.9,2.10 %,11929.0,10857887.0,0.020976692563817956,0.020759710874773636,897.18,903.8800000000001,907.4357816273339,931.8740724619137,47.35542156532264,-24.43829083457979,-31.01013843331667,42.82541780430072,903.8800000000001,35.084178470464046,974.0483569409282,833.711643059072,759206.0
MANDU,2024-10-30,920.0,934.0,900.0,912.0,-0.86 %,8142.0,7428358.7,-0.008587889988042163,-0.00862497840878017,902.5799999999999,904.975,908.1379690692825,930.4019189462164,46.00073094709193,-22.263949876933907,-29.26090072204012,42.19503081827924,904.975,34.97304036871236,974.9210807374247,835.0289192625753,751064.0
MANDU,2024-11-05,912.0,925.0,904.0,908.0,-0.44 %,4176.0,3809518.6,-0.004385964912280715,-0.004395611473038109,906.78,907.675,908.1167430586237,928.7425175427929,45.29420095538526,-20.625774484169256,-27.533875474465948,40.681100045545016,907.675,32.850584790116585,973.3761695802332,841.9738304197667,746888.0
MANDU,2024-11-06,917.9,917.9,892.0,900.0,-0.88 %,5963.0,5378857.2,-0.008810572687224627,-0.0088496152769825,908.18,910.445,906.868013357297,926.6134421692527,43.843797868831786,-19.745428811955776,-25.976186141963915,39.62530718514895,910.445,29.407347363327048,969.2596947266542,851.6303052733459,740925.0
MANDU,2024-11-10,900.0,939.0,894.0,926.0,2.89 %,18057.0,16494575.5,0.028888888888888964,0.028479471321868705,913.18,910.7450000000001,909.8113959177127,926.5680020085673,49.50328742350798,-16.756606090854575,-24.13227013174205,40.00921381478117,910.7450000000001,29.540257544400045,969.8255150888002,851.6644849112,758982.0
MANDU,2024-11-11,944.0,960.0,922.0,935.0,0.97 %,16840.0,15890004.3,0.009719222462202914,0.009672294642507507,916.2,913.7450000000001,913.6865657765261,927.1925944523771,51.33172173086286,-13.506028675850985,-22.00702184056384,39.865698542296805,913.7450000000001,28.75532856798273,971.2556571359655,856.2343428640347,775822.0
MANDU,2024-11-12,935.1,953.0,921.2,921.2,-1.48 %,7359.0,6906602.1,-0.014759358288769953,-0.014869361342156764,918.04,916.5050000000001,914.8424787339836,926.7486985670158,48.43569194343246,-11.906219833032196,-19.986861439057513,39.289577217847025,916.5050000000001,26.49145790826313,969.4879158165263,863.5220841834739,768463.0
MANDU,2024-11-13,920.0,950.0,915.0,929.7,0.92 %,13067.0,12138868.7,0.009227095093356397,0.00918478551528202,922.3799999999999,918.2400000000001,917.1282512364477,926.9673134879777,50.29578608754906,-9.839062251529981,-17.957301601552007,38.98317884514367,918.2400000000001,26.142914910162855,970.5258298203258,865.9541701796744,781530.0
MANDU,2024-11-14,945.0,955.9,920.0,937.0,0.79 %,31612.0,29732641.6,0.007851995267290413,0.007821328776609833,929.78,917.5900000000001,920.1854433539173,927.7104754518311,51.90056183560877,-7.525032097913822,-15.870847700824372,38.76295178477626,917.5900000000001,25.464503674103604,968.5190073482073,866.660992651793,813142.0
MANDU,2024-11-17,955.7,1028.0,955.7,1028.0,9.71 %,50577.0,51159444.5,0.09711846318036277,0.09268716377668815,950.18,921.3400000000001,936.7722982225455,935.1393291220659,66.44464142642909,1.6329691004796132,-12.370084340563576,42.4941695144351,921.3400000000001,34.77417977389813,990.8883595477964,851.7916404522039,863719.0
MANDU,2024-11-19,1048.5,1090.0,1006.0,1025.0,-0.29 %,40105.0,41679606.4,-0.0029182879377431803,-0.0029225544426018536,968.18,923.9900000000001,950.3457908036924,941.7956751130239,65.73891992511608,8.550115690668463,-8.186044334317168,45.45887169197545,923.9900000000001,40.4020179277174,1004.7940358554349,843.1859641445653,823614.0
MANDU,2024-11-20,1004.6,1047.5,996.0,1047.5,2.20 %,17700.0,17998023.0,0.02195121951219514,0.02171376022378426,993.4400000000002,928.8650000000001,965.292592218509,949.6256251046518,68.44584300989965,15.66696711385714,-3.4154420446823064,45.890380856834355,928.8650000000001,48.72966539464136,1026.3243307892828,831.4056692107174,841314.0
MANDU,2024-11-21,1047.5,1063.5,990.0,990.0,-5.49 %,21273.0,21857666.7,-0.054892601431980936,-0.056456708667657216,1005.5,931.2650000000001,969.0937318771998,952.6163195413443,56.22099650127424,16.477412335855547,0.5631288314252645,47.86249650991762,931.2650000000001,50.55834852191261,1032.3816970438254,830.1483029561749,820041.0
MANDU,2024-11-24,1000.0,1000.0,967.0,970.0,-2.02 %,18075.0,17759212.5,-0.02020202020202022,-0.020408871631207123,1012.1,934.5150000000001,969.233157742246,953.9039995753188,52.69552728367701,15.329158166927186,3.5163346985256494,46.80088961635207,934.5150000000001,50.86932976289685,1036.2536595257939,832.7763404742064,801966.0
MANDU,2024-11-25,970.0,1017.0,950.6,980.0,1.03 %,7973.0,7759416.5,0.010309278350515427,0.010256500167189061,1002.5,939.7150000000001,970.8895950126698,955.8370366438138,54.24061539471737,15.052558368856012,5.823579432591722,48.200826072326926,939.7150000000001,49.87888779201529,1039.4727755840308,839.9572244159696,809939.0
MANDU,2024-11-26,999.0,1020.0,985.1,1006.0,2.65 %,12572.0,12627847.0,0.026530612244898055,0.026184778995067007,998.7,945.0650000000002,976.2911957799513,959.5528117072349,58.074890596548485,16.73838407271637,8.006540360616652,47.61505278144643,945.0650000000002,51.00758741289618,1047.0801748257925,843.0498251742079,822511.0
MANDU,2024-11-27,1022.0,1022.0,999.0,1000.0,-0.60 %,7632.0,7682478.0,-0.005964214711729587,-0.005982071677547429,989.2,950.8150000000002,979.9387041214973,962.5488997289212,56.89020478131799,17.389804392576025,9.883193167008528,45.85683472562883,950.8150000000002,50.3579322659827,1051.5308645319656,850.0991354680348,814879.0
MANDU,2024-11-28,995.0,1009.0,976.0,976.0,-2.40 %,9560.0,9401927.4,-0.02400000000000002,-0.024292692569044587,986.4,955.2650000000001,979.3327496412669,963.5452775267789,52.294856439033914,15.787472114487969,11.064048956504417,44.93848938808391,955.2650000000001,48.312788706838475,1051.890577413677,858.6394225863231,805319.0
MANDU,2024-12-01,975.0,975.0,956.8,960.0,-1.64 %,11844.0,11404610.4,-0.016393442622950838,-0.016529301951210582,984.4,958.6150000000001,976.3584804656874,963.2826643766472,49.42836524244422,13.075816089040245,11.466402383011584,43.10002586036363,958.6150000000001,46.0374135608036,1050.6898271216073,866.5401728783929,793475.0
MANDU,2024-12-02,956.0,980.0,956.0,956.0,-0.42 %,11431.0,11048071.5,-0.004166666666666652,-0.0041753714104806215,979.6,961.3650000000001,973.2264065478894,962.7432077561548,48.70952852018476,10.483198791734594,11.269761664756187,41.735738298909084,961.3650000000001,44.0128722199844,1049.390744439969,873.3392555600313,782044.0
MANDU,2024-12-03,960.0,989.0,957.0,964.9,0.93 %,6654.0,6398136.9,0.009309623430962422,0.009266555974936915,971.3799999999999,963.615,971.9454209251371,962.9029701445878,50.4366748790978,9.042450780549302,10.82429948791481,41.111756991844146,963.615,42.91817520768956,1049.4513504153792,877.7786495846209,788698.0
MANDU,2024-12-04,969.8,975.0,950.0,954.0,-1.13 %,12738.0,12264803.3,-0.011296507410094248,-0.011360797578051534,962.18,965.7149999999999,969.1845869366546,962.2434908746183,48.29187066774045,6.9410960620363085,10.047658802739111,39.96091720671242,965.7149999999999,41.255025531188224,1048.2250510623765,883.2049489376235,775960.0
MANDU,2024-12-05,950.1,960.0,920.0,920.4,-3.52 %,10395.0,9740544.6,-0.035220125786163514,-0.0358553132870757,951.0600000000001,966.335,961.6792658694769,959.143973032054,42.31790372070999,2.5352928374229577,8.545185609675881,39.96370883480439,966.335,40.42687062364706,1047.1887412472943,885.4812587527059,765565.0
MANDU,2024-12-08,922.0,937.0,895.0,900.0,-2.22 %,16811.0,15334313.7,-0.022164276401564487,-0.02241359483690001,939.0600000000001,966.335,952.1901480434035,954.7629379926425,39.15118647088499,-2.572789949238995,6.321590497892906,40.10915820374694,966.335,40.42687062364706,1047.1887412472943,885.4812587527059,748754.0
MANDU,2024-12-09,900.0,930.0,895.0,901.6,0.18 %,7992.0,7247173.2,0.001777777777777878,0.0017761994012558946,928.18,965.115,944.4070483444184,950.82494258578,39.533373006707976,-6.417894241361637,3.7736935500419975,39.74421833205073,965.115,42.04399043358029,1049.2029808671605,881.0270191328394,756746.0
MANDU,2024-12-10,915.0,926.0,885.0,890.0,-1.29 %,11935.0,10726491.9,-0.012866015971606082,-0.012949499999381072,913.2,962.865,936.0367332145079,946.3193912831296,37.68530481920876,-10.282658068621686,0.9624232263092609,39.833917022618536,962.865,44.85083200542649,1052.566664010853,873.1633359891471,744811.0
MANDU,2024-12-11,890.0,915.0,887.5,911.0,2.36 %,7148.0,6471456.3,0.02359550561797752,0.02332143453377279,904.6,962.3549999999999,932.1849281045836,943.7031400769719,42.89018639416622,-11.518211972388258,-1.5337038134302432,38.95292294957436,962.3549999999999,45.4041207844681,1053.1632415689362,871.5467584310637,751959.0
MANDU,2024-12-12,920.0,920.0,900.0,901.1,-1.09 %,5375.0,4905161.0,-0.010867178924259036,-0.010926658018966659,900.7400000000001,960.925,927.4026314731092,940.5473519231222,41.1454000628618,-13.144720450012983,-3.8559071407467913,37.59914273889048,960.925,46.91205517830861,1054.7491103566172,867.1008896433827,746584.0
MANDU,2024-12-16,905.0,905.0,875.0,880.0,-2.34 %,10620.0,9383776.1,-0.023415825102652388,-0.02369433176873956,896.7400000000001,958.075,920.1099189387846,936.0623628917798,37.63165995121945,-15.952443952995168,-6.275214503196467,37.05634682896974,958.075,50.067363831668516,1058.2097276633372,857.940272336663,735964.0
MANDU,2024-12-17,875.0,897.0,871.0,885.0,0.57 %,7733.0,6832516.4,0.005681818181818121,0.0056657375356773,893.4200000000001,950.925,914.7083929482025,932.2799656405368,38.96187472100006,-17.57157269233437,-8.534486141024047,36.26660776975761,950.925,49.76580812058382,1050.4566162411677,851.3933837588323,743697.0
MANDU,2024-12-18,900.0,905.0,882.1,882.1,-0.33 %,4130.0,3687921.5,-0.0032768361581920757,-0.0032822167432082516,891.8399999999999,943.7800000000001,909.6917171100175,928.5629311486452,38.44964753976264,-18.871214038627727,-10.601831720544784,35.31185007191778,943.7800000000001,48.82020289312958,1041.4204057862592,846.1395942137409,739567.0
MANDU,2024-12-19,890.0,892.0,872.0,872.0,-1.14 %,5810.0,5128141.0,-0.01144994898537588,-0.011516004355741695,884.04,935.0049999999999,903.8929914007841,924.3730843968938,36.64280801889543,-20.480092996109647,-12.577483975657756,34.21814649535223,935.0049999999999,44.80328318561643,1024.6115663712328,845.3984336287671,733757.0
MANDU,2024-12-22,872.0,889.4,872.0,875.5,0.40 %,3770.0,3314329.5,0.004013761467889898,0.004005727816926903,878.9200000000001,929.28,899.5248388775866,920.7528559230498,37.734761724471376,-21.22801704546316,-14.307590589618838,33.016850317112784,929.28,44.721496067621935,1018.7229921352439,839.8370078647561,737527.0
MANDU,2024-12-23,875.0,952.0,875.0,916.0,4.63 %,19589.0,18054464.4,0.04625928041119365,0.04522121294822377,886.1200000000001,926.5799999999999,902.0594790502655,920.4007925213424,48.743319889239594,-18.341313471076887,-15.114335165910449,36.15850386589044,926.5799999999999,43.75329882300011,1014.0865976460002,839.0734023539997,757116.0
MANDU,2024-12-24,921.0,939.0,905.0,917.0,0.11 %,9073.0,8333215.7,0.0010917030567685337,0.001091107582334557,892.5200000000001,923.43,904.35802073484,920.1488819642059,48.98316339997063,-15.790861229365873,-15.249640378601534,36.00432501832684,923.43,41.934975980991304,1007.2999519619825,839.5600480380174,766189.0
MANDU,2024-12-26,917.0,920.0,903.5,910.0,-0.76 %,4167.0,3804662.4,-0.007633587786259555,-0.007662872745569137,898.1,918.6299999999999,905.2260175448646,919.3971129298202,47.314181768749336,-14.171095384955606,-15.03393137987235,34.61115894558921,918.6299999999999,37.21492484983603,993.059849699672,844.2001503003278,762022.0
MANDU,2024-12-29,892.0,910.0,882.0,882.1,-3.07 %,6101.0,5441579.7,-0.030659340659340617,-0.031139171246174432,900.1200000000001,912.7349999999999,901.6681686918085,916.6343638239076,41.277370506792536,-14.966195132099074,-15.020384130317694,34.138933306618554,912.7349999999999,32.71278962826537,978.1605792565306,847.3094207434692,755921.0
MANDU,2024-12-31,882.0,887.0,871.0,879.0,-0.35 %,4993.0,4370721.2,-0.0035143407776896396,-0.0035205305795442884,900.82,907.8849999999999,898.1807581238379,913.8466331702848,40.656658537014394,-15.6658750464469,-15.149482313543535,32.84329521328866,907.8849999999999,29.90999260940597,967.7049852188118,848.065014781188,750928.0
MANDU,2025-01-01,881.0,893.0,871.0,873.0,-0.68 %,9912.0,8734646.3,-0.0068259385665528916,-0.006849341845574783,892.22,903.5349999999999,894.3067953355551,910.8209566391525,39.42105103694472,-16.51416130359746,-15.422418111554322,32.068774126625186,903.5349999999999,28.209820518468177,959.9546410369362,847.1153589630635,741016.0
MANDU,2025-01-02,874.3,918.9,874.3,898.0,2.86 %,9879.0,8810419.9,0.028636884306987298,0.0282345124625973,888.4200000000001,900.6349999999999,894.8749806685466,909.8712561473634,46.69087433189776,-14.996275478816756,-15.33718958500681,33.05671883186624,900.6349999999999,25.37087586397515,951.3767517279501,849.8932482720496,750895.0
MANDU,2025-01-05,910.0,914.8,891.0,904.0,0.67 %,3796.0,3440033.4,0.006681514476614803,0.006659292089976997,887.22,897.5899999999999,896.2788297964626,909.4363482845957,48.2946138524528,-13.157518488133178,-14.901255365632084,32.39552462959008,897.5899999999999,20.424234830735326,938.4384696614705,856.7415303385293,754691.0
MANDU,2025-01-06,900.0,921.5,900.0,914.0,1.11 %,7399.0,6748645.0,0.01106194690265494,0.011001211061973583,893.6,895.5899999999999,899.0051636739299,909.7743965598108,50.943494053466516,-10.76923288588091,-14.07485086968185,31.617272870333643,895.5899999999999,16.11314925603729,927.8162985120745,863.3637014879254,762090.0
MANDU,2025-01-07,932.2,932.2,900.0,912.0,-0.22 %,9418.0,8625151.0,-0.002188183807439792,-0.0021905813798185863,900.2,895.1699999999998,901.0043692625561,909.939256073899,50.38750775561046,-8.934886811342835,-13.046858058014047,31.65889623673839,895.1699999999998,15.531397741009657,926.2327954820191,864.1072045179806,752672.0
MANDU,2025-01-08,905.1,918.0,901.0,910.0,-0.22 %,5114.0,4654186.8,-0.002192982456140302,-0.002195390563435615,907.6,895.6699999999998,902.388312452932,909.9437556239805,49.80216763959101,-7.55544317104841,-11.94857508062092,30.611832219828507,895.6699999999998,15.852713531624685,927.3754270632492,863.9645729367505,747558.0
MANDU,2025-01-09,901.0,917.0,897.0,905.0,-0.55 %,11602.0,10542262.6,-0.005494505494505475,-0.0055096558109695845,909.0,895.8399999999999,902.7901105370963,909.5775515036856,48.29179721960869,-6.787440966589315,-10.9163482578146,29.85384420412647,895.8399999999999,15.937654849607906,927.7153096992157,863.9646903007841,735956.0
MANDU,2025-01-12,899.0,910.0,895.0,895.0,-1.10 %,3868.0,3485920.2,-0.011049723756906049,-0.011111225425070722,907.2,896.0899999999999,901.5916319929277,908.497732873783,45.33076615269091,-6.90610088085532,-10.114298782422743,28.792855332403153,896.0899999999999,15.880338721031881,927.8506774420637,864.3293225579362,732088.0
MANDU,2025-01-13,895.2,910.0,895.2,900.0,0.56 %,7693.0,6938670.9,0.005586592178770999,0.0055710450494554295,904.4,895.54,901.3467655324772,907.8682711794287,47.07803698898148,-6.521505646951482,-9.395740155328491,27.807651380088643,895.54,15.523238945799546,926.5864778915991,864.4935221084008,739781.0
MANDU,2025-01-15,887.0,927.9,887.0,912.0,1.33 %,6719.0,6163802.1,0.01333333333333342,0.013245226750020723,904.4,896.0849999999998,902.9857246813269,908.1743251661377,51.11615085458143,-5.188600484810763,-8.554312221224945,28.74281913865374,896.0849999999998,15.91511281108121,927.9152256221622,864.2547743778374,746500.0
MANDU,2025-01-16,901.0,922.9,901.0,912.0,0.00 %,9507.0,8693564.4,0.0,0.0,904.8,897.6849999999998,904.3725362688151,908.4577084871645,51.11615085423139,-4.085172218349385,-7.660484220649834,28.254046343035615,897.6849999999998,15.821180839553818,929.3273616791075,866.0426383208921,746500.0
MANDU,2025-01-19,919.0,969.0,910.0,968.0,6.14 %,19524.0,18461259.9,0.06140350877192979,0.0595920972022456,917.4,901.8349999999998,914.1613768428435,912.8682485992264,65.40348302360454,1.2931282436171614,-5.869761727796435,30.450185889961645,901.8349999999998,21.99847542564276,945.8319508512853,857.8380491487143,766024.0
MANDU,2025-01-20,974.1,1008.0,974.1,985.0,1.76 %,24003.0,23762088.5,0.017561983471074294,0.01740955389551178,935.4,906.9799999999999,925.0596265593291,918.2113412955799,68.42087300555686,6.848285263749176,-3.326152329487313,31.132315469250102,906.9799999999999,28.27706156103036,963.5341231220606,850.4258768779392,790027.0
MANDU,2025-01-21,985.3,993.0,955.0,959.0,-2.64 %,13323.0,12873271.0,-0.02639593908629445,-0.026750566288650697,947.2,911.3299999999999,930.2812224732785,921.2327234218333,59.82671501804637,9.04849905144522,-0.8512220533008064,31.62286436430367,911.3299999999999,29.286499494333068,969.902998988666,852.7570010113338,776704.0
MANDU,2025-01-22,960.0,979.0,956.0,967.0,0.83 %,11472.0,11059732.8,0.008342022940563076,0.008307420569856096,958.2,915.905,935.9302651696971,924.622892057253,61.43196813367404,11.307373112444111,1.5804969798481774,31.006945481139123,915.905,30.515767710273444,976.9365354205469,854.8734645794531,788176.0
MANDU,2025-01-23,965.0,985.0,940.0,966.0,-0.10 %,15210.0,14679518.0,-0.0010341261633919352,-0.0010346612407763304,969.0,918.405,940.556378220513,927.687863015975,61.10329402328109,12.868515204537971,3.8381006247861364,32.00644937534347,918.405,32.50710812956716,983.4192162591343,853.3907837408657,772966.0
MANDU,2025-01-26,966.0,1015.0,952.1,1007.0,4.24 %,27999.0,28123145.2,0.04244306418219468,0.041567058506044356,976.8,922.905,950.7784738788956,933.5628361259029,68.5360911851063,17.215637752992734,6.513608050427456,34.21313156281894,922.905,38.05787109957135,999.0207421991427,846.7892578008573,800965.0
MANDU,2025-01-27,1026.0,1027.0,971.5,976.0,-3.08 %,11003.0,10922615.6,-0.030784508440913627,-0.03126830630546983,975.0,926.2049999999999,954.6587086667579,936.7063297462064,59.30793786195786,17.952378920551496,8.801362224452264,35.73362216547473,926.2049999999999,39.70573967523976,1005.6164793504795,846.7935206495204,789962.0
MANDU,2025-01-28,977.0,994.0,977.0,990.0,1.43 %,8077.0,7983747.6,0.014344262295082011,0.014242356715543168,981.2,931.6,960.0958304103335,940.6540090242652,61.80890835221774,19.44182138606834,10.92945405677548,34.46693486794082,931.6,40.71518532181202,1013.0303706436241,850.1696293563759,798039.0
MANDU,2025-02-02,1000.0,1010.0,987.0,1002.0,1.21 %,17536.0,17536151.3,0.0121212121212122,0.012048338516174574,988.2,937.75,966.5426257318207,945.1981565039492,63.85928435428994,21.344469227871514,13.012457090994687,33.64786809165934,937.75,41.63105495711271,1021.0121099142254,854.4878900857746,815575.0
MANDU,2025-02-03,1015.0,1019.0,975.1,992.0,-1.00 %,12289.0,12174570.8,-0.009980039920159722,-0.010030174359937357,993.4,943.7,970.4591448500022,948.6649597258789,60.92391549688487,21.79418512412326,14.768802697620401,34.38016322796939,943.7,40.37469243813168,1024.4493848762634,862.9506151237367,803286.0
MANDU,2025-02-04,985.0,990.1,961.0,961.0,-3.13 %,6180.0,6019048.0,-0.03125,-0.0317486983145803,984.2,946.85,969.0038917961558,949.5786664128509,52.81856806635526,19.425225383304905,15.700087234757303,34.13872299740015,946.85,39.05768338725424,1024.9653667745085,868.7346332254915,797106.0
MANDU,2025-02-05,955.1,991.0,953.5,970.0,0.94 %,9558.0,9351431.7,0.009365244536940764,0.009321662527136091,983.0,950.15,969.1571392121318,951.0913577896767,54.7027430384578,18.065781422455075,16.17322607229686,34.37881421187157,950.15,38.02115062352657,1026.1923012470531,874.1076987529468,806664.0
MANDU,2025-02-06,988.0,988.0,966.5,978.0,0.82 %,9155.0,8919744.0,0.008247422680412342,0.0082135985373888,980.6,953.35,970.5175793333423,953.084590545997,56.37061003430614,17.432988787345266,16.425178615306542,33.4588989110236,953.35,37.508279787690036,1028.36655957538,878.33344042462,815819.0
MANDU,2025-02-09,996.0,996.0,968.5,970.0,-0.82 %,9655.0,9447959.2,-0.008179959100204526,-0.008213598537388856,974.2,956.25,970.4379517435973,954.3375838388861,54.220609394223224,16.10036790471122,16.360216473187478,33.033263274521914,956.25,36.36782123048746,1028.985642460975,883.5143575390251,806164.0
MANDU,2025-02-10,980.7,980.7,948.0,951.0,-1.96 %,12901.0,12347696.3,-0.019587628865979423,-0.019782008952038244,966.0,958.3,967.4474976291976,954.090355406376,49.40142414632157,13.357142222821608,15.759601623114305,33.00945875491321,958.3,34.742814478605546,1027.785628957211,888.8143710427888,793263.0
MANDU,2025-02-11,951.0,985.0,951.0,978.0,2.84 %,12623.0,12256398.4,0.028391167192429068,0.027995607489427074,969.4,961.95,969.070959532398,955.861440191089,55.45980028059739,13.209519341309033,15.249585166753251,33.08021170099084,961.95,32.61816574919837,1027.1863314983968,896.7136685016033,805886.0
MANDU,2025-02-12,985.0,1008.0,980.1,989.0,1.12 %,18904.0,18833638.5,0.011247443762781195,0.011184661587894789,973.2,966.65,972.1369657581829,958.3161483250824,57.68284406138833,13.820817433100501,14.963831620022702,32.86019657949149,966.65,29.039492166069962,1024.7289843321398,908.57101566786,824790.0
MANDU,2025-02-13,1008.7,1008.7,965.4,972.0,-1.72 %,11236.0,11057263.0,-0.01718907987866536,-0.01733852716227308,972.0,970.25,972.1158941030778,959.3297669676689,53.258718090823095,12.786127135408947,14.528290723099952,33.60589682381354,970.25,24.440852341069892,1019.1317046821398,921.3682953178602,813554.0
MANDU,2025-02-16,972.0,985.0,953.0,972.0,0.00 %,9614.0,9359305.0,0.0,0.0,972.4,973.25,972.0980642410659,960.2683027478415,53.25871809056432,11.829761493224396,13.988584877124842,33.49118990782686,973.25,20.235130993296817,1013.7202619865936,932.7797380134064,813554.0
MANDU,2025-02-17,985.0,1011.0,960.1,960.5,-1.18 %,10434.0,10155610.5,-0.011831275720164625,-0.011901822251827752,974.3,975.675,970.3137466655173,960.2854655072607,50.23589159971202,10.028281158256618,13.196524133351199,34.734676342982084,975.675,14.641572931035546,1004.9581458620711,946.3918541379288,803120.0
MANDU,2025-02-18,979.7,979.7,960.0,961.0,0.05 %,10940.0,10563630.3,0.0005205622071837723,0.0005204267616811663,970.9,975.325,968.88086256313,960.3383939882044,50.36779104271152,8.542468574925579,12.265713021666075,33.66077088991194,975.325,14.915794348700539,1005.1565886974012,945.4934113025989,814060.0
MANDU,2025-02-20,961.0,975.0,956.0,963.0,0.21 %,9337.0,9031508.9,0.0020811654526535772,0.0020790028278331553,965.7,974.225,967.9761144764947,960.5355499890782,50.92807030214422,7.440564487416509,11.300683314816162,32.61357296920394,974.225,14.975835799541546,1004.1766715990831,944.273328400917,823397.0
MANDU,2025-02-23,944.0,962.0,943.8,954.0,-0.93 %,12011.0,11469333.0,-0.009345794392523366,-0.009389740349839032,962.1,973.975,965.8259430185724,960.0514351750724,48.28649023928795,5.774507843500032,10.195448220552937,31.655460614260807,973.975,15.281976828590158,1004.5389536571803,943.4110463428198,811386.0
MANDU,2025-02-24,973.0,973.0,949.0,949.0,-0.52 %,12848.0,12269716.5,-0.00524109014675056,-0.005254872838358697,957.5,973.075,963.2373364003305,959.2328103472893,46.83313439823967,4.004526053041218,8.957263787050593,31.108641998956465,973.075,16.215875100137183,1005.5067502002744,940.6432497997257,798538.0
MANDU,2025-02-25,955.0,959.9,941.1,948.0,-0.11 %,7330.0,6954473.6,-0.0010537407797681642,-0.0010542963549060478,955.0,972.175,960.8931308002796,958.4007503215641,46.53148123897689,2.492380478715404,7.664287125383556,30.229453284745286,972.175,17.104381556231203,1006.3837631124624,937.9662368875375,791208.0
MANDU,2025-02-27,950.0,960.0,941.2,958.0,1.05 %,12321.0,11736524.1,0.010548523206751037,0.010493275715838723,954.4,969.725,960.4480337540826,958.3710651125593,49.99974079840993,2.076968641523308,6.546823428611507,29.413063764406335,969.725,15.263884964536766,1000.2527699290736,939.1972300709265,803529.0
MANDU,2025-03-02,960.0,1000.0,960.0,990.1,3.35 %,14162.0,13957608.4,0.03350730688935277,0.03295817015760838,959.8199999999999,970.4300000000001,965.009874714993,960.7213565857031,59.15795219641998,4.288518129289855,6.095162368747177,30.31213063837731,970.4300000000001,15.882068670776,1002.194137341552,938.6658626584481,817691.0
MANDU,2025-03-03,991.0,1001.9,976.0,976.0,-1.42 %,11354.0,11183072.3,-0.014240985759014224,-0.014343361715376465,964.2199999999999,969.7300000000001,966.7006632203787,961.8531079497251,54.44098209840449,4.847555270653629,5.845640949128468,29.996978449921787,969.7300000000001,15.270890781589763,1000.2717815631796,939.1882184368206,806337.0
MANDU,2025-03-04,969.0,980.0,966.0,966.1,-1.01 %,7787.0,7565439.3,-0.010143442622950749,-0.01019523788962851,967.64,967.9350000000001,966.6082534941667,962.1676925460417,51.34533296607032,4.440560948124926,5.56462494892776,28.85433713207023,967.9350000000001,13.254960342614838,994.4449206852297,941.4250793147704,798550.0
MANDU,2025-03-05,966.1,966.1,952.1,957.0,-0.94 %,4659.0,4455804.0,-0.00941931477072766,-0.009463957070509633,969.4399999999999,966.1850000000001,965.1300606489103,961.7849005055942,48.609212311855714,3.345160143316093,5.120731987805427,27.793313051208074,966.1850000000001,12.177169103223422,990.5393382064469,941.8306617935532,793891.0
MANDU,2025-03-06,947.1,990.0,947.1,963.0,0.63 %,6592.0,6331714.2,0.006269592476489061,0.006250020345171326,970.4399999999999,966.2850000000001,964.8023590106164,961.8749078755502,50.48284517042364,2.927451135066235,4.682075817257589,28.872362118978927,966.2850000000001,12.140505278658335,990.5660105573168,942.0039894426834,800483.0
MANDU,2025-03-09,964.0,970.0,948.0,950.0,-1.35 %,7110.0,6792133.4,-0.01349948078920038,-0.013591427203539001,962.4200000000001,965.2850000000001,962.5250730089832,960.9952850699539,46.524969879512525,1.5297879390293474,4.051618241611941,28.381479110480434,965.2850000000001,12.632134253147802,990.5492685062957,940.0207314937045,793373.0
MANDU,2025-03-10,947.0,965.7,936.0,941.0,-0.95 %,10332.0,9777391.6,-0.0094736842105263,-0.00951884500920687,955.4200000000001,963.4350000000001,959.2135233152935,959.5141528425498,43.95565753194873,-0.3006295272563193,3.1811686878382885,28.47565917401755,963.4350000000001,13.36036065539317,990.1557213107864,936.7142786892138,783041.0
MANDU,2025-03-11,945.0,945.0,923.0,926.8,-1.51 %,6799.0,6311216.5,-0.015090329436769467,-0.015205347027158568,947.5600000000001,961.275,954.226827420633,957.0908822616202,40.18493487474793,-2.864054840987251,1.9721239820731808,28.013112090159158,961.275,15.554991583345947,992.3849831666919,930.1650168333081,776242.0
MANDU,2025-03-12,927.0,930.0,917.0,917.1,-1.05 %,4173.0,3844528.5,-0.010466119982736277,-0.010521274993322609,939.5799999999999,959.5800000000002,948.5150078174587,954.1285946866853,37.79951873609442,-5.613586869226651,0.4549818118132145,26.940746940862073,959.5800000000002,18.332588182625756,996.2451763652516,922.9148236347487,772069.0
MANDU,2025-03-16,917.0,920.0,901.3,906.0,-1.21 %,6107.0,5550427.5,-0.012103369316323165,-0.012177211521919154,928.18,955.9800000000001,941.9742373840035,950.5635135987827,35.22283497599288,-8.589276214779261,-1.3538697935052806,26.35212215937193,955.9800000000001,21.346652640342164,998.6733052806844,913.2866947193158,765962.0
MANDU,2025-03-17,920.0,920.0,900.7,906.0,0.00 %,2807.0,2544806.0,0.0,0.0,919.3799999999999,951.8300000000002,936.439739324926,947.2625125914655,35.22283497575992,-10.822773266539457,-3.247650488112116,25.84839914798822,951.8300000000002,22.61943970640365,997.0688794128074,906.5911205871929,765962.0
MANDU,2025-03-18,906.0,933.0,900.0,919.7,1.51 %,4297.0,3906047.0,0.015121412803531964,0.015008223865672543,915.1200000000001,949.2150000000001,933.8643948133989,945.2208449920977,40.981598527276724,-11.356450178698765,-4.869410426229447,26.35922778027478,949.2150000000001,23.181078377350957,995.5771567547021,902.8528432452982,770259.0
MANDU,2025-03-19,907.0,915.0,906.0,909.0,-1.16 %,2661.0,2419038.0,-0.01163422855278895,-0.011702435731173081,911.5600000000001,946.0650000000002,930.0391033036453,942.5378194371275,38.13040545365442,-12.498716133482162,-6.39527156767999,25.454997224540868,946.0650000000002,24.180816123966803,994.4266322479338,897.7033677520666,767598.0
MANDU,2025-03-20,909.0,911.0,900.0,903.32,-0.62 %,3529.0,3191424.2,-0.0062486248624862295,-0.006268229228375448,908.8040000000001,943.2060000000001,925.9284720261614,939.632795775118,36.671860179665366,-13.70432374895654,-7.857082003935301,24.42249742278795,943.2060000000001,25.715870258615194,994.6377405172306,891.7742594827697,764069.0
MANDU,2025-03-23,906.0,906.0,885.1,887.63,-1.74 %,7790.0,6955820.9,-0.0173692600628792,-0.01752187545327576,905.1299999999999,939.5375,920.036399406752,935.7807368288129,32.92526274341378,-15.74433742206088,-9.434533087560418,24.17089046401738,939.5375,28.160929611413316,995.8593592228267,883.2156407771733,756279.0
MANDU,2025-03-24,887.0,914.9,871.1,891.99,0.49 %,4261.0,3798520.3,0.004911956558475872,0.004899932259008754,902.3280000000001,935.9870000000001,915.7215687287902,932.5369785451971,34.91516670788285,-16.81540981640694,-10.910708433329724,25.572969716587565,935.9870000000001,29.492082809138356,994.9711656182768,877.0028343817233,760540.0
MANDU,2025-03-25,877.0,894.2,860.0,863.23,-3.22 %,8451.0,7364841.1,-0.03224251392952837,-0.03277375401260755,891.034,931.4485000000001,907.6459427705148,927.4031282825899,28.837720295294474,-19.757185512075125,-12.680003849078805,26.189186165402745,931.4485000000001,33.31115606946454,998.0708121389291,864.826187861071,752089.0
MANDU,2025-03-26,865.0,879.8,863.0,875.83,1.46 %,1596.0,1387874.6,0.0145963416470698,0.014490840434381504,884.4,927.7900000000002,902.7511823442818,923.5828965579537,34.23836913943214,-20.831714213671944,-14.310345921997433,25.518530010731116,927.7900000000002,35.24403585229565,998.2780717045915,857.3019282954089,753685.0
MANDU,2025-03-27,882.5,899.0,876.2,884.17,0.95 %,6132.0,5432541.6,0.009522395898747371,0.009477343664586706,880.57,924.5985000000001,899.8925389067,920.6634227388461,37.613325139629694,-20.77088383214607,-15.60245350402716,25.350777867107464,924.5985000000001,36.19482810902832,996.9881562180567,852.2088437819434,759817.0
MANDU,2025-03-30,895.0,908.0,883.0,884.82,0.07 %,6404.0,5717190.5,0.0007351527421197712,0.0007348826497073269,880.008,920.9395000000001,897.5736867672077,918.0083543878204,37.88090452543215,-20.434667620612686,-16.568896327344266,25.325722305171215,920.9395000000001,36.33915482535397,993.6178096507081,848.2611903492921,766221.0
MANDU,2025-04-01,885.0,890.0,870.0,882.32,-0.28 %,2964.0,2614925.9,-0.0028254334214868893,-0.002829432493013029,878.074,915.5504999999999,895.2269657260988,915.3647725813152,37.219686236580586,-20.137806855216354,-17.282678432918686,24.945313569087556,915.5504999999999,33.41730870057399,982.3851174011479,848.715882598852,763257.0
MANDU,2025-04-02,888.0,900.0,885.0,897.27,1.69 %,2612.0,2325927.2,0.016943965908060576,0.01680201811296812,884.882,911.6139999999999,895.5412786913143,914.0244190567732,43.563763042008596,-18.483140365458894,-17.52277081942673,24.426362599867016,911.6139999999999,30.42482355611993,972.4636471122398,850.7643528877601,765869.0
MANDU,2025-04-03,898.0,905.0,883.6,886.21,-1.23 %,8255.0,7392153.0,-0.01232627860064417,-0.012402877274628939,886.958,907.6195,894.105697354189,911.9640917192345,40.31782197250666,-17.858394365045456,-17.589895528550475,24.21019384273366,907.6195,28.046245921034217,963.7119918420684,851.5270081579316,757614.0
MANDU,2025-04-07,880.0,880.0,875.0,877.05,-1.03 %,2252.0,1975252.0,-0.010336150573791891,-0.010389939546441561,885.534,903.6220000000001,891.481743915083,909.3778627029949,37.80539170883112,-17.89611878791186,-17.651140180422754,23.281608568252686,903.6220000000001,26.279576540687614,956.1811530813753,851.0628469186248,755362.0
MANDU,2025-04-08,862.1,874.9,862.1,872.51,-0.52 %,2213.0,1921562.5,-0.005176443760332883,-0.0051898879608357484,883.0719999999999,899.0975000000001,888.5630140819933,906.6469099101805,36.58840592651007,-18.083895828187224,-17.73769130997565,22.68649367052035,899.0975000000001,23.11811134951074,945.3337226990216,852.8612773009786,753149.0
MANDU,2025-04-09,872.0,885.0,870.1,874.9,0.27 %,3071.0,2685055.8,0.0027392236192134156,0.002735478783265339,881.588,895.3425000000001,886.4610119155328,904.2952869538708,37.724914782085236,-17.834275038337978,-17.757008055648114,22.130315551197466,895.3425000000001,20.348216493679097,936.0389329873583,854.6460670126419,756220.0
MANDU,2025-04-10,880.0,887.0,879.0,880.55,0.65 %,1802.0,1587723.6,0.00645788090067434,0.006437118128875357,878.2439999999999,892.32,885.5516254669893,902.5363768091396,40.4424561428076,-16.984751342150275,-17.602556712948548,21.41386444039765,892.32,17.499547362565743,927.3190947251315,857.3209052748686,758022.0
MANDU,2025-04-13,880.0,880.0,872.0,876.93,-0.41 %,2114.0,1849900.0,-0.004111066946794639,-0.004119540614365332,876.3879999999999,889.8265000000001,884.2252215489909,900.6396081566107,39.26033855522576,-16.414386607619804,-17.3649226918828,20.495016980369243,889.8265000000001,15.798200855258777,921.4229017105176,858.2300982894826,755908.0
MANDU,2025-04-15,872.0,894.4,872.0,892.12,1.73 %,2490.0,2216190.4,0.017321793073563407,0.01717348105302813,879.402,888.5775,885.4398028491461,900.0085260709359,46.34713501860155,-14.56872322178981,-16.8056827978642,20.631087196057152,888.5775,14.459191531229589,917.4958830624591,859.6591169375408,758398.0
MANDU,2025-04-16,900.0,909.0,883.0,908.8,1.87 %,4773.0,4303573.0,0.018697036273147116,0.018524395287129805,886.6599999999999,888.7175,889.0336793338929,900.6597463619777,52.85233612748236,-11.626067028084776,-15.769759643908316,21.014580967767355,888.7175,14.64907069982122,918.0156413996424,859.4193586003576,763171.0
MANDU,2025-04-17,923.0,923.0,908.1,913.83,0.55 %,5392.0,4933971.6,0.005534771126760596,0.005519510564299648,894.4460000000001,889.109,892.8484978979094,901.6353207055349,54.638462559812886,-8.786822807625526,-14.373172276651758,20.5778251843554,889.109,15.228431823054327,919.5658636461087,858.6521363538914,768563.0
MANDU,2025-04-20,931.0,932.0,893.0,895.88,-1.96 %,3947.0,3582263.0,-0.019642603109987666,-0.019838083096916606,897.512,887.9179999999999,893.3148828366925,901.2090006532732,47.694582347575455,-7.8941178165806605,-13.077361384637538,21.893694814044302,887.9179999999999,13.548868898214009,915.0157377964279,860.8202622035719,764616.0
MANDU,2025-04-21,895.88,913.7,893.1,894.91,-0.11 %,2387.0,2143978.6,-0.0010827342947716811,-0.0010833208749934588,901.108,887.2134999999998,893.5602854772013,900.74240801229,47.34442394554879,-7.182122535088638,-11.898313614727758,21.801288041612565,887.2134999999998,12.736966620202304,912.6874332404044,861.7395667595953,762229.0
MANDU,2025-04-22,912.0,912.0,880.0,883.08,-1.32 %,5590.0,4950651.4,-0.013219206400643557,-0.013307357832768525,899.3,886.2014999999999,891.9479338653241,899.4340814928611,43.18069173539063,-7.48614762753698,-11.015880417289603,22.529767467211666,886.2014999999999,12.18186671158747,910.5652334231748,861.837766576825,756639.0
MANDU,2025-04-23,882.0,890.0,873.1,880.42,-0.30 %,3925.0,3454879.0,-0.00301218462653452,-0.003016730385385037,893.624,885.841,890.1744055783512,898.0256310119083,42.280295759096596,-7.851225433557147,-10.382949420543111,22.127641219553688,885.841,12.243893386627184,910.3287867732544,861.3532132267457,752714.0
MANDU,2025-04-24,880.0,887.9,876.0,879.62,-0.09 %,1880.0,1652987.5,-0.0009086572317756891,-0.000909070311008697,886.7819999999999,885.2225000000001,888.5506508739894,896.6622509369522,41.99666599829318,-8.111600062962793,-9.928679549027049,21.397095418156994,885.2225000000001,12.229355052492915,909.6812101049859,860.7637898950143,750834.0
MANDU,2025-04-27,863.0,890.0,863.0,883.57,0.45 %,6594.0,5793491.4,0.004490575475773584,0.0044805229249789144,884.32,886.2395,887.7843968933756,895.692454571252,43.99439718548391,-7.9080576778764,-9.52455517479692,21.797302888288637,886.2395,11.097558515274232,908.4346170305485,864.0443829694516,757428.0
MANDU,2025-04-28,880.0,882.7,867.1,876.0,-0.86 %,2316.0,2021925.9,-0.00856751587310578,-0.00860442801870187,880.5380000000001,886.2479999999999,885.9714127559332,894.2337542326408,41.07467396061421,-8.262341476707547,-9.272112435179046,21.416781253410882,886.2479999999999,11.089227869278266,908.4264557385565,864.0695442614434,755112.0
MANDU,2025-04-29,871.0,885.0,870.0,873.01,-0.34 %,4484.0,3920296.0,-0.0034132420091324,-0.0034190804086716097,878.524,885.6899999999999,883.9773492550204,892.6616242894821,39.946987568437834,-8.684275034461734,-9.154544955035584,20.958439735310108,885.6899999999999,11.473419625145404,908.6368392502908,862.7431607497091,750628.0
MANDU,2025-04-30,864.0,879.8,864.0,875.6,0.30 %,4795.0,4173777.8,0.0029667472308450016,0.002962355120988059,877.5600000000001,885.229,882.6885262927096,891.397800268039,41.446601885525624,-8.709273975329324,-9.065490759094333,20.58997975421653,885.229,11.693337239189152,908.6156744783783,861.8423255216218,755423.0
MANDU,2025-05-04,880.0,889.0,876.0,876.88,0.15 %,4045.0,3564119.0,0.0014618547281863847,0.0014607872587600748,877.0120000000001,884.957,881.7949068630619,890.3224076555916,42.2145958799866,-8.527500792529736,-8.957892765781414,20.07640977177249,884.957,11.827070687730128,908.6111413754602,861.3028586245398,759468.0
MANDU,2025-05-05,869.0,875.0,868.1,870.11,-0.77 %,2976.0,2590021.5,-0.00772055469391475,-0.007750512469685499,874.32,883.5989999999999,879.9972288841293,888.825192273696,39.28004855033392,-8.827963389566662,-8.931906890538464,19.269523359503022,883.5989999999999,11.897926798614733,907.3948535972294,859.8031464027705,756492.0
MANDU,2025-05-06,870.0,887.5,870.0,879.64,1.10 %,4940.0,4332237.5,0.01095263817218517,0.010893092424864735,875.048,883.2705,879.9422705942633,888.1448076608297,45.06881906712961,-8.202537066566379,-8.786032925744047,19.143128833824235,883.2705,11.912732452028594,907.0959649040572,859.4450350959428,761432.0
MANDU,2025-05-07,890.0,895.0,875.0,891.03,1.29 %,3883.0,3435580.3,0.012948478923195728,0.012865364075009253,878.652,883.9694999999999,881.6480751182228,888.3585256118794,51.072571989307896,-6.7104504936565945,-8.370916439326557,19.204333917122504,883.9694999999999,11.93864555263749,907.8467911052749,860.092208894725,765315.0
MANDU,2025-05-08,875.6,897.0,875.6,885.18,-0.66 %,5120.0,4549217.5,-0.006565435507221995,-0.0065870827801259415,880.568,884.6030000000001,882.1914481769577,888.1230792702587,48.16107166455826,-5.931631093301007,-7.883059370121447,19.361167208756612,884.6030000000001,11.630750122884836,907.8645002457697,861.3414997542304,760195.0
MANDU,2025-05-11,889.9,900.0,875.1,879.95,-0.59 %,4946.0,4396045.8,-0.0059084028107276865,-0.005925926481310545,881.182,884.8554999999999,881.8466099958872,887.5176659909803,45.655248986255074,-5.67105599509307,-7.440658695115772,19.756798122416853,884.8554999999999,11.462615883587402,907.7807317671746,861.9302682328251,755249.0
MANDU,2025-05-13,894.5,896.0,870.0,871.18,-1.00 %,8047.0,7095747.7,-0.009966475367918726,-0.010016473162120287,881.3960000000001,884.387,880.205593073443,886.3074685101669,41.73398041128748,-6.101875436723958,-7.17290204343741,20.202741113672793,884.387,11.83334232270192,908.0536846454038,860.7203153545961,747202.0
MANDU,2025-05-14,857.0,872.1,857.0,869.24,-0.22 %,3292.0,2854268.0,-0.002226864712229326,-0.002229347862564094,879.316,884.0024999999999,878.5185787544517,885.043211583488,40.8971910052405,-6.52463282903625,-7.043248200557178,19.838259605553308,884.0024999999999,12.207417449624867,908.4173348992497,859.5876651007502,743910.0
MANDU,2025-05-15,864.0,870.0,863.0,863.59,-0.65 %,4232.0,3661087.0,-0.006499930974184331,-0.0065211475128490355,873.8280000000001,882.576,876.22187433069,883.4540847995258,38.477475345593646,-7.232210468835888,-7.08104065421292,18.9212410622995,882.576,12.858497251968325,908.2929945039367,856.8590054960633,739678.0
MANDU,2025-05-18,859.1,860.0,851.0,851.37,-1.42 %,4133.0,3525054.5,-0.014150233328315553,-0.014251302447187617,867.066,879.7045,872.3985090490454,881.0774859254869,33.81715882787768,-8.678976876441538,-7.400627898658644,18.46900955784954,879.7045,13.104206024259561,905.9129120485192,853.496087951481,735545.0
MANDU,2025-05-19,848.1,863.0,847.0,852.6,0.14 %,4596.0,3923463.2,0.001444730258289617,0.0014436876396110366,861.5959999999999,876.643,869.3525845799616,878.968042523599,34.67480499075195,-9.615457943637466,-7.843593907654409,18.292651732288856,876.643,11.79949289721801,900.241985794436,853.044014205564,740141.0
MANDU,2025-05-20,850.0,875.0,850.0,868.01,1.81 %,1999.0,1722812.5,0.018074126202205054,0.017912731000204254,860.9620000000001,875.2495000000001,869.1460331061213,878.1563356699991,44.396596980370354,-9.010302563877758,-8.07693563889908,18.771748037125366,875.2495000000001,11.028580800520132,897.3066616010403,853.1923383989599,742140.0
MANDU,2025-05-21,885.3,921.0,860.1,863.87,-0.48 %,5416.0,4720375.8,-0.00476953030495042,-0.004780940810908721,859.8879999999999,873.6975,868.3343357051796,877.0980885833325,42.563905075490865,-8.7637528781529,-8.214299086749845,21.78090889161641,873.6975,10.274511065325372,894.2465221306508,853.1484778693492,736724.0
MANDU,2025-05-22,864.0,885.0,860.0,862.91,-0.11 %,2801.0,2427707.0,-0.0011112783173394813,-0.0011118962449242133,859.7520000000001,872.689,867.4998225197673,876.0471190586411,42.12961208985652,-8.547296538873752,-8.280898577174627,22.010843970786667,872.689,10.294974195408328,893.2789483908166,852.0990516091833,733923.0
MANDU,2025-05-25,856.0,870.0,856.0,861.08,-0.21 %,3142.0,2703715.3,-0.0021207310148219083,-0.002122982949235266,861.6940000000001,871.7220000000001,866.5121575167262,874.9384435728159,41.26526041262629,-8.42628605608968,-8.309976072957637,21.43864083001619,871.7220000000001,10.437891801655596,892.5977836033113,850.8462163966889,730781.0
MANDU,2025-05-26,865.0,885.3,861.0,869.45,0.97 %,2826.0,2460551.4,0.009720351186881526,0.009673412501831787,865.064,871.2135000000001,866.9641332833837,874.5318921970518,46.65599205791069,-7.567758913668058,-8.161532641099722,21.643023627872175,871.2135000000001,10.279397522275463,891.772295044551,850.6547049554491,733607.0
MANDU,2025-05-27,869.0,878.8,865.0,867.43,-0.23 %,2134.0,1853708.6,-0.002323307838288713,-0.0023260109054607948,864.948,870.4064999999998,867.0358050859401,874.0058261083813,45.568984384775526,-6.970021022441188,-7.923230317368016,21.082807654452733,870.4064999999998,9.884227347803503,890.1749546956069,850.6380453043928,731473.0
MANDU,2025-05-28,856.0,865.0,856.0,864.82,-0.30 %,3207.0,2755599.1,-0.003008888325282566,-0.003013424130532247,865.1379999999999,869.8475000000001,866.6949119957955,873.3253945447974,44.13807417395854,-6.630482549001954,-7.664680763694804,20.39332139342039,869.8475000000001,9.867365603203126,889.5822312064063,850.1127687935939,728266.0
MANDU,2025-06-02,864.0,866.0,856.2,856.84,-0.92 %,2740.0,2354338.1,-0.00922735366897165,-0.009270189407469487,863.924,869.0390000000001,865.17877168875,872.1042542081457,40.00214251981787,-6.9254825193957,-7.516841114834984,19.636655579604643,869.0390000000001,10.249655655315348,889.5383113106308,848.5396886893694,725526.0
MANDU,2025-06-03,873.9,873.9,856.0,857.07,0.03 %,3140.0,2695158.0,0.00026842817795613705,0.0002683921575585589,863.1220000000001,868.1125,863.9312683520192,870.9906057482831,40.17614042847985,-7.059337396263913,-7.42534037112077,19.512608752490024,868.1125,10.460692276070523,889.033884552141,847.1911154478589,728666.0
MANDU,2025-06-04,851.1,864.9,851.0,854.67,-0.28 %,1560.0,1331029.0,-0.002800238020231771,-0.0028041660213224593,860.1659999999999,867.0020000000001,862.5064578363239,869.781671989151,38.90814722021775,-7.275214152827175,-7.395315127462051,19.111708127312163,867.0020000000001,10.65799210871243,888.317984217425,845.6860157825752,727106.0
MANDU,2025-06-05,845.0,860.0,845.0,846.91,-0.91 %,2823.0,2399189.0,-0.009079527770952556,-0.009120997893497133,856.0620000000001,865.842,860.1070027845817,868.0874740640288,35.05565346123571,-7.9804712794471016,-7.5123463578590615,18.81801468964701,865.842,11.528865192701305,888.8997303854026,842.7842696145974,724283.0
MANDU,2025-06-08,844.0,855.0,836.0,843.68,-0.38 %,2246.0,1895604.5,-0.0038138645192523635,-0.0038211558451948817,851.8340000000001,864.0440000000001,857.5797715869537,866.2795130222489,33.56586462171664,-8.69974143529521,-7.749825373346292,18.831013640386512,864.0440000000001,12.055776689157987,888.1555533783161,839.9324466216841,722037.0
MANDU,2025-06-09,840.1,867.8,840.1,862.66,2.25 %,3860.0,3280430.3,0.022496681206144453,0.02224736316539035,852.9979999999999,862.6254999999999,858.3613451889609,866.0114009465268,47.64569485501189,-7.650055757565951,-7.729871450190225,19.464512666073187,862.6254999999999,10.24674966436215,883.1189993287242,842.1320006712756,725897.0
MANDU,2025-06-10,855.2,865.0,855.0,858.37,-0.50 %,1443.0,1239023.1,-0.004972990517701059,-0.004985396983628139,853.258,861.2850000000001,858.3626766983515,865.445371246784,45.30831237292496,-7.082694548432528,-7.600436069838686,18.78847604706796,861.2850000000001,8.791104056158643,878.8672081123174,843.7027918876828,724454.0
MANDU,2025-06-11,845.2,894.0,845.2,871.31,1.51 %,4326.0,3719969.5,0.015075084171161546,0.014962584310636864,856.586,860.8529999999998,860.3545725909128,865.8797881914667,52.82579416500587,-5.525215600553906,-7.18539197598173,20.932156329420245,860.8529999999998,8.002541109573793,876.8580822191474,844.8479177808523,728780.0
MANDU,2025-06-12,870.0,876.0,861.4,861.87,-1.08 %,2322.0,2020593.8,-0.010834261055192695,-0.01089337904911386,859.5780000000001,860.3875,860.587715269234,865.5827668439506,47.677247681780685,-4.995051574716626,-6.7473238957287105,20.479859448747373,860.3875,7.63243140882496,875.65236281765,845.1226371823501,726458.0
MANDU,2025-06-15,859.0,869.0,856.0,857.07,-0.56 %,2165.0,1868899.3,-0.005569285391068157,-0.005584851683270802,862.256,859.7789999999999,860.0465283047364,864.9521915221765,45.261658936351154,-4.905663217440065,-6.378991760070981,19.945583773836844,859.7789999999999,7.37013811195991,874.5192762239197,845.03872377608,724293.0
MANDU,2025-06-16,842.0,873.0,842.0,858.06,0.12 %,2217.0,1902514.5,0.001155098183345471,0.001154431570724856,861.336,859.5024999999999,859.7409085655461,864.44165881683,45.870805814811455,-4.700750251283921,-6.04334345831357,20.7351849328485,859.5024999999999,7.323221806791645,874.1489436135832,844.8560563864166,726510.0
MANDU,2025-06-17,843.0,860.0,843.0,853.53,-0.53 %,2505.0,2137932.0,-0.005279351094329088,-0.0052933361112431025,860.368,859.6105,858.7853841708466,863.6333877933611,43.486132625099934,-4.848003622514511,-5.804275491153758,20.46838600907361,859.6105,7.212058232381269,874.0346164647625,845.1863835352375,724005.0
MANDU,2025-06-18,850.0,883.0,850.0,872.23,2.19 %,10080.0,8782122.6,0.021909013157124013,0.021672459596273147,860.552,860.592,860.8537866061009,864.2701738827417,54.09522935609681,-3.416387276640762,-5.326697848251159,21.36350129413978,860.592,7.536227312465774,875.6644546249315,845.5195453750684,734085.0
MANDU,2025-06-19,889.0,890.0,848.8,869.3,-0.34 %,7092.0,6159250.4,-0.0033592057140892084,-0.0033648605129103794,862.0380000000001,860.6565,862.1532040513162,864.6427535951311,52.43430596121589,-2.4895495438149737,-4.759268187363922,22.780394058844085,860.6565,7.608233265413505,875.8729665308271,845.440033469173,726993.0
MANDU,2025-06-22,869.0,869.0,852.3,860.51,-1.01 %,2520.0,2164911.7,-0.010111584033130061,-0.010163053350455644,862.726,860.4885,861.9004034280367,864.3366236991956,47.702393076037666,-2.436220271158845,-4.294658604122907,22.36750876892665,860.4885,7.570543521466476,875.629587042933,845.347412957067,724473.0
MANDU,2025-06-23,851.0,862.0,847.3,852.6,-0.92 %,4790.0,4087712.5,-0.009192223216464623,-0.009234732403452977,861.634,859.973,860.4695721314157,863.4672441659218,43.86601263704142,-2.997672034506081,-4.035261290199542,21.81982957114618,859.973,7.7459647219423164,875.4649294438846,844.4810705561154,719683.0
MANDU,2025-06-24,848.0,858.0,848.0,852.57,-0.00 %,3028.0,2580395.0,-3.518648838840566e-05,-3.518710744740993e-05,861.442,859.5475,859.2542533419671,862.660040894372,43.851608193181136,-3.4057875524048313,-3.9093665426406,20.975556030350024,859.5475,7.9138698198925175,875.375239639785,843.719760360215,716655.0
MANDU,2025-06-25,845.0,861.8,845.0,855.88,0.39 %,3198.0,2728807.8,0.0038823791594824186,0.0038748621750875484,858.1719999999999,858.869,858.7351374432029,862.157815642937,45.960111040002964,-3.4226781997340368,-3.8120288740592874,20.67730202818216,858.869,7.595501369397551,874.0600027387951,843.677997261205,719853.0
MANDU,2025-06-26,845.9,860.0,845.9,849.75,-0.72 %,1756.0,1490296.5,-0.007162219002663894,-0.007187990822524708,854.2620000000001,857.985,857.352808605787,861.2387181879046,42.75775971085112,-3.8859095821176197,-3.826805015670954,20.207494740454866,857.985,7.575505888953627,873.1360117779072,842.8339882220928,718097.0
MANDU,2025-06-29,846.1,867.0,846.1,858.04,0.98 %,2025.0,1726100.6,0.009755810532509512,0.009708529871676292,853.768,857.6460000000001,857.4585303587428,861.0017760999117,48.03136869475076,-3.543245741168903,-3.770093160770544,20.256959401850946,857.6460000000001,7.403288316324242,872.4525766326485,842.8394233673516,720122.0
MANDU,2025-06-30,858.4,875.0,852.0,853.38,-0.54 %,1426.0,1223592.0,-0.005430982238590287,-0.005445783637710084,853.924,857.473,856.8310641497055,860.4372000925109,45.49412219226594,-3.6061359428053947,-3.7373017171775147,20.452890873147307,857.473,7.463297634345908,872.3995952686918,842.5464047313081,718696.0
MANDU,2025-07-01,853.0,864.0,850.0,853.93,0.06 %,5106.0,4353402.0,0.0006444960041247505,0.0006442884057678361,854.1960000000001,857.316,856.3847465882125,859.9551852708435,45.857648852653114,-3.570438682630993,-3.70392911026821,19.99197009649393,857.316,7.505131157021579,872.3262623140432,842.3057376859568,723802.0
MANDU,2025-07-02,853.0,865.0,853.0,863.21,1.09 %,4452.0,3830470.2,0.01086740130924091,0.010808775461603633,855.662,857.743,857.4347855746413,860.1962826581884,51.70987654495402,-2.761497083547056,-3.5154427049239794,19.421115089601507,857.743,7.589134268627407,872.9212685372548,842.5647314627453,728254.0
MANDU,2025-07-03,850.2,874.0,850.2,860.65,-0.30 %,5066.0,4377442.0,-0.002965674633055748,-0.002970080960048229,857.842,858.43,857.9294339477734,860.2298913501744,50.101055811813616,-2.30045740240098,-3.2724456444193795,19.733892583201396,858.43,7.167035649408185,872.7640712988164,844.0959287011835,723188.0
MANDU,2025-07-06,860.2,885.3,860.2,877.28,1.93 %,7647.0,6709658.1,0.019322605007842997,0.01913829393822354,861.6899999999999,860.11,860.9064441096544,861.4928623612726,59.02049972101586,-0.58641825161817,-2.7352401658591377,20.117185970115578,860.11,7.459623244324041,875.0292464886481,845.1907535113519,730835.0
MANDU,2025-07-07,882.0,885.0,860.7,879.67,0.27 %,3081.0,2692755.5,0.0027243297464891736,0.002720625486430779,866.948,860.9604999999999,863.7931450158615,862.8393170011783,60.1236931994368,0.9538280146831539,-1.9974265297506797,20.41595840082161,860.9604999999999,8.641691156974105,878.2438823139481,843.6771176860517,733916.0
MANDU,2025-07-08,865.0,883.3,865.0,869.04,-1.21 %,1150.0,1003679.0,-0.012084076983414183,-0.012157683016673589,869.97,861.494,864.6003534749597,863.2986268529429,53.25652198389758,1.3017266220167585,-1.3375958993971921,20.264818515048635,861.494,8.80123460238447,879.0964692047689,843.8915307952311,732766.0
MANDU,2025-07-09,865.6,879.9,865.6,872.78,0.43 %,3772.0,3289949.7,0.004303599374021916,0.004294365373714993,871.884,861.5674999999999,865.8587606326582,864.000950789762,55.195517102642754,1.8578098428962448,-0.6985147509385048,19.838760049688016,861.5674999999999,8.89318122880194,879.3538624576038,843.781137542396,736538.0
MANDU,2025-07-10,885.0,945.0,866.6,931.78,6.76 %,25343.0,23265226.1,0.06760008249501603,0.06541321581969403,886.11,865.0629999999999,876.0004897660954,869.0216211016315,73.71749948393884,6.978868664463903,0.8369619321419768,24.021705760424584,865.0629999999999,18.046749262603218,901.1564985252063,828.9695014747934,761881.0
MANDU,2025-07-13,950.0,969.0,912.0,916.94,-1.59 %,7316.0,6803716.5,-0.015926506256841666,-0.016054695955578152,894.042,868.0565,882.2988759559269,872.5711306496587,66.29402903158628,9.727745306268162,2.615118606967214,26.37729820610854,868.0565,21.31978603501582,910.6960720700316,825.4169279299684,754565.0
MANDU,2025-07-14,909.0,910.0,893.1,895.96,-2.29 %,3586.0,3227116.9,-0.02288045019303342,-0.023146270242060597,897.3,869.9514999999999,884.4005873473227,874.3036394904248,57.481144818405255,10.096947856897941,4.1114844569533595,26.196062619957935,869.9514999999999,22.056132999568376,914.0637659991366,825.8392340008631,750979.0
MANDU,2025-07-15,881.1,918.0,881.1,905.25,1.04 %,4159.0,3773276.5,0.010368766462788503,0.010315379524484952,904.542,872.5375,887.6081892938885,876.5959624911341,60.01584439579519,11.012226802754412,5.491632926113571,26.960629575675224,872.5375,23.039505631344607,918.6165112626892,826.4584887373109,755138.0
MANDU,2025-07-16,920.0,920.0,900.0,903.53,-0.19 %,2576.0,2326918.8,-0.0019000276166805108,-0.001901834958848791,910.692,874.1025,890.0576986332902,878.5910763806796,59.31086471110135,11.466622252610591,6.686630791412975,26.46344174884128,874.1025,24.058058694703853,922.2186173894077,825.9863826105923,752562.0
MANDU,2025-07-17,910.0,933.0,900.0,916.14,1.40 %,9580.0,8775014.5,0.013956371122154199,0.013859877736573444,907.564,876.4445,894.0703603820148,881.372478130259,62.76422871724077,12.6978822517558,7.88888108348154,26.93033876678119,876.4445,25.783921647535333,928.0123432950707,824.8766567049292,762142.0
MANDU,2025-07-20,934.0,934.0,910.0,918.01,0.20 %,8527.0,7854796.3,0.0020411727465234897,0.0020390923838716035,907.778,879.3195,897.7533818617048,884.0863686391286,63.26218184064708,13.667013222576202,9.044507511300473,26.72102885486825,879.3195,27.0864810861712,933.4924621723424,825.1465378276575,770669.0
MANDU,2025-07-21,912.0,920.0,902.0,914.58,-0.37,5194.0,4745426.5,-0.0037363427413644734,-0.0037433403055416345,911.5020000000001,882.4185,900.3420923445195,886.3451561473413,61.63406299948091,13.99693619717823,10.034993248476024,26.09809822237766,882.4185,27.412220531610018,937.2429410632201,827.5940589367799,765475.0
MANDU,2025-07-22,921.1,935.0,921.0,929.86,1.67 %,6013.0,5583234.2,0.016707122394979068,0.016569093679160797,916.424,886.283,904.8833089069012,889.5684779142049,65.85045322229715,15.31483099269633,11.090960797320086,25.69251977792211,886.283,28.4126015593146,943.1082031186293,829.4577968813708,771488.0
MANDU,2025-07-23,948.2,948.2,927.0,934.95,0.55 %,8194.0,7648536.4,0.005473942313896751,0.005459014742003261,922.708,890.2365,909.508953690455,892.9300721427824,67.14573958985665,16.57888154767261,12.188544947390591,25.371625508070533,890.2365,29.441980281473764,949.1204605629475,831.3525394370524,779682.0
MANDU,2025-07-24,934.9,948.0,932.0,942.11,0.77 %,14121.0,13288860.8,0.007658163538157181,0.0076289886597575565,927.902,894.8545,914.5244992765388,896.5730297618355,68.93094742359519,17.951469514703263,13.341129860853126,24.702223686065494,894.8545,29.9955774766524,954.8456549533048,834.8633450466953,793803.0
MANDU,2025-07-27,944.0,970.0,943.0,951.0,0.94,14645.0,13967565.3,0.009436265404252131,0.009392021962663494,934.5,899.5024999999999,920.1361147724558,900.6046571868848,71.03539504295034,19.531457585571047,14.57919540579671,24.929921994203674,899.5024999999999,31.17006861769075,961.8426372353814,837.1623627646185,808448.0
MANDU,2025-07-28,948.9,951.0,933.0,936.69,-1.5,7318.0,6854851.8,-0.01504731861198727,-0.01516167816395457,938.9219999999999,903.668,922.6828663459241,903.2776455434117,63.571044697399316,19.405220802512417,15.544400485139853,24.43492756604627,903.668,30.234598271377067,964.1371965427542,843.1988034572458,801130.0
MANDU,2025-07-29,940.0,955.0,938.1,944.34,0.82 %,5521.0,5207501.8,0.008167056336674916,0.008133886410128976,941.818,908.1885,926.0147330619358,906.3193014290849,65.64912129127697,19.69543163285084,16.374606714682052,23.997432739900102,908.1885,29.145851248505085,966.4802024970102,849.8967975029898,806651.0
MANDU,2025-07-30,932.0,946.0,902.5,918.99,-2.68,9335.0,8676097.1,-0.02684414511722477,-0.02721102988789863,938.626,910.9775000000002,924.934004898561,907.257871693597,54.545280517047395,17.676133204964003,16.634912012738443,25.390473258478668,910.9775000000002,27.220511591735004,965.4185231834701,856.5364768165302,797316.0
MANDU,2025-07-31,911.0,926.0,900.0,910.03,-0.97 %,10879.0,9912046.4,-0.009749834056953843,-0.00979767490320393,932.21,913.4465,922.6410810680131,907.4632145311084,51.24600166127026,15.17786653690473,16.3435029175717,25.43401088287305,913.4465,24.52097926159074,962.4884585231815,864.4045414768185,786437.0
MANDU,2025-08-03,905.0,919.0,895.0,908.02,-0.22,15735.0,14281543.2,-0.002208718393899134,-0.0022111612100290307,923.6139999999999,914.9835,920.3916839806266,907.5044578991744,50.50793734528264,12.887226081452127,15.652247550347788,25.331581534096404,914.9835,23.05425392302613,961.0920078460523,868.8749921539478,770702.0
MANDU,2025-08-04,905.0,920.0,902.2,911.3,0.36,4151.0,3776624.9,0.00361225523666886,0.0036057467116481358,918.5360000000001,916.5649999999999,918.9929633682225,907.7856091659022,51.729672133046115,11.207354202320289,14.763268880742288,24.793611424518087,916.5649999999999,21.53940806986116,959.6438161397223,873.4861838602776,774853.0
MANDU,2025-08-05,916.0,916.3,905.0,907.02,-0.47 %,2347.0,2130065.8,-0.0046965872928782515,-0.004707650913409672,911.0719999999999,918.4639999999999,917.1509690038806,907.7288973758355,49.995366049388714,9.42207162804516,13.695029430202863,23.829782037052507,918.4639999999999,18.602961394132446,955.6699227882648,881.2580772117351,772506.0
MANDU,2025-08-06,900.0,906.0,891.0,904.07,-0.33,4241.0,3824090.3,-0.0032524089876738715,-0.003257709566004928,908.088,920.0285,915.1385122340529,907.4578679405884,48.78140907907227,7.680644293464525,12.492152402855197,23.271940462977327,920.0285,15.638245047251965,951.304990094504,888.752009905496,768265.0
MANDU,2025-08-07,895.1,910.0,895.1,903.0,-0.12 %,3484.0,3139476.2,-0.0011835366730452712,-0.0011842376056810603,906.682,918.5895,913.2710488134294,907.1276555005448,48.32308294698754,6.143393312884541,11.222400584861067,22.673944715621804,918.5895,15.82302967695814,950.2355593539163,886.9434406460838,764781.0
MANDU,2025-08-11,903.0,915.0,895.0,901.29,-0.19 %,7417.0,6713585.7,-0.0018936877076412006,-0.0018954830010496383,905.3359999999999,917.807,911.4278105344403,906.6952365745786,47.55411994668202,4.732573959861611,9.924435259861177,22.48294866450596,917.807,16.289006334593374,950.3850126691867,885.2289873308133,757364.0
MANDU,2025-08-12,901.0,901.0,887.0,888.8,-1.39,3108.0,2765246.0,-0.013857914766612356,-0.013954832090515604,900.836,917.449,907.946608913757,905.3696634949802,42.26392530803863,2.576945418776859,8.454937291644313,21.897738045612677,917.449,16.862999327396988,951.174998654794,883.723001345206,754256.0
MANDU,2025-08-13,890.0,900.0,882.0,886.91,-0.21 %,2449.0,2176908.0,-0.002126462646264593,-0.002128726778255068,896.814,916.5319999999999,904.7102075424098,904.0022810138705,41.511376476234425,0.7079265285392466,6.9055351390233,21.61932818521177,916.5319999999999,18.0202390894823,952.5724781789645,880.4915218210353,751807.0
MANDU,2025-08-14,875.1,895.0,875.1,888.82,0.22 %,2379.0,2118402.1,0.002153544328060475,0.0021512287753084197,893.7639999999999,915.7965,902.265560228193,902.8776676054357,42.62325416356593,-0.6121073772427508,5.40200663577009,21.496519029125217,915.7965,18.859501381755045,953.5155027635101,878.07749723649,754186.0
MANDU,2025-08-17,878.0,883.0,868.0,870.08,-2.11,4414.0,3857771.6,-0.021084134020386558,-0.021309578878367513,887.18,913.4935000000002,897.3139355777016,900.4482107457738,35.493762628111156,-3.134275168072236,3.694750275001625,21.448196241330564,913.4935000000002,21.4497445144887,956.3929890289776,870.5940109710227,749772.0
MANDU,2025-08-18,855.5,870.0,855.5,866.02,-0.47,5249.0,4535292.1,-0.00466623758734841,-0.004677158460127354,880.126,910.8939999999999,892.4994839503629,897.8979729127536,34.160613461151726,-5.398488962390729,1.8761024275231544,20.95761079552124,910.8939999999999,23.885610819288647,958.6652216385772,863.1227783614225,744523.0
MANDU,2025-08-19,876.0,876.0,859.0,862.19,-0.44 %,10837.0,9339378.5,-0.004422530657490542,-0.0044323389752724054,874.8040000000001,908.2745000000001,887.8364864195378,895.2529378821793,32.90502767879987,-7.416451462641476,0.0175916494902284,20.67492431012687,908.2745000000001,26.21889946604385,960.7122989320878,855.8367010679124,733686.0
MANDU,2025-08-20,862.0,879.0,855.0,855.35,-0.79,10689.0,9158946.5,-0.007933286166622255,-0.007964922110405366,868.492,904.549,882.8385654319165,892.2971647057216,30.732521906456896,-9.45859927380502,-1.8776465351688216,20.91242971654638,904.549,28.208495342248707,960.9659906844973,848.1320093155026,722997.0
MANDU,2025-08-21,850.0,862.0,848.0,849.14,-0.73 %,4504.0,3838775.9,-0.007260185888817494,-0.007286669299230365,860.5560000000002,900.2584999999999,877.6541707500832,889.1003376904829,28.868935110195565,-11.446166940399735,-3.791350616215005,20.418684736793068,900.2584999999999,29.820898407695264,959.9002968153904,840.6167031846094,718493.0
MANDU,2025-08-24,844.0,855.0,843.6,849.66,0.06,6587.0,5591159.1,0.0006123842946981206,0.0006121968639517841,856.4720000000001,895.6359999999999,873.3473752500704,886.1788311948916,29.25578172720114,-12.831455944821187,-5.599371681936242,19.774492969879276,895.6359999999999,30.15551244012089,955.9470248802417,835.324975119758,725080.0
MANDU,2025-08-25,849.0,857.0,836.1,850.55,0.1,3353.0,2832954.4,0.0010474778146551955,0.0010469295925693476,853.3779999999999,890.6135,869.8400867500595,883.5396585137885,29.957899555204847,-13.699571763728954,-7.219411698294785,19.85488632917361,890.6135,28.78304366974937,948.1795873394988,833.0474126605013,728433.0
MANDU,2025-08-26,860.0,867.5,851.6,854.15,0.42,2214.0,1890089.6,0.004232555405325966,0.004223623337474791,851.7700000000001,886.4865,867.4262272500504,881.3626467720264,32.860545304108854,-13.936419521976063,-8.56281326303104,19.647394448518355,886.4865,27.726776773781584,941.9400535475631,831.0329464524368,730647.0
MANDU,2025-08-27,869.0,869.0,847.0,861.25,0.83,1942.0,1657113.6,0.008312357314289143,0.00827799993480179,852.95,882.332,866.4760384423503,879.8728210852097,38.29200822270183,-13.39678264285942,-9.529607138996717,19.815437702195617,882.332,24.656978215847776,931.6459564316956,833.0180435683044,732589.0
MANDU,2025-08-28,861.0,861.0,850.0,850.69,-1.23,5276.0,4495600.2,-0.012261248185776452,-0.012337037440393796,853.26,878.917,864.0474171435271,877.7111306344534,33.89941071353935,-13.663713490926284,-10.35642840938263,19.203620723467356,878.917,24.034544897313893,926.9860897946278,830.8479102053723,727313.0
MANDU,2025-08-31,851.5,856.0,845.0,848.7,-0.23,2263.0,1921909.9,-0.00233927752765406,-0.0023420179118433387,853.068,875.8504999999999,861.686276044523,875.5621579948643,33.12817935818123,-13.875881950341295,-11.060319117574362,18.617647814648258,875.8504999999999,23.76696900166818,923.3844380033363,828.3165619966635,725050.0
MANDU,2025-09-01,845.0,860.0,845.0,857.1,0.99,2288.0,1946590.9,0.009897490279250576,0.009848830929205844,854.378,873.3045,860.9806951145963,874.1945907359855,39.39584502608009,-13.213895621389156,-11.491034418337321,18.359244399316243,873.3045,22.849127237736077,919.0027544754721,827.6062455245278,727338.0
MANDU,2025-09-02,855.0,855.0,846.0,848.04,-1.06 %,1327.0,1126504.0,-0.01057052852642637,-0.01062679341407387,853.1560000000002,870.1415000000001,858.98981894312,872.257213644431,35.52801634296432,-13.267394701310991,-11.846306474932057,17.84072694222223,870.1415000000001,21.66019299981897,913.461885999638,826.8211140003622,726011.0
MANDU,2025-09-03,840.0,862.0,840.0,860.04,1.42 %,2878.0,2440368.5,0.014150275930380651,0.014051095303064916,852.9140000000001,867.7924999999999,859.1513852595631,871.3522348559546,43.447651677404714,-12.20084959639155,-11.917215099223956,18.137817874920643,867.7924999999999,19.92852461726614,907.6495492345322,827.9354507654676,728889.0
MANDU,2025-09-04,860.0,860.0,846.4,854.9,-0.60 %,1056.0,900572.5,-0.0059764662108738875,-0.005994396761640131,853.756,865.3340000000001,858.4973259888611,870.1335507925506,41.117788301442516,-11.636224803689515,-11.86101704011707,17.816545169569167,865.3340000000001,18.17321754091443,901.6804350818289,828.9875649181712,727833.0
MANDU,2025-09-07,846.3,850.0,840.0,840.97,-1.63 %,2166.0,1825700.0,-0.016294303427301426,-0.0164285155147572,852.21,862.2325000000001,855.8008142982671,867.9732877708802,35.55339404641167,-12.172473472613092,-11.923308326616274,17.60822051459994,862.2325000000001,16.634684397364484,895.501868794729,828.9631312052711,725667.0
MANDU,2025-09-08,831.0,837.4,830.0,830.7,-1.22,615.0,512534.5,-0.012212088421703515,-0.012287268672404946,846.93,858.7030000000001,851.9391505600722,865.2123034915558,32.10393907255451,-13.273152931483537,-12.193277247589728,17.13406190641423,858.7030000000001,15.350646514755288,889.4042930295107,828.0017069704895,725052.0
MANDU,2025-09-18,830.1,830.1,782.1,782.1,-5.85,260.0,205107.0,-0.05850487540628391,-0.060286109237460174,833.742,853.368,841.1946658585227,859.0558365662553,21.482150082522324,-17.861170707732526,-13.326855939618289,19.381628913098933,853.368,21.60671230988216,896.5814246197643,810.1545753802358,724792.0
MANDU,2025-09-21,766.5,818.9,766.5,809.14,3.46,6888.0,5530095.6,0.03457358394067245,0.03398934563099597,823.5620000000001,849.4795,836.2631788033655,855.3583671909771,34.47243005027727,-19.095188387611643,-14.480522429216961,21.74008399073472,849.4795,22.241251260472755,893.9620025209456,804.9969974790545,731680.0
MANDU,2025-09-23,825.0,839.9,818.5,834.0,3.07,2377.0,1969418.3,0.0307239785451221,0.03026144712018507,819.382,846.7385,835.9149974490015,853.7762659175714,43.69544227536316,-17.86126846856996,-15.156671637087562,22.384363705682244,846.7385,20.44307919823138,887.6246583964628,805.8523416035373,734057.0
MANDU,2025-09-24,838.0,839.0,820.0,834.0,0.0,1190.0,987532.7,0.0,0.0,817.9879999999999,844.9345,835.6203824568474,852.3113573310848,43.695442275096745,-16.690974874237327,-15.463532284517516,22.142623440990658,844.9345,19.858480483288684,884.6514609665774,805.2175390334226,734057.0
MANDU,2025-09-25,820.0,832.0,820.0,832.0,-0.24,420.0,346591.5,-0.0023980815347721673,-0.0024009615375381503,818.2479999999999,843.2334999999999,835.0634005404094,850.806812343597,43.129050604339014,-15.743411803187655,-15.519508188251544,21.561007480919898,843.2334999999999,19.409249904156447,882.0519998083129,804.415000191687,733637.0
MANDU,2025-09-28,848.6,850.0,831.7,850.0,2.16,1170.0,984990.4,0.02163461538461542,0.02140390866315358,831.8280000000001,842.624,837.3613389188079,850.7470484662936,49.47652716921368,-13.385709547485703,-15.092748460098377,21.328078375139903,842.624,18.969043312998604,880.5620866259973,804.6859133740028,734807.0
MANDU,2025-10-07,867.0,867.0,830.0,845.0,-0.59,930.0,776315.0,-0.00588235294117645,-0.005899722127188271,839.0,842.1065000000001,838.5365175466835,850.321341172494,47.87796869573018,-11.784823625810532,-14.431163493240808,22.447501348344197,842.1065000000001,18.743427837648937,879.593355675298,804.6196443247022,733877.0
MANDU,2025-10-08,835.0,841.0,810.6,832.3,-1.5,2096.0,1717886.2,-0.015029585798816636,-0.015143674605124464,838.6599999999999,841.2645,837.5770533087322,848.9864270115685,43.9901733791088,-11.40937370283632,-13.826805535159911,23.301251252033897,841.2645,18.78902772616576,878.8425554523316,803.6864445476684,731781.0
MANDU,2025-10-09,832.0,882.0,823.0,840.0,0.93,2049.0,1704324.0,0.00925147182506314,0.009208939085309908,839.8599999999999,840.7815,837.9498143381579,848.3207657514522,46.81028949207665,-10.370951413294279,-13.135634710786785,25.85116187688862,840.7815,18.685728377558316,878.1529567551166,803.4100432448835,733830.0
MANDU,2025-10-12,823.2,823.2,785.0,809.9,-3.58,5563.0,4431168.6,-0.035833333333333384,-0.03649110858241516,835.4399999999999,838.749,833.6344582861336,845.4747831031965,38.623481050285335,-11.840324817062879,-12.876572732042003,27.933221742825147,838.749,19.74787767410626,878.2447553482125,799.2532446517876,728267.0
MANDU,2025-10-13,794.0,809.0,775.0,809.0,-0.11,3001.0,2352517.5,-0.0011112483022595043,-0.0011118661964524721,827.24,836.4915000000001,829.8445416267284,842.7729473177747,38.40718604608401,-12.928405691046237,-12.886939323842851,28.430848761194778,836.4915000000001,20.462392789800834,877.4162855796018,795.5667144203984,725266.0
MANDU,2025-10-14,793.0,799.0,793.0,795.1,-1.72,733.0,582865.0,-0.017181705809641512,-0.01733102415105388,817.26,833.184,824.4992275303086,839.2416178868284,35.134627653358336,-14.742390356519763,-13.258029530378234,27.542930992538007,833.184,21.566253706827403,876.3165074136548,790.0514925863451,724533.0
MANDU,2025-10-15,807.0,807.0,790.9,797.0,0.24,540.0,429122.0,0.0023896365237077166,0.00238678588277726,810.2,830.4995000000001,820.2685771410304,836.1126091544708,35.93814984662552,-15.84403201344037,-13.775230026990663,26.725578778785295,830.4995000000001,22.589766773798523,875.6790335475972,785.319966452403,725073.0
MANDU,2025-10-16,786.0,792.0,768.1,785.0,-1.51,1103.0,858808.0,-0.01505646173149311,-0.015170961007806618,799.2,827.3145000000001,814.8426421962565,832.3264899578433,33.14546809984651,-17.48384776158673,-14.516953573909877,26.88089458030063,827.3145000000001,24.31343087244877,875.9413617448976,778.6876382551026,723970.0
MANDU,2025-10-19,799.9,809.0,789.0,789.1,0.52,612.0,486428.3,0.005222929936305798,0.005209337744580947,795.04,823.9145000000001,810.8822357045248,829.1245277387437,35.003873673541804,-18.242292034218963,-15.262021265971695,26.675116395993445,823.9145000000001,24.680791055092435,873.2760821101849,774.5529178898153,724582.0
MANDU,2025-10-26,773.5,800.0,767.0,798.0,1.13,1862.0,1442334.0,0.011278671904701554,0.011215541922819447,792.8399999999999,821.4125,808.900353288444,826.8190071655034,38.96980541293878,-17.918653877059455,-15.793347788189248,27.126893796279628,821.4125,24.642719619859797,870.6979392397196,772.1270607602804,726444.0
MANDU,2025-10-28,812.3,820.0,785.0,812.0,1.75,2392.0,1930821.0,0.01754385964912286,0.01739174271186924,796.22,819.0105,809.3772220132987,825.7213029310217,44.687294863694156,-16.344080917722977,-15.903494414095995,27.6892585251168,819.0105,22.96350456358889,864.9375091271778,773.0834908728222,728836.0
MANDU,2025-10-29,810.0,827.0,795.8,796.0,-1.97,2473.0,1984406.0,-0.019704433497536922,-0.019901154317294913,796.02,816.0654999999999,807.3191878574066,823.5197249361312,40.067435127140634,-16.20053707872455,-15.962902947021707,27.940025773322745,816.0654999999999,21.8693425105092,859.8041850210184,772.3268149789815,726363.0
MANDU,2025-10-30,811.9,825.0,790.0,806.2,1.28,2388.0,1909013.1,0.012814070351758744,0.012732664838682347,800.26,814.327,807.1470051101134,822.2367823482696,44.03928523087432,-15.089777238156216,-15.78827780524861,28.444309646656837,814.327,21.15573957208688,856.6384791441737,772.0155208558263,728751.0
MANDU,2025-11-02,801.5,816.0,801.5,812.1,0.73,916.0,744269.0,0.007318283304390993,0.007291634605299804,804.86,813.3969999999999,807.9090043239421,821.4859095817311,46.257896281516885,-13.576905257789008,-15.346003295756692,27.448287529038492,813.3969999999999,20.80400697739851,855.0050139547969,771.7889860452029,729667.0
MANDU,2025-11-03,801.0,820.0,801.0,817.8,0.7,2143.0,1744473.1,0.0070188400443294,0.006994322642176625,808.82,815.182,809.4306959664125,821.2128792423437,48.38684807523905,-11.782183275931175,-14.633239291791588,26.844838419821457,815.182,19.465877188986386,854.1137543779728,776.2502456220273,731810.0
MANDU,2025-11-04,806.0,815.8,792.0,797.1,-2.53,3445.0,2761975.0,-0.02531181217901679,-0.02563766649666433,805.84,814.58,807.5336658177337,819.4267400392072,41.895968230733345,-11.893074221473512,-14.085206277727973,26.77020710411992,814.58,19.845047108452523,854.2700942169051,774.889905783095,728365.0
MANDU,2025-11-05,810.0,810.0,785.7,808.9,1.48,2541.0,2042963.3,0.014803663279387758,0.014695158590029393,808.4200000000001,813.325,807.7438710765439,818.6469815177845,46.31686573243907,-10.903110441240642,-13.448787110430509,26.593763739539924,813.325,19.339511641356733,852.0040232827135,774.6459767172865,730906.0
MANDU,2025-11-06,815.0,815.0,799.0,799.0,-1.22,2067.0,1655995.0,-0.012238842873037448,-0.01231435425763225,806.9799999999999,811.575,806.3986601416909,817.1916495535042,43.337614997658676,-10.792989411813323,-12.917627570707072,25.837066329572785,811.575,18.94981946865437,849.4746389373088,773.6753610626913,728839.0
MANDU,2025-11-09,788.1,799.9,788.0,792.0,-0.88,2798.0,2209444.0,-0.008760951188986232,-0.008799553951848811,802.96,809.575,804.1834816583538,815.3256014384298,41.31406762034492,-11.142119780075973,-12.562526012580854,24.841561591746157,809.575,18.790839733619954,847.15667946724,771.9933205327601,726041.0
MANDU,2025-11-10,790.0,800.0,780.1,790.9,-0.14,2085.0,1642680.5,-0.001388888888888884,-0.0013898542890543016,797.5799999999999,806.62,802.1398690955301,813.5162976281757,40.99017025088231,-11.376428532645605,-12.325306516593805,24.48859290662143,806.62,16.620773305204807,839.8615466104096,773.3784533895904,723956.0
MANDU,2025-11-11,781.0,800.0,781.0,787.5,-0.43,808.0,640479.6,-0.0042988999873561085,-0.004308166825583353,795.66,803.745,799.8875815423717,811.5891644705331,39.947680140496466,-11.701582928161429,-12.20056179890733,24.096550556148472,803.745,14.465911836555833,832.6768236731117,774.8131763268883,723148.0
MANDU,2025-11-12,782.0,790.0,777.0,783.0,-0.57,2447.0,1911039.9,-0.005714285714285672,-0.005730674708984983,790.4799999999999,801.28,797.2894920743145,809.4714485838269,38.55022641826242,-12.181956509512474,-12.196840741028359,23.303939802137865,801.28,13.513019063494745,828.3060381269895,774.2539618730104,720701.0
MANDU,2025-11-13,781.0,783.0,773.1,773.1,-1.26,1625.0,1267566.0,-0.012643678160919491,-0.012724289664373983,785.3,797.9350000000001,793.5680317551892,806.7772672072472,35.59969958770243,-13.20923545205801,-12.399319683234289,22.346515530556587,797.9350000000001,11.563384816778155,821.0617696335564,774.8082303664437,719076.0
MANDU,2025-11-16,775.0,785.0,775.0,778.1,0.65,717.0,558881.0,0.006467468632777029,0.006446644296455277,782.52,796.345,791.1883345620831,804.6530251918955,38.17345405030315,-13.464690629812367,-12.612393872549905,21.600335849802544,796.345,12.009271637489068,820.3635432749782,772.3264567250219,719793.0
MANDU,2025-11-17,770.0,788.0,770.0,782.0,0.5,1353.0,1052812.0,0.005012209227605702,0.004999689922426628,780.74,794.9950000000001,789.774744629455,802.9750233258292,40.18159116126899,-13.200278696374198,-12.729970837314763,21.343169003388077,794.9950000000001,12.02937085460977,819.0537417092197,770.9362582907805,721146.0
MANDU,2025-11-18,785.0,790.0,780.1,781.0,-0.13,1100.0,863459.0,-0.0012787723785165905,-0.0012795907056250815,779.44,794.2900000000001,788.4247839172311,801.3472438202122,39.82441060324994,-12.922459902981018,-12.768468650448014,20.525799788860358,794.2900000000001,12.429417566904375,819.1488351338088,769.4311648661914,720046.0
MANDU,2025-11-19,796.0,796.0,782.0,782.0,0.13,1022.0,802753.6,0.001280409731113874,0.0012795907056250327,779.24,793.5400000000001,787.4363556222725,799.9141146483446,40.39500567268672,-12.477759026072135,-12.71032672557284,20.131099803941762,793.5400000000001,12.706749139101206,818.9534982782025,768.1265017217977,721068.0
MANDU,2025-11-20,780.0,784.5,777.2,782.0,0.0,1942.0,1512821.4,0.0,0.0,781.0200000000001,793.3900000000001,786.5999932188458,798.5871431929118,40.39500567227422,-11.987149974065915,-12.565691375271456,19.214592675088777,793.3900000000001,12.82997723261083,819.0499544652217,767.7300455347785,721068.0
MANDU,2025-11-23,773.0,800.0,773.0,790.0,1.02,3027.0,2389534.0,0.010230179028132946,0.010178204915756052,783.4,793.4350000000001,787.1230711851772,797.9510585119552,45.214817963359586,-10.827987326778043,-12.218150565572774,19.770693198296723,793.4350000000001,12.815708904960378,819.0664178099208,767.8035821900793,724095.0
MANDU,2025-11-24,790.0,808.0,785.2,795.6,0.71,4957.0,3963720.9,0.007088607594936791,0.007063601518750037,786.12,793.3149999999999,788.4272140797652,797.7769060295882,48.36253108014529,-9.349691949822954,-11.64445884242281,19.98707225556124,793.3149999999999,12.781906414099028,818.878812828198,767.7511871718019,729052.0
MANDU,2025-11-25,790.0,800.0,790.0,795.0,-0.08,2200.0,1748775.5,-0.0007541478129713397,-0.0007544323254852311,788.92,792.4649999999999,789.4384119136475,797.5712092866557,48.04402383478262,-8.132797373008202,-10.942126548539889,19.273709951592583,792.4649999999999,12.016272957506887,816.4975459150137,768.4324540849861,726852.0
MANDU,2025-11-26,780.0,810.0,780.0,808.9,1.75,1748.0,1412821.0,0.017484276729559767,0.017333185369575045,794.3,793.11,792.432502388471,798.4103789691258,55.37608669836478,-5.977876580654765,-9.949276554962864,20.03987352647883,793.11,12.55035751220055,818.2107150244011,768.0092849755989,728600.0
MANDU,2025-11-27,802.0,820.0,796.0,810.0,0.14,2119.0,1702633.6,0.0013598714303375559,0.0013589476425775824,799.9,793.3,795.1351943287062,799.2688694158572,55.906395507084014,-4.133675087151005,-8.786156261400492,20.322739703158913,793.3,12.785518123410132,818.8710362468203,767.7289637531796,730719.0
MANDU,2025-11-30,800.0,822.5,800.0,801.5,-1.05,4705.0,3799206.0,-0.010493827160493852,-0.01054927561687683,802.2,792.7700000000001,796.114395201213,799.434138348016,50.87512569793746,-3.319743146802921,-7.692873638480979,20.478258295790422,792.7700000000001,12.170071141073299,817.1101422821467,768.4298577178535,726014.0
MANDU,2025-12-01,800.0,808.0,791.5,802.1,0.07,757.0,604467.0,0.0007485963817841501,0.0007483163232712173,803.5,791.985,797.0352574779495,799.6316095814963,51.20891590438322,-2.596352103546792,-6.673569331494142,20.19409698894825,791.985,10.911909235222401,813.8088184704449,770.1611815295552,726771.0
MANDU,2025-12-02,813.9,828.0,810.0,814.0,1.48,6664.0,5457632.0,0.014836055354693789,0.014727077629661295,807.3,792.8299999999999,799.6452178659573,800.6959347976817,57.392479039963085,-1.0507169317244234,-5.5489988515401985,20.60166148973766,792.8299999999999,11.935224293963072,816.7004485879261,768.9595514120738,733435.0
MANDU,2025-12-03,814.0,829.0,810.0,816.0,0.25,2516.0,2039017.2,0.002457002457002533,0.002453988961566787,808.72,793.1850000000001,802.1613381942716,801.8295692571128,58.347917606500566,0.33176893715881306,-4.372845293800396,20.48725709761354,793.1850000000001,12.529177525820378,818.2433550516408,768.1266449483593,735951.0
MANDU,2025-12-07,827.0,832.3,805.0,805.0,-1.35,5712.0,4670758.0,-0.013480392156862697,-0.01357207754554359,807.72,793.485,802.5980553951529,802.0644159788081,51.50678071193292,0.5336394163447267,-3.391548351771372,20.97388159064114,793.485,12.745702061968577,818.9764041239372,767.9935958760628,730239.0
MANDU,2025-12-08,790.0,805.0,790.0,795.5,-1.18,1530.0,1217065.5,-0.011801242236024856,-0.011871429640721824,806.52,793.6600000000001,801.5060468728216,801.5781629433409,46.44232816360787,-0.07211607051931423,-2.7276618955209604,20.547175762738206,793.6600000000001,12.748267168102192,819.1565343362045,768.1634656637957,728709.0
MANDU,2025-12-09,790.0,812.9,790.0,807.5,1.51,1810.0,1461551.0,0.015084852294154683,0.014972207318970109,807.6,794.49,802.4281935077721,802.0168175401304,52.76081160287447,0.41137596764167483,-2.0998543228884334,20.71523463682833,794.49,13.094792054370608,820.6795841087412,768.3004158912588,730519.0
MANDU,2025-12-10,800.1,807.0,800.1,802.0,-0.68,523.0,419849.0,-0.0068111455108359475,-0.006834447230297145,805.2,795.2149999999999,802.3623175834995,802.015571796417,49.85753703915401,0.3467457870824546,-1.610534300894256,19.76414644848345,795.2149999999999,13.088817042757798,821.3926340855155,769.0373659144843,729996.0
MANDU,2025-12-11,814.0,818.0,801.1,805.0,0.37,1691.0,1362647.0,0.0037406483790523026,0.0037336695520488092,803.0,796.3149999999999,802.7681148783456,802.236640552238,51.42757333064251,0.5314743261076273,-1.1821325754938796,19.55956455930606,796.3149999999999,12.931734731184948,822.1784694623699,770.45153053763,731687.0
MANDU,2025-12-14,805.0,817.9,802.0,806.0,0.12,3417.0,2754400.2,0.001242236024844745,0.0012414650880649455,803.2,797.96,803.2653279739848,802.5154079187389,51.967460499252304,0.749920055245866,-0.7957220493459305,19.298167090784197,797.96,11.872365081626336,821.7047301632527,774.2152698367473,735104.0
MANDU,2025-12-15,806.0,819.8,805.0,808.0,0.25,2261.0,1825681.3,0.002481389578163684,0.0024783160144670005,805.7,799.4549999999999,803.9937390549103,802.9216739988323,53.090483977928976,1.0720650560780314,-0.4221646282611381,18.976869441442467,799.4549999999999,11.09715349940317,821.6493069988063,777.2606930011935,737365.0
MANDU,2025-12-16,810.0,819.7,807.1,810.1,0.26,1398.0,1133295.0,0.002599009900990046,0.002595638315350128,806.22,800.8599999999999,804.9331638156933,803.4534018507707,54.2987304466688,1.479761964922659,-0.0417793096243787,18.521378767053722,800.8599999999999,10.535523867266306,821.9310477345325,779.7889522654673,738763.0
MANDU,2025-12-17,800.3,815.0,800.3,808.3,-0.22,1423.0,1152278.5,-0.0022219479076658333,-0.002224420096646991,807.48,802.225,805.4511386132789,803.812409121084,53.037723862000256,1.6387294921948978,0.29432245073947666,18.248423140835605,802.225,9.549366195548595,821.3237323910972,783.1262676089028,737340.0
MANDU,2025-12-18,810.0,810.1,800.0,800.0,-1.03,1822.0,1463674.0,-0.010268464678955813,-0.010321549071871366,806.48,803.125,804.6125019035437,803.5300084454482,47.553666859640884,1.0824934580955414,0.4519566522106896,17.666392916490206,803.125,8.310796719034096,819.7465934380682,786.5034065619318,735518.0
MANDU,2025-12-21,790.0,800.0,790.0,792.9,-0.89,660.0,523561.0,-0.008875000000000077,-0.008914617389574168,803.86,803.67,802.8105785337677,802.742600412452,43.41794532237903,0.06797812131571845,0.3751609460316954,17.118793422455195,803.67,7.125425195058289,817.9208503901166,789.4191496098833,734858.0
MANDU,2025-12-22,799.0,800.0,784.1,790.0,-0.37,3955.0,3133973.8,-0.0036574599571194133,-0.0036641648172860072,800.26,803.67,800.8397202978035,801.7987040856037,41.818178366722115,-0.9589837878002072,0.1083319992653149,17.031736749422677,803.67,7.125425195058289,817.9208503901166,789.4191496098833,730903.0
MANDU,2025-12-23,805.8,810.0,790.2,791.0,0.13,1743.0,1391648.0,0.0012658227848101333,0.0012650223065867022,796.4399999999999,803.4399999999999,799.3259171750645,800.9988000792628,42.603521386253114,-1.672882904198218,-0.2479109814273917,17.243755553035342,803.4399999999999,7.4657392907695215,818.371478581539,788.5085214184609,732646.0
MANDU,2025-12-24,791.0,807.0,791.0,793.5,0.32,1067.0,856860.5,0.003160556257901348,0.003155572198809847,793.4799999999999,803.365,798.4296222250546,800.4433334067248,44.61622273462368,-2.01371118167026,-0.6010710214759654,17.154915870675676,803.365,7.561904173995275,818.4888083479906,788.2411916520094,733713.0
MANDU,2025-12-28,800.0,805.0,793.0,805.0,1.45,1341.0,1072051.0,0.01449275362318847,0.01438873745209967,794.4799999999999,803.17,799.4404495750462,800.780864265486,52.81325467706113,-1.340414690439843,-0.7489397552687409,16.78670759419884,803.17,7.461275465950333,818.0925509319006,788.2474490680993,735054.0
MANDU,2025-12-29,792.1,811.0,792.1,805.0,0.0,1384.0,1111133.3,0.0,0.0,796.9,802.92,800.295765025039,801.093392838413,52.81325467632915,-0.7976278133739925,-0.7586773668897913,16.937657051756066,802.92,7.302458129745555,817.5249162594911,788.3150837405088,735054.0
MANDU,2025-12-31,800.0,805.0,796.1,797.1,-0.98,1524.0,1218245.0,-0.009813664596273308,-0.009862135984685876,798.32,802.7,799.8041088673407,800.7975859614936,47.24259739825388,-0.9934770941529223,-0.8056373123424175,16.363538690916346,802.7,7.4129332215536055,817.5258664431072,787.8741335568928,733530.0
MANDU,2026-01-01,783.1,800.0,783.1,793.0,-0.51,2154.0,1703924.0,-0.005143645715719458,-0.0051569197990295025,798.72,802.2450000000001,798.7573228877498,800.219987001383,44.61255898231343,-1.4626641136331955,-0.9370426726005732,16.401857355850893,802.2450000000001,7.724429803507705,817.6938596070155,786.7961403929847,731376.0
MANDU,2026-01-04,785.2,800.0,785.2,793.5,0.06,1217.0,967613.2,0.0006305170239595537,0.0006303183316156856,798.72,801.22,797.948503981942,799.7222101864656,45.01457810991992,-1.7737062045235916,-1.104375378985177,16.28743897329011,801.22,7.437288696678274,816.0945773933565,786.3454226066435,732593.0
MANDU,2026-01-05,793.0,805.9,793.0,796.0,0.32,3650.0,2910777.8,0.003150598613736566,0.003145645877919207,796.9200000000001,800.22,797.6487341385663,799.4464909133941,47.08275339224212,-1.7977567748278034,-1.243051658153702,16.045479046626532,800.22,6.648118055815012,813.5162361116301,786.92376388837,736243.0
MANDU,2026-01-06,796.0,812.0,795.7,805.0,1.13,4236.0,3384080.2,0.011306532663316604,0.011243091574180377,796.9200000000001,800.22,798.7796981172484,799.8578619568465,53.81727188790301,-1.078163839598119,-1.2100740944425854,16.063659114724636,800.22,6.648118055815012,813.5162361116301,786.92376388837,740479.0
MANDU,2026-01-07,800.0,800.0,795.0,800.0,-0.62,4045.0,3226056.0,-0.006211180124223614,-0.006230549750636086,797.5,800.445,798.9674368684409,799.8683907007837,50.00947491622517,-0.9009538323427932,-1.148250042022627,15.630540606530019,800.445,6.555469793261922,813.5559395865239,787.3340604134762,736434.0
MANDU,2026-01-08,800.0,805.0,795.1,800.0,0.0,2973.0,2384751.0,0.0,0.0,798.9,800.07,799.1262927348347,799.8781395377626,50.009474915463066,-0.7518468029279575,-1.068969394203693,15.221216277492159,800.07,6.3416833229249185,812.7533666458498,787.3866333541503,736434.0
MANDU,2026-01-12,793.0,811.8,792.5,800.0,0.0,2632.0,2109827.4,0.0,0.0,800.2,799.97,799.2607092371678,799.8871662386691,50.00947491464233,-0.6264570015013078,-0.9804669156632161,15.512557971957001,799.97,6.3253957645976815,812.6207915291953,787.3192084708047,736434.0
MANDU,2026-01-13,800.0,804.5,795.1,800.0,0.0,2154.0,1721838.2,0.0,0.0,801.0,799.72,799.3744462776035,799.895524295064,50.00947491375846,-0.5210780174604679,-0.8885891360226665,15.075946688245786,799.72,6.213957125514907,812.1479142510299,787.2920857489702,736434.0
MANDU,2026-01-14,795.0,812.0,795.0,807.0,0.88,5994.0,4853879.9,0.008750000000000036,0.008711940602021536,801.4,799.7700000000001,800.5476083887414,800.4217817546889,55.886892244230005,0.12582663405248695,-0.6857059820076359,15.2133790676568,799.7700000000001,6.270910283947337,812.3118205678948,787.2281794321054,742428.0
MANDU,2026-01-18,800.0,832.3,793.0,817.9,1.35,4737.0,3884188.6,0.013506815365551317,0.013416411470979512,804.9799999999999,800.2650000000001,803.2172070981658,801.716464587675,63.15177408727327,1.5007425104907952,-0.2484162835079497,16.9338519913956,800.2650000000001,7.266453199815317,814.7979063996307,785.7320936003695,747165.0
MANDU,2026-01-20,801.6,830.0,801.6,830.0,1.48,5014.0,4098769.8,0.014793984594693832,0.014685621049715294,810.9799999999999,801.26,807.337636775371,803.8115412848842,69.213132428468,3.526095490486796,0.5064860712909994,17.752862563438768,801.26,9.65420006770174,820.5684001354035,781.9515998645965,752179.0
MANDU,2026-01-21,813.4,909.0,813.4,868.0,4.58,13035.0,11292730.1,0.04578313253012056,0.04476601386970664,824.5799999999999,804.245,816.6703080406986,808.5662419304484,80.2183527173004,8.104066110250187,2.0260020790828372,23.313372380336,804.245,17.766511223436005,839.778022446872,768.711977553128,765214.0
MANDU,2026-01-22,850.7,880.0,834.0,852.1,-1.83,5425.0,4635018.5,-0.01831797235023036,-0.018487823826439834,835.0,806.85,822.1210298805911,811.7909647504152,69.08965222714203,10.330065130175853,3.686814689301441,24.93384578174057,806.85,20.690310470562515,848.230620941125,765.469379058875,759789.0
MANDU,2026-01-25,860.0,862.0,843.0,858.0,0.69,3105.0,2640387.0,0.006924069944842071,0.0069002086540519165,845.2,810.105,827.6408714374232,815.2138562503844,70.71326069123043,12.427015187038819,5.4348547888489165,24.509999654473386,810.105,23.332278860881875,856.7695577217638,763.4404422782362,762894.0
MANDU,2026-01-26,850.0,860.0,835.0,836.0,-2.56,5083.0,4285550.1,-0.02564102564102566,-0.025975486403260677,848.82,812.405,828.9268912162812,816.7535706022079,58.39595937008611,12.173320614073305,6.782547953893794,24.544999679153857,812.405,23.51265001071056,859.4303000214211,765.3796999785789,757811.0
MANDU,2026-01-27,832.2,852.0,824.0,830.0,-0.72,7725.0,6461156.1,-0.0071770334928229484,-0.007202912294057997,848.82,814.355,829.0919848753149,817.7347875946369,55.55384171639759,11.357197280677951,7.697477819250626,24.791785416357154,814.355,23.259870004611617,860.8747400092233,767.8352599907768,750086.0
MANDU,2026-01-28,844.9,844.9,815.0,820.0,-1.2,5543.0,4568124.0,-0.012048192771084376,-0.01212136053234485,839.22,815.6800000000001,827.6932179714203,817.9025811061454,51.090757996923955,9.790636865274905,8.116109628455483,25.156657886617356,815.6800000000001,22.758725336609285,861.1974506732187,770.1625493267815,744543.0
MANDU,2026-01-29,821.0,835.0,811.1,820.0,0.0,2913.0,2381741.5,0.0,0.0,832.8,816.4300000000001,826.5096459758172,818.0579454686531,51.09075799648191,8.451700507164105,8.183227804197209,25.06689660900183,816.4300000000001,22.63507059967971,861.7001411993595,771.1598588006407,744543.0
MANDU,2026-02-01,810.0,836.0,803.6,810.1,-1.21,2379.0,1927665.7,-0.012073170731707328,-0.012146643421853249,823.22,816.6850000000001,823.9850850564608,817.4684680265307,46.776071528188645,6.516617029930103,7.849905649343788,25.59068970835884,816.6850000000001,22.52800070555146,861.741001411103,771.6289985888972,742164.0
MANDU,2026-02-02,815.0,846.0,800.0,810.1,0.0,1046.0,852205.0,0.0,0.0,818.04,817.3349999999999,821.8489181246975,816.922655580121,46.77607152775893,4.9262625445765025,7.265177028390331,27.04849758633321,817.3349999999999,22.11696836082056,861.5689367216411,773.1010632783588,742164.0
MANDU,2026-02-03,810.1,840.0,810.1,817.9,0.96,3515.0,2864334.5,0.00962844093321813,0.009582382904482864,815.62,818.5799999999999,821.2413922593594,816.995051463075,50.58900535071735,4.246340796284358,6.661409781969137,27.25217633016655,818.5799999999999,21.362993088143433,861.3059861762868,775.8540138237131,745679.0
MANDU,2026-02-04,806.0,826.2,806.0,816.1,-0.22,1115.0,910619.0,-0.0022007580388799797,-0.002203183265731153,814.8399999999999,819.71,820.4504088348425,816.9287513546991,49.70407933933311,3.5216574801434035,6.033459321603991,26.748449449440372,819.71,20.548758446292183,860.8075168925844,778.6124831074156,744564.0
MANDU,2026-02-05,815.0,835.0,815.0,835.0,2.32,3322.0,2736193.0,0.023158926602132146,0.02289482837565835,817.8399999999999,821.6600000000001,822.6888074756359,818.2673623654621,58.00972695084071,4.421445110173863,5.711056479317966,26.266417345908916,821.6600000000001,20.024127551790613,861.7082551035813,781.6117448964188,747886.0
MANDU,2026-02-08,821.0,846.0,821.0,827.9,-0.85,6576.0,5470264.5,-0.008502994011976073,-0.00853935070609532,821.4,822.805,823.4905294024611,818.9808910791315,54.37696507166928,4.509638323329568,5.470772848120287,26.175958964058278,822.805,19.672997122688937,862.1509942453778,783.4590057546221,741310.0
MANDU,2026-02-09,813.1,829.1,813.0,813.0,-1.8,1270.0,1036104.0,-0.017997342674236028,-0.018161264596949604,821.9799999999999,823.4549999999999,821.8766018020825,818.537862110307,47.63515795739116,3.3387396917755723,5.044366216851345,25.45624760948269,823.4549999999999,19.085857949907936,861.6267158998158,785.283284100184,740040.0
MANDU,2026-02-10,815.0,829.2,805.7,807.0,-0.74,3211.0,2619656.6,-0.0073800738007380184,-0.007407441277861805,819.8,823.805,819.5878938325313,817.6832056576916,45.20466546837207,1.9046881748397482,4.4164306084490255,25.316515637376785,823.805,18.693243220616278,861.1914864412325,786.4185135587674,736829.0
MANDU,2026-02-11,823.0,835.0,806.1,812.0,0.62,2395.0,1950086.0,0.006195786864931829,0.006176671891729137,818.98,824.405,818.4205255506034,817.2622274608256,47.60388082256218,1.1582980897778725,3.764804104714795,25.572478806135585,824.405,18.0711889044663,860.5473778089325,788.2626221910674,739224.0
MANDU,2026-02-12,805.0,830.0,805.0,830.0,2.22,3644.0,2993106.0,0.022167487684729092,0.021925360628965683,817.98,825.905,820.2019831582029,818.2057661674311,55.207466751579084,1.9962169907718135,3.4110866819261987,25.531587462840186,825.905,17.16098620034041,860.2269724006808,791.5830275993192,742868.0
MANDU,2026-02-16,818.0,819.0,814.0,814.0,-1.93,840.0,685627.0,-0.01927710843373498,-0.01946533478810335,815.2,826.2549999999999,819.2478319030948,817.8942279328065,48.47370544882342,1.3536039702883045,2.9995901395986198,24.85075978692303,826.2549999999999,16.82318184435614,859.9013636887122,792.6086363112876,742028.0
MANDU,2026-02-17,803.1,820.0,803.1,803.7,-1.27,2642.0,2128354.5,-0.012653562653562545,-0.012734300783867442,813.3399999999999,825.5450000000001,816.8558577641572,816.8428036414875,44.69437640042463,0.013054122669700519,2.4022829362128357,24.282848373571387,825.5450000000001,17.481131933718235,860.5072638674366,790.5827361325636,739386.0
MANDU,2026-02-22,804.0,810.0,798.0,798.1,-0.7,1092.0,874525.8,-0.006967774045041675,-0.006992162336709539,811.5600000000001,823.95,813.9703411850562,815.4544478161921,42.74313782701187,-1.4841066311358873,1.6250050227430912,23.405502061173433,823.95,18.4800176577684,860.9100353155368,786.9899646844633,738294.0
MANDU,2026-02-23,798.0,804.9,791.0,800.0,0.24,2193.0,1751629.8,0.0023806540533768406,0.0023778247859641676,809.1600000000001,820.55,811.8210579258168,814.3096739038815,43.64214305658172,-2.488615978064672,0.8022808225815385,22.72653762823247,820.55,16.0438707758925,852.637741551785,788.4622584482149,740487.0
MANDU,2026-02-24,800.0,812.0,797.1,811.0,1.38,1149.0,926690.5,0.013749999999999929,0.013656326447485555,805.36,818.495,811.694741321845,814.0645128739643,48.66733077253112,-2.369771552119346,0.16787034764136172,22.167499226215867,818.495,14.330772006966084,847.1565440139321,789.8334559860679,741636.0
MANDU,2026-02-25,800.0,813.0,800.0,810.0,-0.12,1001.0,808332.5,-0.0012330456226880004,-0.0012338064489284325,804.5600000000001,816.095,811.434011887715,813.7634378462633,48.246165436400965,-2.3294259585483132,-0.3315889135965733,21.51267785291473,816.095,10.998491523355689,838.0919830467114,794.0980169532886,740635.0
MANDU,2026-02-26,800.0,807.0,796.0,802.0,-0.99,867.0,695041.4,-0.00987654320987652,-0.00992563979996993,804.22,814.395,809.9826254434511,812.8920720798734,44.89864672402758,-2.909446636422331,-0.8471604581617248,20.976058006277967,814.395,10.369564524169078,835.1341290483381,793.6558709516619,739768.0
MANDU,2026-03-01,805.0,810.0,791.0,810.0,1.0,1676.0,1344590.5,0.009975062344139696,0.009925639799969998,806.6,813.395,809.9852984521509,812.6778445184013,48.729638950187784,-2.6925460662504292,-1.2162375797794658,20.834911005829543,813.395,9.730120083635065,832.8552401672702,793.9347598327298,741444.0
MANDU,2026-03-03,805.1,829.9,801.1,816.0,0.74,1049.0,858521.1,0.007407407407407307,0.00738010729762246,809.8,813.1949999999999,810.91063715182,812.9239301096309,51.45568584166627,-2.0132929578109042,-1.3756486553857536,21.403845933984574,813.1949999999999,9.627781894620355,832.4505637892406,793.9394362107593,742493.0
MANDU,2026-03-09,832.0,848.6,832.0,848.6,4.0,160.0,133286.0,0.03995098039215694,0.039173577804117544,817.3199999999999,814.625,816.7090006669246,815.5666019533619,62.97472535449418,1.1423987135626703,-0.8720391815960689,22.203571224414247,814.625,12.412848818435151,839.4506976368702,789.7993023631298,742653.0
MANDU,2026-03-10,865.5,882.0,833.0,850.0,0.16,8008.0,6804311.5,0.001649776101814826,0.0016484167161377311,825.32,816.6200000000001,821.8306928720131,818.1172240308906,63.376637593347645,3.713468841122449,0.04506242294763474,24.1176018512418,816.6200000000001,14.65176835024794,845.923536700496,787.3164632995042,750661.0
MANDU,2026-03-11,836.0,866.0,835.0,845.0,-0.59,3507.0,2959035.3,-0.00588235294117645,-0.005899722127188271,833.9200000000001,818.365,825.3952016609342,820.1085407693432,60.836687662914876,5.286660891590941,1.093382116676296,24.609201719010247,818.365,15.862609959798423,850.0902199195968,786.6397800804032,747154.0
MANDU,2026-03-12,845.0,859.0,838.0,849.0,0.47,1890.0,1596008.0,0.004733727810650956,0.004722558954173538,841.72,819.9200000000001,829.0267090977136,822.2486488605031,62.14378468284476,6.778060237210525,2.230317740783142,24.351401596223802,819.9200000000001,17.276013185304116,854.4720263706083,785.3679736293918,749044.0
MANDU,2026-03-15,833.3,845.0,828.6,828.6,-2.4,3448.0,2875193.0,-0.024028268551236742,-0.024321656668045873,844.24,820.5450000000001,828.9610615442192,822.7191193152806,52.51696405286455,6.241942228938569,3.0326426384142273,24.069158625064958,820.5450000000001,17.356463228127094,855.2579264562543,785.8320735437459,745596.0
MANDU,2026-03-16,821.3,833.1,821.2,828.0,-0.07,1383.0,1143859.0,-0.0007241129616220032,-0.0007243752580417329,840.1200000000001,820.195,828.8132059220316,823.110295662297,52.26053642722227,5.702910259734608,3.5666961626783036,23.19993300898889,820.195,17.118579472542372,854.4321589450848,785.9578410549153,744213.0
MANDU,2026-03-17,844.5,844.5,819.1,821.6,-0.77,1192.0,983696.0,-0.007729468599033784,-0.0077594957709111855,834.4399999999999,819.8799999999999,827.7034819340266,822.9984219095343,49.484968239275844,4.705060024492354,3.7943689350411143,23.35708065120397,819.8799999999999,17.027055869374532,853.9341117387489,785.8258882612508,743021.0
MANDU,2026-03-19,820.0,840.0,818.0,831.9,1.25,2819.0,2333840.2,0.01253651411879253,0.0124585826754935,831.82,820.825,828.3491000980225,823.6577980643837,53.74289710014763,4.691302033638863,3.973755554760664,23.260146318975117,820.825,17.14915603262835,855.1233120652568,786.5266879347433,745840.0
MANDU,2026-03-22,832.1,843.0,822.2,835.0,0.37,6077.0,5041855.8,0.0037264094242097645,0.0037194835610135607,829.0200000000001,822.225,829.3723154675575,824.4979611707256,54.97305098856938,4.874354296831939,4.153875303174919,23.084421581905463,822.225,17.1039815309296,856.4329630618593,788.0170369381408,751917.0
MANDU,2026-03-23,844.0,860.0,835.2,860.0,2.99,9435.0,8008781.8,0.029940119760478945,0.02950066439669784,835.3,824.625,834.084266934087,827.127741824746,63.421388075111096,6.956525109341101,4.714405264408155,23.221248611769358,824.625,18.87016232881012,862.3653246576202,786.8846753423798,761352.0
MANDU,2026-03-24,870.0,870.0,845.2,862.0,0.23,4324.0,3698072.0,0.0023255813953488857,0.0023228814161397287,842.1,826.225,838.3789950980737,829.7108720599499,64.00327206609495,8.668123038123781,5.50514881915128,23.334016568071544,826.225,20.624943381099005,867.474886762198,784.975113237802,765676.0
MANDU,2026-03-25,851.0,865.0,848.0,850.0,-1.39,3127.0,2666460.9,-0.0139211136890951,-0.014018921179330929,847.78,828.025,840.1668420060623,831.2137704258795,58.03765990602625,8.953071580182836,6.194733371357592,22.881586813209292,828.025,21.068032031589148,870.1610640631783,785.8889359368217,762549.0
MANDU,2026-03-26,838.0,859.8,838.0,859.5,1.12,5120.0,4329367.8,0.011176470588235343,0.011114475338541856,853.3,830.8149999999999,843.1411740051296,833.3090466906291,61.1267510361621,9.832127314500553,6.922212159986184,22.80433061226577,830.8149999999999,21.36975912973786,873.5545182594757,788.0754817405242,767669.0
MANDU,2026-03-29,844.2,859.5,815.0,849.9,-1.12,9410.0,7918238.8,-0.011169284467713814,-0.011232129318323415,856.28,833.405,844.1809933889558,834.5380061950269,56.59291899564323,9.642987193928889,7.466367166774726,24.354021282818213,833.405,20.308760748941637,874.0225214978832,792.7874785021168,758259.0
MANDU,2026-03-30,836.0,853.5,820.0,848.0,-0.22,5126.0,4314247.8,-0.0022355571243675154,-0.00223805971267743,853.8799999999999,835.805,844.768532867578,835.5351909213211,55.7121718293396,9.233341946256814,7.819762122671143,25.007305476902626,835.805,18.943669266090353,873.6923385321807,797.9176614678192,753133.0
MANDU,2026-03-31,831.3,848.0,825.0,835.1,-1.52,2270.0,1902074.6,-0.015212264150943344,-0.015329157632719284,848.5,837.01,843.2810662725659,835.5029545567788,50.02028667620485,7.778111715787077,7.81143204129433,24.863926514266726,837.01,18.0271111618574,873.0642223237148,800.9557776762852,750863.0
MANDU,2026-04-01,785.2,800.0,785.2,793.5,0.06,1217.0,967613.2,-0.04981439348581007,-0.05109793819271996,837.2,836.1850000000001,835.6224406921712,832.39162458961,36.9205513444342,3.230816102561107,6.895308853547686,26.652217477533387,836.1850000000001,19.634188093861212,875.4533761877225,796.9166238122776,749646.0
MANDU,2026-04-02,806.0,826.2,806.0,816.1,-0.22,1115.0,910619.0,0.028481411468179063,0.028083356508733528,828.5200000000001,836.89,832.618988277991,831.1848375829722,45.30147278134827,1.4341506950187295,5.803077221841894,27.084201943423864,836.89,18.566208693834508,874.022417387669,799.757582612331,750761.0
MANDU,2026-04-05,803.5,816.0,799.4,803.0,-0.06,2000.0,1602873.0,-0.016051954417350855,-0.016182182528435552,819.14,836.54,828.0622208506078,829.0970718360854,41.83202534058514,-1.0348509854776466,4.435491580377986,26.342473233179305,836.54,19.156403354323647,874.8528067086472,798.2271932913527,748761.0
MANDU,2026-04-06,791.0,822.0,791.0,817.6,3.36,4589.0,3727756.0,0.0181818181818183,0.01801850550267843,813.0600000000001,836.6200000000001,826.4526484120527,828.2454368852643,46.7287648455296,-1.7927884732116581,3.1898355696600573,26.675153716523642,836.6200000000001,19.06925329037531,874.7585065807507,798.4814934192495,753350.0
MANDU,2026-04-07,808.0,833.9,808.0,822.0,0.54,1468.0,1199876.3,0.005381604696673259,0.005367175606739997,810.44,835.29,825.7676255794291,827.7828119308003,48.145516967016974,-2.0151863513711987,2.1488311854538065,26.61978559391481,835.29,19.117280691889455,873.5245613837789,797.0554386162211,754818.0
MANDU,2026-04-08,815.0,828.0,815.0,828.0,0.73,1302.0,1068052.0,0.007299270072992803,0.007272759329079878,817.34,834.1899999999999,826.1110677979784,827.7988999359263,50.09460674828151,-1.6878321379479075,1.3814985207734638,25.646943765778037,834.1899999999999,18.85749606640804,871.904992132816,796.4750078671839,756120.0
MANDU,2026-04-09,833.0,840.0,823.1,840.0,1.45,4312.0,3598748.0,0.01449275362318847,0.01438873745209967,822.1200000000001,833.9399999999999,828.2478265982895,828.7026851258577,53.832258579291164,-0.45485852756814893,1.0142271111051413,25.02216206822246,833.9399999999999,18.739415257963206,871.4188305159264,796.4611694840735,760432.0
MANDU,2026-04-10,824.0,851.0,824.0,851.0,1.31,7573.0,6355874.7,0.013095238095238049,0.01301023673601479,831.72,834.04,831.7481609677834,830.3543380794979,57.010656697289,1.3938228882855128,1.0901462665412156,25.16343620620657,834.04,18.82913196422431,871.6982639284486,796.3817360715514,768005.0
MANDU,2026-04-13,858.0,858.0,836.5,849.9,-0.13,1765.0,1488637.0,-0.0012925969447709074,-0.0012934330687936258,838.18,835.1049999999999,834.5407515881245,831.8021648884239,56.591088657810914,2.7385866997005905,1.4198343531730906,24.901762191477527,835.1049999999999,19.105592319909764,873.3161846398194,796.8938153601804,766240.0
MANDU,2026-04-15,845.0,845.0,835.1,842.0,-0.93,2120.0,1779790.3,-0.009295211201317821,-0.009338681262253852,842.18,835.805,835.6883282668746,832.5575600818739,53.543394750557404,3.1307681850006475,1.762021119538602,24.18020774922913,835.805,19.088036346853638,873.9810726937072,797.6289273062927,764120.0
MANDU,2026-04-16,835.0,835.0,816.1,816.1,-3.08,2542.0,2109083.8,-0.030760095011876487,-0.031243117767129545,839.8,835.5300000000001,832.67473930274,831.3384815572907,44.989037951086466,1.336257745449302,1.676868444720742,24.303050052855617,835.5300000000001,19.34139547569478,874.2127909513897,796.8472090486105,761578.0
MANDU,2026-04-17,832.0,848.6,820.0,839.7,2.89,2299.0,1915069.0,0.028918024751868776,0.02850778871432047,839.74,835.9199999999998,833.75554864078,831.9578532937877,52.44456779649638,1.7976953469923274,1.7010338251750592,24.888546477651644,835.9199999999998,19.34298730534131,874.6059746106824,797.2340253893173,763877.0
MANDU,2026-04-20,840.0,840.0,821.3,825.3,-1.71,1053.0,872236.1,-0.017148981779206984,-0.017297728590879104,834.6,835.4350000000001,832.4546950037369,831.4646789757294,48.1559766858244,0.990016028007517,1.558830265741551,24.446507443533672,835.4350000000001,19.48833051637948,874.4116610327591,796.458338967241,762824.0
MANDU,2026-04-21,825.2,849.5,816.2,838.0,1.54,2731.0,2266526.5,0.01538834363261854,0.01527114388344459,832.22,834.335,833.3078188493158,831.948776829379,51.89238132327302,1.359042019936851,1.518872616580611,25.07889976899555,834.335,18.630825475394133,871.5966509507883,797.0733490492117,765555.0
MANDU,2026-04-22,840.0,840.0,810.0,833.0,-0.6,1546.0,1273289.0,-0.005966587112171795,-0.005984458315240307,830.4200000000001,832.885,833.2604621032673,832.026645212388,50.353738236205146,1.233816890879325,1.4618614714403537,25.430406928353012,832.885,17.455847308653226,867.7966946173065,797.9733053826935,764009.0
MANDU,2026-04-23,815.7,830.0,815.6,830.0,-0.36,2775.0,2273686.0,-0.0036014405762304635,-0.003607941376199054,833.2,831.885,832.7588525489185,831.8765233448037,49.40715230365547,0.8823292041148534,1.3459550179752537,24.856806433470652,831.885,16.99043926199814,865.8658785239962,797.9041214760038,761234.0
MANDU,2026-04-24,830.0,825.0,806.0,810.2,-2.39,1599.0,1301634.5,-0.023855421686746925,-0.02414457002205336,827.3,829.4199999999998,829.288259849085,830.2708549488923,43.58369384130144,-0.9825950998073267,0.8802449944187377,24.795605973937036,829.4199999999998,16.336836001079725,862.0936720021593,796.7463279978404,759635.0
MANDU,2026-04-27,810.2,823.5,800.5,823.0,1.58,973.0,794335.2,0.0157985682547519,0.015675069908479614,826.8399999999999,828.075,828.320835256918,829.7322731008262,47.862028493186365,-1.4114378439081747,0.42190842675335527,24.667348404370106,828.075,15.655094176786976,859.385188353574,796.7648116464261,760608.0
MANDU,2026-04-28,823.0,823.9,805.0,823.0,0.0,2377.0,1924078.0,0.0,0.0,823.8399999999999,826.825,827.5022452173922,829.2335862044687,47.86202849288098,-1.7313409870764644,-0.008741456012608673,24.255394946915096,826.825,14.963213664108183,856.7514273282164,796.8985726717837,760608.0
MANDU,2026-04-29,823.0,823.0,800.4,806.0,-2.07,653.0,525978.6,-0.020656136087484844,-0.020872458170441553,818.4399999999999,825.3699999999999,824.1942074916395,827.5125798189525,42.85603365297543,-3.318372327313,-0.6706676302726869,24.13715245070688,825.3699999999999,15.520651776868345,856.4113035537366,794.3286964462632,759955.0
MANDU,2026-04-30,809.0,823.0,799.0,803.5,-0.31,222.0,178837.2,-0.0031017369727046606,-0.00310655732906096,813.14,825.8699999999999,821.0104832621565,825.7338702027338,42.15771739119993,-4.723386940577257,-1.481211492333601,24.12735584708496,825.8699999999999,14.57200271609067,855.0140054321812,796.7259945678186,759733.0
MANDU,2026-05-01,793.0,805.9,793.0,796.0,0.32,3650.0,2910777.8,-0.009334163036714416,-0.009377999333184305,810.3,824.865,817.1627166064401,823.5313612988275,40.04937167372938,-6.36864469238742,-2.458698132344365,23.325401858007464,824.865,15.912731579325047,856.6904631586501,793.0395368413499,756083.0
MANDU,2026-05-02,815.0,835.0,815.0,835.0,2.32,3322.0,2736193.0,0.04899497487437188,0.04783253900647248,812.7,826.4649999999999,819.9069140516032,824.3808900915069,53.165806622059534,-4.473976039903732,-2.8617537138562383,24.44501601100693,826.4649999999999,15.190934796774657,856.8468695935493,796.0831304064506,759405.0
MANDU,2026-05-04,810.0,810.0,790.0,791.0,-4.12,8787.0,7007413.4,-0.05269461077844306,-0.054133757083201554,806.3,825.135,815.4596965052027,821.9082315662101,42.00093402289498,-6.448535061007419,-3.5791099832864743,25.913229153077868,825.135,17.057681554064125,859.2503631081282,791.0196368918718,750618.0
MANDU,2026-05-05,799.0,839.5,799.0,807.0,0.5,2315.0,1901293.4,0.020227560050568805,0.02002570050229483,806.5,824.385,814.1582047351716,820.8039181168613,46.40822285330099,-6.6457133816896885,-4.1924306629671175,27.526569927858024,824.385,17.526109094715224,859.4372181894305,789.3327818105695,752933.0
MANDU,2026-05-06,802.1,830.0,802.1,820.0,-0.33,1060.0,867496.5,0.01610904584882289,0.015980671988350088,809.8,823.985,815.0569424682221,820.7443686267234,49.74940227643622,-5.687426158501239,-4.491429762073942,27.553243504439592,823.985,17.530553028171813,859.0461060563437,788.9238939436564,753993.0
MANDU,2026-05-07,804.0,819.9,802.0,809.8,0.6,2310.0,1858959.0,-0.012439024390243913,-0.012517036660238061,812.5600000000001,822.475,814.2481820884957,819.9336746543735,47.2597725039547,-5.68549256587778,-4.73024232283471,26.870868968408193,822.475,17.378476554873306,857.2319531097467,787.7180468902534,751683.0
MANDU,2026-05-08,801.3,820.0,801.3,808.2,-0.2,740.0,603260.0,-0.0019757964929610905,-0.0019777509536873113,807.2,820.335,813.3176925364194,819.0645135688643,46.863597545627414,-5.746821032444927,-4.933558064756753,26.287235470664754,820.335,16.28160974195532,852.8982194839107,787.7717805160894,750943.0
MANDU,2026-05-11,809.0,820.0,809.0,815.0,0.84,985.0,801162.8,0.008413758970551743,0.008378560596489308,812.0,818.59,813.5765090692779,818.7634384896892,48.82700241993929,-5.186929420411275,-4.984232335887658,25.25243293704584,818.59,14.743772994221136,848.0775459884424,789.1024540115577,751928.0
MANDU,2026-05-12,820.0,825.0,809.1,810.3,-0.58,1415.0,1149306.5,-0.005766871165644227,-0.005783563774183184,812.6600000000001,817.005,813.0724307509275,818.1365171200825,47.520025228769605,-5.064086369155007,-5.000203142541127,24.584402012971132,817.005,13.766185688886896,844.5373713777738,789.4726286222262,750513.0
MANDU,2026-05-13,802.1,812.0,802.1,810.0,-0.04,236.0,191106.4,-0.0003702332469455172,-0.0003703018001950727,810.6600000000001,816.7,812.5997490969387,817.5338121482246,47.4327493309143,-4.934063051285875,-4.986975124290077,23.535516154901764,816.7,13.854583129205743,844.4091662584116,788.9908337415885,750277.0
MANDU,2026-05-14,810.0,815.0,810.0,814.0,0.49,920.0,747868.0,0.004938271604938205,0.0049261183360557815,811.5,815.415,812.8151723127943,817.2720482853931,48.783426627779065,-4.456875972598823,-4.880955293951827,22.211550715265926,815.415,12.757465306732907,840.9299306134658,789.9000693865341,751197.0
MANDU,2026-05-15,806.1,815.0,806.1,815.0,0.12,1934.0,1570181.0,0.0012285012285011554,0.0012277472383223377,812.86,814.9,813.1512996492875,817.1037484124009,49.13529284870361,-3.952448763113466,-4.695253987784155,21.2607256641755,814.9,12.543524225665706,839.9870484513314,789.8129515486686,753131.0
MANDU,2026-05-18,801.1,815.9,801.1,814.0,-0.12,1570.0,1271547.5,-0.0012269938650306678,-0.0012277472383224036,812.6600000000001,813.7,813.2818689340126,816.8738411225935,48.77442853870424,-3.5919721885809395,-4.4745976279435125,20.799245259591533,813.7,11.304074719454961,836.3081494389099,791.0918505610902,751561.0
MANDU,2026-05-19,806.2,810.0,806.2,809.0,-0.61,2086.0,1686158.0,-0.00614250614250611,-0.006161448944048575,812.4,812.5,812.6231198672414,816.290593632031,46.918960605973744,-3.6674737647896336,-4.313172855312737,19.87072774104928,812.5,10.383843726009125,833.2676874520182,791.7323125479818,749475.0
MANDU,2026-05-20,805.0,820.0,805.0,813.1,0.51,1410.0,1145797.0,0.005067985166872679,0.005055186155300157,813.02,811.655,812.6964860415119,816.0542533629916,48.64419973670518,-3.3577673214797414,-4.122091748546138,19.522818616688618,811.655,9.537983622276295,830.7309672445525,792.5790327554474,750885.0
MANDU,2026-05-21,803.0,815.0,803.0,815.0,0.23,800.0,646442.5,0.002336735948837765,0.0023340100270708426,813.22,811.895,813.0508728043562,815.9761605212885,49.46392035222123,-2.925287716932303,-3.8827309422233713,18.98547442978229,811.895,9.55981033724383,831.0146206744877,792.7753793255123,751685.0
MANDU,2026-05-22,806.5,820.0,806.5,818.9,0.48,3877.0,3175059.3,0.00478527607361956,0.004773863035279783,814.0,811.6899999999999,813.950738526763,816.1927412234153,51.18624211276331,-2.242002696652321,-3.5545852931091613,18.593654827654984,811.6899999999999,9.350817583160717,830.3916351663214,792.9883648336785,755562.0
MANDU,2026-05-25,815.0,835.0,815.0,827.0,0.99,1208.0,998202.8,0.009891317621199214,0.009842718747548794,816.6,811.89,815.9583172149534,816.9932789105696,54.64368931684836,-1.034961695616289,-3.050660573610587,18.694108054251057,811.89,9.643645303343828,831.1772906066876,792.6027093933124,756770.0
MANDU,2026-05-26,840.0,851.0,822.0,830.0,0.36,2377.0,1993982.0,0.0036275695284160303,0.003621005766952362,820.8,813.0899999999999,818.1185761049605,817.9567397320089,55.88984643663374,0.1618363729515977,-2.4081611842981503,19.430243193233125,813.0899999999999,10.340207673770633,833.7704153475412,792.4095846524586,759147.0
MANDU,2026-05-27,820.0,835.0,820.0,830.0,0.0,687.0,566746.0,0.0,0.0,824.18,814.415,819.9464874734282,818.8488330851935,55.88984643608251,1.0976543882346732,-1.7069980697915856,19.11379725085933,814.415,10.736914924927266,835.8888298498545,792.9411701501455,759147.0
MANDU,2026-06-01,830.0,835.0,810.0,820.0,-1.2,1598.0,1321457.0,-0.012048192771084376,-0.01212136053234485,825.18,815.615,819.9547201698239,818.9341047085126,50.523523274266914,1.0206154613113085,-1.161475363571007,19.53424030436938,815.615,9.877207947692897,835.3694158953858,795.8605841046142,757549.0
MANDU,2026-06-02,830.0,839.0,821.2,833.0,1.59,2256.0,1868900.4,0.01585365853658538,0.015729301908543908,828.0,815.515,821.9616862975433,819.9760228782524,56.38619907243286,1.9856634192909723,-0.5320476069986111,19.49608028262871,815.515,9.678749103597472,834.8724982071949,796.1575017928051,759805.0
MANDU,2026-06-03,820.0,830.0,820.0,824.0,-1.08,385.0,318051.0,-0.010804321728691502,-0.010863112257371016,827.4,817.165,822.2752730209982,820.2740952576411,51.80913206376108,2.0011777633570773,-0.02540253292747341,19.03207454815523,817.165,7.935415287767608,833.0358305755352,801.2941694244647,759420.0
MANDU,2026-06-04,791.0,822.0,791.0,817.6,3.36,4589.0,3727756.0,-0.007766990291262155,-0.00779731046003173,824.9200000000001,817.6949999999999,821.556000248537,820.0760141274454,48.776976526956396,1.4799861210915424,0.27567519787632977,20.029783509001284,817.6949999999999,7.566162553721392,832.8273251074427,802.5626748925572,754831.0
MANDU,2026-06-05,801.0,810.0,801.0,805.0,-0.25,1138.0,916384.0,-0.015410958904109595,-0.015530942030876623,819.9200000000001,816.9449999999999,819.0089232872235,818.9592723402274,43.39259268331389,0.04965094699616657,0.23047034770029715,19.78479897264405,816.9449999999999,8.05340562154455,833.051811243089,800.8381887569109,753693.0
MANDU,2026-06-07,811.0,815.0,806.8,810.0,-0.12,1931.0,1566021.2,0.006211180124223503,0.00619197024792098,817.92,816.955,817.6229350891891,818.2956225372476,45.9427065662667,-0.6726874480584684,0.04983878854854404,19.085884760312336,816.955,8.044185543141941,833.043371086284,800.8666289137161,755624.0
MANDU,2026-06-08,810.0,830.0,806.0,806.0,-0.49,1682.0,1359309.0,-0.004938271604938316,-0.004950505159856203,812.52,816.845,815.8347912293139,817.3848356826367,44.22621849692626,-1.550044453322812,-0.27013785982572713,19.4368929917186,816.845,8.184032913955344,833.2130658279107,800.4769341720894,753942.0
MANDU,2026-06-09,810.0,820.0,810.0,812.1,-0.72,1033.0,841330.3,0.00756823821339947,0.007539742781736866,810.14,816.7,815.2602079632655,816.9933663728117,47.45060055917603,-1.7331584095461494,-0.5627419697698116,19.04854349231013,816.7,8.243913225102519,833.1878264502051,800.212173549795,754975.0
MANDU,2026-06-10,808.0,830.0,808.0,813.1,0.12,742.0,606325.2,0.0012313754463735282,0.0012306179254265883,809.24,816.84,814.9278682766093,816.7049688637145,47.98152034242284,-1.777100587105224,-0.805613693236894,19.25936181428798,816.84,8.152778021849144,833.1455560436983,800.5344439563017,755717.0
MANDU,2026-06-11,806.5,829.0,806.5,828.6,1.91,1580.0,1296843.0,0.01906284589841345,0.018883426429509555,813.96,817.77,817.031273157131,817.586082281217,55.488271100152495,-0.5548091240860913,-0.7554527794067335,19.49083597041027,817.77,8.388908717678728,834.5478174353574,800.9921825646426,757297.0
MANDU,2026-06-12,825.0,835.0,817.1,835.0,0.77,3063.0,2537035.5,0.007723871590634701,0.007694195207553943,818.96,818.8199999999999,819.7956926714185,818.876002112238,58.17232379603636,0.9196905591804807,-0.42042411168929067,19.37720482966668,818.8199999999999,9.170065717486402,837.1601314349728,800.4798685650271,760360.0
MANDU,2026-06-15,820.0,830.0,820.0,821.0,-1.68,1505.0,1235206.0,-0.016766467065868262,-0.01690861539842726,821.96,819.12,819.9809707219695,819.0333352891092,50.93663950412064,0.9476354328602383,-0.14681220277938486,19.06454734183335,819.12,9.136600772939133,837.3932015458782,800.8467984541218,758855.0
MANDU,2026-06-16,821.0,835.0,812.1,821.2,0.02,2097.0,1737731.0,0.00024360535931799987,0.0002435756923503794,823.7800000000001,819.4800000000001,820.1685136878202,819.1938289713975,51.03034754524195,0.9746847164227574,0.0774871810610436,19.33850824598811,819.4800000000001,9.065817813713238,837.6116356274266,801.3483643725737,760952.0
MANDU,2026-06-17,820.0,828.0,820.0,821.1,-0.01,1089.0,897990.4,-0.0001217730150998575,-0.00012178043003542623,825.3799999999999,820.085,820.3118192743095,819.335026825368,50.97792037981494,0.9767924489415236,0.25734823463713963,18.528614799846103,820.085,8.727046585479211,837.5390931709585,802.6309068290416,759863.0
MANDU,2026-06-18,829.0,830.0,821.2,826.1,0.61,1625.0,1344773.5,0.006089392278650685,0.006070926853716615,824.8799999999999,820.735,821.2023086167235,819.8361359494148,53.54766566377193,1.3661726673086605,0.4791131211714438,17.840856599857094,820.735,8.663308897441706,838.0616177948834,803.4083822051166,761488.0
MANDU,2026-06-19,826.1,832.0,826.1,830.0,0.47,800.0,664106.0,0.0047209780898196385,0.0047098692221840075,823.8799999999999,821.485,822.555799598766,820.5890147679768,55.50683049787008,1.9667848307892655,0.7766474630950082,16.987938271295874,821.485,8.789064676892398,839.0631293537848,803.9068706462152,762288.0
MANDU,2026-06-22,871.3,871.3,821.0,827.0,-0.36,1429.0,1191140.2,-0.0036144578313253017,-0.0036210057669522934,825.0799999999999,821.89,823.2395227374175,821.0639025629414,53.63297268405245,2.17562017447608,1.0564420053712227,19.367371251917593,821.89,8.850090692361212,839.5901813847224,804.1898186152775,760859.0
MANDU,2026-06-23,815.0,835.0,815.0,835.0,0.97,2112.0,1757463.5,0.0096735187424426,0.009627029827164202,827.8399999999999,822.29,825.0488269316609,822.0962060767976,57.730920385129224,2.952620854863312,1.4356777752696406,19.412559019637765,822.29,9.2643004678041,840.8186009356082,803.7613990643918,762971.0
MANDU,2026-06-24,815.0,830.0,813.5,821.0,-1.68,2000.0,1635543.0,-0.016766467065868262,-0.01690861539842726,827.8199999999999,821.8399999999999,824.4259304806362,822.0150056266643,49.48802134851193,2.410924853971892,1.630727191010091,19.561661946806495,821.8399999999999,9.086971587467392,840.0139431749348,803.6660568250651,760971.0
MANDU,2026-06-25,820.0,825.0,815.0,816.1,-0.6,1666.0,1362858.0,-0.005968331303288665,-0.005986212977231031,825.82,821.1450000000001,823.1450180989999,821.5768570617263,46.960709261622156,1.5681610372736259,1.618213960262798,18.878686093463177,821.1450000000001,8.96070221636604,839.0664044327322,803.223595567268,759305.0
MANDU,2026-06-26,812.6,828.0,791.7,823.0,0.85,631.0,509345.0,0.008454846219825951,0.008419304201872578,824.4200000000001,821.2950000000001,823.1227076222307,821.6822750571539,50.773112709811734,1.440432565076776,1.5826576812255937,20.123065658215804,821.2950000000001,8.965634682665739,839.2262693653315,803.3637306346686,759936.0
MANDU,2026-06-29,810.0,818.9,805.0,812.0,-1.34,1656.0,1342743.0,-0.013365735115431376,-0.013455860515391889,821.4200000000001,820.2450000000001,821.4115218341951,820.9650694973648,45.19577134626217,0.4464523368303617,1.3554166123465474,19.97141811120039,820.2450000000001,8.74976541038121,837.7445308207625,802.7454691792377,758280.0
MANDU,2026-06-30,810.0,824.0,791.0,805.0,-0.86,2469.0,1979128.0,-0.008620689655172376,-0.008658062743114541,815.42,819.2950000000001,818.886672321242,819.7824717568193,42.03160403431784,-0.8957994355772598,0.905173402761786,20.902031103257507,819.2950000000001,9.332652074126832,837.9603041482537,800.6296958517464,755811.0
MANDU,2026-07-01,786.0,830.0,785.1,806.3,0.16,778.0,632680.0,0.0016149068322981464,0.0016136042724129915,812.4799999999999,818.73,816.950261194897,818.7837701452031,42.83207223218771,-1.8335089503060544,0.357436932148218,22.616171738739112,818.73,9.772361671133597,838.2747233422672,799.1852766577329,756589.0
MANDU,2026-07-02,766.0,820.0,766.0,820.0,1.7,1230.0,994957.0,0.016991194344536886,0.016848458567322557,813.26,819.4799999999999,817.4194517802975,818.8738612455585,50.57740748275216,-1.4544094652609374,-0.004932347333613085,24.857873757400604,819.4799999999999,9.223345665376508,837.9266913307529,801.0333086692469,757819.0
MANDU,2026-07-03,806.5,811.0,806.5,811.0,-1.1,410.0,331567.0,-0.01097560975609757,-0.011036286142885886,810.86,819.53,816.4318438140979,818.2906122644059,46.15356505775856,-1.8587684503080482,-0.3756995679285001,24.04659706044342,819.53,9.171816097490044,837.87363219498,801.1863678050199,757409.0
MANDU,2026-07-04,808.0,833.9,808.0,822.0,0.54,1468.0,1199876.3,0.013563501849568338,0.0134723409407669,812.86,820.3299999999999,817.2884832273136,818.5653817263018,51.71274189839944,-1.2768984989882028,-0.5559393541404407,24.178982984697463,820.3299999999999,8.61015923808174,837.5503184761634,803.1096815238365,758877.0
MANDU,2026-07-05,804.0,819.9,802.0,809.8,0.6,2310.0,1858959.0,-0.014841849148418573,-0.01495309145811925,813.8199999999999,820.2149999999999,816.13640888465,817.9160941910202,46.03595582764384,-1.7796853063701974,-0.800688544586392,23.880484200076214,820.2149999999999,8.740244185428343,837.6954883708567,802.7345116291432,756567.0
MANDU,2026-07-06,811.0,815.0,806.8,810.0,-0.12,1931.0,1566021.2,0.0002469745616202612,0.00024694406842381,814.5600000000001,820.0600000000001,815.1923459793193,817.3297168435372,46.140337304795054,-2.137370864217928,-1.0680250085126992,22.76044961435649,820.0600000000001,8.899106992447017,837.8582139848941,802.261786015106,758498.0
MANDU,2026-07-07,812.0,812.0,806.1,806.2,-0.47,455.0,367659.5,-0.004691358024691339,-0.004702396983419021,811.8,818.94,813.8089081363471,816.5052933736456,44.38370529868615,-2.6963852372985,-1.3936970542698595,21.556131784759597,818.94,9.173095672148452,837.286191344297,800.5938086557031,758043.0
MANDU,2026-07-08,802.0,810.0,796.5,798.0,-0.99,5828.0,4673778.4,-0.01017117340610274,-0.010223253233256681,809.2,817.09,811.3767684230629,815.1345309015237,40.7760875227537,-3.7577624784607906,-1.8665101391080459,20.980693800133913,817.09,9.489268176533937,836.0685363530679,798.1114636469322,752215.0
MANDU,2026-07-09,780.0,810.0,780.0,800.0,1.27,4232.0,3400178.4,0.0025062656641603454,0.0025031302181184748,804.8,816.0400000000001,809.6264963579763,814.0134545384478,42.01408651762826,-4.386958180471538,-2.3705997473807443,21.624929957267206,816.0400000000001,10.171187375692368,836.3823747513848,795.6976252486154,756447.0
MANDU,2026-07-10,800.0,809.0,797.1,809.0,1.13,910.0,727042.0,0.011249999999999982,0.011187189390564376,804.64,815.4300000000001,809.530112302903,813.6420875355998,47.347880678574214,-4.11197523269675,-2.7188748444439454,20.93029210317669,815.4300000000001,10.211196125609124,835.8523922512184,795.0076077487818,757357.0
MANDU,2026-07-13,796.2,803.0,785.0,787.0,-2.72,1440.0,1137719.0,-0.027194066749072876,-0.027570668641088408,800.04,813.725,806.0639411793795,811.6685995699999,38.11778403492136,-5.6046583906203296,-3.296031553679222,21.149556952949784,813.725,11.918754571102752,837.5625091422055,789.8874908577945,755917.0
MANDU,2026-07-14,790.0,818.8,788.0,804.0,2.16,2059.0,1656771.8,0.021601016518424387,0.021371020761563133,799.6,812.62,805.7464117671673,811.1005551574073,46.75537100085893,-5.354143390239983,-3.7076539209913744,21.91030288488194,812.62,11.734097861848902,836.0881957236978,789.1518042763022,757976.0
MANDU,2026-07-15,799.0,817.0,791.1,791.1,-1.6,1119.0,891096.2,-0.016044776119402915,-0.0161748871516156,798.22,810.675,803.4931176491416,809.6190325531549,41.968264806291145,-6.125914904013257,-4.191306117595751,22.195281250247515,810.675,11.924052428417928,834.5231048568359,786.826895143164,756857.0
MANDU,2026-07-16,800.0,802.0,790.0,800.0,1.13,3127.0,2493454.0,0.011250158007837241,0.011187345640576652,798.22,809.325,802.955714933889,808.9065116232915,46.07078416767241,-5.950796689402523,-4.543204231957105,21.467046875229837,809.325,11.499376413293389,832.3237528265868,786.3262471734133,759984.0
MANDU,2026-07-17,819.0,819.0,791.1,800.0,0.0,593.0,475567.2,0.0,0.0,796.4200000000001,807.575,802.5009895594445,808.2467700215662,46.07078416727831,-5.745780462121729,-4.78371947799003,21.926543526999133,807.575,9.944523750861688,827.4640475017234,787.6859524982767,759984.0
MANDU,2026-07-20,790.1,813.0,790.1,801.1,0.14,3691.0,2974534.8,0.0013750000000001261,0.0013740555531439505,799.24,806.5799999999999,802.2854527041454,807.7173796495985,46.61179066653185,-5.431926945453029,-4.91336097148263,21.996076132213478,806.5799999999999,9.516943339444136,825.6138866788882,787.5461133211116,763675.0
MANDU,2026-07-21,801.1,820.0,801.1,805.1,0.5,3008.0,2420598.6,0.00499313444014482,0.00498071008486396,799.4599999999999,806.03,802.7184599804307,807.5234996755541,48.62988250421158,-4.805039695123469,-4.891696716210798,21.774927837055372,806.03,9.251975606942219,824.5339512138844,787.5260487861156,766683.0
MANDU,2026-07-22,801.1,824.0,801.1,824.0,2.35,2016.0,1628716.2,0.023475344677679866,0.02320403660353671,806.04,806.0799999999999,805.9925430603644,808.7439811810686,56.916752077806365,-2.751438120704279,-4.463644997109494,21.85529013440856,806.0799999999999,9.350688125529981,824.7813762510599,787.37862374894,768699.0
MANDU,2026-07-23,804.2,874.0,804.2,839.0,1.82,6108.0,5069769.0,0.01820388349514568,0.018040176557734523,813.8399999999999,807.43,811.0706133587698,810.9851677602487,62.13718988438932,0.08544559852111888,-3.5538268779833717,25.27991226766509,807.43,11.862151220534171,831.1543024410682,783.7056975589317,774807.0
MANDU,2026-07-24,816.2,857.9,816.2,857.9,2.25,5451.0,4586272.1,0.022526817640047714,0.022276836111713407,825.4200000000001,810.075,818.2751343804975,814.4603405187488,67.48353557464029,3.81479386174874,-2.0801027300369497,26.45277567711758,810.075,16.34319027671532,842.7613805534306,777.3886194465695,780258.0
MANDU,2026-07-27,858.0,858.0,819.0,839.0,-2.2,678.0,564708.8,-0.02203053968994051,-0.022276836111713327,833.0,811.71,821.4635752450364,816.2780930729156,58.57615982645114,5.185482172120828,-0.6269857496053941,27.349005985894895,811.71,17.53768573821811,846.7853714764362,776.6346285235638,779580.0
MANDU,2026-07-28,845.0,845.0,819.7,839.9,0.11,3309.0,2722103.5,0.0010727056019070869,0.0010721306643753127,839.96,812.705,824.2999482842615,818.0278639564033,58.85466797371343,6.272084327858238,0.7528282658873323,27.202648415473828,812.705,18.567075415195312,849.8391508303906,775.5708491696095,782889.0
MANDU,2026-07-29,820.0,839.0,815.4,825.0,-1.77,3558.0,2917749.4,-0.017740207167519895,-0.0178994507969004,840.1600000000001,813.405,824.4076485482212,818.5443184781511,52.55483977316757,5.863330070070106,1.774928626723887,27.00960210008284,813.405,18.762293513709935,850.9295870274199,775.8804129725801,779331.0
MANDU,2026-07-30,830.0,830.0,815.0,816.0,-1.09,1759.0,1434945.0,-0.010909090909090868,-0.010969031370573933,835.5600000000001,813.105,823.1141641561871,818.3558504427325,49.133719380489886,4.7583137134546405,2.371605644070038,26.151773378648354,813.105,18.665348559348434,850.4356971186969,775.7743028813031,777572.0
MANDU,2026-07-31,825.0,825.0,806.2,815.0,-0.12,6953.0,5680495.0,-0.001225490196078427,-0.0012262417232442964,826.9799999999999,813.365,821.8658312090814,818.1072689284559,48.75396069230851,3.7585622806254833,2.648996971381127,25.626646708744897,813.365,18.65310119552219,850.6712023910444,776.0587976089556,770619.0
MANDU,2026-08-01,800.0,805.0,795.1,800.0,0.0,2973.0,2384751.0,-0.018404907975460127,-0.01857638557293542,819.1800000000001,812.865,818.5018571769151,816.7659897485703,43.34246157140564,1.735867428344818,2.4663710627738658,25.21760051526312,812.865,18.88068561979543,850.6263712395909,775.1036287604092,767646.0
MANDU,2026-08-02,821.0,846.0,821.0,827.9,-0.85,6576.0,5470264.5,0.03487499999999999,0.034280646476832884,816.78,813.95,819.9477253035435,817.5907312486762,53.648060330614314,2.3569940548673003,2.4444956611925526,26.702057621315753,813.95,19.099751996181883,852.1495039923639,775.7504960076362,774222.0
MANDU,2026-08-03,815.0,815.0,800.0,801.0,-1.72,2241.0,1798615.4,-0.032491846841405936,-0.033031427076400936,811.9799999999999,814.1,817.0326906414599,816.3617881932188,45.12549619705436,0.6709024482411223,2.0897770186022666,26.787624934078913,814.1,18.97929619902673,852.0585923980535,776.1414076019465,771981.0
MANDU,2026-08-04,815.0,828.0,815.0,828.0,0.73,1302.0,1068052.0,0.03370786516853941,0.03315220731690055,814.3799999999999,815.5,818.7199690043122,817.2238779566841,53.167428705611606,1.4960910476281697,1.9710398244074474,26.802794581644704,815.5,18.917076662992798,853.3341533259857,777.6658466740143,773283.0
MANDU,2026-08-05,801.3,820.0,801.3,808.2,-0.2,740.0,603260.0,-0.023913043478260843,-0.024203601740886364,813.02,815.46,817.1015122344181,816.5554425524853,47.65225284959637,0.5460696819328632,1.6860457959125308,26.795452111527233,815.46,18.932383840779252,853.3247676815586,777.5952323184415,772543.0
MANDU,2026-08-06,816.0,820.0,811.0,818.0,-0.24,707.0,577739.0,0.012125711457559918,0.012052783958373663,816.62,817.01,817.2397411214307,816.6624468078568,50.39499376204011,0.5772943135739297,1.4642954994448105,25.724348389275285,817.01,17.70919772915721,852.4283954583144,781.5916045416856,773250.0
MANDU,2026-08-07,803.0,805.0,781.0,790.0,-2.01,3483.0,2782018.0,-0.03422982885085579,-0.034829391141679926,809.04,816.3100000000001,813.0490117181337,814.6874507480155,43.39853196912214,-1.6384390298818516,0.8437485935794782,26.52975207575562,816.3100000000001,18.509141411457612,853.3282828229153,779.2917171770848,769767.0
MANDU,2026-08-10,800.0,809.9,791.5,800.0,0.25,3342.0,2662148.7,0.012658227848101333,0.012578782206860185,808.8399999999999,816.7549999999999,811.0414714538055,813.5994914333477,46.26768225592868,-2.558019979542223,0.16339487895513793,26.05619835605879,816.7549999999999,17.970281753930582,852.695563507861,780.8144364921387,773109.0
MANDU,2026-08-11,798.0,802.0,790.0,802.0,0.25,6360.0,5083690.9,0.0024999999999999467,0.002496880198587146,803.64,816.8549999999999,809.6504758455277,812.7402698456923,46.847992124333636,-3.089794000164602,-0.4872428968688101,25.052184187768876,816.8549999999999,17.877462288999453,852.6099245779988,781.100075422001,779469.0
MANDU,2026-08-12,796.0,802.0,796.0,802.0,0.0,1452.0,1162012.1,0.0,0.0,802.4,816.9549999999999,808.4734795616004,811.944694301567,46.84799212406119,-3.4712147399666264,-1.0840372654883734,23.691313888642526,816.9549999999999,17.783566482625634,852.5221329652512,781.3878670347486,779469.0
MANDU,2026-08-13,802.0,822.0,802.0,811.9,1.23,5745.0,4656356.4,0.012344139650872776,0.012268572001886238,801.1800000000001,817.4950000000001,809.0006365521233,811.941383612562,49.951077196900314,-2.9407470604387527,-1.4553792244784494,23.427648610882343,817.4950000000001,17.437391010785362,852.3697820215708,782.6202179784294,785214.0
MANDU,2026-08-14,815.5,833.9,809.0,833.9,2.71,6279.0,5199801.1,0.027096933119842292,0.02673631122453884,809.96,818.9350000000001,812.8313078517967,813.5679477894093,56.086496693296226,-0.7366399376126083,-1.3116313671052813,23.53281656724789,818.9350000000001,17.548737396473435,854.0324747929469,783.8375252070532,791493.0
MANDU,2026-08-17,875.5,875.5,803.0,820.0,-1.67,3558.0,2912906.6,-0.016668665307590813,-0.016809150834640844,813.96,818.735,813.934183566905,814.044396101305,51.768411841656814,-0.1102125344000342,-1.0713476005642317,27.030472526730183,818.735,17.510726787641858,853.7564535752838,783.7135464247162,787935.0
MANDU,2026-08-18,815.0,820.0,810.1,817.4,-0.32,1281.0,1046418.8,-0.003170731707317076,-0.003175769128121866,817.04,817.655,814.4673860950734,814.2929593530602,50.97781099984797,0.1744267420132246,-0.8221927320487405,25.806867346249454,817.655,16.848659949833493,851.352319899667,783.9576801003329,786654.0
MANDU,2026-08-19,817.4,817.4,795.2,801.0,-2.01,3375.0,2698418.4,-0.02006361634450693,-0.020267624061817667,816.8399999999999,814.8100000000001,812.3954805419852,813.3082956972779,46.186416984589044,-0.9128151552927193,-0.8403172166975363,25.54923396437449,814.8100000000001,14.307741739494508,843.4254834789891,786.194516521011,783279.0
MANDU,2026-08-20,814.7,840.0,801.0,840.0,4.87,17075.0,14025272.9,0.04868913857677892,0.047540944768999976,822.46,814.86,816.642329689372,815.285458978961,56.626629085021285,1.3568707104110445,-0.40087963127582027,26.51000296691917,814.86,14.398187020369857,843.6563740407397,786.0636259592603,800354.0
MANDU,2026-08-21,765.0,765.1,755.5,763.9,0.03,4328.0,3281114.8,-0.09059523809523817,-0.09496500129004537,808.46,811.06,808.5281251217763,811.4791286842232,40.22684533517963,-2.9510035624468856,-0.9109044175100334,30.65214561213923,811.06,17.198482185168295,845.4569643703366,776.6630356296633,796026.0
MANDU,2026-08-24,741.0,760.0,726.0,738.0,-3.39,828.0,609300.0,-0.03390496138237986,-0.03449306594684149,792.0600000000001,806.7099999999999,797.6776443338107,806.0362302631695,36.36655985700644,-8.35858592935881,-2.400440719879789,31.169849496986426,806.7099999999999,23.378980663022446,853.4679613260448,759.952038673955,795198.0
MANDU,2026-08-25,734.0,734.0,711.1,711.2,-3.63,3553.0,2533242.8,-0.036314363143631345,-0.03699014040077758,770.82,801.47,784.3733913593783,799.0113243177495,32.85335929201649,-14.637932958371266,-4.847939167578085,30.864860247201683,801.47,31.5157955384428,864.5015910768856,738.4384089231145,791645.0
MANDU,2026-08-26,700.0,732.4,670.0,732.4,2.98,7138.0,4937386.5,0.029808773903261976,0.02937312860066071,757.1,797.3399999999999,776.377484996397,794.0771521460643,37.959163084062645,-17.699667149667334,-7.418284763995935,33.11737022954442,797.3399999999999,34.881851713279964,867.1037034265598,727.57629657344,798783.0
MANDU,2026-08-27,712.0,720.0,695.0,700.1,-4.41,741.0,522561.5,-0.04410158383397045,-0.045103630817203685,729.1200000000001,792.345,764.6424873046436,787.1158816167263,33.74854173594824,-22.473394312082632,-10.429306673613276,33.42327235600553,792.345,41.08250331889791,874.5100066377959,710.1799933622042,798042.0
MANDU,2026-08-31,681.0,688.0,622.0,635.0,-9.3,3851.0,2509176.0,-0.09298671618340237,-0.09759818309046026,703.3399999999999,782.7,744.6974892577754,775.8480385340058,27.199793239478325,-31.150549276230436,-14.57355519413671,36.61446718771943,782.7,53.16332332885448,889.026646657709,676.3733533422911,794191.0
MANDU,2026-09-02,813.1,829.1,813.0,813.0,-1.8,1270.0,1036104.0,0.28031496062992134,0.247106110655119,718.3399999999999,783.3,755.2055678335023,778.600035679635,53.67123983146406,-23.39446784613267,-16.337737724535902,47.86343381716804,783.3,53.44768224013092,890.1953644802618,676.4046355197381,795461.0
MANDU,2026-09-03,832.0,848.6,832.0,848.6,4.0,160.0,133286.0,0.04378843788437892,0.04285682322041396,745.82,784.33,769.5739420129635,783.7852182218843,57.036074256209005,-14.211276208920822,-15.912445421412887,46.9874742587989,784.33,54.5417377601286,893.4134755202572,675.2465244797429,795621.0
MANDU,2026-09-04,833.0,840.0,823.1,840.0,1.45,4312.0,3598748.0,-0.010134338911147789,-0.010186040930865196,767.34,785.9200000000001,780.4087201648151,787.9492761313743,55.97836485207578,-7.540555966559168,-14.238067530442144,45.45265466888469,785.9200000000001,55.7249032489529,897.3698064979059,674.4701935020943,791309.0
MANDU,2026-09-06,810.0,820.0,810.0,812.1,-0.72,1033.0,841330.3,-0.03321428571428564,-0.033778406548994035,789.74,785.625,785.2843016779204,789.7382186401614,52.57221720979136,-4.45391696224101,-12.281237416801918,44.348893621107216,785.625,55.56151522127622,896.7480304425525,674.5019695574475,790276.0
