Symbol,Date,Open,High,Low,Close,Percent Change,Volume,Turnover,Daily_Return,Log_Return,SMA_5,SMA_20,EMA_12,EMA_26,RSI_14,MACD,MACD_Signal,ATR_14,BB_Middle,BB_Std,BB_Upper,BB_Lower,OBV
SWBBL,2012-01-01,230.0,230.0,230.0,230.0,0.00 %,125.0,28750.0,,,,,230.0,230.0,,0.0,0.0,0.0,,,,,0.0
SWBBL,2012-01-02,230.0,238.0,226.0,238.0,3.48 %,345.0,80080.0,0.034782608695652195,0.03419136474827934,,,231.23076923076923,230.59259259259258,99.9999999875,0.6381766381766454,0.1276353276353291,0.8571428571428571,,,,,345.0
SWBBL,2012-01-03,238.0,241.0,241.0,241.0,1.26 %,58.0,13978.0,0.012605042016806678,0.012526259819180256,,,232.73372781065086,231.36351165980795,99.99999998691588,1.3702161508429072,0.37615149227684475,1.010204081632653,,,,,403.0
SWBBL,2012-01-08,241.0,238.0,238.0,238.0,-1.24 %,302.0,71876.0,-0.012448132780082943,-0.012526259819180256,,,233.5439235320892,231.85510338871106,97.06908582063815,1.6888201433781376,0.6386852224971034,1.1523323615160348,,,,,101.0
SWBBL,2012-01-09,238.0,248.0,240.0,248.0,4.20 %,206.0,49890.0,0.04201680672268915,0.04115807249350755,239.0,,235.76793529638317,233.05102165621395,97.34809848622453,2.716913640169224,1.0543309060315276,1.7843086214077466,,,,,307.0
SWBBL,2012-01-10,248.0,248.0,240.0,240.0,-3.23 %,502.0,122016.0,-0.032258064516129004,-0.03278982282299084,241.0,,236.4190221738627,233.56576079279068,89.96923436959398,2.8532613810720022,1.4141170010396227,2.2282865770214793,,,,,-195.0
SWBBL,2012-01-11,240.0,244.0,240.0,240.0,0.00 %,146.0,35168.0,0.0,0.0,241.4,,236.9699418394223,234.0423711044358,89.96923436867596,2.927570734986489,1.716807747828996,2.3548375358056592,,,,,-195.0
SWBBL,2012-01-12,240.0,242.0,230.0,242.0,0.83 %,3956.0,936424.0,0.008333333333333304,0.008298802814695064,241.6,,237.74379694104962,234.63182509669983,90.18494140405227,3.111971844349796,1.9958405671331563,3.043777711819541,,,,,3761.0
SWBBL,2012-01-16,242.0,243.0,239.0,243.0,0.41 %,1284.0,307036.0,0.004132231404958775,0.004123717183862156,242.6,,238.55244356550352,235.2516899043517,90.29729263770486,3.3007536611518162,2.2568231859368884,3.112079303832431,,,,,5045.0
SWBBL,2012-01-17,243.0,239.0,235.0,235.0,-3.29 %,4712.0,1125368.0,-0.03292181069958844,-0.033475929196389455,240.0,,238.0059137861953,235.23304620773308,82.19165221539184,2.772867578462211,2.360032064441953,3.4612164964158287,,,,,333.0
SWBBL,2012-01-18,235.0,231.0,231.0,231.0,-1.70 %,2000.0,462000.0,-0.017021276595744705,-0.017167803622365446,238.2,,236.9280808960114,234.9194872293825,78.40204096593999,2.0085936666289115,2.289744384879345,3.4997010323861266,,,,,-1667.0
SWBBL,2012-01-22,231.0,227.0,222.0,222.0,-3.90 %,5837.0,1306389.0,-0.038961038961038974,-0.03974032864951411,234.6,,234.63145306585582,233.96248817535417,70.52313753997971,0.6689648905016554,1.9655884860038073,3.892579530072832,,,,,-7504.0
SWBBL,2012-01-23,222.0,218.0,218.0,218.0,-1.80 %,3000.0,654000.0,-0.018018018018018056,-0.018182319083190474,229.8,,232.0727679788011,232.78008164384644,67.28668170184136,-0.7073136650453478,1.4310080557939764,3.900252420781915,,,,,-10504.0
SWBBL,2012-01-26,218.0,228.0,222.0,228.0,4.59 %,376.0,84448.0,0.04587155963302747,0.04485056616535171,226.8,,231.4461882897548,232.42600152208004,70.88411497616757,-0.979813232325256,0.9488437981701299,4.33594867644035,,,,,-10128.0
SWBBL,2012-02-01,228.0,232.0,232.0,232.0,1.75 %,32.0,7424.0,0.01754385964912286,0.01739174271186924,226.2,,231.531390091331,232.39444585377782,72.20098302712975,-0.8630557624468338,0.5864638860467372,4.311952342408897,,,,,-10096.0
SWBBL,2012-02-02,232.0,236.0,236.0,236.0,1.72 %,10.0,2360.0,0.01724137931034475,0.01709443335930004,227.2,,232.21886853881853,232.66152393868316,73.49211894259702,-0.4426553998646341,0.38064002886446296,4.289670032236833,,,,,-10086.0
SWBBL,2012-02-05,236.0,240.0,235.0,236.0,0.00 %,156.0,36974.0,0.0,0.0,230.0,,232.800581071308,232.9088184617437,73.49211894167803,-0.10823739043570413,0.28286454500442954,4.340407887077059,,,,,-10086.0
SWBBL,2012-02-06,236.0,240.0,229.0,229.0,-2.97 %,2522.0,581988.0,-0.029661016949152574,-0.030109801471370455,232.2,,232.21587629110675,232.61927635346638,67.16117824095502,-0.4034000623596228,0.14561162353161905,4.816093038000126,,,,,-12608.0
SWBBL,2012-02-07,229.0,238.0,225.0,238.0,3.93 %,881.0,199866.0,0.0393013100436681,0.03854867011723503,234.2,,233.10574147709033,233.01784847543183,70.66068328901119,0.08789300165850022,0.1340678991569953,5.4006578210001175,,,,,-11727.0
SWBBL,2012-02-08,238.0,244.0,224.0,230.0,-3.36 %,3581.0,815656.0,-0.03361344537815125,-0.03419136474827931,233.8,234.75,232.6279350959995,232.79430414391837,64.11970463191795,-0.1663690479188631,0.07398050974182363,6.443467976642966,234.75,7.304468711541906,249.3589374230838,220.1410625769162,-15308.0
SWBBL,2012-03-05,230.0,233.0,233.0,233.0,1.30 %,207.0,48231.0,0.01304347826086949,0.012959144642505116,233.2,234.9,232.68517585046112,232.8095408739985,65.41270155503202,-0.124365023537365,0.0343114030859859,6.197505978311326,234.9,7.232237769728998,249.364475539458,220.435524460542,-15101.0
SWBBL,2012-03-15,233.0,215.0,198.0,199.0,-14.59 %,220.0,44560.0,-0.14592274678111583,-0.15773362884120812,225.8,232.95,227.50284110423632,230.3051304388875,45.43088316891882,-2.8022893346511637,-0.5330087444614441,8.254826979860518,232.95,10.753090131140024,254.45618026228004,211.44381973771993,-15321.0
SWBBL,2012-03-18,199.0,196.0,194.0,194.0,-2.51 %,1449.0,283946.0,-0.025125628140703515,-0.025446665661164262,218.8,230.6,222.34855785743073,227.61586151748844,43.334445585533935,-5.267303660057706,-1.4798677275806966,8.02233933844191,230.6,13.647440477208438,257.89488095441686,203.30511904558313,-16770.0
SWBBL,2012-03-19,194.0,191.0,190.0,190.0,-2.06 %,1332.0,254142.0,-0.020618556701030966,-0.020834086902842025,209.2,228.2,217.37185664859524,224.82950140508188,41.6775042508284,-7.457644756486644,-2.6754231333618863,7.735029385696059,228.2,16.250020242902366,260.7000404858047,195.69995951419526,-18102.0
SWBBL,2012-03-20,190.0,192.0,192.0,192.0,1.05 %,66.0,12672.0,0.010526315789473717,0.010471299867295437,201.6,225.4,213.46849408727292,222.39768648618693,42.854063837020895,-8.929192398914012,-3.9261769864723117,7.325384429574912,225.4,17.439821341431585,260.2796426828632,190.52035731713684,-18036.0
SWBBL,2012-03-21,192.0,195.0,193.0,195.0,1.56 %,119.0,23151.0,0.015625,0.015504186535965254,194.0,223.15,210.62718730461555,220.36822822795085,44.657547328710244,-9.741040923335305,-5.089149773844911,7.01642839889099,223.15,18.336833796602143,259.8236675932043,186.47633240679573,-17917.0
SWBBL,2012-03-26,195.0,198.0,195.0,198.0,1.54 %,126.0,24792.0,0.01538461538461533,0.01526747213078838,193.8,221.05,208.68454310390544,218.71132243328782,46.47664019368484,-10.026779329382379,-6.076675684952404,6.729540656113063,221.05,18.706809905542563,258.46361981108515,183.63638018891487,-17791.0
SWBBL,2012-03-28,198.0,201.0,201.0,201.0,1.52 %,100.0,20100.0,0.015151515151515138,0.015037877364540502,195.2,219.0,207.50230570330461,217.39937262341465,48.30649703554785,-9.897066920110035,-6.84075393198393,6.46314489496213,219.0,18.535882697309592,256.0717653946192,181.92823460538082,-17691.0
SWBBL,2012-03-29,201.0,197.0,194.0,194.0,-3.48 %,20.0,3910.0,-0.03482587064676612,-0.03544674899574757,196.0,216.55,205.42502790279622,215.66608576242098,44.48487615290529,-10.24105785962476,-7.5208147175120965,6.5014916881791205,216.55,18.434735519779245,253.41947103955852,179.6805289604415,-17711.0
SWBBL,2012-04-12,194.0,213.0,197.0,213.0,9.79 %,668.0,141844.0,0.097938144329897,0.09343400664609706,200.2,215.45,206.59040822544296,215.46859792816755,54.91158543324988,-8.878189702724598,-7.792289714554597,7.3942422818806115,215.45,17.925210121355253,251.3004202427105,179.5995797572895,-17043.0
SWBBL,2012-04-15,213.0,225.0,217.0,225.0,5.63 %,30.0,6630.0,0.05633802816901401,0.05480823649499495,206.2,215.15,209.42265311383633,216.17462771126625,60.019008568706994,-6.751974597429921,-7.584226691129663,7.723224976031997,215.15,17.700059470610764,250.55011894122154,179.74988105877847,-17013.0
SWBBL,2012-04-17,225.0,229.0,229.0,229.0,1.78 %,215.0,49235.0,0.01777777777777767,0.01762160134981941,212.4,215.5,212.43455263478458,217.12465528820948,61.58123403913439,-4.690102653424901,-7.005401883588711,7.457280334886854,215.5,17.910596686995397,251.3211933739908,179.6788066260092,-16798.0
SWBBL,2012-04-18,229.0,229.0,229.0,229.0,0.00 %,196.0,44884.0,0.0,0.0,218.0,216.05,214.98308299866386,218.00431045204581,61.581234038486556,-3.021227453381954,-6.20856699754736,6.924617453823507,216.05,18.158585036459087,252.36717007291819,179.73282992708184,-16798.0
SWBBL,2012-04-19,229.0,235.0,233.0,235.0,2.62 %,200.0,46800.0,0.026200873362445476,0.025863510589919373,226.2,216.4,218.0626086911771,219.26325041856092,64.02653886758557,-1.200641727383811,-5.20698194351465,6.858573349978972,216.4,18.465900294440303,253.3318005888806,179.4681994111194,-16598.0
SWBBL,2012-04-22,235.0,240.0,239.0,240.0,2.13 %,204.0,48946.0,0.02127659574468077,0.021053409197832263,231.6,216.8,221.43759196945757,220.79930594311196,65.97033496610382,0.6382860263456109,-4.037928349542598,6.725818110694759,216.8,18.903076886831773,254.60615377366355,178.99384622633647,-16394.0
SWBBL,2012-04-25,240.0,244.0,244.0,244.0,1.67 %,10.0,2440.0,0.016666666666666607,0.016529301951210506,235.4,217.2,224.9087316664641,222.51787587325182,67.48403492782688,2.3908557932122676,-2.7521715209916255,6.5311168170737055,217.2,19.408625320771826,256.0172506415436,178.38274935845635,-16384.0
SWBBL,2012-04-26,244.0,248.0,248.0,248.0,1.64 %,177.0,43896.0,0.016393442622950838,0.016260520871780326,239.2,217.8,228.46123448700808,224.40544062338134,68.97045713994886,4.0557938636267465,-1.3905784440679514,6.3503227587112985,217.8,20.19014871820309,258.1802974364062,177.41970256359383,-16207.0
SWBBL,2012-04-29,248.0,252.0,248.0,248.0,0.00 %,180.0,45080.0,0.0,0.0,243.0,218.75,231.46719841208377,226.15318576239014,68.9704571391,5.3140126496936375,-0.04966022531563352,6.182442561660491,218.75,21.16818615902548,261.08637231805096,176.41362768194904,-16207.0
SWBBL,2012-04-30,248.0,257.0,252.0,252.0,1.61 %,250.0,63050.0,0.016129032258064502,0.01600034134644112,246.4,219.45,234.6260909640709,228.06776459480568,70.53272289035473,6.558326369265217,1.2719370936005365,6.383696664399029,219.45,22.051315750217483,263.5526315004349,175.34736849956502,-15957.0
SWBBL,2012-05-03,252.0,257.0,257.0,257.0,1.98 %,100.0,25700.0,0.01984126984126977,0.01964699738379642,249.8,220.8,238.06823081575232,230.2108931433386,72.40312158691296,7.857337672413706,2.5890172093631705,6.2848611883705265,220.8,23.50946058169148,267.818921163383,173.78107883661704,-15857.0
SWBBL,2012-05-08,257.0,262.0,262.0,262.0,1.95 %,18.0,4716.0,0.01945525291828787,0.019268418865876987,253.4,222.25,241.7500414594827,232.5656417993876,74.16884506467811,9.184399660095096,3.908093699509556,6.193085389201203,222.25,25.13934848211591,272.5286969642318,171.9713030357682,-15839.0
SWBBL,2012-05-09,262.0,262.0,262.0,262.0,0.00 %,323.0,84626.0,0.0,0.0,256.2,225.4,244.86541969648533,234.7459646290626,74.168845063656,10.119455067422734,5.1503659730921925,5.750722147115403,225.4,26.00485784577466,277.4097156915493,173.3902843084507,-15839.0
SWBBL,2012-05-10,262.0,267.0,262.0,267.0,1.91 %,935.0,246860.0,0.01908396946564883,0.018904154639152654,260.0,229.05,248.2707397431799,237.1351524343172,75.953231144965,11.135587308862682,6.34741024024629,5.69709913660716,229.05,26.484305183497497,282.018610366995,176.08138963300502,-14904.0
SWBBL,2012-05-14,267.0,262.0,253.0,253.0,-5.24 %,180.0,46130.0,-0.05243445692883897,-0.053859169672729315,260.2,232.2,248.99831824422915,238.31032632807148,62.85961925544186,10.68799191615767,7.215526575428567,6.290163483992363,232.2,25.316106793065476,282.83221358613093,181.56778641386904,-15084.0
SWBBL,2012-05-15,253.0,263.0,258.0,263.0,3.95 %,482.0,125586.0,0.03952569169960474,0.03876454345024431,261.4,235.75,251.15242312973237,240.13919104451065,67.20809015981355,11.013232085221716,7.975067677387196,6.5551518065643375,235.75,24.34159316673291,284.4331863334658,187.0668136665342,-14602.0
SWBBL,2012-05-17,263.0,273.0,268.0,273.0,3.80 %,60.0,16130.0,0.03802281368821303,0.03731776300719528,263.6,239.65,254.51358880208124,242.57332504121356,70.87980675930206,11.94026376086768,8.768106894083292,6.8012123918097425,239.65,23.709369677963135,287.06873935592625,192.23126064407373,-14542.0
SWBBL,2012-05-21,273.0,269.0,269.0,269.0,-1.47 %,100.0,26900.0,-0.0146520146520146,-0.014760415583120573,265.0,243.2,256.7422674479149,244.53085651964219,67.61834956552136,12.211410928272727,9.45676770092118,6.601125792394761,243.2,22.42554933904401,288.051098678088,198.34890132191197,-14642.0
SWBBL,2012-05-22,269.0,269.0,264.0,265.0,-1.49 %,500.0,132800.0,-0.014869888475836479,-0.014981553615616946,264.6,246.4,258.0126878405434,246.04708937003906,64.42582792613516,11.965598470504318,9.958533854837809,6.486759664366564,246.4,20.576941617154684,287.55388323430935,205.24611676569063,-15142.0
SWBBL,2012-05-24,265.0,261.0,261.0,261.0,-1.51 %,1020.0,266220.0,-0.015094339622641506,-0.015209418663528795,266.2,249.75,258.4722743266136,247.1547123796658,61.3085535018402,11.31756194694782,10.23033947325981,6.309133974054666,249.75,16.68240484998943,283.1148096999789,216.38519030002112,-16162.0
SWBBL,2012-05-27,261.0,271.0,261.0,271.0,3.83 %,1230.0,323080.0,0.03831417624521083,0.03759841355700759,267.8,252.65,260.39961673790384,248.92102998117204,65.76791856042817,11.4785867567318,10.479988929954208,6.57276726162219,252.65,14.904167555630869,282.45833511126176,222.84166488873828,-14932.0
SWBBL,2012-05-29,271.0,266.0,244.0,244.0,-9.96 %,597.0,149901.0,-0.09963099630996308,-0.10495059558649901,262.0,253.6,257.8765987782263,248.55650924182598,49.25975522127734,9.320089536400332,10.248009051243434,8.031855314363462,253.6,13.597213336795154,280.7944266735903,226.4055733264097,-15529.0
SWBBL,2012-05-30,244.0,240.0,232.0,232.0,-4.92 %,664.0,157224.0,-0.049180327868852514,-0.05043085362689197,254.6,253.75,253.8955835815761,247.33010114983887,43.97643596597014,6.565482431737223,9.511503727342191,8.315294220480357,253.75,13.32538140068375,280.4007628013675,227.0992371986325,-16193.0
SWBBL,2012-05-31,232.0,232.0,232.0,232.0,0.00 %,32.0,7424.0,0.0,0.0,248.0,253.9,250.5270322613336,246.19453810170265,43.976435965546855,4.332494159630954,8.475701813799944,7.721344633303189,253.9,13.04607220584051,279.992144411681,227.807855588319,-16193.0
SWBBL,2012-06-04,232.0,232.0,232.0,232.0,0.00 %,171.0,39672.0,0.0,0.0,242.2,253.75,247.6767196057438,245.14309083490986,43.976435965091,2.533628770833957,7.287287205206747,7.169820016638676,253.75,13.289786343377978,280.32957268675597,227.17042731324403,-16193.0
SWBBL,2012-06-05,232.0,239.0,236.0,239.0,3.02 %,1192.0,281492.0,0.030172413793103425,0.02972618026520069,235.8,253.7,246.3418396663986,244.68804706936098,48.03694191344849,1.6537925970376364,6.160588283572925,7.157690015450199,253.7,13.346002752648015,280.392005505296,227.00799449470395,-15001.0
SWBBL,2012-06-06,239.0,243.0,243.0,243.0,1.67 %,200.0,48600.0,0.01673640167364021,0.01659789140903783,235.6,253.65,245.82771048695267,244.5630065457046,50.25564826896934,1.264703941248058,5.181411415107952,6.932140728632327,253.65,13.386068956391465,280.42213791278294,226.87786208721707,-14801.0
SWBBL,2012-06-07,243.0,243.0,243.0,243.0,0.00 %,461.0,112023.0,0.0,0.0,237.8,253.4,245.39267810434455,244.44722828305981,50.255648268391624,0.9454498212847398,4.33421909634331,6.436987819444304,253.4,13.542914247524186,280.4858284950484,226.31417150495164,-14801.0
SWBBL,2012-06-10,243.0,240.0,240.0,240.0,-1.23 %,10.0,2400.0,-0.012345679012345734,-0.012422519998557209,239.4,253.0,244.5630353190608,244.11780396579613,48.45601724553932,0.4452313532646599,3.55642154772758,6.191488689483997,253.0,13.825986212087951,280.6519724241759,225.3480275758241,-14811.0
SWBBL,2012-06-13,240.0,248.0,244.0,248.0,3.33 %,112.0,27616.0,0.03333333333333344,0.03278982282299097,242.6,252.8,245.09179911612836,244.40537404240382,53.26240061933101,0.6864250737245357,2.982422252926971,6.320668068806568,252.8,13.870073805442603,280.54014761088524,225.0598523891148,-14699.0
SWBBL,2012-06-14,248.0,244.0,244.0,244.0,-1.61 %,10.0,2440.0,-0.016129032258064502,-0.01626052087178029,243.6,252.15,244.9238300213394,244.3753463355591,50.71592526818262,0.5484836857802975,2.4956345394976363,6.154906063891813,252.15,13.967160733211754,280.0843214664235,224.2156785335765,-14709.0
SWBBL,2012-06-17,244.0,248.0,240.0,248.0,1.64 %,68.0,16648.0,0.016393442622950838,0.016260520871780326,244.6,251.45,245.39708694113335,244.64383919959178,53.129194839905324,0.7532477415415713,2.1471571799064235,6.286698487899541,251.45,13.797310950822553,279.0446219016451,223.8553780983549,-14641.0
SWBBL,2012-06-19,248.0,248.0,240.0,248.0,0.00 %,4325.0,1044550.0,0.0,0.0,245.6,250.75,245.79753510403592,244.89244370332574,53.129194839204914,0.9050914007101767,1.8987440240671742,6.409077167335288,250.75,13.587436147141048,277.92487229428207,223.5751277057179,-14641.0
SWBBL,2012-06-21,248.0,244.0,244.0,244.0,-1.61 %,194.0,47336.0,-0.016129032258064502,-0.01626052087178029,246.4,249.6,245.52099124187654,244.82633676233866,50.27414751306971,0.6946544795378884,1.6579261151613172,6.237000226811339,249.6,13.104438781934808,275.8088775638696,223.3911224361304,-14835.0
SWBBL,2012-06-25,244.0,248.0,248.0,248.0,1.64 %,10.0,2480.0,0.016393442622950838,0.016260520871780326,246.4,249.35,245.90237720466476,245.06142292809136,52.99443046360467,0.8409542765733988,1.4945317474437336,6.077214496324815,249.35,13.083838966651435,275.5176779333029,223.1823220666971,-14825.0
SWBBL,2012-06-26,248.0,248.0,244.0,248.0,0.00 %,270.0,66020.0,0.0,0.0,247.2,248.6,246.2250884039471,245.2790953037883,52.99443046282415,0.9459931001588018,1.3848240179867473,5.928842032301613,248.6,12.684013975328117,273.9680279506562,223.23197204934377,-14825.0
SWBBL,2012-06-27,248.0,249.0,245.0,249.0,0.40 %,730.0,178970.0,0.0040322580645162365,0.004024150299725548,247.4,247.4,246.6519978802629,245.55471787387808,53.72836290019391,1.0972800063848354,1.327315215666365,5.7910676014229265,247.4,11.315569153302048,270.0311383066041,224.7688616933959,-14095.0
SWBBL,2012-06-28,249.0,253.0,245.0,253.0,1.61 %,69.0,17065.0,0.016064257028112428,0.015936592262812597,248.4,246.6,247.6286135909917,246.1062202535908,56.64442261198136,1.5223933374008993,1.3663308400132719,5.9488484870355745,246.6,10.22072198500378,267.04144397000755,226.15855602999244,-14026.0
SWBBL,2012-07-01,253.0,252.0,248.0,252.0,-0.40 %,30.0,7480.0,-0.0039525691699604515,-0.003960401216096905,250.0,245.95,248.30113457699298,246.5427965311026,55.69936885226739,1.7583380458903832,1.4447322811886942,5.8810735951044615,245.95,9.36665417992564,264.68330835985125,227.21669164014872,-14056.0
SWBBL,2012-07-02,252.0,257.0,250.0,257.0,1.98 %,360.0,90766.0,0.01984126984126977,0.01964699738379642,251.8,245.75,249.6394215651479,247.31740419546537,59.351131238016656,2.322017369682527,1.6201892988874609,5.960996909739857,245.75,9.06627643639081,263.8825528727816,227.61744712721838,-13696.0
SWBBL,2012-07-03,257.0,246.0,241.0,241.0,-6.23 %,7320.0,1787500.0,-0.0622568093385214,-0.0642791514045648,250.4,244.25,248.31027978589435,246.8494483291346,46.22105816806708,1.4608314567597631,1.5883177304619216,6.678068559044153,244.25,6.889160058801923,258.02832011760387,230.47167988239616,-21016.0
SWBBL,2012-07-04,241.0,241.0,241.0,241.0,0.00 %,600.0,144600.0,0.0,0.0,248.8,244.1,247.18562135729525,246.4161558603098,46.22105816737883,0.7694654969854469,1.4245472837666266,6.201063661969571,244.1,6.927443517215622,257.95488703443124,230.24511296556875,-21016.0
SWBBL,2012-07-05,241.0,245.0,241.0,241.0,0.00 %,920.0,222640.0,0.0,0.0,246.4,244.55,246.23398730232674,246.0149591299165,46.22105816663765,0.21902817241024763,1.1834434614953508,6.043844828971745,244.55,6.3699541434358835,257.28990828687176,231.81009171312826,-21016.0
SWBBL,2012-07-08,241.0,240.0,232.0,232.0,-3.73 %,970.0,227290.0,-0.03734439834024894,-0.038059561824345015,242.4,244.55,244.04414310196876,244.97681400918194,40.0035885631032,-0.9326709072131791,0.760220587753645,6.254998769759478,244.55,6.3699541434358835,257.28990828687176,231.81009171312826,-21986.0
SWBBL,2012-07-09,232.0,237.0,228.0,235.0,1.29 %,1049.0,243587.0,0.012931034482758674,0.012848142477849059,238.0,244.7,242.65273647089666,244.23779074924255,42.76723173298667,-1.5850542783458934,0.2911656145337373,6.45107028620523,244.7,6.087951863700893,256.87590372740175,232.5240962725982,-20937.0
SWBBL,2012-07-11,235.0,239.0,239.0,239.0,1.70 %,14.0,3346.0,0.017021276595744705,0.01687803778735173,237.6,244.7,242.09077701383563,243.84980624929864,46.31789625189682,-1.7590292354630037,-0.11887335546561092,6.275993837190571,244.7,6.087951863700893,256.87590372740175,232.5240962725982,-20923.0
SWBBL,2012-07-17,239.0,235.0,235.0,235.0,-1.67 %,596.0,140060.0,-0.01673640167364021,-0.01687803778735175,236.4,244.3,240.99988824247632,243.1942650456469,43.41714284054424,-2.19437680317057,-0.5339740450066028,6.113422848819816,244.3,6.457146184043499,257.214292368087,231.38570763191302,-21519.0
SWBBL,2012-07-18,235.0,235.0,235.0,235.0,0.00 %,64.0,15040.0,0.0,0.0,235.2,243.9,240.07682851286458,242.58728244967307,43.41714283981217,-2.5104539368084886,-0.9292700233669801,5.67674978818983,243.9,6.7815539284306166,257.46310785686126,230.33689214313878,-21519.0
SWBBL,2012-07-25,235.0,239.0,239.0,239.0,1.70 %,55.0,13145.0,0.017021276595744705,0.01687803778735173,236.6,243.85,239.9111625878085,242.32155782377134,47.2486112569686,-2.410395235962852,-1.2254950658861545,5.556981946176271,243.85,6.815423684555656,257.4808473691113,230.2191526308887,-21464.0
SWBBL,2012-08-08,239.0,238.0,238.0,238.0,-0.42 %,137.0,32606.0,-0.004184100418409997,-0.004192878260035927,237.2,243.35,239.61713757429948,242.0014424294179,46.40265501477405,-2.3843048551184154,-1.4572570237326068,5.231483235735109,243.35,6.861601777090427,257.07320355418085,229.62679644581914,-21601.0
SWBBL,2012-08-16,238.0,234.0,230.0,230.0,-3.36 %,498.0,116132.0,-0.03361344537815125,-0.03419136474827931,235.4,242.65,238.13757794748417,241.11244669390547,40.201460523673596,-2.9748687464212935,-1.7607793682703443,5.429234433182601,242.65,7.478213971967388,257.60642794393476,227.69357205606522,-22099.0
SWBBL,2012-08-21,230.0,234.0,233.0,233.0,1.30 %,250.0,58350.0,0.01304347826086949,0.012959144642505116,235.0,241.9,237.3471813401789,240.51152471657915,43.263501532472,-3.1643433764002395,-2.0414921698963235,5.327146259383844,241.9,7.663309715095395,257.2266194301908,226.57338056980922,-21849.0
SWBBL,2012-08-22,233.0,236.0,232.0,236.0,1.29 %,300.0,70300.0,0.012875536480686733,0.012793351459909542,235.2,241.3,237.13992267245908,240.17733770053627,46.2287121555716,-3.0374150280771914,-2.2406767415324973,5.232350097999284,241.3,7.63027212041488,256.56054424082976,226.03945575917027,-21549.0
SWBBL,2012-09-03,236.0,232.0,228.0,228.0,-3.39 %,150.0,34400.0,-0.03389830508474578,-0.03448617607116932,233.0,240.5,235.73378072284999,239.27531268568174,40.19579868756313,-3.5415319628317548,-2.500847785792349,5.43003937671362,240.5,8.153139530912476,256.80627906182497,224.19372093817503,-21699.0
SWBBL,2012-09-04,228.0,226.0,222.0,222.0,-2.63 %,424.0,95124.0,-0.02631578947368418,-0.026668247082161294,229.8,239.2,233.62089138087308,237.99565989414975,36.362960521852415,-4.374768513276678,-2.875631931289215,5.470750849805505,239.2,8.930138208395975,257.06027641679196,221.33972358320804,-22123.0
SWBBL,2012-09-05,222.0,226.0,223.0,223.0,0.45 %,1509.0,336603.0,0.0045045045045044585,0.004494389587839267,228.4,237.95,231.98690809150798,236.8848702723609,37.4337725035833,-4.897962180852915,-3.280097981201955,5.36569721767654,237.95,9.372271532782822,256.69454306556565,219.20545693443435,-20614.0
SWBBL,2012-09-10,223.0,219.0,219.0,219.0,-1.79 %,60.0,13140.0,-0.017937219730941756,-0.01810004164361799,225.6,236.45,229.98892223127598,235.56006506700083,34.90377370918681,-5.5711428357248565,-3.7383069521065355,5.26814741641393,236.45,9.896703332024538,256.2434066640491,216.6565933359509,-20674.0
SWBBL,2012-09-12,219.0,219.0,215.0,219.0,0.00 %,537.0,116789.0,0.0,0.0,222.2,234.75,228.2983188110797,234.33339358055633,34.9037737085517,-6.035074769476637,-4.197660515580556,5.177565458098649,234.75,9.82411104857517,254.39822209715035,215.10177790284965,-20674.0
SWBBL,2012-09-13,219.0,235.0,223.0,235.0,7.31 %,459.0,105081.0,0.0730593607305936,0.07051378432765813,223.6,233.9,229.3293466862982,234.38277183384844,50.44195654976103,-5.053425147550229,-4.368813441974491,5.950596496805888,233.9,8.949566293519759,251.79913258703954,216.00086741296047,-20215.0
SWBBL,2012-09-17,235.0,252.0,231.0,250.0,6.38 %,2220.0,530676.0,0.06382978723404253,0.06187540371808745,229.2,233.55,232.5094471960985,235.5396035498597,60.06574310031397,-3.0301563537611855,-4.10108202433183,7.025553889891182,233.55,8.094670111284705,249.7393402225694,217.3606597774306,-17995.0
SWBBL,2012-09-18,250.0,260.0,250.0,260.0,4.00 %,714.0,184076.0,0.040000000000000036,0.03922071315328133,236.6,234.5,236.73876301208335,237.35148476838862,64.95212044590588,-0.6127217563052625,-3.403409970726517,7.2380143263275265,234.5,9.9233907617571,254.3467815235142,214.6532184764858,-17281.0
SWBBL,2012-09-19,260.0,265.0,255.0,255.0,-1.92 %,1158.0,298880.0,-0.019230769230769273,-0.019418085857101627,243.8,235.2,239.54818408714743,238.65878219295243,60.93718583703738,0.8894018941950037,-2.544847597742213,7.435299017304132,235.2,10.855995190628418,256.9119903812568,213.48800961874315,-18439.0
SWBBL,2012-09-20,255.0,255.0,255.0,255.0,0.00 %,142.0,36210.0,0.0,0.0,251.0,235.9,241.9253865352786,239.86924277125226,60.93718583622608,2.0561437640263307,-1.6246493253885044,6.904206230353837,235.9,11.670475568716132,259.24095113743226,212.55904886256775,-18439.0
SWBBL,2012-09-24,255.0,270.0,260.0,270.0,5.88 %,30.0,7950.0,0.05882352941176472,0.05715841383994862,258.0,237.8,246.24455783754343,242.10115071412247,67.85133450791417,4.143407123420957,-0.4710380356266122,7.482477213899991,237.8,13.88524396616784,265.5704879323357,210.02951206766434,-18409.0
SWBBL,2012-09-25,270.0,265.0,260.0,260.0,-3.70 %,217.0,56700.0,-0.03703703703703709,-0.037740327982847086,260.0,239.05,248.3607797086906,243.42699140196527,60.20112673640305,4.933788306725319,0.609927232843774,7.662300270049992,239.05,14.72010798015317,268.49021596030633,209.60978403969366,-18626.0
SWBBL,2012-09-26,260.0,260.0,255.0,260.0,0.00 %,20.0,5150.0,0.0,0.0,260.0,240.1,250.15142898427663,244.65462166848636,60.20112673567207,5.496807315790278,1.587303249433075,7.472135965046421,240.1,15.44736393795329,270.99472787590656,209.20527212409343,-18626.0
SWBBL,2012-10-02,260.0,255.0,255.0,255.0,-1.92 %,180.0,45900.0,-0.019230769230769273,-0.019418085857101627,260.0,241.1,250.8973629866956,245.42094598933923,56.506643353978184,5.476416997356381,2.3651259990177365,7.295554824685962,241.1,15.744338999345663,272.5886779986913,209.61132200130868,-18806.0
SWBBL,2012-10-03,255.0,252.0,239.0,239.0,-6.27 %,1292.0,315524.0,-0.06274509803921569,-0.06479999322691547,256.8,241.3,249.06699945028092,244.94532036049927,46.64238367904128,4.121679089781651,2.7164366171705194,7.917300908636966,241.3,15.68807794070661,272.67615588141325,209.9238441185868,-20098.0
SWBBL,2012-10-07,239.0,239.0,235.0,239.0,0.00 %,4107.0,965493.0,0.0,0.0,250.6,241.3,247.51823030408386,244.50492625972154,46.64238367849324,3.0133040443623145,2.7758101026088786,7.637493700877182,241.3,15.68807794070661,272.67615588141325,209.9238441185868,-20098.0
SWBBL,2012-10-08,239.0,256.0,240.0,256.0,7.11 %,853.0,211691.0,0.07112970711297062,0.06871389254805173,249.8,242.2,248.8231179496094,245.35641320344587,56.088290133970204,3.4667047461635434,2.9139890313198116,8.306244150814527,242.2,16.00197356249341,274.2039471249868,210.19605287501315,-19245.0
SWBBL,2012-10-09,256.0,256.0,251.0,256.0,0.00 %,262.0,66572.0,0.0,0.0,249.0,243.5,249.9272536496695,246.14482704022765,56.08829013334119,3.782426609441842,3.087676546944218,8.070083854327775,243.5,16.014795790472252,275.5295915809445,211.4704084190555,-19245.0
SWBBL,2012-10-10,256.0,259.0,252.0,255.0,-0.39 %,950.0,242160.0,-0.00390625,-0.003913899321136329,249.0,244.6,250.70767616510494,246.80076577798857,55.41898183596334,3.906910387116369,3.251523314978648,7.993649293304363,244.6,16.011180304301234,276.62236060860243,212.57763939139753,-20195.0
SWBBL,2012-10-11,255.0,250.0,245.0,245.0,-3.92 %,500.0,122850.0,-0.039215686274509776,-0.04000533461369913,250.2,245.05,249.82957213970417,246.6673757203598,49.10807715348348,3.162196419344383,3.233657935851795,8.136960058068336,245.05,15.882711554258965,276.81542310851796,213.2845768914821,-20695.0
SWBBL,2012-10-14,245.0,241.0,241.0,241.0,-1.63 %,500.0,120500.0,-0.01632653061224487,-0.016461277054071962,250.6,245.7,248.47117642590354,246.24757011144425,46.811755702060196,2.223606314459289,3.031647611573294,7.841462911063455,245.7,15.407107040856921,276.5142140817138,214.88578591828616,-21195.0
SWBBL,2012-10-17,241.0,244.0,240.0,244.0,1.24 %,210.0,50800.0,0.012448132780082943,0.012371291802546829,248.2,246.8,247.7833031296107,246.08108343652245,48.74746892825518,1.7022196930882387,2.765762027876283,7.567072703130351,246.8,14.376882027828819,275.55376405565767,218.04623594434238,-20985.0
SWBBL,2012-10-18,244.0,252.0,248.0,252.0,3.28 %,200.0,50000.0,0.032786885245901676,0.03226086221822148,247.4,248.25,248.4320257250552,246.51952170048375,53.59725367418552,1.9125040245714615,2.595110427215319,7.597996081478183,248.25,13.269970055096584,274.7899401101932,221.71005988980684,-20785.0
SWBBL,2012-10-30,252.0,249.0,249.0,249.0,-1.19 %,10.0,2490.0,-0.011904761904761862,-0.01197619104671565,246.2,249.75,248.51940638273902,246.70326083378126,51.62447333545011,1.8161455489577634,2.439317451563808,7.269567789944027,249.75,11.345646046414839,272.44129209282966,227.05870790717032,-20795.0
SWBBL,2012-10-31,249.0,260.0,253.0,260.0,4.42 %,502.0,130250.0,0.04417670682730934,0.043228734550820214,249.2,251.8,250.28565155462533,247.68820447572338,57.763261935337844,2.5974470789019506,2.470943377031437,7.536027233519453,251.8,8.947801847087328,269.6956036941747,233.90439630582534,-20293.0
SWBBL,2012-11-01,260.0,258.0,258.0,258.0,-0.77 %,629.0,162282.0,-0.007692307692307665,-0.007722046093910278,252.6,252.95,251.47247439237526,248.45204118122535,56.36279931843036,3.020433211149907,2.580841343855131,7.140596716839493,252.95,8.114152678142874,269.17830535628576,236.72169464371424,-20922.0
SWBBL,2012-11-04,258.0,263.0,261.0,261.0,1.16 %,587.0,153807.0,0.011627906976744207,0.011560822401076006,256.0,253.5,252.93824756277908,249.3815196122457,58.007429340974106,3.5567279505333715,2.776018665190779,6.987696951350958,253.5,8.274882730923082,270.04976546184616,236.95023453815384,-20335.0
SWBBL,2012-11-05,261.0,263.0,261.0,263.0,0.77 %,600.0,157500.0,0.00766283524904221,0.007633624855071205,258.2,253.65,254.4862094761977,250.39029593726457,59.113752511974184,4.095913538933132,3.0399976399392497,6.631432883397318,253.65,8.424744256621468,270.49948851324297,236.80051148675707,-19735.0
SWBBL,2012-11-07,263.0,273.0,268.0,273.0,3.80 %,140.0,38100.0,0.03802281368821303,0.03731776300719528,263.0,254.55,257.33448494139805,252.06508883080053,64.19333592711214,5.269396110597512,3.485877334070902,6.87204482029751,254.55,9.472814287545102,273.4956285750902,235.6043714249098,-19595.0
SWBBL,2012-11-08,273.0,274.0,270.0,270.0,-1.10 %,300.0,81400.0,-0.01098901098901095,-0.011049836186584935,265.0,255.3,259.2830257196445,253.39360076925976,61.71616643213512,5.8894249503847504,3.966586857333672,6.6668987617048305,255.3,10.084380835832617,275.4687616716652,235.13123832833477,-19895.0
SWBBL,2012-11-18,270.0,275.0,275.0,275.0,1.85 %,100.0,27500.0,0.0185185185185186,0.018349138668196617,268.4,255.55,261.7010217627761,254.99407478635163,64.19604392184469,6.70694697642449,4.514658881151836,6.547834564440199,255.55,10.520531305374806,276.59106261074965,234.5089373892504,-19795.0
SWBBL,2012-11-21,275.0,279.0,279.0,279.0,1.45 %,15.0,4185.0,0.014545454545454639,0.014440684154794428,272.0,256.5,264.3624030300413,256.7722914688441,66.08854403239849,7.5901115611972045,5.12974941716091,6.365846381265899,256.5,11.731648603132102,279.9632972062642,233.0367027937358,-19780.0
SWBBL,2012-11-25,279.0,285.0,279.0,280.0,0.36 %,1301.0,364737.0,0.0035842293906809264,0.0035778213478839024,275.4,257.5,266.76818717926574,258.49286247115197,66.56436023508361,8.275324708113772,5.758864475351483,6.339714496889764,257.5,12.84523257866525,283.1904651573305,231.8095348426695,-18479.0
SWBBL,2012-11-26,280.0,285.0,276.0,280.0,0.00 %,24057.0,6700815.0,0.0,0.0,276.8,258.75,268.80385069014795,260.08598376958514,66.56436023407781,8.717866920562813,6.350664964393749,6.529734889969067,258.75,13.772111407899015,286.29422281579804,231.20577718420196,-18479.0
SWBBL,2012-11-27,280.0,308.0,284.0,308.0,10.00 %,995.0,298012.0,0.10000000000000009,0.09531017980432493,284.4,262.2,274.8340275070483,263.6351701570233,77.03025499190483,11.19885735002498,7.320303441519996,8.063325254971277,262.2,16.860417676040235,295.9208353520805,228.4791646479195,-17484.0
SWBBL,2012-11-28,308.0,332.0,314.0,326.0,5.84 %,1628.0,534271.0,0.05844155844155852,0.056797598393133246,294.6,266.55,282.705715582887,268.25478718242897,81.12132872792147,14.450928400458054,8.746428433307608,9.20165916533047,266.55,21.219343211225777,308.98868642245156,224.11131357754846,-15856.0
SWBBL,2012-11-29,326.0,326.0,320.0,325.0,-0.31 %,726.0,234650.0,-0.0030674846625766694,-0.0030721990369701403,303.8,270.0,289.2125285701352,272.4581362800268,80.2660158355448,16.7543922901084,10.348021204667766,8.972969224949724,270.0,24.732250413707202,319.4645008274144,220.5354991725856,-16582.0
SWBBL,2012-12-02,325.0,319.0,313.0,313.0,-3.69 %,849.0,266420.0,-0.03692307692307695,-0.037621991789584294,310.4,272.85,292.87213955934516,275.4612372963211,70.6407800304208,17.41090226302407,11.760597416339028,9.189185708881887,272.85,26.270405602622894,325.3908112052458,220.30918879475422,-17431.0
SWBBL,2012-12-03,313.0,311.0,310.0,310.0,-0.96 %,1118.0,346880.0,-0.009584664536741228,-0.0096308930609613,316.4,275.6,295.5071950117536,278.01966416326025,68.43145241336323,17.48753084849335,12.905984102769894,8.747101015390323,275.6,27.16693036143691,329.9338607228739,221.2661392771262,-18549.0
SWBBL,2012-12-04,310.0,310.0,304.0,310.0,0.00 %,1049.0,322075.0,0.0,0.0,316.8,278.85,297.73685731763766,280.38857792894464,68.43145241259495,17.348279388693015,13.794443159954518,8.550879514291015,278.85,27.201538269195943,333.2530765383919,224.44692346160815,-18549.0
SWBBL,2012-12-05,310.0,322.0,316.0,322.0,3.87 %,405.0,129458.0,0.03870967741935494,0.03797924806521647,316.0,282.9,301.4696484995396,283.47090548976354,72.43135499436623,17.998743009776035,14.635303129918823,8.797245263270229,282.9,27.299315588105,337.49863117621,228.30136882378997,-18144.0
SWBBL,2012-12-06,322.0,316.0,310.0,310.0,-3.73 %,756.0,236340.0,-0.037267080745341574,-0.03797924806521633,313.0,286.2,302.7820102688412,285.4360236016329,63.73464359972939,17.345986667208308,15.17743983737672,9.026013458750928,286.2,26.321094202179466,338.8421884043589,233.55781159564106,-18900.0
SWBBL,2012-12-09,310.0,310.0,309.0,309.0,-0.32 %,690.0,213872.0,-0.003225806451612856,-0.0032310205814464203,312.2,289.05,303.73862407363487,287.1815033348453,63.05520095729839,16.557120738789592,15.453376017659295,8.452726783125861,289.05,25.49607812978313,340.04215625956624,238.05784374043375,-19590.0
SWBBL,2012-12-10,309.0,311.0,305.0,308.0,-0.32 %,390.0,119868.0,-0.003236245954692518,-0.0032414939241709557,311.8,292.0,304.3942203699987,288.7236141989308,62.339510364592066,15.670606171067902,15.496822048341016,8.277532012902585,292.0,23.98683849640542,339.97367699281085,244.02632300718915,-19980.0
SWBBL,2012-12-11,308.0,308.0,300.0,306.0,-0.65 %,3050.0,932050.0,-0.00649350649350644,-0.006514681021193642,311.0,294.3,304.6412633899989,290.00334648049153,60.851886556025285,14.637916909507396,15.325041020574293,8.257708297695258,294.3,22.939508552529716,340.1790171050594,248.42098289494058,-23030.0
SWBBL,2012-12-13,306.0,320.0,308.0,308.0,0.65 %,240.0,74220.0,0.006535947712418277,0.006514681021193672,308.2,296.8,305.1579920992299,291.33643192638107,61.83274281489311,13.82156017284882,15.0243448510292,8.667871990717025,296.8,21.451536566237777,339.70307313247554,253.89692686752446,-22790.0
SWBBL,2012-12-17,308.0,314.0,314.0,314.0,1.95 %,40.0,12560.0,0.01948051948051943,0.01929320293467885,309.0,299.45,306.5183010070407,293.0152147466491,64.69090612763492,13.50308626039157,14.720093132901674,8.477309705665808,299.45,20.022290210242243,339.49458042048445,259.4054195795155,-22750.0
SWBBL,2012-12-18,314.0,310.0,308.0,310.0,-1.27 %,645.0,198908.0,-0.01273885350318471,-0.012820688429061434,309.2,301.8,307.05394700595747,294.2733469876381,61.390331967072186,12.780600018319376,14.332194509985214,8.300359012403964,301.8,18.19369468568146,338.18738937136294,265.4126106286371,-23395.0
SWBBL,2012-12-19,310.0,311.0,310.0,311.0,0.32 %,413.0,128198.0,0.003225806451612856,0.003220614700042157,309.8,303.7,307.66103208196404,295.5123583218871,61.91350097118059,12.148673760076917,13.895490360003555,7.7789047972322525,303.7,16.97087288019664,337.6417457603933,269.7582542396067,-22982.0
SWBBL,2012-12-20,311.0,316.0,309.0,316.0,1.61 %,690.0,214985.0,0.016077170418006492,0.01594930140767804,311.8,306.0,308.9439502232004,297.02996140915474,64.50342529013837,11.913988814045638,13.499190050811972,7.723268740287092,306.0,15.186559154310526,336.37311830862103,275.62688169137897,-22292.0
SWBBL,2012-12-23,316.0,334.0,322.0,334.0,5.70 %,413.0,136618.0,0.05696202531645578,0.05539877938978838,317.0,308.95,312.7987271119388,299.7684827862544,71.90915702948541,13.03024432568435,13.405400905786449,8.457320973123728,308.95,14.565550561441164,338.08110112288233,279.81889887711765,-21879.0
SWBBL,2012-12-24,334.0,350.0,332.0,350.0,4.79 %,8059.0,2701207.0,0.0479041916167664,0.046792161506758884,324.2,312.5,318.5219998639482,303.48933591319854,76.58543019767987,15.03266395074968,13.730853514779096,9.138940903614891,312.5,15.50381956334101,343.507639126682,281.492360873318,-13820.0
SWBBL,2012-12-26,350.0,357.0,350.0,350.0,0.00 %,450.0,158350.0,0.0,0.0,332.2,316.0,323.3647691156485,306.93457028999865,76.58543019682175,16.43019882564988,14.270722576953252,8.986159410499543,316.0,15.681031115398907,347.3620622307978,284.6379377692022,-13820.0
SWBBL,2013-01-02,350.0,345.0,345.0,345.0,-1.43 %,220.0,75900.0,-0.014285714285714235,-0.014388737452099556,339.0,319.25,326.6932661747795,309.7542317499987,72.22771952242117,16.9390344247808,14.804384946518763,8.701433738321004,319.25,14.519949978165355,348.2898999563307,290.2101000436693,-14040.0
SWBBL,2013-01-03,345.0,343.0,335.0,335.0,-2.90 %,436.0,147132.0,-0.02898550724637683,-0.02941388520629334,342.8,320.6,327.97122522481345,311.6242886574062,64.34232114602978,16.346936567407226,15.112895270696455,8.794188471298074,320.6,14.673283993636106,349.94656798727226,291.2534320127278,-14476.0
SWBBL,2013-01-13,335.0,341.0,331.0,340.0,1.49 %,2789.0,935727.0,0.014925373134328401,0.014815085785140682,344.0,321.3,329.82180595945755,313.72619320130207,66.32211182084677,16.095612758155482,15.309438768188262,8.880317866205354,321.3,15.266406187925813,351.83281237585163,290.7671876241484,-11687.0
SWBBL,2013-01-16,340.0,334.0,327.0,327.0,-3.82 %,197.0,64769.0,-0.038235294117647034,-0.038985446712953654,339.4,321.4,329.38768196569487,314.7094381493538,57.39878257139341,14.67824381634108,15.183199777818825,9.174580875762116,321.4,15.298434732454188,351.99686946490834,290.8031305350916,-11884.0
SWBBL,2013-01-17,327.0,333.0,332.0,332.0,1.53 %,113.0,37536.0,0.015290519877675823,0.015174798019235132,335.8,322.35,329.78957704789565,315.9902205086609,59.64757585850217,13.799356539234736,14.906431130102007,8.947825098921966,322.35,15.339234181117407,353.02846836223483,291.6715316377652,-11771.0
SWBBL,2013-01-20,332.0,328.0,311.0,311.0,-6.33 %,698.0,222317.0,-0.06325301204819278,-0.06534205673725442,329.0,322.4,326.898872886681,315.6205745450564,48.15103629562955,11.278298341624577,14.18080457240652,9.808694734713255,322.4,15.298434732454185,352.99686946490834,291.8031305350916,-12469.0
SWBBL,2013-01-21,311.0,317.0,311.0,315.0,1.29 %,173.0,54108.0,0.012861736334405238,0.012779726646399021,325.0,322.65,325.0682770579608,315.5746060602374,50.12300491997862,9.493670997723427,13.243377857469904,9.536645110805166,322.65,15.125005437145695,352.90001087429135,292.3999891257086,-12296.0
SWBBL,2013-01-24,315.0,321.0,321.0,321.0,1.90 %,1284.0,412164.0,0.01904761904761898,0.018868484304382736,321.2,322.6,324.44238827981303,315.97648709281236,53.00997033797009,8.465901187000668,12.287882523376057,9.284027602890513,322.6,15.12891967479233,352.8578393495847,292.34216065041534,-11012.0
SWBBL,2013-01-27,321.0,338.0,327.0,335.0,4.36 %,1615.0,534349.0,0.04361370716510904,0.04268940869505057,322.8,323.85,326.06663623676485,317.3856361970485,58.97666402949292,8.681000039716366,11.566506026644118,9.835168488398333,323.85,15.065733164684566,353.98146632936914,293.7185336706309,-9397.0
SWBBL,2013-01-28,335.0,341.0,332.0,332.0,-0.90 %,1970.0,658026.0,-0.008955223880596996,-0.008995562908577873,322.8,325.0,326.97946143110875,318.4681816639338,57.29769352435356,8.511279767174926,10.95546077475028,9.77551359636988,325.0,14.746988987943578,354.49397797588716,295.50602202411284,-11367.0
SWBBL,2013-01-31,332.0,330.0,327.0,327.0,-1.51 %,407.0,133440.0,-0.015060240963855387,-0.015174798019235115,326.0,325.95,326.9826212109382,319.10016820734614,54.51227412125971,7.8824530035920475,10.340859220518634,9.434405482343461,325.95,14.195903782800489,354.34180756560096,297.558192434399,-11774.0
SWBBL,2013-02-04,327.0,333.0,332.0,333.0,1.83 %,146.0,48599.0,0.0183486238532109,0.01818231908319033,329.6,327.3,327.90837179387074,320.12978537717237,57.20103774814076,7.778586416698374,9.828404659754582,9.189090805033214,327.3,13.463791598599906,354.2275831971998,300.3724168028002,-11628.0
SWBBL,2013-02-05,333.0,341.0,339.0,341.0,2.40 %,335.0,114181.0,0.024024024024023927,0.02373998730307287,333.6,328.95,329.9224684409675,321.6757272010855,60.549421282979594,8.246741239881999,9.512071975780065,9.104155747530841,328.95,12.98774726222264,354.9254945244453,302.9745054755547,-11293.0
SWBBL,2013-02-06,341.0,341.0,341.0,341.0,0.00 %,100.0,34100.0,0.0,0.0,334.8,330.3,331.62670406543407,323.1071548158199,60.54942128234191,8.519549249614158,9.313567430546884,8.453858908421497,330.3,12.753121392943823,355.80624278588766,304.79375721411236,-11293.0
SWBBL,2013-02-07,341.0,335.0,335.0,335.0,-1.76 %,2329.0,780215.0,-0.017595307917888547,-0.01775194545845034,335.4,331.55,332.14567267075194,323.9881063109444,56.69152349326729,8.15756635980756,9.082367216399021,8.278583272105676,331.55,11.852048457190124,355.2540969143803,307.84590308561974,-13622.0
SWBBL,2013-02-12,335.0,341.0,331.0,341.0,1.79 %,493.0,166959.0,0.017910447761193993,0.01775194545845032,338.2,333.05,333.5078768752516,325.2482465842077,59.472367564031835,8.25963029104389,8.917819831327995,8.401541609812414,333.05,10.980724738808354,355.01144947761674,311.0885505223833,-13129.0
SWBBL,2013-02-17,341.0,347.0,347.0,347.0,1.76 %,103.0,35741.0,0.017595307917888547,0.017442302663342388,341.0,334.6,335.58358812521294,326.8594875779701,62.09357415641742,8.724100547242813,8.87907597451096,8.230002923397242,334.6,10.629650684957381,355.85930136991476,313.3406986300853,-13026.0
SWBBL,2013-02-21,347.0,345.0,345.0,345.0,-0.58 %,229.0,79005.0,-0.0057636887608069065,-0.005780362915499425,341.8,335.15,337.0322668751802,328.20322923886124,60.684635152023596,8.829037636318958,8.86906830687256,7.785002714583154,335.15,10.878636717995034,356.90727343599,313.39272656400993,-13255.0
SWBBL,2013-02-25,345.0,352.0,350.0,352.0,2.03 %,79.0,27690.0,0.020289855072463725,0.020086758566737292,344.0,335.25,339.3349950482294,329.9659529989456,63.78219947163337,9.369042049283792,8.969063055354807,7.728931092112929,335.25,11.030460218485148,357.3109204369703,313.1890795630297,-13176.0
SWBBL,2013-02-26,352.0,349.0,339.0,346.0,-1.70 %,234.0,80820.0,-0.017045454545454586,-0.017192400540372875,346.2,335.05,340.36038042542486,331.1536601842089,59.45799541484558,9.206720241215976,9.016594492527041,8.105436014104862,335.05,10.7824174615804,356.6148349231608,313.4851650768392,-13410.0
SWBBL,2013-02-27,346.0,340.0,340.0,340.0,-1.73 %,70.0,23800.0,-0.017341040462427793,-0.01749315744751723,346.0,334.8,340.3049372830518,331.8089446150082,55.41226210100499,8.495992668043584,8.91247412763035,7.955047727383087,334.8,10.595927718257176,355.99185543651436,313.60814456348567,-13480.0
SWBBL,2013-02-28,340.0,334.0,334.0,334.0,-1.76 %,100.0,33400.0,-0.01764705882352946,-0.017804624633506707,343.4,334.75,339.3349469318131,331.9712450138965,51.62900847988976,7.363701917916558,8.602719685687592,7.815401461141438,334.75,10.597293596902551,355.9445871938051,313.5554128061949,-13580.0
SWBBL,2013-03-05,334.0,340.0,324.0,324.0,-2.99 %,5617.0,1854392.0,-0.029940119760479056,-0.030397477184371045,339.2,333.95,336.9757243269188,331.38078242027456,45.99284843586108,5.594941906644237,8.001164129878923,8.400015642488478,333.95,10.782417461580394,355.5148349231608,312.3851650768392,-19197.0
SWBBL,2013-03-06,324.0,330.0,330.0,330.0,1.85 %,63.0,20790.0,0.0185185185185186,0.018349138668196617,334.8,334.1,335.90253596893126,331.27850224099495,49.551410112626215,4.6240337279363075,7.3257380494904005,8.228585953739302,334.1,10.701205047735911,355.5024100954719,312.6975899045282,-19134.0
SWBBL,2013-03-07,330.0,342.0,336.0,336.0,1.82 %,200.0,67550.0,0.018181818181818077,0.018018505502678212,332.8,334.3,335.9175304352495,331.62824281573603,52.89400748238282,4.289287619513459,6.718447963495013,8.497972671329352,334.3,10.697269695925815,355.69453939185166,312.90546060814836,-18934.0
SWBBL,2013-03-11,336.0,342.0,342.0,342.0,1.79 %,30.0,10260.0,0.017857142857142794,0.017699577099400857,333.2,335.85,336.85329498367264,332.3965211256815,56.03135617052943,4.456773857991152,6.266113142394241,8.319546051948684,335.85,9.297849213662507,354.44569842732506,317.254301572675,-18904.0
SWBBL,2013-03-13,342.0,348.0,348.0,348.0,1.75 %,200.0,69600.0,0.01754385964912286,0.01739174271186924,336.0,337.5,338.56817267849226,333.552334375631,58.9739544188484,5.015838302861255,6.016058174487645,8.153864191095208,337.5,8.274882730923196,354.0497654618464,320.9502345381536,-18704.0
SWBBL,2013-03-14,348.0,347.0,342.0,342.0,-1.72 %,537.0,185739.0,-0.017241379310344862,-0.01739174271186922,339.6,338.55,339.0961461125704,334.1780873848435,55.00927133805731,4.91805872772693,5.796458285135502,8.000016748874122,338.55,7.351870510285436,353.2537410205709,323.84625897942914,-19241.0
SWBBL,2013-03-17,342.0,347.0,346.0,347.0,1.46 %,294.0,102008.0,0.014619883040935644,0.014514042884254012,343.0,339.15,340.31212363371344,335.1278586896699,57.56922791797302,5.184264944043548,5.674019616917112,7.785729838240257,339.15,7.534307497951547,354.21861499590307,324.0813850040969,-18947.0
SWBBL,2013-03-21,347.0,335.0,325.0,335.0,-3.46 %,5379.0,1749739.0,-0.03458213256484155,-0.03519424812179281,342.8,339.3,339.49487384391136,335.1183876756203,50.18834417127109,4.3764861682910805,5.414512927191907,8.801034849794524,339.3,7.413359207326109,354.1267184146522,324.4732815853478,-24326.0
SWBBL,2013-04-04,335.0,329.0,313.0,319.0,-4.78 %,3241.0,1016837.0,-0.047761194029850795,-0.048939429040221916,338.2,338.9,336.3418163294635,333.9244330329817,42.38541264925089,2.4173832964817734,4.81508700104988,9.743818074809202,338.9,8.27742650065157,355.4548530013031,322.34514699869686,-27567.0
SWBBL,2013-04-08,319.0,325.0,325.0,325.0,1.88 %,40.0,13000.0,0.018808777429467183,0.01863407954489301,333.6,338.5,334.596921509546,333.2633639194275,45.789157783897075,1.3335575901185166,4.118781118863607,9.476402498037116,338.5,8.756952125387029,356.01390425077403,320.98609574922597,-27527.0
SWBBL,2013-04-09,325.0,330.0,324.0,330.0,1.54 %,121.0,39642.0,0.01538461538461533,0.01526747213078838,331.2,337.95,333.8897028157697,333.0216332587292,48.518626615338555,0.868069557040485,3.468638806498983,9.228088033891607,337.95,8.935293710013962,355.8205874200279,320.0794125799721,-27406.0
SWBBL,2013-04-15,330.0,324.0,312.0,312.0,-5.45 %,100.0,31650.0,-0.054545454545454564,-0.056089466651043585,324.2,336.5,330.52205622872816,331.464475239564,40.594576949734396,-0.942419010835863,2.586427243032014,9.854653174327922,336.5,10.610322679750386,357.7206453595008,315.2793546404992,-27506.0
SWBBL,2013-04-17,312.0,315.0,305.0,315.0,0.96 %,2361.0,733490.0,0.009615384615384581,0.009569451016150672,320.2,335.5,328.1340475781546,330.2448844810778,42.286382401954555,-2.110836902923211,1.646974413840969,9.865035090447355,335.5,11.650615524738056,358.8012310494761,312.1987689505239,-25145.0
SWBBL,2013-04-18,315.0,309.0,303.0,303.0,-3.81 %,661.0,201249.0,-0.03809523809523807,-0.038839833316263894,317.0,333.6,324.26727102766927,328.22674488988685,37.665615405252936,-3.9594738622175782,0.5256847586292597,10.017532583986831,333.6,13.635866019628795,360.8717320392576,306.32826796074244,-25806.0
SWBBL,2013-04-21,303.0,298.0,298.0,298.0,-1.65 %,68.0,20264.0,-0.01650165016501648,-0.01663931900396467,311.6,331.15,320.2261524080279,325.9877267498952,35.90508728863081,-5.761574341867345,-0.7317670614700612,9.659137399416345,331.15,15.390615732698375,361.9312314653967,300.36876853460325,-25874.0
SWBBL,2013-04-22,298.0,298.0,293.0,298.0,0.00 %,329.0,96897.0,0.0,0.0,305.2,328.8,316.80674434525434,323.91456180545856,35.90508728826934,-7.107817460204217,-2.0069771412168924,9.326341870886607,328.8,16.69730517179354,362.1946103435871,295.4053896564129,-25874.0
SWBBL,2013-04-23,298.0,294.0,293.0,293.0,-1.68 %,450.0,132100.0,-0.016778523489932917,-0.016920877488337177,301.4,325.85,313.1441682921383,321.6245942643135,34.058810778139005,-8.48042597217517,-3.301666907408548,9.017317451537565,325.85,17.571732682740393,360.9934653654808,290.70653463451924,-26324.0
SWBBL,2013-04-29,293.0,298.0,295.0,295.0,0.68 %,276.0,81798.0,0.006825938566553003,0.00680274732275262,297.4,323.3,310.3527577856555,319.65240209658657,35.487794628165744,-9.299644310931058,-4.50126238811305,8.730366204999168,323.3,18.18356690155042,359.66713380310085,286.93286619689917,-26048.0
SWBBL,2013-04-30,295.0,300.0,300.0,300.0,1.69 %,59.0,17700.0,0.016949152542372836,0.01680711831638119,296.8,321.3,308.76002581863156,318.1966686079505,39.04419238107261,-9.436642789318967,-5.488338468354233,8.463911476070656,321.3,18.447935271717412,358.1958705434348,284.4041294565652,-25989.0
SWBBL,2013-05-02,300.0,294.0,294.0,294.0,-2.00 %,190.0,55860.0,-0.020000000000000018,-0.020202707317519466,296.0,319.3,306.48925261576517,316.40432278513936,36.44760264668253,-9.91507016937419,-6.373684808558225,8.287917799208467,319.3,19.153397389991902,357.60679477998383,280.9932052200162,-26179.0
SWBBL,2013-05-06,294.0,289.0,289.0,289.0,-1.70 %,140.0,40460.0,-0.017006802721088454,-0.01715307922624947,294.2,317.55,303.7985983671859,314.3743729492031,34.394818205123244,-10.575774582017232,-7.214102763250027,8.053066527836434,317.55,20.267877099125702,358.08575419825144,277.0142458017486,-26319.0
SWBBL,2013-05-08,289.0,294.0,289.0,289.0,0.00 %,155.0,45210.0,0.0,0.0,293.4,315.5,301.52189092608035,312.4947897677807,34.394818204706,-10.972898841700328,-7.965861978940088,7.834990347276688,315.5,21.002506116125648,357.5050122322513,273.4949877677487,-26319.0
SWBBL,2013-05-12,289.0,290.0,289.0,290.0,0.35 %,208.0,60287.0,0.0034602076124568004,0.0034542348680876036,292.4,313.2,299.749292322068,310.82850904424134,35.240827303270805,-11.079216722173328,-8.588532927586737,7.346776751042639,313.2,21.157554330856815,355.5151086617136,270.88489133828637,-26111.0
SWBBL,2013-05-13,290.0,285.0,285.0,285.0,-1.72 %,47.0,13395.0,-0.017241379310344862,-0.01739174271186922,289.4,310.35,297.48017042636525,308.9152861520753,32.952688177841836,-11.435115725710034,-9.157849487211397,7.179149840253879,310.35,20.91153043808983,352.1730608761797,268.52693912382034,-26158.0
SWBBL,2013-05-14,285.0,295.0,290.0,295.0,3.51 %,70.0,20400.0,0.03508771929824572,0.034486176071169404,289.6,307.7,297.09860574538595,307.8845242148845,41.17863851958777,-10.78591846949854,-9.483463283668826,7.380639137378602,307.7,19.17536797149156,346.0507359429831,269.34926405701685,-26088.0
SWBBL,2013-05-15,295.0,311.0,300.0,311.0,5.42 %,90.0,27650.0,0.05423728813559325,0.05281755583941434,294.0,306.15,299.23728178455735,308.1153001989671,51.44357143215514,-8.878018414409723,-9.362374309817005,7.9963077704229875,306.15,17.430387862942997,341.010775725886,271.28922427411396,-25998.0
SWBBL,2013-05-19,311.0,329.0,311.0,329.0,5.79 %,387.0,123607.0,0.05787781350482324,0.056264838586137844,302.0,305.25,303.8161615100101,309.6623149990436,59.917955044916376,-5.846153489033497,-8.659130145660304,8.710857215392775,305.25,15.576213309165691,336.4024266183314,274.0975733816686,-25611.0
SWBBL,2013-05-20,329.0,341.0,333.0,341.0,3.65 %,523.0,174983.0,0.036474164133738496,0.0358247265181448,312.2,305.55,309.5367520469316,311.9836249991144,64.38104811759528,-2.4468729521827868,-7.4166787069648015,8.945795985721864,305.55,16.223683143381496,337.997366286763,273.102633713237,-25088.0
SWBBL,2013-05-22,341.0,335.0,330.0,330.0,-3.23 %,4000.0,1320100.0,-0.032258064516129004,-0.03278982282299084,321.2,306.1,312.68494403971135,313.3181712954763,58.00505237104184,-0.6332272557649503,-6.059988416724832,9.092524843884588,306.1,16.87695407789472,339.85390815578944,272.3460918442106,-29088.0
SWBBL,2013-05-23,330.0,324.0,324.0,324.0,-1.82 %,113.0,36612.0,-0.018181818181818188,-0.01834913866819654,327.0,306.05,314.42572187975577,314.1094178661818,54.8161463161147,0.3163040135739834,-4.78472993066507,8.871630212178546,306.05,16.81939669735977,339.68879339471954,272.4112066052805,-29201.0
SWBBL,2013-05-28,324.0,318.0,312.0,315.0,-2.78 %,620.0,195037.0,-0.02777777777777779,-0.028170876966696335,327.8,305.3,314.5140723597933,314.17538691313126,50.34510110324199,0.3386854466620548,-3.7600468551996453,9.095085197022938,305.3,16.01019412091785,337.3203882418357,273.2796117581643,-29821.0
SWBBL,2013-05-30,315.0,319.0,310.0,319.0,1.27 %,1955.0,608445.0,0.012698412698412653,0.012618463959211464,325.8,305.65,315.20421507367126,314.5327656603067,52.21076250817118,0.6714494133645417,-2.873747601486808,9.088293397235585,305.65,16.23924745469246,338.1284949093849,273.171505090615,-27866.0
SWBBL,2013-06-02,319.0,324.0,313.0,324.0,1.57 %,210.0,66445.0,0.01567398119122254,0.015552413007484785,322.4,306.1,316.55741275464493,315.2340422780618,54.51149983964908,1.3233704765831362,-2.0343239858728195,9.224843868861615,306.1,16.63192871051273,339.3638574210255,272.83614257897455,-27656.0
SWBBL,2013-06-03,324.0,324.0,312.0,312.0,-3.70 %,1013.0,318462.0,-0.03703703703703709,-0.037740327982847086,318.8,306.55,315.8562723308534,314.9944835907979,48.47913344693087,0.8617887400554878,-1.455101440687158,9.423069306800071,306.55,16.665359597869905,339.8807191957398,273.2192808042602,-28669.0
SWBBL,2013-06-04,312.0,323.0,310.0,323.0,3.53 %,717.0,223814.0,0.03525641025641035,0.03464913541317428,318.6,307.8,316.95530735687595,315.58748480629436,53.55315093450843,1.367822550581593,-0.8905166424334079,9.678564356314352,307.8,16.92584445533855,341.6516889106771,273.94831108932294,-27952.0
SWBBL,2013-06-10,323.0,329.0,317.0,329.0,1.86 %,73.0,23321.0,0.018575851393188847,0.018405427542715343,321.4,309.35,318.80833699427967,316.5810044502726,56.093209562205,2.2273325440070835,-0.26694680514530966,9.844381188006185,309.35,17.394115762460988,344.138231524922,274.56176847507805,-27879.0
SWBBL,2013-06-17,329.0,323.0,323.0,323.0,-1.82 %,10.0,3230.0,-0.018237082066869248,-0.0184054275427153,322.2,310.85,319.45320822592896,317.05648560210426,52.97338690185473,2.396722623824701,0.2657870806486924,9.56978253172003,310.85,17.202432508529878,345.2548650170598,276.44513498294026,-27889.0
SWBBL,2013-06-18,323.0,317.0,309.0,309.0,-4.33 %,3369.0,1061263.0,-0.04334365325077394,-0.04431104632491102,319.2,311.55,317.84502234501684,316.4597088908373,46.477691713005214,1.3853134541795384,0.4896923553548616,9.88622663659717,311.55,16.80374331729938,345.15748663459874,277.9425133654013,-31258.0
SWBBL,2013-06-20,309.0,303.0,297.0,297.0,-3.88 %,300.0,89700.0,-0.03883495145631066,-0.03960913809504583,316.2,311.4,314.63809583039887,315.0182489729975,41.75182710079326,-0.3801531425986582,0.31572325576415766,10.037210448268802,311.4,16.925222536047677,345.2504450720953,277.54955492790464,-31558.0
SWBBL,2013-06-25,297.0,300.0,300.0,300.0,1.01 %,858.0,257400.0,0.010101010101010166,0.010050335853501506,311.6,311.7,312.38608108726055,313.90578608610883,43.303908650003024,-1.5197049988482831,-0.05136239515833052,9.534552559106745,311.7,16.65153699243783,345.00307398487564,278.39692601512434,-30700.0
SWBBL,2013-06-26,300.0,302.0,302.0,302.0,0.67 %,60.0,18120.0,0.006666666666666599,0.006644542718668511,306.2,312.35,310.78822245845123,313.02387600565635,44.36817170474797,-2.2356535472051178,-0.48822062556768797,8.996370233456263,312.35,15.958086549326293,344.2661730986526,280.43382690134746,-30640.0
SWBBL,2013-06-30,302.0,300.0,300.0,300.0,-0.66 %,162.0,48600.0,-0.0066225165562914245,-0.006644542718668613,301.6,312.9,309.1284959263818,312.0591444496818,43.48902724427356,-2.9306485233000217,-0.9767062051141547,8.496629502495102,312.9,15.286388854485075,343.4727777089701,282.32722229102984,-30802.0
SWBBL,2013-07-02,300.0,294.0,294.0,294.0,-2.00 %,68.0,19992.0,-0.020000000000000018,-0.020202707317519466,298.6,313.1,306.8010350146307,310.7214300460017,40.872496657584186,-3.9203950313709583,-1.5654439703655156,8.318298823745453,313.1,14.994384913939207,343.0887698278784,283.1112301721216,-30870.0
SWBBL,2013-07-04,294.0,295.0,294.0,294.0,0.00 %,238.0,70077.0,0.0,0.0,298.0,313.55,304.83164501237985,309.4828055981497,40.87249665714281,-4.651160585769844,-2.1825872934463817,7.79556319347792,313.55,14.221832734067316,341.9936654681346,285.1063345318654,-30870.0
SWBBL,2013-07-08,294.0,299.0,299.0,299.0,1.70 %,14.0,4186.0,0.017006802721088343,0.016863806052004725,297.8,313.75,303.9344688566291,308.70630147976823,44.121703793552115,-4.771832623139119,-2.700436359384929,7.5958801082294976,313.75,13.973188612482089,341.6963772249642,285.8036227750358,-30856.0
SWBBL,2013-07-09,299.0,304.0,304.0,304.0,1.67 %,179.0,54416.0,0.01672240802675584,0.01658412801553526,298.2,313.4,303.94455057099384,308.357686555341,47.24379840426077,-4.41313598434715,-3.0429762843773736,7.410460100498819,313.4,14.132456113127429,341.66491222625484,285.1350877737451,-30677.0
SWBBL,2013-07-10,304.0,310.0,310.0,310.0,1.97 %,123.0,38130.0,0.019736842105263053,0.01954459607297013,300.2,312.45,304.8761581754563,308.4793394030935,50.796546533183644,-3.603181227637208,-3.155017273029341,7.309712950463189,312.45,13.659294117540368,339.7685882350807,285.1314117649193,-30554.0
SWBBL,2013-07-14,310.0,322.0,316.0,322.0,3.87 %,263.0,84266.0,0.03870967741935494,0.03797924806521647,305.8,311.5,307.51059537923226,309.48086981767915,57.02927567033334,-1.9702744384468929,-2.9180687061128516,7.644733454001533,311.5,12.14604115707966,335.7920823141593,287.2079176858407,-30291.0
SWBBL,2013-07-15,322.0,328.0,316.0,328.0,1.86 %,262.0,83524.0,0.01863354037267073,0.018462062839735352,312.6,311.4,310.66281147473495,310.8526572385918,59.77308591541673,-0.1898457638568516,-2.3724241176616516,7.9558239215728515,311.4,11.992980403026085,335.38596080605214,287.4140391939478,-30029.0
SWBBL,2013-07-22,328.0,325.0,325.0,325.0,-0.91 %,100.0,32500.0,-0.009146341463414642,-0.009188426054406255,317.8,311.45,312.8685327863142,311.9006085542517,57.786256204782816,0.9679242320625008,-1.7043544477168213,7.601836498603363,311.45,12.050223845922588,335.5504476918452,287.3495523081548,-30129.0
SWBBL,2013-07-23,325.0,319.0,319.0,319.0,-1.85 %,357.0,113883.0,-0.018461538461538418,-0.018634079544892868,320.8,311.65,313.81183543457354,312.4264894020849,53.92557093355518,1.3853460324886555,-1.086414351675726,7.48741960584598,311.65,12.145066141398598,335.94013228279715,287.3598677172028,-30486.0
SWBBL,2013-07-25,319.0,325.0,320.0,320.0,0.31 %,440.0,141428.0,0.0031347962382444194,0.0031298930089275656,322.8,311.7,314.7638607523314,312.9874901871156,54.47152533651028,1.7763705652158137,-0.5138573682974181,7.381175348285553,311.7,12.178929172528795,336.0578583450576,287.3421416549424,-30046.0
SWBBL,2013-07-28,320.0,320.0,318.0,320.0,0.00 %,310.0,98890.0,0.0,0.0,322.4,311.5,315.5694206365881,313.5069353584404,54.47152533581517,2.062485278147733,0.0014111609916120926,6.996805680550871,311.5,11.997806817125031,335.49561363425005,287.50438636574995,-30046.0
SWBBL,2013-07-29,320.0,330.0,326.0,330.0,3.12 %,184.0,60640.0,0.03125,0.030771658666753687,322.8,312.4,317.7895097694207,314.72864385040776,59.97232849729419,3.06086591901294,0.6133021125958777,7.211319560511523,312.4,12.692310145994092,337.7846202919882,287.0153797080118,-29862.0
SWBBL,2013-07-30,330.0,336.0,336.0,336.0,1.82 %,85.0,28560.0,0.018181818181818077,0.018018505502678212,325.0,313.05,320.5911236510483,316.30429986148863,62.87095783532627,4.286823789559662,1.3480064479886347,7.1247967347607,313.05,13.566502865513993,340.183005731028,285.916994268972,-29777.0
SWBBL,2013-07-31,336.0,348.0,336.0,348.0,3.57 %,235.0,80202.0,0.03571428571428581,0.03509131981127019,330.8,314.0,324.80787385857934,318.65212950137834,67.88067737513191,6.1557443572010015,2.309554029831108,7.47302553942065,314.0,15.297058540778337,344.59411708155665,283.40588291844335,-29542.0
SWBBL,2013-08-05,348.0,354.0,354.0,354.0,1.72 %,183.0,64782.0,0.01724137931034475,0.01709443335930004,337.6,315.55,329.29897018802865,321.270490279054,70.05618909297287,8.028479908974646,3.453339205659816,7.367809429462032,315.55,17.64705134158767,350.8441026831754,280.25589731682464,-29359.0
SWBBL,2013-08-07,354.0,366.0,358.0,366.0,3.39 %,138.0,50250.0,0.03389830508474567,0.03333642026759171,346.8,318.4,334.94528246679346,324.58378729542034,73.86839088726992,10.361495171373122,4.8349703988024775,7.698680184500459,318.4,20.84630473375633,360.09260946751266,276.7073905324873,-29221.0
SWBBL,2013-08-08,366.0,402.0,355.0,402.0,9.84 %,2717.0,999725.0,0.09836065573770503,0.09381875521765491,361.2,323.65,345.26139285651755,330.31832156983364,81.48421464884544,14.943071286683903,6.856590576378763,10.505917314178998,323.65,27.373200493606127,378.39640098721225,268.9035990127877,-26504.0
SWBBL,2013-08-11,402.0,442.0,410.0,430.0,6.97 %,775.0,335962.0,0.06965174129353224,0.06733312006858695,380.0,330.15,358.2981016478226,337.70214960169784,85.11728031786859,20.59595204612475,9.60446287032796,12.612637506023354,330.15,35.64632556541826,401.4426511308365,258.85734886916345,-25729.0
SWBBL,2013-08-12,430.0,443.0,426.0,426.0,-0.93 %,1516.0,655236.0,-0.009302325581395321,-0.009345862418237658,395.6,336.35,368.71377831738835,344.2427311126832,82.623147988225,24.471047204705144,12.577779737203398,12.9260205413074,336.35,40.890450564507404,418.13090112901483,254.56909887098521,-27245.0
SWBBL,2013-08-13,426.0,434.0,414.0,414.0,-2.82 %,3564.0,1491165.0,-0.028169014084507005,-0.028573372444056,407.6,342.05,375.68088934548246,349.40993621544743,75.4777467941174,26.270953130035025,15.316414415769724,13.431304788356872,342.05,43.42382925731475,428.8976585146295,255.2023414853705,-30809.0
SWBBL,2013-08-14,414.0,420.0,420.0,420.0,1.45 %,67.0,28140.0,0.01449275362318847,0.01438873745209967,418.4,348.35,382.49921406156204,354.638829829118,76.56886762103754,27.860384232444062,17.825208379104595,12.90049730347424,348.35,45.18997909411245,438.72995818822494,257.9700418117751,-30742.0
SWBBL,2013-08-15,420.0,462.0,421.0,462.0,10.00 %,13187.0,5650048.0,0.10000000000000009,0.09531017980432493,430.4,356.75,394.73010420593715,362.5915091010352,82.45417337509863,32.13859510490198,20.687885724264074,14.979033210368938,356.75,49.92191270795881,456.59382541591765,256.90617458408235,-17555.0
SWBBL,2013-08-18,462.0,494.0,466.0,470.0,1.73 %,7814.0,3709424.0,0.017316017316017396,0.017167803622365498,438.4,365.3,406.31008817425453,370.54769361206957,83.31389171228211,35.762394562184966,23.702787491848255,16.19481655248544,365.3,53.988400313595704,473.2768006271914,257.32319937280863,-9741.0
SWBBL,2013-08-19,470.0,484.0,448.0,456.0,-2.98 %,1046.0,478894.0,-0.029787234042553234,-0.030239885189718235,444.4,372.9,413.9546899936,376.87749408524957,76.27079930549044,37.07719590835046,26.377669175148696,17.609472513022197,372.9,55.58009867228613,484.0601973445722,261.73980265542775,-10787.0
SWBBL,2013-08-20,456.0,478.0,465.0,467.0,2.41 %,2934.0,1373955.0,0.02412280701754388,0.02383644815451125,455.0,380.75,422.1155069176616,383.55323526411996,77.85486650149429,38.56227165354164,28.81458967082729,17.9230816192349,380.75,57.289546212753066,495.32909242550613,266.17090757449387,-7853.0
SWBBL,2013-08-25,467.0,475.0,465.0,470.0,0.64 %,563.0,263469.0,0.0064239828693790635,0.006403437035207007,465.0,388.15,429.48235200725213,389.9566993186296,78.280709371495,39.52565268862253,30.956802274386337,17.35714721786098,388.15,58.8390087218372,505.8280174436744,270.47198255632554,-7290.0
SWBBL,2013-08-26,470.0,485.0,470.0,480.0,2.13 %,2301.0,1100561.0,0.02127659574468077,0.021053409197832263,468.6,395.75,437.2542978522903,396.6265734431756,79.68316932037354,40.627724409114705,32.89098670133201,17.18877955944234,395.75,60.45518131118652,516.660362622373,274.83963737762696,-4989.0
SWBBL,2013-08-27,480.0,497.0,483.0,497.0,3.54 %,1020.0,499088.0,0.03541666666666665,0.0348039221946921,474.0,404.35,446.4459443365533,404.0616420770144,81.83104165844497,42.384302259538856,34.78964981297338,17.17529530519646,404.35,62.07319533379434,528.4963906675887,280.20360933241136,-3969.0
SWBBL,2013-08-29,497.0,488.0,488.0,488.0,-1.81 %,190.0,92720.0,-0.01810865191146882,-0.018274620243481556,480.4,412.8,452.83887597708355,410.2792982194578,77.17913813035702,42.55957775762573,36.34363540190385,16.591345640539572,412.8,61.341666100620564,535.4833322012412,290.1166677987589,-4159.0
SWBBL,2013-09-01,488.0,488.0,470.0,470.0,-3.69 %,5900.0,2865548.0,-0.03688524590163933,-0.037582711149042894,481.0,420.3,455.4790489036861,414.7030539069053,68.76007716206807,40.77599499678075,37.230107320879235,16.691963809072462,420.3,58.50245159055549,537.304903181111,303.295096818889,-10059.0
SWBBL,2013-09-02,470.0,470.0,461.0,461.0,-1.91 %,1524.0,714291.0,-0.019148936170212738,-0.019334651707455724,479.2,427.35,456.32842599542664,418.1324573212086,64.9453251289383,38.19596867421802,37.423279591546994,16.142537822710143,427.35,54.11029185109386,535.5705837021877,319.1294162978123,-11583.0
SWBBL,2013-09-03,461.0,479.0,464.0,468.0,1.52 %,3921.0,1840412.0,0.015184381778741818,0.015070252920998173,476.8,434.25,458.124052765361,421.82634937148947,66.501969635857,36.29770339387153,37.1981643520119,16.275213692516562,434.25,49.65870358864893,533.5674071772978,334.93259282270213,-7662.0
SWBBL,2013-09-04,468.0,460.0,451.0,451.0,-3.63 %,290.0,132590.0,-0.03632478632478631,-0.037000956414968374,467.6,440.0,457.0280446476131,423.9873605291569,59.58214342404631,33.04068411845623,36.36666830530077,16.326984143051096,440.0,44.021525835006436,528.0430516700129,351.95694832998714,-7952.0
SWBBL,2013-09-05,451.0,455.0,452.0,455.0,0.89 %,320.0,145515.0,0.008869179600886845,0.008830079448271995,461.0,445.35,456.7160377787496,426.28459308255265,60.620453672956465,30.431444696196934,35.17962358348,15.446485275690305,445.35,38.39445546594394,522.138910931888,368.56108906811215,-7632.0
SWBBL,2013-09-09,455.0,500.0,464.0,500.0,9.89 %,1737.0,845773.0,0.098901098901099,0.09431067947124142,467.0,452.65,463.3751088897112,431.7449935949562,69.96763391970687,31.630115294755,34.469721925735,17.557450613140997,452.65,33.70502851754411,520.0600570350882,385.23994296491173,-5895.0
SWBBL,2013-09-10,500.0,490.0,480.0,480.0,-4.00 %,2767.0,1330160.0,-0.040000000000000036,-0.040821994520255166,470.8,458.35,465.93278444514027,435.31943851384835,62.82963303512119,30.613345931291917,33.698446726846385,17.73191842648807,458.35,27.31353048158485,512.9770609631697,403.7229390368303,-8662.0
SWBBL,2013-09-11,480.0,498.0,488.0,498.0,3.75 %,1090.0,534870.0,0.03750000000000009,0.0368139731227164,476.8,463.15,470.866202222811,439.9624430683781,66.17430360626335,30.90375915443292,33.13950921236369,17.75106711031035,463.15,25.246729855985286,513.6434597119705,412.6565402880294,-7572.0
SWBBL,2013-09-12,498.0,496.0,486.0,486.0,-2.41 %,1556.0,762389.0,-0.02409638554216864,-0.024391453124159124,483.8,465.95,473.19447880391704,443.3726324707205,62.158691210298734,29.82184633319656,32.47597663653026,17.34027660243104,465.95,24.470121415826917,514.8902428316538,417.00975716834614,-9128.0
SWBBL,2013-09-15,486.0,491.0,483.0,491.0,1.03 %,555.0,269465.0,0.010288065843621297,0.01023550389402671,491.0,469.2,475.9337897571606,446.90058562103746,63.161769001356035,29.033204136123118,31.787422136448836,16.673113987971682,469.2,23.166672977407764,515.5333459548156,422.8666540451845,-8573.0
SWBBL,2013-09-16,491.0,482.0,475.0,482.0,-1.83 %,2316.0,1101612.0,-0.018329938900203624,-0.01850001374392023,487.4,472.6,476.86705287144355,449.50054224170134,60.074896539042626,27.36651062974221,30.903239835107513,16.625034417402276,472.6,19.307484231988205,511.21496846397645,433.9850315360236,-10889.0
SWBBL,2013-09-17,482.0,485.0,480.0,485.0,0.62 %,236.0,114070.0,0.006224066390041472,0.00620477688688287,488.4,475.85,478.1182755066061,452.13013170527904,60.763264575052744,25.988143801327055,29.920220628351423,15.794674816159256,475.85,14.971112534690606,505.79222506938123,445.9077749306188,-10653.0
SWBBL,2013-09-19,485.0,476.0,476.0,476.0,-1.86 %,200.0,95200.0,-0.01855670103092788,-0.01873103670606324,484.0,476.55,477.7923869671282,453.8982700974806,57.557144217839806,23.894116869647632,28.714999876610666,15.30934090071931,476.55,14.612449630728626,505.7748992614573,447.32510073854274,-10853.0
SWBBL,2013-09-22,476.0,476.0,459.0,465.0,-2.31 %,1045.0,486621.0,-0.02310924369747902,-0.02338044864406372,479.8,476.3,475.82432743372385,454.7206204606302,53.819377020785055,21.103706973093665,27.19274129590727,15.430102264953645,476.3,14.77230695022391,505.8446139004478,446.7553860995522,-11898.0
SWBBL,2013-09-23,465.0,465.0,456.0,465.0,0.00 %,3596.0,1640640.0,0.0,0.0,474.6,476.75,474.15904629007406,455.482055982065,53.81937702044289,18.676990308009067,25.48959109832763,14.970809246028384,476.75,14.24919203619158,505.24838407238315,448.25161592761685,-11898.0
SWBBL,2013-09-25,465.0,474.0,460.0,470.0,1.08 %,1656.0,777220.0,0.010752688172043001,0.01069528911674795,472.2,476.9,473.5191930146781,456.5574592426527,55.34800077772485,16.961733772025354,23.784019633067178,14.901465728454928,476.9,14.15664248032861,505.2132849606572,448.5867150393428,-10242.0
SWBBL,2013-09-26,470.0,479.0,475.0,475.0,1.06 %,423.0,200965.0,0.010638297872340496,0.010582109330537008,470.2,477.15,473.74700947395837,457.9235733728266,56.88493248922679,15.82343610113179,22.1919029266801,14.47993246213672,477.15,14.072275841827304,505.29455168365456,449.0054483163454,-9819.0
SWBBL,2013-09-29,475.0,479.0,479.0,479.0,0.84 %,80.0,38320.0,0.008421052631578885,0.008385793376273964,470.8,477.1,474.5551618625801,459.4847901600246,58.12665898274858,15.07037170255552,20.767596681855185,13.731365857698384,477.1,14.063390322695176,505.22678064539036,448.9732193546097,-9739.0
SWBBL,2013-10-06,479.0,475.0,470.0,475.0,-0.84 %,1469.0,690690.0,-0.008350730688935326,-0.00838579337627407,472.8,476.0,474.62359849910627,460.63406496298575,56.37805427274364,13.989533536120518,19.411984052708252,13.39341115357707,476.0,13.262531313522306,502.52506262704463,449.47493737295537,-11208.0
SWBBL,2013-10-07,475.0,470.0,465.0,465.0,-2.11 %,118.0,54960.0,-0.021052631578947323,-0.02127739844728485,472.8,474.85,473.14304488385915,460.95746755832016,52.15400802837016,12.185577325538986,17.9667027072744,13.151024642607279,474.85,13.164045930610067,501.17809186122014,448.5219081387799,-11326.0
SWBBL,2013-10-08,465.0,465.0,465.0,465.0,0.00 %,108.0,50220.0,0.0,0.0,471.8,474.6,471.89026874788084,461.256914405852,52.15400802794934,10.633354342028838,16.50003303422529,12.211665739563902,474.6,13.307694647915493,501.215389295831,447.98461070416903,-11326.0
SWBBL,2013-10-09,465.0,501.0,470.0,498.0,7.10 %,1361.0,673070.0,0.07096774193548394,0.06856267143729668,476.4,476.45,475.90715047897606,463.978624449863,62.816374772351324,11.928526029113073,15.585731633202847,13.910832472452194,476.45,13.877186883137675,504.20437376627535,448.6956262337246,-9965.0
SWBBL,2013-10-10,498.0,498.0,496.0,496.0,-0.40 %,416.0,206968.0,-0.004016064257028162,-0.004024150299725491,479.8,477.85,478.99835809759514,466.3505781943176,61.91581940771347,12.647779903277524,14.998141287217784,13.060058724419894,477.85,14.38301264101629,506.6160252820326,449.08397471796746,-10381.0
SWBBL,2013-10-20,496.0,500.0,492.0,492.0,-0.81 %,315.0,155100.0,-0.008064516129032251,-0.008097210232619362,483.2,479.9,480.9986106979651,468.25053536510893,60.061235490829795,12.74807533285616,14.548128096345462,12.698625958389902,479.9,13.230347888971567,506.36069577794314,453.4393042220568,-10696.0
SWBBL,2013-10-21,492.0,500.0,495.0,500.0,1.63 %,681.0,339595.0,0.016260162601626105,0.016129381929883717,490.2,482.15,483.9219013598166,470.60234756028603,62.48172081618012,13.319553799530581,14.302413236982487,12.36300981850491,482.15,12.583510513452238,507.31702102690446,456.9829789730955,-10015.0
SWBBL,2013-10-22,500.0,491.0,491.0,491.0,-1.80 %,1178.0,578398.0,-0.018000000000000016,-0.01816397062767118,495.4,481.7,485.01083961215255,472.1132847780426,58.20780231522973,12.89755483410994,14.021441556407979,12.122794831468845,481.7,12.061683569318724,505.8233671386374,457.57663286136255,-11193.0
SWBBL,2013-10-23,491.0,506.0,499.0,503.0,2.44 %,1492.0,747682.0,0.024439918533604832,0.024146042305218572,496.4,482.85,487.7784027487445,474.4011896092987,61.94548842389234,13.377213139445814,13.892595873015546,12.328309486363928,482.85,12.95447494314955,508.75894988629915,456.9410501137009,-9701.0
SWBBL,2013-10-24,503.0,503.0,500.0,503.0,0.00 %,1493.0,748752.0,0.0,0.0,497.8,483.1,490.1201869412454,476.5196200086099,61.94548842339516,13.600566932635502,13.83419008493954,11.662001665909361,483.1,13.30571701424677,509.71143402849356,456.4885659715065,-9701.0
SWBBL,2013-10-27,503.0,505.0,500.0,505.0,0.40 %,424.0,212175.0,0.003976143141153132,0.00396825917562067,500.4,484.05,492.40938895028455,478.6292777857499,62.59216672173679,13.780111164534674,13.823374300858566,11.186144404058693,484.05,14.1736412140006,512.3972824280012,455.7027175719988,-9277.0
SWBBL,2013-10-28,505.0,500.0,500.0,500.0,-0.99 %,129.0,64500.0,-0.00990099009900991,-0.009950330853168092,500.4,484.5,493.57717526562544,480.21229424606474,59.85375811368728,13.364881019560698,13.731675644598994,10.74427694662593,484.5,14.543944299588485,513.587888599177,455.41211140082305,-9406.0
SWBBL,2013-10-29,500.0,500.0,500.0,500.0,0.00 %,160.0,80000.0,0.0,0.0,502.2,485.4,494.565302147837,481.67805022783773,59.85375811312327,12.887251919999244,13.562790899679046,9.976828593295508,485.4,14.932832071789655,515.2656641435793,455.5343358564207,-9406.0
SWBBL,2013-10-30,500.0,500.0,490.0,490.0,-2.00 %,595.0,292500.0,-0.020000000000000018,-0.020202707317519466,499.6,485.65,493.8629479712466,482.2944909517016,54.339428815766006,11.568457019545008,13.16392412365224,9.9784836937744,485.65,14.967596579560807,515.5851931591216,455.71480684087834,-10001.0
SWBBL,2013-11-06,490.0,499.0,499.0,499.0,1.84 %,300.0,149700.0,0.01836734693877551,0.01820070464684637,498.8,486.8,494.6532636679779,483.53193606639036,58.082466391018826,11.121327601587552,12.755404819239304,9.908592001361942,486.8,15.070361292077376,516.9407225841547,456.6592774158453,-9701.0
SWBBL,2013-11-07,499.0,512.0,500.0,505.0,1.20 %,7014.0,3543268.0,0.012024048096192397,0.011952333523841173,498.8,488.8,496.24506925751973,485.1221630244355,60.41235895314859,11.122906233084223,12.428905102008288,10.129406858407519,488.8,14.674001355783446,518.148002711567,459.4519972884331,-2687.0
SWBBL,2013-11-10,505.0,510.0,500.0,500.0,-0.99 %,1503.0,758330.0,-0.00990099009900991,-0.009950330853168092,498.8,490.55,496.82275091020904,486.22422502262543,57.542048138919895,10.598525887583605,12.062829259123353,10.12016351137841,490.55,13.743802431031211,518.0376048620624,463.0623951379376,-4190.0
SWBBL,2013-11-11,500.0,529.0,504.0,525.0,5.00 %,4353.0,2259378.0,0.050000000000000044,0.04879016416943205,503.8,493.3,501.1577123086384,489.09650465057905,66.19142288413201,12.061207658059345,12.062504938910552,11.468723260565666,493.3,14.871732281502862,523.0434645630057,463.5565354369943,163.0
SWBBL,2013-11-12,525.0,545.0,525.0,545.0,3.81 %,1427.0,771154.0,0.03809523809523818,0.03738753207162041,514.8,496.8,507.90267964577095,493.23750430609175,71.23921122773515,14.665175339679195,12.58303901906428,12.078100170525262,496.8,18.20237115843807,533.2047423168761,460.3952576831239,1590.0
SWBBL,2013-11-13,545.0,564.0,553.0,553.0,1.47 %,596.0,332335.0,0.014678899082568808,0.014572206859090725,525.6,500.5,514.8407289310369,497.66435583897385,72.97720864157483,17.176373092063045,13.501705833664035,12.572521586916316,500.5,21.598001856898527,543.696003713797,457.30399628620296,2186.0
SWBBL,2013-11-14,553.0,561.0,545.0,561.0,1.45 %,753.0,418134.0,0.014466546112115841,0.014362904000361623,536.8,504.8,521.9421552493388,502.3558850360869,74.62834097789009,19.586270213251964,14.718618709581621,12.81734147356515,504.8,24.605519278150503,554.0110385563011,455.588961443699,2939.0
SWBBL,2013-11-24,561.0,593.0,572.0,590.0,5.17 %,1337.0,783864.0,0.051693404634581164,0.05040163137706887,554.8,511.05,532.4125929032867,508.84804170008044,79.51471202989855,23.564551203206292,16.487805208306554,14.187531368310498,511.05,29.37681685310924,569.8036337062185,452.29636629378155,4276.0
SWBBL,2013-11-25,590.0,601.0,590.0,590.0,0.00 %,381.0,225890.0,0.0,0.0,567.8,517.3,541.2721939950889,514.8592978704448,79.51471202932987,26.41289612464402,18.472823391574046,13.959850556288321,517.3,32.223071172523994,581.7461423450479,452.853857654952,4276.0
SWBBL,2013-11-27,590.0,590.0,590.0,590.0,0.00 %,40.0,23600.0,0.0,0.0,576.8,521.9,548.768779534306,520.4252758059674,79.51471202871744,28.343503728338533,20.446959458926944,12.9627183736963,521.9,35.70183542384976,593.3036708476995,450.49632915230046,4276.0
SWBBL,2013-11-28,590.0,581.0,579.0,579.0,-1.86 %,753.0,436413.0,-0.01864406779661021,-0.01882005932676993,582.0,526.05,553.4197365290281,524.7641442647847,72.86636867276242,28.65559226424341,22.088686019990238,12.822524204146564,526.05,37.32005951368967,600.6901190273793,451.4098809726206,3523.0
SWBBL,2013-12-01,579.0,590.0,571.0,590.0,1.90 %,2429.0,1401647.0,0.01899827288428324,0.018820059326769886,587.8,530.95,559.047469370716,529.5964298748007,75.10774544504459,29.451039495915325,23.561156715175255,13.263772475278953,530.95,39.0094118197954,608.9688236395908,452.93117636040927,5952.0
SWBBL,2013-12-02,590.0,618.0,601.0,615.0,4.24 %,4702.0,2885222.0,0.04237288135593231,0.04149973090675284,592.8,536.7,567.6555510059904,535.9226202544452,79.29407641861967,31.73293075154527,25.19551152244926,14.316360155616172,536.7,42.52442022872921,621.7488404574585,451.6511595425416,10654.0
SWBBL,2013-12-03,615.0,664.0,627.0,664.0,7.97 %,615.0,393867.0,0.0796747967479674,0.07665988166991591,607.6,545.35,582.4777739281458,545.4098335689307,84.71870715664133,37.06794035921507,27.569997289802423,16.79376300164359,545.35,49.72479525506343,644.7995905101269,445.90040948987314,11269.0
SWBBL,2013-12-04,664.0,691.0,665.0,691.0,4.07 %,1066.0,722046.0,0.0406626506024097,0.03985767429123611,627.8,554.75,599.1735010161233,556.1942903416025,86.77474865326182,42.9792106745208,30.6518399667461,17.52277993009762,554.75,58.323846346341625,671.3976926926832,438.1023073073168,12335.0
SWBBL,2013-12-05,691.0,700.0,680.0,700.0,1.30 %,4197.0,2927180.0,0.013024602026049159,0.012940511275734732,652.0,564.6,614.6852700905658,566.8465651311134,87.38408081816085,47.83870495945246,34.08921296528737,17.69972422080493,564.6,65.33750434233238,695.2750086846647,433.92499131533526,16532.0
SWBBL,2013-12-08,700.0,700.0,690.0,690.0,-1.43 %,348.0,243120.0,-0.014285714285714235,-0.014388737452099556,672.0,573.85,626.2721516150942,575.9690417880679,82.8182641705143,50.30310982702633,37.33199233763517,17.149743919318865,573.85,69.42339587442362,712.6967917488473,435.0032082511528,16184.0
SWBBL,2013-12-09,690.0,693.0,680.0,680.0,-1.45 %,2131.0,1465517.0,-0.01449275362318836,-0.014598799421152636,685.0,582.85,634.5379744435413,583.6750386926554,78.40639799021186,50.86293575088587,40.038181020285315,16.853333639367516,582.85,70.9953853207531,724.8407706415062,440.85922935849385,14053.0
SWBBL,2013-12-10,680.0,693.0,680.0,680.0,0.00 %,1060.0,721580.0,0.0,0.0,688.2,591.85,641.532132221458,590.810221011718,78.40639798976204,50.72191120974003,42.17492705817626,16.578095522269837,591.85,71.34812725753913,734.5462545150783,449.1537454849217,14053.0
SWBBL,2013-12-11,680.0,693.0,680.0,680.0,0.00 %,841.0,576183.0,0.0,0.0,686.0,601.35,647.4502657258491,597.4168713071463,78.40639798927762,50.03339441870287,43.74662053028158,16.322517270679135,601.35,69.70333753241664,740.7566750648333,461.94332493516674,14053.0
SWBBL,2013-12-12,680.0,685.0,680.0,685.0,0.74 %,302.0,205900.0,0.007352941176470562,0.007326040092072881,683.0,610.65,653.2271479218723,603.9045104695799,79.10163451652585,49.32263745229238,44.86182391468375,15.513766037059199,610.65,67.70856666626545,746.0671333325308,475.23286666746907,14355.0
SWBBL,2013-12-15,685.0,711.0,685.0,711.0,3.80 %,169.0,118144.0,0.03795620437956204,0.03725359154101558,687.2,620.95,662.115279010815,611.8375096940555,82.29402098499355,50.27776931675953,45.94501299509891,16.262782748697827,620.95,66.44782282283488,753.8456456456698,488.05435435433026,14524.0
SWBBL,2013-12-19,711.0,715.0,715.0,715.0,0.56 %,212.0,151580.0,0.005625879043600568,0.005610112890766783,694.2,631.7,670.2513899322281,619.4791756426439,82.73107957048839,50.77221428958421,46.91045325399597,15.386869695219412,631.7,63.16069730624139,758.0213946124828,505.37860538751727,14736.0
SWBBL,2013-12-22,715.0,743.0,715.0,743.0,3.92 %,2905.0,2091971.0,0.03916083916083912,0.038413502023751475,706.8,642.6,681.4434837888084,628.6288663357814,85.44035532631149,52.81461745302704,48.09128609380218,16.28780757413231,642.6,62.58585681832866,767.7717136366573,517.4282863633427,17641.0
SWBBL,2013-12-23,743.0,740.0,730.0,735.0,-1.08 %,1307.0,962715.0,-0.010767160161507361,-0.010825545504922447,717.8,652.1,689.6829478212994,636.508209570168,81.50582143882804,53.17473825113143,49.107976525268036,16.05296417598,652.1,61.40024001324702,774.900480026494,529.299519973506,16334.0
SWBBL,2013-12-24,735.0,750.0,730.0,735.0,0.00 %,2587.0,1908090.0,0.0,0.0,727.8,661.2,696.654802002638,643.8038977501556,81.50582143832277,52.85090425248245,49.85656207071092,16.334895306267143,661.2,59.393956807601995,779.987913615204,542.4120863847961,16334.0
SWBBL,2013-12-26,735.0,763.0,749.0,750.0,2.04 %,670.0,503482.0,0.020408163265306145,0.02020270731751947,735.6,670.65,704.8617555406937,651.6702756945884,83.18922632736128,53.19147984610527,50.523545625789794,17.168117070105204,670.65,57.621519189312835,785.8930383786256,555.4069616213743,17004.0
SWBBL,2014-01-05,750.0,660.0,660.0,660.0,-12.00 %,138.0,91080.0,-0.12,-0.12783337150988489,724.6,674.15,697.9599469959716,652.2872923098041,52.381153622213176,45.67265468616745,49.55336743786533,22.370394422240548,674.15,54.506663040307394,783.1633260806148,565.1366739193852,16866.0
SWBBL,2014-01-06,660.0,647.0,647.0,647.0,-1.97 %,20.0,12940.0,-0.019696969696969657,-0.019893540519570624,705.4,677.0,690.1199551504375,651.8956410275964,49.52794653776665,38.224314122841065,47.287556774860484,21.70108053493765,677.0,51.269155598562506,779.538311197125,574.461688802875,16846.0
SWBBL,2014-01-08,647.0,650.0,650.0,650.0,0.46 %,20.0,13000.0,0.004636785162287493,0.004626068388782243,688.4,680.0,683.9476543580624,651.7552231737004,50.202058771392096,32.19243118436202,44.26853165676079,20.36528906815639,680.0,47.52949222934206,775.0589844586841,584.9410155413159,16866.0
SWBBL,2014-01-12,650.0,660.0,660.0,660.0,1.54 %,1933.0,1275780.0,0.01538461538461533,0.01526747213078838,673.4,684.05,680.2633998414375,652.365947383056,52.48039334251041,27.897452458381508,40.99431581708494,19.62491127757379,684.05,41.54449105287302,767.138982105746,600.9610178942539,18799.0
SWBBL,2014-01-13,660.0,666.0,660.0,666.0,0.91 %,1940.0,1282794.0,0.009090909090909038,0.009049835519917856,656.6,687.85,678.0690306350625,653.3758772065333,53.84485752996767,24.693153428529172,37.73408333937378,18.65170332917566,687.85,35.5294910861702,758.9089821723404,616.7910178276596,20739.0
SWBBL,2014-01-19,666.0,670.0,655.0,670.0,0.60 %,1741.0,1149105.0,0.006006006006006093,0.005988041844622693,658.6,690.6,676.8276413065913,654.6072937097531,54.7771257714678,22.220347596838224,34.631336190866676,18.390867377091688,690.6,31.493357695671495,753.586715391343,627.6132846086571,22480.0
SWBBL,2014-01-20,670.0,683.0,683.0,683.0,1.94 %,54.0,36882.0,0.0194029850746269,0.01921714718577835,665.8,691.55,677.7772349517311,656.7104571386603,57.76306672895731,21.066777813070757,31.918424515307493,18.005805421585137,691.55,30.930269622935896,753.4105392458717,629.6894607541282,22534.0
SWBBL,2014-01-21,683.0,703.0,690.0,703.0,2.93 %,85.0,59131.0,0.029282576866764165,0.028862032239874734,676.4,692.15,681.6576603437725,660.1393121654262,61.92793106496845,21.518348178346287,29.838409247915255,18.14824789147191,692.15,31.03525160370713,754.2205032074143,630.0794967925857,22619.0
SWBBL,2014-01-22,703.0,732.0,703.0,732.0,4.13 %,1351.0,969496.0,0.04125177809388325,0.04042362215064655,690.8,693.75,689.4026356754998,665.4623260790983,67.00800208426315,23.940309596401562,28.65878931761252,18.92337304208106,693.75,32.26188071654479,758.2737614330896,629.2262385669104,23970.0
SWBBL,2014-02-09,732.0,805.0,746.0,805.0,9.97 %,394.0,298966.0,0.0997267759562841,0.09506176345725176,718.6,699.5,707.1868455715768,675.7984500732392,75.77182440156149,31.38839549833756,29.20471055375753,22.785989253360984,699.5,40.70238580877613,780.9047716175522,618.0952283824478,24364.0
SWBBL,2014-02-13,805.0,870.0,821.0,870.0,8.07 %,40.0,33810.0,0.08074534161490687,0.07765093423006607,758.6,709.0,732.2350231759496,690.1837500678141,80.6903463310577,42.05127310813543,31.774023064633113,25.801275735263772,709.0,55.42277700121551,819.8455540024311,598.1544459975689,24404.0
SWBBL,2014-02-16,870.0,904.0,887.0,904.0,3.91 %,20.0,17910.0,0.03908045977011487,0.03833614874354703,802.8,720.2,758.6604042258035,706.0219908035316,82.67193787156855,52.638413422271924,35.946901136160875,26.386898897030644,720.2,69.97638699477315,860.1527739895464,580.2472260104537,24424.0
SWBBL,2014-02-17,904.0,994.0,922.0,994.0,9.96 %,1563.0,1550112.0,0.0995575221238938,0.09490784626439752,861.0,735.9,794.8664958833722,727.3536951884553,86.59380910229193,67.5128006949169,42.26008104791208,30.930691832957027,735.9,92.18339843685834,920.2667968737167,551.5332031262833,25987.0
SWBBL,2014-02-18,994.0,1093.0,1013.0,1093.0,9.96 %,2096.0,2282968.0,0.0995975855130784,0.09494428151996447,933.2,756.3,840.7331888243918,754.4386066559771,89.42825093092857,86.29458216841476,51.06698127201261,35.7927852734601,756.3,120.97503004643976,998.2500600928795,514.3499399071204,28083.0
SWBBL,2014-02-20,1093.0,1202.0,1114.0,1154.0,5.58 %,1412.0,1686950.0,0.055809698078682635,0.054307958891506414,1003.0,778.45,888.9280828514085,784.0357469036825,90.72893310326968,104.892335947726,61.83205220715529,41.02187203964152,778.45,149.44897914814013,1077.3479582962802,479.5520417037198,29495.0
SWBBL,2014-02-23,1154.0,1153.0,1131.0,1153.0,-0.09 %,118.0,133678.0,-0.0008665511265164572,-0.0008669267989858376,1059.6,800.35,929.5545316434994,811.3664323182245,90.53228820316755,118.18809932527495,73.10326163077923,39.73459546538142,800.35,170.2992026436202,1140.9484052872403,459.75159471275964,29377.0
SWBBL,2014-02-24,1153.0,1130.0,1038.0,1046.0,-9.28 %,4211.0,4473003.0,-0.0928013876843018,-0.09739387564419079,1088.0,815.5,947.469219082961,828.7466965909487,72.44032371223587,118.72252249201233,82.22711380302586,45.110695789282744,815.5,178.2220672732703,1171.9441345465407,459.0558654534594,25166.0
SWBBL,2014-02-25,1046.0,1097.0,1026.0,1097.0,4.88 %,1875.0,2009346.0,0.04875717017208414,0.047605815650362045,1108.6,833.6,970.4739546086594,848.6173116582858,75.00432468620369,121.85664295037361,90.15301963249541,46.959931804333976,833.6,187.74405870478984,1209.0881174095798,458.11188259042035,27041.0
SWBBL,2014-02-26,1097.0,1100.0,1059.0,1059.0,-3.46 %,2706.0,2951906.0,-0.034639927073837784,-0.03525411467382383,1101.8,849.8,984.0933462073272,864.2012144984128,69.79405046964972,119.89213170891435,96.1008420477792,46.534222389738694,849.8,192.70145985845346,1235.2029197169068,464.39708028309303,24335.0
SWBBL,2014-03-03,1059.0,1038.0,1021.0,1021.0,-3.59 %,1910.0,1952354.0,-0.03588290840415487,-0.036542527436740906,1075.2,863.35,989.7712929446615,875.8159393503822,64.93618244332197,113.95535359427925,99.6717443570792,45.924635076185936,863.35,194.83063495197484,1253.0112699039496,473.68873009605034,22425.0
SWBBL,2014-03-04,1021.0,1020.0,975.0,1000.0,-2.06 %,4008.0,3997841.0,-0.020568070519098924,-0.020782539182528505,1044.6,880.35,991.3449401839443,885.0147586577614,62.35328576101593,106.33018152618297,101.00343179089997,45.930018285029796,880.35,190.9481260502587,1262.2462521005175,498.4537478994826,18417.0
SWBBL,2014-03-05,1000.0,1030.0,1020.0,1030.0,3.00 %,124.0,127460.0,0.030000000000000027,0.02955880224154443,1041.4,899.5,997.2918724633375,895.7544061645939,64.52418330266592,101.53746629874365,101.1102386924687,44.7921598360991,899.5,185.43987534621914,1270.3797506924384,528.6202493075617,18541.0
SWBBL,2014-03-06,1030.0,1050.0,1020.0,1020.0,-0.97 %,1197.0,1234430.0,-0.009708737864077666,-0.009756174945364685,1026.0,918.0,1000.785430545901,904.957783485735,63.21560422744379,95.82764706016599,100.05372036600816,43.73557699066345,918.0,177.52627677999862,1273.0525535599972,562.9474464400028,17344.0
SWBBL,2014-03-09,1020.0,1010.0,942.0,942.0,-7.65 %,702.0,692180.0,-0.07647058823529407,-0.07955263170195365,1002.6,932.1,991.741518154224,907.7016513756805,54.01400848137909,84.03986677854346,96.85094964851524,46.18303577704464,932.1,166.83300821953435,1265.7660164390686,598.4339835609313,16642.0
SWBBL,2014-03-10,942.0,960.0,925.0,952.0,1.06 %,472.0,447406.0,0.010615711252653925,0.010559760215002253,988.8,946.4,985.6274384381895,910.9830105330375,54.919976916129436,74.64442790515204,92.40964529984261,45.384247507255736,946.4,154.6351903845416,1255.6703807690833,637.1296192309168,17114.0
SWBBL,2014-03-11,952.0,971.0,952.0,971.0,2.00 %,804.0,766168.0,0.01995798319327724,0.019761433499959527,983.0,961.45,983.3770632938526,915.4287134565161,56.66679085555819,67.94834983733654,87.51738620734139,43.49965839959461,961.45,140.30173311755544,1242.053466235111,680.8465337648892,17918.0
SWBBL,2014-03-12,971.0,975.0,942.0,942.0,-2.99 %,963.0,921009.0,-0.029866117404737436,-0.030321193714961905,965.4,974.4,977.0113612486446,917.3969569041815,53.27363410327151,59.61440434446308,81.93678983476573,42.749682799623564,974.4,124.28676518439238,1222.9735303687848,725.8264696312152,16955.0
SWBBL,2014-03-13,942.0,980.0,942.0,980.0,4.03 %,1621.0,1554701.0,0.04033970276008492,0.03954729708825454,957.4,988.25,977.4711518257761,922.0342193557236,56.91428387725819,55.43693247005251,76.63681836182309,42.4104197425076,988.25,106.63112757736995,1201.51225515474,774.9877448452601,18576.0
SWBBL,2014-03-17,980.0,961.0,911.0,930.0,-5.10 %,1309.0,1206353.0,-0.05102040816326525,-0.052367985517315925,955.0,998.15,970.1678976987337,922.6242771812256,51.25543716286515,47.54362051750809,70.8181787929601,44.30967547518563,998.15,89.38460658713636,1176.9192131742727,819.3807868257272,17267.0
SWBBL,2014-03-18,930.0,920.0,908.0,908.0,-2.37 %,598.0,547045.0,-0.023655913978494647,-0.02394020754600835,946.2,1003.3,960.6036057450824,921.5409973900237,48.94927279144842,39.06260835505873,64.46706470537983,42.71612722695808,1003.3,80.1617443869468,1163.6234887738935,842.9765112261064,16669.0
SWBBL,2014-03-19,908.0,923.0,911.0,911.0,0.33 %,276.0,253944.0,0.0033039647577093323,0.003298518658665108,934.2,1005.35,952.9722817843005,920.7601827685405,49.2843735169128,32.21209901576003,58.01607156745587,40.73640385360393,1005.35,77.03674789550823,1159.4234957910164,851.2765042089836,16945.0
SWBBL,2014-03-20,911.0,948.0,895.0,948.0,4.06 %,242.0,221118.0,0.040614709110867286,0.03981160499506359,935.4,1007.55,952.2073153559465,922.7779470079079,53.35140173981603,29.42936834803868,52.298730923572435,41.61237500691794,1007.55,74.5791525830128,1156.7083051660256,858.3916948339744,17187.0
SWBBL,2014-03-23,948.0,932.0,912.0,915.0,-3.48 %,2227.0,2054176.0,-0.034810126582278444,-0.03543043697950045,922.4,1003.6,946.4831129934933,922.2018027851,49.53589434895055,24.28131020839328,46.69524678053661,41.21149107785237,1003.6,77.37427833181206,1158.348556663624,848.851443336376,14960.0
SWBBL,2014-03-24,915.0,933.0,923.0,923.0,0.87 %,456.0,423980.0,0.008743169398907069,0.008705169227330807,921.0,995.1,942.8703263791097,922.2609285047222,50.46083920273347,20.60939787438747,41.478076999306786,39.55352742943435,995.1,76.36746344932838,1147.8349268986567,842.3650731013432,15416.0
SWBBL,2014-03-25,923.0,941.0,894.0,911.0,-1.30 %,2044.0,1838886.0,-0.013001083423618609,-0.013086337242893811,921.6,982.95,937.9671992438621,921.4267856525206,49.00975785788976,16.540413591341462,36.49054431771373,40.085418327331894,982.95,68.70185395491444,1120.353707909829,845.5462920901712,13372.0
SWBBL,2014-03-26,911.0,955.0,910.0,955.0,4.83 %,1375.0,1284470.0,0.04829857299670692,0.04716844322077193,930.4,973.05,940.5876301294218,923.9136904190005,54.209360035042096,16.673939710421223,32.52722339625523,40.43645987537962,973.05,55.99950657677604,1085.049013153552,861.0509868464478,14747.0
SWBBL,2014-03-27,955.0,950.0,936.0,950.0,-0.52 %,453.0,427550.0,-0.005235602094240788,-0.005249355886143678,930.8,968.25,942.0356870325877,925.8460096472227,53.54121115461394,16.18967738536503,29.25971419407719,38.90528416999536,968.25,53.47490803614306,1075.199816072286,861.3001839277139,14294.0
SWBBL,2014-03-31,950.0,989.0,950.0,989.0,4.11 %,1017.0,998299.0,0.04105263157894745,0.04023234702812568,945.6,962.85,949.2609659506512,930.5240830066876,57.899950121582684,18.736882943963565,27.15514794405447,38.91204958642427,962.85,44.48686973644737,1051.8237394728947,873.8762605271053,15311.0
SWBBL,2014-04-01,989.0,1059.0,971.0,1040.0,5.16 %,8788.0,8837508.0,0.051567239635995854,0.05028166051270614,969.0,961.9,963.2208173428587,938.6334101913775,62.81323183428984,24.587407151481216,26.641599785539817,42.41833175882253,961.9,42.48330941614172,1046.8666188322834,876.9333811677166,24099.0
SWBBL,2014-04-02,1040.0,1085.0,1060.0,1080.0,3.85 %,1946.0,2094335.0,0.03846153846153855,0.03774032798284711,1002.8,964.85,981.1868454439574,949.1050094364606,66.14997337990137,32.081836007496804,27.72964702993122,42.60273663319235,964.85,48.43473633881779,1061.7194726776356,867.9805273223644,26045.0
SWBBL,2014-04-03,1080.0,1081.0,1060.0,1081.0,0.09 %,150.0,160050.0,0.0009259259259259967,0.0009254975209429712,1028.0,968.9,996.5427153756564,958.8750087374635,66.23155079503124,37.66770663819284,29.717258951583545,41.059684016535755,968.9,54.53140090086446,1077.9628018017288,859.837198198271,26195.0
SWBBL,2014-04-06,1081.0,1100.0,1060.0,1075.0,-0.56 %,1228.0,1326755.0,-0.005550416281221104,-0.0055658770774451175,1053.0,971.15,1008.6130668563246,967.4768599420959,65.21600145584063,41.13620691422875,32.00104854411259,40.983992301068916,971.15,58.0029717931968,1087.1559435863935,855.1440564136063,24967.0
SWBBL,2014-04-07,1075.0,1121.0,1057.0,1100.0,2.33 %,21944.0,23852516.0,0.023255813953488413,0.02298951822469878,1075.2,975.15,1022.6725950322746,977.293388835274,67.4551930017007,45.3792061970006,34.676680074690196,42.62799285099256,975.15,63.997759006820075,1103.1455180136402,847.1544819863598,46911.0
SWBBL,2014-04-09,1100.0,1116.0,1095.0,1110.0,0.91 %,13188.0,14547445.0,0.009090909090909038,0.009049835519917856,1089.2,983.55,1036.1075804119246,987.1235081808092,68.333323186659,48.98407223111542,37.53815850597525,41.08313621877881,983.55,70.14757001456046,1123.8451400291208,843.254859970879,60099.0
SWBBL,2014-04-10,1110.0,1162.0,1110.0,1162.0,4.68 %,2488.0,2852805.0,0.04684684684684681,0.04578264310547669,1105.6,994.05,1055.4756449639362,1000.0773223896381,72.49007952388837,55.39832257429816,41.11019131963983,41.86291220315176,994.05,80.17643373408484,1154.4028674681697,833.6971325318302,62587.0
SWBBL,2014-04-13,1162.0,1180.0,1152.0,1152.0,-0.86 %,519.0,608073.0,-0.008605851979345935,-0.008643096156019969,1119.8,1003.1,1070.3255457387152,1011.3308540644797,70.57157327954374,58.99469167423547,44.68709139055896,40.87270418864092,1003.1,87.33354091310721,1177.7670818262145,828.4329181737855,62068.0
SWBBL,2014-04-15,1152.0,1140.0,1130.0,1140.0,-1.04 %,373.0,423050.0,-0.01041666666666663,-0.010471299867295366,1132.8,1013.0,1081.0446925481435,1020.8619019115553,68.23771206197875,60.182790636588265,47.786231239764824,39.52465388945228,1013.0,91.18056117858916,1195.3611223571784,830.6388776428216,61695.0
SWBBL,2014-04-16,1140.0,1135.0,1100.0,1122.0,-1.58 %,162.0,180921.0,-0.015789473684210575,-0.015915455305899568,1137.2,1020.1,1087.3455090791983,1028.3536128810697,64.77717750028782,58.99189619812864,50.027364231437595,39.55860718306283,1020.1,93.96186236419386,1208.0237247283878,832.1762752716123,61533.0
SWBBL,2014-04-20,1130.0,1152.0,1125.0,1125.0,-0.44 %,1471.0,1671752.0,0.002673796791443861,0.002670228555878892,1140.2,1029.85,1093.1385076823985,1035.512604519509,65.09489498503703,57.62590316288947,51.54707201772797,38.87584952712978,1029.85,94.23725657252626,1218.3245131450524,841.3754868549474,63004.0
SWBBL,2014-04-21,1125.0,1125.0,1081.0,1105.0,-1.78 %,1379.0,1518607.0,-0.01777777777777778,-0.017937700686667318,1128.8,1039.7,1094.963352654337,1040.6598189995455,61.135713830446285,54.303533654791636,52.09836434514071,39.24186027519195,1039.7,91.0731920808195,1221.846384161639,857.5536158383611,61625.0
SWBBL,2014-04-22,1105.0,1122.0,1110.0,1120.0,1.36 %,1730.0,1931052.0,0.013574660633484115,0.013483350337286988,1122.4,1050.15,1098.8151445536698,1046.5368694440235,62.95553102130555,52.2782751096463,52.13434649804183,37.65315596982109,1050.15,87.44699146219874,1225.0439829243976,875.2560170756026,63355.0
SWBBL,2014-04-23,1120.0,1135.0,1135.0,1135.0,1.34 %,227.0,257645.0,0.013392857142857206,0.013303965626362886,1121.4,1059.5,1104.3820453915666,1053.0896939296515,64.73388952113541,51.29235146191513,51.96594749081649,36.03507340054816,1059.5,85.9341853427768,1231.3683706855536,887.6316293144464,63582.0
SWBBL,2014-04-27,1135.0,1157.0,1135.0,1157.0,1.94 %,1042.0,1184164.0,0.01938325991189438,0.01919779727817363,1128.4,1071.6,1112.4771153313256,1060.786753638566,67.2194710005875,51.69036169275955,51.910830331205105,35.03256815765186,1071.6,81.43670451403153,1234.473409028063,908.7265909719368,64624.0
SWBBL,2014-04-28,1157.0,1162.0,1140.0,1150.0,-0.61 %,1863.0,2134916.0,-0.006050129645635227,-0.0060685058363807885,1133.4,1082.95,1118.249866818814,1067.3951422579316,65.63435266556431,50.85472456088246,51.69960917714058,34.101670432105294,1082.95,75.21721177608794,1233.384423552176,932.5155764478242,62761.0
SWBBL,2014-04-29,1150.0,1193.0,1150.0,1193.0,3.74 %,282.0,330591.0,0.037391304347826004,0.036709200740620285,1151.0,1097.05,1129.7498873082272,1076.6992057943812,70.27190457960093,53.05068151384603,51.96982364448167,34.737265401240634,1097.05,67.3025181354226,1231.6550362708451,962.4449637291548,63043.0
SWBBL,2014-04-30,1193.0,1210.0,1190.0,1190.0,-0.25 %,1327.0,1594460.0,-0.0025146689019278634,-0.002517835992340994,1165.0,1108.8,1139.0191354146539,1085.0918572170197,69.56655849966972,53.92727819763422,52.36131455511219,33.68460358686631,1108.8,61.45738789044228,1231.7147757808846,985.8852242191153,61716.0
SWBBL,2014-05-04,1190.0,1309.0,1213.0,1309.0,10.00 %,2064.0,2649008.0,0.10000000000000009,0.09531017980432493,1199.8,1126.75,1165.1700376585534,1101.6776455713145,78.69964784425099,63.49239208723884,54.58753006153752,39.778560473518716,1126.75,64.96223599341145,1256.674471986823,996.8255280131771,63780.0
SWBBL,2014-05-05,1309.0,1439.0,1335.0,1420.0,8.48 %,5421.0,7758514.0,0.0847975553857907,0.08139338468540651,1252.4,1148.3,1204.3746472495452,1125.2570792326987,83.63347402004726,79.11756801684646,59.493537652599315,46.22294901112452,1148.3,85.19766490499447,1318.6953298099888,977.9046701900111,69201.0
SWBBL,2014-05-06,1420.0,1430.0,1395.0,1395.0,-1.76 %,4800.0,6763352.0,-0.017605633802816878,-0.017762456339840388,1301.4,1166.05,1233.701624595769,1145.238036326573,79.18470286881875,88.46358826919618,65.2875477759187,45.4213097960442,1166.05,97.53405613048069,1361.1181122609614,970.9818877390386,64401.0
SWBBL,2014-05-07,1395.0,1368.0,1323.0,1342.0,-3.80 %,1408.0,1896035.0,-0.037992831541218686,-0.038733376723838954,1331.2,1179.15,1250.362913119497,1159.8129965986786,70.6095139810395,90.54991652081844,70.34002152489865,47.31978766775532,1179.15,102.819860358839,1384.7897207176782,973.5102792823221,62993.0
SWBBL,2014-05-08,1342.0,1346.0,1310.0,1320.0,-1.64 %,1905.0,2511845.0,-0.016393442622950838,-0.016529301951210582,1357.2,1191.1,1261.0763111011129,1171.6787005543322,67.34915049656911,89.3976105467807,74.15153932927507,46.5112314057728,1191.1,104.68393532815874,1400.4678706563175,981.7321293436825,61088.0
SWBBL,2014-05-11,1320.0,1372.0,1310.0,1349.0,2.20 %,760.0,1013760.0,0.021969696969696972,0.021731840627339346,1365.2,1204.8,1274.6030324701724,1184.8136116243816,69.35770702653822,89.7894208457908,77.27911563257821,47.617572019646175,1204.8,106.60186628168157,1418.003732563363,991.5962674366368,61848.0
SWBBL,2014-05-12,1349.0,1325.0,1325.0,1325.0,-1.78 %,300.0,397500.0,-0.01779095626389915,-0.017951117787433264,1346.2,1216.05,1282.3564120901458,1195.197788541094,65.7527395296033,87.15862354905175,79.25501721587293,45.93060258967145,1216.05,106.83212359388745,1429.7142471877748,1002.3857528122251,61548.0
SWBBL,2014-05-13,1325.0,1348.0,1335.0,1340.0,1.13 %,2905.0,3891040.0,0.01132075471698113,0.011257154524634468,1335.2,1227.55,1291.2246563839694,1205.9238782787909,66.91035271552477,85.30077810517855,80.46416939373405,44.29270240469492,1227.55,107.19410578847231,1441.9382115769445,1013.1617884230553,64453.0
SWBBL,2014-05-15,1340.0,1376.0,1350.0,1360.0,1.49 %,3871.0,5254100.0,0.014925373134328401,0.014815085785140682,1338.8,1237.45,1301.8054784787435,1217.3369243322136,68.44203953754487,84.46855414652987,81.26504634429322,43.70036651864528,1237.45,109.92986998896257,1457.3097399779251,1017.590260022075,68324.0
SWBBL,2014-05-18,1360.0,1375.0,1340.0,1340.0,-1.47 %,1426.0,1919290.0,-0.014705882352941124,-0.014815085785140587,1342.8,1246.85,1307.681558712783,1226.423078085383,65.19222679578904,81.2584806274001,81.2637332009146,43.07891176731348,1246.85,110.2758622250329,1467.4017244500658,1026.298275549934,66898.0
SWBBL,2014-05-19,1340.0,1350.0,1325.0,1325.0,-1.12 %,1040.0,1385125.0,-0.011194029850746245,-0.011257154524634447,1338.0,1256.1,1310.3459342954318,1233.7250723012803,62.784358105793075,76.62086199415148,80.33515895956198,41.78756092679109,1256.1,108.5875344207599,1473.2750688415197,1038.9249311584801,65858.0
SWBBL,2014-05-20,1325.0,1331.0,1305.0,1331.0,0.45 %,638.0,844326.0,0.004528301886792541,0.004518079974789136,1339.2,1266.55,1313.5234828653654,1240.9306225011856,63.367201337372826,72.59286036417984,78.78669924048555,40.65987800344887,1266.55,105.00048872067087,1476.5509774413417,1056.5490225586582,66496.0
SWBBL,2014-05-21,1331.0,1330.0,1311.0,1311.0,-1.50 %,2401.0,3176638.0,-0.015026296018031515,-0.01514033463141175,1333.4,1275.85,1313.1352547322322,1246.120946760357,59.994329227724386,67.01430797187527,76.4322209867635,39.18417243177395,1275.85,99.91747910941181,1475.6849582188236,1076.0150417811763,64095.0
SWBBL,2014-05-22,1311.0,1363.0,1336.0,1350.0,2.97 %,1204.0,1620689.0,0.029748283752860427,0.029314387668775307,1331.4,1288.1,1318.8067540041964,1253.815691444775,64.01647950761017,64.99106255942138,74.14398930129508,40.099588686647245,1288.1,92.62084567003474,1473.3416913400695,1102.8583086599303,65299.0
SWBBL,2014-05-25,1350.0,1379.0,1365.0,1366.0,1.19 %,1354.0,1852651.0,0.01185185185185178,0.01178216869826017,1336.6,1300.4,1326.0672533881661,1262.1256402266436,65.54688086225349,63.94161316152258,72.10351407334058,39.306760923315295,1300.4,85.15583238671626,1470.7116647734326,1130.0883352265676,66653.0
SWBBL,2014-05-26,1366.0,1350.0,1350.0,1350.0,-1.17 %,99.0,133650.0,-0.01171303074670571,-0.01178216869826024,1341.6,1311.15,1329.7492144053713,1268.634852061707,62.67617397369311,61.1143623436642,69.9056837274053,37.641992285935636,1311.15,76.28566465319543,1463.721329306391,1158.5786706936092,66554.0
SWBBL,2014-05-27,1350.0,1370.0,1350.0,1370.0,1.48 %,1232.0,1675093.0,0.014814814814814836,0.014706147389695487,1349.4,1321.8,1335.941642958391,1276.1433815386176,64.75414536222354,59.798261419773326,67.8841992658789,36.38184997979738,1321.8,68.05694210307945,1457.9138842061589,1185.686115793841,67786.0
SWBBL,2014-05-28,1370.0,1401.0,1375.0,1395.0,1.82 %,2935.0,4067914.0,0.018248175182481674,0.018083675433295327,1366.2,1334.05,1345.0275440417154,1284.94757549872,67.21150955658374,60.0799685429954,66.3233531213022,35.99743212409757,1334.05,56.589449453714934,1447.2288989074298,1220.8711010925701,70721.0
SWBBL,2014-06-01,1395.0,1400.0,1399.0,1399.0,0.29 %,914.0,1279486.0,0.0028673835125447855,0.002863280410015155,1376.0,1344.35,1353.3309988045285,1293.3959032395555,67.60073507264579,59.935095564972926,65.04570161003635,33.78332982951917,1344.35,47.59840222883255,1439.546804457665,1249.1531955423347,71635.0
SWBBL,2014-06-02,1399.0,1415.0,1391.0,1401.0,0.14 %,2336.0,3287565.0,0.0014295925661187425,0.0014285716715259137,1383.0,1354.9,1360.6646912961396,1301.3665770736625,67.80651478852798,59.298114222477125,63.8961841325245,33.08452055598209,1354.9,32.610782847022286,1420.1215656940446,1289.6784343059555,73971.0
SWBBL,2014-06-03,1401.0,1420.0,1400.0,1420.0,1.36 %,776.0,1090210.0,0.013561741613133504,0.01347060425829944,1397.0,1360.45,1369.7932003275027,1310.154238031169,69.77079066613136,59.63896229633383,63.04473976528637,32.14991194484051,1360.45,33.81135748144044,1428.072714962881,1292.827285037119,74747.0
SWBBL,2014-06-04,1420.0,1392.0,1316.0,1325.0,-6.69 %,2029.0,2703197.0,-0.06690140845070425,-0.06924441217498385,1388.0,1355.7,1362.901938738656,1311.253924102934,52.51686362069354,51.64801463572212,60.76539473937352,37.282061091637615,1355.7,31.60629517576759,1418.9125903515353,1292.4874096484648,72718.0
SWBBL,2014-06-05,1325.0,1310.0,1225.0,1310.0,-1.13 %,2983.0,3753226.0,-0.01132075471698113,-0.011385322225125352,1371.0,1351.45,1354.7631789327088,1311.16104083605,50.39763970030743,43.60213809665879,57.332743410830574,41.76191387080635,1351.45,31.75809055642944,1414.966181112859,1287.9338188871411,69735.0
SWBBL,2014-06-08,1310.0,1382.0,1280.0,1360.0,3.82 %,1209.0,1613497.0,0.03816793893129766,0.037457562534900415,1363.2,1352.35,1355.5688437122922,1314.778741514861,56.673775602363314,40.790102197431224,54.024215168150704,46.064634308605896,1352.35,31.73123150198365,1415.8124630039672,1288.8875369960326,70944.0
SWBBL,2014-06-09,1360.0,1350.0,1280.0,1280.0,-5.88 %,2110.0,2789187.0,-0.05882352941176472,-0.060624621816434854,1339.0,1350.35,1343.942867756555,1312.2025384396861,46.529461482712655,31.740329316868838,49.56743799789434,48.488589000848336,1350.35,34.97258324671293,1420.2951664934258,1280.404833506574,68834.0
SWBBL,2014-06-10,1280.0,1356.0,1305.0,1317.0,2.89 %,5036.0,6655016.0,0.02890624999999991,0.028496344829618107,1318.4,1348.75,1339.7978111786233,1312.5579059626725,50.90632039015219,27.239905215950785,45.10193144150563,50.45368978650203,1348.75,35.76071793699499,1420.27143587399,1277.22856412601,73870.0
SWBBL,2014-06-11,1317.0,1305.0,1300.0,1302.0,-1.14 %,654.0,851304.0,-0.011389521640091105,-0.011454878974766478,1313.8,1347.6,1333.982763304989,1311.7758388543264,49.149836055656294,22.206924450662655,40.522930043337034,48.064140516037604,1347.6,36.91583599716135,1421.4316719943226,1273.7683280056772,73216.0
SWBBL,2014-06-12,1302.0,1330.0,1302.0,1330.0,2.15 %,1074.0,1418700.0,0.021505376344086002,0.02127739844728488,1317.8,1347.1,1333.3700304888368,1313.1257767169689,52.448146142597416,20.24425377186799,36.467194789043226,46.63098762203492,1347.1,37.09149427253252,1421.2829885450649,1272.917011454935,74290.0
SWBBL,2014-06-15,1330.0,1356.0,1355.0,1355.0,1.88 %,921.0,1248814.0,0.018796992481203034,0.01862251209800185,1316.8,1346.85,1336.697718105939,1316.2275710342306,55.23977722730559,20.470147071708425,33.26778524557627,45.15734564903243,1346.85,37.016745854884405,1420.8834917097688,1272.816508290231,75211.0
SWBBL,2014-06-16,1355.0,1400.0,1333.0,1361.0,0.44 %,1554.0,2140572.0,0.0044280442804427445,0.004418269337664737,1333.0,1347.9,1340.4365307050255,1319.5440472539171,55.90879622997045,20.89248345110832,30.79272488668268,46.717535245530115,1347.9,37.10993624923042,1422.1198724984608,1273.6801275015393,76765.0
SWBBL,2014-06-17,1361.0,1370.0,1334.0,1344.0,-1.25 %,493.0,663890.0,-0.012490815576781777,-0.012569481568371219,1338.4,1348.85,1340.9847567504062,1321.3555993091827,53.470197426854,19.62915744122347,28.560011397590838,45.95199701370653,1348.85,36.73414444929877,1422.3182888985975,1275.3817111014023,76272.0
SWBBL,2014-06-18,1344.0,1344.0,1340.0,1340.0,-0.30 %,167.0,223840.0,-0.0029761904761904656,-0.0029806281381377893,1346.0,1349.3,1340.8332557118822,1322.736666027021,52.885684529753426,18.0965896848611,26.46732705504489,42.95542579844178,1349.3,36.558676700698,1422.417353401396,1276.182646598604,76105.0
SWBBL,2014-06-19,1340.0,1367.0,1345.0,1367.0,2.01 %,2290.0,3108820.0,0.020149253731343242,0.019948943778992468,1353.4,1352.1,1344.858908679285,1326.015431506501,56.35397500810335,18.843477172783878,24.94255707859269,41.815752527124516,1352.1,35.6029271416485,1423.3058542832969,1280.894145716703,78395.0
SWBBL,2014-06-23,1367.0,1355.0,1355.0,1355.0,-0.88 %,112.0,151760.0,-0.008778346744696464,-0.008817103410148333,1353.4,1352.35,1346.4190765747796,1328.1624365800935,54.43596585085932,18.25663999468611,23.605373661811374,39.68605591804419,1352.35,35.6049597373124,1423.5599194746246,1281.1400805253752,78283.0
SWBBL,2014-06-24,1355.0,1350.0,1340.0,1340.0,-1.11 %,426.0,572494.0,-0.011070110701106972,-0.011131840368844181,1349.2,1351.05,1345.4315263325059,1329.0392931297163,52.05116944243316,16.392233202789612,22.162745570007022,37.92276620961246,1351.05,35.55496116097995,1422.1599223219598,1279.94007767804,77857.0
SWBBL,2014-06-25,1340.0,1390.0,1345.0,1390.0,3.73 %,1883.0,2597375.0,0.03731343283582089,0.036634133179780384,1358.4,1353.05,1352.2882145890435,1333.5549010460336,58.567070041106696,18.7333135430099,21.4768591646076,38.78542576606871,1353.05,36.602379847862586,1426.2547596957252,1279.8452403042747,79740.0
SWBBL,2014-06-26,1390.0,1398.0,1398.0,1398.0,0.58 %,147.0,205506.0,0.0057553956834532904,0.005738896669018178,1370.0,1354.45,1359.3207969599598,1338.3286120796606,59.515040504767896,20.99218488029919,21.37992430774592,36.58646678277809,1354.45,37.80068921678626,1430.0513784335726,1278.8486215664275,79887.0
SWBBL,2014-06-29,1398.0,1390.0,1380.0,1390.0,-0.57 %,514.0,709460.0,-0.005722460658083017,-0.005738896669018167,1374.6,1354.2,1364.0406743507351,1342.1561222959822,58.08387639608671,21.88455205475293,21.480849857147323,35.258862012579655,1354.2,37.53398460063763,1429.2679692012753,1279.1320307987248,79373.0
SWBBL,2014-06-30,1390.0,1450.0,1390.0,1440.0,3.60 %,4307.0,6107713.0,0.03597122302158273,0.03533936644530886,1391.6,1356.25,1375.726724450622,1349.4038169407243,63.9231174722252,26.322907509897732,22.449261387697405,37.02608615453825,1356.25,41.063333625291044,1438.3766672505822,1274.1233327494178,83680.0
SWBBL,2014-07-01,1440.0,1526.0,1468.0,1515.0,5.21 %,2886.0,4330024.0,0.05208333333333326,0.05077232537342314,1426.6,1361.95,1397.1533822274494,1361.6702008710408,70.55033959435497,35.48318135640852,25.05604538143963,40.52422285778552,1361.95,53.6003485848923,1469.1506971697847,1254.7493028302154,86566.0
SWBBL,2014-07-02,1515.0,1569.0,1520.0,1560.0,2.97 %,5331.0,8171727.0,0.02970297029702973,0.029270382300113237,1460.6,1368.95,1422.206708038611,1376.3612971028156,73.67502581573312,45.84541093579537,29.213918492310782,41.48677836794369,1368.95,68.61829969208289,1506.186599384166,1231.7134006158342,91897.0
SWBBL,2014-07-03,1560.0,1530.0,1530.0,1530.0,-1.92 %,100.0,153000.0,-0.019230769230769273,-0.019418085857101627,1487.0,1379.2,1438.7902914172862,1387.7419417618662,68.46000024867284,51.04834965542,33.58080472493263,40.66629419880486,1379.2,76.55929934234254,1532.3185986846852,1226.081401315315,91797.0
SWBBL,2014-07-06,1530.0,1560.0,1501.0,1549.0,1.24 %,2939.0,4523354.0,0.012418300653594727,0.012341826030387441,1518.8,1391.15,1455.7456311992423,1399.686983112839,69.91257405714138,56.05864808640331,38.07637339722677,41.975844613175944,1391.15,83.52514591427513,1558.2002918285502,1224.09970817145,94736.0
SWBBL,2014-07-07,1549.0,1577.0,1524.0,1575.0,1.68 %,6168.0,9495406.0,0.016785022595222632,0.016645710842864717,1545.8,1401.9,1474.0924571685898,1412.673132511888,71.8248361014106,61.41932465670175,42.744963649121765,42.763284283663374,1401.9,92.64300467812147,1587.186009356243,1216.6139906437572,100904.0
SWBBL,2014-07-08,1575.0,1575.0,1530.0,1536.0,-2.48 %,3838.0,5914791.0,-0.024761904761904763,-0.025073637552115963,1550.0,1414.7,1483.6166945272685,1421.808456029526,65.13727309864856,61.80823849774242,46.5576186188459,42.923049691973134,1414.7,92.59936341716468,1599.8987268343294,1229.5012731656707,97066.0
SWBBL,2014-07-09,1536.0,1540.0,1510.0,1540.0,0.26 %,573.0,875540.0,0.0026041666666667407,0.0026007817000574403,1546.0,1425.85,1492.291049215381,1430.5633852125243,65.49216090258462,61.72766400285673,49.59162769564807,41.99997471397506,1425.85,93.63606761230275,1613.1221352246055,1238.5778647753943,97639.0
SWBBL,2014-07-10,1540.0,1540.0,1520.0,1520.0,-1.30 %,1600.0,2439168.0,-0.012987012987012991,-0.013072081567352775,1544.0,1436.75,1496.553964720707,1437.1883196412261,62.08887674712648,59.36564507948083,51.54643117241463,40.428547948691126,1436.75,91.11466171230828,1618.9793234246165,1254.5206765753835,96039.0
SWBBL,2014-07-13,1520.0,1530.0,1500.0,1530.0,0.66 %,1250.0,1905000.0,0.006578947368421018,0.0065574005461590396,1540.2,1446.75,1501.699508609829,1444.0632589270613,63.12079461927433,57.63624968276781,52.76439487448526,39.683651666641765,1446.75,89.74693954612466,1626.2438790922492,1267.2561209077508,97289.0
SWBBL,2014-07-14,1530.0,1525.0,1520.0,1520.0,-0.65 %,400.0,608650.0,-0.006535947712418277,-0.006557400546159052,1529.2,1455.0,1504.5149688237016,1449.688202710242,61.32321521841985,54.8267661134596,53.17686912228014,37.563390833310216,1455.0,88.44326162188285,1631.8865232437656,1278.1134767562344,96889.0
SWBBL,2014-07-15,1520.0,1495.0,1477.0,1485.0,-2.30 %,971.0,1442452.0,-0.023026315789473673,-0.023295562603522068,1519.0,1461.2,1501.5126659277475,1452.3038913983721,55.37876592974795,49.20877452937543,52.3832502036992,37.95172005950234,1461.2,85.81411980493517,1632.8282396098705,1289.5717603901296,95918.0
SWBBL,2014-07-16,1485.0,1570.0,1494.0,1555.0,4.71 %,12310.0,18868965.0,0.047138047138047146,0.046060773376534525,1522.0,1471.75,1509.741486554248,1459.9110105540483,63.08591114134292,49.830476000199724,51.87269536299931,41.312311483823606,1471.75,83.58851280938818,1638.9270256187763,1304.5729743812237,108228.0
SWBBL,2014-07-17,1555.0,1625.0,1555.0,1625.0,4.50 %,2467.0,3964015.0,0.045016077170418,0.044032270150503344,1543.0,1486.0,1527.4735655459021,1472.1398245870819,68.87540229408035,55.33374095882027,52.564904482163506,43.36143209212192,1486.0,84.23650914944935,1654.4730182988988,1317.5269817011012,110695.0
SWBBL,2014-07-20,1625.0,1787.0,1657.0,1787.0,9.97 %,1348.0,2368491.0,0.09969230769230775,0.09503042039559023,1594.4,1507.0,1567.400709308071,1495.4628005435943,77.62246361495568,71.93790876447679,56.43950533862616,51.835615514113215,1507.0,103.22178472641487,1713.4435694528297,1300.5564305471703,112043.0
SWBBL,2014-07-21,1787.0,1900.0,1800.0,1800.0,0.73 %,7270.0,13572852.0,0.007274762171236793,0.007248428724828102,1650.4,1529.25,1603.1852155683678,1518.0211116144392,78.15305734552773,85.16410395392859,62.18442506168665,56.204500120247985,1529.25,115.91370428946854,1761.0774085789371,1297.4225914210629,119313.0
SWBBL,2014-07-22,1800.0,1860.0,1729.0,1860.0,3.33 %,5624.0,9938176.0,0.03333333333333344,0.03278982282299097,1725.4,1555.25,1642.6951824040036,1543.3528811244807,80.45634514906405,99.34230127952287,69.6160003052539,61.547035825944555,1555.25,128.82949768467364,1812.9089953693474,1297.5910046306526,124937.0
SWBBL,2014-07-23,1860.0,1871.0,1810.0,1871.0,0.59 %,2965.0,5458320.0,0.005913978494623606,0.005896559566842635,1788.6,1579.3,1677.8190004956953,1567.6230380782229,80.85485792657512,110.1959624174724,77.73199272769762,61.507961838377085,1579.3,140.70615143849508,1860.7123028769902,1297.8876971230097,127902.0
SWBBL,2014-07-24,1871.0,1871.0,1830.0,1830.0,-2.19 %,3161.0,5815663.0,-0.021913415285943372,-0.02215708043862302,1829.6,1600.9,1701.231461957896,1587.0583685909469,74.7376693071036,114.17309336694916,85.02021285554792,60.04310742135016,1600.9,144.51658072783312,1889.9331614556663,1311.8668385443339,124741.0
SWBBL,2014-07-27,1830.0,1835.0,1820.0,1820.0,-0.55 %,260.0,473920.0,-0.005464480874316946,-0.005479465764625596,1836.2,1622.4,1719.5035447336043,1604.3133042508766,73.28140446594452,115.19024048272763,91.05421838098387,56.82574260553943,1622.4,143.47139821324777,1909.3427964264956,1335.4572035735046,124481.0
SWBBL,2014-07-28,1820.0,1784.0,1784.0,1784.0,-1.98 %,18.0,32112.0,-0.01978021978021982,-0.01997846693088639,1833.0,1639.6,1729.4260763130496,1617.623429861923,68.1344012232549,111.80264645112675,95.20390399501244,55.338189562286615,1639.6,141.0533307131183,1921.7066614262365,1357.4933385737634,124463.0
SWBBL,2014-07-30,1784.0,1784.0,1730.0,1730.0,-3.03 %,1548.0,2724354.0,-0.030269058295964157,-0.030736625648130088,1807.0,1650.35,1729.5143722648882,1625.9476202425212,61.19169076949023,103.56675202236693,96.87647360048334,55.24260459355185,1650.35,139.23863461131117,1928.8272692226224,1371.8727307773775,122915.0
SWBBL,2014-07-31,1730.0,1735.0,1696.0,1735.0,0.29 %,1882.0,3209950.0,0.0028901734104045396,0.0028860048891348514,1779.8,1659.1,1730.3583149933668,1634.0255742986308,61.582044012817946,96.332740694736,96.76772701933388,54.08241855115529,1659.1,138.75988347919247,1936.6197669583848,1381.580233041615,124797.0
SWBBL,2014-08-03,1735.0,1735.0,1725.0,1735.0,0.00 %,1431.0,2476802.0,0.0,0.0,1760.8,1669.35,1731.0724203790026,1641.505161387621,61.582044012684534,89.56725899138155,95.32763341374341,50.933674368929914,1669.35,136.27073478152204,1941.891469563044,1396.8085304369558,124797.0
SWBBL,2014-08-04,1735.0,1750.0,1690.0,1690.0,-2.59 %,3316.0,5679286.0,-0.025936599423631135,-0.026278884463840423,1734.8,1676.4,1724.7535864745405,1645.0973716552046,55.730897373239685,79.6562148193359,92.19334969486191,51.58126905686349,1676.4,133.33235087357784,1943.0647017471558,1409.7352982528444,121481.0
SWBBL,2014-08-05,1690.0,1730.0,1700.0,1700.0,0.59 %,2379.0,4092119.0,0.00591715976331364,0.005899722127188322,1718.0,1682.65,1720.9453424015342,1649.1642330140783,56.71512426549795,71.7811093874559,88.1109016333807,50.75403555280181,1682.65,131.2423531607045,1945.134706321409,1420.165293678591,123860.0
SWBBL,2014-08-06,1700.0,1870.0,1734.0,1870.0,10.00 %,18383.0,34151613.0,0.10000000000000009,0.09531017980432493,1746.0,1699.35,1743.8768281859134,1665.5224379759984,69.2367419978192,78.35439020991498,86.15959934868756,59.27160444188739,1699.35,132.83994128273773,1965.0298825654754,1433.6701174345244,142243.0
SWBBL,2014-08-07,1870.0,1940.0,1895.0,1940.0,3.74 %,8384.0,16005166.0,0.03743315508021383,0.03674954220874144,1787.0,1719.35,1774.049623849619,1685.8541092370356,72.73436991343262,88.19551461258334,86.56678240146672,60.03791841032401,1719.35,137.61168669771726,1994.5733733954344,1444.1266266045654,150627.0
SWBBL,2014-08-12,1940.0,1930.0,1855.0,1895.0,-2.32 %,1904.0,3567794.0,-0.023195876288659822,-0.023469134540847123,1819.0,1738.1,1792.6573740266008,1701.3463974416998,67.42705760804658,91.31097658490103,87.5156212381536,61.82092423815801,1738.1,134.53307165311543,2007.1661433062309,1469.033856693769,148723.0
SWBBL,2014-08-13,1895.0,1896.0,1870.0,1895.0,0.00 %,1656.0,3110512.0,0.0,0.0,1860.0,1756.35,1808.4023934071238,1715.6911087423148,67.42705760792884,92.711284664809,88.55475392348468,59.26228679257529,1756.35,129.47963668388445,2015.3092733677688,1497.390726632231,148723.0
SWBBL,2014-08-14,1895.0,1948.0,1910.0,1930.0,1.85 %,1330.0,2556285.0,0.01846965699208436,0.018301164382404443,1906.0,1776.85,1827.1097174983354,1731.5658414280692,69.43861701837028,95.54387607026615,89.95257835284099,58.81498059310562,1776.85,122.35034897677286,2021.5506979535458,1532.149302046454,150053.0
SWBBL,2014-08-18,1930.0,1900.0,1770.0,1810.0,-6.22 %,4554.0,8259831.0,-0.06217616580310881,-0.0641931576390598,1894.0,1793.1,1824.477453267822,1737.3757791000642,56.545164396961916,87.10167416775789,89.38239751582437,66.04248197931237,1793.1,101.32381649678894,1995.7476329935778,1590.452367006422,145499.0
SWBBL,2014-08-19,1810.0,1846.0,1775.0,1810.0,0.00 %,4340.0,7912240.0,0.0,0.0,1868.0,1805.85,1822.2501527650802,1742.755351018578,56.5451643968677,79.49480174650216,87.40487836195993,66.3965904093615,1805.85,84.41955061664963,1974.6891012332992,1637.0108987667006,145499.0
SWBBL,2014-08-20,1810.0,1807.0,1760.0,1760.0,-2.76 %,833.0,1493815.0,-0.027624309392265234,-0.028013036227674006,1841.0,1812.6,1812.673206185837,1744.0327324246093,51.88926281024117,68.64047376122767,83.65199744181349,65.22540538012139,1812.6,73.9454991335277,1960.4909982670554,1664.7090017329444,144666.0
SWBBL,2014-08-21,1760.0,1774.0,1720.0,1774.0,0.80 %,1640.0,2855565.0,0.007954545454545547,0.007923074837327427,1816.8,1811.95,1806.7234821572467,1746.2525300227865,53.05484214574946,60.470952134460276,79.01578838034285,64.42359071011272,1811.95,74.23892793577986,1960.4278558715598,1663.4721441284403,146306.0
SWBBL,2014-08-24,1774.0,1770.0,1740.0,1740.0,-1.92 %,360.0,632420.0,-0.01916572717023679,-0.019351770660950125,1778.8,1808.95,1796.4583310561318,1745.7893796507283,49.8934461815965,50.668951405403504,73.346420985355,62.25047708796181,1808.95,75.94005599987689,1960.8301119997539,1657.0698880002462,145946.0
SWBBL,2014-08-25,1740.0,1706.0,1617.0,1620.0,-6.90 %,1185.0,1963845.0,-0.06896551724137934,-0.07145896398214498,1740.8,1796.95,1769.3108955090347,1736.4716478247485,40.68000482431889,32.83924768428619,65.24498632514124,66.58972872453597,1796.95,85.77416799210653,1968.498335984213,1625.401664015787,144761.0
SWBBL,2014-08-26,1620.0,1640.0,1600.0,1608.0,-0.74 %,2363.0,3804230.0,-0.007407407407407418,-0.00743497848751809,1700.4,1783.8,1744.493834661491,1726.9552294673597,39.886787632773064,17.538605194131378,55.70371009893927,64.69046238706912,1783.8,93.62500790528358,1971.0500158105672,1596.5499841894327,142398.0
SWBBL,2014-08-27,1608.0,1747.0,1640.0,1747.0,8.64 %,2263.0,3784498.0,0.08644278606965172,0.08290886039514486,1697.8,1779.65,1744.879398559723,1728.4400272845924,51.64781943767295,16.439371275130725,47.850842334177564,69.99828650227846,1779.65,93.30835975410376,1966.2667195082076,1593.0332804917925,144661.0
SWBBL,2014-08-28,1747.0,1831.0,1779.0,1780.0,1.89 %,2800.0,5032540.0,0.018889524899828203,0.018713333152074196,1699.0,1777.65,1750.2825680120734,1732.2592845227705,53.951260261917255,18.023283489302912,41.885330565202636,70.99840889497285,1777.65,92.825402036076,1963.300804072152,1591.9991959278482,147461.0
SWBBL,2014-08-31,1780.0,1770.0,1740.0,1750.0,-1.69 %,1090.0,1908958.0,-0.016853932584269704,-0.016997576368571136,1701.0,1775.95,1750.239096010216,1733.5734115951577,51.547132706588776,16.665684415058195,36.84140133517375,68.78423683104623,1775.95,93.01413305175545,1961.978266103511,1589.921733896489,146371.0
SWBBL,2014-09-01,1750.0,1715.0,1680.0,1680.0,-4.00 %,1324.0,2234846.0,-0.040000000000000036,-0.040821994520255166,1713.0,1773.45,1739.4330812394132,1729.605010736257,46.35641701658339,9.828070503156141,31.43873516877023,68.87107705740007,1773.45,94.96563090209436,1963.3812618041889,1583.5187381958112,145047.0
SWBBL,2014-09-03,1680.0,1670.0,1662.0,1662.0,-1.07 %,522.0,867740.0,-0.010714285714285676,-0.01077209698191107,1723.8,1769.8,1727.5202995102727,1724.597232163201,45.09880434183117,2.9230673470717647,25.73560160443054,65.23742869615721,1769.8,97.87941023202815,1965.5588204640562,1574.0411795359437,144525.0
SWBBL,2014-09-04,1662.0,1660.0,1600.0,1620.0,-2.53 %,1846.0,3006760.0,-0.02527075812274371,-0.025595547188963768,1698.4,1764.05,1710.9787149702308,1716.849289040001,42.22059199564421,-5.8705740697701,19.414366469590412,65.00618378928884,1764.05,103.26128076517541,1970.5725615303509,1557.527438469649,142679.0
SWBBL,2014-09-07,1620.0,1590.0,1549.0,1549.0,-4.38 %,634.0,993870.0,-0.04382716049382718,-0.044816587809561145,1652.2,1757.0,1686.0589126671184,1704.4160083703712,37.825787828611915,-18.357095703252753,11.86007403502178,65.43431351862536,1757.0,112.94246322796938,1982.8849264559387,1531.1150735440613,142045.0
SWBBL,2014-09-09,1549.0,1601.0,1540.0,1570.0,1.36 %,5031.0,7890347.0,0.01355713363460298,0.01346605792548512,1616.2,1750.5,1668.2036953337156,1694.4592670096029,39.82107434959744,-26.255571675887268,4.236944892839971,65.11757683872355,1750.5,119.92080720209152,1990.341614404183,1510.658385595817,147076.0
SWBBL,2014-09-10,1570.0,1668.0,1601.0,1640.0,4.46 %,2580.0,4194987.0,0.04458598726114649,0.04362062247589035,1608.2,1739.0,1663.8646652823747,1690.4252472311139,46.037624815754064,-26.560581948739127,-1.9225604754758487,67.4663213502433,1739.0,118.88163064689324,1976.7632612937864,1501.2367387062136,149656.0
SWBBL,2014-09-11,1640.0,1672.0,1640.0,1672.0,1.95 %,1252.0,2069940.0,0.019512195121951237,0.019324272826402842,1610.2,1725.6,1665.1162552389326,1689.0604141028834,48.6491218098389,-23.94415886395086,-6.326880153170851,64.93301268236878,1725.6,109.78946359187044,1945.1789271837408,1506.021072816259,150908.0
SWBBL,2014-09-15,1730.0,1872.0,1730.0,1860.0,7.51 %,2829.0,5108385.0,0.1124401913875599,0.10655597306260008,1658.2,1723.85,1695.0983698175583,1701.722605650818,60.6865176540464,-6.624235833259718,-6.386351289188625,74.58065463362816,1723.85,107.19548056066893,1938.2409611213377,1509.459038878662,153737.0
SWBBL,2014-09-16,1860.0,1960.0,1885.0,1909.0,2.63 %,2696.0,5177106.0,0.026344086021505397,0.026003057018500704,1730.2,1724.55,1728.0063129225491,1717.0764867137204,63.113544111946354,10.929826208828672,-2.923115789585166,76.39632215979758,1724.55,108.41075640942799,1941.371512818856,1507.728487181144,156433.0
SWBBL,2014-09-17,1909.0,1920.0,1878.0,1879.0,-1.57 %,846.0,1600682.0,-0.01571503404924046,-0.01583982431228232,1792.0,1722.0,1751.2361109344647,1729.0708210312227,60.64501659222063,22.165289903241955,2.0945653489802587,73.93944200552633,1722.0,103.82677881934491,1929.6535576386898,1514.3464423613102,155587.0
SWBBL,2014-09-21,1836.0,1834.0,1770.0,1834.0,-0.11 %,521.0,929129.0,-0.023948908994145812,-0.024240346597055148,1830.8,1723.2,1763.969016944547,1736.8433528066876,57.04106481485451,27.12566413785953,7.100785106756113,76.44376757656018,1723.2,105.02911876939108,1933.2582375387822,1513.141762461218,155066.0
SWBBL,2014-09-23,1834.0,1798.0,1730.0,1750.0,-4.58 %,512.0,899971.0,-0.04580152671755722,-0.04688358589885038,1846.4,1720.2,1761.8199374146168,1737.8179192654513,50.95392908059884,24.00201814916545,10.481031715237982,78.41206989252017,1720.2,103.26134447681311,1926.7226889536262,1513.677311046374,154554.0
SWBBL,2014-09-24,1750.0,1750.0,1720.0,1720.0,-1.71 %,622.0,1082090.0,-0.017142857142857126,-0.017291497110060994,1818.4,1718.2,1755.3861008892914,1736.4980733939365,48.94501892307334,18.88802749535489,12.162430871261364,74.9540649001973,1718.2,102.83640559544386,1923.8728111908877,1512.5271888091124,153932.0
SWBBL,2014-09-28,1720.0,1725.0,1700.0,1700.0,-1.16 %,196.0,334450.0,-0.011627906976744207,-0.011696039763191298,1776.6,1714.5,1746.8651622909388,1733.7945124017929,47.597724682329556,13.070649889145898,12.344074674838271,71.38591740732606,1714.5,102.05132867440621,1918.6026573488125,1510.3973426511875,153736.0
SWBBL,2014-09-29,1700.0,1765.0,1734.0,1765.0,3.82 %,630.0,1103845.0,0.038235294117647145,0.037522439323089775,1753.8,1715.75,1749.6551373231018,1736.10603000166,52.202681186684,13.549107321441852,12.585081204158989,70.92978044965992,1715.75,102.53208740374683,1920.8141748074936,1510.6858251925064,154366.0
SWBBL,2014-09-30,1765.0,1830.0,1800.0,1802.0,2.10 %,1195.0,2167888.0,0.020963172804532526,0.02074646880088603,1747.4,1724.85,1757.7081931195478,1740.987064816352,54.64591402928694,16.721128303195883,13.412290623966369,70.50622470325564,1724.85,101.65953239277155,1928.169064785543,1521.5309352144568,155561.0
SWBBL,2014-10-08,1802.0,1785.0,1750.0,1785.0,-0.94 %,2190.0,3856650.0,-0.009433962264150941,-0.00947874395454377,1754.4,1733.7,1761.9069326396175,1744.247282237363,53.29787309157772,17.659650402254556,14.261762579624007,69.18435151016595,1733.7,98.61039765824385,1930.9207953164878,1536.4792046835123,153371.0
SWBBL,2014-10-13,1785.0,1755.0,1740.0,1740.0,-2.52 %,1662.0,2893615.0,-0.025210084033613467,-0.025533302005164762,1758.4,1733.35,1758.5366353104455,1743.932668738299,49.796092529675434,14.603966572146419,14.33020337812849,67.45689783086839,1733.35,98.57312273798058,1930.4962454759611,1536.2037545240387,151709.0
SWBBL,2014-10-14,1740.0,1750.0,1730.0,1750.0,0.57 %,566.0,985700.0,0.005747126436781658,0.0057306747089850745,1768.4,1731.85,1757.2233068011462,1744.3821006836101,50.57325748351978,12.841206117536103,14.032403926010012,64.06711941437779,1731.85,98.05276506475121,1927.9555301295022,1535.7444698704976,152275.0
SWBBL,2014-10-15,1750.0,1780.0,1745.0,1780.0,1.71 %,3195.0,5600892.0,0.017142857142857126,0.016997576368571077,1771.4,1733.35,1760.7274134471236,1747.0204635959353,52.92748807994802,13.706949851188256,13.967313111045662,61.99089659906509,1733.35,98.57312273798058,1930.4962454759611,1536.2037545240387,155470.0
SWBBL,2014-10-16,1780.0,1816.0,1800.0,1810.0,1.69 %,838.0,1513775.0,0.016853932584269593,0.016713480973740532,1773.0,1739.85,1768.3078113783354,1751.6856144406809,55.224242876769985,16.622196937654508,14.498289876367432,60.13440398484615,1739.85,99.1544648250297,1938.1589296500592,1541.5410703499406,156308.0
SWBBL,2014-10-19,1810.0,1810.0,1809.0,1810.0,0.00 %,482.0,872194.0,0.0,0.0,1778.0,1747.25,1774.7219942432066,1756.005198556186,55.22424287667326,18.71679568702052,15.34199103849805,55.91051798592857,1747.25,98.5595598717166,1944.3691197434332,1550.1308802565668,156308.0
SWBBL,2014-10-20,1810.0,1849.0,1810.0,1849.0,2.15 %,2454.0,4495690.0,0.021546961325966896,0.02131810712725346,1799.8,1758.7,1786.1493797442517,1762.893702366839,58.29238407701024,23.255677377412667,16.924728306280976,54.702623844076534,1758.7,96.27378721783208,1951.2475744356643,1566.1524255643358,158762.0
SWBBL,2014-10-21,1849.0,1917.0,1856.0,1917.0,3.68 %,1751.0,3285622.0,0.0367766360194699,0.03611651165851957,1833.2,1777.1,1806.2802443989822,1774.3089836729991,63.04695785470844,31.97126072598303,19.93403479022139,55.652436426642495,1777.1,88.97598729876935,1955.0519745975387,1599.1480254024611,160513.0
SWBBL,2014-10-22,1917.0,1954.0,1885.0,1945.0,1.46 %,1708.0,3283845.0,0.014606155451225789,0.014500513006902088,1866.2,1795.85,1827.6217452606772,1786.9527626601844,64.82508605945347,40.66898260049288,24.08102435227569,56.60583382473946,1795.85,82.29809424154854,1960.446188483097,1631.2538115169027,162221.0
SWBBL,2014-10-26,1945.0,1915.0,1910.0,1915.0,-1.54 %,362.0,692232.0,-0.015424164524421635,-0.015544354437800344,1887.2,1809.6,1841.0645536821116,1796.4377432038746,61.41522392707505,44.626810478237076,28.190181577467968,55.06255998011522,1809.6,77.73531338696577,1965.0706267739315,1654.1293732260683,161859.0
SWBBL,2014-10-27,1915.0,1920.0,1915.0,1920.0,0.26 %,500.0,958534.0,0.0026109660574411553,0.0026075634070807695,1909.2,1822.0,1853.2084685002483,1805.5905029665505,61.776103341209605,47.61796553369777,32.07573836871393,51.48666283867841,1822.0,74.33636214426619,1970.6727242885324,1673.3272757114676,162359.0
SWBBL,2014-10-30,1920.0,1900.0,1900.0,1900.0,-1.04 %,100.0,190000.0,-0.01041666666666663,-0.010471299867295366,1919.4,1824.0,1860.4071656540564,1812.5837990431023,59.383574745279496,47.823366610954054,35.225264017161955,49.23761549305853,1824.0,75.93348890208783,1975.8669778041756,1672.1330221958244,162259.0
SWBBL,2014-11-02,1900.0,1900.0,1850.0,1870.0,-1.58 %,749.0,1394538.0,-0.015789473684210575,-0.015915455305899568,1910.0,1822.05,1861.8829863226633,1816.8368509658355,55.8871473728703,45.04613535682779,37.18943828509512,49.29207152926863,1822.05,74.11475810135549,1970.279516202711,1673.820483797289,161510.0
SWBBL,2014-11-03,1870.0,1835.0,1767.0,1800.0,-3.74 %,1424.0,2562035.0,-0.03743315508021394,-0.03815176596437629,1881.0,1818.1,1852.3625268884075,1815.589676820218,48.68423700255029,36.77285006818943,37.106120641713986,53.12835213432087,1818.1,73.01686899543225,1964.1337379908643,1672.0662620091355,160086.0
SWBBL,2014-11-04,1800.0,1764.0,1764.0,1764.0,-2.00 %,100.0,176400.0,-0.020000000000000018,-0.020202707317519466,1850.8,1814.6,1838.7682919824988,1811.7682192779798,45.44062075141168,27.00007270451897,35.08491105427498,51.90489841044081,1814.6,73.88711161738063,1962.374223234761,1666.8257767652387,159986.0
SWBBL,2014-11-05,1764.0,1800.0,1750.0,1785.0,1.19 %,1886.0,3348110.0,0.011904761904761862,0.011834457647002798,1823.8,1816.35,1830.4962470621144,1809.7853882203517,47.632440868868635,20.71085884176273,32.21010061177253,51.768834238266464,1816.35,72.68118919747576,1961.7123783949514,1670.9876216050484,161872.0
SWBBL,2014-11-06,1785.0,1785.0,1755.0,1780.0,-0.28 %,381.0,676935.0,-0.0028011204481792618,-0.0028050509276086096,1799.8,1819.35,1822.727593667943,1807.5790631669925,47.14679128357302,15.148530500950528,28.79778658960813,50.21391750696172,1819.35,69.67086153744476,1958.6917230748895,1680.0082769251103,161491.0
SWBBL,2014-11-09,1780.0,1750.0,1725.0,1725.0,-3.09 %,320.0,556300.0,-0.030898876404494402,-0.03138631382067072,1770.8,1820.6,1807.6925792574903,1801.4620955249932,42.066026967063166,6.230483732497078,24.28432601818592,50.555780542178745,1820.6,67.61065004865272,1955.8213000973053,1685.3786999026945,161171.0
SWBBL,2014-11-10,1725.0,1700.0,1691.0,1700.0,-1.45 %,175.0,296600.0,-0.01449275362318836,-0.014598799421152636,1750.8,1817.35,1791.1244901409532,1793.946384745364,39.958154491242205,-2.8218946044107724,18.863081893666582,49.37322478916598,1817.35,71.85312138406344,1961.0562427681268,1673.643757231873,160996.0
SWBBL,2014-11-11,1700.0,1725.0,1670.0,1725.0,1.47 %,981.0,1653940.0,0.014705882352941124,0.014598799421152631,1743.0,1813.5,1780.9514916577298,1788.8392451345962,43.03231199461053,-7.8877534768664646,13.512914819559972,49.77513730422556,1813.5,74.72440593344739,1962.9488118668949,1664.0511881331051,161977.0
SWBBL,2014-11-12,1725.0,1829.0,1759.0,1790.0,3.77 %,6195.0,11064061.0,0.037681159420289934,0.036988569369340626,1744.0,1813.75,1782.343569864233,1788.925226976478,50.175226419214816,-6.581657112245011,9.494000433198977,53.648341782495166,1813.75,74.63234447681936,1963.0146889536386,1664.4853110463614,168172.0
SWBBL,2014-11-13,1790.0,1800.0,1766.0,1780.0,-0.56 %,1591.0,2827834.0,-0.005586592178770999,-0.005602255548669898,1744.0,1815.75,1781.9830206543509,1788.2640990522946,49.15410364941588,-6.281078397943702,6.3389846669704415,52.244888798031226,1815.75,73.07161231502394,1961.8932246300478,1669.6067753699522,166581.0
SWBBL,2014-11-16,1780.0,1808.0,1790.0,1808.0,1.57 %,2012.0,3622137.0,0.01573033707865168,0.015607897665990968,1760.6,1818.65,1785.985632861374,1789.7260176410134,52.09393127993649,-3.7403847796394984,4.323110777648454,50.51311102674328,1818.65,71.45795598591936,1961.565911971839,1675.7340880281613,168593.0
SWBBL,2014-11-17,1808.0,1840.0,1800.0,1800.0,-0.44 %,297.0,537700.0,-0.004424778761061954,-0.004434597067865753,1780.6,1819.65,1788.1416893442395,1790.4870533713085,51.18336526796305,-2.345364027069081,2.989415816704947,49.76217452483304,1819.65,71.02725570253267,1961.7045114050654,1677.5954885949347,168296.0
SWBBL,2014-11-18,1800.0,1813.0,1710.0,1780.0,-1.11 %,352.0,619178.0,-0.011111111111111072,-0.011173300598125189,1791.6,1818.15,1786.889121752818,1789.7102346030633,48.882949188244474,-2.8211128502452993,1.8273100833148979,53.56487634448782,1818.15,71.55658416137177,1961.2631683227437,1675.0368316772565,167944.0
SWBBL,2014-11-19,1780.0,1785.0,1755.0,1785.0,0.28 %,462.0,812970.0,0.002808988764045006,0.0028050509276086816,1790.6,1816.9,1786.5984876369998,1789.3613283361697,49.494094398225194,-2.7628406991698284,0.9092799268179528,51.88167089131012,1816.9,71.92386325319664,1960.7477265063933,1673.052273493607,168406.0
SWBBL,2014-11-20,1785.0,1810.0,1780.0,1790.0,0.28 %,1312.0,2352827.0,0.0028011204481792618,0.002797204621061219,1792.6,1813.95,1787.1217972313077,1789.4086373483053,50.136115662862856,-2.2868401169976096,0.27005591805484036,50.31869439907369,1813.95,71.74771223201252,1957.445424464025,1670.454575535975,169718.0
SWBBL,2014-11-23,1790.0,1820.0,1775.0,1790.0,0.00 %,2541.0,4575442.0,0.0,0.0,1789.0,1807.6,1787.5645976572605,1789.4524419891716,50.13611566272558,-1.887844331911083,-0.1615241319383443,49.93878765628272,1807.6,67.65033940087794,1942.9006788017557,1672.2993211982441,169718.0
SWBBL,2014-11-24,1790.0,1861.0,1780.0,1797.0,0.39 %,3055.0,5511709.0,0.003910614525139744,0.0039029879487584387,1788.4,1800.2,1789.0161980176817,1790.011520360344,51.14448185402752,-0.9953223426623481,-0.3282837740831451,52.15744568083395,1800.2,59.424078054547095,1919.0481561090942,1681.351843890906,172773.0
SWBBL,2014-11-25,1797.0,1814.0,1753.0,1805.0,0.45 %,7240.0,12903484.0,0.004451864218141255,0.004441983983422163,1793.4,1794.7,1791.4752444765,1791.1217781114296,52.33092124930102,0.3534663650702896,-0.19193374625245813,52.78905670363152,1794.7,52.98073135337182,1900.6614627067438,1688.7385372932563,180013.0
SWBBL,2014-11-30,1805.0,1810.0,1800.0,1800.0,-0.28 %,1886.0,3407450.0,-0.0027700831024930483,-0.002773926882725208,1796.4,1788.7,1792.786745326269,1791.7794241772497,51.489305850538784,1.0073211490193898,0.047917232801911486,49.732695510514986,1788.7,44.09332208660264,1876.8866441732052,1700.5133558267949,178127.0
SWBBL,2014-12-01,1800.0,1790.0,1725.0,1751.0,-2.72 %,2195.0,3835525.0,-0.02722222222222226,-0.027599611598404246,1788.6,1781.25,1786.358015276074,1788.758726090046,44.018002316616986,-2.400710813971955,-0.44180837655286176,51.53750297404963,1781.25,36.1748313203243,1853.5996626406486,1708.9003373593514,175932.0
SWBBL,2014-12-02,1751.0,1780.0,1755.0,1780.0,1.66 %,166.0,295000.0,0.016561964591661926,0.016426311000278998,1786.6,1776.75,1785.3798590797549,1788.109931564857,48.75713979668468,-2.730072485102255,-0.8994611982627405,49.92768133304609,1776.75,29.543678636379976,1835.8373572727598,1717.6626427272402,176098.0
SWBBL,2014-12-03,1780.0,1810.0,1740.0,1740.0,-2.25 %,2273.0,3988360.0,-0.022471910112359605,-0.022728251077556175,1775.2,1773.75,1778.398342298254,1784.5462329304232,43.31092181603204,-6.147890632169265,-1.9491470850440455,51.361418380685656,1773.75,30.099615314926027,1833.949230629852,1713.550769370148,173825.0
SWBBL,2014-12-04,1740.0,1770.0,1722.0,1770.0,1.72 %,754.0,1329944.0,0.01724137931034475,0.01709443335930004,1768.2,1774.05,1777.1062896369842,1783.4687341948363,48.00216559981301,-6.362444557852086,-2.831806579605654,51.12131706777954,1774.05,30.02713684935159,1834.104273698703,1713.9957263012968,174579.0
SWBBL,2014-12-07,1770.0,1805.0,1785.0,1785.0,0.85 %,103.0,184315.0,0.008474576271186418,0.008438868645864604,1765.2,1774.05,1778.3207066159098,1783.5821612915151,50.22033771068837,-5.261454675605364,-3.317736198805596,49.96979442008101,1774.05,30.02713684935159,1834.104273698703,1713.9957263012968,174682.0
SWBBL,2014-12-08,1785.0,1750.0,1721.0,1730.0,-3.08 %,1800.0,3113610.0,-0.03081232492997199,-0.03129700672191482,1761.0,1771.55,1770.8867517519236,1779.6131123069586,42.9803754443684,-8.726360555034944,-4.399461070051466,50.97195196150379,1771.55,31.548584087023606,1834.6471681740472,1708.4528318259527,172882.0
SWBBL,2014-12-09,1730.0,1740.0,1730.0,1730.0,0.00 %,400.0,692650.0,0.0,0.0,1751.0,1771.8,1764.5964822516278,1775.9380669508878,42.98037544424708,-11.341584699260011,-5.787885795893175,48.045383964253524,1771.8,31.177927415015894,1834.1558548300318,1709.4441451699681,172882.0
SWBBL,2014-12-10,1730.0,1770.0,1740.0,1770.0,2.31 %,263.0,461750.0,0.023121387283236983,0.022858138076050184,1757.0,1775.3,1765.4277926744544,1775.4982101397109,49.16211643488364,-10.070417465256469,-6.6443921297658335,47.470713681092555,1775.3,26.229954752478303,1827.7599095049566,1722.8400904950433,173145.0
SWBBL,2014-12-11,1770.0,1770.0,1750.0,1750.0,-1.13 %,390.0,683080.0,-0.011299435028248594,-0.011363758650315095,1753.0,1776.55,1763.0542861091537,1773.6094538330656,46.450480681863276,-10.555167723911836,-7.426547248595034,45.5085198467288,1776.55,24.2258561306805,1825.001712261361,1728.0982877386389,172755.0
SWBBL,2014-12-14,1750.0,1820.0,1785.0,1820.0,4.00 %,1502.0,2706830.0,0.040000000000000036,0.03922071315328133,1760.0,1778.05,1771.815165169284,1777.0457905861717,55.667240548073245,-5.230625416887733,-6.987362882253574,47.257911286248174,1778.05,25.96855385798292,1829.9871077159657,1726.1128922840342,174257.0
SWBBL,2014-12-15,1820.0,1856.0,1800.0,1800.0,-1.10 %,878.0,1591527.0,-0.01098901098901095,-0.011049836186584935,1774.0,1779.05,1776.1512936047786,1778.7461023946034,52.86743680626946,-2.5948087898248104,-6.108852063767822,47.882346194373305,1779.05,26.428602926239904,1831.9072058524798,1726.19279414752,173379.0
SWBBL,2014-12-16,1800.0,1810.0,1770.0,1805.0,0.28 %,1535.0,2746475.0,0.002777777777777768,0.0027739268827252244,1789.0,1778.9,1780.5895561271204,1780.6908355505586,53.49713478619927,-0.10127942343819996,-4.907337535701898,47.31932146620378,1778.9,26.26364307116776,1831.4272861423356,1726.3727138576646,174914.0
SWBBL,2014-12-17,1805.0,1855.0,1795.0,1840.0,1.94 %,3386.0,6145193.0,0.01939058171745156,0.019204979836050046,1803.0,1780.9,1789.7296244152558,1785.084106991258,57.75212739452654,4.645517423997717,-2.996766543761975,48.225084218617795,1780.9,29.3022363077097,1839.5044726154194,1722.2955273845807,178300.0
SWBBL,2014-12-18,1840.0,1869.0,1840.0,1856.0,0.87 %,2311.0,4275853.0,0.008695652173912993,0.008658062743114531,1824.2,1784.7,1799.9250668129089,1790.3371361030167,59.57319126921139,9.587930709892134,-0.479827093031153,46.85186391728795,1784.7,33.767159380570774,1852.2343187611416,1717.1656812388585,180611.0
SWBBL,2014-12-21,1856.0,1860.0,1800.0,1835.0,-1.13 %,3189.0,5824540.0,-0.011314655172413812,-0.011379152857475257,1827.2,1787.2,1805.3212103801536,1793.6454963916822,56.152057885547514,11.675713988471443,1.9512811232693663,47.79101649462453,1787.2,35.592133962454334,1858.3842679249087,1716.0157320750914,177422.0
SWBBL,2014-12-22,1835.0,1860.0,1820.0,1860.0,1.36 %,5896.0,10854027.0,0.013623978201634968,0.013532006218576373,1839.2,1790.7,1813.73333186013,1798.5606448071132,59.158973161723374,15.172687053016716,4.5955623092188365,47.23451531643706,1790.7,39.14628435686677,1868.9925687137336,1712.4074312862665,183318.0
SWBBL,2014-12-23,1860.0,1875.0,1810.0,1851.0,-0.48 %,6515.0,11907275.0,-0.004838709677419395,-0.004850454133749466,1848.4,1793.75,1819.4666654201098,1802.4450414880678,57.626883117981315,17.021623932042075,7.080774633783484,48.503478508120125,1793.75,41.40032417876186,1876.5506483575236,1710.9493516424764,176803.0
SWBBL,2014-12-24,1263.0,1365.0,1287.0,1365.0,8.08 %,837.0,1116474.0,-0.2625607779578606,-0.30457160495443736,1753.4,1772.15,1749.5487168939392,1770.0417050815443,22.995018675400672,-20.49298818760508,1.5660220695057712,85.32465861468297,1772.15,104.39060000029848,1980.931200000597,1563.368799999403,175966.0
SWBBL,2014-12-28,1365.0,1475.0,1392.0,1475.0,8.06 %,1059.0,1528294.0,0.08058608058608052,0.07750356115486004,1677.2,1755.65,1707.31045275641,1748.1867639643929,32.83382592416065,-40.87631120798278,-6.922444585991939,87.08718299934849,1755.65,123.29352012682736,2002.2370402536549,1509.0629597463453,177025.0
SWBBL,2014-12-29,1475.0,1500.0,1445.0,1446.0,-1.97 %,270.0,393260.0,-0.019661016949152565,-0.019856866055210226,1599.4,1737.95,1667.1088446400395,1725.8025592262898,31.68445585949017,-58.69371458625028,-17.276698586043608,84.79524135653789,1737.95,140.76388404925734,2019.4777680985148,1456.4222319014852,176755.0
SWBBL,2015-01-01,1446.0,1465.0,1450.0,1465.0,1.31 %,502.0,733098.0,0.013139695712309774,0.013054118732457638,1520.4,1723.65,1636.0151762338796,1706.4838511354535,33.331108189516456,-70.46867490157388,-27.915093849149663,80.09558125964233,1723.65,153.33426677824565,2030.3185335564913,1416.981466443509,177257.0
SWBBL,2015-01-04,1465.0,1515.0,1494.0,1515.0,3.41 %,1182.0,1773226.0,0.03412969283276457,0.0335601964923019,1453.2,1710.4,1617.3974568132828,1692.299862162457,37.59405057115778,-74.90240534917416,-37.31255614915457,77.9458968839536,1710.4,159.53300269025698,2029.4660053805142,1391.333994619486,178439.0
SWBBL,2015-01-05,1515.0,1530.0,1515.0,1515.0,0.00 %,721.0,1092870.0,0.0,0.0,1483.2,1699.15,1601.6440019189315,1679.166539039312,37.59405057110601,-77.52253712038055,-45.35455234339976,73.44976139224262,1699.15,165.16953809885942,2029.489076197719,1368.8109238022812,178439.0
SWBBL,2015-01-07,1515.0,1520.0,1500.0,1501.0,-0.92 %,259.0,389638.0,-0.009240924092409286,-0.009283886310007608,1488.4,1685.7,1586.160309316019,1665.9690176289928,36.82932194427891,-79.80870831297375,-52.24538353731457,69.63192129279672,1685.7,169.97897702827845,2025.657954056557,1345.7420459434431,178180.0
SWBBL,2015-01-08,1501.0,1560.0,1500.0,1535.0,2.27 %,1472.0,2266387.0,0.022651565622918035,0.022398828387835554,1506.2,1673.2,1578.28949249817,1656.2676089157342,40.02032973968392,-77.97811641756425,-57.39193011336451,68.94392691473982,1673.2,171.47797157898486,2016.15594315797,1330.2440568420302,179652.0
SWBBL,2015-01-11,1535.0,1525.0,1495.0,1495.0,-2.61 %,299.0,449975.0,-0.026058631921824116,-0.026404174196510737,1512.2,1661.45,1565.4757244215284,1644.3218601071612,37.613101704772724,-78.84613568563282,-61.68277122781817,66.87650356368698,1661.45,175.38783340147677,2012.2256668029536,1310.6743331970465,179353.0
SWBBL,2015-01-12,1495.0,1526.0,1500.0,1526.0,2.07 %,130.0,197360.0,0.020735785953177155,0.020523726019615413,1514.4,1651.25,1559.4025360489854,1635.557277877001,40.5953473736202,-76.15474182801563,-64.57716534785766,64.31389616628077,1651.25,177.11485271606264,2005.4797054321252,1297.0202945678748,179483.0
SWBBL,2015-01-13,1526.0,1550.0,1525.0,1525.0,-0.07 %,323.0,493825.0,-0.000655307994757548,-0.0006555228028903288,1516.4,1639.0,1554.1098381952952,1627.3678498861123,40.52804526521805,-73.25801169081706,-66.31333461644954,61.50576072583215,1639.0,176.94185783084944,1992.883715661699,1285.116284338301,179160.0
SWBBL,2015-01-14,1525.0,1545.0,1515.0,1545.0,1.31 %,385.0,583575.0,0.013114754098360715,0.013029500290333897,1525.2,1628.75,1552.7083246267882,1621.266527672326,42.57846094798485,-68.55820304553777,-66.76230830226719,59.25534924541557,1628.75,176.10907953520675,1980.9681590704135,1276.5318409295865,179545.0
SWBBL,2015-01-18,1545.0,1540.0,1540.0,1540.0,-0.32 %,346.0,532840.0,-0.003236245954692518,-0.0032414939241709557,1526.2,1614.75,1550.7531977611284,1615.2467848817835,42.18687084474884,-64.49358712065509,-66.30856406594476,55.37996715645732,1614.75,171.1653171336839,1957.0806342673677,1272.4193657326323,179199.0
SWBBL,2015-01-19,1540.0,1601.0,1569.0,1569.0,1.88 %,500.0,791539.0,0.018831168831168865,0.018656057325357783,1541.0,1603.2,1553.5603981055701,1611.8210971127623,45.327545819833944,-58.260699007192216,-64.69899105419427,55.781398073853225,1603.2,165.7139577388536,1934.6279154777071,1271.772084522293,179699.0
SWBBL,2015-01-20,1569.0,1540.0,1540.0,1540.0,-1.85 %,3050.0,4697000.0,-0.018483110261312885,-0.018656057325357696,1543.8,1589.95,1551.4741830124055,1606.5010158451503,42.82229539685037,-55.02683283274473,-62.764559409904365,53.868441068577994,1589.95,159.1955021184257,1908.3410042368514,1271.5589957631487,176649.0
SWBBL,2015-01-25,1540.0,1515.0,1510.0,1515.0,-1.62 %,340.0,513870.0,-0.016233766233766267,-0.01636697746420536,1541.8,1573.7,1545.8627702412662,1599.7231628195836,40.73225771772737,-53.86039257831749,-60.983726043587,52.16355242082243,1573.7,148.56014199466318,1870.8202839893265,1276.5797160106736,176309.0
SWBBL,2015-01-26,1515.0,1490.0,1490.0,1490.0,-1.65 %,80.0,119200.0,-0.01650165016501648,-0.01663931900396467,1530.8,1555.4,1537.268497896456,1591.5955211292442,38.69821624737715,-54.32702323278818,-59.65238548142724,50.22329867647797,1555.4,133.7607447725454,1822.921489545091,1287.8785104549092,176229.0
SWBBL,2015-01-27,1490.0,1490.0,1490.0,1490.0,0.00 %,131.0,195190.0,0.0,0.0,1520.8,1538.15,1529.9964212970012,1584.0699269715224,38.6982162472939,-54.07350567452113,-58.53660952004602,46.635920199586685,1538.15,117.00124830643426,1772.1524966128686,1304.1475033871316,176229.0
SWBBL,2015-01-28,1490.0,1490.0,1490.0,1490.0,0.00 %,229.0,341210.0,0.0,0.0,1505.0,1519.65,1523.8431257128473,1577.101784232891,38.69821624720426,-53.25865852004381,-57.48101932004558,43.30478304247335,1519.65,89.43758482286995,1698.5251696457399,1340.7748303542603,176229.0
SWBBL,2015-01-29,1490.0,1520.0,1500.0,1500.0,0.67 %,350.0,528200.0,0.006711409395973256,0.00668898815079671,1497.0,1502.1,1520.1749525262553,1571.3905409563806,40.19034620583783,-51.21558843012531,-56.22793314206153,42.3544413965824,1502.1,43.77923083646208,1589.658461672924,1414.5415383270758,176579.0
SWBBL,2015-02-02,1500.0,1540.0,1500.0,1540.0,2.67 %,1002.0,1514725.0,0.026666666666666616,0.026317308317373358,1502.0,1510.85,1523.2249598299084,1569.0653157003526,45.86638367398449,-45.84035587044423,-54.15041768773807,42.18626701111223,1510.85,30.370129022491426,1571.5902580449829,1450.109741955017,177581.0
SWBBL,2015-02-03,1540.0,1560.0,1529.0,1550.0,0.65 %,410.0,635747.0,0.006493506493506551,0.00647251450561752,1514.0,1514.6,1527.3441967791532,1567.653070092919,47.21506289229342,-40.308873313765844,-51.38210881294363,41.38724793888993,1514.6,30.340870472900242,1575.2817409458005,1453.9182590541993,177991.0
SWBBL,2015-02-04,1550.0,1622.0,1560.0,1610.0,3.87 %,4376.0,7010083.0,0.03870967741935494,0.03797924806521647,1538.0,1522.8,1540.060474197745,1570.7898797156658,54.53423648196042,-30.729405517920895,-47.25156815393908,43.57387308611207,1522.8,32.88032526412078,1588.5606505282415,1457.0393494717584,182367.0
SWBBL,2015-02-05,1610.0,1630.0,1600.0,1630.0,1.24 %,3145.0,5058185.0,0.012422360248447228,0.012345835822299362,1566.0,1531.05,1553.8973243211688,1575.1758145515423,56.69001197877413,-21.278490230373563,-42.05695256922598,42.604310722818354,1531.05,37.92718092123763,1606.9043618424753,1455.1956381575246,185512.0
SWBBL,2015-02-08,1630.0,1635.0,1610.0,1615.0,-0.92 %,514.0,829615.0,-0.009202453987730008,-0.00924505814405105,1589.0,1536.05,1563.2977359640659,1578.125754214391,54.59903173095406,-14.828018250325158,-36.61116570544582,41.346859956902755,1536.05,42.0657067480299,1620.1814134960598,1451.91858650394,184998.0
SWBBL,2015-02-09,1615.0,1746.0,1647.0,1681.0,4.09 %,8533.0,14483438.0,0.04086687306501546,0.04005389775185868,1617.2,1544.35,1581.4057765849789,1585.7460687170287,61.353496610381846,-4.3402921320498535,-30.156990990766626,47.750655674266845,1544.35,52.72098852999331,1649.7919770599865,1438.9080229400133,193531.0
SWBBL,2015-02-10,1681.0,1704.0,1685.0,1693.0,0.71 %,2465.0,4171940.0,0.007138607971445499,0.007113248724519639,1645.8,1553.95,1598.574118648828,1593.6908043676192,62.447421708982034,4.883314281208868,-23.14892993637153,45.9827516975335,1553.95,61.20928292171238,1676.368565843425,1431.5314341565752,195996.0
SWBBL,2015-02-11,1693.0,1701.0,1688.0,1688.0,-0.30 %,1028.0,1741100.0,-0.002953337271116352,-0.002957706977232882,1661.4,1561.6,1612.3319465490083,1600.6766707107583,61.66420141203982,11.655275838249963,-16.18808878144723,43.6268408619954,1561.6,67.9104673739486,1697.420934747897,1425.7790652521028,194968.0
SWBBL,2015-02-12,1688.0,1688.0,1666.0,1688.0,0.00 %,2542.0,4276240.0,0.0,0.0,1673.0,1571.25,1623.9731855414684,1607.1450654729242,61.66420141187324,16.828120068544195,-9.584847011448947,42.082066514710014,1571.25,71.5629093874808,1714.3758187749615,1428.1241812250385,194968.0
SWBBL,2015-02-15,1688.0,1721.0,1699.0,1699.0,0.65 %,1435.0,2452380.0,0.006516587677725116,0.006495446516029598,1689.8,1579.9,1635.5157723812426,1613.9491346971522,62.85293882053241,21.566637684090438,-3.3545500723410697,41.43334747794501,1579.9,76.11618542866775,1732.1323708573357,1427.6676291426645,196403.0
SWBBL,2015-02-16,1699.0,1720.0,1699.0,1720.0,1.24 %,4113.0,7002670.0,0.012360211889346662,0.01228444813556669,1697.6,1589.65,1648.5133458610517,1621.804754349215,65.0792037549739,26.70859151183663,2.65807824449447,39.9738226580918,1589.65,81.04337694944138,1751.7367538988829,1427.5632461011173,200516.0
SWBBL,2015-02-19,1720.0,1780.0,1650.0,1680.0,-2.33 %,5811.0,9777270.0,-0.023255813953488413,-0.02353049741019416,1695.0,1596.4,1653.3574464978128,1626.11551328631,57.954527508636076,27.241933211502783,7.574849237896133,46.40426389679953,1596.4,82.73317924127697,1761.866358482554,1430.9336415174462,194705.0
SWBBL,2015-02-22,1680.0,1700.0,1660.0,1661.0,-1.19 %,755.0,1256560.0,-0.01130952380952377,-0.011373962784009695,1689.6,1602.45,1654.5332239596878,1628.699549339176,54.88109309751174,25.83367462051183,11.226614314419272,45.94681647559956,1602.45,82.81588647495379,1768.0817729499076,1436.8182270500924,193950.0
SWBBL,2015-02-23,1660.0,1660.0,1576.0,1660.0,0.00 %,1350.0,2169870.0,-0.0006020469596628164,-0.0006022282627059187,1684.0,1607.0,1655.3742664274282,1631.0181012399778,54.716623000501734,24.356165187450415,13.852524489025502,48.736329584485304,1607.0,83.37928557596761,1773.7585711519353,1440.2414288480647,192600.0
SWBBL,2015-02-24,1660.0,1651.0,1650.0,1651.0,-0.54 %,862.0,1422350.0,-0.005421686746987953,-0.005436437430460909,1674.4,1612.55,1654.70130236167,1632.4982418888683,53.17216628158454,22.20306047280178,15.522631685780759,45.96944889987921,1612.55,82.37301231529423,1777.2960246305884,1447.8039753694115,191738.0
SWBBL,2015-02-25,1651.0,1684.0,1645.0,1645.0,-0.36 %,904.0,1494740.0,-0.00363416111447612,-0.0036407807206557874,1659.4,1619.05,1653.2087943060285,1633.4242980452486,52.11602703465553,19.78449626077986,16.375004600780578,45.47163112131641,1619.05,79.34367284827145,1777.737345696543,1460.362654303457,190834.0
SWBBL,2015-03-01,1690.0,1690.0,1680.0,1682.0,-0.30 %,818.0,1376190.0,0.022492401215805424,0.02224317733342105,1659.8,1628.65,1657.6382105666394,1637.022498190045,57.69624204509178,20.615712376594274,17.22314615594332,45.43794318407953,1628.65,74.366995367575,1777.38399073515,1479.9160092648501,191652.0
SWBBL,2015-03-02,1685.0,1685.0,1670.0,1670.0,-0.89 %,427.0,716855.0,-0.007134363852556502,-0.007159935122092595,1661.6,1637.65,1659.5400243256179,1639.4652761018936,55.439688002368996,20.074748223724328,17.79346656949952,43.2638043852167,1637.65,67.25620691372654,1772.1624138274533,1503.137586172547,191225.0
SWBBL,2015-03-03,1670.0,1670.0,1656.0,1656.0,-0.84 %,204.0,338832.0,-0.008383233532934131,-0.00841857046559579,1660.8,1645.95,1658.9954051985997,1640.6900704647164,52.84301493688836,18.305334733883228,17.895840202376263,41.17353264341551,1645.95,57.629921869961,1761.209843739922,1530.690156260078,191021.0
SWBBL,2015-03-04,1656.0,1650.0,1650.0,1650.0,-0.36 %,127.0,209550.0,-0.0036231884057971175,-0.0036297680505787237,1660.6,1653.45,1657.6114967065073,1641.3796948747374,51.72485563513698,16.23180183176987,17.563032528254986,38.66113745460012,1653.45,46.27887434377919,1746.0077486875584,1560.8922513124417,190894.0
SWBBL,2015-03-09,1650.0,1690.0,1673.0,1673.0,1.39 %,1028.0,1728350.0,0.013939393939393918,0.013843134092197657,1666.2,1660.1,1659.97895875166,1643.721939698831,55.60305760920337,16.257019052829037,17.301829833169798,38.756770493557255,1660.1,37.91944370012991,1735.9388874002598,1584.26111259974,191922.0
SWBBL,2015-03-10,1673.0,1665.0,1665.0,1665.0,-0.48 %,33.0,54945.0,-0.004781829049611441,-0.004793298572279735,1662.8,1665.85,1660.75142663602,1645.2980923137322,53.978720151336745,15.453334322287674,16.932130730993375,36.55985831544602,1665.85,27.68293222986188,1721.2158644597237,1610.4841355402762,191889.0
SWBBL,2015-03-11,1665.0,1725.0,1680.0,1680.0,0.90 %,2939.0,4986410.0,0.009009009009008917,0.008968669982760316,1664.8,1669.35,1663.7127456150938,1647.8686039941965,56.5422076348598,15.84414162089729,16.714532908974157,38.23415415005702,1669.35,24.491190682644664,1718.3323813652892,1620.3676186347107,194828.0
SWBBL,2015-03-12,1680.0,1682.0,1655.0,1655.0,-1.49 %,583.0,970810.0,-0.014880952380952328,-0.01499278458614128,1664.6,1670.6,1662.3723232127718,1648.396855550182,51.403018892326045,13.975467662589836,16.166719859697295,37.4317145679101,1670.6,22.96771189027581,1716.5354237805516,1624.6645762194482,194245.0
SWBBL,2015-03-16,1655.0,1630.0,1602.0,1609.0,-2.78 %,966.0,1557441.0,-0.02779456193353469,-0.02818814081878001,1656.4,1670.3,1654.161196564653,1645.4785699538722,43.55802678713389,8.682626610780744,14.669901209913986,38.54373495591652,1670.3,23.757768812504267,1717.8155376250086,1622.7844623749913,193279.0
SWBBL,2015-03-17,1609.0,1630.0,1591.0,1620.0,0.68 %,1154.0,1860280.0,0.006836544437538894,0.006813281234046599,1645.8,1667.25,1648.9056278623987,1643.5912684758077,45.69246464607991,5.314359386590922,12.798792845249373,38.5763253162082,1667.25,26.110846707651945,1719.471693415304,1615.028306584696,194433.0
SWBBL,2015-03-18,1620.0,1652.0,1640.0,1652.0,1.98 %,229.0,377007.0,0.01975308641975304,0.019560525854493572,1643.2,1665.2,1649.3816851143374,1644.2141374776,51.444975909136076,5.167547636737481,11.272543803546995,38.1065877936219,1665.2,25.587003279851377,1716.3740065597028,1614.0259934402973,194662.0
SWBBL,2015-03-19,1652.0,1635.0,1631.0,1635.0,-1.03 %,1108.0,1811180.0,-0.010290556900726444,-0.010343870749569661,1634.2,1662.55,1647.16911817367,1643.5316087755555,48.50548665584738,3.6375093981146165,9.74553692246052,36.88468866550605,1662.55,25.84462684666039,1714.2392536933207,1610.8607463066792,193554.0
SWBBL,2015-03-22,1635.0,1683.0,1650.0,1650.0,0.92 %,289.0,478013.0,0.00917431192660545,0.009132483563272472,1633.2,1660.65,1647.604638454644,1644.010748866255,51.15737321465456,3.5938895883889472,8.515207455646205,37.67863947511276,1660.65,25.265485090199917,1711.1809701804,1610.1190298196002,193843.0
SWBBL,2015-03-23,1650.0,1635.0,1635.0,1635.0,-0.91 %,68.0,111180.0,-0.009090909090909038,-0.009132483563272474,1638.4,1657.45,1645.6654633077756,1643.343285987273,48.46927465656494,2.322177320502533,7.276601428617471,36.05873665546185,1657.45,24.182366346291754,1705.8147326925834,1609.0852673074166,193775.0
SWBBL,2015-03-24,1635.0,1615.0,1603.0,1615.0,-1.22 %,310.0,498950.0,-0.012232415902140636,-0.012307847674596814,1637.4,1652.2,1640.947699721964,1641.243783321549,45.06882312610028,-0.2960835995850175,5.762064422976973,35.76882689435743,1652.2,21.087786437724898,1694.3755728754497,1610.0244271245504,193465.0
SWBBL,2015-03-25,1615.0,1632.0,1600.0,1629.0,0.87 %,400.0,642966.0,0.008668730650154721,0.008631372945288138,1632.8,1649.65,1639.109592072431,1640.3368364088417,47.82806478256309,-1.2272443364106493,4.364202671099449,35.4996249733319,1649.65,20.627715132314833,1690.9054302646298,1608.3945697353704,193865.0
SWBBL,2015-03-26,1629.0,1610.0,1610.0,1610.0,-1.17 %,29.0,46690.0,-0.011663597298956385,-0.011732150623536419,1627.8,1647.1,1634.6311932920569,1638.0896633415202,44.55694470707814,-3.458470049463358,2.7996681269868873,34.321080332379616,1647.1,22.240077621999358,1691.5801552439987,1602.6198447560012,193836.0
SWBBL,2015-03-29,1610.0,1647.0,1610.0,1625.0,0.93 %,723.0,1170394.0,0.009316770186335477,0.009273636785329253,1622.8,1645.35,1633.1494712471251,1637.1200586495559,47.603693799689495,-3.9705874024307377,1.445617021103362,34.512431737209646,1645.35,22.54650165420523,1690.4430033084104,1600.2569966915894,194559.0
SWBBL,2015-03-30,1625.0,1650.0,1620.0,1620.0,-0.31 %,357.0,580840.0,-0.003076923076923088,-0.003081666537408112,1619.8,1643.8,1631.1264756706444,1635.8519061569962,46.68279935067248,-4.725430486351797,0.21140751961233029,34.19011518455182,1643.8,23.193919348351045,1690.187838696702,1597.4121613032978,194202.0
SWBBL,2015-04-01,1620.0,1610.0,1580.0,1610.0,-0.62 %,2159.0,3442488.0,-0.006172839506172867,-0.006191970247921107,1618.8,1642.05,1627.8762486443914,1633.9369501453668,44.815507507931336,-6.060701500975483,-1.0430142845052326,34.605106957083834,1642.05,24.388252133070765,1690.8265042661415,1593.2734957338585,192043.0
SWBBL,2015-04-02,1610.0,1620.0,1615.0,1615.0,0.31 %,523.0,845245.0,0.0031055900621117516,0.0031007776782481854,1616.0,1638.7,1625.8952873144851,1632.5342130975619,45.979023684385304,-6.638925783076729,-2.162196584219532,32.847599317292136,1638.7,23.183705711712182,1685.0674114234243,1592.3325885765757,192566.0
SWBBL,2015-04-05,1615.0,1607.0,1592.0,1605.0,-0.62 %,279.0,446942.0,-0.006191950464396245,-0.006211200092640636,1615.0,1635.45,1622.6806277276412,1630.4946417570018,43.98172810242591,-7.814014029360578,-3.2925600732477416,32.14419936605699,1635.45,23.120906465587076,1681.6918129311741,1589.208187068826,192287.0
SWBBL,2015-04-06,1605.0,1580.0,1542.0,1580.0,-1.56 %,816.0,1280505.0,-0.015576323987538943,-0.015698909543103753,1606.0,1631.65,1616.1143773080041,1626.7542979231498,39.376564053448824,-10.639920615145684,-4.76203218162733,34.34818512562435,1631.65,25.670533998933838,1682.9910679978677,1580.3089320021325,191471.0
SWBBL,2015-04-07,1580.0,1610.0,1570.0,1570.0,-0.63 %,259.0,408380.0,-0.006329113924050667,-0.00634922767865878,1596.0,1627.65,1609.0198577221572,1622.5502758547684,37.67716374196856,-13.530418132611203,-6.515709371824105,34.75188618807975,1627.65,28.7132373653849,1685.0764747307699,1570.2235252692303,191212.0
SWBBL,2015-04-08,1570.0,1585.0,1570.0,1577.0,0.45 %,752.0,1184300.0,0.00445859872611476,0.004448688620684752,1589.4,1622.85,1604.093725764902,1619.1761813470077,39.64090085784556,-15.082455582105695,-8.229058613880424,33.341037174645486,1622.85,28.757195895817084,1680.364391791634,1565.3356082083658,191964.0
SWBBL,2015-04-09,1577.0,1604.0,1580.0,1600.0,1.46 %,1736.0,2756619.0,0.014584654407101993,0.014479321264834125,1586.4,1619.6,1603.463921801071,1617.7557234694516,45.6955130807437,-14.291801668380685,-9.441607224780476,32.888105947885094,1619.6,27.383052768971666,1674.3661055379432,1564.8338944620566,193700.0
SWBBL,2015-04-12,1600.0,1620.0,1610.0,1610.0,0.62 %,200.0,323000.0,0.006250000000000089,0.006230549750636163,1587.4,1616.1,1604.4694722932138,1617.1812254346776,48.131656271592924,-12.71175314146376,-10.095636408117134,31.96752695160759,1616.1,23.447365467560143,1662.9947309351203,1569.2052690648795,193900.0
SWBBL,2015-04-13,1610.0,1635.0,1610.0,1635.0,1.55 %,425.0,687486.0,0.01552795031055898,0.015408625352845061,1598.4,1615.1,1609.1664765557962,1618.5011346617384,53.72117152129235,-9.334658105942253,-9.943440747682159,31.46984645506419,1615.1,22.088101107320757,1659.2762022146414,1570.9237977853584,194325.0
SWBBL,2015-04-15,1635.0,1605.0,1603.0,1603.0,-1.96 %,109.0,174841.0,-0.01957186544342504,-0.019765930721800776,1605.0,1614.8,1608.2177878549046,1617.3529024645725,46.773123781936576,-9.13511460966788,-9.781775520079304,31.507714565416748,1614.8,22.215689098161484,1659.231378196323,1570.368621803677,194216.0
SWBBL,2015-04-16,1603.0,1605.0,1591.0,1600.0,-0.19 %,862.0,1377393.0,-0.0018714909544603753,-0.0018732443816803362,1609.6,1613.8,1606.953512800304,1616.0675022820114,46.17023752020842,-9.11398948170745,-9.648218312404934,30.25716352502984,1613.8,22.418507391999047,1658.637014783998,1568.962985216002,193354.0
SWBBL,2015-04-19,1600.0,1605.0,1605.0,1605.0,0.31 %,200.0,321000.0,0.0031250000000000444,0.0031201273362436777,1610.6,1611.45,1606.652972369488,1615.2476872981588,47.3874373982428,-8.594714928670783,-9.437517635658104,28.453080416099137,1611.45,20.59247435353264,1652.6349487070654,1570.2650512929347,193554.0
SWBBL,2015-04-20,1605.0,1620.0,1575.0,1620.0,0.93 %,1354.0,2152641.0,0.009345794392523255,0.00930239266231341,1612.6,1610.7,1608.7063612357206,1615.5997104612582,50.969334939814495,-6.893349225537577,-8.928683953633998,29.63500324352063,1610.7,19.952839133180568,1650.605678266361,1570.794321733639,194908.0
SWBBL,2015-04-21,1620.0,1610.0,1600.0,1600.0,-1.23 %,578.0,928170.0,-0.012345679012345734,-0.012422519998557209,1605.6,1608.2,1607.3669210456098,1614.4441763530167,46.43044197716528,-7.077255307406858,-8.55839822438857,28.946788726126297,1608.2,17.78408513844381,1643.7681702768878,1572.6318297231123,194330.0
SWBBL,2015-04-22,1600.0,1640.0,1608.0,1608.0,0.50 %,128.0,207066.0,0.004999999999999893,0.004987541511038968,1606.6,1606.85,1607.4643178078238,1613.966829956497,48.40948621427431,-6.502512148673077,-8.147221009245472,29.736303817117278,1606.85,16.629950786420963,1640.1099015728419,1573.590098427158,194458.0
SWBBL,2015-04-23,1608.0,1601.0,1581.0,1601.0,-0.44 %,703.0,1120370.0,-0.0043532338308457375,-0.004362736742196959,1606.8,1606.15,1606.469807375851,1613.0063240337934,46.780943507489724,-6.536516657942457,-7.82508013898487,29.540853544466042,1606.15,16.563355241103533,1639.2767104822071,1573.023289517793,193755.0
SWBBL,2015-05-31,1601.0,1569.0,1449.0,1450.0,-9.43 %,264.0,385908.0,-0.09431605246720798,-0.09906487758209458,1575.8,1597.2,1582.3975293180276,1600.9317815127715,26.259213132230542,-18.534252194743885,-9.966914550136673,38.28793543414704,1597.2,38.024368917574556,1673.248737835149,1521.151262164851,193491.0
SWBBL,2015-06-01,1450.0,1510.0,1446.0,1448.0,-0.28 %,2930.0,4311710.0,-0.0013793103448276334,-0.001380262468958458,1541.4,1589.1,1561.7209863460232,1589.6035014007145,26.09592469856301,-27.88251505469134,-13.550034651047607,40.124511474565104,1589.1,50.39621957418297,1689.8924391483658,1488.307560851634,190561.0
SWBBL,2015-06-02,1446.0,1451.0,1425.0,1451.0,0.35 %,1830.0,2641790.0,0.002071823204419898,0.00206967993852618,1511.6,1580.4,1544.686988446635,1579.336575371032,26.83090774967056,-34.649586924397,-17.769945105717486,39.11561779781045,1580.4,58.27557039844378,1696.9511407968876,1463.8488592031126,192391.0
SWBBL,2015-06-03,1451.0,1535.0,1480.0,1535.0,5.79 %,554.0,832438.0,0.0578911095796002,0.05627740713710961,1497.0,1576.15,1543.1966825317681,1576.0523846028075,43.71101103852289,-32.85570207103933,-20.787096498781857,42.32164509796685,1576.15,58.33503506290437,1692.8200701258088,1459.4799298741914,192945.0
SWBBL,2015-06-04,1535.0,1570.0,1535.0,1535.0,0.00 %,2131.0,3303677.0,0.0,0.0,1483.8,1572.4,1541.9356544499576,1573.0114672248217,43.71101103839361,-31.075812774864062,-22.8448397539983,41.79867044811208,1572.4,58.45502094503952,1689.3100418900792,1455.489958109921,192945.0
SWBBL,2015-06-07,1535.0,1565.0,1530.0,1564.0,1.95 %,380.0,585610.0,0.01889250814332244,0.018716261083958827,1506.6,1569.85,1545.3301691499641,1572.3439511340944,48.47081217698637,-27.01378198413022,-23.678628200024683,41.31305113038979,1569.85,57.605075617022635,1685.0601512340452,1454.6398487659546,193325.0
SWBBL,2015-06-08,1565.0,1596.0,1595.0,1596.0,1.98 %,232.0,370188.0,0.020460358056265893,0.020253856904497596,1536.2,1569.4,1553.1255277422774,1574.0962510500874,53.17593670735414,-20.970723307809976,-23.137047221581742,40.647833192504805,1569.4,57.35062978593082,1684.1012595718616,1454.6987404281385,193557.0
SWBBL,2015-06-09,1596.0,1720.0,1627.0,1720.0,7.77 %,580.0,994380.0,0.07769423558897248,0.0748237917977447,1590.0,1576.4,1578.7985234742346,1584.9039361574883,66.09514944355237,-6.1054126832536895,-19.73072031391613,46.601559393040176,1576.4,66.52296793708699,1709.445935874174,1443.3540641258262,194137.0
SWBBL,2015-06-11,1720.0,1686.0,1580.0,1595.0,-7.27 %,1180.0,1906846.0,-0.07267441860465118,-0.0754505545885538,1602.0,1577.65,1581.2910583243524,1585.651792738415,50.86082060695038,-4.360734414062563,-16.656723133945416,53.272876579251594,1577.65,66.63117256881758,1710.9123451376352,1444.387654862365,192957.0
SWBBL,2015-06-14,1595.0,1571.0,1555.0,1555.0,-2.51 %,758.0,1181999.0,-0.025078369905956133,-0.02539819060561046,1606.0,1576.55,1577.246280120606,1583.3812895726064,47.11818973872695,-6.135009452000531,-14.55238039755644,52.324813966447905,1576.55,66.8237863417918,1710.1975726835835,1442.9024273164164,192199.0
SWBBL,2015-06-15,1555.0,1591.0,1545.0,1591.0,2.32 %,2489.0,3889960.0,0.023151125401929207,0.022887203724452305,1611.4,1576.1,1579.362237025128,1583.945638493154,50.63871361599809,-4.583401468026068,-12.558584611650367,51.87304154027306,1576.1,66.68772474436173,1709.4754494887234,1442.7245505112764,194688.0
SWBBL,2015-06-16,1591.0,1590.0,1545.0,1590.0,-0.06 %,1216.0,1897180.0,-0.0006285355122563896,-0.0006287331235096053,1610.2,1575.1,1580.9988159443392,1584.3941097158836,50.538066395618664,-3.3952937715444023,-10.725926443629174,51.4535385731107,1575.1,66.30146461826557,1707.702929236531,1442.4970707634689,193472.0
SWBBL,2015-06-17,1590.0,1585.0,1540.0,1540.0,-3.14 %,325.0,509745.0,-0.03144654088050314,-0.03195159980660236,1574.2,1570.35,1574.6913057990562,1581.1056571443366,45.652261664598946,-6.4143513452804655,-9.863611423959433,51.34971438931708,1570.35,65.17771252910852,1700.7054250582169,1439.994574941783,193147.0
SWBBL,2015-06-18,1540.0,1564.0,1541.0,1547.0,0.45 %,1094.0,1705766.0,0.00454545454545463,0.004535155165391363,1564.6,1567.55,1570.4311049068938,1578.5793121706822,46.43303902371887,-8.148207263788436,-9.520530591925235,49.39616336150872,1567.55,64.90355192616475,1697.3571038523294,1437.7428961476705,194241.0
SWBBL,2015-06-21,1547.0,1550.0,1530.0,1530.0,-1.10 %,780.0,1204846.0,-0.01098901098901095,-0.011049836186584935,1559.6,1564.05,1564.2109349212178,1574.9808446024836,44.751567368253205,-10.769909681265744,-9.770406409793338,47.29643740711524,1564.05,64.94894756248527,1693.9478951249705,1434.1521048750294,193461.0
SWBBL,2015-06-22,1550.0,1578.0,1550.0,1578.0,3.14 %,364.0,567520.0,0.031372549019607954,0.03089048701933851,1557.0,1562.7,1566.3323295487228,1575.2044857430403,50.23171338863143,-8.87215619431754,-9.590756366698178,47.346691878035585,1562.7,64.33064261258504,1691.3612852251701,1434.03871477483,193825.0
SWBBL,2015-06-23,1578.0,1580.0,1575.0,1575.0,-0.19 %,494.0,778932.0,-0.0019011406844106071,-0.0019029501460860756,1554.0,1560.45,1567.665817310458,1575.1893386509632,49.89857474694654,-7.52352134050534,-9.177309361459612,44.32192817246161,1560.45,62.994130887857786,1686.4382617757155,1434.4617382242845,193331.0
SWBBL,2015-06-24,1575.0,1600.0,1575.0,1590.0,0.95 %,626.0,994438.0,0.00952380952380949,0.009478743954543739,1564.0,1559.95,1571.1018454165414,1576.286424676818,51.62605546461464,-5.18457926027645,-8.37876334122298,42.94179044585721,1559.95,62.70270287132117,1685.3554057426425,1434.5445942573576,193957.0
SWBBL,2015-06-25,1581.0,1595.0,1580.0,1585.0,-0.31 %,1463.0,2324420.0,-0.0031446540880503138,-0.00314960890289622,1571.6,1558.8,1573.2400230447658,1576.9318747007574,50.99487566117249,-3.6918516559915133,-7.441381004176687,40.94594827115312,1558.8,61.981830954093454,1682.7636619081868,1434.836338091813,192494.0
SWBBL,2015-06-28,1570.0,1602.0,1570.0,1600.0,0.95 %,1522.0,2414680.0,0.009463722397476282,0.009419221916491558,1585.6,1558.75,1577.3569425763403,1578.6406247229233,52.85699433865549,-1.2836821465830326,-6.209841232657957,40.306951966070756,1558.75,61.94639023509489,1682.6427804701898,1434.8572195298102,194016.0
SWBBL,2015-06-29,1600.0,1600.0,1585.0,1585.0,-0.94 %,1474.0,2355910.0,-0.009375000000000022,-0.00941922191649164,1587.0,1565.5,1578.5327975645955,1579.1116895582622,50.77904445771052,-0.5788919936667298,-5.083651384859712,38.49931253992284,1565.5,56.5969126924479,1678.6938253848957,1452.3061746151043,192542.0
SWBBL,2015-06-30,1600.0,1616.0,1599.0,1616.0,1.96 %,1380.0,2215080.0,0.019558359621451027,0.019369552769659622,1595.2,1573.9,1584.296982554658,1581.8441569983909,54.73918075455688,2.452825556267044,-3.5763559966343608,37.963647358499784,1573.9,50.3638341419166,1674.6276682838334,1473.1723317161668,193922.0
SWBBL,2015-07-01,1620.0,1620.0,1600.0,1600.0,-0.99 %,766.0,1233230.0,-0.00990099009900991,-0.009950330853168092,1597.2,1581.35,1586.712831392403,1583.1890342577692,52.396023720665134,3.5237971346336963,-2.1563253703807495,36.68052969003552,1581.35,41.46053926072705,1664.271078521454,1498.4289214785458,193156.0
SWBBL,2015-07-02,1605.0,1605.0,1590.0,1590.0,-0.62 %,480.0,768700.0,-0.006249999999999978,-0.006269613013595374,1598.2,1584.1,1587.2185496397256,1583.6935502386752,50.928685370411884,3.5249994010503087,-1.020060416094538,35.131920426461555,1584.1,40.023545701588425,1664.1470914031768,1504.052908596823,192676.0
SWBBL,2015-07-05,1600.0,1600.0,1595.0,1600.0,0.63 %,239.0,382205.0,0.0062893081761006275,0.006269613013595395,1598.2,1587.35,1589.1849266182294,1584.9014354061808,52.36529926556324,4.283491212048602,0.04064990953409009,33.336783253142876,1587.35,38.43418845385045,1664.2183769077008,1510.481623092299,192915.0
SWBBL,2015-07-06,1614.0,1615.0,1595.0,1600.0,0.00 %,1608.0,2572700.0,0.0,0.0,1601.2,1589.15,1590.8487840615787,1586.0198475983154,52.36529926539814,4.82893646326329,0.99830722027993,32.38415587791839,1589.15,38.124829594108085,1665.3996591882162,1512.900340811784,192915.0
SWBBL,2015-07-07,1600.0,1632.0,1600.0,1632.0,2.00 %,3266.0,5231910.0,0.020000000000000018,0.01980262729617973,1604.4,1590.95,1597.1797403597973,1589.4257848132552,57.0336179978707,7.753955546542102,2.3494368855323646,32.35671617235279,1590.95,39.29708037903866,1669.5441607580774,1512.3558392419227,196181.0
SWBBL,2015-07-08,1640.0,1640.0,1630.0,1630.0,-0.12 %,811.0,1324690.0,-0.001225490196078427,-0.0012262417232442964,1610.4,1586.45,1602.2290110736747,1592.4312822344955,56.65987131760724,9.797728839179172,3.839095276261726,30.759807874327592,1586.45,26.957032087160375,1640.364064174321,1532.5359358256792,195370.0
SWBBL,2015-07-09,1639.0,1670.0,1639.0,1660.0,1.84 %,4979.0,8202940.0,0.018404907975460016,0.018237587549780793,1624.4,1589.7,1611.1168555238787,1597.4363724393477,60.8085836505521,13.680483084531033,5.807372837915588,31.41982159758991,1589.7,31.56630448671814,1652.8326089734364,1526.5673910265637,200349.0
SWBBL,2015-07-12,1640.0,1734.0,1640.0,1720.0,3.61 %,4082.0,7001080.0,0.03614457831325302,0.03550668845690982,1648.4,1597.95,1627.8681085202052,1606.5151596660626,67.50770944733134,21.352948854142596,8.916488041160989,35.8898343406192,1597.95,41.89268872275811,1681.7353774455162,1514.164622554484,204431.0
SWBBL,2015-07-13,1720.0,1740.0,1700.0,1710.0,-0.58 %,3194.0,5478360.0,-0.005813953488372103,-0.00583092031079321,1670.4,1603.9,1640.5037841324813,1614.1807033945024,65.49820035909725,26.3230807379789,12.397806580524572,36.183417602003544,1603.9,48.74412245271296,1701.388244905426,1506.4117550945741,201237.0
SWBBL,2015-07-14,1700.0,1710.0,1685.0,1710.0,0.00 %,998.0,1695130.0,0.0,0.0,1686.0,1609.9,1651.195509650561,1621.2784290689838,65.49820035888729,29.91708058157724,15.901661380735106,35.38460205900329,1609.9,54.04082277608907,1717.9816455521782,1501.818354447822,201237.0
SWBBL,2015-07-15,1710.0,1740.0,1710.0,1725.0,0.88 %,2043.0,3520400.0,0.00877192982456143,0.008733679968754631,1705.0,1619.15,1662.550046627398,1628.9615083972074,67.19688334241081,33.58853823019058,19.4390367506262,34.99998762621735,1619.15,57.18784835960257,1733.5256967192051,1504.774303280795,203280.0
SWBBL,2015-07-16,1725.0,1748.0,1725.0,1748.0,1.33 %,2077.0,3598442.0,0.01333333333333342,0.013245226750020723,1722.6,1629.2,1675.696193300106,1637.7791744418587,69.66326712089553,37.917018858247275,23.134633172150416,34.142845652916115,1629.2,61.351103451672024,1751.902206903344,1506.497793096656,205357.0
SWBBL,2015-07-22,1780.0,1850.0,1780.0,1840.0,5.26 %,2252.0,4094360.0,0.05263157894736836,0.05129329438755048,1746.6,1644.7,1700.9737020231667,1652.758494853573,77.08506149486303,48.21520716959367,28.15074797163907,38.989785249136396,1644.7,73.01989635132914,1790.7397927026584,1498.6602072973417,207609.0
SWBBL,2015-07-23,1840.0,1930.0,1845.0,1929.0,4.84 %,3628.0,6848365.0,0.04836956521739122,0.04723616230269769,1790.4,1662.25,1736.0546709426794,1673.2208285681231,81.73926378734711,62.8338423745563,35.087366852222516,42.63337201705523,1662.25,95.01350319546525,1852.2770063909304,1472.2229936090696,211237.0
SWBBL,2015-07-26,1929.0,2000.0,1950.0,1990.0,3.16 %,1494.0,2950386.0,0.03162260238465531,0.031132904812809045,1846.4,1683.0,1775.1231831053442,1696.6859523778917,84.11995371861262,78.43723072745252,43.75733962726852,44.659559730122716,1683.0,117.58983128252919,1918.1796625650584,1447.8203374349416,212731.0
SWBBL,2015-07-27,1990.0,2020.0,1950.0,1980.0,-0.50 %,439.0,873530.0,-0.005025125628140725,-0.005037794029957181,1897.4,1702.5,1806.6426933968296,1717.6721781276776,82.2273670143906,88.97051526915197,52.79997475564521,46.4695911779711,1702.5,132.71953015367265,1967.9390603073452,1437.0609396926548,212292.0
SWBBL,2015-07-28,1980.0,1941.0,1828.0,1828.0,-7.68 %,354.0,665852.0,-0.07676767676767682,-0.07987437167448566,1913.4,1714.65,1809.9284328742406,1725.8446093774792,60.09516733661221,84.0838234967614,59.056744503868444,54.00747752240173,1714.65,132.51942260824325,1979.6888452164867,1449.6111547835135,211938.0
SWBBL,2015-07-29,1828.0,1798.0,1740.0,1790.0,-2.08 %,1281.0,2273630.0,-0.020787746170678356,-0.021006853179294658,1903.4,1724.15,1806.8625201243574,1730.596860534703,56.034578666127175,76.26565958965443,62.49852752102564,56.43551484223018,1724.15,130.66521101051418,1985.4804220210285,1462.8195779789717,210657.0
SWBBL,2015-07-30,1790.0,1810.0,1751.0,1810.0,1.12 %,2709.0,4848750.0,0.011173184357541999,0.011111225425070849,1879.6,1735.4,1807.3452093359947,1736.4785745691695,57.656275207450946,70.8666347668252,64.17214897018556,56.618692353499455,1735.4,127.70665399142435,1990.8133079828488,1479.9866920171514,213366.0
SWBBL,2015-08-02,1810.0,1846.0,1800.0,1800.0,-0.55 %,1017.0,1841420.0,-0.0055248618784530246,-0.005540180375615356,1841.6,1744.6,1806.215177130457,1741.1838653418235,56.53343384093774,65.0313117886335,64.34398153387515,55.8602143282495,1744.6,125.25653675557692,1995.1130735111537,1494.086926488846,212349.0
SWBBL,2015-08-03,1800.0,1805.0,1790.0,1805.0,0.28 %,1805.0,3244710.0,0.002777777777777768,0.0027739268827252244,1806.6,1754.85,1806.0282268026945,1745.9109864276145,56.984511552332094,60.11724037507997,63.49863330211612,52.94162759051739,1754.85,121.12032946837425,1997.0906589367485,1512.6093410632513,214154.0
SWBBL,2015-08-04,1805.0,1805.0,1769.0,1805.0,0.00 %,833.0,1496330.0,0.0,0.0,1802.0,1765.6,1805.8700380638184,1750.2879503959393,56.98451155220472,55.58208766787902,61.9153241752687,51.731511334051866,1765.6,115.11111336901345,1995.8222267380268,1535.377773261973,214154.0
SWBBL,2015-08-05,1805.0,1788.0,1760.0,1788.0,-0.94 %,1585.0,2815210.0,-0.009418282548476431,-0.00946291503352182,1801.6,1775.0,1803.1208014386154,1753.0814355517955,54.74432877009296,50.03936588681995,59.540132517578954,51.25068909590531,1775.0,108.35419502238307,1991.708390044766,1558.291609955234,212569.0
SWBBL,2015-08-06,1788.0,1859.0,1790.0,1845.0,3.19 %,2215.0,4048761.0,0.03187919463087252,0.03138160074116814,1808.6,1787.25,1809.5637550634438,1759.8902181035144,60.36985216311264,49.67353695992938,57.56681340604904,52.6613541604835,1787.25,101.1371528381722,1989.5243056763443,1584.9756943236557,214784.0
SWBBL,2015-08-09,1845.0,1881.0,1841.0,1841.0,-0.22 %,1576.0,2927530.0,-0.0021680216802167918,-0.0021703752415496947,1816.8,1797.7,1814.4001004382985,1765.8983500958468,59.808003888719234,48.501750342451714,55.75380079332958,51.75697172044896,1797.7,94.85395977085945,1987.407919541719,1607.9920804582812,213208.0
SWBBL,2015-08-10,1841.0,1971.0,1865.0,1960.0,6.46 %,7998.0,15414600.0,0.06463878326996197,0.06263557099148505,1847.8,1814.2,1836.8000849862524,1780.276250088747,69.03960589160815,56.52383489750537,55.907807614164746,57.34575945470261,1814.2,92.82728727674433,1999.8545745534886,1628.5454254465114,221206.0
SWBBL,2015-08-11,1960.0,1960.0,1925.0,1930.0,-1.53 %,2032.0,3921010.0,-0.015306122448979553,-0.015424470325631639,1872.8,1827.7,1851.138533449906,1791.3668982303213,64.9871002094131,59.771635219584596,56.68057313524872,55.74963377936671,1827.7,88.76586589094804,2005.231731781896,1650.168268218104,219174.0
SWBBL,2015-08-12,1925.0,1925.0,1875.0,1912.0,-0.93 %,1465.0,2760390.0,-0.00932642487046631,-0.00937018828758463,1897.6,1837.3,1860.5018359960743,1800.3026835465937,62.61233244466464,60.19915244948061,57.3842889980951,55.69608850941195,1837.3,86.86717022649731,2011.0343404529945,1663.5656595470055,217709.0
SWBBL,2015-08-13,1910.0,1930.0,1910.0,1930.0,0.94 %,1017.0,1947640.0,0.009414225941422494,0.009370188287584541,1914.6,1848.3,1871.1938612274475,1809.909892172772,64.02794347162877,61.28396905467548,58.16422500941118,53.14636790159682,1848.3,83.77293872820313,2015.8458774564062,1680.7541225435937,218726.0
SWBBL,2015-08-16,1935.0,1940.0,1850.0,1850.0,-4.15 %,5813.0,10941200.0,-0.041450777202072575,-0.04233436382656077,1916.4,1855.3,1867.9332671924558,1812.8795297896038,54.2047044669191,55.05373740285199,57.542127488099354,55.778770194339906,1855.3,77.19974093221681,2009.6994818644337,1700.9005181355662,212913.0
SWBBL,2015-08-17,1887.0,1950.0,1887.0,1950.0,5.41 %,291.0,565470.0,0.054054054054053946,0.05264373348542188,1914.4,1866.55,1880.5589183936165,1823.0366016570404,62.04374948734259,57.52231673657616,57.538165337794716,58.93742946617277,1866.55,73.51868720551572,2013.5873744110313,1719.5126255889686,213204.0
SWBBL,2015-08-18,1970.0,2019.0,1970.0,1971.0,1.08 %,1143.0,2287580.0,0.010769230769230864,0.01071165559492781,1922.6,1877.7,1894.4729309484449,1833.9968533861486,63.45835192272359,60.47607756229627,58.12574778269503,59.65618450430329,1877.7,71.47476551388318,2020.6495310277664,1734.7504689722336,214347.0
SWBBL,2015-08-19,2000.0,2005.0,2000.0,2000.0,1.47 %,770.0,1540650.0,0.014713343480466712,0.014606152389362102,1940.2,1885.7,1910.7078646486843,1846.2933827649522,65.37735104468638,64.41448188373215,59.38349460290246,57.82359989685306,1885.7,75.85311290147258,2037.4062258029453,1733.9937741970548,215117.0
SWBBL,2015-08-20,2020.0,2060.0,2000.0,2000.0,0.00 %,174.0,353240.0,0.0,0.0,1954.2,1889.25,1924.4451162411947,1857.6790581156965,65.37735104455888,66.76605812549815,60.860007307421604,57.979057047077845,1889.25,79.55724519589239,2048.364490391785,1730.1355096082152,215117.0
SWBBL,2015-08-24,2025.0,2050.0,2000.0,2035.0,1.75 %,1793.0,3642220.0,0.01750000000000007,0.017348638334613073,1991.2,1891.5,1941.4535598963955,1870.8139426997188,67.74807861829592,70.63961719667668,62.81592928527262,57.409124400858,1891.5,83.1134291511583,2057.7268583023165,1725.2731416976835,216910.0
SWBBL,2015-08-25,1995.0,2020.0,1995.0,2020.0,-0.74 %,550.0,1101000.0,-0.0073710073710073765,-0.0073983074814449245,2005.2,1893.5,1953.5376276046422,1881.8647617589988,65.6726222195148,71.6728658456434,64.58731659734678,56.16561551508242,1893.5,85.79320301872393,2065.086406037448,1721.913593962552,216360.0
SWBBL,2015-08-26,2020.0,2020.0,1990.0,1990.0,-1.49 %,330.0,663600.0,-0.014851485148514865,-0.014962872676712377,2009.0,1901.6,1959.1472233577742,1889.8747794064805,61.607576492474564,69.27244395129378,65.52434206813618,54.296642978290826,1901.6,86.92368098390072,2075.4473619678015,1727.7526380321985,216030.0
SWBBL,2015-08-27,2005.0,2034.0,1965.0,1965.0,-1.26 %,1110.0,2199090.0,-0.012562814070351758,-0.012642393415176468,2002.0,1910.35,1960.0476505335014,1895.439610561556,58.36537645676726,64.60803997194535,65.34108164889801,55.34688276555577,1910.35,83.85217255448276,2078.054345108965,1742.6456548910344,214920.0
SWBBL,2015-08-31,1975.0,2030.0,1975.0,2020.0,2.80 %,2150.0,4321400.0,0.027989821882951738,0.027605266091888916,2006.0,1920.85,1969.2710889129626,1904.6663060755147,62.98106944081615,64.60478283744783,65.19382188660798,56.036391139444646,1920.85,83.7730486744516,2088.396097348903,1753.3039026510967,217070.0
SWBBL,2015-09-01,2020.0,2030.0,2000.0,2024.0,0.20 %,1963.0,3959872.0,0.001980198019801982,0.0019782400121057205,2003.8,1932.05,1977.6909213878914,1913.5058389588098,63.299733784103516,64.1850824290816,64.99207399510271,54.176648915198605,1932.05,81.71418417103837,2095.4783683420765,1768.6216316579232,219033.0
SWBBL,2015-09-02,2000.0,2005.0,2000.0,2000.0,-1.19 %,1148.0,2299000.0,-0.011857707509881465,-0.011928570865273845,1999.8,1941.8,1981.1230873282157,1919.91281385075,59.96440198739604,61.21027347746576,64.23571389157533,52.021173992684425,1941.8,77.2695895788619,2096.3391791577237,1787.2608208422762,217885.0
SWBBL,2015-09-03,2000.0,2019.0,2000.0,2008.0,0.40 %,1678.0,3365330.0,0.0040000000000000036,0.003992021269537457,2003.4,1951.95,1985.2579969700287,1926.437790602546,60.70760773531634,58.82020636748257,63.152612386756786,49.66251870749268,1951.95,71.46915050345696,2094.888301006914,1809.0116989930862,219563.0
SWBBL,2015-09-06,2000.0,2020.0,2000.0,2005.0,-0.15 %,1881.0,3770150.0,-0.0014940239043824688,-0.0014951410709502528,2011.4,1962.8,1988.2952282054089,1932.257213520876,60.255878587369615,56.03801468453298,61.72969284631203,47.543767371243206,1962.8,60.969880398366094,2084.7397607967323,1840.8602392032678,217682.0
SWBBL,2015-09-07,2007.0,2040.0,2000.0,2024.0,0.95 %,2313.0,4676650.0,0.009476309226932766,0.0094316906666867,2012.2,1971.75,1993.7882700199614,1939.0529754822924,62.17554052997326,54.735294537669006,60.33081318458343,47.00492684472583,1971.75,55.67563484856803,2083.101269697136,1860.398730302864,219995.0
SWBBL,2015-09-08,2035.0,2060.0,2035.0,2060.0,1.78 %,3733.0,7632380.0,0.01778656126482203,0.0176302313762705,2019.4,1982.7,2003.9746900168905,1948.012014335456,65.56894599508027,55.962675681434575,59.45718568395366,46.21886064153113,1982.7,49.83668063629173,2082.3733612725837,1883.0266387274166,223728.0
SWBBL,2015-09-09,2070.0,2135.0,2070.0,2115.0,2.67 %,2958.0,6257210.0,0.02669902912621369,0.026348829696751678,2042.4,1990.45,2021.0555069373688,1960.3814947550518,69.99753017419594,60.67401218231703,59.70055098362634,48.27465630999319,1990.45,57.57235721933851,2105.594714438677,1875.305285561323,226686.0
SWBBL,2015-09-10,2150.0,2170.0,2135.0,2145.0,1.42 %,4072.0,8774600.0,0.014184397163120588,0.014084739881739023,2069.8,2001.2,2040.1238904854658,1974.056939588011,72.10510303190982,66.06695089745494,60.97383096639207,48.75503800213654,2001.2,65.25141660088858,2131.702833201777,1870.697166798223,230758.0
SWBBL,2015-09-13,2150.0,2150.0,2142.0,2142.0,-0.14 %,740.0,1589320.0,-0.0013986013986013734,-0.0013995803544232435,2097.2,2012.7,2055.7971381030866,1986.4971662851954,71.56372180548539,69.29997181789122,62.639059136691905,45.84396385912678,2012.7,68.87066444469893,2150.441328889398,1874.9586711106022,230018.0
SWBBL,2015-09-14,2175.0,2184.0,2150.0,2150.0,0.37 %,1220.0,2632120.0,0.0037348272642390157,0.003727870114014391,2122.4,2023.7,2070.289886087227,1998.6084873011068,72.16392540663395,71.6813987861201,64.44752706657755,45.5693950120463,2023.7,72.44315375739447,2168.586307514789,1878.813692485211,231238.0
SWBBL,2015-09-15,2180.0,2189.0,2172.0,2180.0,1.40 %,797.0,1737140.0,0.013953488372093092,0.01385703466142628,2146.4,2040.2,2087.1683651507306,2012.044895649173,74.35029773444452,75.12346950155757,66.58271555357356,45.10015251118585,2040.2,68.25848703738838,2176.7169740747768,1903.6830259252233,232035.0
SWBBL,2015-09-16,2223.0,2267.0,2201.0,2228.0,2.20 %,1831.0,4077520.0,0.022018348623853212,0.021779445264039948,2169.0,2054.1,2108.834770512157,2028.0415700455305,77.40787771699928,80.79320046662633,69.42481253618412,48.09299876038686,2054.1,76.70648089000093,2207.5129617800017,1900.6870382199982,233866.0
SWBBL,2015-09-17,2272.0,2272.0,2200.0,2216.0,-0.54 %,2268.0,5030640.0,-0.0053859964093356805,-0.005400553180000166,2183.2,2066.35,2125.321728894902,2041.9644167088245,75.00082162230068,83.3573121860777,72.21131246616284,49.80064170607352,2066.35,82.10985901443388,2230.5697180288676,1902.1302819711323,231598.0
SWBBL,2015-09-22,2172.0,2180.0,2070.0,2070.0,-6.59 %,1075.0,2285800.0,-0.06588447653429608,-0.06815516160775972,2168.8,2069.85,2116.810693680302,2044.041126582245,53.28904788241807,72.769567098057,72.32296339254168,56.67202444135399,2069.85,80.61100551741127,2231.0720110348225,1908.6279889651773,230523.0
SWBBL,2015-09-23,2111.0,2188.0,2111.0,2155.0,3.96 %,896.0,1934400.0,0.04106280193236711,0.04024211627843337,2169.8,2077.6,2122.68597157564,2052.260302390968,60.4647517405364,70.42566918467219,71.94350455096779,61.05259412411442,2077.6,80.99213737018725,2239.5842747403744,1915.6157252596254,231419.0
SWBBL,2015-09-24,2195.0,2209.0,2195.0,2205.0,2.46 %,1918.0,4221090.0,0.023201856148491906,0.02293678534309823,2174.8,2086.1,2135.349668256311,2063.574354065711,63.97093447965852,71.77531419060006,71.90986647889424,60.54883740096339,2086.1,85.10235323607458,2256.304706472149,1915.8952935278508,233337.0
SWBBL,2015-09-28,2161.0,2161.0,2150.0,2161.0,-1.99 %,1303.0,2809740.0,-0.01995464852607709,-0.020156431374060386,2161.4,2093.15,2139.2958731399553,2070.7910685793618,59.011268983998335,68.50480456059358,71.22885409523411,60.152491872323154,2093.15,85.17862037168068,2263.5072407433613,1922.7927592566386,232034.0
SWBBL,2015-09-29,2140.0,2180.0,2120.0,2180.0,0.88 %,639.0,1364680.0,0.008792225821379063,0.00875379927624879,2154.2,2102.65,2145.558046503039,2078.8806190549644,60.43765580147396,66.67742744807447,70.31856876580218,60.14159959572864,2102.65,83.65044750880249,2269.950895017605,1935.3491049823951,232673.0
SWBBL,2015-09-30,2185.0,2245.0,2185.0,2220.0,1.83 %,2181.0,4816630.0,0.0183486238532109,0.01818231908319033,2184.2,2115.4,2157.0106547333407,2089.3339065323744,63.330770808912035,67.67674820096636,69.79020465283502,60.488628196033744,2115.4,80.95573839419455,2277.311476788389,1953.488523211611,234854.0
SWBBL,2015-10-01,2191.0,2223.0,2191.0,2202.0,-0.81 %,2134.0,4717280.0,-0.008108108108108136,-0.008141157583699885,2193.6,2124.5,2163.932092466673,2097.679543085532,61.16321068250479,66.2525493811413,69.08267359849627,58.45372618203133,2124.5,79.88972663024046,2284.2794532604808,1964.720546739519,232720.0
SWBBL,2015-10-04,2245.0,2315.0,2201.0,2280.0,3.54 %,3150.0,7103960.0,0.03542234332425065,0.03480940466586115,2208.6,2137.3,2181.7886936256464,2111.1847621162333,66.5119668599706,70.60393150941309,69.38692518067964,62.421317169029095,2137.3,83.37240487558692,2304.044809751174,1970.5551902488264,235870.0
SWBBL,2015-10-05,2290.0,2300.0,2260.0,2300.0,0.88 %,3459.0,7892380.0,0.00877192982456143,0.008733679968754631,2236.4,2152.3,2199.97504845247,2125.1710760335495,67.73886688530968,74.8039724189207,70.47033462832785,60.81979451409845,2152.3,84.35145772928063,2321.0029154585613,1983.597084541439,239329.0
SWBBL,2015-10-06,2305.0,2325.0,2275.0,2275.0,-1.09 %,2554.0,5876140.0,-0.010869565217391353,-0.010929070532190317,2255.4,2165.65,2211.5173486905514,2136.2695148458793,64.55507535197043,75.24783384467219,71.42583447159672,60.0469520488057,2165.65,81.38813763301407,2328.4262752660284,2002.873724733972,236775.0
SWBBL,2015-10-07,2250.0,2275.0,2211.0,2213.0,-2.73 %,1267.0,2832410.0,-0.02725274725274729,-0.02763099133400117,2254.0,2176.05,2211.7454488920052,2141.9532544869253,57.355334318783,69.79219440507995,71.09910645829336,60.32931261674815,2176.05,72.59366001026716,2321.2373200205343,2030.8626799794658,235508.0
SWBBL,2015-10-08,2257.0,2303.0,2239.0,2303.0,4.07 %,1911.0,4335420.0,0.04066877541798464,0.03986355976963554,2274.2,2190.0,2225.7846106009274,2153.882643043449,63.68657966212652,71.9019675574782,71.25967867813034,62.44864742983757,2190.0,68.53043887670411,2327.060877753408,2052.939122246592,237419.0
SWBBL,2015-10-11,2257.0,2257.0,2073.0,2106.0,-8.55 %,3296.0,6946420.0,-0.08554059921841073,-0.08942220712676434,2239.4,2192.3,2207.3562089700154,2150.335780595786,47.176235901530156,57.02042837422914,68.41182861735011,74.41660118484917,2192.3,64.59680617819399,2321.493612356388,2063.1063876436124,234123.0
SWBBL,2015-10-14,2064.0,2115.0,2064.0,2072.0,-1.66 %,1100.0,2297030.0,-0.01614434947768284,-0.016276089314547163,2193.8,2190.15,2186.5321768207823,2144.5331301812835,45.00757724477737,41.99904663949883,63.12927222177986,72.7439868145028,2190.15,67.93439172429137,2326.018783448583,2054.2812165514174,233023.0
SWBBL,2015-10-15,2070.0,2075.0,2070.0,2075.0,0.19 %,175.0,362570.0,0.0014478764478764727,0.0014468292854250197,2153.8,2186.65,2169.373380386816,2139.382527945633,45.246746233556124,29.99085244118305,56.5015882656605,67.9051306134669,2186.65,72.06084782651237,2330.771695653025,2042.5283043469753,233198.0
SWBBL,2015-10-18,2050.0,2050.0,2050.0,2050.0,-1.20 %,10.0,20500.0,-0.012048192771084376,-0.01212136053234485,2121.2,2182.05,2151.0082449426905,2132.76159994966,43.54707682123088,18.24664499303026,48.850599611134456,64.8404784267907,2182.05,77.77124011789806,2337.5924802357963,2026.507519764204,233188.0
SWBBL,2015-10-19,2070.0,2117.0,2070.0,2100.0,2.44 %,1117.0,2361300.0,0.024390243902439046,0.024097551579060524,2080.6,2179.55,2143.1608226438148,2130.334814768204,47.77268733054352,12.826007875610685,41.645681264029704,64.99472996773422,2179.55,79.63698889336578,2338.8239777867316,2020.2760222132686,234305.0
SWBBL,2015-10-25,2110.0,2150.0,2107.0,2145.0,2.14 %,674.0,1432760.0,0.021428571428571352,0.021202207650602906,2088.4,2177.8,2143.4437730063046,2131.421124785374,51.305420542872234,12.022648220930478,35.721074655409865,63.92367782718177,2177.8,80.01026249966448,2337.8205249993293,2017.7794750006713,234979.0
SWBBL,2015-10-28,2150.0,2150.0,2150.0,2150.0,0.23 %,20.0,43000.0,0.002331002331002363,0.002328289759591168,2104.0,2173.9,2144.452423313027,2132.797337764235,51.69638293910408,11.655085548791703,30.907876834086235,59.71484369666879,2173.9,79.33267727873913,2332.5653545574783,2015.234645442522,234999.0
SWBBL,2015-10-29,2107.0,2107.0,2017.0,2055.0,-4.42 %,1002.0,2044700.0,-0.04418604651162794,-0.045191994191373534,2100.0,2165.85,2130.6905120341,2127.0345720039213,44.401904409787434,3.655940030178499,25.45748947330469,64.9494977183353,2165.85,82.92309372958914,2331.696187459178,2000.0038125408216,233997.0
SWBBL,2015-11-01,2014.0,2014.0,1950.0,1950.0,-5.11 %,2191.0,4303270.0,-0.051094890510948954,-0.052446475372542545,2080.0,2159.85,2102.891971721161,2113.920900003631,38.01690039457227,-11.028928282469678,18.160205922149817,67.81024788131134,2159.85,93.84549171799075,2347.5409834359816,1972.1590165640184,231806.0
SWBBL,2015-11-02,1970.0,1990.0,1970.0,1977.0,1.38 %,1735.0,3438310.0,0.013846153846153841,0.01375117161282442,2055.4,2150.95,2083.523976071752,2103.778611114473,40.39064057121826,-20.25463504272102,10.477237729175652,65.82380160407482,2150.95,102.38188316299896,2355.7137663259978,1946.1862336740019,233541.0
SWBBL,2015-11-03,1977.0,1977.0,1952.0,1975.0,-0.10 %,2123.0,4161500.0,-0.0010116337885685,-0.001012145835394629,2021.4,2139.45,2066.827979753021,2094.239454735623,40.26762309859337,-27.411474982602158,2.89949518682009,62.90781577521233,2139.45,108.71279157777852,2356.875583155557,1922.0244168444428,231418.0
SWBBL,2015-11-04,1980.0,1982.0,1980.0,1982.0,0.25 %,500.0,990200.0,0.0035443037974682845,0.0035380375547109863,1987.8,2130.5,2053.7775213294794,2085.925421051503,40.94556319209943,-32.14789972202334,-4.1099837949485964,58.914400362697165,2130.5,114.08099615717086,2358.6619923143417,1902.3380076856583,231918.0
SWBBL,2015-11-05,2019.0,2059.0,2019.0,2025.0,2.02 %,1459.0,2967520.0,0.021695257315842653,0.021463264650706283,1981.8,2122.75,2049.3502103557134,2081.4124268995397,45.069837165947305,-32.06221654382625,-9.70043034472413,60.2062289082188,2122.75,115.7933163238062,2354.3366326476125,1891.1633673523877,233377.0
SWBBL,2015-11-08,2030.0,2030.0,1995.0,2010.0,-0.49 %,511.0,1027940.0,-0.007407407407407418,-0.00743497848751809,1993.8,2112.25,2043.29633183945,2076.1226174995736,43.91760211540701,-32.82628566012363,-14.32560140780403,58.40578398620317,2112.25,116.03169938926064,2344.3133987785213,1880.1866012214787,232866.0
SWBBL,2015-11-09,2050.0,2110.0,2050.0,2110.0,4.98 %,2280.0,4767260.0,0.04975124378109452,0.04855322541699074,2020.4,2107.65,2053.558434633381,2078.6320532403456,52.61500108239182,-25.07361860696483,-16.47520484763619,61.37679941576009,2107.65,114.09380950964383,2335.8376190192876,1879.4623809807124,235146.0
SWBBL,2015-11-10,2075.0,2120.0,2075.0,2105.0,-0.24 %,1889.0,3967460.0,-0.0023696682464454666,-0.0023724803536303565,2046.4,2098.9,2061.472521612861,2080.5852344818018,52.17927302080186,-19.11271286894089,-17.00270645189713,60.207028028920085,2098.9,106.64792050185619,2312.1958410037123,1885.6041589962877,233257.0
SWBBL,2015-11-15,2066.0,2066.0,2025.0,2040.0,-3.09 %,1042.0,2130080.0,-0.030878859857482177,-0.03136565927821971,2058.0,2085.9,2058.169056749344,2077.5789208164833,46.75812719120994,-19.40986406713955,-17.484137974945615,61.62081174114008,2085.9,96.17686558464044,2278.253731169281,1893.5462688307193,232215.0
SWBBL,2015-11-16,2000.0,2010.0,1970.0,2010.0,-1.47 %,1546.0,3073350.0,-0.014705882352941124,-0.014815085785140587,2055.0,2072.65,2050.7584326340602,2072.573074830077,44.462107080611396,-21.814642196016848,-18.350238819159863,62.2193251882015,2072.65,86.52366576170853,2245.6973315234172,1899.602668476583,230669.0
SWBBL,2015-11-18,2010.0,2100.0,2010.0,2058.0,2.39 %,2356.0,4793550.0,0.023880597014925398,0.023599915340873506,2064.6,2064.9,2051.872519921128,2071.493587805627,48.79461055104035,-19.621067884499098,-18.60440463222771,64.20365910332997,2064.9,79.98545920485955,2224.8709184097193,1904.929081590281,233025.0
SWBBL,2015-11-19,2026.0,2085.0,2025.0,2085.0,1.31 %,2205.0,4489400.0,0.013119533527696792,0.013034217838906906,2059.6,2054.0,2056.9690553178775,2072.4940627829883,51.1051828225688,-15.525007465110775,-17.98852519880432,63.9033977388064,2054.0,57.53351426046902,2169.067028520938,1938.932971479062,235230.0
SWBBL,2015-11-22,2045.0,2045.0,2020.0,2020.0,-3.12 %,919.0,1869010.0,-0.031175059952038398,-0.03167134383765141,2042.6,2049.7,2051.2815083458963,2068.605613687952,45.75270435347287,-17.324105342055645,-17.855641227454587,63.9817264717488,2049.7,56.64952269043681,2162.999045380873,1936.4009546191262,234311.0
SWBBL,2015-11-23,1990.0,2015.0,1990.0,2005.0,-0.94 %,1459.0,2917730.0,-0.007425742574257432,-0.007453450654580891,2035.6,2046.35,2044.1612762926816,2063.8940867481037,44.592031500880786,-19.732810455422168,-18.231075073048103,61.55446029519532,2046.35,57.239363525844496,2160.828727051689,1931.871272948311,232852.0
SWBBL,2015-11-24,2000.0,2000.0,2000.0,2000.0,-0.05 %,100.0,200000.0,-0.0024937655860348684,-0.0024968801985871545,2033.6,2042.6,2037.3672337861153,2059.1611914334294,44.1896141521876,-21.793957647314073,-18.9436515879013,57.51485598839565,2042.6,57.718372519653116,2158.036745039306,1927.1632549606936,232752.0
SWBBL,2015-11-25,2000.0,2005.0,1975.0,1981.0,-1.25 %,1073.0,2140380.0,-0.009499999999999953,-0.009545412843531385,2018.2,2039.15,2028.6953516651745,2053.371473549472,42.61578281794226,-24.676121884297345,-20.09014564718051,55.54950913208168,2039.15,59.29344953615352,2157.736899072307,1920.563100927693,231679.0
SWBBL,2015-11-26,1940.0,1969.0,1900.0,1969.0,-0.30 %,6020.0,11598300.0,-0.006057546693589044,-0.006075968059425337,1995.0,2032.6,2019.5114514089937,2047.1217347680295,41.60786360506148,-27.610283359035748,-21.594173189551558,57.36740133693299,2032.6,59.45312173647528,2151.5062434729507,1913.6937565270493,225659.0
SWBBL,2015-11-29,1930.0,1930.0,1910.0,1910.0,-3.00 %,3094.0,5919620.0,-0.02996444895886241,-0.03042255759845003,1973.0,2020.85,2002.66353580761,2036.964569229657,36.9771858648232,-34.301033422046885,-24.135545236050625,57.48401552715207,2020.85,59.29167421805974,2139.4333484361196,1902.2666515638805,222565.0
SWBBL,2015-11-30,1900.0,1950.0,1900.0,1949.0,2.04 %,763.0,1478210.0,0.02041884816753936,0.020213178466885345,1961.8,2010.8,1994.4076072218238,2030.4486752126454,41.60367885386627,-36.0410679908216,-26.516649787004823,56.94944298949835,2010.8,52.9434653788108,2116.6869307576217,1904.9130692423782,223328.0
SWBBL,2015-12-01,1949.0,2035.0,1987.0,2035.0,4.41 %,579.0,1171726.0,0.044125192406362146,0.04317939836913447,1968.8,2009.8,2000.6525907261587,2030.785810382079,50.27265684830168,-30.133219655920357,-27.239963760787933,59.02448277596275,2009.8,52.24899898312299,2114.297997966246,1905.302002033754,223907.0
SWBBL,2015-12-02,2000.0,2035.0,1980.0,2035.0,0.00 %,873.0,1752900.0,0.0,0.0,1979.6,2014.05,2005.936807537519,2031.097972575999,50.27265684820823,-25.16116503848002,-26.82420401632635,58.73701972053684,2014.05,50.55843414465537,2115.1668682893105,1912.9331317106892,223907.0
SWBBL,2015-12-03,2015.0,2111.0,2010.0,2100.0,3.73 %,1245.0,2564410.0,0.03194103194103204,0.031441525834819094,2005.8,2020.2,2020.4080679163621,2036.2018264592584,55.998438390375924,-15.793758542896285,-24.618114921640338,61.755804026212786,2020.2,53.22504357123136,2126.650087142463,1913.7499128575373,225152.0
SWBBL,2015-12-04,2153.0,2197.0,2135.0,2185.0,3.51 %,4763.0,10299500.0,0.040476190476190554,0.039678483818176236,2060.8,2030.7,2045.7299036215372,2047.2239133882022,62.1379508533365,-1.4940097666649308,-19.99329389064526,64.27324659576901,2030.7,63.55113978854096,2157.802279577082,1903.5977204229182,229915.0
SWBBL,2015-12-07,2228.0,2244.0,2180.0,2200.0,0.69 %,1596.0,3513820.0,0.006864988558352492,0.006841531816716784,2111.0,2041.6,2069.463764602839,2058.5406605446315,63.116000322521984,10.923104058207628,-13.81001430087468,64.25372898178551,2041.6,72.78331214170903,2187.166624283418,1896.0333757165818,231511.0
SWBBL,2015-12-08,2244.0,2260.0,2215.0,2250.0,2.27 %,1475.0,3301280.0,0.022727272727272707,0.022472855852058576,2154.0,2052.85,2097.238570048556,2072.7228338376217,66.2460071809738,24.515736210934392,-6.144864198512867,63.94989119737227,2052.85,86.22936061215253,2225.308721224305,1880.391278775695,232986.0
SWBBL,2015-12-09,2295.0,2350.0,2295.0,2315.0,2.89 %,5370.0,12494800.0,0.028888888888888964,0.028479471321868705,2210.0,2068.1,2130.7403285026244,2090.6692905903906,69.8303208380527,40.071037912233805,3.098316223636468,66.52489896898854,2068.1,103.49416459523165,2275.0883291904634,1861.1116708095367,238356.0
SWBBL,2015-12-10,2320.0,2401.0,2280.0,2315.0,0.00 %,4403.0,10213700.0,0.0,0.0,2253.0,2078.35,2159.0879702714515,2107.2863801762874,69.83032083792983,51.8015900951641,12.838970997941995,70.4159776140608,2078.35,117.11724894310734,2312.5844978862146,1844.1155021137852,238356.0
SWBBL,2015-12-13,2361.0,2446.0,2361.0,2380.0,2.81 %,3623.0,8659870.0,0.02807775377969768,0.027690800145185983,2292.0,2092.1,2193.0744363835356,2127.487389052118,73.13844207610043,65.58704733141758,23.388586264637112,74.74340778448503,2092.1,135.16340987272727,2362.4268197454544,1821.7731802545454,241979.0
SWBBL,2015-12-14,2395.0,2405.0,2385.0,2400.0,0.84 %,5803.0,13883800.0,0.008403361344537785,0.00836824967051658,2332.0,2110.1,2224.909138478376,2147.6735083815906,74.08020923033757,77.23563009678537,34.15799503106676,71.1903072284504,2110.1,150.91332472299865,2411.926649445997,1808.2733505540027,247782.0
SWBBL,2015-12-15,2400.0,2400.0,2360.0,2390.0,-0.42 %,1748.0,4174320.0,-0.004166666666666652,-0.0041753714104806215,2360.0,2129.1,2250.307732558626,2165.623618871843,72.7076002349729,84.6841136867829,44.26321876220999,68.96242814070395,2129.1,161.2167223924035,2451.5334447848068,1806.6665552151928,246034.0
SWBBL,2015-12-16,2390.0,2415.0,2350.0,2396.0,0.25 %,6029.0,14408800.0,0.002510460251045954,0.0025073143097835457,2376.2,2146.0,2272.721927549607,2182.688535992447,73.03048952315692,90.03339155715958,53.41725332119991,68.6793975592251,2146.0,170.8021323668256,2487.6042647336512,1804.3957352663488,252063.0
SWBBL,2015-12-17,2410.0,2440.0,2381.0,2392.0,-0.17 %,16764.0,40156100.0,-0.0016694490818029983,-0.0016708441648176058,2391.6,2161.35,2291.0724002342827,2198.1930888818956,72.41540288958751,92.87931135238705,61.30966492743734,67.98801201928045,2161.35,178.6464532621902,2518.64290652438,1804.0570934756195,235299.0
SWBBL,2015-12-20,1685.0,1752.0,1672.0,1686.0,0.06 %,3560.0,6092795.0,-0.2951505016722408,-0.3497709765087215,2252.8,2144.65,2197.9843386597777,2160.252860075829,27.84254814704711,37.7314785839485,56.59402765873958,114.56029687504613,2144.65,206.0629119570344,2556.775823914069,1732.5241760859312,231739.0
SWBBL,2015-12-21,1686.0,1671.0,1654.0,1660.0,-1.54 %,154.0,256084.0,-0.01542111506524313,-0.015541257211211799,2104.8,2127.4,2115.217517327504,2123.1970926628046,27.179068809610882,-7.979575335300524,43.67930705993156,108.66313281254286,2127.4,231.2675370306271,2589.9350740612545,1664.864925938746,231585.0
SWBBL,2015-12-22,1680.0,1730.0,1655.0,1700.0,2.41 %,2623.0,4479580.0,0.024096385542168752,0.023810648693718607,1966.8,2112.4,2051.337899277119,2091.8491598729674,29.9449235089114,-40.5112605958484,26.841193528775566,106.25862332593266,2112.4,249.01371765215927,2610.427435304319,1614.3725646956816,234208.0
SWBBL,2015-12-23,1700.0,1745.0,1698.0,1720.0,1.18 %,2755.0,4711916.0,0.0117647058823529,0.011696039763191236,1831.6,2099.35,2000.3628378498702,2064.304777660155,31.348949058315227,-63.94193981028502,8.68456686096345,102.02586451693747,2099.35,262.7240447393661,2624.798089478732,1573.9019105212678,236963.0
SWBBL,2015-12-24,1740.0,1790.0,1735.0,1790.0,4.07 %,3038.0,5320310.0,0.04069767441860472,0.039891329027302025,1711.2,2090.4,1967.9993243345057,2043.9859052408844,36.17073545491272,-75.98658090637878,-8.249662692504995,99.73830276572765,2090.4,270.3369048155746,2631.0738096311493,1549.726190368851,240001.0
SWBBL,2015-12-25,1780.0,1780.0,1734.0,1734.0,-3.13 %,787.0,1379180.0,-0.031284916201117285,-0.031784741494313484,1720.8,2081.6,1931.9994282830432,2021.0239863341521,34.1068882299941,-89.0245580511089,-24.404641764225776,96.6141382824614,2081.6,279.2364400891941,2640.072880178388,1523.1271198216118,239214.0
SWBBL,2015-12-28,1734.0,1765.0,1730.0,1733.0,-0.06 %,1639.0,2846883.0,-0.0005767012687427631,-0.0005768676248810532,1735.4,2070.8,1901.3841316241137,1999.6888762353262,34.0695044957656,-98.30474461121253,-39.18466233362313,92.21312840514273,2070.8,288.6532430734911,2648.106486146982,1493.493513853018,237575.0
SWBBL,2015-12-29,1733.0,1771.0,1730.0,1770.0,2.14 %,886.0,1560670.0,0.021350259665320337,0.021125535852268826,1749.4,2057.55,1881.171188297327,1982.6748854030798,36.82848287125331,-101.50369710575274,-51.64846928804906,88.5550478047754,2057.55,296.3622383431993,2650.274476686399,1464.8255233136015,238461.0
SWBBL,2015-12-31,1736.0,1848.0,1736.0,1848.0,4.41 %,3814.0,6874700.0,0.04406779661016946,0.04312442663375462,1775.0,2048.2,1876.0679285592769,1972.6989679658147,42.30930018007476,-96.63103940653787,-60.64498331174682,90.22968724729144,2048.2,300.0381730099683,2648.2763460199367,1448.1236539800632,242275.0
SWBBL,2016-01-03,1884.0,1953.0,1884.0,1949.0,5.47 %,3345.0,6449760.0,0.05465367965367962,0.05321244730593131,1806.8,2040.65,1887.288247242465,1970.943488857236,48.53575804668456,-83.65524161477083,-65.24703497235163,91.28470958677062,2040.65,300.5654802114484,2641.780960422897,1439.5190395771033,245620.0
SWBBL,2016-01-04,1949.0,2025.0,1940.0,1940.0,-0.46 %,3024.0,5970152.0,-0.004617752693689026,-0.004628447450186949,1848.0,2028.4,1895.3977476667014,1968.6513785715147,48.03821810023341,-73.25363090481324,-66.84835415884395,90.83580175914415,2028.4,299.36290245857583,2627.125804917152,1429.6741950828484,242596.0
SWBBL,2016-01-05,1975.0,1975.0,1900.0,1910.0,-1.55 %,1550.0,2979240.0,-0.015463917525773141,-0.015584731016698203,1883.4,2013.9,1897.6442480256703,1964.3068320106618,46.33322700304558,-66.66258398499144,-66.81120012407345,89.70467306206243,2013.9,297.6320405785457,2609.1640811570915,1418.6359188429087,241046.0
SWBBL,2016-01-06,1900.0,1900.0,1856.0,1857.0,-2.77 %,1720.0,3215480.0,-0.02774869109947642,-0.02814095968796974,1900.8,1994.25,1891.3912867909517,1956.3581777876498,43.40241210473525,-64.96689099669811,-66.44233829859839,87.15433927191512,1994.25,294.1771530360961,2582.6043060721922,1405.8956939278078,239326.0
SWBBL,2016-01-07,1825.0,1940.0,1825.0,1920.0,3.39 %,1892.0,3548470.0,0.03392568659127626,0.033362903669121445,1915.2,1974.5,1895.7926272846514,1953.664979433009,47.64204163333714,-57.87235214835755,-64.72834106855022,89.1433150382069,1974.5,284.6137733842155,2543.7275467684312,1405.272453231569,241218.0
SWBBL,2016-01-10,1920.0,1910.0,1885.0,1910.0,-0.52 %,1290.0,2445680.0,-0.00520833333333337,-0.0052219439811517126,1907.4,1954.25,1897.9783769331666,1950.4305365120454,47.03970577787093,-52.452159578878764,-62.27310477061593,85.2759353926207,1954.25,273.2950738092851,2500.84014761857,1407.6598523814298,239928.0
SWBBL,2016-01-11,1910.0,1910.0,1840.0,1870.0,-2.09 %,3143.0,5840150.0,-0.020942408376963373,-0.021164811192043272,1893.4,1928.75,1893.674011251141,1944.4727189926346,44.61015086905194,-50.798707741493445,-59.978225364791435,84.18479715029065,1928.75,254.63531714364288,2438.0206342872857,1419.4793657127143,236785.0
SWBBL,2016-01-12,1907.0,1938.0,1900.0,1938.0,3.64 %,2747.0,5247120.0,0.036363636363636376,0.035718082602079246,1899.0,1905.65,1900.493394135581,1943.9932583265136,49.395210451418755,-43.49986419093261,-56.68255313001968,83.02874021098418,1905.65,229.33319244692026,2364.3163848938407,1446.9836151061595,239532.0
SWBBL,2016-01-13,1938.0,1975.0,1930.0,1960.0,1.14 %,1793.0,3489466.0,0.011351909184726505,0.011287959773851355,1919.6,1884.15,1909.6482565762608,1945.17894289492,50.87386993435209,-35.530686318659264,-52.452179767747594,80.3124016244853,1884.15,199.78864490150664,2283.7272898030133,1484.572710196987,241325.0
SWBBL,2016-01-14,1960.0,1989.0,1960.0,1980.0,1.27 %,1676.0,3320450.0,0.010204081632652962,0.010152371464017908,1931.6,1863.35,1920.4716017183746,1947.7582804582594,52.2401248294472,-27.286678739884792,-47.41907956217504,76.64723007987921,1863.35,161.72402581656536,2186.798051633131,1539.9019483668692,243001.0
SWBBL,2016-01-17,1990.0,2000.0,1990.0,1991.0,0.30 %,1194.0,2382120.0,0.005555555555555536,0.005540180375615351,1947.8,1843.3,1931.3221245309323,1950.9613707946846,53.014112398434285,-19.639246263752284,-41.86311290249049,72.60099935988784,1843.3,108.99594391294998,2061.2918878258997,1625.3081121741,244195.0
SWBBL,2016-01-18,2010.0,2020.0,1950.0,2001.0,0.50 %,2218.0,4411560.0,0.0050226017076846485,0.005010030519537186,1974.0,1859.05,1942.0417976800197,1954.6679359210043,53.747939730835604,-12.626138240984574,-36.015717970189314,72.41521369132442,1859.05,107.82220989837722,2074.6944197967546,1643.4055802032456,246413.0
SWBBL,2016-01-19,1962.0,2000.0,1962.0,1983.0,-0.90 %,927.0,1838680.0,-0.008995502248875575,-0.009036206063937445,1983.0,1875.2,1948.3430595754014,1956.7666073342632,52.168539083351526,-8.423547758861787,-30.49728392792381,70.02841271337269,1875.2,100.37120576823692,2075.942411536474,1674.4575884635262,245486.0
SWBBL,2016-01-20,2000.0,2000.0,1990.0,2000.0,0.86 %,3309.0,6600900.0,0.008572869389813498,0.008536331022286467,1991.0,1890.2,1956.290281179186,1959.9690808650585,53.55662193965366,-3.678799685872491,-25.13358707951355,66.24066894813178,1890.2,95.08810319079053,2080.376206381581,1700.023793618419,248795.0
SWBBL,2016-01-21,2000.0,2050.0,1981.0,2050.0,2.50 %,2813.0,5669698.0,0.02499999999999991,0.024692612590371414,2005.0,1906.7,1970.707160997773,1966.6380378380172,57.46629734049786,4.069123159755691,-19.2930450316597,66.43776402326523,1906.7,92.59879503593275,2091.8975900718656,1721.5024099281345,251608.0
SWBBL,2016-01-24,2050.0,2114.0,2060.0,2114.0,3.12 %,6099.0,12698215.0,0.03121951219512198,0.030742094297729106,2029.6,1922.9,1992.7522131519618,1977.553738738905,61.888764186439296,15.198474413056829,-12.394741142716397,66.26363802160343,1922.9,99.2131676320256,2121.3263352640515,1724.473664735949,257707.0
SWBBL,2016-01-25,2155.0,2155.0,2030.0,2090.0,-1.14 %,5453.0,11370400.0,-0.011352885525070966,-0.011417821471326266,2047.4,1940.7,2007.7134111285832,1985.883091424912,59.39476936992245,21.830319703671194,-5.549728973438879,70.45909244863175,1940.7,95.40059582734293,2131.501191654686,1749.8988083453141,252254.0
SWBBL,2016-01-26,2090.0,2100.0,2050.0,2100.0,0.48 %,995.0,2057635.0,0.004784688995215225,0.0047732787526575905,2070.8,1959.05,2021.9113478780318,1994.3361957638076,60.11597018629477,27.575152114224238,1.0752472440937453,68.99772870230092,1959.05,88.38520654975963,2135.820413099519,1782.2795869004808,253249.0
SWBBL,2016-01-27,2100.0,2100.0,2076.0,2076.0,-1.14 %,2969.0,6191956.0,-0.011428571428571455,-0.011494379425735134,2086.0,1974.35,2030.2326789737194,2000.38536644797,57.477408034562494,29.84731252574943,6.829660300424883,65.78360522356513,1974.35,80.02714999825822,2134.4042999965163,1814.2957000034835,250280.0
SWBBL,2016-01-28,2051.0,2081.0,2041.0,2065.0,-0.53 %,570.0,1176110.0,-0.005298651252408471,-0.005312738890646119,2089.0,1985.2,2035.581497593147,2005.1716355999722,56.2586076721624,30.4098619931749,11.545700638974887,63.94191913616762,1985.2,76.6335092296037,2138.4670184592073,1831.9329815407928,249710.0
SWBBL,2016-01-31,2080.0,2120.0,2075.0,2115.0,2.52 %,2011.0,4228090.0,0.02421307506053272,0.023924586085245243,2089.2,1993.5,2047.799728732663,2013.3070699999744,60.37199504524777,34.4926587326886,16.13509225771763,63.30321062644136,1993.5,81.35076747285625,2156.2015349457124,1830.7984650542876,251721.0
SWBBL,2016-02-01,2117.0,2175.0,2140.0,2175.0,2.74 %,3194.0,6895664.0,0.028368794326241176,0.027973852042406162,2106.2,2005.25,2067.3690012353304,2025.2843240740503,64.6660282160756,42.08467716128007,21.32500923843012,63.06726701026698,2005.25,89.75397660154775,2184.7579532030954,1825.7420467969046,254915.0
SWBBL,2016-02-02,2190.0,2214.0,2186.0,2200.0,1.15 %,4551.0,10017900.0,0.011494252873563315,0.01142869582362285,2126.2,2019.75,2087.7737702760487,2038.2262259944912,66.30439050999188,49.54754428155752,26.9695162470556,61.34817650953362,2019.75,96.71165770910895,2213.173315418218,1826.326684581782,259466.0
SWBBL,2016-02-03,2200.0,2310.0,2215.0,2305.0,4.77 %,4791.0,10881278.0,0.04772727272727262,0.046623316084341566,2172.0,2042.15,2121.1931902335796,2057.987246291196,72.14607238842774,63.20594394238378,34.21680178612124,64.82330675885265,2042.15,108.22844990307706,2258.606899806154,1825.693100193846,264257.0
SWBBL,2016-02-04,2320.0,2340.0,2254.0,2290.0,-0.65 %,3602.0,8256980.0,-0.006507592190889366,-0.006528858882463556,2217.0,2060.65,2147.163468659183,2075.1733761955516,70.27180167857321,71.9900924636313,41.771459921623254,66.3359277046489,2060.65,117.47755664717975,2295.6051132943594,1825.6948867056406,260655.0
SWBBL,2016-02-07,2290.0,2331.0,2196.0,2240.0,-2.18 %,4756.0,10586790.0,-0.02183406113537123,-0.022075951699199847,2242.0,2077.15,2161.4460119423857,2087.3827557366217,64.27745663768411,74.06325620576399,48.22981917845141,71.24050429717397,2077.15,118.3759732911771,2313.9019465823544,1840.3980534176458,255899.0
SWBBL,2016-02-08,2240.0,2224.0,2181.0,2199.0,-1.83 %,4281.0,9426696.0,-0.01830357142857142,-0.01847315429432434,2246.8,2093.6,2167.223548566634,2095.650699756131,59.77471817321982,71.57284881050282,52.89842510486169,70.36618256166155,2093.6,110.68418800210871,2314.968376004217,1872.2316239957825,251618.0
SWBBL,2016-02-11,2199.0,2170.0,2100.0,2130.0,-3.14 %,2292.0,4873981.0,-0.03137789904502042,-0.03188073185129034,2232.8,2103.2,2161.4968487871515,2098.195092366788,53.04065984444892,63.301756420363745,54.9790913679621,72.41145523582858,2103.2,104.63953162619433,2312.4790632523886,1893.9209367476112,249326.0
SWBBL,2016-02-14,2130.0,2130.0,2105.0,2110.0,-0.94 %,2116.0,4475090.0,-0.009389671361502372,-0.009434032233358642,2193.8,2110.7,2153.5742566660515,2099.069529969248,51.2387885041952,54.50472669680357,54.884218433730396,69.02492271898369,2110.7,99.06250020754773,2308.8250004150955,1912.5749995849044,247210.0
SWBBL,2016-02-15,2070.0,2095.0,2065.0,2094.0,-0.76 %,1783.0,3715160.0,-0.00758293838862556,-0.007611835039629982,2154.6,2116.4,2144.408986409736,2098.694009230785,49.78178696104502,45.7149771789509,53.0503701827745,67.30885681048485,2116.4,94.31213573750945,2305.024271475019,1927.775728524981,245427.0
SWBBL,2016-02-16,2094.0,2118.0,2105.0,2118.0,1.15 %,1279.0,2697725.0,0.011461318051575908,0.011396134730869582,2130.2,2122.75,2140.346065423623,2100.124082621097,51.98722037871341,40.22198280252587,50.48469270672478,64.21536703830736,2122.75,89.58140960807897,2301.912819216158,1943.587180783842,246706.0
SWBBL,2016-02-17,2118.0,2128.0,2118.0,2118.0,0.00 %,555.0,1176878.0,0.0,0.0,2114.0,2128.6,2136.908209204604,2101.448224649164,51.98722037861096,35.459984555440315,47.47975107646789,60.342840821285414,2128.6,84.91072711353605,2298.421454227072,1958.7785457729278,246706.0
SWBBL,2016-02-18,2118.0,2110.0,2076.0,2100.0,-0.85 %,1336.0,2796660.0,-0.008498583569405138,-0.008534902449837444,2108.0,2134.45,2131.230023173127,2101.340948749226,50.074379252301185,29.889074423901093,43.96161574595453,59.03263790547931,2134.45,78.10955531547332,2290.6691106309463,1978.230889369053,245370.0
SWBBL,2016-02-21,2095.0,2110.0,2090.0,2110.0,0.48 %,3717.0,7813610.0,0.004761904761904745,0.004750602758597799,2108.0,2139.95,2127.9638657618766,2101.982359952987,51.14975739773648,25.98150580888978,40.36559375854158,56.24459234080222,2139.95,71.75871485678094,2283.4674297135616,1996.432570286438,249087.0
SWBBL,2016-02-22,2125.0,2165.0,2125.0,2130.0,0.95 %,802.0,1717230.0,0.009478672985782088,0.009434032233358714,2115.2,2143.95,2128.2771171831264,2104.05774069721,53.315587138480126,24.2193764859162,37.1363503040165,56.15569288788778,2143.95,68.64283993022346,2281.235679860447,2006.664320139553,249889.0
SWBBL,2016-02-23,2130.0,2172.0,2129.0,2129.0,-0.05 %,80.0,170750.0,-0.00046948356807507974,-0.00046959380999128837,2117.4,2144.7,2128.388329924184,2105.90531546038,53.18860843031435,22.48301446380401,34.205683135974006,55.21600053875294,2144.7,68.37982158504124,2281.4596431700825,2007.9403568299174,249809.0
SWBBL,2016-02-24,2093.0,2093.0,2080.0,2080.0,-2.30 %,1300.0,2716800.0,-0.023015500234851993,-0.02328449219811576,2109.8,2144.2,2120.9439714743094,2103.9864032040555,47.2503086157739,16.957568270253887,30.756060162829982,54.772000500270586,2144.2,68.83588415478145,2281.871768309563,2006.528231690437,248509.0
SWBBL,2016-02-25,2100.0,2100.0,2075.0,2095.0,0.72 %,1095.0,2282280.0,0.007211538461538547,0.007185659660874533,2108.8,2143.95,2116.9525912474924,2103.320743707459,49.12291115603619,13.631847540033505,27.33121763827069,52.64542903596554,2143.95,69.01370954575061,2281.977419091501,2005.9225809084985,249604.0
SWBBL,2016-02-28,2095.0,2109.0,2090.0,2109.0,0.67 %,581.0,1219780.0,0.006682577565632508,0.00666034812253654,2108.6,2145.6,2115.7291156709553,2103.741429358758,50.87575424410058,11.987686312197184,24.26251137305599,50.24218410482514,2145.6,67.6853400904507,2280.970680180901,2010.2293198190985,250185.0
SWBBL,2016-02-29,2109.0,2200.0,2151.0,2160.0,2.42 %,3060.0,6653280.0,0.024182076813655806,0.023894320199436134,2114.6,2150.35,2122.540020952347,2107.908730887739,56.72481988303122,14.631290064608038,22.3362671113664,53.153456668766204,2150.35,65.01196246199606,2280.373924923992,2020.3260750760078,253245.0
SWBBL,2016-03-01,2200.0,2250.0,2200.0,2220.0,2.78 %,3054.0,6826410.0,0.02777777777777768,0.027398974188114347,2132.8,2155.6,2137.533863882755,2116.2117878590175,62.39732729459245,21.322076023737736,22.133428893840666,55.785352620997195,2155.6,66.23514729238708,2288.0702945847743,2023.1297054152258,256299.0
SWBBL,2016-03-02,2264.0,2264.0,2200.0,2231.0,0.49 %,2817.0,6269280.0,0.004954954954955015,0.004942719566207444,2163.0,2158.4,2151.9132694392542,2124.714618387979,63.34593032347652,27.198651051275192,23.146473325327573,56.37211314806882,2158.4,68.25139289114226,2294.902785782285,2021.8972142177156,259116.0
SWBBL,2016-03-03,2275.0,2310.0,2250.0,2250.0,0.85 %,1951.0,4448580.0,0.008516360376512822,0.00848030076593335,2194.0,2160.9,2167.0035356793687,2133.9950170259067,64.9888551915008,33.00851865346203,25.118882390954465,57.98839078034962,2160.9,70.72623275703383,2302.3524655140677,2019.4475344859325,261067.0
SWBBL,2016-03-06,2284.0,2315.0,2284.0,2299.0,2.18 %,2804.0,6422010.0,0.021777777777777674,0.02154402956471563,2232.0,2160.6,2187.310684036389,2146.217608357321,68.86477412837377,41.09307567906808,28.313721048577186,58.489220010324644,2160.6,70.09272054704637,2300.7854410940927,2020.4145589059071,263871.0
SWBBL,2016-03-10,2344.0,2398.0,2318.0,2398.0,4.31 %,7258.0,17145700.0,0.04306220095693769,0.0421608108242779,2279.6,2166.0,2219.7244249538676,2164.868155886408,74.90865744458398,54.85626906745938,33.62223065235363,61.38284715244431,2166.0,83.47013332861572,2332.9402666572314,1999.0597333427686,271129.0
SWBBL,2016-03-13,2424.0,2420.0,2345.0,2360.0,-1.58 %,2415.0,5726050.0,-0.015846538782318564,-0.015973437567803766,2307.6,2172.0,2241.3052826532726,2179.322366561489,69.34438440085412,61.98291609178341,39.294367740239586,62.355500927269716,2172.0,92.85472524326464,2357.7094504865295,1986.2905495134708,268714.0
SWBBL,2016-03-14,2313.0,2314.0,2313.0,2314.0,-1.95 %,136.0,314668.0,-0.019491525423728784,-0.01968399026603384,2324.2,2177.75,2252.489085322,2189.2984875569346,63.2222188174434,63.19059776506538,44.073613745204746,61.25867943246474,2177.75,98.03107724219575,2373.8121544843916,1981.6878455156084,268578.0
SWBBL,2016-03-15,2268.0,2365.0,2250.0,2340.0,1.12 %,3291.0,7706620.0,0.011235955056179803,0.011173300598125255,2342.2,2188.25,2265.952302964769,2200.461562552717,65.0978447147582,65.49074041205176,48.357039078574154,65.09734518728868,2188.25,103.72832684216938,2395.7066536843386,1980.7933463156612,271869.0
SWBBL,2016-03-16,2330.0,2349.0,2330.0,2330.0,-0.43 %,2701.0,6307950.0,-0.004273504273504258,-0.004282661792000848,2348.4,2199.25,2275.8057948163428,2210.057002363627,63.75117763656535,65.74879245271586,51.835389753402495,61.804677673910916,2199.25,106.61829358190865,2412.486587163817,1986.0134128361826,269168.0
SWBBL,2016-03-17,2340.0,2340.0,2315.0,2315.0,-0.64 %,1944.0,4523530.0,-0.006437768240343367,-0.0064585800394118195,2331.8,2210.3,2281.8356725369053,2217.8305577440988,61.689683437025515,64.00511479280658,54.26933476128332,59.17577212577442,2210.3,106.58828808971955,2423.4765761794392,1997.1234238205611,267224.0
SWBBL,2016-03-20,2300.0,2300.0,2254.0,2300.0,-0.65 %,1663.0,3774660.0,-0.006479481641468721,-0.006500564603093428,2319.8,2219.4,2284.6301844543045,2223.917183096388,59.61369638601706,60.71300135791671,55.55806808061,59.30607411679053,2219.4,106.06125340427842,2431.522506808557,2007.2774931914432,265561.0
SWBBL,2016-03-21,2300.0,2300.0,2255.0,2290.0,-0.43 %,2663.0,6037720.0,-0.004347826086956497,-0.004357305368955701,2315.0,2228.0,2285.456309922873,2228.8122065707294,58.20737830097592,56.6441033521437,55.77527513491674,58.284211679876925,2228.0,104.3662579068353,2436.7325158136705,2019.2674841863295,262898.0
SWBBL,2016-03-23,2270.0,2270.0,2225.0,2225.0,-2.84 %,2075.0,4684780.0,-0.028384279475982543,-0.028794901947944755,2292.0,2234.25,2276.155339165508,2228.5298208988233,49.95768414261373,47.625518266684594,54.14532376127031,58.76391084560001,2234.25,99.94676214445514,2434.14352428891,2034.3564757110898,260823.0
SWBBL,2016-03-24,2225.0,2295.0,2240.0,2295.0,3.15 %,1110.0,2497655.0,0.03146067415730336,0.03097592789430493,2285.0,2243.5,2279.0545177554295,2233.453537869281,57.022073602789106,45.60097988614871,52.43645498624599,59.56648864234287,2243.5,96.33794683302328,2436.1758936660467,2050.8241063339533,261933.0
SWBBL,2016-03-27,2295.0,2270.0,2252.0,2252.0,-1.87 %,3391.0,7687940.0,-0.018736383442265803,-0.018914133235064537,2272.4,2249.6,2274.892284254594,2234.8273498789636,52.151715118403075,40.0649343756304,49.962150864122876,58.38316802503266,2249.6,92.5614447415014,2434.7228894830027,2064.477110516997,258542.0
SWBBL,2016-03-28,2252.0,2270.0,2245.0,2245.0,-0.31 %,1456.0,3296231.0,-0.003108348134991168,-0.003113189083226382,2261.4,2255.4,2270.293471292349,2235.5808795175585,51.38232615567328,34.712591774790326,46.912239046256374,55.998656023244614,2255.4,88.13530268257905,2431.6706053651583,2079.129394634842,257086.0
SWBBL,2016-03-29,2230.0,2245.0,2215.0,2230.0,-0.67 %,1257.0,2802740.0,-0.006681514476614692,-0.006703935722190218,2249.4,2262.9,2264.0944757089105,2235.1674810347763,49.69060212711453,28.92699467413422,43.315190171831944,54.141609164441434,2262.9,78.25188748355735,2419.4037749671147,2106.3962250328855,255829.0
SWBBL,2016-03-30,2230.0,2263.0,2231.0,2260.0,1.35 %,2451.0,5507996.0,0.013452914798206317,0.013363227812167158,2256.4,2271.15,2263.4645563690783,2237.006926884052,53.02198893193066,26.457629485026246,39.94367803447081,52.63149422412419,2271.15,67.59030995640202,2406.330619912804,2135.969380087196,258280.0
SWBBL,2016-03-31,2260.0,2345.0,2285.0,2300.0,1.77 %,5183.0,11937892.0,0.017699115044247815,0.017544309650909525,2257.4,2280.7,2269.0853938507585,2241.6730804481963,57.10092835551234,27.412313402562177,37.43740510808908,54.94353035097246,2280.7,55.968130029061115,2392.636260058122,2168.7637399418777,263463.0
SWBBL,2016-04-03,2300.0,2340.0,2265.0,2340.0,1.74 %,3515.0,8052780.0,0.017391304347825987,0.017241806434505954,2275.0,2289.7,2279.995333258334,2248.9565559705525,60.76922308621072,31.038777287781613,36.15767954402759,56.37613532590299,2289.7,49.65364246990206,2389.007284939804,2190.3927150601958,266978.0
SWBBL,2016-04-04,2340.0,2351.0,2329.0,2350.0,0.43 %,3672.0,8616145.0,0.004273504273504258,0.004264398786457518,2296.0,2296.2,2290.7652819878213,2256.4412555282893,61.652065117312276,34.32402645953198,35.79094892712847,53.92069708833849,2296.2,48.545800403790516,2393.291600807581,2199.108399192419,270650.0
SWBBL,2016-04-05,2350.0,2406.0,2350.0,2405.0,2.38 %,3691.0,8743090.0,0.023404255319148914,0.02313457540165689,2331.0,2304.9,2308.339853989695,2267.4456069706384,66.16234711573406,40.894247019056365,36.81160854551405,54.069218724885744,2304.9,51.73301908027864,2408.3660381605573,2201.433961839443,274341.0
SWBBL,2016-04-06,2406.0,2440.0,2361.0,2405.0,-0.04 %,3531.0,8464961.0,0.0,0.0,2360.0,2312.65,2323.210645683588,2277.6348212691096,66.16234711558171,45.575824414478575,38.56445171930696,55.84998881596533,2312.65,54.60602916395977,2421.86205832792,2203.4379416720803,274341.0
SWBBL,2016-04-10,2405.0,2420.0,2400.0,2400.0,-0.21 %,1512.0,3637650.0,-0.0020790020790020236,-0.0020811662038245117,2380.0,2317.7,2335.0243925014975,2286.698908582509,65.35195173080038,48.32548391898854,40.51665815924328,53.28927532911067,2317.7,57.851079233007,2433.402158466014,2201.9978415339856,272829.0
SWBBL,2016-04-11,2400.0,2405.0,2396.0,2396.0,-0.17 %,2410.0,5783560.0,-0.0016666666666667052,-0.0016680571006970587,2391.2,2317.6,2344.4052551935747,2294.795285724545,64.669518209366,49.60996946902969,42.335320421200564,50.12575566274563,2317.6,57.706517008616615,2433.013034017233,2202.1869659827667,270419.0
SWBBL,2016-04-12,2396.0,2399.0,2375.0,2399.0,0.13 %,1412.0,3372189.0,0.0012520868113523598,0.0012513036043547117,2401.0,2319.55,2352.8044467022555,2302.514153448653,64.9650129104179,50.29029325360261,43.926314987680975,48.259630258263805,2319.55,59.83439866130933,2439.2187973226187,2199.8812026773817,271831.0
SWBBL,2016-04-14,2399.0,2405.0,2380.0,2405.0,0.25 %,2201.0,5281180.0,0.002501042100875317,0.002497919700166934,2401.0,2324.1,2360.8345318249853,2310.1056976376417,65.5849718766994,50.72883418734364,45.28681882761351,46.59822809695925,2324.1,62.77771981575759,2449.655439631515,2198.544560368485,274032.0
SWBBL,2016-04-17,2375.0,2400.0,2375.0,2400.0,-0.21 %,1236.0,2956960.0,-0.0020790020790020236,-0.0020811662038245117,2400.0,2327.1,2366.8599884672954,2316.7645348496685,64.55973048868823,50.095453617626845,46.24854578561617,45.41264037574788,2327.1,64.97278782611491,2457.0455756522297,2197.15442434777,272796.0
SWBBL,2016-04-18,2400.0,2495.0,2415.0,2490.0,3.75 %,2638.0,6475782.0,0.03750000000000009,0.0368139731227164,2418.0,2335.1,2385.804605626173,2329.596791527471,72.80155053815754,56.207814098701874,48.24039944823331,48.95459463462303,2335.1,74.50037089277149,2484.100741785543,2186.0992582144568,275434.0
SWBBL,2016-04-19,2490.0,2498.0,2420.0,2495.0,0.20 %,4230.0,10444713.0,0.002008032128514081,0.002006018726865766,2437.8,2344.1,2402.6038970683003,2341.8488810439544,73.17478480077997,60.75501602434588,50.74332276345583,51.02926644643567,2344.1,82.39819875396164,2508.896397507923,2179.3036024920766,279664.0
SWBBL,2016-04-20,2495.0,2520.0,2465.0,2485.0,-0.40 %,2197.0,5455595.0,-0.004008016032064132,-0.004016069654889943,2455.0,2353.35,2415.280220596254,2352.452667633291,71.07408819067638,62.82755296296273,53.16016880335721,51.31289027169027,2353.35,87.41809700635885,2528.186194012718,2178.513805987282,277467.0
SWBBL,2016-04-21,2485.0,2485.0,2457.0,2475.0,-0.40 %,6535.0,16172275.0,-0.004024144869215318,-0.004032263527938451,2469.0,2362.6,2424.467878966061,2361.5302478086032,68.94264146093593,62.93763115745787,55.11566127417734,49.6476838237124,2362.6,90.10835582495295,2542.8167116499058,2182.383288350094,270932.0
SWBBL,2016-04-24,2475.0,2460.0,2450.0,2450.0,-1.01 %,742.0,1823664.0,-0.010101010101010055,-0.010152371464017962,2479.0,2373.85,2428.395897586667,2368.0835627857437,63.792079262327945,60.31233480092351,56.154995979526575,47.887134979161516,2373.85,85.97568505720263,2545.801370114405,2201.898629885595,270190.0
SWBBL,2016-04-25,2450.0,2539.0,2460.0,2539.0,3.63 %,9107.0,22854572.0,0.03632653061224489,0.03568227816590576,2488.8,2386.05,2445.4119133425647,2380.7440396164293,71.85370502323451,64.66787372613544,57.857571528848354,50.82376819493569,2386.05,91.34231451553713,2568.7346290310743,2203.365370968926,279297.0
SWBBL,2016-04-26,2539.0,2570.0,2532.0,2540.0,0.04 %,4570.0,11622958.0,0.0003938558487592836,0.0003937783079037609,2497.8,2400.45,2459.963926674478,2392.54077742262,71.92933021664281,67.42314925185792,59.77068707345027,49.907784752440286,2400.45,91.79753178657877,2584.045063573157,2216.8549364268424,283867.0
SWBBL,2016-04-27,2540.0,2700.0,2560.0,2700.0,6.30 %,3007.0,7888561.0,0.06299212598425208,0.06108769197983828,2540.8,2423.2,2496.892553339943,2415.315534650574,80.81250504245375,81.57701868936874,64.13195339663396,57.77151441298027,2423.2,106.4556245578536,2636.111249115707,2210.2887508842928,286874.0
SWBBL,2016-04-28,2700.0,2780.0,2690.0,2699.0,-0.04 %,4717.0,12866693.0,-0.00037037037037035425,-0.00037043897441577176,2585.6,2446.65,2527.986006672259,2436.3291987505318,80.64074005581519,91.65680792172725,69.63692430165261,60.0735490977674,2446.65,113.10557480793896,2672.861149615878,2220.4388503841224,282157.0
SWBBL,2016-05-02,2699.0,2680.0,2640.0,2640.0,-2.19 %,511.0,1358046.0,-0.021859948128936657,-0.02210241687764282,2623.6,2465.65,2545.2189287226806,2451.415924769011,71.04601589170547,93.80300395366976,74.47014023205605,59.99686701935544,2465.65,112.01281646594865,2689.6756329318973,2241.624367068103,281646.0
SWBBL,2016-05-03,2640.0,2660.0,2590.0,2600.0,-1.52 %,1901.0,4952563.0,-0.015151515151515138,-0.01526747213078842,2635.8,2480.65,2553.6467858422684,2462.422152563899,65.36752788331505,91.22463327836931,77.82103884131871,60.71137651797291,2480.65,108.70059071162106,2698.0511814232423,2263.248818576758,279745.0
SWBBL,2016-05-04,2600.0,2610.0,2580.0,2610.0,0.38 %,3901.0,10134050.0,0.0038461538461538325,0.003838776307165667,2649.8,2494.15,2562.316511097304,2473.3538449665734,66.09707746639151,88.96266613073067,80.0493642992011,58.51770676668914,2494.15,107.06725628512103,2708.284512570242,2280.015487429758,283646.0
SWBBL,2016-05-05,2610.0,2615.0,2580.0,2605.0,-0.19 %,6067.0,15756250.0,-0.0019157088122605526,-0.0019175461292718174,2630.8,2506.9,2568.883201697719,2483.1054120060867,65.35575047271311,85.77778969163228,81.19504937768734,56.837870569068485,2506.9,104.14104807778529,2715.1820961555704,2298.6179038444297,277579.0
SWBBL,2016-05-08,2605.0,2605.0,2570.0,2604.0,-0.04 %,2676.0,6928026.0,-0.00038387715930898736,-0.00038395085900739764,2611.8,2516.85,2574.285786051916,2492.0605666723022,65.19825133365217,82.22521937961392,81.40108337807266,55.27802267127788,2516.85,103.39666847937765,2723.6433369587553,2310.0566630412445,274903.0
SWBBL,2016-05-09,2605.0,2645.0,2597.0,2613.0,0.35 %,1967.0,5162080.0,0.003456221198156584,0.0034502621921525278,2606.4,2527.25,2580.241818967006,2501.019043215095,65.9925710986735,79.22277575191129,80.9654218528404,54.75816390904375,2527.25,102.0056113007753,2731.261222601551,2323.238777398449,276870.0
SWBBL,2016-05-10,2615.0,2650.0,2615.0,2625.0,0.46 %,2540.0,6685250.0,0.004592422502870175,0.004581909505111544,2611.4,2538.5,2587.127692972082,2510.2028177917546,67.0717329829085,76.92487518032749,80.15731251833782,53.489723629826344,2538.5,99.61214256992561,2737.7242851398514,2339.2757148601486,279410.0
SWBBL,2016-05-11,2625.0,2674.0,2621.0,2674.0,1.87 %,3181.0,8410725.0,0.01866666666666661,0.01849458263616431,2624.2,2552.4,2600.4926632840693,2522.3359423997726,71.10400620536035,78.15672088429665,79.75719419152959,53.45474337055303,2552.4,98.06517703737245,2748.530354074745,2356.269645925255,282591.0
SWBBL,2016-05-12,2630.0,2630.0,2630.0,2630.0,-1.64 %,46.0,120980.0,-0.016454749439042682,-0.016591632490078303,2629.2,2563.95,2605.0322535480586,2530.3110577775674,63.57544840888597,74.72119577049125,78.74999450732193,52.77940455837068,2563.95,92.49209070027585,2748.9341814005516,2378.965818599448,282545.0
SWBBL,2016-05-15,2690.0,2690.0,2648.0,2660.0,-1.81 %,1507.0,4018020.0,0.011406844106463865,0.01134227660393451,2640.4,2576.7,2613.4888299252802,2539.91764609034,66.20298809478072,73.57118383494026,77.7142323728456,53.29516137562992,2576.7,86.83020333115155,2750.360406662303,2403.0395933376967,284052.0
SWBBL,2016-05-16,2660.0,2664.0,2647.0,2652.0,-0.30 %,2643.0,7008761.0,-0.003007518796992459,-0.0030120504699916095,2648.2,2589.3,2619.413625321391,2548.2200426762406,64.85935372973083,71.1935826451504,76.41010242730657,50.70264984879921,2589.3,77.63687403888139,2744.573748077763,2434.0262519222374,281409.0
SWBBL,2016-05-17,2640.0,2669.0,2640.0,2652.0,0.00 %,1087.0,2891990.0,0.0,0.0,2653.6,2597.4,2624.4269137334845,2555.9074469224447,64.85935372955362,68.51946681103982,74.83197530405323,49.15246057388498,2597.4,75.14225106249923,2747.6845021249987,2447.1154978750014,281409.0
SWBBL,2016-05-18,2652.0,2705.0,2670.0,2700.0,1.81 %,3305.0,8886871.0,0.018099547511312153,0.01793770068666725,2658.8,2607.65,2636.0535423898714,2566.580969372634,69.20806969776282,69.47257301723721,73.76009484669004,49.42728481860748,2607.65,74.41722706613947,2756.484454132279,2458.815545867721,284714.0
SWBBL,2016-05-19,2700.0,2700.0,2650.0,2695.0,-0.19 %,3623.0,9679140.0,-0.0018518518518518823,-0.0018535686493229438,2671.8,2618.15,2645.122228176045,2576.0934901598466,68.26045039475858,69.02873801619853,72.81382348059174,49.4681930458498,2618.15,70.9345695546084,2760.0191391092167,2476.2808608907835,281091.0
SWBBL,2016-05-22,2695.0,2725.0,2675.0,2675.0,-0.74 %,644.0,1741350.0,-0.007421150278293154,-0.007448824012990625,2674.8,2628.15,2649.7188084566533,2583.4198982961543,64.4585364915631,66.29891016049896,71.5108408165732,49.50617925686053,2628.15,63.387924302435316,2754.9258486048707,2501.3741513951295,280447.0
SWBBL,2016-05-23,2675.0,2728.0,2641.0,2720.0,1.68 %,1543.0,4165103.0,0.016822429906542036,0.01668249995993606,2688.4,2641.65,2660.5312994633223,2593.5369428668096,68.68479097590276,66.99435659651272,70.6075439725611,52.18430930994192,2641.65,50.988414576798625,2743.6268291535976,2539.6731708464026,281990.0
SWBBL,2016-05-24,2720.0,2802.0,2720.0,2802.0,3.01 %,4354.0,11945011.0,0.030147058823529305,0.029701567606909205,2718.4,2654.8,2682.295714930504,2608.9786508026014,74.60961710282018,73.31706412790254,71.1494480036294,54.31400150208893,2654.8,56.71405655152154,2768.228113103043,2541.371886896957,286344.0
SWBBL,2016-05-25,2802.0,2800.0,2726.0,2750.0,-1.86 %,2839.0,7806785.0,-0.01855817273376159,-0.018732536236335327,2728.4,2665.3,2692.711758787349,2619.424676669076,66.07243087961513,73.28708211827325,71.57697482655817,55.86300139479687,2665.3,53.701024198825806,2772.7020483976517,2557.8979516023487,283505.0
SWBBL,2016-05-26,2750.0,2760.0,2710.0,2720.0,-1.09 %,3672.0,10053656.0,-0.010909090909090868,-0.010969031370573933,2733.4,2666.3,2696.9099497431416,2626.8747006195144,61.686963065347854,70.03524912362718,71.26862968597197,55.444215580882805,2666.3,54.56054097589047,2775.421081951781,2557.178918048219,279833.0
SWBBL,2016-05-29,2720.0,2774.0,2720.0,2720.0,0.00 %,932.0,2551840.0,0.0,0.0,2742.4,2667.35,2700.462265167274,2633.772870943995,61.68696306520088,66.68939422327912,70.3527825934334,55.34105732510546,2667.35,55.41828977971207,2778.186579559424,2556.513420440576,279833.0
SWBBL,2016-05-30,2720.0,2719.0,2670.0,2700.0,-0.74 %,1391.0,3741248.0,-0.007352941176470562,-0.007380107297622534,2738.4,2670.35,2700.3911474492315,2638.6785842074028,58.67580992389009,61.712563241828775,68.62473872311247,54.95955323045507,2670.35,55.48378141405718,2781.317562828114,2559.3824371718856,278442.0
SWBBL,2016-05-31,2700.0,2701.0,2680.0,2700.0,0.00 %,4274.0,11538960.0,0.0,0.0,2718.0,2675.35,2700.3309709185805,2643.220911303151,58.67580992373587,57.11005961542969,66.32180290157592,52.53387085685114,2675.35,53.27216613029176,2781.8943322605833,2568.8056677394165,278442.0
SWBBL,2016-06-01,2700.0,2755.0,2690.0,2700.0,0.00 %,4341.0,11815503.0,0.0,0.0,2708.0,2679.85,2700.2800523157216,2647.42676972514,58.67580992356978,52.853282590581784,63.628098839377095,53.424308652790344,2679.85,51.22322150212256,2782.2964430042452,2577.4035569957546,278442.0
SWBBL,2016-06-02,2700.0,2700.0,2645.0,2680.0,-0.74 %,9549.0,25383087.0,-0.007407407407407418,-0.00743497848751809,2700.0,2683.6,2697.1600442671493,2649.8396015973517,55.3040953993939,47.32044266979756,60.36656760546119,53.536858034733896,2683.6,48.105585626036536,2779.811171252073,2587.3888287479267,268893.0
SWBBL,2016-06-05,2680.0,2635.0,2582.0,2582.0,-3.66 %,6080.0,15751900.0,-0.03656716417910444,-0.037252502098314516,2672.4,2682.5,2679.443114379895,2644.8144459234736,42.43616742744335,34.628668456421565,55.21898777565327,56.71279674653862,2682.5,50.22632985326716,2782.952659706534,2582.047340293466,262813.0
SWBBL,2016-06-06,2582.0,2700.0,2630.0,2660.0,3.02 %,4369.0,11537620.0,0.030209140201394202,0.029761830369156885,2664.4,2684.85,2676.4518660137574,2645.939301780994,52.007601157795,30.512564232763452,50.27770306707531,61.09045412178587,2684.85,47.846547474880964,2780.543094949762,2589.156905050238,267182.0
SWBBL,2016-06-07,2690.0,2694.0,2660.0,2660.0,0.00 %,452.0,1208350.0,0.0,0.0,2656.4,2686.6,2673.920809703948,2646.9808349824016,52.0076011576756,26.939974721546605,45.610157397969566,59.15542168451545,2686.6,46.15237919399213,2778.904758387984,2594.2952416120156,267182.0
SWBBL,2016-06-08,2660.0,2670.0,2660.0,2670.0,0.38 %,1203.0,3210510.0,0.003759398496240518,0.003752349618550372,2650.4,2686.4,2673.317608211033,2648.6859583170385,53.165493047441764,24.631649893994563,41.41445589717456,55.64432013562149,2686.4,46.21847431951787,2778.8369486390357,2593.9630513609645,268385.0
SWBBL,2016-06-09,2675.0,2710.0,2675.0,2680.0,0.37 %,2665.0,7173420.0,0.0037453183520599342,0.003738322110607158,2650.4,2688.9,2674.345668486259,2651.005516960221,54.3515519408615,23.34015152603797,37.799595022947244,54.526868697362815,2688.9,44.32048356190145,2777.540967123803,2600.259032876197,271050.0
SWBBL,2016-06-12,2680.0,2760.0,2690.0,2730.0,1.87 %,2981.0,8144193.0,0.018656716417910557,0.01848481467410316,2680.0,2692.4,2682.907873334527,2656.8569601483528,59.829325922818676,26.050913186174057,35.44985865559261,56.34637807612262,2692.4,44.68062102007677,2781.761242040154,2603.0387579598464,274031.0
SWBBL,2016-06-13,2730.0,2927.0,2730.0,2927.0,7.22 %,11074.0,30858587.0,0.07216117216117213,0.0696763985128804,2733.4,2706.15,2720.460508206138,2676.8675556929193,73.38219485748071,43.592952513218734,37.07847742711783,66.39306535639957,2706.15,67.88323954062012,2841.91647908124,2570.38352091876,285105.0
SWBBL,2016-06-14,2910.0,2949.0,2840.0,2868.0,-2.02 %,3549.0,10220000.0,-0.020157157499145928,-0.020363084972374917,2775.0,2716.95,2743.15889155904,2691.025514530481,66.18068071704053,52.13337702855915,40.089457347406096,69.43641783094246,2716.95,75.56278323704879,2868.0755664740973,2565.8244335259024,281556.0
SWBBL,2016-06-15,2900.0,2900.0,2835.0,2845.0,-0.80 %,3040.0,8658750.0,-0.008019525801952532,-0.008051855159079633,2810.0,2724.2,2758.8267543961106,2702.431031972668,63.56195001078977,56.39572242344275,43.35071036261343,69.119530843018,2724.2,80.63667704099322,2885.473354081986,2562.9266459180135,278516.0
SWBBL,2016-06-16,2845.0,2890.0,2833.0,2835.0,-0.35 %,5604.0,15897500.0,-0.0035149384885764245,-0.003521130398578825,2841.0,2731.2,2770.5457152582476,2712.250955530248,62.405728838360844,58.29475972799946,46.339520235690635,68.25385006851671,2731.2,83.97593640287536,2899.1518728057504,2563.2481271942493,272912.0
SWBBL,2016-06-19,2835.0,2884.0,2745.0,2745.0,-3.17 %,4548.0,12677531.0,-0.031746031746031744,-0.032260862218221435,2844.0,2734.7,2766.6156052185174,2714.676810676156,53.05222184709434,51.93879454236139,47.45937509702479,73.3071464921941,2734.7,82.9629593950329,2900.6259187900655,2568.774081209934,268364.0
SWBBL,2016-06-20,2745.0,2759.0,2700.0,2750.0,0.18 %,3837.0,10400753.0,0.0018214936247722413,0.0018198367169858993,2808.6,2736.2,2764.059358261822,2717.293343218663,53.469475494481685,46.766015043159314,47.3207030862517,72.28520745703737,2736.2,82.95439457286335,2902.1087891457264,2570.2912108542732,272201.0
SWBBL,2016-06-21,2750.0,2805.0,2790.0,2799.0,1.78 %,2269.0,6347825.0,0.017818181818181733,0.017661298854836457,2794.8,2736.05,2769.434841606157,2723.345688165429,57.459692221509485,46.089153440728296,47.07439315714702,71.05054978153471,2736.05,82.8317730800318,2901.7135461600637,2570.3864538399366,274470.0
SWBBL,2016-06-22,2801.0,2825.0,2751.0,2810.0,0.75 %,3020.0,8428410.0,0.003929974991068175,0.003922272812337868,2787.8,2739.05,2775.67563520521,2729.764526079101,58.32372207996371,45.91110912610884,46.841736350939385,71.26122479713939,2739.05,84.4346368189014,2907.919273637803,2570.180726362197,277490.0
SWBBL,2016-06-23,2820.0,2850.0,2810.0,2848.0,0.99 %,3893.0,11048353.0,0.013523131672597888,0.013432510204074958,2790.4,2745.45,2786.8024605582546,2738.522709332501,61.25162837992904,48.279751225753444,47.1293393259022,69.0282801687723,2745.45,87.70253252061346,2920.8550650412267,2570.044934958773,281383.0
SWBBL,2016-06-26,2848.0,2890.0,2850.0,2873.0,0.88 %,2300.0,6581428.0,0.008778089887640395,0.008739786447423112,2816.0,2753.1,2800.063620472369,2748.483990122686,63.08887165151156,51.57963034968316,48.019397530658395,67.09768872814571,2753.1,91.93641967773625,2936.9728393554724,2569.2271606445274,283683.0
SWBBL,2016-06-27,2873.0,2913.0,2880.0,2905.0,1.11 %,7916.0,22983450.0,0.011138183083884368,0.011076610306721978,2847.0,2763.35,2816.2076788612358,2760.0777686321167,65.3533545938636,56.129910229119105,49.64150007035054,65.16213953327816,2763.35,96.99336656647044,2957.336733132941,2569.363266867059,291599.0
SWBBL,2016-06-28,2905.0,2940.0,2882.0,2900.0,-0.17 %,1888.0,5473688.0,-0.0017211703958691649,-0.0017226533114461818,2867.2,2773.35,2829.0988051902764,2770.442378363071,64.68558909123237,58.65642682720545,51.444485421721524,64.650558138044,2773.35,100.36946222517784,2974.0889244503555,2572.6110755496443,289711.0
SWBBL,2016-06-29,2900.0,2950.0,2880.0,2950.0,1.72 %,4335.0,12579637.0,0.01724137931034475,0.01709443335930004,2895.2,2785.85,2847.698989007157,2783.7429429287695,68.1862906409492,63.95604607838732,53.94679755305469,65.03266112818372,2785.85,106.15444309814207,2998.158886196284,2573.5411138037157,294046.0
SWBBL,2016-06-30,2950.0,2975.0,2900.0,2960.0,0.34 %,2246.0,6588424.0,0.003389830508474523,0.003384097984240494,2917.6,2799.85,2864.97606762144,2796.799021230342,68.85134493092086,68.17704639109797,56.79284732066335,65.74461390474202,2799.85,109.85889274789042,3019.5677854957808,2580.132214504219,296292.0
SWBBL,2016-07-03,2960.0,3165.0,3000.0,3160.0,6.76 %,13475.0,41578951.0,0.06756756756756754,0.06538275926285171,2975.0,2828.75,2910.3643649104492,2823.702797435502,78.52192958601711,86.66156747494733,62.76659135152015,75.69142719726045,2828.75,124.57416941008907,3077.898338820178,2579.601661179822,309767.0
SWBBL,2016-07-04,3160.0,3220.0,3000.0,3050.0,-3.48 %,10130.0,31415776.0,-0.034810126582278444,-0.03543043697950045,3004.0,2848.25,2931.8467703088418,2840.4655531810204,66.3252954208483,91.3812171278214,68.4895165067804,85.99918239745612,2848.25,127.26386802728503,3102.77773605457,2593.72226394543,299637.0
SWBBL,2016-07-05,2990.0,3000.0,2931.0,2952.0,-3.21 %,1231.0,3645380.0,-0.03213114754098356,-0.03265868388109415,3014.4,2862.85,2934.9472671844046,2848.7273640565004,57.72297156881966,86.21990312790422,72.03559383100517,88.35638365478069,2862.85,121.13249596598943,3105.1149919319787,2620.585008068021,298406.0
SWBBL,2016-07-06,3000.0,3040.0,2916.0,2950.0,-0.07 %,1157.0,3434620.0,-0.0006775067750677266,-0.0006777363864975816,3014.4,2876.85,2937.2630722329577,2856.229040793056,57.558898359859256,81.03403143990181,73.8352813527845,90.90235625086778,2876.85,113.6181393042082,3104.0862786084163,2649.6137213915836,297249.0
SWBBL,2016-07-10,2950.0,3060.0,2930.0,2936.0,-0.47 %,3580.0,10659249.0,-0.004745762711864443,-0.004757059599459346,3009.6,2889.65,2937.0687534278873,2862.138000734311,56.35142755871603,74.93075269357632,74.05437562094286,93.69504509009153,2889.65,104.31343204624353,3098.2768640924874,2681.023135907513,293669.0
SWBBL,2016-07-11,2936.0,2890.0,2860.0,2860.0,-2.59 %,374.0,1075890.0,-0.02588555858310626,-0.02622648592050792,2949.6,2896.15,2925.2120221312894,2861.9796303095472,50.195428178309754,63.23239182174211,71.88997886110272,92.43111329794213,2896.15,97.68115424553481,3091.5123084910697,2700.7876915089305,293295.0
SWBBL,2016-07-12,2860.0,2889.0,2720.0,2889.0,1.01 %,4718.0,13392491.0,0.010139860139860124,0.010088796652336958,2917.4,2894.25,2919.6409418033986,2863.9811391755065,52.335167204486176,55.65980262789208,68.6439436144606,97.90031949094627,2894.25,97.41872455919324,3089.0874491183863,2699.4125508816137,298013.0
SWBBL,2016-07-13,2889.0,2888.0,2800.0,2810.0,-2.73 %,1439.0,4099866.0,-0.027345102111457242,-0.02772593813844379,2889.0,2891.35,2902.7731046028757,2859.9825362736174,46.47721923684531,42.79056832925835,63.47326855742015,97.26458238445012,2891.35,99.09021673522916,3089.5304334704583,2693.1695665295415,296574.0
SWBBL,2016-07-14,2840.0,2960.0,2830.0,2830.0,0.71 %,8808.0,25466200.0,0.007117437722419906,0.007092228309491837,2865.0,2890.6,2891.5772423562794,2857.761607660757,48.06219658464001,33.815634695522476,57.541741785040614,101.03139792841797,2890.6,99.51535189688576,3089.6307037937713,2691.5692962062285,305382.0
SWBBL,2016-07-17,2830.0,2774.0,2547.0,2547.0,-10.00 %,1610.0,4118740.0,-0.09999999999999998,-0.10536051565782628,2787.2,2876.2,2838.565358916852,2834.7422293155155,33.11759586999925,3.8231296013364044,46.798019348299775,114.02915521924525,2876.2,125.443465983278,3127.0869319665558,2625.313068033444,303772.0
SWBBL,2016-07-18,2547.0,2591.0,2350.0,2520.0,-1.06 %,12934.0,32361676.0,-0.010600706713780883,-0.01065729447398798,2719.2,2864.95,2789.5553036988745,2811.4279901069585,32.09231293002145,-21.872686408084064,33.06387819702301,123.09850127501345,2864.95,146.2008261910665,3157.3516523821327,2572.548347617867,290838.0
SWBBL,2016-07-19,2525.0,2525.0,2475.0,2500.0,-0.79 %,6833.0,17022100.0,-0.007936507936507908,-0.007968169649176845,2641.4,2852.45,2745.0083338990476,2788.3592500990358,31.318846269207455,-43.350916199988205,17.780919317620768,117.87717975536962,2852.45,165.90564058810787,3184.2612811762156,2520.638718823784,284005.0
SWBBL,2016-07-20,2499.0,2510.0,2452.0,2480.0,-0.80 %,4804.0,11983500.0,-0.008000000000000007,-0.008032171697264267,2575.4,2836.5,2704.237820991502,2765.517824165774,30.526522655415235,-61.280003174272224,1.9687348192421705,113.60023834427179,2836.5,185.4926583878524,3207.4853167757046,2465.5146832242954,279201.0
SWBBL,2016-07-21,2480.0,2517.0,2490.0,2511.0,1.25 %,3317.0,8294483.0,0.012499999999999956,0.01242251999855711,2511.6,2821.55,2674.5089254543477,2746.6646520053464,33.341461806612045,-72.15572655099868,-12.856157454806,108.12879274825238,2821.55,199.27776832193663,3220.1055366438736,2422.9944633561267,282518.0
SWBBL,2016-07-25,2511.0,2629.0,2520.0,2625.0,4.54 %,3029.0,7889262.0,0.045400238948626104,0.04439981586813917,2527.2,2810.4,2666.8921676921404,2737.652455560506,42.55872312926507,-70.7602878683656,-24.436983537517918,108.83387898052007,2810.4,203.90487978467564,3218.2097595693513,2402.590240430649,285547.0
SWBBL,2016-07-26,2625.0,2700.0,2638.0,2700.0,2.86 %,1418.0,3808776.0,0.02857142857142847,0.028170876966696224,2563.2,2801.75,2671.985680354888,2734.863384778246,47.68404740480368,-62.87770442335841,-32.125127714686016,106.41717333905436,2801.75,204.7771253158775,3211.304250631755,2392.195749368245,286965.0
SWBBL,2016-07-27,2700.0,2754.0,2700.0,2700.0,0.00 %,3491.0,9490680.0,0.0,0.0,2603.2,2791.5,2676.295575684905,2732.2809118317095,47.684047404742586,-55.98533614680446,-36.89716940110971,102.67308952912191,2791.5,204.4673439374736,3200.434687874947,2382.565312125053,286965.0
SWBBL,2016-07-28,2700.0,2713.0,2660.0,2713.0,0.48 %,3031.0,8100157.0,0.004814814814814827,0.004803260666511314,2649.8,2782.15,2681.9424101949194,2730.852696140472,48.605901044538676,-48.91028594555246,-39.29979270999826,99.12501170561322,2782.15,203.51807756251006,3189.1861551250204,2375.11384487498,289996.0
SWBBL,2016-07-31,2713.0,2750.0,2690.0,2698.0,-0.55 %,1844.0,4998715.0,-0.005528934758569859,-0.005544275891230564,2687.2,2769.55,2684.41280862647,2728.4191630930295,47.564440503713634,-44.006354466559515,-40.24110506131051,96.33036801235514,2769.55,200.35559834822863,3170.2611966964573,2368.838803303543,288152.0
SWBBL,2016-08-01,2698.0,2645.0,2645.0,2645.0,-1.96 %,424.0,1121480.0,-0.019644180874721973,-0.01983969247530139,2691.2,2753.8,2678.349299607013,2722.239965826879,43.97880194315296,-43.890666219866034,-40.97101729302162,93.23534172575835,2753.8,196.94845705626926,3147.6969141125387,2359.9030858874617,287728.0
SWBBL,2016-08-02,2645.0,2605.0,2595.0,2595.0,-1.89 %,354.0,920400.0,-0.018903591682419618,-0.0190845486924107,2670.2,2725.55,2665.526330436703,2712.814783173036,40.85015441989836,-47.288452736333056,-42.234504381683905,90.14710303106132,2725.55,174.9049290629894,3075.359858125979,2375.7401418740214,287374.0
SWBBL,2016-08-03,2595.0,2595.0,2530.0,2550.0,-1.73 %,1457.0,3725800.0,-0.017341040462427793,-0.01749315744751723,2640.2,2700.55,2647.7530488310567,2700.7544288639224,38.21518032683395,-53.001380032865654,-44.38787951192026,88.35088138598552,2700.55,161.29295837405826,3023.135916748117,2377.9640832518835,285917.0
SWBBL,2016-08-04,2550.0,2515.0,2435.0,2435.0,-4.51 %,1400.0,3472408.0,-0.045098039215686225,-0.04614660263578162,2584.6,2674.7,2615.021810549356,2681.068915614743,32.45389387816843,-66.04710506538731,-48.71972462261367,90.25438985841512,2674.7,160.2987671095607,2995.297534219121,2354.1024657808784,284517.0
SWBBL,2016-08-07,2435.0,2550.0,2442.0,2451.0,0.66 %,2374.0,5918588.0,0.006570841889117052,0.006549348011422418,2535.2,2649.75,2589.7876858494546,2664.026773717355,33.945965700178505,-74.23908786790025,-53.82359727167099,92.0219334399569,2649.75,153.90012995447105,2957.5502599089423,2341.9497400910577,286891.0
SWBBL,2016-08-08,2451.0,2475.0,2402.0,2402.0,-2.00 %,837.0,2022477.0,-0.01999184006527943,-0.020194380888183677,2486.6,2623.05,2560.897272641846,2644.617383071625,31.640822271944018,-83.7201104297792,-59.802899903292634,90.6632239085314,2623.05,147.82688132443417,2918.7037626488686,2327.3962373511317,286054.0
SWBBL,2016-08-09,2450.0,2575.0,2450.0,2575.0,7.20 %,230.0,589970.0,0.07202331390507921,0.06954781045790777,2482.6,2608.8,2563.0669230046387,2639.4605398811345,45.66876715986402,-76.3936168764958,-63.12104329793327,96.54442220077917,2608.8,137.13328130730466,2883.0665626146097,2334.5334373853907,286284.0
SWBBL,2016-08-10,2626.0,2635.0,2550.0,2610.0,1.36 %,8380.0,21889900.0,0.013592233009708687,0.013500687218902524,2494.6,2594.85,2570.2873963885404,2637.2782776677172,47.993953102930256,-66.99088127917685,-63.89501089418199,95.71982061500923,2594.85,120.28530776101042,2835.420615522021,2354.279384477979,294664.0
SWBBL,2016-08-11,2649.0,2649.0,2590.0,2600.0,-0.76 %,2915.0,7583980.0,-0.003831417624521105,-0.003838776307165713,2527.6,2584.35,2574.858566174919,2634.516923766405,47.370175521773255,-59.65835759148604,-63.04768023364281,93.09697628536571,2584.35,109.16779696751212,2802.6855939350244,2366.0144060649754,291749.0
SWBBL,2016-08-14,2550.0,2560.0,2450.0,2510.0,-3.46 %,4544.0,11424200.0,-0.0346153846153846,-0.03522869188374383,2539.4,2568.35,2564.8803252249313,2625.2934479318565,42.07051273198876,-60.41312270692515,-62.52076872829928,97.16147797926816,2568.35,93.61133253485117,2755.5726650697025,2381.1273349302974,287205.0
SWBBL,2016-08-15,2460.0,2500.0,2420.0,2500.0,-0.40 %,4913.0,12065600.0,-0.003984063745019917,-0.00399202126953745,2559.0,2566.0,2554.898736728788,2616.012451788756,41.51475199119158,-61.113715059967944,-62.23935799463301,96.64994383789187,2566.0,94.75841859560532,2755.5168371912105,2376.4831628087895,282292.0
SWBBL,2016-08-16,2500.0,2500.0,2460.0,2499.0,-0.04 %,1213.0,3025190.0,-0.00039999999999995595,-0.00040008002133969133,2543.8,2564.95,2546.2989310782054,2607.344862767367,41.45577538382984,-61.045931689161534,-62.00067273353872,92.60351927804246,2564.95,95.40907768795525,2755.7681553759103,2374.1318446240894,281079.0
SWBBL,2016-08-17,2500.0,2549.0,2500.0,2525.0,1.04 %,1111.0,2793700.0,0.010404161664665956,0.010350410874507908,2526.8,2566.2,2543.022172450789,2601.2452433031176,43.69541991013128,-58.22307085232842,-61.24515235729667,89.56041075818229,2566.2,94.6742892903596,2755.548578580719,2376.8514214192805,282190.0
SWBBL,2016-08-21,2540.0,2540.0,2515.0,2515.0,-0.40 %,1143.0,2880930.0,-0.003960396039603964,-0.003968259175620622,2509.8,2567.95,2538.7110689968217,2594.8567067621457,43.01384339178163,-56.145637765323954,-60.22524943890213,84.94895284688356,2567.95,93.31072877899022,2754.5714575579805,2381.328542442019,281047.0
SWBBL,2016-08-22,2529.0,2529.0,2416.0,2460.0,-2.19 %,3532.0,8647240.0,-0.021868787276341894,-0.022111453607431036,2499.8,2565.4,2526.6016737665414,2584.8673210760608,39.37589515539449,-58.26564730951941,-59.83332901302559,86.95259907210617,2565.4,95.61732941372942,2756.634658827459,2374.165341172541,277515.0
SWBBL,2016-08-23,2509.0,2509.0,2450.0,2477.0,0.69 %,1295.0,3192730.0,0.006910569105690989,0.006886800562951001,2495.2,2558.0,2518.9706470332276,2576.8771491445004,41.03589070413466,-57.90650211127286,-59.44796363267505,84.95598485267001,2558.0,96.48506838395132,2750.9701367679027,2365.0298632320973,278810.0
SWBBL,2016-08-24,2480.0,2580.0,2480.0,2580.0,4.16 %,733.0,1845130.0,0.04158255954784007,0.04074124842630349,2511.4,2552.0,2528.359778258885,2577.1084714300932,49.97373265800831,-48.74869317120829,-57.3081095403817,86.2448430774793,2552.0,90.75067057895197,2733.501341157904,2370.498658842096,279543.0
SWBBL,2016-08-28,2631.0,2631.0,2580.0,2618.0,1.47 %,1143.0,2975720.0,0.014728682170542573,0.014621268554182068,2530.0,2547.9,2542.150581603672,2580.137473546383,52.8154186699259,-37.98689194271083,-53.44386602084753,83.72735428623078,2547.9,85.40732126884053,2718.7146425376814,2377.085357462319,280686.0
SWBBL,2016-08-29,2641.0,2641.0,2585.0,2614.0,-0.15 %,902.0,2345210.0,-0.0015278838808250317,-0.0015290522856779563,2549.8,2542.95,2553.2043382800302,2582.6458088392433,52.4774999859072,-29.44147055921303,-48.643386928520634,81.74682898007144,2542.95,77.87133450022073,2698.692669000441,2387.2073309995585,279784.0
SWBBL,2016-08-30,2617.0,2617.0,2591.0,2610.0,-0.15 %,3010.0,7837630.0,-0.0015302218821728886,-0.0015313938674281365,2579.8,2538.55,2561.9421323907945,2584.672045221522,52.11839026996822,-22.729912830727244,-43.46069210896196,77.76491262435206,2538.55,70.81590291217313,2680.1818058243466,2396.9181941756538,276774.0
SWBBL,2016-08-31,2610.0,2610.0,2610.0,2610.0,0.00 %,443.0,1156230.0,0.0,0.0,2606.4,2536.8,2569.3356504845183,2586.548190019928,52.118390269872215,-17.212539535409633,-38.21106159425149,72.21027600832691,2536.8,68.43944692017915,2673.6788938403583,2399.921106159642,276774.0
SWBBL,2016-09-01,2600.0,2650.0,2600.0,2610.0,0.00 %,1752.0,4570520.0,0.0,0.0,2612.4,2537.55,2575.591704256131,2588.285361129563,52.1183902697688,-12.693656873432246,-33.10758065008764,70.62382772201785,2537.55,69.18889095499452,2675.9277819099893,2399.172218090011,276774.0
SWBBL,2016-09-04,2605.0,2703.0,2605.0,2670.0,2.30 %,5377.0,14136100.0,0.02298850574712641,0.02272825107755609,2622.8,2543.55,2590.1160574474957,2594.338297342188,57.55941487776263,-4.222239894692393,-27.330512499008595,72.57926859901657,2543.55,75.26198103609049,2694.073962072181,2393.0260379278193,282151.0
SWBBL,2016-09-05,2723.0,2720.0,2670.0,2715.0,1.69 %,370.0,990300.0,0.016853932584269593,0.016713480973740532,2643.0,2557.55,2609.3289716863424,2603.2762012427665,61.12723783412078,6.05277044357581,-20.653855910491714,70.96646369908682,2557.55,79.90617853723316,2717.3623570744667,2397.7376429255337,282521.0
SWBBL,2016-09-06,2769.0,2799.0,2715.0,2715.0,0.00 %,1161.0,3205050.0,0.0,0.0,2664.0,2570.75,2625.5860529653664,2611.552038187747,61.127237833997796,14.034014777619632,-13.716281772869445,71.89743057772347,2570.75,83.11936565789897,2736.988731315798,2404.511268684202,282521.0
SWBBL,2016-09-07,2715.0,2740.0,2710.0,2718.0,-0.18 %,858.0,2332800.0,0.0011049723756906271,0.0011043623430532275,2685.6,2586.55,2639.803583278387,2619.437072396062,61.3782713726964,20.3665108823252,-6.899723241830515,68.90475696502894,2586.55,79.29988053354577,2745.1497610670917,2427.9502389329086,283379.0
SWBBL,2016-09-08,2685.0,2685.0,2685.0,2685.0,-0.92 %,572.0,1535820.0,-0.012141280353200834,-0.01221558776812391,2700.6,2592.05,2646.756878158635,2624.293585551909,57.016487197495486,22.4632926067261,-1.0271200721191924,66.34013146752687,2592.05,82.21760280213329,2756.485205604267,2427.6147943957335,282807.0
SWBBL,2016-09-11,2700.0,2751.0,2700.0,2700.0,0.56 %,1830.0,4950530.0,0.005586592178770999,0.0055710450494554295,2706.6,2596.55,2654.948127672691,2629.9014681036197,58.46146989368471,25.04665956907138,4.187635856118922,66.31583636270352,2596.55,85.64337010013263,2767.8367402002655,2425.263259799735,284637.0
SWBBL,2016-09-12,2706.0,2725.0,2700.0,2700.0,0.00 %,1369.0,3699040.0,0.0,0.0,2703.6,2601.55,2661.879184953815,2635.093951947796,58.46146989354361,26.785233006019098,8.707155286098956,63.36470519393899,2601.55,88.7192348455619,2778.988469691124,2424.1115303088764,284637.0
SWBBL,2016-09-14,2660.0,2660.0,2660.0,2660.0,-1.48 %,50.0,133000.0,-0.014814814814814836,-0.014925650216675706,2692.6,2609.05,2661.590079576305,2636.9388443961075,52.955774678236864,24.651235180197546,11.895971264918675,61.6957976800862,2609.05,86.89405224635618,2782.838104492713,2435.2618955072876,284587.0
SWBBL,2016-09-18,2713.0,2713.0,2600.0,2601.0,-2.22 %,1032.0,2731710.0,-0.022180451127819523,-0.02243013632709319,2669.2,2614.1,2652.2685288722582,2634.2767077741732,46.06469406686393,17.991821098084984,13.115141231551936,65.36038356008005,2614.1,83.07377824308907,2780.247556486178,2447.952443513822,283555.0
SWBBL,2016-09-20,2625.0,2640.0,2623.0,2630.0,1.11 %,1327.0,3488170.0,0.011149557862360604,0.011087859723158665,2658.2,2620.65,2648.8426013534495,2633.9599146057158,49.54044082521327,14.882686747733715,13.468650334788293,63.47749902007433,2620.65,78.56293152962972,2777.7758630592593,2463.524136940741,284882.0
SWBBL,2016-09-21,2645.0,2645.0,2600.0,2640.0,0.38 %,1310.0,3434400.0,0.0038022813688212143,0.0037950709685515343,2646.2,2626.4,2647.4822011452266,2634.407328338626,50.71976827348387,13.074872806600524,13.389894829150741,62.1576776614976,2626.4,75.33601920380875,2777.0720384076176,2475.7279615923826,286192.0
SWBBL,2016-09-22,2625.0,2625.0,2616.0,2616.0,-0.91 %,262.0,686760.0,-0.009090909090909038,-0.009132483563272474,2629.4,2631.45,2642.6387855844227,2633.043822535765,47.83047533247472,9.594963048657974,12.630908473052187,59.43212925710492,2631.45,70.71921870849381,2772.8884374169875,2490.011562583012,285930.0
SWBBL,2016-09-25,2625.0,2625.0,2616.0,2616.0,-0.91 %,262.0,686760.0,0.0,0.0,2620.6,2639.25,2638.540510879127,2631.7813171627454,47.830475332352464,6.75919371638156,11.456565521718064,55.829834310168856,2639.25,58.33196740257905,2755.913934805158,2522.586065194842,285930.0
SWBBL,2016-09-26,2465.0,2570.0,2465.0,2500.0,0.00 %,1576.0,3928070.0,-0.04434250764525993,-0.0453557017207972,2600.4,2640.4,2617.2265861284923,2622.019738113653,36.25379775796943,-4.7931519851608755,8.206622020342277,62.62770328801394,2640.4,55.102201694504494,2750.604403389009,2530.1955966109913,284354.0
SWBBL,2016-09-27,2450.0,2550.0,2450.0,2525.0,1.00 %,1276.0,3180240.0,0.010000000000000009,0.009950330853168092,2579.4,2637.65,2603.0378805702626,2614.833090845975,39.644301471244944,-11.795210275712634,4.206255561131295,65.2971530531558,2637.65,59.474253606986764,2756.598507213974,2518.7014927860264,285630.0
SWBBL,2016-09-28,2574.0,2574.0,2475.0,2500.0,-0.99 %,680.0,1699140.0,-0.00990099009900991,-0.009950330853168092,2551.4,2631.75,2587.1858989440684,2606.3269359684955,37.496541219966964,-19.141037024427078,-0.46320295598037964,67.70449926364468,2631.75,66.91382911116895,2765.577658222338,2497.922341777662,284950.0
SWBBL,2016-09-29,2495.0,2500.0,2465.0,2490.0,-0.40 %,3790.0,9453170.0,-0.0040000000000000036,-0.004008021397538822,2526.2,2625.55,2572.2342221834424,2597.710125896755,36.64143093335927,-25.47590371331262,-5.465743107446828,65.36846360195577,2625.55,74.01313894738593,2773.576277894772,2477.5237221052284,281160.0
SWBBL,2016-10-02,2500.0,2500.0,2380.0,2400.0,-3.61 %,2952.0,7157800.0,-0.03614457831325302,-0.036813973122716316,2483.0,2615.05,2545.7366495398355,2583.0649313858844,30.008538440539482,-37.32828184604887,-11.838250855167237,69.27071620181607,2615.05,89.59174950267659,2794.233499005353,2435.866500994647,278208.0
SWBBL,2016-10-03,2400.0,2450.0,2400.0,2441.0,1.71 %,2588.0,6232230.0,0.01708333333333334,0.016939054056923086,2471.2,2606.6,2529.623318841399,2572.5416031350783,35.717405867241695,-42.918284293679335,-18.054257542869657,67.89423647311493,2606.6,97.69630710039988,2801.9926142008,2411.2073857992,280796.0
SWBBL,2016-10-04,2450.0,2499.0,2421.0,2499.0,2.38 %,3948.0,9674190.0,0.023760753789430655,0.023482860441992406,2466.0,2601.05,2524.9120390196454,2567.0940769769245,42.822340541655635,-42.182037957279135,-22.879813625751552,68.6160767250353,2601.05,100.60264462361907,2802.255289247238,2399.8447107527622,284744.0
SWBBL,2016-10-05,2500.0,2525.0,2480.0,2505.0,0.24 %,438.0,1100760.0,0.0024009603841537164,0.002398082684012846,2467.0,2592.8,2521.8486484012383,2562.4945157193747,43.51782281294879,-40.645867318136425,-26.43302436422853,66.92921410181849,2592.8,101.4129650177297,2795.6259300354595,2389.974069964541,285182.0
SWBBL,2016-10-06,2550.0,2600.0,2548.0,2590.0,3.39 %,1236.0,3169360.0,0.03393213572854292,0.03336914117461827,2487.0,2586.55,2532.3334717241246,2564.531958999421,52.35870506248911,-32.19848727529643,-27.58611694644211,68.93427023740288,2586.55,97.25196520813954,2781.0539304162794,2392.046069583721,286418.0
SWBBL,2016-10-16,2539.0,2539.0,2500.0,2500.0,-3.47 %,110.0,276950.0,-0.03474903474903479,-0.03536714383729136,2507.0,2575.8,2527.359091458875,2559.751813888353,44.428969812438034,-32.392722429478,-28.54743804304929,70.43896522044554,2575.8,94.13909082339677,2764.078181646794,2387.5218183532065,286308.0
SWBBL,2016-10-17,2480.0,2490.0,2479.0,2490.0,-0.40 %,287.0,711960.0,-0.0040000000000000036,-0.004008021397538822,2516.8,2564.4,2521.6115389267406,2554.5850128595857,43.63814865085962,-32.97347393284508,-29.43264522100845,66.90761056184229,2564.4,89.71381399236009,2743.8276279847205,2384.9723720152797,286021.0
SWBBL,2016-10-18,2480.0,2488.0,2461.0,2465.0,-1.00 %,1069.0,2637420.0,-0.010040160642570295,-0.010090902981962831,2510.0,2553.4,2512.9020713995496,2547.949085981098,41.64254629448017,-35.04701458154841,-30.555519093116445,64.19992409313927,2553.4,87.61122254478967,2728.6224450895793,2378.177554910421,284952.0
SWBBL,2016-10-20,2470.0,2490.0,2465.0,2490.0,1.01 %,480.0,1188750.0,0.010141987829614507,0.01009090298196272,2507.0,2542.9,2509.3786757996186,2543.656561093609,44.3816620181378,-34.277885293990494,-31.299992333291257,61.3999295150579,2542.9,81.48677645388436,2705.873552907769,2379.9264470922312,285432.0
SWBBL,2016-10-23,2450.0,2450.0,2409.0,2410.0,-3.21 %,858.0,2080570.0,-0.032128514056224855,-0.03265596297405257,2471.0,2528.4,2494.0896487535238,2533.756075086675,38.20236637954178,-39.66642633315132,-32.973279133263276,62.79993454969662,2528.4,77.77795655787735,2683.955913115755,2372.8440868842454,284574.0
SWBBL,2016-10-24,2458.0,2500.0,2450.0,2451.0,1.66 %,732.0,1812010.0,0.017012448132780023,0.016869357043411835,2461.2,2517.95,2487.4604720222123,2527.6259954506254,42.61230690306133,-40.16552342841305,-34.41172799229323,64.74279636757544,2517.95,73.06340073059212,2664.076801461184,2371.8231985388156,285306.0
SWBBL,2016-10-25,2465.0,2465.0,2435.0,2440.0,-0.41 %,1120.0,2735850.0,-0.004487964096287267,-0.00449806524086506,2451.2,2509.9,2480.158860941872,2521.1351809728017,41.75145971977082,-40.976320030929855,-35.72464640002055,62.261168055605765,2509.9,72.29682966044012,2654.4936593208804,2365.30634067912,284186.0
SWBBL,2016-10-26,2401.0,2425.0,2400.0,2405.0,-1.43 %,1409.0,3387290.0,-0.014344262295082011,-0.014448135747386041,2439.2,2498.65,2468.595959258507,2512.5325749748163,39.0484077904157,-43.93661571630946,-37.367040263278334,60.6710846230625,2498.65,70.09713185815951,2638.844263716319,2358.4557362836813,282777.0
SWBBL,2016-10-27,2425.0,2450.0,2405.0,2450.0,1.87 %,2930.0,7074510.0,0.018711018711018657,0.01853812099891106,2431.2,2489.15,2465.7350424495057,2507.900532384089,44.062739617109834,-42.16548993458309,-38.32673019753929,59.55172143570089,2489.15,62.38275318339382,2613.9155063667877,2364.3844936332125,285707.0
SWBBL,2016-11-03,2450.0,2574.0,2448.0,2574.0,5.06 %,1048.0,2618190.0,0.050612244897959124,0.049373084617299244,2464.0,2487.05,2482.3911897649664,2512.7967892445267,55.03906970172226,-30.40559947956035,-36.742504053943506,64.29802704743653,2487.05,58.47219312138419,2603.9943862427685,2370.105613757232,286755.0
SWBBL,2016-11-07,2570.0,2700.0,2568.0,2680.0,4.12 %,3037.0,7976220.0,0.041181041181041156,0.04035568534883036,2509.8,2490.25,2512.792545185741,2525.1822122634508,61.918317558526496,-12.389667077709873,-31.871936658696782,69.13388225833393,2490.25,67.02621246869111,2624.302424937382,2356.197575062618,289792.0
SWBBL,2016-11-08,2645.0,2680.0,2600.0,2620.0,-2.24 %,5510.0,14505000.0,-0.02238805970149249,-0.022642476749759777,2545.8,2496.25,2529.28599977255,2532.2057520957874,56.63595768145089,-2.9197523232373896,-26.081499791604905,69.91003352559578,2496.25,73.04567785047209,2642.3413557009444,2350.1586442990556,284282.0
SWBBL,2016-11-09,2575.0,2610.0,2560.0,2570.0,-1.91 %,1609.0,4145370.0,-0.01908396946564883,-0.019268418865877032,2578.8,2498.5,2535.5496921152344,2535.005326014618,52.60817946551933,0.5443661006165712,-20.75632661316061,69.20217398805323,2498.5,74.65323344076435,2647.8064668815286,2349.1935331184714,282673.0
SWBBL,2016-11-10,2550.0,2550.0,2380.0,2400.0,-6.61 %,11783.0,28624000.0,-0.06614785992217898,-0.06843716155322849,2568.8,2493.5,2514.695893328275,2525.0049314950165,41.739353822251246,-10.30903816674163,-18.666868923876816,77.83059013176371,2493.5,77.82875939829096,2649.157518796582,2337.842481203418,270890.0
SWBBL,2016-11-13,2401.0,2450.0,2401.0,2412.0,0.50 %,950.0,2304130.0,0.004999999999999893,0.004987541511038968,2536.4,2489.6,2498.896525123925,2516.634195828719,42.64020683125914,-17.7376707047938,-18.481029280060213,75.84269083663773,2489.6,79.93905573361707,2649.478111467234,2329.7218885327657,271840.0
SWBBL,2016-11-14,2400.0,2400.0,2376.0,2390.0,-0.91 %,1420.0,3392960.0,-0.009121061359867344,-0.009162912921519724,2478.4,2489.1,2482.143213566398,2507.2538850265914,41.37703023313898,-25.110671460193316,-19.806957716086835,72.99678434830646,2489.1,80.55785759971538,2650.2157151994306,2327.984284800569,270420.0
SWBBL,2016-11-15,2375.0,2393.0,2375.0,2385.0,-0.21 %,743.0,1775880.0,-0.0020920502092049986,-0.002094241603114737,2431.4,2486.3,2467.1981037869523,2498.1980416912884,41.07917959346474,-30.999937904336093,-22.045553753736687,69.06844260914173,2486.3,83.24605253801103,2652.7921050760224,2319.807894923978,269677.0
SWBBL,2016-11-16,2400.0,2400.0,2352.0,2352.0,-1.38 %,1687.0,3988810.0,-0.01383647798742138,-0.01393309430392405,2387.8,2478.95,2449.4753185889595,2487.3685571215633,39.079690870911115,-37.893238532603846,-25.215090709510118,67.56355385134589,2478.95,88.39592453098517,2655.7418490619702,2302.1581509380294,267990.0
SWBBL,2016-11-17,2306.0,2310.0,2235.0,2285.0,-2.85 %,2977.0,6740300.0,-0.02848639455782309,-0.02890000569021243,2364.8,2467.95,2424.171423421427,2472.378293631077,35.32069394014982,-48.20687020965033,-29.813446609538165,71.09472857624975,2467.95,98.13549977349132,2664.2209995469825,2271.679000453017,265013.0
SWBBL,2016-11-20,2240.0,2240.0,2060.0,2110.0,-7.66 %,3498.0,7508670.0,-0.07658643326039383,-0.07967807685819285,2304.4,2443.95,2375.837358279669,2445.535457065812,27.799241316633697,-69.69809878614296,-37.79037704485913,82.08796224937477,2443.95,122.40849428731535,2688.7669885746304,2199.133011425369,261515.0
SWBBL,2016-11-21,2095.0,2162.0,2050.0,2100.0,-0.47 %,1352.0,2823260.0,-0.004739336492891044,-0.004750602758597865,2246.4,2423.95,2333.400841621258,2419.9402380239,27.439659396019294,-86.53939640264161,-47.54018091641562,84.22453637441943,2423.95,143.61002567261022,2711.17005134522,2136.7299486547795,260163.0
SWBBL,2016-11-22,2061.0,2075.0,2058.0,2060.0,-1.90 %,1918.0,3957650.0,-0.01904761904761909,-0.019231361927887644,2181.4,2402.45,2291.339173679526,2393.2779981702774,25.991422436134528,-101.93882449075136,-58.41990963128277,81.2084980619609,2402.45,163.94879656386763,2730.3475931277353,2074.5524068722643,258245.0
SWBBL,2016-11-23,2019.0,2019.0,1940.0,1950.0,-5.34 %,3154.0,6159060.0,-0.05339805825242716,-0.05487661022583425,2101.0,2376.7,2238.8254546519065,2360.442590898405,22.477960930090234,-121.61713624649838,-71.0593549543259,83.9793196289637,2376.7,191.70182438800077,2760.103648776001,1993.2963512239983,255091.0
SWBBL,2016-11-24,1989.0,1989.0,1860.0,1860.0,-4.62 %,3401.0,6479360.0,-0.0461538461538461,-0.0472528848505455,2016.0,2345.2,2180.54461547469,2323.372769350375,20.085610987580566,-142.82815387568508,-85.41311473859773,87.19508251260915,2345.2,221.5423447702934,2788.2846895405864,1902.115310459413,251690.0
SWBBL,2016-11-27,1850.0,1850.0,1711.0,1711.0,-8.01 %,3744.0,6607280.0,-0.0801075268817204,-0.08349849281505342,1936.2,2310.25,2108.306982324738,2278.0118234725696,16.882121776702846,-169.70484114783176,-102.27146002044454,91.60971947599421,2310.25,262.18913924273437,2834.628278485469,1785.8717215145311,247946.0
SWBBL,2016-11-28,1677.0,1833.0,1540.0,1790.0,4.62 %,6265.0,10145700.0,0.04617182933956743,0.045137624942607125,1874.2,2277.2,2059.3366773517014,2241.8627995116385,23.819678190568084,-182.52612215993713,-118.32239244834307,105.9947395134232,2277.2,284.24629794377404,2845.692595887548,1708.7074041124517,254211.0
SWBBL,2016-11-29,1755.0,1864.0,1620.0,1830.0,2.23 %,6872.0,12280100.0,0.022346368715083775,0.02210034700066592,1828.2,2246.7,2024.054111605286,2211.354443992258,27.135897784037596,-187.30033238697206,-132.11798043606888,115.85225811960726,2246.7,298.2406481526794,2843.1812963053585,1650.2187036946411,261083.0
SWBBL,2016-11-30,1866.0,1976.0,1820.0,1950.0,6.56 %,6503.0,12171300.0,0.06557377049180335,0.06351340572232593,1828.2,2223.95,2012.6611713583188,2191.994855548387,36.119939047733844,-179.3336841900682,-141.56112118686875,118.71995396820674,2223.95,302.84814242194903,2829.646284843898,1618.2537151561019,267586.0
SWBBL,2016-12-01,1960.0,1994.0,1888.0,1900.0,-2.56 %,8512.0,16556900.0,-0.02564102564102566,-0.025975486403260677,1836.2,2196.45,1995.328683457039,2170.365606989247,34.22632349338417,-175.03692353220822,-148.25628165593665,117.81138582762054,2196.45,306.19420651813004,2808.83841303626,1584.0615869637397,259074.0
SWBBL,2016-12-04,1890.0,1910.0,1831.0,1867.0,-1.74 %,3866.0,7199840.0,-0.01736842105263159,-0.017521021612809225,1867.4,2161.1,1975.585809079033,2147.894080545599,32.996777031174474,-172.3082714665661,-153.06667961806255,115.0391439827905,2161.1,301.08084243972536,2763.2616848794505,1558.9383151205493,255208.0
SWBBL,2016-12-05,1900.0,1900.0,1800.0,1800.0,-3.59 %,1551.0,2839740.0,-0.03588644884841996,-0.03654619965746659,1869.4,2117.1,1948.5726076822586,2122.1241486533327,30.593727953934874,-173.55154097107402,-157.16365188866484,113.96491941259119,2117.1,285.1370676857454,2687.374135371491,1546.825864628509,253657.0
SWBBL,2016-12-06,1836.0,1840.0,1774.0,1808.0,0.44 %,875.0,1567240.0,0.004444444444444473,0.004434597067865775,1865.0,2076.5,1926.9460526542189,2098.8556931975304,31.23766234232336,-171.90964054331153,-160.1128496195942,110.53885374026324,2076.5,266.9936920209011,2610.487384041802,1542.5126159581978,254532.0
SWBBL,2016-12-07,1844.0,1844.0,1780.0,1795.0,-0.72 %,1934.0,3460210.0,-0.007190265486725633,-0.0072162400297425275,1834.0,2037.75,1906.6466599381852,2076.347864071787,30.73858842970496,-169.701204133602,-162.03052052239576,107.214649901673,2037.75,247.09850475597,2531.94700951194,1543.55299048806,252598.0
SWBBL,2016-12-08,1830.0,1830.0,1780.0,1800.0,0.28 %,3617.0,6484990.0,0.0027855153203342198,0.0027816429618767705,1814.0,2007.75,1890.2394814861566,2055.8776519183216,31.193916595573413,-165.638170432165,-162.75205050434963,103.12788919441064,2007.75,237.02051321397303,2481.7910264279462,1533.708973572054,256215.0
SWBBL,2016-12-11,1800.0,1805.0,1750.0,1775.0,-1.39 %,2027.0,3608540.0,-0.01388888888888884,-0.01398624197473984,1795.6,1975.9,1872.5103304882864,2035.0718999243718,30.12744292560734,-162.5615694360854,-162.7139542906968,99.69018282338132,1975.9,222.17368738990174,2420.2473747798035,1531.5526252201967,254188.0
SWBBL,2016-12-12,1740.0,1775.0,1740.0,1770.0,-0.28 %,1245.0,2190340.0,-0.0028169014084507005,-0.0028208763416413406,1789.6,1944.9,1856.7395104131654,2015.4369443744183,29.907215757635456,-158.69743396125295,-161.91065022480805,95.06945547885408,1944.9,203.85208776025658,2352.6041755205133,1537.1958244794869,252943.0
SWBBL,2016-12-14,1770.0,1770.0,1750.0,1768.0,-0.11 %,2045.0,3604580.0,-0.001129943502824804,-0.0011305823702860267,1781.6,1914.05,1843.087278041909,1997.1082818281652,29.813337742983833,-154.0210037862562,-160.3327209370977,89.70735151607879,1914.05,178.90440699465785,2271.8588139893154,1556.2411860106843,250898.0
SWBBL,2016-12-15,1800.0,1817.0,1756.0,1785.0,0.96 %,2228.0,3989230.0,0.009615384615384581,0.009569451016150672,1779.6,1885.7,1834.1507737277693,1981.3965572483012,31.773730753023486,-147.24578352053186,-157.71533345378452,87.65682640778745,1885.7,148.1301348210764,2181.960269642153,1589.439730357847,253126.0
SWBBL,2016-12-18,1785.0,1790.0,1770.0,1785.0,0.00 %,7012.0,12488900.0,0.0,0.0,1776.6,1860.7,1826.5891162311896,1966.8486641187974,31.773730752967268,-140.25954788760782,-154.22417634054918,82.82419595008835,1860.7,115.87384246854911,2092.447684937098,1628.9523150629018,253126.0
SWBBL,2016-12-19,1332.0,1358.0,1325.0,1325.0,-0.52 %,727.0,972467.0,-0.25770308123249297,-0.2980059557934168,1686.6,1821.45,1749.4215598879296,1919.304318628516,16.932172213633038,-169.8827587405865,-157.35589282055665,109.76532481079633,1821.45,153.7463649549065,2128.942729909813,1513.957270090187,252399.0
SWBBL,2016-12-20,1320.0,1320.0,1291.0,1291.0,-2.57 %,3017.0,3917520.0,-0.025660377358490583,-0.025995347573680102,1590.8,1781.0,1678.8951660590171,1872.7632579893666,16.325190880711062,-193.86809193034946,-164.65833264251523,104.35351589573945,1781.0,180.66893246460515,2142.3378649292104,1419.6621350707896,249382.0
SWBBL,2016-12-21,1266.0,1290.0,1250.0,1265.0,-2.01 %,4099.0,5193120.0,-0.020139426800929505,-0.020344989685021884,1490.2,1741.25,1615.218986665322,1827.7437573975617,15.857062982779098,-212.52477073223963,-174.23162026046015,99.82826476032949,1741.25,202.2241786262416,2145.698357252483,1336.8016427475168,245283.0
SWBBL,2016-12-22,1260.0,1275.0,1250.0,1250.0,-1.19 %,1590.0,2005600.0,-0.011857707509881465,-0.011928570865273845,1383.2,1706.25,1559.0314502552726,1784.9479235162607,15.57949948527309,-225.91647326098814,-184.56859086056573,94.48338870602025,1706.25,223.63595299881848,2153.521905997637,1258.978094002363,243693.0
SWBBL,2016-12-26,1250.0,1250.0,1202.0,1202.0,-3.84 %,3072.0,3739670.0,-0.03839999999999999,-0.03915671520119391,1266.6,1673.35,1504.1035348313844,1741.7665958483894,14.693180454954813,-237.66306101700502,-195.18748489185361,91.16314665559024,1673.35,247.00613139631585,2167.3622627926316,1179.3377372073683,240621.0
SWBBL,2016-12-27,1190.0,1220.0,1178.0,1220.0,1.50 %,1327.0,1584440.0,0.014975041597337757,0.01486402263214934,1245.6,1648.8,1460.395298703479,1703.1172183781384,16.60907376841196,-242.72191967465938,-204.6943718484148,87.65149332304809,1648.8,266.683648582095,2182.16729716419,1115.43270283581,241948.0
SWBBL,2016-12-28,1201.0,1244.0,1200.0,1244.0,1.97 %,1452.0,1783780.0,0.01967213114754096,0.01948113557182249,1236.2,1621.5,1427.1037142875593,1669.1085355353132,19.214300239030138,-242.00482124775385,-212.15646172828264,84.53352951425893,1621.5,279.12485416123747,2179.749708322475,1063.2502916775252,243400.0
SWBBL,2016-12-29,1265.0,1295.0,1250.0,1250.0,0.48 %,2511.0,3158280.0,0.004823151125401992,0.004811556997222117,1233.2,1592.5,1399.8569890125502,1638.0634588289938,19.888127011143837,-238.2064698164436,-217.36646334591484,82.13827740609757,1592.5,286.35853492836844,2165.217069856737,1019.7829301432631,245911.0
SWBBL,2017-01-01,1275.0,1340.0,1275.0,1300.0,4.00 %,1890.0,2461890.0,0.040000000000000036,0.03922071315328133,1243.2,1560.0,1384.4943753183118,1613.0217211379572,25.46723109815055,-228.52734581964546,-219.59863984066095,82.69982901994776,1560.0,280.47403482413876,2120.9480696482774,999.0519303517225,247801.0
SWBBL,2017-01-02,1326.0,1326.0,1295.0,1295.0,-0.38 %,2170.0,2828960.0,-0.0038461538461538325,-0.0038535693159899662,1261.8,1529.75,1370.7260098847253,1589.4645566092197,25.27765263278964,-218.73854672449443,-219.42662121742765,79.00698408995149,1529.75,274.4345142863501,2078.6190285727002,980.8809714272998,245631.0
SWBBL,2017-01-03,1300.0,1300.0,1270.0,1270.0,-1.93 %,250.0,319500.0,-0.019305019305019266,-0.01949379468100113,1271.8,1499.9,1355.2297006716906,1565.8005153789072,24.303491858915336,-210.57081470721664,-217.65545991538548,75.50648522638352,1499.9,268.21866570316274,2036.3373314063256,963.4626685936746,245381.0
SWBBL,2017-01-04,1270.0,1295.0,1270.0,1295.0,1.97 %,150.0,192250.0,0.019685039370078705,0.019493794681001132,1282.0,1474.65,1345.9635928760458,1545.7412179434325,27.31992662090775,-199.77762506738668,-214.07989294578573,71.89887913878471,1474.65,262.1827958144064,1999.015591628813,950.2844083711873,245531.0
SWBBL,2017-01-05,1318.0,1318.0,1281.0,1299.0,0.39 %,2042.0,2652370.0,0.003088803088802994,0.0030840425369613195,1291.8,1449.2,1338.7384247412695,1527.4640906883633,27.815566576046706,-188.72566594709383,-209.00904754604736,69.40610205744294,1449.2,252.6525802674408,1954.5051605348817,943.8948394651184,247573.0
SWBBL,2017-01-08,1300.0,1300.0,1250.0,1274.0,-2.00 %,2519.0,3188050.0,-0.019245573518090864,-0.019433180538490906,1286.6,1423.15,1328.7786670887665,1508.6889728595957,26.59485441829642,-179.91030577082915,-203.18929919100373,68.01995191048273,1423.15,241.74568520615972,1906.6413704123195,939.6586295876807,245054.0
SWBBL,2017-01-09,1297.0,1297.0,1285.0,1285.0,0.86 %,260.0,336500.0,0.008634222919937207,0.008597161197211519,1284.6,1397.4,1322.0434875366484,1492.1194193144404,28.09023112754447,-170.075931777792,-196.56662570836139,64.80424105973397,1397.4,226.43539801384952,1850.2707960276991,944.529203972301,245314.0
SWBBL,2017-01-10,1310.0,1311.0,1300.0,1305.0,1.56 %,1101.0,1437620.0,0.015564202334630295,0.015444322427473556,1291.6,1373.9,1319.4214125310102,1478.2587215874448,30.848567845718534,-158.8373090564346,-189.02076237797604,62.03250955546726,1373.9,208.894055242833,1791.6881104856661,956.111889514334,246415.0
SWBBL,2017-01-11,1300.0,1300.0,1275.0,1275.0,-2.30 %,954.0,1231130.0,-0.02298850574712641,-0.023256862164267235,1287.6,1349.15,1312.587349064701,1463.2025199883747,29.048616432112468,-150.61517092367376,-181.3396440871156,59.74447315864817,1349.15,187.7473876754446,1724.6447753508892,973.6552246491109,245461.0
SWBBL,2017-01-12,1280.0,1280.0,1270.0,1280.0,0.39 %,309.0,394520.0,0.0039215686274509665,0.003913899321136315,1283.8,1324.75,1307.5739107470545,1449.6319629521988,29.783968786155185,-142.05805220514435,-173.48332571072135,56.19129650445902,1324.75,160.12688225610023,1645.0037645122004,1004.4962354877996,245770.0
SWBBL,2017-01-15,1280.0,1280.0,1255.0,1255.0,-1.95 %,489.0,621345.0,-0.01953125,-0.01972450534777859,1280.0,1298.25,1299.4856167859691,1435.2147805112952,28.209669480701194,-135.7291637253261,-165.93249331364228,53.96334675414052,1298.25,118.35756485286916,1534.9651297057383,1061.5348702942617,245281.0
SWBBL,2017-01-16,1235.0,1280.0,1235.0,1245.0,-0.80 %,449.0,560770.0,-0.007968127490039834,-0.008000042667076265,1272.0,1271.25,1291.1032142035124,1421.1247967697177,27.58165489451376,-130.02158256620532,-158.7503111641549,53.32310770027334,1271.25,30.341694432893277,1331.9333888657866,1210.5666111342134,244832.0
SWBBL,2017-01-17,1255.0,1255.0,1221.0,1240.0,-0.40 %,1300.0,1609370.0,-0.004016064257028162,-0.004024150299725491,1259.0,1267.0,1283.2411812491257,1407.7081451571462,27.254937980126485,-124.46696390802049,-151.89364171292803,51.942885721682394,1267.0,28.301013558307304,1323.6020271166146,1210.3979728833854,243532.0
SWBBL,2017-01-18,1240.0,1250.0,1240.0,1250.0,0.81 %,498.0,621610.0,0.008064516129032251,0.008032171697264253,1254.0,1264.95,1278.127153364645,1396.026060330691,29.064728109492492,-117.89890696604607,-145.09469476355164,48.9469653129908,1264.95,27.953862363885882,1320.8577247277717,1209.0422752722284,244030.0
SWBBL,2017-01-19,1230.0,1241.0,1230.0,1240.0,-0.80 %,121.0,149880.0,-0.008000000000000007,-0.008032171697264267,1246.0,1263.7,1272.2614374623918,1384.4685743802693,28.30633730640419,-112.2071369178775,-138.51718319441682,46.87932493349146,1263.7,28.505031873543118,1320.7100637470862,1206.6899362529139,243909.0
SWBBL,2017-01-22,1240.0,1250.0,1240.0,1242.0,0.00 %,775.0,964600.0,0.001612903225806539,0.0016116038943416128,1243.4,1263.3,1267.605831698947,1373.9153466483974,28.70700867483798,-106.30951494945043,-132.07564954542354,44.245087438242074,1263.3,28.762365761824476,1320.824731523649,1205.775268476351,244684.0
SWBBL,2017-01-23,1264.0,1264.0,1264.0,1264.0,1.93 %,10.0,12640.0,0.017713365539452575,0.017558312213378734,1247.2,1266.4,1267.0510883606476,1365.7734691188864,33.13382392370298,-98.72238075823884,-125.40499578798662,42.656152621224784,1266.4,24.887959464814134,1316.1759189296283,1216.6240810703719,244694.0
SWBBL,2017-01-24,1240.0,1240.0,1220.0,1235.0,-2.29 %,276.0,339610.0,-0.022943037974683556,-0.023210325644725173,1246.2,1267.15,1262.1201516897786,1356.0865454804505,30.44978510618799,-93.96639379067187,-119.11727538852368,42.75214171970873,1267.15,23.609264461805953,1314.368528923612,1219.931471076388,244418.0
SWBBL,2017-01-25,1230.0,1230.0,1158.0,1158.0,-6.23 %,2304.0,2707440.0,-0.06234817813765181,-0.064376590929137,1227.8,1262.85,1246.101666814428,1341.413468037454,24.72316139598972,-95.31180122302612,-114.35618055542417,45.19841731115811,1262.85,33.71595749018753,1330.281914980375,1195.4180850196249,242114.0
SWBBL,2017-01-26,1140.0,1162.0,1110.0,1117.0,-3.54 %,2382.0,2676580.0,-0.03540587219343694,-0.03604785906373982,1203.2,1256.2,1226.2398719199005,1324.7902481828278,22.31648338583723,-98.55037626292733,-111.19501969692482,45.68424464607539,1256.2,46.916050446304006,1350.032100892608,1162.367899107392,239732.0
SWBBL,2017-01-30,1122.0,1122.0,1006.0,1006.0,-9.94 %,3499.0,3590520.0,-0.09937332139659805,-0.1046644484095162,1156.0,1241.5,1192.3568147014541,1301.1761557248406,17.382921677865568,-108.81934102338641,-110.71988396221714,50.70679859992715,1241.5,71.88477622305061,1385.2695524461012,1097.7304475538988,236233.0
SWBBL,2017-01-31,1026.0,1066.0,995.0,1040.0,3.38 %,2490.0,2542250.0,0.03379721669980129,0.03323864147573393,1111.2,1228.75,1168.9173047473842,1281.8297738192966,22.998260456774617,-112.91246907191248,-111.15840098415622,52.156312985646636,1228.75,83.5620632886667,1395.8741265773333,1061.6258734226667,238723.0
SWBBL,2017-02-01,1060.0,1144.0,1045.0,1144.0,10.00 %,2415.0,2602220.0,0.10000000000000009,0.09531017980432493,1093.0,1222.45,1165.0838732477864,1271.620160943793,37.08470721005554,-106.53628769600664,-110.23397832652631,55.85943348667188,1222.45,85.02536773164381,1392.5007354632876,1052.3992645367125,241138.0
SWBBL,2017-02-02,1166.0,1189.0,1122.0,1124.0,-1.75 %,3513.0,4026170.0,-0.0174825174825175,-0.017637141486106844,1086.2,1213.9,1158.7632773635116,1260.6853342072159,35.73099192061268,-101.92205684370424,-108.57159402996191,56.65518823762389,1213.9,85.93871745552919,1385.7774349110584,1042.0225650889417,237625.0
SWBBL,2017-02-05,1145.0,1150.0,1130.0,1141.0,1.51 %,1084.0,1233700.0,0.015124555160142439,0.015011319408439344,1091.0,1206.0,1156.0304654614329,1251.8197538955703,37.80907592031652,-95.78928843413746,-106.01513291079704,54.465531934936465,1206.0,84.96067201641145,1375.9213440328228,1036.0786559671772,238709.0
SWBBL,2017-02-06,1145.0,1145.0,1100.0,1100.0,-3.59 %,1081.0,1203170.0,-0.03593339176161259,-0.03659489107561369,1109.8,1197.3,1147.4103938519816,1240.5738461996023,34.87983220292847,-93.1634523476207,-103.44479679816178,53.78942251101243,1197.3,86.52538416713175,1370.3507683342634,1024.2492316657365,237628.0
SWBBL,2017-02-07,1080.0,1120.0,1070.0,1100.0,0.00 %,1269.0,1388130.0,0.0,0.0,1121.8,1188.05,1140.1164871055228,1230.1609687033356,34.879832202857486,-90.04448159781282,-100.76473375809199,53.518749474511544,1188.05,86.54507496100861,1361.1401499220171,1014.9598500779828,237628.0
SWBBL,2017-02-08,1100.0,1100.0,1060.0,1060.0,-3.64 %,1110.0,1189590.0,-0.036363636363636376,-0.0370412716803491,1105.0,1175.8,1127.7908737046732,1217.5564525030884,32.06867006492517,-89.76557879841516,-98.56490276615664,52.55312451204643,1175.8,86.45936069991616,1348.7187213998322,1002.8812786001677,236518.0
SWBBL,2017-02-09,1040.0,1075.0,1000.0,1000.0,-5.66 %,3306.0,3467470.0,-0.05660377358490565,-0.05826890812397576,1080.2,1162.05,1108.1307392885697,1201.441159725082,28.374509159892156,-93.31042043651223,-97.51400630022776,54.15647276118597,1162.05,91.56905648345305,1345.1881129669061,978.9118870330939,233212.0
SWBBL,2017-02-12,1005.0,1025.0,990.0,991.0,-1.00 %,2708.0,2698990.0,-0.009000000000000008,-0.00904074465214907,1050.2,1147.6,1090.1106255518666,1185.852925671372,27.8561486923808,-95.74230011950544,-97.15966506408331,52.78815327824412,1147.6,94.7247536147501,1337.0495072295,958.1504927704997,230504.0
SWBBL,2017-02-13,1009.0,1089.0,980.0,1089.0,10.00 %,1953.0,1986540.0,0.09889001009081744,0.09430058860297255,1048.0,1139.3,1089.9397600823486,1178.6786348809,40.58448473520646,-88.73887479855148,-95.47550701097695,56.80328518694097,1139.3,92.0538172112629,1323.4076344225257,955.1923655774742,232457.0
SWBBL,2017-02-14,1068.0,1090.0,1050.0,1060.0,-2.85 %,1548.0,1662490.0,-0.026629935720844822,-0.026990935826847653,1040.0,1130.05,1085.3336431466028,1169.8876248897222,38.424092844546465,-84.5539817431195,-93.29120195740548,55.6030505307309,1130.05,90.14869295842279,1310.3473859168455,949.7526140831544,230909.0
SWBBL,2017-02-15,1078.0,1095.0,1050.0,1085.0,2.55 %,2948.0,3175600.0,0.02358490566037741,0.023311078868447146,1045.0,1122.3,1085.282313431741,1163.5996526756687,41.3238447663062,-78.31733924392779,-90.29642941470995,54.845689778535835,1122.3,86.79928449866635,1295.8985689973326,948.7014310026673,233857.0
SWBBL,2017-02-16,1106.0,1127.0,1090.0,1120.0,3.23 %,2859.0,3177400.0,0.032258064516129004,0.03174869831458027,1069.0,1115.8,1090.6234959807039,1160.3700487737674,45.213710686075494,-69.74655279306353,-86.18645409038066,53.92814050864042,1115.8,81.43489488708086,1278.6697897741617,952.9302102258382,236716.0
SWBBL,2017-02-19,1127.0,1205.0,1112.0,1205.0,7.59 %,6278.0,7278520.0,0.0758928571428572,0.0731508816356152,1111.8,1114.05,1108.2198812144418,1163.6759710868218,53.30914851389579,-55.45608987238006,-80.04038124678054,56.7189876151661,1114.05,78.9639991255603,1271.9779982511207,956.1220017488794,242994.0
SWBBL,2017-02-20,1229.0,1300.0,1181.0,1185.0,-1.99 %,5581.0,6876720.0,-0.016597510373444035,-0.016736792355523864,1131.0,1111.2,1120.0322071814508,1165.2555287840944,51.385162362687986,-45.22332160264364,-73.07696931795316,61.16763135693995,1111.2,75.03374679370273,1261.2674935874056,961.1325064125946,237413.0
SWBBL,2017-02-21,1204.0,1235.0,1157.0,1157.0,-2.03 %,3076.0,3683340.0,-0.02362869198312234,-0.023912326375554963,1150.4,1105.85,1125.7195599227662,1164.6440081334208,48.73337090260861,-38.924448210654646,-66.24646509649347,62.36994340287281,1105.85,66.9440261082773,1239.7380522165545,971.9619477834453,234337.0
SWBBL,2017-02-22,1146.0,1195.0,1145.0,1184.0,2.33 %,645.0,756725.0,0.023336214347450257,0.02306808825027437,1170.2,1103.3,1134.6857814731097,1166.077785308723,51.341053636293616,-31.392003835613195,-59.275572844317416,61.48637601695333,1103.3,62.59569516059669,1228.4913903211934,978.1086096788066,234982.0
SWBBL,2017-02-23,1161.0,1170.0,1151.0,1160.0,-2.36 %,791.0,916082.0,-0.020270270270270285,-0.020478531343540676,1178.2,1103.4,1138.5802766310928,1165.6275789895583,48.95725687322147,-27.04730235846546,-52.82991874714703,59.451634872885236,1103.4,62.68920833853329,1228.7784166770666,978.0215833229336,234191.0
SWBBL,2017-02-26,1165.0,1165.0,1120.0,1120.0,-3.11 %,870.0,987820.0,-0.03448275862068961,-0.03509131981127006,1161.2,1103.55,1135.7217725340017,1162.2477583236653,45.191160929544225,-26.525985789663537,-47.56913215565034,58.41937523910772,1103.55,62.727040253419716,1229.0040805068393,978.0959194931605,233321.0
SWBBL,2017-02-28,1125.0,1147.0,1100.0,1119.0,-0.09 %,790.0,874090.0,-0.0008928571428571397,-0.0008932559772149909,1148.0,1109.2,1133.1491921441552,1159.0442206700604,45.097759405717525,-25.895028525905218,-43.23431142970132,57.603705579171454,1109.2,58.4191749343207,1226.0383498686415,992.3616501313586,232531.0
SWBBL,2017-03-01,1120.0,1141.0,1104.0,1141.0,1.97 %,1458.0,1628280.0,0.01966041108132255,0.019469641550150348,1144.8,1114.25,1134.357008737362,1157.7076117315373,47.66068423245834,-23.350602994175233,-39.257569742596104,56.132012323516356,1114.25,56.45480260216011,1227.1596052043203,1001.3403947956798,233989.0
SWBBL,2017-03-02,1140.0,1162.0,1140.0,1162.0,1.84 %,482.0,554980.0,0.018404907975460016,0.018237587549780793,1140.4,1115.15,1138.6097766239218,1158.0255664180902,50.05730369606441,-19.415789794168404,-35.28921375291056,53.69401144326519,1115.15,57.09389772910493,1229.33779545821,1000.9622045417902,234471.0
SWBBL,2017-03-05,1162.0,1216.0,1162.0,1200.0,3.27 %,894.0,1066580.0,0.03270223752151469,0.032178898364235195,1148.4,1118.95,1148.0544263740876,1161.134783720454,54.14870113736731,-13.080357346366327,-30.847442471601717,53.71586776874624,1118.95,60.16072770422154,1239.2714554084432,998.628544591557,235365.0
SWBBL,2017-03-06,1205.0,1205.0,1175.0,1175.0,-2.08 %,661.0,790031.0,-0.02083333333333337,-0.02105340919783238,1159.4,1120.65,1152.1998992396125,1162.161836778198,51.178225447730306,-9.961937538585516,-26.67034148499848,52.0218772138358,1120.65,61.2864499491949,1243.2228998983899,998.0771001016103,234704.0
SWBBL,2017-03-07,1155.0,1174.0,1130.0,1174.0,-0.09 %,529.0,611950.0,-0.0008510638297872797,-0.000851426190217624,1170.4,1124.35,1155.5537608950567,1163.0387377575908,51.05757115306573,-7.48497686253404,-22.833268560505594,51.52031455570467,1124.35,62.20109577649111,1248.7521915529821,999.9478084470177,234175.0
SWBBL,2017-03-09,1170.0,1170.0,1170.0,1170.0,-0.34 %,50.0,58500.0,-0.0034071550255536653,-0.0034129725962399574,1176.2,1127.85,1157.7762592188942,1163.5543868125842,50.54426774758896,-5.778127593689987,-19.422240367142475,48.12600637315434,1127.85,62.72603337661833,1253.3020667532367,1002.3979332467633,234125.0
SWBBL,2017-03-13,1185.0,1185.0,1145.0,1150.0,-1.71 %,1618.0,1859840.0,-0.017094017094017144,-0.017241806434506103,1173.8,1132.35,1156.5799116467567,1162.5503581598002,47.94862544429342,-5.970446513043498,-16.73188159632268,47.54557734650046,1132.35,60.80103444416403,1253.952068888328,1010.7479311116718,232507.0
SWBBL,2017-03-14,1172.0,1172.0,1150.0,1170.0,1.74 %,708.0,823793.0,0.017391304347825987,0.017241806434505954,1167.8,1140.85,1158.6445406241787,1163.1021834812966,50.67642327653591,-4.457642857117889,-14.277033848481722,45.72089325032185,1140.85,52.663055061663286,1246.1761101233265,1035.5238898766734,233215.0
SWBBL,2017-03-15,1147.0,1175.0,1147.0,1165.0,-0.43 %,633.0,739537.0,-0.004273504273504258,-0.004282661792000848,1165.8,1149.55,1159.6223036050742,1163.242762482682,49.97136361212748,-3.6204588776079163,-12.14571885430696,44.45511516101315,1149.55,39.27564532628571,1228.1012906525714,1070.9987093474285,232582.0
SWBBL,2017-03-16,1165.0,1175.0,1155.0,1155.0,-0.86 %,960.0,1112620.0,-0.008583690987124415,-0.008620743043906975,1162.0,1152.85,1158.9111799735242,1162.632187483965,48.51746963742135,-3.7210075104408133,-10.460776585533733,42.70832122094078,1152.85,36.602092261255336,1226.0541845225107,1079.6458154774891,231622.0
SWBBL,2017-03-19,1155.0,1205.0,1170.0,1205.0,4.33 %,482.0,570840.0,0.04329004329004338,0.04237922296886154,1169.0,1160.1,1166.0017676699051,1165.7705439666345,55.49046367540494,0.23122370327064345,-8.322376527772859,43.229155419445014,1160.1,31.20543137620633,1222.5108627524125,1097.6891372475873,232104.0
SWBBL,2017-03-20,1229.0,1303.0,1220.0,1296.0,7.55 %,6462.0,8293760.0,0.07551867219917008,0.07280303098746459,1198.2,1170.65,1186.001495720689,1175.4171703394763,64.82766430203705,10.584325381212693,-4.541036145975749,47.14135860377037,1170.65,39.13845195021541,1248.926903900431,1092.3730960995692,238566.0
SWBBL,2017-03-21,1271.0,1425.0,1256.0,1425.0,9.95 %,6843.0,9385500.0,0.09953703703703698,0.09488921579053085,1249.2,1185.9,1222.7704963790445,1193.9047873513668,73.35944806872722,28.865709027677667,2.1403128887549348,55.84554727492963,1185.9,67.5050875276222,1320.9101750552445,1050.8898249447557,245409.0
SWBBL,2017-03-22,1453.0,1540.0,1400.0,1430.0,0.35 %,8696.0,12995300.0,0.0035087719298245723,0.0035026305512020745,1302.2,1197.15,1254.651958474576,1211.393321621636,73.62648517920954,43.25863685294007,10.363977681591962,61.85657961243466,1197.15,86.83637062409133,1370.8227412481829,1023.4772587518174,254105.0
SWBBL,2017-03-23,1440.0,1479.0,1397.0,1435.0,0.00 %,4303.0,6205190.0,0.0034965034965035446,0.0034904049397685676,1358.2,1209.65,1282.397811016949,1227.9567792792925,73.90814060040184,54.44103173765643,19.179388492804858,63.29539535440361,1209.65,101.71439633139093,1413.078792662782,1006.2212073372182,258408.0
SWBBL,2017-03-26,1450.0,1554.0,1450.0,1534.0,7.27 %,5595.0,8556670.0,0.06898954703832749,0.06671385373347997,1424.0,1228.5,1321.1058400912646,1250.6266474808263,78.74770081120201,70.4791926104383,29.439349316331548,67.27429568623192,1228.5,123.94714493221991,1476.3942898644398,980.6057101355602,264003.0
SWBBL,2017-03-28,1534.0,1635.0,1560.0,1620.0,5.61 %,4694.0,7541729.0,0.05606258148631027,0.05454744629922823,1488.8,1250.3,1367.0895570003008,1277.9876365563207,81.89012161779902,89.10192044398013,41.37186354186127,69.68327456578679,1250.3,151.08070342494113,1552.4614068498822,948.1385931501177,268697.0
SWBBL,2017-03-29,1620.0,1718.0,1585.0,1595.0,-1.54 %,7540.0,12300034.0,-0.015432098765432056,-0.01555241300748477,1522.8,1272.05,1402.1527020771778,1301.470033848445,78.26715598572372,100.68266822873284,53.234024479235586,74.20589781108774,1272.05,167.78509908120802,1607.620198162416,936.4798018375839,261157.0
SWBBL,2017-03-30,1595.0,1643.0,1561.0,1605.0,0.63 %,4719.0,7546011.0,0.006269592476489061,0.006250020345171326,1557.8,1296.3,1433.3599786806888,1323.9537350448566,78.67359466546671,109.4062436358322,64.46846831055491,74.76261939601005,1296.3,179.3057077789545,1654.911415557909,937.6885844420909,265876.0
SWBBL,2017-04-02,1637.0,1765.0,1630.0,1765.0,9.97 %,2045.0,3551310.0,0.09968847352024923,0.09502693380328091,1623.8,1328.6,1484.3815204221214,1356.6238287452375,83.87103610678189,127.75769167688395,77.12631298382072,80.85100372486649,1328.6,202.3856142172951,1733.3712284345902,923.8287715654096,267921.0
SWBBL,2017-04-03,1800.0,1872.0,1630.0,1630.0,-7.65 %,2906.0,5228000.0,-0.07648725212464591,-0.07957067556658914,1643.0,1353.05,1506.7843634341027,1376.8739155048495,68.66529175544912,129.91044792925322,87.68313997290723,92.36164631594747,1353.05,207.98923934717644,1769.0284786943528,937.0715213056471,265015.0
SWBBL,2017-04-04,1605.0,1710.0,1600.0,1648.0,1.10 %,5641.0,9356320.0,0.01104294478527601,0.010982416668608927,1648.6,1377.35,1528.5098459827022,1396.957329171157,69.46032182094652,131.55251681154527,96.45701534063485,93.62152872195122,1377.35,212.82764833250246,1803.0052966650048,951.694703334995,270656.0
SWBBL,2017-04-06,1648.0,1680.0,1620.0,1670.0,1.33 %,4391.0,7275675.0,0.013349514563106846,0.013261194941383832,1663.6,1400.85,1550.2775619853635,1417.1827121955157,70.44726123057637,133.09484978984779,103.78458223047744,91.21999095609758,1400.85,218.09734065321948,1837.0446813064389,964.655318693561,275047.0
SWBBL,2017-04-09,1675.0,1779.0,1675.0,1770.0,5.99 %,7571.0,13080500.0,0.05988023952095811,0.05815592015707406,1696.6,1430.6,1584.0810139876153,1443.317326106959,74.48375912928113,140.76368788065633,111.18040336051322,92.48999160209061,1430.6,226.10253845267476,1882.8050769053493,978.3949230946504,282618.0
SWBBL,2017-04-10,1770.0,1947.0,1770.0,1920.0,8.47 %,14624.0,27527300.0,0.0847457627118644,0.0813456394539524,1727.6,1467.9,1635.7608579895207,1478.6271538027397,79.09600308952768,157.13370418678096,120.37106352576677,98.52642077336985,1467.9,242.48361854600464,1952.8672370920094,982.9327629079908,297242.0
SWBBL,2017-04-11,1920.0,1998.0,1900.0,1998.0,4.06 %,8382.0,16413200.0,0.04062499999999991,0.03982149418667151,1801.2,1509.3,1691.4899567603636,1517.0992164840184,81.01748924323212,174.39074027634524,131.17499887588247,98.48881928955772,1509.3,259.0620937556457,2027.4241875112914,991.1758124887085,305624.0
SWBBL,2017-04-12,2000.0,2153.0,2000.0,2006.0,0.30 %,10485.0,21594400.0,0.004004004004003914,0.003996009313381923,1872.8,1552.1,1739.8761172587692,1553.3140893370542,81.20827878069296,186.56202792171507,142.252404685049,102.52533219744646,1552.1,267.161275952237,2086.422551904474,1017.7774480955259,316109.0
SWBBL,2017-04-13,2040.0,2060.0,1921.0,2005.0,0.05 %,4067.0,8169690.0,-0.0004985044865404298,-0.0004986287812113307,1939.8,1593.85,1780.6644069112663,1586.7723049417168,81.09855299409583,193.89210196954946,152.5803441419491,105.13066561191458,1593.85,269.5400126531474,2132.9300253062947,1054.769974693705,312042.0
SWBBL,2017-04-16,1980.0,2028.0,1930.0,1930.0,-3.74 %,5715.0,11243800.0,-0.03740648379052369,-0.03812405784173833,1971.8,1632.1,1803.639113540302,1612.1965786497378,73.11890021670432,191.44253489056427,160.35278229167213,104.62133235392068,1632.1,259.57534146128563,2151.2506829225713,1112.9493170774285,306327.0
SWBBL,2017-04-18,1900.0,1938.0,1825.0,1851.0,-4.61 %,6966.0,13142100.0,-0.040932642487046644,-0.04179396932543374,1958.0,1666.9,1810.925403764871,1629.8857209719795,65.77719793909307,181.03968279289143,164.49016239191602,105.21980861435492,1666.9,238.00484294056716,2142.9096858811345,1190.8903141188657,299361.0
SWBBL,2017-04-19,1841.0,2024.0,1833.0,2024.0,9.94 %,7057.0,13636643.0,0.09346299297676941,0.08934971783385874,1963.2,1707.85,1843.7061108779678,1659.0793712703514,72.32942571333231,184.6267396076164,168.51747783505613,111.346965141901,1707.85,224.4186114338578,2156.6872228677157,1259.0127771322843,306418.0
SWBBL,2017-04-20,2064.0,2064.0,1962.0,1962.0,-3.06 %,7184.0,14389300.0,-0.03063241106719372,-0.03111139028204782,1954.4,1741.15,1861.9051707428957,1681.5179363614363,67.35253998677464,180.3872343814594,170.89142914433677,110.67932477462236,1741.15,208.97047764294808,2159.090955285896,1323.209044714104,299234.0
SWBBL,2017-04-23,2001.0,2081.0,2001.0,2040.0,4.38 %,4365.0,8890410.0,0.039755351681957096,0.03898544671295359,1961.4,1771.9,1889.3043752439887,1708.0721632976263,70.13654668302934,181.23221194636244,172.9595857047419,111.2736587192922,1771.9,205.21539390294987,2182.3307878059,1361.4692121941002,303599.0
SWBBL,2017-04-24,2009.0,2015.0,1960.0,1975.0,-3.66 %,4732.0,9437760.0,-0.031862745098039214,-0.03238140950303983,1970.4,1799.15,1902.4883175141442,1727.8445956459502,65.15065221452434,174.643721868194,173.29641293743234,109.03982595362847,1799.15,193.26237279110515,2185.6747455822106,1412.6252544177898,298867.0
SWBBL,2017-04-25,1990.0,1990.0,1960.0,1960.0,-0.76 %,1383.0,2728620.0,-0.0075949367088608,-0.007623925110659371,1992.2,1825.4,1911.3362686658143,1745.0412922647688,64.01962151951778,166.29497640104546,171.89612563015496,103.39412409979786,1825.4,176.08951073099058,2177.579021461981,1473.220978538019,297484.0
SWBBL,2017-04-26,1950.0,1995.0,1945.0,1995.0,1.79 %,927.0,1823180.0,0.017857142857142794,0.017699577099400857,1986.4,1848.45,1924.2076119479966,1763.5567520970083,65.52359130890578,160.65085985098835,169.64707247432165,99.58025809266945,1848.45,165.81012444488118,2180.0702488897623,1516.8297511102378,298411.0
SWBBL,2017-04-27,1971.0,2010.0,1943.0,2003.0,0.30 %,5363.0,10655200.0,0.004010025062656686,0.004002006341854466,1994.6,1867.6,1936.329517802151,1781.2932889787114,65.8747119309624,155.03622882343961,166.72490374414525,97.25309680033592,1867.6,160.05406981131034,2187.7081396226204,1547.4918603773792,303774.0
SWBBL,2017-04-30,2020.0,2020.0,1962.0,1975.0,-1.30 %,1511.0,2986070.0,-0.013979031452820756,-0.014077658330595997,1981.6,1886.6,1942.2788227556662,1795.6419342395477,63.4394458193319,146.63688851611846,162.7073006985399,94.44930417174051,1886.6,148.0989711752373,2182.7979423504744,1590.4020576495254,302263.0
SWBBL,2017-05-02,1985.0,2010.0,1946.0,2000.0,1.77 %,4510.0,8989900.0,0.012658227848101333,0.012578782206860185,1986.6,1906.35,1951.1590038701793,1810.7795687403218,64.69442813839962,140.37943512985748,158.24172758480344,92.27435387375904,1906.35,134.26065575668983,2174.8713115133796,1637.8286884866202,306773.0
SWBBL,2017-05-03,2050.0,2050.0,1993.0,1993.0,-0.85 %,1286.0,2580910.0,-0.0034999999999999476,-0.00350613932928759,1993.2,1917.75,1957.596080197844,1824.277378463261,64.03165895673078,133.3187017345831,153.25712241475938,89.75475716849054,1917.75,131.27346907969007,2180.2969381593803,1655.2030618406197,305487.0
SWBBL,2017-05-04,1991.0,1998.0,1965.0,1967.0,-1.40 %,2810.0,5565090.0,-0.0130456598093327,-0.013131501823735684,1987.6,1934.6,1959.0428370904833,1834.8494245030195,61.511032804270066,124.19341258746385,147.4443804493003,85.70084594216979,1934.6,112.71034137397231,2160.0206827479446,1709.1793172520552,302677.0
SWBBL,2017-05-07,1965.0,1965.0,1888.0,1900.0,-3.31 %,2415.0,4634660.0,-0.034062023385866835,-0.034655653234527274,1967.0,1947.2,1949.9593236919475,1839.6753930583513,55.45308490990326,110.28393063359613,140.01229048615946,85.22221408915766,1947.2,90.97460605781265,2129.1492121156252,1765.2507878843749,300262.0
SWBBL,2017-05-08,1938.0,1985.0,1938.0,1985.0,4.47 %,1199.0,2358310.0,0.044736842105263186,0.04376502796675898,1969.0,1962.95,1955.3501969701094,1850.4401787577326,60.736238363629816,104.91001821237683,132.99183603140295,85.20634165421782,1962.95,63.61022344184577,2090.1704468836915,1835.7295531163086,301461.0
SWBBL,2017-05-09,1985.0,1990.0,1945.0,1945.0,-2.02 %,285.0,559680.0,-0.02015113350125941,-0.020356937068744085,1958.0,1971.7,1953.757858974708,1857.4446099608635,57.292732132368684,96.31324901384437,125.65611862789125,82.33446010748797,1971.7,44.97964451903076,2061.6592890380616,1881.7407109619385,301176.0
SWBBL,2017-05-11,1930.0,1930.0,1921.0,1930.0,-0.77 %,509.0,979753.0,-0.007712082262210762,-0.007741974153615397,1945.4,1972.2,1950.1028037478297,1862.8190832970959,56.01029295259271,87.28372045073388,117.98163899245978,78.16771295695311,1972.2,44.4268766449634,2061.053753289927,1883.3462467100733,300667.0
SWBBL,2017-05-15,1950.0,1955.0,1943.0,1955.0,1.30 %,670.0,1305940.0,0.012953367875647714,0.012870190520534956,1943.0,1970.05,1950.8562185558558,1869.6472993491627,57.709376617011145,81.20891920669305,110.62709503530644,74.37001917431361,1970.05,44.15221875578142,2058.354437511563,1881.7455624884371,301337.0
SWBBL,2017-05-16,1985.0,1985.0,1930.0,1930.0,-1.28 %,1670.0,3242130.0,-0.012787723785166238,-0.012870190520534907,1949.0,1966.25,1947.6475695472625,1874.1178697677433,55.404776470531736,73.5296997795192,103.207615984149,72.98644637614836,1966.25,44.16580601617479,2054.5816120323498,1877.9183879676505,299667.0
SWBBL,2017-05-17,1917.0,1940.0,1917.0,1934.0,0.21 %,2628.0,5051320.0,0.002072538860103723,0.002070394114308495,1938.8,1962.7,1945.5479434630683,1878.5535831182806,55.709540741815005,66.99436034478776,95.96496485627677,69.41598592070919,1962.7,43.738577456296994,2050.1771549125942,1875.222845087406,302295.0
SWBBL,2017-05-18,1934.0,1954.0,1910.0,1954.0,1.03 %,1335.0,2575244.0,0.010341261633919352,0.010288156589488428,1940.6,1963.9,1946.8482598533656,1884.1422065910006,57.28151781542953,62.706053262365,89.31318253749441,67.60055835494424,1963.9,43.11905184004746,2050.138103680095,1877.6618963199053,303630.0
SWBBL,2017-05-21,1916.0,1928.0,1878.0,1891.0,-3.89 %,758.0,1444770.0,-0.032241555783009246,-0.03277276394427059,1932.8,1965.9,1938.2562198759247,1884.6501912879635,51.12589266608173,53.60602858796119,82.17175174758778,68.20051847244822,1965.9,38.260739806387264,2042.4214796127746,1889.3785203872255,302872.0
SWBBL,2017-05-22,1851.0,1875.0,1842.0,1855.0,-1.22 %,1983.0,3684320.0,-0.019037546271813865,-0.01922109361692199,1912.8,1957.45,1925.447570664244,1882.4538808221885,47.9546121062736,42.99368984205557,74.33613936648133,66.82905286727336,1957.45,43.10876696774618,2043.6675339354924,1871.2324660645077,300889.0
SWBBL,2017-05-23,1880.0,1904.0,1861.0,1865.0,0.32 %,749.0,1407120.0,0.005390835579514919,0.005376357036380496,1899.8,1952.6,1916.1479444082065,1881.1610007612858,48.90275421664388,34.986943646920736,66.46630022256922,65.55554909103955,1952.6,47.774029500792665,2048.1480590015854,1857.0519409984145,301638.0
SWBBL,2017-05-24,1861.0,1887.0,1824.0,1885.0,1.29 %,1021.0,1901030.0,0.01072386058981234,0.010666767804195228,1890.0,1944.85,1911.35595296079,1881.4453710752646,50.83200362544132,29.910581885525517,59.155156555160474,65.37300987025102,1944.85,45.36086302907626,2035.5717260581525,1854.1282739418473,302659.0
SWBBL,2017-05-28,1860.0,1860.0,1848.0,1850.0,-1.86 %,828.0,1533600.0,-0.018567639257294433,-0.01874218180974064,1869.2,1938.6,1901.9165755822069,1879.1160843289485,47.4552608364926,22.800491253258315,51.884223494780045,63.34636630809024,1938.6,49.41808746225249,2037.436174924505,1839.7638250754949,301831.0
SWBBL,2017-05-30,1820.0,1825.0,1792.0,1820.0,-1.62 %,3070.0,5562660.0,-0.01621621621621616,-0.01634913800152941,1855.0,1931.6,1889.3140254926366,1874.7371151193968,44.71345393628822,14.576910373239798,44.422760870472,62.96448300036951,1931.6,55.73848712850228,2043.0769742570044,1820.1230257429954,298761.0
SWBBL,2017-05-31,1820.0,1840.0,1790.0,1840.0,1.10 %,1643.0,2989973.0,0.01098901098901095,0.01092907053219023,1852.0,1923.85,1881.7272523399233,1872.163995480923,46.915437957739385,9.563256859000376,37.450860068177676,62.038448500343115,1923.85,57.21545153839691,2038.2809030767937,1809.419096923206,300404.0
SWBBL,2017-06-01,1830.0,1830.0,1805.0,1815.0,-1.36 %,2758.0,5011310.0,-0.013586956521739135,-0.013680103904080154,1842.0,1914.45,1871.4615212107044,1867.9296254452988,44.52804959078506,3.5318957654055794,30.66706720762326,60.10713075031861,1914.45,58.94464396904434,2032.3392879380888,1796.5607120619113,297646.0
SWBBL,2017-06-04,1790.0,1795.0,1790.0,1794.0,-1.16 %,1294.0,2318320.0,-0.011570247933884281,-0.011637704080209709,1823.8,1905.4,1859.5443641013653,1862.4533568937952,42.56848552279463,-2.908992792429899,23.95185520761263,57.59947855386728,1905.4,62.919664736329814,2031.2393294726596,1779.5606705273406,296352.0
SWBBL,2017-06-05,1829.0,1829.0,1799.0,1799.0,0.33 %,4679.0,8435940.0,0.00278706800445927,0.002783191331791637,1813.6,1895.35,1850.229846547309,1857.7531082349956,43.20930889253522,-7.5232616876864995,17.656831828552804,55.9852300857339,1895.35,63.06661056713688,2021.4832211342737,1769.2167788657262,301031.0
SWBBL,2017-06-06,1810.0,1899.0,1810.0,1899.0,5.50 %,8696.0,16240100.0,0.05558643690939413,0.0540964768617528,1829.4,1890.65,1857.7329470784923,1860.808433550922,54.213133807117806,-3.075486472429702,13.510368168356303,59.129142222467195,1890.65,58.7620312429321,2008.1740624858644,1773.1259375141358,309727.0
SWBBL,2017-06-07,1910.0,1920.0,1850.0,1851.0,-2.58 %,4280.0,8089410.0,-0.025276461295418606,-0.025601398238788337,1831.6,1884.85,1856.6971090664165,1860.0818829175203,49.27751885413823,-3.3847738511037733,10.131339764464288,59.90563206371954,1884.85,56.5110841480219,1997.8721682960438,1771.827831703956,305447.0
SWBBL,2017-06-08,1850.0,1880.0,1850.0,1858.0,0.38 %,2060.0,3829980.0,0.003781739600215994,0.0037746068002862164,1840.2,1882.75,1856.8975538254292,1859.9276693680742,49.992530512907464,-3.030115542645035,7.499048703042424,57.769515487739575,1882.75,56.69853335154618,1996.1470667030924,1769.3529332969076,307507.0
SWBBL,2017-06-11,1820.0,1840.0,1805.0,1824.0,-1.94 %,3198.0,5845150.0,-0.01829924650161463,-0.01846874873950712,1846.2,1874.7,1851.83639169844,1857.2663605259947,46.559434928392776,-5.429968827554831,4.913245196922974,57.42883581004389,1874.7,52.70583708816107,1980.1116741763221,1769.288325823678,304309.0
SWBBL,2017-06-12,1800.0,1830.0,1800.0,1815.0,-0.33 %,737.0,1333440.0,-0.004934210526315819,-0.004946423935325574,1849.4,1868.2,1846.1692545140645,1854.1355190055506,45.665477063150966,-7.966264491486072,2.3373432592411647,55.46963325218362,1868.2,51.583963236298395,1971.3679264725968,1765.0320735274033,303572.0
SWBBL,2017-06-13,1790.0,1815.0,1790.0,1814.0,0.00 %,2976.0,5363080.0,-0.000550964187327807,-0.0005511160238692251,1832.4,1862.4,1841.2201384349776,1851.1625175977322,45.56080208369324,-9.942379162754605,-0.11860122515798932,53.293230877027646,1862.4,50.784788439531816,1963.9695768790637,1760.8304231209365,300596.0
SWBBL,2017-06-14,1815.0,1830.0,1779.0,1820.0,0.27 %,1516.0,2730030.0,0.00330760749724357,0.0033021493957590318,1826.2,1855.65,1837.9555017526734,1848.854182960863,46.355344846871134,-10.8986812081896,-2.2746172217643115,53.12942867152567,1855.65,46.630998273743934,1948.911996547488,1762.3880034525123,302112.0
SWBBL,2017-06-15,1820.0,1897.0,1820.0,1834.0,0.77 %,2413.0,4447770.0,0.007692307692307665,0.007662872745569097,1821.4,1850.85,1837.346963021493,1847.7538731119103,48.253147149118135,-10.406910090417341,-3.9010757954949176,54.83446948070241,1850.85,43.40418970809666,1937.6583794161932,1764.0416205838067,304525.0
SWBBL,2017-06-18,1834.0,1850.0,1810.0,1820.0,-0.76 %,1802.0,3285736.0,-0.007633587786259555,-0.007662872745569137,1820.6,1845.15,1834.6781994797248,1845.698030659176,46.48223822340111,-11.01983117945133,-5.3248268722862,53.774864517795095,1845.15,39.190862254056796,1923.5317245081137,1766.7682754918865,302723.0
SWBBL,2017-06-19,1850.0,1825.0,1775.0,1782.0,-2.09 %,1614.0,2880860.0,-0.020879120879120916,-0.021100172040086452,1814.0,1836.55,1826.5738610982287,1840.9796580177556,41.97883149134949,-14.405796919526892,-7.141020881734339,53.50523133795259,1836.55,32.31664879716996,1901.1832975943398,1771.91670240566,301109.0
SWBBL,2017-06-20,1775.0,1801.0,1770.0,1800.0,1.01 %,3745.0,6705430.0,0.010101010101010166,0.010050335853501506,1811.2,1832.0,1822.4855747754243,1837.944127794218,44.71135363238613,-15.458553018793737,-8.804527309146218,51.89771481381312,1832.0,30.607876523357657,1893.2157530467152,1770.7842469532848,304854.0
SWBBL,2017-06-21,1815.0,1815.0,1795.0,1796.0,-0.28 %,735.0,1324340.0,-0.0022222222222222365,-0.0022246950221111624,1806.4,1829.05,1818.4108709638206,1834.8371553650165,44.21304340703655,-16.42628440119597,-10.32887872755617,49.61930661282647,1829.05,31.113501892361086,1891.2770037847222,1766.8229962152777,304119.0
SWBBL,2017-06-22,1815.0,1825.0,1802.0,1809.0,0.78 %,1679.0,3041780.0,0.007238307349666018,0.007212236533150314,1801.4,1826.25,1816.9630446616943,1832.923292004645,46.307464197642354,-15.960247342950652,-11.455152450635067,48.146498997624576,1826.25,30.214801183067177,1886.6796023661343,1765.8203976338657,305798.0
SWBBL,2017-06-25,1805.0,1815.0,1791.0,1801.0,-0.44 %,1685.0,3046290.0,-0.004422332780541716,-0.004432140219339035,1797.6,1822.05,1814.5071916368183,1830.5586037080045,45.18327275813449,-16.051412071186178,-12.37440437474529,46.42174906922283,1822.05,27.317769424346473,1876.6855388486929,1767.414461151307,304113.0
SWBBL,2017-06-27,1810.0,1819.0,1780.0,1790.0,-0.61 %,1236.0,2223330.0,-0.0061077179344808386,-0.006126446341155393,1799.2,1819.05,1810.7368544619233,1827.5542626925967,43.61538013154179,-16.817408230673436,-13.263005145930919,45.89162413570691,1819.05,27.38127481568911,1873.8125496313783,1764.2874503686216,302877.0
SWBBL,2017-06-28,1800.0,1800.0,1795.0,1799.0,0.56 %,782.0,1406420.0,0.005027932960893766,0.005015335115732335,1799.0,1818.0,1808.9311845447041,1825.4391321227745,45.28821855866755,-16.507947578070343,-13.911993632358804,43.327936697442134,1818.0,27.743183136264168,1873.4863662725284,1762.5136337274716,303659.0
SWBBL,2017-07-02,1800.0,1800.0,1765.0,1775.0,-0.83 %,2688.0,4749460.0,-0.013340744858254538,-0.013430532041016885,1794.8,1814.75,1803.7110023070572,1821.70290011368,41.732546937372184,-17.991897806622774,-14.727974467211599,42.73308407619627,1814.75,28.816798828857188,1872.3835976577143,1757.1164023422857,300971.0
SWBBL,2017-07-03,1800.0,1800.0,1775.0,1775.0,-0.56 %,1473.0,2635060.0,0.0,0.0,1788.0,1812.75,1799.2939250290485,1818.2434260311852,41.732546937225166,-18.949501002136685,-15.572279774196616,41.46643521361082,1812.75,30.155517955490026,1873.06103591098,1752.43896408902,300971.0
SWBBL,2017-07-04,1775.0,1782.0,1775.0,1776.0,0.06 %,657.0,1169190.0,0.0005633802816902289,0.0005632216425992909,1783.0,1811.85,1795.7102442553487,1815.1142833622084,41.95277668560205,-19.404039106859727,-16.33863164072924,39.00454698406719,1811.85,31.001315761647223,1873.8526315232943,1749.8473684767055,301628.0
SWBBL,2017-07-05,1811.0,1811.0,1795.0,1800.0,1.35 %,1032.0,1860000.0,0.013513513513513598,0.01342302033214077,1785.0,1811.9,1796.3702066776027,1813.9947068168597,47.1187004443122,-17.624500139256952,-16.595805340434783,38.718507913776676,1811.9,30.980299342879324,1873.8605986857588,1749.9394013142414,302660.0
SWBBL,2017-07-06,1800.0,1861.0,1800.0,1859.0,3.28 %,1735.0,3150910.0,0.032777777777777795,0.03225204383718797,1797.0,1809.9,1806.005559496433,1817.328432237833,57.202240530627996,-11.322872741400033,-15.541218820627833,40.31004306279262,1809.9,25.94305504887867,1861.7861100977575,1758.0138899022427,304395.0
SWBBL,2017-07-09,1859.0,1905.0,1762.0,1835.0,-1.29 %,4782.0,8805644.0,-0.012910166756320618,-0.012994227232773386,1809.0,1809.1,1810.466242650828,1818.637437257253,52.79236865824646,-8.171194606424933,-14.067213977787254,47.645039986878864,1809.1,24.831855601979715,1858.7637112039592,1759.4362887960406,299613.0
SWBBL,2017-07-10,1835.0,1835.0,1771.0,1807.0,-1.63 %,2211.0,3991220.0,-0.015258855585831066,-0.015376469896442157,1815.4,1806.55,1809.9329745507007,1817.7754048678266,48.13045357144591,-7.842430317125945,-12.822257245654994,48.813251416387516,1806.55,22.00352842532059,1850.5570568506412,1762.5429431493587,297402.0
SWBBL,2017-07-11,1800.0,1850.0,1800.0,1800.0,-0.28 %,1601.0,2892850.0,-0.00387382401770886,-0.003881346707972383,1820.2,1805.35,1808.4048246198236,1816.4587082109506,47.01273260377181,-8.053883591127033,-11.868582514749402,48.89801917235984,1805.35,21.653430505062634,1848.656861010125,1762.0431389898747,295801.0
SWBBL,2017-07-12,1820.0,1820.0,1806.0,1820.0,1.11 %,788.0,1432760.0,0.011111111111111072,0.011049836186584935,1824.2,1805.6,1810.1886977552354,1816.7210261212506,50.54641765543267,-6.532328366015236,-10.80133168500257,46.83387494576271,1805.6,21.799082549639508,1849.1981650992789,1762.001834900721,296589.0
SWBBL,2017-07-13,1800.0,1809.0,1800.0,1809.0,-0.60 %,2063.0,3720390.0,-0.0060439560439560225,-0.006062294675545879,1814.2,1805.35,1810.005821177507,1816.1490982604173,48.625674357530656,-6.143277082910345,-9.869720764584127,44.91716959249395,1805.35,21.726227177639913,1848.8024543552797,1761.8975456447201,294526.0
SWBBL,2017-07-16,1805.0,1805.0,1800.0,1805.0,-0.50 %,200.0,360500.0,-0.002211166390270858,-0.002213614628313829,1808.2,1804.6,1809.2356948425058,1815.323239130016,47.91268759418684,-6.087544287510127,-9.113285469169327,42.351657478744386,1804.6,21.451045858583488,1847.5020917171669,1761.697908282833,294326.0
SWBBL,2017-07-17,1810.0,1866.0,1810.0,1850.0,2.78 %,639.0,1171450.0,0.024930747922437657,0.024625047305389194,1816.8,1805.4,1815.5071264051971,1817.891888083348,55.76993784133774,-2.3847616781508805,-7.767580710965638,43.683681944548354,1805.4,22.857453005545807,1851.1149060110918,1759.6850939889084,294965.0
SWBBL,2017-07-18,1887.0,1920.0,1850.0,1914.0,3.46 %,4820.0,9050270.0,0.034594594594594685,0.034009653940529155,1839.6,1810.1,1830.6598761890127,1825.0110074845816,64.07103483316428,5.648868704431152,-5.08429082788628,45.56341894850919,1810.1,33.29754218850794,1876.6950843770157,1743.504915622984,299785.0
SWBBL,2017-07-19,1900.0,1910.0,1881.0,1886.0,-1.52 %,4887.0,9243860.0,-0.014629049111807735,-0.01473710881949677,1852.8,1815.3,1839.173741390703,1829.528710633872,58.8657625324414,9.645030756831147,-2.1384265109427942,44.66603188075853,1815.3,36.63202510323283,1888.5640502064657,1742.0359497935342,294898.0
SWBBL,2017-07-20,1880.0,1907.0,1869.0,1895.0,0.53 %,2050.0,3887890.0,0.004772004241781591,0.004760654323123961,1870.0,1820.05,1847.7623965613643,1834.3784357721038,59.990910259218296,13.383960789260527,0.9660509490978699,44.18988674641864,1820.05,40.498830392541876,1901.0476607850837,1739.0523392149162,296948.0
SWBBL,2017-07-23,1900.0,1902.0,1860.0,1900.0,0.26 %,1023.0,1938060.0,0.0026385224274405594,0.002635047638005032,1889.0,1825.25,1855.798950936539,1839.2392923815776,60.63511988172018,16.559658554961516,4.084772470270599,44.03346626453159,1825.25,43.791221182304916,1912.8324423646097,1737.6675576353903,297971.0
SWBBL,2017-07-24,1890.0,1897.0,1878.0,1879.0,-1.11 %,417.0,786379.0,-0.011052631578947314,-0.011114165741066457,1894.8,1828.75,1859.3683431001484,1842.1845299829422,56.51892080056905,17.183813117206228,6.704580599657725,42.459647245636475,1828.75,45.198829747376,1919.147659494752,1738.352340505248,297554.0
SWBBL,2017-07-25,1872.0,1900.0,1872.0,1900.0,1.12 %,1004.0,1889130.0,0.011176157530601305,0.011114165741066434,1892.0,1833.7,1865.619367238587,1846.467157391613,59.481119912583694,19.152209846974074,9.194106449120996,41.42681529951958,1833.7,47.368766080677666,1928.4375321613554,1738.9624678386447,298558.0
SWBBL,2017-07-26,1885.0,1910.0,1870.0,1905.0,0.26 %,3691.0,7001630.0,0.002631578947368318,0.0026281224062694084,1895.8,1839.45,1871.6779261249583,1850.8029235107529,60.17676207124741,20.875002614205414,11.53028568213788,41.32489992098247,1839.45,48.744743306391,1936.939486612782,1741.960513387218,302249.0
SWBBL,2017-07-27,1885.0,1990.0,1885.0,1920.0,0.79 %,3622.0,6964200.0,0.007874015748031482,0.007843177461025879,1900.8,1845.5,1879.1120913365032,1855.9286328803266,62.26955530656643,23.183458456176595,13.860920236945624,45.87312135519801,1845.5,50.920474632980856,1947.3409492659616,1743.6590507340384,305871.0
SWBBL,2017-07-30,1900.0,1958.0,1895.0,1915.0,-0.26 %,1717.0,3287550.0,-0.0026041666666666297,-0.0026075634070808302,1903.8,1852.5,1884.6333080539644,1860.3042897040064,61.11660026991288,24.329018349958005,15.9545398595481,47.096469829826724,1852.5,50.338329019018744,1953.1766580380374,1751.8233419619626,304154.0
SWBBL,2017-07-31,1953.0,1965.0,1939.0,1950.0,1.83 %,3589.0,7001690.0,0.018276762402088753,0.018111749943046103,1918.0,1861.25,1894.6897221995082,1866.9484163925983,65.87914661124921,27.74130580690985,18.31189304902045,47.303864841981955,1861.25,51.357236972792876,1963.9644739455857,1758.5355260544143,307743.0
SWBBL,2017-08-01,1945.0,2018.0,1945.0,2001.0,2.62 %,5635.0,11196900.0,0.026153846153846194,0.025817683025940962,1938.2,1872.5,1911.04514955343,1876.8781633264798,71.38001443823038,34.16698622695026,21.482911684606414,49.13930306755468,1872.5,56.12251635583679,1984.7450327116735,1760.2549672883265,313378.0
SWBBL,2017-08-02,2041.0,2041.0,1975.0,1980.0,-1.05 %,4302.0,8590760.0,-0.010494752623688153,-0.010550210895152486,1953.2,1881.5,1921.6535880836718,1884.5168178948888,66.6175291408781,37.136770188782975,24.613683385441725,50.343638562729346,1881.5,58.2756607134131,1998.0513214268262,1764.9486785731738,309076.0
SWBBL,2017-08-03,1980.0,1990.0,1950.0,1950.0,-1.52 %,2780.0,5454510.0,-0.015151515151515138,-0.01526747213078842,1959.2,1886.05,1926.0145745323377,1889.3674239767488,60.41604093138586,36.64715055558895,27.02037681947117,49.60480723682011,1886.05,59.9547855954415,2005.959571190883,1766.1404288091169,306296.0
SWBBL,2017-08-06,1951.0,1970.0,1949.0,1970.0,1.03 %,346.0,675602.0,0.01025641025641022,0.010204170174241668,1970.2,1892.8,1932.7815630658242,1895.3402073858786,62.89587713161837,37.44135567994567,29.104572591566072,47.56160671990439,1892.8,61.48478630827547,2015.769572616551,1769.830427383449,306642.0
SWBBL,2017-08-07,1980.0,1980.0,1936.0,1943.0,-1.37 %,1054.0,2055030.0,-0.01370558375634523,-0.013800372354594156,1968.8,1899.6,1934.3536302864666,1898.870562394332,57.645531807548906,35.48306789213461,30.38027165167978,47.307206239911224,1899.6,58.9651101121009,2017.5302202242017,1781.6697797757981,305588.0
SWBBL,2017-08-09,1981.0,1981.0,1927.0,1950.0,0.36 %,1929.0,3775040.0,0.0036026762738035067,0.0035962021803525087,1958.6,1907.1,1936.7607640885485,1902.6579281429,58.610200040264374,34.10283594564862,31.124784510473553,47.78526293706042,1907.1,55.03864670924246,2017.1772934184849,1797.022706581515,307517.0
SWBBL,2017-08-10,1915.0,1920.0,1870.0,1890.0,-3.08 %,5223.0,9913260.0,-0.03076923076923077,-0.031252543504104426,1940.6,1910.6,1929.5668003826179,1901.7203038360185,48.428551194446726,27.846496546599383,30.46912691769872,50.08631558441325,1910.6,51.307535098663536,2013.215070197327,1807.984929802673,302294.0
SWBBL,2017-08-13,1890.0,1890.0,1832.0,1832.0,-3.07 %,2038.0,3767520.0,-0.030687830687830653,-0.03116856281961245,1917.0,1911.75,1914.5565234006767,1896.5558368852023,41.0117789127885,18.0006865154744,27.975438837253858,50.65157875695516,1911.75,49.12162670893714,2009.9932534178743,1813.5067465821257,300256.0
SWBBL,2017-08-15,1796.0,1835.0,1780.0,1820.0,-0.65 %,3076.0,5533600.0,-0.0065502183406113135,-0.006571765163234502,1887.0,1912.5,1900.0093659544189,1890.885034152965,39.658498874584566,9.124331801453764,24.20521743009384,50.96218027431551,1912.5,47.49348985864504,2007.48697971729,1817.51302028271,297180.0
SWBBL,2017-08-16,1810.0,1835.0,1790.0,1805.0,-0.82 %,4402.0,7930770.0,-0.008241758241758212,-0.00827590930385971,1859.4,1910.25,1885.39254042297,1884.523179771264,37.9718096899135,0.869360651705847,19.538046074416243,50.53631025472154,1910.25,51.506642392337795,2013.2632847846755,1807.2367152153245,292778.0
SWBBL,2017-08-17,1800.0,1841.0,1800.0,1800.0,-0.28 %,2206.0,3979980.0,-0.0027700831024930483,-0.002773926882725208,1829.4,1904.55,1872.2552265117438,1878.2622034919111,37.400800477946625,-6.006976980167337,14.429041463499528,49.85514523652715,1904.55,57.07656445978659,2018.7031289195731,1790.3968710804268,290572.0
SWBBL,2017-08-20,1800.0,1829.0,1787.0,1813.0,0.72 %,1662.0,3008900.0,0.007222222222222241,0.0071962668705950125,1814.0,1900.9,1863.1390378176293,1873.4279661962141,39.930080425107946,-10.288928378584842,9.485447495082656,49.29406343391807,1900.9,60.55349961641635,2022.0069992328329,1779.7930007671673,292234.0
SWBBL,2017-08-21,1782.0,1815.0,1782.0,1815.0,0.11 %,919.0,1652270.0,0.0011031439602868787,0.0011025359441001607,1810.6,1896.9,1855.7330319995326,1869.0999687001981,40.32952720695586,-13.36693670066552,4.914970655933022,48.130201760066775,1896.9,63.53275160357574,2023.9655032071516,1769.8344967928485,293153.0
SWBBL,2017-08-22,1800.0,1830.0,1790.0,1804.0,-0.61 %,1920.0,3481490.0,-0.0060606060606061,-0.006079046076382226,1807.4,1892.1,1847.7741039996044,1864.2777487964797,38.80127427490413,-16.503644796875278,0.6312475653713618,47.54947306291915,1892.1,66.82727145808205,2025.754542916164,1758.445457083836,291233.0
SWBBL,2017-08-23,1810.0,1810.0,1775.0,1777.0,-1.50 %,1737.0,3112510.0,-0.014966740576496718,-0.015079872467917678,1801.8,1887.0,1836.8857803073577,1857.8127303671108,35.26850762150451,-20.926950059753153,-3.6803919596535413,46.653082129853495,1887.0,71.60123492029408,2030.202469840588,1743.797530159412,289496.0
SWBBL,2017-08-24,1777.0,1830.0,1810.0,1820.0,2.42 %,650.0,1183020.0,0.024198086662915008,0.023909951916189685,1805.8,1883.0,1834.2879679523796,1855.0117873769545,44.01144900172368,-20.723819424574913,-7.089077452637816,47.10643340629253,1883.0,73.05657504907151,2029.113150098143,1736.886849901857,290146.0
SWBBL,2017-08-27,1820.0,1855.0,1825.0,1840.0,1.10 %,1201.0,2207170.0,0.01098901098901095,0.01092907053219023,1811.2,1879.75,1835.166742113552,1853.8998031268097,47.55923326566951,-18.73306101325784,-9.417874164761821,46.24168816298592,1879.75,73.47099320215528,2026.6919864043107,1732.8080135956893,291347.0
SWBBL,2017-08-28,1876.0,1899.0,1851.0,1880.0,1.90 %,5615.0,10494400.0,0.021739130434782705,0.021506205220963682,1824.2,1877.75,1842.0641664037746,1855.8331510433422,53.856896781110564,-13.768984639567634,-10.288096259722984,47.15299615134408,1877.75,72.85954404126218,2023.4690880825244,1732.0309119174756,296962.0
SWBBL,2017-08-30,1875.0,1890.0,1850.0,1855.0,-1.07 %,3550.0,6642232.0,-0.013297872340425565,-0.013387080782459409,1834.4,1874.75,1844.0542946493479,1855.7714361512428,49.82918054626861,-11.717141501894957,-10.57390530815738,46.6420678548195,1874.75,72.47930739187488,2019.7086147837497,1729.7913852162503,293412.0
SWBBL,2017-08-31,1855.0,1840.0,1820.0,1820.0,-1.89 %,1640.0,2993441.0,-0.018867924528301883,-0.019048194970694474,1843.0,1868.25,1840.3536339340635,1853.1217001400396,44.78006845861875,-12.768066205976083,-11.012737487721122,45.810491579475254,1868.25,71.19349097986861,2010.636981959737,1725.863018040263,291772.0
SWBBL,2017-09-04,1800.0,1845.0,1771.0,1800.0,-1.10 %,2535.0,4571610.0,-0.01098901098901095,-0.011049836186584935,1839.0,1858.2,1834.1453825595922,1849.1867593889256,42.15166155054139,-15.04137682933333,-11.818465356043564,47.82402789522702,1858.2,65.42058262951235,1989.0411652590246,1727.3588347409755,289237.0
SWBBL,2017-09-06,1820.0,1836.0,1801.0,1820.0,1.11 %,2361.0,4300730.0,0.011111111111111072,0.011049836186584935,1835.0,1850.2,1831.9691698581164,1847.024777211968,45.59091329419183,-15.055607353851656,-12.465893755605183,46.979454474139374,1850.2,59.23245909577138,1968.6649181915427,1731.7350818084574,291598.0
SWBBL,2017-09-07,1855.0,1856.0,1824.0,1848.0,1.59 %,2535.0,4661670.0,0.01538461538461533,0.01526747213078838,1828.6,1845.1,1834.4354514184063,1847.0970159370074,50.066763204049,-12.661564518601153,-12.505027908204378,46.19520772598656,1845.1,54.379659510031615,1953.8593190200631,1736.3406809799367,294133.0
SWBBL,2017-09-10,1820.0,1820.0,1791.0,1800.0,-2.65 %,3439.0,6199800.0,-0.025974025974025983,-0.026317308317373417,1817.6,1836.6,1829.1376896617282,1843.6083480898217,43.46563725149181,-14.47065842809343,-12.89815401218219,46.96697860270181,1836.6,46.55206479682759,1929.7041295936551,1743.4958704063447,290694.0
SWBBL,2017-09-11,1790.0,1805.0,1781.0,1805.0,0.28 %,911.0,1637220.0,0.002777777777777768,0.0027739268827252244,1814.6,1829.7,1825.4241989445395,1840.7484704535386,44.28961991769264,-15.324271508999118,-13.383377511545575,45.32648013108025,1829.7,39.66982148747387,1909.0396429749478,1750.3603570250523,291605.0
SWBBL,2017-09-12,1809.0,1809.0,1780.0,1780.0,-1.38 %,1225.0,2188050.0,-0.013850415512465353,-0.01394722748085044,1810.6,1821.2,1818.4358606453795,1836.2485837532763,41.06669619119891,-17.812723107896772,-14.269246630815815,44.16030297886024,1821.2,29.427162532986316,1880.0543250659728,1762.3456749340273,290380.0
SWBBL,2017-09-13,1747.0,1840.0,1745.0,1747.0,-1.85 %,2685.0,4763860.0,-0.018539325842696575,-0.018713333152074213,1796.0,1814.05,1807.445728238398,1829.63757754933,37.21682652550659,-22.191849310931957,-15.853767166839043,47.79170990894165,1814.05,29.202514311463396,1872.4550286229266,1755.6449713770733,287695.0
SWBBL,2017-09-14,1725.0,1800.0,1725.0,1800.0,3.03 %,11231.0,19569400.0,0.03033772180881522,0.029886633750199603,1786.4,1812.45,1806.3002315863368,1827.4422014345648,45.976459636095065,-21.141969848227973,-16.91140770311683,49.7351592011601,1812.45,29.04347920302404,1870.5369584060481,1754.363041593952,298926.0
SWBBL,2017-09-17,1800.0,1810.0,1767.0,1767.0,-1.83 %,4384.0,7806370.0,-0.018333333333333313,-0.018503471564559643,1779.8,1809.8,1800.2540421115157,1822.9650013283008,42.04312915160901,-22.710959216785113,-18.071318005850486,49.254076401077235,1809.8,30.68961765133146,1871.1792353026628,1748.420764697337,294542.0
SWBBL,2017-09-18,1760.0,1765.0,1707.0,1725.0,-2.49 %,7297.0,12631100.0,-0.02376910016977929,-0.024056142854236268,1763.8,1805.8,1788.6764971712826,1815.7083345632416,37.63061362789221,-27.031837391959016,-19.863421883072192,50.021642372428865,1805.8,36.08702930716938,1877.9740586143387,1733.6259413856612,287245.0
SWBBL,2017-09-20,1705.0,1728.0,1689.0,1724.0,0.06 %,1144.0,1957110.0,-0.0005797101449275255,-0.0005798782418217141,1752.6,1802.0,1778.726266837239,1808.915124595594,37.52961842252786,-30.18885775835497,-21.928509058128746,49.23438220296966,1802.0,40.4657099803835,1882.931419960767,1721.068580039233,286101.0
SWBBL,2017-09-24,1714.0,1749.0,1700.0,1749.0,1.45 %,1473.0,2522250.0,0.01450116009280733,0.01439702379496357,1753.0,1798.8,1774.1529950161255,1804.4769672181428,41.73939582012739,-30.32397220201733,-23.607601686906467,49.21764061704326,1798.8,42.04959477876832,1882.8991895575366,1714.7008104424633,287574.0
SWBBL,2017-09-25,1745.0,1745.0,1720.0,1739.0,-0.57 %,559.0,966827.0,-0.005717552887364197,-0.005733960664319027,1740.8,1795.0,1768.7448419367215,1799.6268214982804,40.56193013119388,-30.881979561558865,-25.062477261836946,47.773523430111595,1795.0,43.90180430299679,1882.8036086059935,1707.1963913940065,287015.0
SWBBL,2017-09-26,1750.0,1773.0,1749.0,1750.0,0.63 %,878.0,1542750.0,0.006325474410580734,0.006305552563276647,1737.4,1792.3,1765.8610201003028,1795.9507606465559,42.483995611727366,-30.089740546253097,-26.067929918720175,46.78970032796077,1792.3,44.96677135754568,1882.2335427150913,1702.3664572849086,287893.0
SWBBL,2017-10-03,1725.0,1725.0,1725.0,1725.0,-1.43 %,200.0,345000.0,-0.014285714285714235,-0.014388737452099556,1737.4,1789.7,1759.5747093156408,1790.6951487468111,39.36811965636355,-31.120439431170325,-27.07843182121021,45.233293161677864,1789.7,47.33875679338071,1884.3775135867616,1695.0224864132385,287693.0
SWBBL,2017-10-04,1720.0,1720.0,1707.0,1708.0,-1.04 %,1205.0,2064780.0,-0.009855072463768155,-0.009903955116944998,1734.2,1784.1,1751.640138651696,1784.5695821729732,37.36146648789216,-32.929443521277335,-28.248634161223634,43.28805793584373,1784.1,50.10924906752524,1884.3184981350505,1683.8815018649493,286488.0
SWBBL,2017-10-08,1673.0,1673.0,1570.0,1590.0,-7.62 %,8381.0,13276600.0,-0.06908665105386413,-0.07158907913423793,1702.4,1771.6,1726.7724250129736,1770.1570205305309,27.053570917627766,-43.38459551755727,-31.275826432490366,50.05319665471203,1771.6,64.53591411402145,1900.6718282280428,1642.528171771957,278107.0
SWBBL,2017-10-09,1601.0,1625.0,1570.0,1580.0,0.19 %,1853.0,2931280.0,-0.0062893081761006275,-0.006309169193264721,1670.6,1756.6,1704.1920519340547,1756.071315306047,26.38910392079204,-51.87926337199224,-35.39651382039074,50.406539750804036,1756.6,72.39976737390485,1901.3995347478096,1611.8004652521902,276254.0
SWBBL,2017-10-10,1600.0,1610.0,1568.0,1582.0,0.13 %,1616.0,2578670.0,0.0012658227848101333,0.0012650223065867022,1637.0,1742.95,1685.3932747134309,1743.1771438018955,26.776463407970724,-57.7838690884646,-39.873984874005515,49.80607262574661,1742.95,78.36115780562248,1899.672315611245,1586.227684388755,277870.0
SWBBL,2017-10-11,1609.0,1609.0,1576.0,1580.0,-0.38 %,1252.0,1984240.0,-0.0012642225031606058,-0.0012650223065867451,1608.0,1730.95,1669.1789247575184,1731.089947964718,26.62557503611434,-61.911023207199605,-44.28139254064433,48.60563886676471,1730.95,84.10674608405809,1899.1634921681161,1562.736507831884,276618.0
SWBBL,2017-10-12,1599.0,1600.0,1575.0,1577.0,0.06 %,1045.0,1656720.0,-0.0018987341772152,-0.0019005390579741144,1581.8,1719.8,1654.9975517179,1719.6758777451093,26.385392153706377,-64.67832602720932,-48.36077923795733,46.91952180485294,1719.8,89.10407870637238,1898.0081574127448,1541.591842587255,275573.0
SWBBL,2017-10-15,1599.0,1599.0,1594.0,1594.0,1.08 %,496.0,791764.0,0.010779961953075512,0.010722272387122016,1582.6,1708.5,1645.6133129920693,1710.3665534676938,30.226411258880717,-64.75324047562458,-51.63927148549079,45.13955596164916,1708.5,90.05349287481044,1888.606985749621,1528.393014250379,276069.0
SWBBL,2017-10-16,1625.0,1635.0,1600.0,1635.0,2.57 %,3661.0,5919150.0,0.025721455457967446,0.025396223981193483,1593.6,1697.85,1643.9804956086741,1704.7838458034203,38.55360200112884,-60.803350194746145,-53.47208722734186,44.843873392959935,1697.85,85.1489561700453,1868.1479123400904,1527.5520876599094,279730.0
SWBBL,2017-10-17,1667.0,1667.0,1634.0,1634.0,-0.06 %,552.0,904286.0,-0.0006116207951070152,-0.000611807911405555,1604.0,1689.55,1642.4450347458012,1699.5405979661298,38.43312228200045,-57.095563220328586,-54.19678242593921,43.99788243631994,1689.55,82.72368400127651,1854.997368002553,1524.102631997447,279178.0
SWBBL,2017-10-18,1603.0,1647.0,1602.0,1646.0,0.80 %,606.0,987015.0,0.007343941248469932,0.007317105817066848,1617.2,1681.6,1642.9919524772165,1695.5746277464164,40.82295863902032,-52.582675269199854,-53.87396099459134,44.06946226229709,1681.6,78.58110125017615,1838.7622025003523,1524.4377974996476,279784.0
SWBBL,2017-10-22,1620.0,1630.0,1620.0,1630.0,-1.03 %,450.0,730500.0,-0.009720534629404587,-0.009768087436207072,1627.8,1674.1,1640.9931905576448,1690.7172479133485,38.66773102266532,-49.724057355703735,-53.043980266813826,42.77878638641872,1674.1,75.80438815242913,1825.7087763048582,1522.4912236951416,279334.0
SWBBL,2017-10-23,1630.0,1640.0,1640.0,1640.0,0.61 %,11.0,18040.0,0.006134969325153339,0.006116227017436054,1637.0,1668.75,1640.8403920103149,1686.960414734582,40.772370526530466,-46.12002272426707,-51.65918875830448,40.437444501674534,1668.75,74.14628144848422,1817.0425628969683,1520.4574371030317,279345.0
SWBBL,2017-10-24,1640.0,1622.0,1608.0,1620.0,-1.22 %,948.0,1532734.0,-0.012195121951219523,-0.01227009259181436,1634.0,1659.75,1637.634177854882,1682.0003840135018,37.96628160045829,-44.36620615861989,-50.20059223836757,39.83476989441207,1659.75,68.05019432282833,1795.8503886456567,1523.6496113543433,278397.0
SWBBL,2017-10-25,1600.0,1600.0,1600.0,1600.0,-1.23 %,557.0,891200.0,-0.012345679012345734,-0.012422519998557209,1627.2,1651.4,1631.8443043387463,1675.9262814939832,35.34649168895662,-44.08197715523693,-48.97686922174144,38.41800061623978,1651.4,64.3423409747544,1780.0846819495089,1522.7153180504913,277840.0
SWBBL,2017-10-29,1600.0,1600.0,1580.0,1580.0,-1.25 %,258.0,408590.0,-0.012499999999999956,-0.012578782206860073,1614.0,1644.15,1623.8682575174007,1668.8206310129474,32.90154509258093,-44.95237349554668,-48.17197007650249,37.10242914365123,1644.15,63.77945140136396,1771.708902802728,1516.5910971972721,277582.0
SWBBL,2017-10-30,1570.0,1575.0,1561.0,1561.0,-1.20 %,333.0,522104.0,-0.012025316455696156,-0.012098205505580377,1600.2,1636.0,1614.196217899339,1660.8339176045808,30.72707905224229,-46.63769970524186,-47.86511600225037,35.80939849053328,1636.0,63.452427268955795,1762.9048545379117,1509.0951454620883,277249.0
SWBBL,2017-10-31,1535.0,1535.0,1535.0,1535.0,-1.67 %,27.0,41445.0,-0.01665598975016014,-0.01679626049413452,1579.2,1625.3,1602.0121843763638,1651.5128866709083,27.999993874994388,-49.50070229454445,-48.19223326070919,35.108727169780906,1625.3,61.40469723165831,1748.1093944633167,1502.4906055366832,277222.0
SWBBL,2017-11-01,1535.0,1535.0,1516.0,1517.0,-1.24 %,345.0,524025.0,-0.011726384364820874,-0.011795680672765308,1558.6,1614.2,1588.9333867800003,1641.54896913973,26.262222113739554,-52.615582359729615,-49.076903080513276,33.95810380051084,1614.2,59.81427395218841,1733.8285479043768,1494.5714520956233,276877.0
SWBBL,2017-11-02,1530.0,1535.0,1525.0,1530.0,0.92 %,269.0,412015.0,0.00856954515491104,0.00853303503794893,1544.6,1603.2,1579.8667118907695,1633.2860825367868,29.657744660436236,-53.41937064601734,-49.94539659361409,32.8182392433315,1603.2,53.41259461179839,1710.0251892235967,1496.3748107764034,277146.0
SWBBL,2017-11-05,1520.0,1520.0,1437.0,1437.0,-6.08 %,1776.0,2600350.0,-0.0607843137254902,-0.06271012830745623,1516.0,1588.8,1557.887217753728,1618.746372719247,21.891429979698728,-60.85915496551888,-52.12814826799505,37.11693644023639,1588.8,57.512103989243975,1703.824207978488,1473.775792021512,275370.0
SWBBL,2017-11-06,1437.0,1494.0,1450.0,1450.0,0.90 %,2473.0,3644194.0,0.009046624913013224,0.00900594933559516,1493.8,1575.9,1541.2891842531544,1606.24664140671,24.85373220470069,-64.95745715355565,-54.69401004510717,38.537155265933784,1575.9,58.29769337322074,1692.4953867464415,1459.3046132535587,277843.0
SWBBL,2017-11-07,1422.0,1479.0,1422.0,1445.0,-0.69 %,2384.0,3459920.0,-0.0034482758620689724,-0.0034542348680875576,1475.8,1568.65,1526.4754635988231,1594.3024457469537,24.469348978023973,-67.82698214813058,-57.32060446571186,39.855929889795654,1568.65,65.07426931070601,1698.798538621412,1438.5014613785881,275459.0
SWBBL,2017-11-08,1425.0,1448.0,1420.0,1432.0,-0.56 %,3103.0,4456750.0,-0.00899653979238757,-0.009037253025941638,1458.8,1561.25,1511.940776891312,1582.2800423582905,23.45370319487293,-70.33926546697853,-59.92433666596519,39.00907775481025,1561.25,71.78467436501147,1704.819348730023,1417.680651269977,272356.0
SWBBL,2017-11-09,1439.0,1480.0,1439.0,1440.0,0.56 %,642.0,938280.0,0.005586592178770999,0.0055710450494554295,1440.8,1554.15,1500.8729650618793,1571.7407799613802,25.502931547171997,-70.8678148995009,-62.11303231267234,39.65128648660952,1554.15,76.49236287992356,1707.1347257598472,1401.165274240153,272998.0
SWBBL,2017-11-12,1440.0,1473.0,1445.0,1470.0,2.08 %,2551.0,3727474.0,0.02083333333333326,0.02061928720273561,1447.4,1548.65,1496.1232781292824,1564.204425890167,32.77129850044474,-68.0811477608845,-63.306655402314775,39.17619459470884,1548.65,78.46506094740661,1705.5801218948134,1391.7198781051868,275549.0
SWBBL,2017-11-13,1490.0,1494.0,1465.0,1490.0,1.36 %,6895.0,10222400.0,0.013605442176870763,0.013513719166722855,1455.4,1544.3,1495.1812353401622,1558.7078017501547,37.172212221958006,-63.52656640999248,-63.35063760385032,38.449323552229636,1544.3,79.21861822634104,1702.737236452682,1385.8627635473179,282444.0
SWBBL,2017-11-14,1242.0,1300.0,1260.0,1280.0,3.06 %,2874.0,3687870.0,-0.14093959731543626,-0.151916042025842,1422.4,1528.6,1462.0764299032141,1538.0627793982912,21.360612416541798,-75.98634949507709,-65.87777998209569,52.13151472707038,1528.6,97.78892413876493,1724.1778482775298,1333.02215172247,279570.0
SWBBL,2017-11-15,1300.0,1352.0,1300.0,1316.0,2.81 %,7177.0,9496760.0,0.028124999999999956,0.02773675497159962,1399.2,1512.65,1439.6031329950274,1521.6136846280474,27.086382937127382,-82.01055163301999,-69.10433431228056,53.55069224656536,1512.65,105.25171582552542,1723.153431651051,1302.1465683489491,286747.0
SWBBL,2017-11-16,1293.0,1319.0,1290.0,1316.0,0.23 %,1193.0,1557870.0,0.0,0.0,1374.4,1496.75,1420.587266380408,1506.383041322266,27.086382937068393,-85.7957749418581,-72.44262243819607,51.797071371810695,1496.75,109.87307270332354,1716.496145406647,1277.003854593353,286747.0
SWBBL,2017-11-19,1319.0,1295.0,1268.0,1268.0,-3.87 %,5460.0,7034760.0,-0.03647416413373861,-0.03715597688809128,1334.0,1477.85,1397.1123023218836,1488.7250382613574,24.345329082999697,-91.61273593947385,-76.27664513845163,51.525851988109935,1477.85,115.22895971890675,1708.3079194378133,1247.3920805621865,281287.0
SWBBL,2017-11-20,1270.0,1270.0,1256.0,1261.0,-0.63 %,690.0,869060.0,-0.005520504731861164,-0.005535799032251641,1288.2,1459.4,1376.1719481185169,1471.8565169086644,23.96446002820477,-95.68456879014752,-80.15822986879081,48.84543398895923,1459.4,119.06274329995925,1697.5254865999186,1221.2745134000816,280597.0
SWBBL,2017-11-21,1285.0,1285.0,1266.0,1267.0,0.48 %,312.0,398496.0,0.004758128469468659,0.004746844356219477,1285.6,1440.75,1359.376263792591,1456.681960100615,25.046859979113933,-97.30569630802393,-83.58772315663744,47.070760132605,1440.75,118.49666884061577,1677.7433376812314,1203.7566623187686,280909.0
SWBBL,2017-11-22,1291.0,1314.0,1291.0,1300.0,2.69 %,322.0,420170.0,0.026045777426992878,0.025712363128489034,1282.4,1424.75,1350.2414539783463,1445.0758889820509,30.87529294755079,-94.83443500370458,-85.83706552605088,47.06570583741893,1424.75,114.55813279501584,1653.8662655900316,1195.6337344099684,281231.0
SWBBL,2017-11-23,1300.0,1341.0,1311.0,1341.0,3.15 %,2167.0,2882561.0,0.031538461538461515,0.031051339832050398,1287.4,1411.8,1348.8196918278315,1437.3665638722694,37.38952973210752,-88.5468720444378,-86.37902682972828,46.63244113474615,1411.8,108.16537046776051,1628.1307409355209,1195.469259064479,283398.0
SWBBL,2017-11-26,1341.0,1407.0,1345.0,1407.0,4.92 %,5211.0,7096318.0,0.04921700223713654,0.048044173832710604,1315.2,1403.15,1357.7705084697036,1435.1171887706198,46.181854603431084,-77.3466803009162,-84.57255752396586,48.01583819655,1403.15,100.66373151295409,1604.4774630259083,1201.822536974092,288609.0
SWBBL,2017-11-27,1382.0,1413.0,1381.0,1382.0,-1.78 %,4379.0,6102480.0,-0.01776830135039087,-0.017928052786773816,1339.4,1394.2,1361.4981225512875,1431.1825821950183,43.679683522206794,-69.68445964373086,-81.59493794791887,46.87184975393929,1394.2,93.60026990518057,1581.4005398103611,1206.999460189639,284230.0
SWBBL,2017-11-28,1375.0,1409.0,1364.0,1409.0,1.95 %,7610.0,10414500.0,0.01953690303907374,0.019348507571064946,1367.8,1387.9,1368.806103697243,1429.5394279583504,47.018397096942884,-60.73332426110733,-77.42261521055656,46.73814620008648,1387.9,87.67757920211825,1563.2551584042367,1212.5448415957635,291840.0
SWBBL,2017-11-29,1415.0,1421.0,1400.0,1400.0,0.43 %,4835.0,6829090.0,-0.0063875088715400485,-0.006407996295330183,1387.8,1382.05,1373.605164666898,1427.3513221836579,46.038680703794796,-53.74615751675992,-72.68732367179723,44.89970718579459,1382.05,82.35192452937031,1546.7538490587406,1217.3461509412593,287005.0
SWBBL,2017-11-30,1400.0,1430.0,1390.0,1415.0,0.00 %,2309.0,3247290.0,0.010714285714285676,0.010657294473987979,1402.6,1376.3,1379.9736008719906,1426.4364094293128,47.98405201182943,-46.462808557322205,-67.44242064890223,44.54972810109498,1376.3,75.18055459678779,1526.6611091935756,1225.9388908064243,289314.0
SWBBL,2017-12-04,1425.0,1425.0,1400.0,1401.0,-1.06 %,6098.0,8600320.0,-0.009893992932862195,-0.009943263740331,1401.4,1374.5,1383.2084315070688,1424.5522309530675,46.306099715610074,-41.343799445998684,-62.22269640832152,43.153318951016765,1374.5,74.07357650909678,1522.6471530181936,1226.3528469818064,283216.0
SWBBL,2017-12-05,1391.0,1395.0,1391.0,1395.0,-0.36 %,600.0,835000.0,-0.004282655246252709,-0.004291852081541032,1404.0,1371.75,1385.0225189675195,1422.3631768083958,45.570611955955314,-37.34065784087625,-57.24628869483247,40.78522474022986,1371.75,72.11823260238097,1515.986465204762,1227.513534795238,282616.0
SWBBL,2017-12-06,1422.0,1434.0,1410.0,1434.0,2.80 %,3196.0,4551070.0,0.027956989247311936,0.02757332690409977,1409.0,1371.2,1392.5575160494395,1423.2251637114775,51.016684976365504,-30.667647662038007,-51.93056048827358,40.6577086873563,1371.2,71.57006136798712,1514.3401227359743,1228.0598772640258,285812.0
SWBBL,2017-12-10,1462.0,1462.0,1400.0,1400.0,-2.37 %,2137.0,3059390.0,-0.023709902370990243,-0.023995505556215692,1409.0,1369.6,1393.702513580295,1421.5047812143312,46.63573930174206,-27.80226763403607,-47.10490191742608,42.18215806683085,1369.6,70.4888195689036,1510.5776391378072,1228.6223608621926,283675.0
SWBBL,2017-12-11,1401.0,1415.0,1390.0,1393.0,-0.71 %,1819.0,2540920.0,-0.0050000000000000044,-0.005012541823544286,1404.6,1367.25,1393.594434567942,1419.3933159391956,45.76440017985216,-25.79888137125363,-42.84369780819159,40.95486106205722,1367.25,68.78102170930109,1504.8120434186021,1229.6879565813979,281856.0
SWBBL,2017-12-12,1400.0,1395.0,1371.0,1385.0,-0.36 %,1254.0,1724130.0,-0.005743000717875035,-0.0057595551583667715,1401.4,1363.0,1392.2722138651818,1416.8456629066627,44.7356759199751,-24.5734490414809,-39.18964805484946,39.74379955762456,1363.0,64.59672470111931,1492.1934494022387,1233.8065505977613,280602.0
SWBBL,2017-12-13,1380.0,1400.0,1380.0,1390.0,0.36 %,735.0,1022910.0,0.0036101083032491488,0.003603607503298618,1400.4,1358.0,1391.9226425013076,1414.857095283947,45.55935711845612,-22.934452782639482,-35.93860900040746,38.33352816065138,1358.0,57.757205064381786,1473.5144101287635,1242.4855898712365,281337.0
SWBBL,2017-12-14,1399.0,1399.0,1363.0,1370.0,-1.44 %,290.0,399860.0,-0.014388489208633115,-0.014493007302566864,1387.6,1362.5,1388.5499282703372,1411.534347485136,42.8107551484356,-22.98441921479889,-33.347771043285746,38.16684757774771,1362.5,54.79002982685798,1472.080059653716,1252.919940346284,281047.0
SWBBL,2017-12-17,1370.0,1380.0,1366.0,1370.0,-1.44 %,634.0,871470.0,0.0,0.0,1381.6,1365.2,1385.6960931518238,1408.4577291529038,42.81075514829652,-22.761636001079978,-31.230544034844595,36.44064417933716,1365.2,53.697593791102946,1472.5951875822059,1257.8048124177942,281047.0
SWBBL,2017-12-18,1375.0,1380.0,1350.0,1352.0,-1.46 %,1224.0,1663600.0,-0.013138686131386912,-0.01322576221926125,1373.4,1367.0,1380.512078820774,1404.2756751415775,40.274591427542454,-23.763596320803572,-29.737154492036392,35.98059816652737,1367.0,52.55273041137954,1472.1054608227591,1261.8945391772409,279823.0
SWBBL,2017-12-19,1326.0,1340.0,1311.0,1316.0,-2.52 %,1840.0,2428960.0,-0.026627218934911268,-0.026988144717646916,1359.6,1369.4,1370.587143617578,1397.7367362422015,35.71719859630818,-27.149592624623438,-29.219642118553804,36.33912686891828,1369.4,48.75221992253627,1466.9044398450726,1271.8955601549276,277983.0
SWBBL,2017-12-20,1342.0,1342.0,1342.0,1342.0,1.98 %,10.0,13420.0,0.019756838905775176,0.01956420564636469,1350.0,1373.45,1366.1891215225662,1393.6080891131494,40.91718305278605,-27.41896759058318,-28.859507212959677,35.60061780685268,1373.45,42.19687566392074,1457.8437513278416,1289.0562486721585,277993.0
SWBBL,2017-12-21,1325.0,1335.0,1315.0,1315.0,-2.01 %,1258.0,1668350.0,-0.020119225037257826,-0.02032437291976218,1339.0,1375.85,1358.3138720575562,1387.7852676973605,37.52268002639414,-29.471395639804314,-28.98188489832861,34.986287963506065,1375.85,36.85001606807566,1449.5500321361512,1302.1499678638486,276735.0
SWBBL,2017-12-24,1320.0,1340.0,1315.0,1320.0,0.38 %,2565.0,3383700.0,0.0038022813688212143,0.0037950709685515343,1329.0,1376.85,1352.4194302025476,1382.7641367568153,38.5395309029647,-30.34470655426776,-29.254449229516442,34.27298168039849,1376.85,34.90328743386669,1446.6565748677333,1307.0434251322665,279300.0
SWBBL,2017-12-26,1300.0,1300.0,1274.0,1280.0,-3.03 %,2570.0,3298160.0,-0.030303030303030276,-0.03077165866675366,1314.6,1373.8,1341.2779794021556,1375.1519784785328,33.80008722113686,-33.87399907637723,-30.178359198888604,35.11062584608431,1373.8,40.42875474873334,1454.6575094974667,1292.9424905025332,276730.0
SWBBL,2017-12-27,1260.0,1300.0,1255.0,1270.0,-0.78 %,1984.0,2511700.0,-0.0078125,-0.007843177461025893,1305.4,1366.95,1330.3121364172086,1367.3629430356787,32.71686558833596,-37.050806618470006,-31.552848682804886,35.81700971422115,1366.95,45.76194120844112,1458.4738824168824,1275.4261175831177,274746.0
SWBBL,2017-12-28,1245.0,1270.0,1245.0,1270.0,0.00 %,1235.0,1550240.0,0.0,0.0,1291.0,1361.35,1321.0333461991765,1360.150873181184,32.716865588223044,-39.11752698200735,-33.06578434264538,35.04436616320535,1361.35,50.4373243165958,1462.2246486331915,1260.4753513668084,274746.0
SWBBL,2017-12-31,1246.0,1275.0,1245.0,1270.0,0.39 %,510.0,641150.0,0.0,0.0,1282.0,1354.4,1313.182062168534,1353.4730307233185,32.71686558810144,-40.29096855478451,-34.51082118507321,34.68405429440497,1354.4,53.03563846486036,1460.4712769297207,1248.3287230702795,274746.0
SWBBL,2018-01-01,1300.0,1350.0,1274.0,1350.0,5.88 %,743.0,971415.0,0.06299212598425208,0.06108769197983828,1288.0,1351.9,1318.8463602964518,1353.2157691882578,49.03628258304345,-34.36940889180596,-34.48253872641976,37.92090755909033,1351.9,51.94014774117784,1455.7802954823558,1248.0197045176444,275489.0
SWBBL,2018-01-02,1360.0,1375.0,1323.0,1330.0,-1.48 %,3483.0,4696880.0,-0.014814814814814836,-0.014925650216675706,1298.0,1347.65,1320.5623048662285,1351.4960825817202,46.0304269391826,-30.933777715491715,-33.77278652423415,38.92655701915531,1347.65,49.94446916333148,1447.5389383266631,1247.761061673337,272006.0
SWBBL,2018-01-03,1311.0,1320.0,1300.0,1300.0,-2.26 %,2814.0,3686890.0,-0.022556390977443663,-0.0228146777661714,1304.0,1342.6,1317.3988733483473,1347.6815579460372,41.883125466910776,-30.282684597689922,-33.074766138925305,38.28894580350136,1342.6,49.36907192934536,1441.3381438586907,1243.861856141309,269192.0
SWBBL,2018-01-04,1300.0,1310.0,1295.0,1310.0,0.77 %,961.0,1248300.0,0.007692307692307665,0.007662872745569097,1312.0,1338.35,1316.2605851409094,1344.8903314315157,43.70392505967593,-28.629746290606363,-32.18576216926152,36.625449674679835,1338.35,48.26710223228372,1434.8842044645673,1241.8157955354325,270153.0
SWBBL,2018-01-07,1320.0,1350.0,1314.0,1320.0,0.76 %,3980.0,5277450.0,0.007633587786259444,0.0076045993852192125,1322.0,1332.65,1316.8358797346157,1343.0466031773294,45.54135755048601,-26.210723442713743,-30.990754423951966,36.86648898363127,1332.65,42.79851817413472,1418.2470363482696,1247.0529636517306,274133.0
SWBBL,2018-01-08,1321.0,1330.0,1315.0,1330.0,0.76 %,1618.0,2143410.0,0.007575757575757569,0.007547205635382904,1318.0,1329.15,1318.861129006213,1342.0801881271568,47.39054839119702,-23.21905912094371,-29.436415363350317,35.304596913371896,1329.15,39.75487391511901,1408.659747830238,1249.640252169762,275751.0
SWBBL,2018-01-09,1330.0,1360.0,1340.0,1360.0,2.26 %,665.0,901665.0,0.022556390977443552,0.022305757514298186,1324.0,1327.5,1325.1901860821804,1343.4075815992192,52.59143808038765,-18.217395517038767,-27.192611394088008,34.92569713384533,1327.5,37.59129238487164,1402.6825847697432,1252.3174152302568,276416.0
SWBBL,2018-01-10,1333.0,1333.0,1320.0,1330.0,-1.99 %,233.0,309176.0,-0.022058823529411797,-0.022305757514298277,1330.0,1324.75,1325.9301574541525,1342.4144274066844,47.531132821032394,-16.484269952531804,-25.050943105776767,35.28814733857067,1324.75,35.092171866711375,1394.9343437334228,1254.5656562665772,276183.0
SWBBL,2018-01-14,1310.0,1312.0,1300.0,1300.0,-2.48 %,904.0,1180820.0,-0.022556390977443663,-0.0228146777661714,1328.0,1320.25,1321.940902461206,1339.2726179691522,43.06836085565091,-17.331715507946228,-23.507097586210662,34.91042252867277,1320.25,31.910854447757664,1384.0717088955153,1256.4282911044847,275279.0
SWBBL,2018-01-16,1314.0,1314.0,1290.0,1290.0,-0.77 %,740.0,961780.0,-0.007692307692307665,-0.007722046093910278,1322.0,1316.25,1317.0269174671744,1335.6227944158818,41.664086940873844,-18.595876948707428,-22.524853458710016,34.13110663376757,1316.25,30.32087174150721,1376.8917434830144,1255.6082565169856,274539.0
SWBBL,2018-01-17,1280.0,1320.0,1280.0,1295.0,0.39 %,1364.0,1767090.0,0.003875968992248069,0.003868476777920332,1315.0,1312.5,1313.638160933763,1332.613698533224,42.67061401986098,-18.97553759946095,-21.814990286860205,34.550313302784176,1312.5,27.861499563049,1368.222999126098,1256.777000873902,275903.0
SWBBL,2018-01-21,1295.0,1300.0,1280.0,1300.0,0.39 %,2586.0,3318320.0,0.0038610038610038533,0.0038535693159899723,1303.0,1309.9,1311.5399823285686,1330.1978690122444,43.716431205342786,-18.65788668367577,-21.18356956622332,33.51100520972817,1309.9,26.3676436487221,1362.6352872974444,1257.1647127025558,278489.0
SWBBL,2018-01-22,1300.0,1310.0,1290.0,1290.0,-0.77 %,745.0,965768.0,-0.007692307692307665,-0.007722046093910278,1295.0,1308.6,1308.2261388934044,1327.2202490854115,42.063705832355126,-18.994110192007156,-20.745677691380088,32.5459334090333,1308.6,26.690033622007522,1361.980067244015,1255.219932755985,277744.0
SWBBL,2018-01-23,1290.0,1296.0,1280.0,1288.0,-0.15 %,1056.0,1355010.0,-0.0015503875968991832,-0.001551590691418833,1292.6,1305.9,1305.114425217496,1324.315045449455,41.72395840529861,-19.200620231958965,-20.436666199495864,31.364081022673783,1305.9,25.851600785346925,1357.603201570694,1254.1967984293062,276688.0
SWBBL,2018-01-24,1300.0,1300.0,1300.0,1300.0,0.93 %,250.0,325000.0,0.009316770186335477,0.009273636785329253,1294.6,1305.15,1304.3275905686505,1322.5139309717176,44.61450908276594,-18.186340403067106,-19.98660104021011,29.980932378197085,1305.15,25.791216375198744,1356.7324327503975,1253.5675672496027,276938.0
SWBBL,2018-01-25,1300.0,1300.0,1290.0,1300.0,0.00 %,800.0,1039500.0,0.0,0.0,1295.6,1304.15,1303.6618074042428,1320.84623238122,44.614509082567345,-17.184424976977198,-19.42616582756353,28.55372292261158,1304.15,25.57193156993787,1355.2938631398758,1253.0061368601243,276938.0
SWBBL,2018-01-28,1305.0,1305.0,1285.0,1290.0,-1.15 %,700.0,906700.0,-0.007692307692307665,-0.007722046093910278,1293.6,1304.65,1301.5599908805132,1318.5613262789075,42.57362071305209,-17.001335398394303,-18.941199741729687,27.942742713853608,1304.65,25.1694781746862,1354.9889563493725,1254.3110436506277,276238.0
SWBBL,2018-01-29,1285.0,1302.0,1285.0,1298.0,1.01 %,1061.0,1376750.0,0.006201550387596955,0.00618239990831756,1295.2,1306.05,1301.0122999758187,1317.0382650730623,44.751039249113965,-16.02596509724367,-18.358152812832486,27.161118234292637,1306.05,23.886739329521898,1353.8234786590438,1258.2765213409562,277299.0
SWBBL,2018-01-31,1314.0,1317.0,1307.0,1314.0,1.46 %,850.0,1115850.0,0.012326656394453073,0.012251301780520585,1300.4,1308.25,1303.0104076718467,1316.8132084009835,48.9223812813537,-13.802800729136834,-17.447082396093357,26.57818121755745,1308.25,22.36979871934237,1352.9895974386848,1263.5104025613152,278149.0
SWBBL,2018-02-01,1320.0,1335.0,1320.0,1325.0,0.61 %,1418.0,1881050.0,0.008371385083713934,0.008336539375766843,1305.4,1311.0,1306.3934218761779,1317.419637408318,51.62644593294733,-11.026215532140213,-16.16290902330273,26.179739702017635,1311.0,20.74151697255609,1352.483033945112,1269.516966054888,279567.0
SWBBL,2018-02-04,1340.0,1351.0,1340.0,1345.0,1.96 %,570.0,764970.0,0.015094339622641506,0.014981553615616894,1314.4,1310.75,1312.332895433689,1319.462627229924,56.169850165334175,-7.129731796235092,-14.356273577889205,26.16690115187352,1310.75,20.271512290240196,1351.2930245804805,1270.2069754195195,280137.0
SWBBL,2018-02-05,1375.0,1375.0,1330.0,1337.0,-1.04 %,3957.0,5319820.0,-0.005947955390334547,-0.0059657149339962775,1323.8,1311.1,1316.1278345977366,1320.7616918795593,53.985630880505994,-4.633857281822657,-12.411790318675894,27.51212249816827,1311.1,20.677727657063155,1352.4554553141263,1269.7445446858735,276180.0
SWBBL,2018-02-06,1335.0,1340.0,1331.0,1335.0,-0.15 %,1854.0,2474960.0,-0.0014958863126401933,-0.0014970062675932275,1331.2,1312.85,1319.0312446596233,1321.8163813699623,53.42629494599552,-2.785136710338975,-10.48645959700851,26.189828034013395,1312.85,21.16420762082921,1355.1784152416583,1270.5215847583415,274326.0
SWBBL,2018-02-07,1325.0,1326.0,1320.0,1320.0,-1.12 %,1264.0,1672160.0,-0.011235955056179803,-0.011299555253933394,1332.4,1313.35,1319.1802839427583,1321.681834601817,49.300638756940785,-2.501550659058694,-8.889477809418548,25.39055460301244,1313.35,21.21140457908349,1355.7728091581669,1270.927190841833,273062.0
SWBBL,2018-02-08,1320.0,1330.0,1320.0,1321.0,0.08 %,3127.0,4145060.0,0.0007575757575757347,0.0007572889419087576,1331.6,1313.4,1319.460240259257,1321.6313283350155,49.580171549667526,-2.171088075758462,-7.545799862686531,24.291229274225838,1313.4,21.229076386351903,1355.858152772704,1270.9418472272962,276189.0
SWBBL,2018-02-11,1330.0,1335.0,1310.0,1320.0,-0.08 %,1225.0,1615800.0,-0.0007570022710068347,-0.0007572889419088022,1326.6,1312.9,1319.5432802193714,1321.5104891990884,49.287519264414854,-1.967208979717043,-6.430081686092633,24.341855754638278,1312.9,20.933227176119757,1354.7664543522396,1271.0335456477605,274964.0
SWBBL,2018-02-12,1320.0,1330.0,1315.0,1317.0,-0.23 %,205.0,270640.0,-0.002272727272727315,-0.0022753138371355394,1322.6,1310.75,1319.152006339468,1321.1763788880448,48.36519678930428,-2.024372548576821,-5.548939858589471,23.674580343592687,1310.75,17.817421988683797,1346.3848439773676,1275.1151560226324,274759.0
SWBBL,2018-02-14,1330.0,1334.0,1316.0,1334.0,1.29 %,380.0,504540.0,0.012908124525436548,0.012825524732287936,1322.4,1310.95,1321.436313056473,1322.1262767481896,53.65742258973565,-0.6899636917166845,-4.577144625214914,23.26925317619321,1310.95,18.065596848173254,1347.0811936963466,1274.8188063036534,275139.0
SWBBL,2018-02-15,1360.0,1371.0,1335.0,1371.0,2.77 %,3636.0,4934890.0,0.027736131934033015,0.027358453086745393,1332.6,1314.5,1329.0614956631694,1325.74655254462,62.63398591151734,3.3149431185493086,-2.9987270764620697,24.250020806465123,1314.5,22.284051412960288,1359.0681028259205,1269.9318971740795,278775.0
SWBBL,2018-02-18,1371.0,1398.0,1354.0,1355.0,-1.17 %,1717.0,2347755.0,-0.011670313639679075,-0.011738946248513125,1339.4,1317.75,1333.0520347919125,1327.913474578352,57.45154270177584,5.138560213560595,-1.3712696184575368,25.66073360600333,1317.75,23.242146381693807,1364.2342927633877,1271.2657072366123,277058.0
SWBBL,2018-02-20,1350.0,1351.0,1303.0,1315.0,-2.95 %,2001.0,2638130.0,-0.029520295202952074,-0.029964788701936394,1338.4,1318.75,1330.27479867008,1326.9569209058814,46.98489800260812,3.317877764198556,-0.4334401419263182,27.542109777003095,1318.75,22.634103286544736,1364.0182065730894,1273.4817934269106,275057.0
SWBBL,2018-02-21,1305.0,1316.0,1305.0,1313.0,-0.15 %,163.0,213448.0,-0.001520912547528508,-0.0015220703090687295,1337.6,1319.4,1327.6171373362215,1325.9230749128533,46.52846275067849,1.6940624233682229,-0.007939628867409954,26.36053050721716,1319.4,22.250724411783363,1363.9014488235669,1274.8985511764333,274894.0
SWBBL,2018-02-22,1310.0,1335.0,1310.0,1317.0,0.15 %,1370.0,1813900.0,0.0030464584920031346,0.0030418274404849423,1334.2,1320.75,1325.9837315921873,1325.2621064007901,47.62434782768118,0.7216251913971519,0.13797333518550242,26.263349756701647,1320.75,21.165699660353486,1363.081399320707,1278.418600679293,276264.0
SWBBL,2018-02-25,1300.0,1325.0,1300.0,1315.0,0.00 %,630.0,824675.0,-0.0015186028853454436,-0.001519757131416077,1323.0,1322.1,1324.293926731851,1324.5019503711019,47.10451989429904,-0.20802363925099598,0.06877394029820275,26.173110488365815,1322.1,19.78276762093375,1361.6655352418675,1282.5344647581323,275634.0
SWBBL,2018-02-26,1300.0,1305.0,1256.0,1256.0,-3.68 %,4519.0,5809460.0,-0.04486692015209126,-0.045904597583720945,1303.2,1319.9,1313.7871687731047,1319.4277318250943,34.976008169912646,-5.640563051989602,-1.0730934581593583,28.517888310625402,1319.9,24.3005306419574,1368.5010612839149,1271.2989387160853,271115.0
SWBBL,2018-02-27,1281.0,1301.0,1260.0,1276.0,1.59 %,1059.0,1356380.0,0.015923566878981,0.01579811687659131,1295.4,1318.7,1307.973758192627,1316.2108628010133,40.562840579002646,-8.23710460838629,-2.5058956882047445,29.69518200272359,1318.7,25.876426988501304,1370.4528539770026,1266.9471460229975,272174.0
SWBBL,2018-02-28,1276.0,1276.0,1240.0,1244.0,-2.51 %,1976.0,2471990.0,-0.025078369905956133,-0.02539819060561046,1281.6,1316.4,1298.1316415476076,1310.861910000938,35.332069031102705,-12.730268453330382,-4.550770241229872,30.145526145386192,1316.4,30.238351389318073,1376.8767027786362,1255.923297221364,270198.0
SWBBL,2018-03-04,1222.0,1244.0,1187.0,1244.0,0.00 %,3840.0,4629780.0,0.0,0.0,1267.0,1313.7,1289.8036966941295,1305.9091759267944,35.33206903094937,-16.105479232664948,-6.8617120395168865,32.06370284928718,1313.7,34.12839533919063,1381.9567906783814,1245.4432093216187,270198.0
SWBBL,2018-03-05,1226.0,1226.0,1181.0,1190.0,-4.34 %,1348.0,1613460.0,-0.043408360128617374,-0.0443786871935497,1242.0,1307.5,1274.4492818181095,1297.323311043328,28.21199723394986,-22.874029225218464,-10.064175476657203,34.27343836005238,1307.5,43.92757196743764,1395.3551439348753,1219.6448560651247,268850.0
SWBBL,2018-03-06,1170.0,1235.0,1170.0,1215.0,2.10 %,1837.0,2184170.0,0.021008403361344463,0.02079076966907369,1233.8,1302.0,1265.3032384614773,1291.2252880030815,34.766186831362205,-25.92204954160411,-13.235750289646585,36.46819276290579,1302.0,48.29078587067157,1398.5815717413432,1205.4184282586568,270687.0
SWBBL,2018-03-07,1233.0,1239.0,1214.0,1219.0,0.33 %,2944.0,3592180.0,0.003292181069958877,0.003286773706622723,1222.4,1295.7,1258.1796633135577,1285.87526666952,35.776522334000575,-27.69560335596225,-16.12772090290972,35.649036136983945,1295.7,50.55179730270109,1396.8035946054022,1194.596405394598,273631.0
SWBBL,2018-03-11,1219.0,1219.0,1190.0,1190.0,-2.38 %,3042.0,3624780.0,-0.0237899917965545,-0.0240775433756964,1211.6,1288.35,1247.6904843422412,1278.7733950643703,31.916967939292903,-31.0829107221291,-19.118758866753595,35.174104984342236,1288.35,54.74368504803684,1397.8373700960735,1178.8626299039263,270589.0
SWBBL,2018-03-12,1190.0,1195.0,1175.0,1175.0,-1.26 %,2003.0,2370810.0,-0.012605042016806678,-0.012685159527315687,1197.8,1280.35,1236.5073329049733,1271.086476911454,30.107732693838557,-34.57914400648065,-22.210835894699006,34.09024034260351,1280.35,59.08626610399704,1398.522532207994,1162.177467792006,268586.0
SWBBL,2018-03-13,1166.0,1171.0,1166.0,1170.0,-0.42 %,350.0,409500.0,-0.004255319148936176,-0.00426439878645754,1193.8,1272.85,1226.2754355349773,1263.5985897328278,29.507297315314204,-37.3231541978505,-25.233299555329303,32.29808031813183,1272.85,63.167509136686846,1399.1850182733735,1146.5149817266263,268236.0
SWBBL,2018-03-14,1180.0,1180.0,1171.0,1175.0,0.43 %,908.0,1068210.0,0.004273504273504258,0.004264398786457518,1185.8,1265.55,1218.3869069911345,1257.0357312340998,30.989434794764392,-38.64882424296525,-27.916404492856493,30.70536029540813,1265.55,65.69585022548394,1396.9417004509678,1134.158299549032,269144.0
SWBBL,2018-03-15,1180.0,1188.0,1166.0,1183.0,0.68 %,2939.0,3442920.0,0.006808510638297793,0.006785437400127363,1178.6,1258.7,1212.9427674540368,1251.5516029945368,33.40216684333673,-38.60883554049997,-30.05489070238519,30.083548845736125,1258.7,66.85183932443263,1392.4036786488653,1124.9963213511348,272083.0
SWBBL,2018-03-18,1175.0,1185.0,1168.0,1185.0,0.17 %,1708.0,2006340.0,0.0016906170752324368,0.0016891895908447598,1177.6,1252.1,1208.643880153416,1246.6218546245711,34.02319243611511,-37.97797447115522,-31.6395074561392,29.14900964246926,1252.1,67.30754239433375,1386.7150847886674,1117.4849152113325,273791.0
SWBBL,2018-03-19,1180.0,1180.0,1167.0,1170.0,-1.52 %,379.0,444753.0,-0.012658227848101222,-0.012739025777429714,1176.6,1243.9,1202.698667822121,1240.9461616894177,31.64013926637719,-38.247493867296726,-32.96110473837071,28.352651810864312,1243.9,66.79260910898827,1377.4852182179766,1110.3147817820236,273412.0
SWBBL,2018-03-20,1165.0,1165.0,1152.0,1160.0,-0.60 %,2660.0,3084060.0,-0.008547008547008517,-0.008583743691391442,1174.6,1233.35,1196.1296420033332,1234.9501497124238,30.125243801820943,-38.820507709090634,-34.13298533251469,27.613176681516862,1233.35,62.16385394141264,1357.6777078828252,1109.0222921171746,270752.0
SWBBL,2018-03-21,1145.0,1150.0,1114.0,1114.0,-3.96 %,1873.0,2102460.0,-0.03965517241379313,-0.04046286361318102,1162.4,1221.3,1183.494312464359,1225.9908793633554,24.34983407287625,-42.496566898996434,-35.80570164581104,28.926521204265658,1221.3,60.6821746132806,1342.6643492265612,1099.9356507734387,268879.0
SWBBL,2018-03-22,1097.0,1130.0,1050.0,1091.0,-2.15 %,1337.0,1454020.0,-0.02064631956912033,-0.020862434654158556,1144.0,1210.1,1169.264418239073,1215.9915549660698,22.071398419310697,-46.72713672699683,-37.9899886620482,32.574626832532395,1210.1,63.10133871302293,1336.3026774260459,1083.897322573954,267542.0
SWBBL,2018-03-26,1070.0,1070.0,1020.0,1022.0,-6.42 %,5486.0,5682960.0,-0.06324472960586613,-0.06533321506942102,1111.4,1195.55,1146.6083538946002,1201.6218101537684,16.947936360366967,-55.01345625916815,-41.39468218147219,35.31929634449437,1195.55,71.16065959286402,1337.871319185728,1053.228680814272,262056.0
SWBBL,2018-03-27,1020.0,1100.0,961.0,1079.0,5.78 %,3562.0,3602290.0,0.05577299412915848,0.05427319449448489,1093.2,1183.65,1136.2070686800462,1192.538713105341,31.16346795536596,-56.331644425294826,-44.38207463023672,42.725060891316204,1183.65,69.66632879970308,1322.9826575994061,1044.317342400594,265618.0
SWBBL,2018-03-28,1100.0,1100.0,998.0,1047.0,-3.06 %,4284.0,4535580.0,-0.029657089898053712,-0.03010575438759776,1070.6,1170.25,1122.4829042677316,1181.7580676901307,28.24098295040521,-59.275163422399146,-47.36069238866921,46.958985113365046,1170.25,68.84144635936568,1307.9328927187314,1032.5671072812686,261334.0
SWBBL,2018-03-29,1060.0,1086.0,1046.0,1086.0,3.82 %,3320.0,3511770.0,0.0372492836676217,0.03657228962334382,1065.0,1161.75,1116.8701497650036,1174.6648774908617,36.10545549903427,-57.79472772585814,-49.447499456106996,46.461914748124684,1161.75,68.18849648319659,1298.1269929663931,1025.3730070336069,264654.0
SWBBL,2018-04-01,1084.0,1084.0,1050.0,1057.0,-2.67 %,2230.0,2376590.0,-0.026703499079189674,-0.027066514623643102,1058.2,1150.8,1107.6593574934645,1165.948960639687,33.19239327449877,-58.28960314622236,-51.21592019413007,45.71463512325863,1150.8,66.43762409015092,1283.6752481803019,1017.9247518196981,262424.0
SWBBL,2018-04-02,1050.0,1060.0,1040.0,1041.0,-1.51 %,3007.0,3150260.0,-0.015137180700094621,-0.015252917255268764,1062.0,1140.65,1097.4040717252392,1156.6934820737843,31.673992519242304,-59.28941034854506,-52.830618225013076,43.87787547159731,1140.65,66.95424596423263,1274.5584919284654,1006.7415080715348,259417.0
SWBBL,2018-04-03,1031.0,1056.0,1025.0,1056.0,1.44 %,2114.0,2178200.0,0.014409221902017322,0.01430639565123793,1057.4,1131.25,1091.0342145367408,1149.2347056238743,34.69033904208922,-58.200491087133514,-53.90459279743717,42.958027223626075,1131.25,64.8446524192691,1260.9393048385382,1001.5606951614618,261531.0
SWBBL,2018-04-04,1057.0,1100.0,1049.0,1100.0,4.17 %,3441.0,3667620.0,0.04166666666666674,0.0408219945202552,1068.0,1126.75,1092.413566146473,1145.5876903924764,42.68353865795376,-53.17412424600343,-53.758499087150426,43.53245385050993,1126.75,63.66513959780038,1254.0802791956007,999.4197208043993,264972.0
SWBBL,2018-04-05,1122.0,1140.0,1060.0,1135.0,3.18 %,4120.0,4593840.0,0.031818181818181746,0.03132247112904107,1077.8,1122.75,1098.9653252008616,1144.8034170300707,48.12257195531797,-45.838091829209134,-52.17441763556217,46.13727857547351,1122.75,60.250245686391814,1243.2504913727837,1002.2495086272164,269092.0
SWBBL,2018-04-08,1157.0,1226.0,1134.0,1180.0,4.41 %,7497.0,8810510.0,0.0396475770925111,0.03888178754420748,1102.4,1120.8,1111.4321982468828,1147.4105713241395,54.1472873316954,-35.97837307725672,-48.935208723901084,49.41318724865397,1120.8,57.54138099075492,1235.8827619815097,1005.7172380184901,276589.0
SWBBL,2018-04-09,1208.0,1210.0,1175.0,1185.0,0.00 %,6397.0,7640560.0,0.004237288135593209,0.004228336109521105,1131.2,1120.55,1122.7503215935162,1150.1949734482773,54.77573881026421,-27.444651854761105,-44.63709735007309,48.38367387375012,1120.55,57.23494975704646,1235.019899514093,1006.080100485907,282986.0
SWBBL,2018-04-10,1162.0,1190.0,1150.0,1151.0,-2.95 %,2556.0,3000510.0,-0.028691983122362874,-0.029111644847348923,1150.2,1119.35,1127.0964259637444,1150.2546050447013,49.77941995433436,-23.15817908095687,-40.34131369624985,47.78484002562511,1119.35,56.2768298587864,1231.9036597175727,1006.7963402824271,280430.0
SWBBL,2018-04-11,1127.0,1150.0,1127.0,1150.0,0.00 %,2673.0,3049830.0,-0.0008688097306689402,-0.0008691873645868512,1160.2,1118.35,1130.620052738553,1150.2357454117605,49.63601486144552,-19.615692673207377,-36.196189491641356,46.0859228809376,1118.35,55.501801772621995,1229.353603545244,1007.3463964547559,277757.0
SWBBL,2018-04-12,1155.0,1188.0,1152.0,1174.0,2.17 %,4557.0,5242110.0,0.02086956521739136,0.020654779030746064,1168.0,1118.3,1137.2938907787757,1151.996060566445,53.12614289968427,-14.70216978766939,-31.897385550846963,45.508356960870636,1118.3,55.44850622075125,1229.1970124415025,1007.4029875584974,282314.0
SWBBL,2018-04-16,1193.0,1247.0,1167.0,1247.0,6.58 %,3828.0,4637010.0,0.06218057921635434,0.06032394529199469,1181.4,1121.5,1154.171753735887,1159.033389413375,61.79786268313186,-4.861635677488039,-26.49023557617518,47.97204574937988,1121.5,60.952526824761016,1243.405053649522,999.5949463504779,286142.0
SWBBL,2018-04-18,1352.0,1360.0,1278.0,1290.0,-2.71 %,10791.0,14221700.0,0.034482758620689724,0.033901551675681416,1202.4,1126.75,1175.0684070072891,1168.7346198271991,65.8102326284687,6.333787180089985,-19.925431024922148,52.61689962442417,1126.75,70.4861875234174,1267.7223750468347,985.7776249531652,296933.0
SWBBL,2018-04-19,1315.0,1318.0,1278.0,1280.0,0.00 %,7270.0,9455310.0,-0.007751937984496138,-0.007782140442054963,1228.2,1132.25,1191.2117290061678,1176.9764998399992,64.12349807686418,14.235229166168665,-13.093298986703985,51.71569250839387,1132.25,77.93646197557705,1288.122923951154,976.3770760488459,289663.0
SWBBL,2018-04-23,1411.0,1470.0,1350.0,1375.0,-2.48 %,20632.0,29063800.0,0.07421875,0.07159365318700882,1273.2,1143.0,1219.4868476206036,1191.6449072592586,71.57660775560672,27.841940361344996,-4.906251117094189,61.5931430435086,1143.0,94.93876142577395,1332.8775228515478,953.1224771484522,310295.0
SWBBL,2018-04-24,1375.0,1448.0,1348.0,1410.0,2.54 %,16269.0,22911100.0,0.025454545454545396,0.02513597327154224,1320.4,1157.8,1248.79656337128,1207.8193585733875,73.74099427934863,40.977204797892455,4.27044006590314,64.33648996897227,1157.8,111.76130579807835,1381.3226115961565,934.2773884038432,326564.0
SWBBL,2018-04-25,1415.0,1438.0,1390.0,1402.0,-0.57 %,11038.0,15608100.0,-0.005673758865248235,-0.00568991577767857,1351.4,1173.35,1272.3663228526214,1222.2031097901736,72.38421437032329,50.16321306244777,13.448994665212066,63.1695978283314,1173.35,123.04396946238359,1419.437938924767,927.2620610752327,315526.0
SWBBL,2018-04-26,1410.0,1425.0,1346.0,1370.0,-2.28 %,7270.0,10130400.0,-0.022824536376604865,-0.023089048772364815,1367.4,1190.75,1287.3868885676027,1233.1510275834942,67.06847679588307,54.23586098410851,21.606367928991354,64.30034084059344,1190.75,125.10327312814701,1440.9565462562941,940.543453743706,308256.0
SWBBL,2018-04-29,1370.0,1390.0,1346.0,1379.0,0.66 %,2460.0,3375090.0,0.006569343065693456,0.006547858971131238,1387.2,1205.75,1301.4812134033562,1243.9546551699018,67.78503996004423,57.52655823345435,28.790405989883954,62.85031649483677,1205.75,128.92587629702066,1463.6017525940413,947.8982474059587,310716.0
SWBBL,2018-05-03,1417.0,1422.0,1393.0,1415.0,1.80 %,14727.0,20766200.0,0.026105873821609782,0.02577093228403611,1395.2,1224.15,1318.945642110532,1256.624680712872,70.54583432673961,62.32096139765986,35.496517071439136,61.43243674520557,1224.15,131.31491878207942,1486.779837564159,961.5201624358413,325443.0
SWBBL,2018-05-06,1415.0,1419.0,1402.0,1405.0,-0.71 %,3644.0,5137550.0,-0.007067137809187329,-0.00709222830949191,1394.2,1240.1,1332.184774093527,1267.6154451045113,68.78249231736429,64.56932898901573,41.31107945495446,58.258691263405176,1240.1,133.0140079683216,1506.1280159366431,974.0719840633567,321799.0
SWBBL,2018-05-07,1393.0,1403.0,1388.0,1395.0,-0.71 %,2859.0,3976520.0,-0.007117437722419906,-0.007142887512380114,1392.8,1257.0,1341.848655002215,1277.0513380597326,66.97950853640054,64.79731694248244,46.00832695246006,55.311641887447664,1257.0,129.96315267274335,1516.9263053454868,997.0736946545132,318940.0
SWBBL,2018-05-08,1400.0,1430.0,1400.0,1430.0,2.51 %,2302.0,3252910.0,0.02508960573476693,0.024780028998486865,1404.8,1276.45,1355.4104003864898,1288.3808685738265,69.94864835768561,67.02953181266321,50.21256792450069,53.86081032405855,1276.45,124.94734680532991,1526.3446936106598,1026.5553063893403,321242.0
SWBBL,2018-05-14,1400.0,1400.0,1390.0,1394.0,-0.85 %,3146.0,4389560.0,-0.025174825174825166,-0.025497131933483762,1407.8,1293.35,1361.3472618654914,1296.2045079387283,63.612720469627426,65.14275392676313,53.19860512495318,52.87075244376865,1293.35,116.10624671533799,1525.5624934306759,1061.137506569324,318096.0
SWBBL,2018-05-15,1400.0,1400.0,1370.0,1380.0,-1.72 %,3190.0,4417030.0,-0.010043041606886627,-0.010093813169218787,1400.8,1307.35,1364.216913886185,1302.4115814247484,61.28776364840136,61.80533246143659,54.91995059224987,51.23712726921375,1307.35,108.17543013188178,1523.7008602637634,1090.9991397362364,314906.0
SWBBL,2018-05-16,1360.0,1395.0,1360.0,1394.0,1.75 %,2345.0,3252190.0,0.010144927536231974,0.010093813169218906,1398.6,1320.3,1368.7989271344643,1309.195908726619,62.75377673816656,59.603018407845184,55.85656415536893,50.077332464269915,1320.3,101.77017451620938,1523.8403490324188,1116.7596509675811,317251.0
SWBBL,2018-05-17,1395.0,1399.0,1382.0,1382.0,-0.86 %,3118.0,4329830.0,-0.008608321377331474,-0.00864558699285404,1396.0,1330.4,1370.8298614214698,1314.5888043764992,60.634218916406326,56.2410570449706,55.93346273328927,47.71466585967921,1330.4,97.02652919912218,1524.4530583982444,1136.3469416017558,314133.0
SWBBL,2018-05-20,1409.0,1430.0,1386.0,1387.0,0.29 %,1222.0,1703570.0,0.003617945007236001,0.0036114159872164936,1387.4,1340.5,1373.317575048936,1319.9525966449066,61.221931534387274,53.36497840402944,55.419765867437306,47.735046869702124,1340.5,91.44771298689405,1523.3954259737882,1157.6045740262118,315355.0
SWBBL,2018-05-21,1382.0,1405.0,1380.0,1393.0,0.51 %,2830.0,3941090.0,0.00432588320115368,0.004316553464974221,1387.2,1352.6,1376.3456404260228,1325.3635154119506,61.955936452445634,50.98212501407215,54.53223769676428,46.11111495043769,1352.6,80.39664826744074,1513.3932965348813,1191.8067034651185,318185.0
SWBBL,2018-05-22,1400.0,1420.0,1393.0,1414.0,1.51 %,6837.0,9614530.0,0.015075376884422065,0.01496287267671232,1394.0,1365.8,1382.1386188220195,1331.9291809369913,64.48944832535798,50.20943788502814,53.667677734417055,44.746035311120714,1365.8,65.71357305928123,1497.2271461185624,1234.3728538814375,325022.0
SWBBL,2018-05-23,1410.0,1410.0,1395.0,1401.0,-0.92 %,1050.0,1470980.0,-0.009193776520509234,-0.009236300119511104,1395.4,1377.15,1385.0403697724778,1337.0455379046216,61.74807483775206,47.99483186785619,52.53310856110488,42.9070327888978,1377.15,48.080278263563244,1473.3105565271267,1280.9894434728735,323972.0
SWBBL,2018-05-27,1370.0,1374.0,1352.0,1372.0,-2.15 %,4197.0,5729640.0,-0.020699500356887945,-0.020916738051176477,1393.4,1383.4,1383.0341590382504,1339.634757319094,56.026538426559284,43.39940171915646,50.7063671927152,43.34224473254796,1383.4,37.154584614844715,1457.7091692296895,1309.0908307703107,319775.0
SWBBL,2018-05-29,1410.0,1414.0,1381.0,1390.0,-0.71 %,1647.0,2288720.0,0.013119533527696792,0.013034217838906906,1394.0,1388.4,1384.1058268785196,1343.3655160361982,58.591261254956365,40.74031084232138,48.71315592263644,43.24637010879454,1388.4,29.95505405044031,1448.3101081008808,1328.4898918991194,321422.0
SWBBL,2018-05-30,1400.0,1417.0,1389.0,1391.0,0.00 %,2310.0,3233150.0,0.0007194244604316058,0.0007191657987054193,1393.6,1393.95,1385.166468897209,1346.893996329813,58.7352541737252,38.27247256739588,46.625019251588334,42.15734367245207,1393.95,15.709450725985143,1425.3689014519703,1362.5310985480298,323732.0
SWBBL,2018-05-31,1376.0,1376.0,1370.0,1370.0,-1.44 %,2149.0,2950410.0,-0.015097052480230078,-0.015212173101272338,1384.8,1393.7,1382.8331659899459,1348.6055521572343,54.4529773175687,34.22761383271154,44.14553816781298,40.6461048387055,1393.7,16.062706070979512,1425.825412141959,1361.574587858041,321583.0
SWBBL,2018-06-03,1360.0,1363.0,1311.0,1330.0,-2.92 %,4953.0,6592930.0,-0.029197080291970767,-0.029631797606371114,1370.6,1389.7,1374.7049866068771,1347.2273631085502,47.36873999213315,27.47762349832692,40.81195523391577,41.95709735022653,1389.7,20.993984100878873,1431.6879682017577,1347.7120317982424,316630.0
SWBBL,2018-06-04,1305.0,1330.0,1279.0,1304.0,-1.95 %,3703.0,4824670.0,-0.019548872180451093,-0.01974247872920115,1357.0,1384.8,1363.827296359665,1344.0253362116207,43.414989895460046,19.801960148044373,36.609956216741494,42.6030189680675,1384.8,28.179126279955028,1441.1582525599101,1328.4417474400898,312927.0
SWBBL,2018-06-06,1306.0,1306.0,1286.0,1299.0,-2.33 %,2374.0,3085800.0,-0.0038343558282208923,-0.0038417258159987575,1338.8,1381.25,1353.8538661504858,1340.690126121871,42.677263559327265,13.163740028614939,31.920712979116185,40.98851761320554,1381.25,34.010640749880785,1449.2712814997615,1313.2287185002385,310553.0
SWBBL,2018-06-07,1306.0,1306.0,1286.0,1299.0,-2.33 %,2374.0,3085800.0,0.0,0.0,1320.4,1377.25,1345.4148098196417,1337.6019686313618,42.677263559171074,7.81284118827989,27.099138620948928,39.48933778369086,1377.25,38.6739066120623,1454.5978132241246,1299.9021867758754,310553.0
SWBBL,2018-06-10,1285.0,1285.0,1258.0,1270.0,-2.23 %,5190.0,6615050.0,-0.02232486528098543,-0.022577837217962637,1300.4,1370.0,1333.8125313858507,1332.5944153994092,38.29955657399445,1.2181159864414894,21.92293409404744,39.59724222771294,1370.0,44.39298190155985,1458.7859638031198,1281.2140361968802,305363.0
SWBBL,2018-06-11,1246.0,1305.0,1222.0,1300.0,2.36 %,2461.0,3122650.0,0.023622047244094446,0.023347363996991107,1294.4,1364.75,1328.6106034803352,1330.1800142587122,44.627364121402564,-1.569410778377005,17.224465119562552,42.69743921144773,1364.75,46.20762639271874,1457.1652527854376,1272.3347472145624,307824.0
SWBBL,2018-06-12,1275.0,1281.0,1253.0,1281.0,-1.46 %,1127.0,1426450.0,-0.014615384615384586,-0.01472324155289383,1289.8,1359.05,1321.2858952525912,1326.5370502395483,41.70980185635379,-5.25115498695709,12.729341098258624,43.0047649820586,1359.05,49.21325773456877,1457.4765154691374,1260.6234845308625,306697.0
SWBBL,2018-06-13,1300.0,1300.0,1280.0,1280.0,-0.08 %,1181.0,1513900.0,-0.0007806401249024209,-0.0007809449830713962,1286.0,1351.55,1314.9342190598848,1323.089861332915,41.55581566022916,-8.155642273030253,8.552344424000848,41.36156748334013,1351.55,49.26135989753406,1450.072719795068,1253.027280204932,305516.0
SWBBL,2018-06-14,1299.0,1305.0,1286.0,1287.0,0.47 %,1181.0,1528180.0,0.005468749999999911,0.005453850682463725,1283.6,1346.2,1310.6366468968256,1320.4165382712176,43.138324127705765,-9.779891374392037,4.885897264322272,40.19288409167298,1346.2,50.20966566631182,1446.6193313326237,1245.7806686673764,306697.0
SWBBL,2018-06-17,1271.0,1272.0,1265.0,1266.0,-1.63 %,792.0,1004620.0,-0.01631701631701632,-0.01645160489200517,1282.8,1340.5,1303.76947045116,1316.3856835844608,39.66814002208828,-12.61621313330079,1.3854751847976594,38.893392370839194,1340.5,52.58526910003243,1445.6705382000648,1235.3294617999352,305905.0
SWBBL,2018-06-18,1290.0,1290.0,1241.0,1287.0,1.74 %,1435.0,1798800.0,0.016587677725118377,0.01645160489200506,1280.2,1335.15,1301.1895519202124,1314.208966281908,44.47806725346468,-13.01941436169568,-1.4955027245010089,39.61529291577925,1335.15,52.29800740902485,1439.7460148180498,1230.5539851819503,307340.0
SWBBL,2018-06-19,1287.0,1287.0,1250.0,1270.0,-1.32 %,2970.0,3811850.0,-0.013209013209013243,-0.01329702814348974,1278.0,1329.55,1296.3911593171028,1310.934228038804,41.587588137125586,-14.543068721701047,-4.105015923941017,39.42848627893788,1329.55,53.008911862527114,1435.5678237250543,1223.5321762749456,304370.0
SWBBL,2018-06-20,1255.0,1255.0,1251.0,1253.0,-1.50 %,800.0,1002910.0,-0.013385826771653564,-0.013476224556568677,1272.6,1322.85,1289.7155963452408,1306.642803739633,38.86742833392469,-16.927207394392326,-6.669454218031279,37.969308687585176,1322.85,53.82747781967989,1430.5049556393597,1215.1950443606402,303570.0
SWBBL,2018-06-21,1275.0,1276.0,1241.0,1242.0,-0.80 %,951.0,1203280.0,-0.00877893056664003,-0.008817692402644194,1263.6,1315.3,1282.3747353690499,1301.8544479070677,37.17313605129137,-19.479712538017793,-9.231505882028582,37.75721520990052,1315.3,54.05951885611324,1423.4190377122263,1207.1809622877736,302619.0
SWBBL,2018-06-24,1265.0,1265.0,1250.0,1250.0,0.73 %,493.0,616630.0,0.006441223832528209,0.0064205678029227616,1260.4,1307.1,1277.3940068507345,1298.0133776917294,39.247332391343804,-20.61937084099486,-11.509078873821839,36.70312840919335,1307.1,50.62961479948229,1408.3592295989645,1205.8407704010353,303112.0
SWBBL,2018-06-25,1242.0,1242.0,1221.0,1224.0,-2.08 %,2630.0,3235150.0,-0.02080000000000004,-0.021019367224075457,1247.8,1298.25,1269.1795442583139,1292.5309052701198,35.18202525881867,-23.35136101180592,-13.877535301418655,36.15290495139382,1298.25,48.78834524336813,1395.8266904867362,1200.6733095132638,300482.0
SWBBL,2018-06-26,1237.0,1237.0,1202.0,1202.0,-1.80 %,1170.0,1415930.0,-0.017973856209150374,-0.01813734797711855,1234.2,1289.75,1258.8442297570348,1285.8249122871478,32.14766801955727,-26.980682530112972,-16.498164747157517,36.07055459772283,1289.75,50.05562695123136,1389.8612539024627,1189.6387460975373,299312.0
SWBBL,2018-06-27,1195.0,1226.0,1185.0,1218.0,1.33 %,481.0,582581.0,0.01331114808652245,0.013223333174689433,1227.2,1281.15,1252.5605021021065,1280.800844710322,36.44109670462506,-28.240342608215542,-18.846600319369124,36.42265784074263,1281.15,46.580179882670194,1374.3103597653405,1187.9896402346596,299793.0
SWBBL,2018-06-28,1230.0,1230.0,1216.0,1220.0,0.16 %,613.0,750410.0,0.0016420361247948545,0.0016406894574600179,1222.8,1272.6,1247.5511940863978,1276.2970784354834,36.9779145465046,-28.7458843490856,-20.82645712531242,34.82103942354673,1272.6,40.6750925985662,1353.9501851971322,1191.2498148028676,300406.0
SWBBL,2018-07-01,1200.0,1200.0,1191.0,1191.0,-2.38 %,750.0,897970.0,-0.023770491803278726,-0.024057568372002177,1211.0,1263.65,1238.8510103807982,1269.9787763291513,32.669252508463714,-31.127765948353044,-22.886718889920544,34.40525089329339,1263.65,37.70002792134748,1339.050055842695,1188.2499441573052,299656.0
SWBBL,2018-07-02,1200.0,1201.0,1200.0,1200.0,-0.83 %,124.0,148830.0,0.007556675062972307,0.007528266420791588,1206.2,1257.15,1232.8739318606754,1264.7951632677327,35.193029243628544,-31.92123140705735,-24.693621393347907,32.66201868662958,1257.15,36.85572868428115,1330.8614573685625,1183.4385426314377,299780.0
SWBBL,2018-07-03,1200.0,1214.0,1200.0,1214.0,1.85 %,300.0,362120.0,0.011666666666666714,0.01159913584335194,1208.6,1252.65,1229.970250035956,1261.032558581234,39.02199031719324,-31.06230854527803,-25.967358823733935,31.329017351870323,1252.65,36.32495879675842,1325.299917593517,1180.0000824064832,300080.0
SWBBL,2018-07-04,1210.0,1228.0,1200.0,1212.0,-0.16 %,964.0,1169570.0,-0.0016474464579900872,-0.0016488049901837822,1207.4,1248.3,1227.2055961842707,1257.4005172048464,38.67049013895533,-30.194921020575748,-26.8128712631023,31.0912303981653,1248.3,35.68591053249975,1319.6718210649994,1176.9281789350005,299116.0
SWBBL,2018-07-05,1236.0,1289.0,1223.0,1288.0,6.35 %,1992.0,2508120.0,0.06270627062706269,0.06081874003503915,1221.0,1247.75,1236.5585813866905,1259.667145560043,55.188949456834884,-23.108564173352534,-26.072009845152348,34.37042822686778,1247.75,34.94036272530214,1317.6307254506044,1177.8692745493956,301108.0
SWBBL,2018-07-08,1295.0,1310.0,1270.0,1275.0,-1.09 %,4161.0,5352870.0,-0.010093167701863304,-0.010144449071772352,1237.8,1248.0,1242.4726457887382,1260.8029125555954,52.58017510682373,-18.33026676685722,-24.523661229493324,34.772540496377225,1248.0,35.12533948151209,1318.2506789630243,1177.7493210369757,296947.0
SWBBL,2018-07-09,1255.0,1261.0,1249.0,1255.0,-1.96 %,708.0,888034.0,-0.015686274509803977,-0.015810606026642315,1248.8,1245.75,1244.3999310520092,1260.373067181107,48.761336405961714,-15.973136129097838,-22.81355620941423,34.145930460921704,1245.75,32.99581313163524,1311.7416262632705,1179.7583737367295,296239.0
SWBBL,2018-07-10,1250.0,1280.0,1250.0,1280.0,2.40 %,1320.0,1673760.0,0.019920318725099584,0.019724505347778573,1262.0,1245.7,1249.8768647363154,1261.8269140565806,53.32475769924372,-11.95004932026518,-20.64085483158442,33.84979257085587,1245.7,32.940296870277336,1311.5805937405548,1179.8194062594453,297559.0
SWBBL,2018-07-11,1305.0,1331.0,1286.0,1300.0,1.56 %,1747.0,2283010.0,0.015625,0.015504186535965254,1279.6,1246.7,1257.5881163153438,1264.6545500523894,56.650947661689415,-7.0664337370456,-17.925970612676657,35.07480738722331,1246.7,34.311422066387614,1315.3228441327753,1178.0771558672247,299306.0
SWBBL,2018-07-12,1275.0,1275.0,1220.0,1260.0,-3.08 %,1350.0,1677290.0,-0.03076923076923077,-0.031252543504104426,1274.0,1245.35,1257.9591753437523,1264.309768567027,49.11272173964291,-6.3505932232747,-15.610895134796266,38.28374971670736,1245.35,33.15398682078114,1311.6579736415622,1179.0420263584376,297956.0
SWBBL,2018-07-15,1260.0,1260.0,1236.0,1237.0,-1.90 %,220.0,272568.0,-0.0182539682539683,-0.01842262755303583,1266.4,1243.9,1254.734686829329,1262.2868227472472,45.374012554337654,-7.552135917918349,-13.999143291420683,37.2634818797997,1243.9,32.83595590213979,1309.5719118042796,1178.2280881957206,297736.0
SWBBL,2018-07-16,1250.0,1258.0,1225.0,1240.0,0.32 %,996.0,1233280.0,0.0024252223120453387,0.002422286206594717,1263.4,1241.55,1252.467811932509,1260.6359469881918,45.95195655677869,-8.168135055682797,-12.832941644273106,36.958947459814006,1241.55,31.231689372493193,1304.0133787449863,1179.0866212550136,298732.0
SWBBL,2018-07-17,1224.0,1264.0,1224.0,1240.0,0.00 %,281.0,351692.0,0.0,0.0,1255.4,1240.05,1250.5496870198153,1259.1073583223997,45.95195655660416,-8.557671302584367,-11.977887575935359,37.17616549839872,1240.05,30.505348970250264,1301.0606979405004,1179.0393020594995,298732.0
SWBBL,2018-07-18,1220.0,1235.0,1220.0,1235.0,-0.40 %,608.0,748060.0,-0.0040322580645161255,-0.004040409537004974,1242.4,1239.15,1248.1574274783052,1257.321628076296,45.03104774366767,-9.164200597990884,-11.415150180346465,35.949296534227386,1239.15,30.36839596836632,1299.8867919367328,1178.4132080632673,298124.0
SWBBL,2018-07-19,1225.0,1236.0,1221.0,1225.0,-0.81 %,1079.0,1323180.0,-0.0080971659919028,-0.008130126083250176,1235.4,1238.3,1244.5947463277969,1254.9274334039778,43.16773167606238,-10.332687076180946,-11.19865755951336,34.452918210354,1238.3,30.521950686210893,1299.3439013724217,1177.2560986275782,297045.0
SWBBL,2018-07-22,1203.0,1203.0,1197.0,1197.0,-2.29 %,459.0,551147.0,-0.02285714285714291,-0.023122417420854264,1227.4,1235.65,1237.272477661982,1250.6365124110907,38.379094667340944,-13.364034749108669,-11.631732997432422,33.991995481043006,1235.65,31.729572790710083,1299.1091455814203,1172.1908544185799,296586.0
SWBBL,2018-07-23,1200.0,1221.0,1200.0,1210.0,1.09 %,850.0,1031620.0,0.010860484544695126,0.010801933032813679,1221.4,1234.95,1233.076711867831,1247.6264003806396,41.61731755890395,-14.549688512808643,-12.215324100507667,33.27828151811136,1234.95,32.15173728639875,1299.2534745727976,1170.6465254272025,297436.0
SWBBL,2018-07-24,1234.0,1258.0,1230.0,1230.0,1.65 %,476.0,590248.0,0.016528925619834656,0.016393809775676352,1219.4,1236.35,1232.6033715804724,1246.3207410931848,46.293355336776145,-13.717369512712366,-12.515733182948608,34.32983283824627,1236.35,31.238092468329675,1298.8261849366593,1173.8738150633405,297912.0
SWBBL,2018-07-25,1206.0,1210.0,1206.0,1210.0,-1.63 %,529.0,639904.0,-0.016260162601625994,-0.016393809775676383,1214.4,1235.95,1229.1259297988613,1243.630315827023,42.61743604445138,-14.504386028161662,-12.91346375199122,33.59198763551439,1235.95,31.53523509725056,1299.020470194501,1172.879529805499,297383.0
SWBBL,2018-07-26,1202.0,1205.0,1191.0,1195.0,-1.24 %,400.0,479012.0,-0.012396694214875992,-0.012474174225175688,1208.4,1234.7,1223.8757867528825,1240.0280702102064,40.048910102658866,-16.152283457323847,-13.561227693057747,32.54970280440622,1234.7,32.67559849259678,1300.0511969851937,1169.3488030148064,296983.0
SWBBL,2018-07-29,1218.0,1218.0,1189.0,1192.0,-0.25 %,1760.0,2111630.0,-0.002510460251046065,-0.0025136167403160123,1207.4,1234.75,1218.9718195601315,1236.4704353798206,39.53569352189147,-17.49861581968912,-14.348705318384022,32.296152604091496,1234.75,32.60590033796633,1299.9618006759326,1169.5381993240674,295223.0
SWBBL,2018-07-30,1210.0,1210.0,1195.0,1200.0,0.67 %,1306.0,1568320.0,0.006711409395973256,0.00668898815079671,1205.4,1234.75,1216.0530780893419,1233.768921647982,41.68187739588773,-17.715843558640245,-15.022132966435267,31.274998846656388,1234.75,32.60590033796633,1299.9618006759326,1169.5381993240674,296529.0
SWBBL,2018-07-31,1195.0,1200.0,1190.0,1195.0,-0.75 %,1402.0,1670490.0,-0.004166666666666652,-0.0041753714104806215,1198.4,1233.8,1212.8141429986738,1230.8971496740576,40.70929559221391,-18.083006675383785,-15.634307708224972,29.755356071895218,1233.8,33.50663720592377,1300.8132744118475,1166.7867255881524,295127.0
SWBBL,2018-08-01,1200.0,1210.0,1194.0,1210.0,1.60 %,514.0,620630.0,0.012552301255230214,0.012474174225175818,1198.4,1233.7,1212.3811979219547,1229.3492126611643,44.865600988462916,-16.968014739209593,-15.901049114421896,28.772830638188417,1233.7,33.578031665563806,1300.8560633311276,1166.5439366688724,295641.0
SWBBL,2018-08-02,1200.0,1201.0,1200.0,1200.0,-0.83 %,124.0,148830.0,-0.008264462809917328,-0.008298802814695066,1199.4,1229.3,1210.476398241654,1227.1751969084855,42.71577854863584,-16.698798666831635,-16.060599024903844,27.431914164032104,1229.3,31.807149146841272,1292.9142982936826,1165.6857017063173,295517.0
SWBBL,2018-08-05,1210.0,1210.0,1200.0,1202.0,0.17 %,2590.0,3109900.0,0.0016666666666667052,0.0016652793190612488,1201.4,1225.65,1209.1723369737072,1225.3103675078569,43.30094524302637,-16.13803053414972,-16.07608532675302,26.186777438029814,1225.65,30.446285747144625,1286.5425714942894,1164.7574285057108,298107.0
SWBBL,2018-08-06,1226.0,1226.0,1200.0,1205.0,0.25 %,1973.0,2369260.0,0.0024958402662229595,0.002492730829602479,1202.4,1223.15,1208.5304389777523,1223.8058958406084,44.22137016433973,-15.275456862856117,-15.915959633973639,26.173436192456258,1223.15,29.95834827867285,1283.0666965573457,1163.2333034426545,300080.0
SWBBL,2018-08-07,1229.0,1251.0,1210.0,1224.0,1.58 %,1198.0,1460530.0,0.015767634854771728,0.015644617147515968,1208.2,1220.35,1210.9103714427135,1223.8202739264893,49.78159663241199,-12.909902483775795,-15.314748203934071,27.589619321566524,1220.35,26.817659146774584,1273.985318293549,1166.7146817064508,301278.0
SWBBL,2018-08-08,1224.0,1248.0,1224.0,1248.0,1.96 %,1397.0,1726520.0,0.019607843137254832,0.019418085857101516,1215.8,1217.75,1216.6164681438345,1225.6113647467494,55.77817634786245,-8.994896602914878,-14.050777883730234,27.33321794145463,1217.75,20.455021259929485,1258.660042519859,1176.839957480141,302675.0
SWBBL,2018-08-09,1245.0,1245.0,1220.0,1223.0,-2.00 %,659.0,808354.0,-0.020032051282051322,-0.02023541324220066,1220.4,1215.9,1217.59854996786,1225.4179303210642,49.1891201006131,-7.819380353204224,-12.804498377625032,27.38084523135073,1215.9,17.95286225550745,1251.805724511015,1179.9942754889853,302016.0
SWBBL,2018-08-12,1210.0,1210.0,1200.0,1207.0,-1.39 %,930.0,1120060.0,-0.013082583810302584,-0.013168914589640904,1221.4,1214.4,1215.9680038189583,1224.0536391861706,45.48573576422509,-8.085635367212262,-11.860725775542479,27.06792771482568,1214.4,17.339944758212454,1249.079889516425,1179.7201104835751,301086.0
SWBBL,2018-08-13,1209.0,1210.0,1200.0,1200.0,-0.50 %,1430.0,1725890.0,-0.0057995028997513964,-0.005816385321439769,1220.4,1212.4,1213.5113878468107,1222.2718881353433,43.92751458198286,-8.760500288532512,-11.240680678140487,25.84879002090956,1212.4,16.51920732158944,1245.438414643179,1179.3615853568213,299656.0
SWBBL,2018-08-14,1200.0,1228.0,1200.0,1220.0,2.33 %,1321.0,1592940.0,0.016666666666666607,0.016529301951210506,1219.6,1211.4,1214.5096358703781,1222.1036001253178,49.27436473728847,-7.593964254939692,-10.511337393500328,26.00244787655888,1211.4,15.322498078830423,1242.044996157661,1180.7550038423392,300977.0
SWBBL,2018-08-15,1204.0,1265.0,1200.0,1265.0,3.01 %,937.0,1154540.0,0.03688524590163933,0.036221263434318356,1223.0,1212.9,1222.2773841980122,1225.281111227146,58.79498929681621,-3.00372702913387,-9.009815320627037,28.787987313947532,1212.9,18.822998251214702,1250.5459965024295,1175.2540034975707,301914.0
SWBBL,2018-08-16,1250.0,1264.0,1225.0,1247.0,-1.42 %,1591.0,1973730.0,-0.014229249011857736,-0.014331455481584187,1227.8,1214.0,1226.0808635521641,1226.889917802913,54.3969681415498,-0.8090542507488863,-7.369663106651408,29.588845362951282,1214.0,20.162497756895288,1254.3249955137906,1173.6750044862094,300323.0
SWBBL,2018-08-19,1250.0,1250.0,1225.0,1234.0,-1.04 %,3638.0,4503660.0,-0.010425020048115519,-0.010479741214703369,1233.2,1215.85,1227.2991922364465,1227.416590558253,51.406165607144466,-0.11739832180637677,-5.919210149682402,29.26107069416905,1215.85,20.217957104539824,1256.2859142090795,1175.4140857909204,296685.0
SWBBL,2018-08-20,1220.0,1230.0,1220.0,1221.0,-1.05 %,425.0,519635.0,-0.010534846029173428,-0.010590730354628451,1237.4,1216.4,1226.3300857385316,1226.9412875539379,48.532536471404576,-0.6112018154062753,-4.857608482827177,28.17099421601412,1216.4,20.200052110588338,1256.8001042211768,1175.9998957788234,296260.0
SWBBL,2018-08-21,1230.0,1230.0,1230.0,1230.0,0.74 %,150.0,184500.0,0.0073710073710073765,0.007343974255758505,1239.4,1216.4,1226.8946879326036,1227.1678588462387,50.59173833268776,-0.2731709136351128,-3.9407209689887646,26.801637486298826,1216.4,20.200052110588338,1256.8001042211768,1175.9998957788234,296410.0
SWBBL,2018-08-22,1215.0,1219.0,1210.0,1219.0,-0.89 %,12136.0,14686400.0,-0.00894308943089428,-0.008983318885191625,1230.2,1216.85,1225.680120558357,1226.562832265036,48.06074215795375,-0.8827117066789469,-3.329119116526801,26.31580623727748,1216.85,20.15015998387472,1257.1503199677493,1176.5496800322505,284274.0
SWBBL,2018-08-23,1207.0,1225.0,1207.0,1225.0,0.49 %,249.0,303243.0,0.004922067268252617,0.004909993497555785,1225.8,1218.35,1225.575486626302,1226.44706691207,49.54350672390642,-0.8715802857680046,-2.837611350375042,25.721820077471946,1218.35,19.54556080995737,1257.4411216199146,1179.2588783800852,284523.0
SWBBL,2018-08-26,1201.0,1225.0,1201.0,1211.0,-1.14 %,380.0,462930.0,-0.011428571428571455,-0.011494379425735134,1221.2,1219.3,1223.3331040684095,1225.3028397333983,46.2273366149291,-1.9697356649887752,-2.6640362132977886,25.598832929081095,1219.3,18.638104715226234,1256.5762094304523,1182.0237905695476,284143.0
SWBBL,2018-08-28,1190.0,1220.0,1187.0,1220.0,0.74 %,1019.0,1221030.0,0.007431874483897705,0.007404394174210089,1221.0,1220.3,1222.8203188271157,1224.9100367901838,48.608768894216375,-2.0897179630680967,-2.54917256325185,26.12748771986102,1220.3,18.076154691426126,1256.4523093828523,1184.1476906171476,285162.0
SWBBL,2018-08-29,1202.0,1209.0,1202.0,1203.0,-1.39 %,235.0,282815.0,-0.013934426229508245,-0.014032421752623415,1215.6,1220.7,1219.7710390075595,1223.287071102022,44.59159365289059,-3.5160320944626164,-2.7425444694940033,25.54695288272809,1220.7,17.568212921935764,1255.8364258438717,1185.5635741561284,284927.0
SWBBL,2018-08-30,1205.0,1247.0,1205.0,1225.0,1.66 %,423.0,518779.0,0.018287614297589405,0.018122407004148525,1216.8,1221.45,1220.5754945448582,1223.4139547240945,50.31423560007821,-2.8384601792363355,-2.7617276114424696,26.86502767681894,1221.45,17.406819595444855,1256.2636391908898,1186.6363608091103,285350.0
SWBBL,2018-09-02,1225.0,1269.0,1220.0,1264.0,3.35 %,1970.0,2454060.0,0.03183673469387749,0.03134045172797531,1224.6,1224.65,1227.2561876918032,1226.4203284482355,58.49742443877352,0.835859243567711,-2.0422102404404336,28.44609712847473,1224.65,19.060223117016676,1262.7704462340334,1186.5295537659667,287320.0
SWBBL,2018-09-03,1270.0,1280.0,1240.0,1264.0,0.08 %,2803.0,3526750.0,0.0,0.0,1235.2,1227.75,1232.9090818930645,1229.2040078224402,58.49742443850748,3.7050740706242777,-0.8927533782274915,29.27137590501225,1227.75,20.19086557428548,1268.131731148571,1187.368268851429,287320.0
SWBBL,2018-09-04,1250.0,1280.0,1250.0,1263.0,-0.16 %,3223.0,4086460.0,-0.0007911392405063333,-0.0007914523563116271,1243.8,1230.65,1237.5384539095162,1231.7074146504076,58.212315892612246,5.831039259108593,0.45200514923972546,29.32342048322566,1230.65,20.903978468146917,1272.4579569362938,1188.8420430637063,284097.0
SWBBL,2018-09-05,1288.0,1310.0,1277.0,1310.0,3.72 %,6328.0,8219640.0,0.037212984956452866,0.036537293844706095,1265.2,1234.95,1248.686384077283,1237.506865417044,66.48116316187668,11.179518660238955,2.5975078514395715,30.5860333058524,1234.95,27.323548740907224,1289.5970974818144,1180.3029025181856,290425.0
SWBBL,2018-09-06,1301.0,1305.0,1284.0,1300.0,-0.76 %,4395.0,5687620.0,-0.007633587786259555,-0.007662872745569137,1280.2,1237.55,1256.580786526932,1242.135986497263,63.59763333980681,14.44480002966884,4.966966287085425,30.258459498291515,1237.55,30.87406508291533,1299.2981301658306,1175.8018698341693,286030.0
SWBBL,2018-09-09,1274.0,1299.0,1255.0,1255.0,-3.46 %,850.0,1078560.0,-0.0346153846153846,-0.03522869188374383,1278.4,1239.15,1256.3375885997116,1243.0888763863547,52.5515447540736,13.24871221335684,6.6233154723397085,31.31142667698498,1239.15,30.909502882257687,1300.9690057645155,1177.3309942354847,285180.0
SWBBL,2018-09-10,1260.0,1265.0,1256.0,1256.0,0.08 %,533.0,671770.0,0.0007968127490038945,0.0007964954622596354,1276.8,1241.6,1256.2856518920637,1244.0452559132914,52.747953291185766,12.240395978772312,7.74673157362623,29.789181914343196,1241.6,30.15992461261821,1301.9198492252362,1181.2801507747636,285713.0
SWBBL,2018-09-11,1280.0,1310.0,1280.0,1285.0,2.31 %,3731.0,4837190.0,0.023089171974522316,0.02282665030117621,1281.2,1245.85,1260.7032439086693,1247.078940660455,58.157254197028365,13.624303248214346,8.922245908543854,31.518526063318685,1245.85,29.97766712609586,1305.8053342521916,1185.8946657478082,289444.0
SWBBL,2018-09-12,1300.0,1343.0,1299.0,1343.0,4.51 %,12689.0,16652900.0,0.04513618677042808,0.044147199193917464,1287.8,1252.0,1273.3642833073354,1254.184204315236,66.43362037509218,19.180078992099425,10.973812525254969,33.410059915938774,1252.0,36.33759833338985,1324.6751966667798,1179.3248033332202,302133.0
SWBBL,2018-09-13,1350.0,1350.0,1294.0,1339.0,-0.30 %,3419.0,4546200.0,-0.0029784065524943726,-0.0029828508320650245,1295.6,1255.7,1283.4620858754377,1260.4668558474407,65.47180761590306,22.995230027996968,13.37809602580337,35.023627064800294,1255.7,41.17625785004631,1338.0525157000927,1173.3474842999074,298714.0
SWBBL,2018-09-16,1365.0,1365.0,1299.0,1299.0,-2.99 %,4362.0,5747720.0,-0.02987303958177745,-0.03032832902057297,1304.4,1258.3,1285.8525342022933,1263.3211628217043,56.64068712780343,22.531371380589007,15.208751096760498,37.23622513160028,1258.3,42.226332517777486,1342.7526650355549,1173.847334964445,294352.0
SWBBL,2018-09-17,1309.0,1313.0,1291.0,1300.0,0.08 %,2476.0,3223720.0,0.0007698229407235857,0.0007695267790285181,1313.2,1261.6,1288.0290674019404,1266.0381137238003,56.797576771665994,21.99095367814016,16.56519161303643,36.147923336485974,1261.6,42.80236097775824,1347.2047219555163,1175.9952780444835,296828.0
SWBBL,2018-09-18,1314.0,1314.0,1300.0,1307.0,0.54 %,1266.0,1655650.0,0.005384615384615321,0.00537017017459378,1317.6,1265.9,1290.9476724170265,1269.0723275220373,57.94471355350754,21.87534489498921,17.627222269426987,34.56592881245126,1265.9,42.828790120257224,1351.5575802405147,1180.2424197594855,298094.0
SWBBL,2018-09-20,1305.0,1313.0,1295.0,1310.0,0.23 %,3263.0,4265360.0,0.002295332823259333,0.002292702570975241,1311.0,1269.9,1293.8787997374839,1272.1040069648493,58.45386342731808,21.774792772634555,18.4567363700685,33.38264818299046,1269.9,43.03474728276378,1355.9694945655276,1183.8305054344726,301357.0
SWBBL,2018-09-23,1300.0,1313.0,1275.0,1290.0,-1.53 %,3590.0,4626780.0,-0.01526717557251911,-0.015384918839479456,1301.2,1273.45,1293.2820613163326,1273.4296360785643,53.77937369850427,19.85242523776833,18.73587414360847,33.71245902706257,1273.45,41.51661049960055,1356.4832209992012,1190.416779000799,297767.0
SWBBL,2018-09-25,1315.0,1315.0,1271.0,1290.0,0.00 %,2095.0,2703620.0,0.0,0.0,1299.4,1276.7,1292.7771288061276,1274.6570704431151,53.7793736982727,18.120058363012504,18.61271098748928,34.44728338227239,1276.7,40.04221456632401,1356.784429132648,1196.615570867352,297767.0
SWBBL,2018-09-26,1315.0,1319.0,1278.0,1289.0,0.47 %,6995.0,9026840.0,-0.0007751937984495916,-0.0007754944165303904,1297.2,1280.6,1292.1960320667233,1275.7195096695511,53.531136520661356,16.476522397172175,18.18547326942586,34.915334569252934,1280.6,36.98847615715128,1354.5769523143024,1206.6230476856974,290772.0
SWBBL,2018-09-27,1290.0,1295.0,1275.0,1277.0,-0.93 %,3918.0,5007040.0,-0.009309542280837912,-0.00935314690664815,1291.2,1283.45,1289.8581809795353,1275.81436080514,50.51770958767782,14.04382017439525,17.35714265041974,33.84995352859201,1283.45,34.16134318829016,1351.7726863765804,1215.1273136234197,286854.0
SWBBL,2018-09-30,1265.0,1274.0,1261.0,1263.0,-1.10 %,2029.0,2564220.0,-0.01096319498825371,-0.011023733682048172,1281.8,1286.45,1285.72615313653,1274.8651488936482,47.18075310250684,10.86100424288179,16.05791496891215,32.5749568479783,1286.45,28.963634186169255,1344.3772683723384,1228.5227316276616,284825.0
SWBBL,2018-10-01,1252.0,1275.0,1236.0,1238.0,-1.98 %,1920.0,2387240.0,-0.019794140934283444,-0.019992669105949688,1271.4,1287.1,1278.3836680386023,1272.1343971237484,41.86293779164716,6.249270914853923,14.096186158100506,33.033888501694136,1287.1,27.627027194144848,1342.3540543882896,1231.8459456117102,282905.0
SWBBL,2018-10-02,1235.0,1246.0,1229.0,1229.0,-0.73 %,1120.0,1384380.0,-0.007269789983844865,-0.007296343678506545,1259.2,1285.35,1270.786180648048,1268.9392565960632,40.11022535821732,1.8469240519848427,11.646333736877375,31.88861075157313,1285.35,30.159706476421814,1345.6694129528435,1225.0305870471564,281785.0
SWBBL,2018-10-03,1230.0,1234.0,1215.0,1234.0,0.41 %,1031.0,1260780.0,0.00406834825061031,0.00406009489929836,1248.2,1283.85,1265.126768240656,1266.3511635148732,41.573753671631245,-1.2243952742171587,9.07218793465847,30.967995697889336,1283.85,31.969187468177918,1347.7883749363557,1219.9116250636441,282816.0
SWBBL,2018-10-04,1229.0,1230.0,1212.0,1212.0,-1.78 %,943.0,1149800.0,-0.017828200972447306,-0.017989037836073342,1235.2,1281.3,1256.9534192805552,1262.3251514026604,37.25934726559915,-5.371732122105186,6.183403923305739,30.327424576611527,1281.3,35.5529257069356,1352.4058514138712,1210.1941485861287,281873.0
SWBBL,2018-10-07,1195.0,1210.0,1192.0,1196.0,-1.57 %,1292.0,1549360.0,-0.01320132013201325,-0.013289232118682765,1221.8,1275.6,1247.5759701604698,1257.4121772246856,34.45855522668751,-9.836207064215841,2.9794817258014232,29.589751392567845,1275.6,39.61578632720678,1354.8315726544135,1196.3684273455863,280581.0
SWBBL,2018-10-08,1211.0,1214.0,1190.0,1200.0,1.34 %,2201.0,2635120.0,0.0033444816053511683,0.0033389012655146303,1214.2,1270.6,1240.256590135782,1253.1594233561905,35.7586792232177,-12.90283322040841,-0.19698126344054367,29.19048343595586,1270.6,42.57426947182727,1355.7485389436545,1185.4514610563454,282782.0
SWBBL,2018-10-09,1210.0,1210.0,1189.0,1170.0,-1.57 %,683.0,816680.0,-0.025000000000000022,-0.025317807984289897,1202.4,1266.35,1229.4478839610463,1246.9994660705468,30.820622086202775,-17.551582109500487,-3.6679014326525325,28.605448904816154,1266.35,48.09778964181411,1362.545579283628,1170.1544207163718,282099.0
SWBBL,2018-10-10,1186.0,1186.0,1182.0,1185.0,-0.67 %,525.0,622350.0,0.012820512820512775,0.012739025777429712,1192.6,1262.8,1222.6097479670393,1242.4069130282842,35.60865190656381,-19.79716506124487,-6.893754158371,27.705059697329286,1262.8,51.408170556898455,1365.6163411137968,1159.983658886203,282624.0
SWBBL,2018-10-11,1200.0,1210.0,1200.0,1208.0,2.20 %,640.0,771200.0,0.01940928270042197,0.019223324925528727,1191.8,1258.95,1220.3620944336485,1239.858252803967,42.2130224890203,-19.496158370318426,-9.414235000760485,27.51184114752005,1258.95,52.52916483156679,1364.0083296631337,1153.8916703368664,283264.0
SWBBL,2018-10-14,1225.0,1225.0,1209.0,1210.0,0.17 %,686.0,830882.0,0.0016556291390728006,0.001654260096026468,1194.6,1252.3,1218.767926059241,1237.6465303740433,42.76277764287329,-18.87860431480226,-11.307108863568839,26.760995351268622,1252.3,49.669539537848934,1351.6390790756977,1152.9609209243022,283950.0
SWBBL,2018-10-15,1210.0,1210.0,1200.0,1200.0,-0.83 %,850.0,1023100.0,-0.008264462809917328,-0.008298802814695066,1194.6,1245.35,1215.8805528193577,1234.8578984944845,40.6789410662861,-18.9773456751268,-12.841156225880432,25.56378139760658,1245.35,46.524781172673144,1338.399562345346,1152.3004376546537,283100.0
SWBBL,2018-10-22,1201.0,1224.0,1200.0,1224.0,2.00 %,390.0,472580.0,0.020000000000000018,0.01980262729617973,1205.4,1241.6,1217.1296985394565,1234.0536097171155,47.31459865491029,-16.923911177658965,-13.657707216236139,25.45208272634897,1241.6,44.96946332330627,1331.5389266466125,1151.6610733533873,283490.0
SWBBL,2018-10-23,1210.0,1210.0,1200.0,1210.0,-1.96 %,100.0,120300.0,-0.011437908496731986,-0.011503824481484577,1210.4,1237.1,1216.0328218410787,1232.271860849181,44.20805167872773,-16.23903900810228,-14.173973574609368,25.34836253160976,1237.1,43.289600063889104,1323.6792001277781,1150.5207998722217,283390.0
SWBBL,2018-10-24,1199.0,1202.0,1199.0,1200.0,0.00 %,516.0,619300.0,-0.008264462809917328,-0.008298802814695066,1208.8,1231.75,1213.566233865528,1229.8813526381305,42.08264313665462,-16.315118772602546,-14.602202614208004,24.323479493637635,1231.75,40.7326004184533,1313.2152008369067,1150.2847991630933,282874.0
SWBBL,2018-10-25,1210.0,1210.0,1186.0,1188.0,-1.17 %,1350.0,1606120.0,-0.010000000000000009,-0.01005033585350145,1204.4,1225.65,1209.6329671169851,1226.7790302204912,39.620960964068466,-17.146063103506094,-15.110974712067623,24.30037381552066,1225.65,37.39585538542074,1300.4417107708416,1150.8582892291586,281524.0
SWBBL,2018-10-28,1170.0,1188.0,1163.0,1188.0,0.17 %,1344.0,1569560.0,0.0,0.0,1202.0,1220.55,1206.3048183297567,1223.9065094634177,39.620960963860455,-17.601691133661006,-15.609117996386301,24.350347114412042,1220.55,35.039038379122765,1290.6280767582455,1150.4719232417544,281524.0
SWBBL,2018-10-29,1165.0,1185.0,1165.0,1178.0,-1.94 %,718.0,845044.0,-0.008417508417508435,-0.008453135711058239,1192.8,1214.95,1201.9502308944095,1220.5060272809424,37.50085179443728,-18.555796386532847,-16.19845367441561,24.253893749096896,1214.95,32.189365684418846,1279.3287313688377,1150.5712686311624,280806.0
SWBBL,2018-10-30,1142.0,1175.0,1142.0,1169.0,0.34 %,885.0,1033730.0,-0.007640067911714787,-0.007669402739463619,1184.6,1208.95,1196.880964602962,1216.6907660008726,35.6518291529909,-19.809801397910633,-16.920723219114617,25.09290133844712,1208.95,28.649377691542206,1266.2487553830845,1151.6512446169156,279921.0
SWBBL,2018-10-31,1175.0,1175.0,1167.0,1168.0,-0.17 %,388.0,453838.0,-0.0008554319931565191,-0.0008557980838960206,1178.2,1203.5,1192.4377392794293,1213.0840425934005,35.442721305810736,-20.646303313971202,-17.665839238085933,23.87197981427233,1203.5,25.180401735999844,1253.8608034719996,1153.1391965280004,279533.0
SWBBL,2018-11-01,1190.0,1190.0,1180.0,1190.0,1.97 %,146.0,173065.0,0.018835616438356073,0.018660422717402612,1178.6,1199.85,1192.0627024672094,1211.3741135124078,43.31919596602964,-19.311411045198383,-17.994953599508424,23.738266970395735,1199.85,21.054503206453724,1241.9590064129075,1157.7409935870924,279679.0
SWBBL,2018-11-04,1180.0,1180.0,1178.0,1178.0,-1.01 %,314.0,370492.0,-0.010084033613445342,-0.010135221894043018,1176.6,1196.85,1189.8992097799464,1208.9019569559332,40.42218773937639,-19.00274717598677,-18.196512314804096,22.899819329653184,1196.85,19.553637432701105,1235.957274865402,1157.7427251345978,279365.0
SWBBL,2018-11-05,1180.0,1205.0,1180.0,1205.0,2.29 %,769.0,925450.0,0.022920203735144362,0.022661481713223405,1182.0,1195.65,1192.2224082753394,1208.6129231073458,48.730217074586506,-16.390514832006374,-17.835312818244553,23.1926893775351,1195.65,18.163801480360764,1231.9776029607217,1159.3223970392785,280134.0
SWBBL,2018-11-15,1174.0,1174.0,1160.0,1160.0,-1.19 %,400.0,58000.0,-0.03734439834024894,-0.038059561824345015,1180.2,1191.95,1187.265114694518,1205.011965840135,38.975070266494036,-17.74685114561703,-17.817620483719047,24.75035442199688,1191.95,17.464173854737496,1226.878347709475,1157.021652290525,279734.0
SWBBL,2018-11-18,1160.0,1165.0,1153.0,1153.0,-0.60 %,351.0,57650.0,-0.0060344827586207295,-0.006052763831351344,1177.2,1189.0,1181.993558587669,1201.1592276297547,37.71042957155378,-19.16566904208571,-18.08723019539238,23.839614820425677,1189.0,18.82886921184938,1226.6577384236987,1151.3422615763013,279383.0
SWBBL,2018-11-19,1153.0,1153.0,1137.0,1137.0,-1.39 %,517.0,14820.0,-0.013876843018213347,-0.013974026518522977,1166.6,1186.05,1175.0714726511046,1196.4066922497727,34.92124894646655,-21.335219598668118,-18.73682807604753,23.279642333252415,1186.05,22.02504555242541,1230.100091104851,1141.999908895149,278866.0
SWBBL,2018-11-20,1138.0,1138.0,1135.0,1135.0,-0.26 %,300.0,227200.0,-0.0017590149516271136,-0.0017605638350330145,1158.0,1182.8,1168.9066307047808,1191.8580483794192,34.576980733949895,-22.95141767463838,-19.579745995765702,21.831096452305815,1182.8,24.513369070068144,1231.8267381401363,1133.7732618598636,278566.0
SWBBL,2018-11-21,1135.0,1135.0,1126.0,1126.0,-0.79 %,350.0,56550.0,-0.007929515418502175,-0.00796112121586733,1142.2,1180.6,1162.305610596353,1186.979674425388,33.00037455925646,-24.67406382903505,-20.598609562419572,20.9145895628554,1180.6,27.513441691138866,1235.6268833822776,1125.5731166177222,278216.0
SWBBL,2018-11-22,1126.0,1130.0,1103.0,1104.0,-1.95 %,1060.0,22080.0,-0.019538188277087087,-0.019731581862595125,1131.0,1176.55,1153.3355166584527,1180.8330318753594,29.46374947423476,-27.497515216906777,-21.978390693317014,21.34926173693716,1176.55,32.36547055455908,1241.2809411091182,1111.8190588908817,277156.0
SWBBL,2018-11-25,1104.0,1105.0,1083.0,1083.0,-1.90 %,676.0,54550.0,-0.01902173913043481,-0.01920497983605004,1117.0,1170.3,1142.5146679417676,1173.5861406253327,26.53992593850768,-31.071472683565162,-23.797007091366645,21.395743041441648,1170.3,37.61592607851592,1245.5318521570318,1095.068147842968,276480.0
SWBBL,2018-11-26,1083.0,1083.0,1070.0,1071.0,-1.11 %,971.0,107100.0,-0.011080332409972304,-0.011142176553241848,1103.8,1163.35,1131.5124113353418,1165.9871672456784,25.01247772739906,-34.474755910336626,-25.93255685516064,20.796047109910102,1163.35,42.42798852802094,1248.2059770560418,1078.494022943958,275509.0
SWBBL,2018-11-27,1071.0,1092.0,1070.0,1070.0,-0.09 %,658.0,107100.0,-0.0009337068160597539,-0.0009341429917969075,1090.8,1156.85,1122.0489634375967,1158.8770067089615,24.88395214432795,-36.82804327136478,-28.11165413840147,20.882043744916526,1156.85,46.299113325682924,1249.4482266513658,1064.251773348634,274851.0
SWBBL,2018-11-28,1070.5,1090.0,1063.0,1063.0,-0.70 %,560.0,21280.0,-0.0065420560747663226,-0.006563549114003896,1078.2,1148.8,1112.9645075241203,1151.7750062120012,23.955991122739633,-38.81049868788091,-30.251423048297358,21.31904062027963,1148.8,47.97543230936829,1244.7508646187366,1052.8491353812633,274291.0
SWBBL,2018-11-29,1063.4,1070.0,1050.0,1050.0,-1.26 %,674.0,10500.0,-0.012229539040451542,-0.012304935190378863,1067.4,1140.8,1103.2776602127174,1144.236116862964,22.293288760105327,-40.95845665024672,-32.39282976868723,21.224823433116796,1140.8,50.50648733742577,1241.8129746748514,1039.7870253251485,273617.0
SWBBL,2018-12-02,1050.0,1050.0,1014.0,1014.0,-3.43 %,1711.0,81120.0,-0.03428571428571425,-0.03488725900044055,1053.6,1131.5,1089.5426355646068,1134.5889970953372,18.470189648808415,-45.04636153073034,-34.92353612109585,22.28019318789417,1131.5,55.87156324065993,1243.24312648132,1019.7568735186801,271906.0
SWBBL,2018-12-03,1014.0,1034.0,996.0,1000.0,-1.38 %,737.0,50500.0,-0.013806706114398382,-0.01390290516899138,1039.4,1122.1,1075.7668454777443,1124.6194417549418,17.2325314752468,-48.85259627719756,-37.709348152316196,23.403036531616017,1122.1,61.406240039569326,1244.9124800791385,999.2875199208613,271169.0
SWBBL,2018-12-04,1000.0,1039.0,1000.0,1039.0,3.90 %,500.0,10390.0,0.038999999999999924,0.03825871211709027,1033.2,1114.65,1070.1104077119376,1118.2772608842056,31.08598806082182,-48.16685317226802,-39.80084915630656,24.517105350786302,1114.65,62.025695015155016,1238.7013900303102,990.5986099696901,271669.0
SWBBL,2018-12-06,990.0,1009.0,975.0,1000.0,1.01 %,1445.0,30000.0,-0.0375360923965351,-0.03825871211709031,1020.6,1105.75,1059.3241911408702,1109.5159823001904,26.33840445449441,-50.191791159320246,-41.8790375569093,27.337312111444426,1105.75,65.14912044490424,1236.0482408898085,975.4517591101915,270224.0
SWBBL,2018-12-09,1000.0,1030.0,980.0,1030.0,3.00 %,309.0,10300.0,0.030000000000000027,0.02955880224154443,1016.6,1098.8,1054.8127771191978,1103.6259095372134,34.61120596556853,-48.813132418015584,-43.26585652913056,28.956075532055536,1098.8,65.45999179898828,1229.7199835979766,967.8800164020233,270533.0
SWBBL,2018-12-10,1030.0,1052.0,1030.0,1047.0,1.65 %,1043.0,10470.0,0.01650485436893212,0.01637012964685548,1023.2,1092.75,1053.6108114085519,1099.431397719642,38.8052952953505,-45.82058631109021,-43.77680248552249,28.459212994051573,1092.75,64.30918326832821,1221.3683665366564,964.1316334633436,271576.0
SWBBL,2018-12-11,1047.0,1047.0,1020.0,1020.0,-2.58 %,370.0,102000.0,-0.025787965616045794,-0.026126304592220036,1027.2,1084.25,1048.4399173456977,1093.54759048115,34.96895973307474,-45.10767313545239,-44.042976615508465,28.35498349447646,1084.25,61.97102463849312,1208.1920492769862,960.3079507230137,271206.0
SWBBL,2018-12-12,1020.0,1020.0,990.0,1005.0,-1.47 %,980.0,30150.0,-0.014705882352941124,-0.014815085785140587,1020.4,1075.6,1041.7568531386673,1086.9885097047686,33.0161318664794,-45.231656566101265,-44.28071260562703,28.472484673442427,1075.6,60.246336425043246,1196.0926728500865,955.1073271499134,270226.0
SWBBL,2018-12-13,1005.0,1030.0,1000.0,1010.0,0.50 %,2150.0,71540.0,0.004975124378109541,0.004962789342129097,1022.4,1065.85,1036.8711834250262,1081.285657134045,34.33255289858974,-44.41447370901892,-44.307464826305406,28.581592911053683,1065.85,53.61684240499099,1173.0836848099818,958.616315190018,272376.0
SWBBL,2018-12-16,1010.0,1049.0,1010.0,1045.0,3.47 %,250.0,52000.0,0.034653465346534684,0.03406655456360627,1025.4,1060.1,1038.1217705904069,1078.5978306796715,42.80596025202885,-40.47606008926459,-43.54118387889724,29.32576484597842,1060.1,48.95207108147594,1158.004142162952,962.195857837048,272626.0
SWBBL,2018-12-17,1045.0,1100.0,1035.0,1100.0,5.26 %,1578.0,109000.0,0.05263157894736836,0.05129329438755048,1036.0,1057.45,1047.6414981918826,1080.1831765552513,53.05681022404394,-32.541678363368646,-41.34128277579153,31.873924499837106,1057.45,44.927397572523255,1147.3047951450465,967.5952048549535,274204.0
SWBBL,2018-12-18,1100.0,1134.0,1057.0,1057.0,-3.91 %,3437.0,105700.0,-0.039090909090909065,-0.03987547291622425,1043.4,1053.45,1049.0812677008237,1078.4659042178253,46.10013468539364,-29.38463651700158,-38.94995352403354,35.0972156069916,1053.45,40.848210680487355,1135.1464213609747,971.7535786390254,270767.0
SWBBL,2018-12-19,1057.0,1065.0,1049.0,1060.0,0.28 %,930.0,20140.0,0.002838221381267658,0.0028342012358751134,1054.4,1049.7,1050.7610726699277,1077.0980594609493,46.625944030714045,-26.336986791021673,-36.42736017743117,33.733128777920776,1049.7,36.138767637037844,1121.9775352740758,977.4224647259243,271697.0
SWBBL,2018-12-20,1060.0,1080.0,1045.0,1060.0,0.00 %,1584.0,10600.0,0.0,0.0,1064.4,1046.4,1052.1824461053234,1075.831536537916,46.62594403055076,-23.64909043259263,-33.87170622846346,33.823619579497866,1046.4,31.52342487417115,1109.4468497483424,983.3531502516578,271697.0
SWBBL,2018-12-23,1060.0,1109.0,1060.0,1106.0,4.34 %,3275.0,55300.0,0.04339622641509444,0.04248099497616738,1076.6,1046.5,1060.4620697814275,1078.0662375351073,54.516389089573416,-17.604167753679803,-30.61819853350673,34.907646752390875,1046.5,31.718332736557667,1109.9366654731152,983.0633345268847,274972.0
SWBBL,2018-12-24,1106.0,1137.0,1095.0,1108.0,0.18 %,9854.0,166050.0,0.001808318264014508,0.0018066852249490513,1078.2,1047.75,1067.775597507362,1080.2835532732477,54.82905985030365,-12.507955765885754,-26.99614997998254,35.41424341293438,1047.75,33.66534216617928,1115.0806843323585,980.4193156676414,284826.0
SWBBL,2018-12-25,886.4,904.0,865.0,880.0,-0.72 %,1140.0,176000.0,-0.2057761732851986,-0.230389959834977,1042.8,1038.2,1038.8870440446908,1065.4477345122664,29.73440828354896,-26.56069046757557,-26.909058077501147,50.24179745486764,1038.2,49.899477900524296,1137.9989558010486,938.4010441989515,283686.0
SWBBL,2018-12-26,880.0,910.0,870.0,908.0,3.18 %,1328.0,9080.0,0.031818181818181746,0.03132247112904107,1012.4,1030.1,1018.750575730123,1053.7849393632096,33.744899379187004,-35.034363633086514,-28.53411918861822,49.51024049380566,1030.1,57.09539570345771,1144.2907914069153,915.9092085930845,285014.0
SWBBL,2018-12-27,908.0,925.0,878.0,878.0,-3.30 %,2517.0,44000.0,-0.033039647577092546,-0.03359778496617667,976.0,1020.85,997.0966410024118,1040.7638327437126,31.659871334228953,-43.66719174130071,-31.560733699154717,49.33093760139097,1020.85,65.80615472741236,1152.4623094548247,889.2376905451753,282497.0
SWBBL,2018-12-30,878.0,895.0,866.0,870.0,-0.91 %,1550.0,26100.0,-0.009111617312072884,-0.009153381986487248,928.8,1011.85,977.5433116174254,1028.114659947882,31.107885826710884,-50.57134833045666,-35.362856625415105,47.87872777272019,1011.85,73.47199609738725,1158.7939921947745,864.9060078052255,280947.0
SWBBL,2018-12-31,870.0,870.0,850.0,855.0,-1.72 %,1833.0,25650.0,-0.017241379310344862,-0.01739174271186922,878.2,1003.9,958.6904944455138,1015.2913518035946,30.04997608587047,-56.600857358080816,-39.61045677194825,45.88739007466875,1003.9,81.40147418817548,1166.7029483763508,841.097051623649,279114.0
SWBBL,2019-01-01,855.0,855.0,840.0,845.0,-1.17 %,300.0,42250.0,-0.011695906432748537,-0.01176484157958637,871.2,996.15,941.1996491462039,1002.677177595921,29.333767715059395,-61.477528449717056,-43.98387110750201,43.681147926478125,996.15,88.83175996768047,1173.813519935361,818.4864800646391,278814.0
SWBBL,2019-01-02,845.0,865.0,845.0,865.0,2.37 %,418.0,43000.0,0.023668639053254337,0.023392879574705375,862.6,987.45,929.4766262006341,992.4788681443713,32.78425897564388,-63.002241943737204,-47.78754527474905,41.98963736030112,987.45,92.84422437614664,1173.1384487522932,801.7615512477067,279232.0
SWBBL,2019-01-03,865.0,882.0,855.0,855.0,-1.16 %,1902.0,75328.0,-0.011560693641618491,-0.011628037995119099,858.0,980.2,918.0186837082289,982.2952482818254,31.944377293207026,-64.27656457359649,-51.08534913451854,40.91894897742247,980.2,97.3639942095092,1174.9279884190184,785.4720115809816,277330.0
SWBBL,2019-01-06,855.0,855.0,830.0,848.0,-0.82 %,695.0,84800.0,-0.008187134502923965,-0.008220833144857134,853.6,971.1,907.2465785223475,972.3474521128012,31.339144299304124,-65.10087359045372,-53.88845402570558,39.781881193320864,971.1,100.90532300396563,1172.9106460079313,769.2893539920688,276635.0
SWBBL,2019-01-07,848.0,864.0,848.0,855.0,0.83 %,510.0,8550.0,0.008254716981132004,0.008220833144857075,853.6,961.5,899.2086433650633,963.6550482525937,32.712079248235995,-64.44640488753043,-56.000044198070555,38.08317539379795,961.5,102.42609659245173,1166.3521931849034,756.6478068150966,277145.0
SWBBL,2019-01-08,855.0,865.0,854.0,860.0,0.58 %,2370.0,391300.0,0.005847953216374213,0.005830920310793144,856.6,953.5,893.1765443858228,955.9768965301794,33.73138688531209,-62.800352144356566,-57.36010578732776,36.14866286566953,953.5,103.85490891273047,1161.209817825461,745.790182174539,279515.0
SWBBL,2019-01-09,860.0,868.0,847.0,868.0,0.93 %,630.0,67704.0,0.009302325581395321,0.009259325412796726,857.2,946.65,889.303229864927,949.4600893797957,35.41712539226317,-60.156859514868756,-57.919456532835966,35.06661551812171,946.65,104.79316721401855,1156.236334428037,737.0636655719629,280145.0
SWBBL,2019-01-10,868.0,868.0,857.0,860.0,-0.92 %,431.0,25830.0,-0.009216589861751112,-0.009259325412796712,858.2,939.15,884.7950406549382,942.8334160924035,34.47275364684394,-58.03837543746522,-57.94324031376182,33.34757155254159,939.15,105.38664401550388,1149.9232880310078,728.3767119689923,279714.0
SWBBL,2019-01-14,860.0,865.0,833.0,845.0,-1.74 %,1030.0,84500.0,-0.01744186046511631,-0.0175957618903796,857.6,929.15,878.6727267080247,935.5864963818551,32.71152237618983,-56.913769673830416,-57.73734618577554,33.25131644164576,929.15,104.29728512391392,1137.7445702478278,720.5554297521721,278684.0
SWBBL,2019-01-15,845.0,875.0,845.0,875.0,3.55 %,1501.0,43750.0,0.035502958579881616,0.03488725900044054,861.6,917.9,878.1076918298671,931.098607760977,39.38199671636325,-52.99091593110984,-56.788060134842404,33.01907955295678,917.9,96.76118186441288,1111.4223637288258,724.3776362711742,280185.0
SWBBL,2019-01-16,875.0,885.0,860.0,860.0,-1.71 %,1521.0,43000.0,-0.017142857142857126,-0.017291497110060994,861.6,908.05,875.3218930868106,925.8320442231268,37.38634952668683,-50.51015113631615,-55.53247833513716,32.44628815631702,908.05,91.75337366525501,1091.55674733051,724.5432526694899,278664.0
SWBBL,2019-01-17,860.0,870.0,860.0,861.0,0.12 %,550.0,43050.0,0.0011627906976743319,0.0011621151801772967,860.2,898.1,873.118524919609,921.0296705769692,37.61332102507261,-47.911145657360294,-54.00821179958179,30.84298185943723,898.1,84.94574119623068,1067.9914823924614,728.2085176075386,279214.0
SWBBL,2019-01-20,861.0,861.0,850.0,851.0,-1.16 %,244.0,8510.0,-0.011614401858304313,-0.011682375854356681,858.4,887.65,869.7156749319768,915.8422875712679,36.20014176482869,-46.126612639291125,-52.431891967523654,29.425626012334572,887.65,76.40699540864725,1040.4639908172944,734.8360091827055,278970.0
SWBBL,2019-01-21,851.0,851.0,837.0,837.0,-1.65 %,1198.0,56916.0,-0.016451233842538215,-0.016588058083898842,856.8,874.2,864.6824941732111,910.0021181215443,34.2594833369637,-45.319623948333174,-51.00943836368556,28.323795582882102,874.2,57.212990795781174,988.6259815915624,759.7740184084377,277772.0
SWBBL,2019-01-22,837.0,850.0,835.0,841.0,0.48 %,956.0,23576.0,0.004778972520907976,0.0047675894834727055,850.0,860.85,861.0390335311786,904.890850112541,35.32628402066442,-43.851816581362414,-49.57791400722094,27.372095898390526,860.85,16.33296634057639,893.5159326811528,828.1840673188473,278728.0
SWBBL,2019-01-23,841.0,856.0,841.0,847.0,0.71 %,816.0,169600.0,0.007134363852556502,0.007109034679106361,847.4,859.2,858.8791822186895,900.6026389930935,36.97830735828243,-41.723456774403985,-48.007022560657546,26.488374762791207,859.2,15.959158400455474,891.118316800911,827.2816831990891,279544.0
SWBBL,2019-01-27,845.0,846.0,845.0,845.0,0.00 %,1050.0,42300.0,-0.0023612750885477762,-0.002364067294880507,844.2,856.05,856.7439234158142,896.4839249936051,36.64231094006915,-39.74000157779096,-46.35361836408423,24.739205136877548,856.05,11.380847254016775,878.8116945080335,833.2883054919664,278494.0
SWBBL,2019-01-28,845.0,850.0,845.0,845.0,0.00 %,190.0,84500.0,0.0,0.0,843.0,854.4,854.9371659672273,892.6703009200047,36.64231093988987,-37.73313495277739,-44.629521681822865,23.329261912814868,854.4,10.379128855458665,875.1582577109173,833.6417422890827,278494.0
SWBBL,2019-01-29,845.0,850.0,842.0,850.0,0.59 %,530.0,33960.0,0.00591715976331364,0.005899722127188322,845.6,853.4,854.1776019722693,889.5095378888932,38.26861963229146,-35.331935916623934,-42.770004528783076,22.234314633328093,853.4,9.740852659549914,872.8817053190998,833.9182946809002,279024.0
SWBBL,2019-01-30,850.0,855.0,849.0,855.0,0.59 %,370.0,136689.0,0.00588235294117645,0.005865119452398058,848.4,853.4,854.3041247457663,886.9532758230492,39.92916969466893,-32.64915107728291,-40.745833838483044,21.074720730947515,853.4,9.740852659549914,872.8817053190998,833.9182946809002,279394.0
SWBBL,2019-01-31,855.0,859.0,851.0,853.0,-0.23 %,1190.0,170600.0,-0.002339181286549752,-0.0023419214450811437,849.6,853.8,854.1034901694945,884.4382183546753,39.47178937396782,-30.33472818518078,-38.663612707822594,20.14081210730841,853.8,9.539943727534919,872.8798874550698,834.7201125449301,278204.0
SWBBL,2019-02-03,850.0,853.0,843.0,844.0,-1.06 %,1340.0,126750.0,-0.010550996483001174,-0.010607052895722004,849.4,852.75,852.5491070664954,881.4427947728475,37.395881087892704,-28.893687706352125,-36.709627707528504,19.41646838535781,852.75,9.396947993241985,871.543895986484,833.956104013516,276864.0
SWBBL,2019-02-04,840.0,844.0,832.0,832.0,-1.42 %,1495.0,108160.0,-0.014218009478673022,-0.014320053774748558,846.8,851.6,849.3877059793422,877.7803655304144,34.770143896179306,-28.392659551072256,-35.046234076237255,18.88672064354654,851.6,10.45491574172868,872.5098314834573,830.6901685165427,275369.0
SWBBL,2019-02-05,835.0,840.0,832.0,837.0,0.60 %,1207.0,20925.0,0.006009615384615419,0.005991629668266761,844.2,851.05,847.4819050594433,874.7595977133467,36.76253849248584,-27.277692653903387,-33.49252579177048,18.109097740436074,851.05,10.932688791842551,872.9153775836851,829.1846224163148,276576.0
SWBBL,2019-02-06,832.0,837.0,831.0,831.0,-0.72 %,100.0,24960.0,-0.007168458781361964,-0.007194275634027085,839.4,849.85,844.9462273579904,871.5181460308766,35.36653230409944,-26.571918672886113,-32.108404367993614,17.244162187547783,849.85,11.762003947068846,873.3740078941377,826.3259921058624,276476.0
SWBBL,2019-02-07,831.0,838.0,831.0,831.0,0.00 %,335.0,41600.0,0.0,0.0,835.0,848.4,842.8006539182995,868.5168018804412,35.36653230385838,-25.71614796214169,-30.82995308682323,16.512436317008657,848.4,12.22335986235178,872.8467197247036,823.9532802752964,276476.0
SWBBL,2019-02-10,825.0,831.0,816.0,816.0,-1.81 %,2073.0,114520.0,-0.018050541516245522,-0.018215439891341216,829.4,845.8,838.6774763924072,864.6266684078159,31.858842215106662,-25.9491920154087,-29.853800872540326,16.40440515150804,845.8,13.316392747221222,872.4327854944424,819.1672145055575,274403.0
SWBBL,2019-02-11,825.0,830.0,813.0,830.0,1.72 %,936.0,66400.0,0.017156862745097978,0.017011345826536538,829.0,844.3,837.3424800243446,862.061730007237,38.03601224622943,-24.719249982892393,-28.82689069461074,16.446947640686037,844.3,13.322320013236933,870.9446400264738,817.6553599735261,275339.0
SWBBL,2019-02-12,826.0,830.0,814.0,814.0,-1.93 %,304.0,40750.0,-0.01927710843373498,-0.01946533478810335,824.4,842.75,833.7513292513686,858.5016018585528,34.218205761684615,-24.75027260718423,-28.01156707712544,16.415022809208462,842.75,14.941552797777849,872.6331055955557,812.8668944044443,275035.0
SWBBL,2019-02-13,800.0,817.0,800.0,800.0,-1.72 %,954.0,32000.0,-0.017199017199017175,-0.017348638334612976,818.2,839.0,828.5588170588503,854.1681498690303,31.261416814359663,-25.609332810180035,-27.531120223736362,16.456806894265,839.0,15.808059237328976,870.6161184746579,807.3838815253421,274081.0
SWBBL,2019-02-14,795.0,800.0,794.0,794.0,-0.75 %,204.0,7950.0,-0.007499999999999951,-0.0075282664207915245,810.8,835.7,823.2420759728734,849.7112498787318,30.06248132800988,-26.469173905858383,-27.31873096016077,15.709892116103216,835.7,17.938784797438434,871.5775695948769,799.8224304051232,273877.0
SWBBL,2019-02-17,785.0,794.0,772.0,772.0,-2.77 %,302.0,7720.0,-0.027707808564231717,-0.02809891122235953,802.0,831.25,815.3586796693544,843.9548609988258,26.10857449375878,-28.596181329471392,-27.574221034022894,16.15918553638156,831.25,21.927812188571032,875.105624377142,787.394375622858,273575.0
SWBBL,2019-02-18,770.0,790.0,770.0,790.0,2.33 %,180.0,8000.0,0.023316062176165886,0.02304839543629109,794.0,828.2,811.4573443356076,839.9582046285424,33.78236250251932,-28.500860292934817,-27.75954888580528,16.43352942664002,828.2,23.239258979226733,874.6785179584535,781.7214820415466,273755.0
SWBBL,2019-02-19,786.0,814.0,784.0,814.0,1.75 %,882.0,81400.0,0.030379746835442978,0.02992742054147306,794.0,827.05,811.8485221301295,838.0353746560578,42.37540670287833,-26.186852525928316,-27.44500961382989,17.402563039022876,827.05,23.349687251560344,873.7493745031206,780.3506254968793,274637.0
SWBBL,2019-02-20,823.0,830.0,814.0,825.0,1.35 %,1916.0,82500.0,0.013513513513513598,0.01342302033214077,799.0,826.25,813.8718264178018,837.0697913482016,45.84424537541783,-23.19796493039985,-26.595600677143885,17.302379964806956,826.25,23.11954060753753,872.4890812150751,780.0109187849249,276553.0
SWBBL,2019-02-24,816.0,825.0,809.0,809.0,-1.94 %,150.0,40450.0,-0.019393939393939408,-0.019584469276189308,802.0,824.35,813.1223146612169,834.9905475446312,41.89386729618804,-21.868232883414294,-25.650127118397968,17.209352824463604,824.35,22.88478004927256,870.1195600985451,778.580439901455,276403.0
SWBBL,2019-02-25,820.0,820.0,809.0,815.0,0.74 %,40.0,16300.0,0.007416563658838138,0.007389196182371085,810.6,822.85,813.411189328722,833.5097662450289,43.847917218721165,-20.09857691630691,-24.53981707797976,16.765827622716206,822.85,22.438864311452996,867.727728622906,777.972271377094,276443.0
SWBBL,2019-02-26,825.0,825.0,804.0,805.0,-1.23 %,457.0,11270.0,-0.012269938650306789,-0.012345835822299379,813.6,820.85,812.1171602012263,831.3979317083601,41.35192705508676,-19.280771507133863,-23.48800796381058,17.068268506807904,820.85,22.141352119802196,865.1327042396044,776.5672957603956,275986.0
SWBBL,2019-02-27,792.0,805.0,780.0,780.0,-3.11 %,570.0,7850.0,-0.03105590062111796,-0.0315483577349259,806.8,817.35,807.1760586318069,827.5906775077408,35.8566641392963,-20.41461887593391,-22.873330146235247,17.634820756321627,817.35,22.813373271151075,862.9767465423022,771.7232534576979,275416.0
SWBBL,2019-03-03,779.0,780.0,775.0,775.0,-0.64 %,444.0,15500.0,-0.0064102564102563875,-0.0064308903302904025,796.8,813.35,802.2258957653751,823.6950717664266,34.8589152115795,-21.46917600105155,-22.59249931719851,16.73233355944151,813.35,22.877879456582868,859.1057589131658,767.5942410868342,274972.0
SWBBL,2019-03-05,790.0,790.0,775.0,781.0,0.77 %,80.0,7820.0,0.007741935483871032,0.0077121204863390335,791.2,809.75,798.9603733399327,820.5324738578024,37.120065336477126,-21.57210051786967,-22.388419557332742,16.60859544805283,809.75,21.95659593999157,853.6631918799832,765.8368081200168,275052.0
SWBBL,2019-03-06,785.0,800.0,781.0,800.0,2.43 %,255.0,8000.0,0.02432778489116516,0.02403657782824132,788.2,807.55,799.12031590302,819.0115498683356,43.77564555885874,-19.891233965315564,-21.888982438929308,16.7794100589062,807.55,20.500256738019004,848.550513476038,766.549486523962,275307.0
SWBBL,2019-03-07,808.0,815.0,800.0,815.0,1.87 %,120.0,40750.0,0.018750000000000044,0.018576385572935457,790.2,806.7,801.5633442256322,818.7143980262366,48.41756914447667,-17.15105380060436,-20.941396711264318,16.652309340412902,806.7,19.772655227504202,846.2453104550084,767.1546895449917,275427.0
SWBBL,2019-03-11,815.0,829.0,815.0,829.0,1.72 %,30.0,8290.0,0.01717791411042935,0.01703204189443217,800.0,806.3,805.7843681909196,819.4762944687376,52.37009470579547,-13.69192627781797,-19.49150262457505,16.462858673240554,806.3,19.20005482471512,844.7001096494301,767.8998903505698,275457.0
SWBBL,2019-03-12,840.0,840.0,829.0,835.0,0.72 %,916.0,138610.0,0.007237635705669376,0.007211569715560403,812.0,806.5,810.279080776932,820.6261985821644,53.997016869449794,-10.347117805232415,-17.662625660706524,16.0726544822948,806.5,19.489538354513833,845.4790767090277,767.5209232909723,276373.0
SWBBL,2019-03-13,825.0,839.0,823.0,823.0,-1.91 %,656.0,39504.0,-0.014371257485029987,-0.014475524173785717,820.4,806.1,812.2361452727887,820.8020357242262,50.296681644567265,-8.565890451437554,-15.843278618852732,16.0674648764166,806.1,19.037082925823974,844.174165851648,768.025834148352,275717.0
SWBBL,2019-03-14,829.0,829.0,829.0,829.0,0.73 %,100.0,82900.0,0.007290400972053357,0.007263954458225057,826.2,806.75,814.8151998462058,821.4092923372465,52.06546447414826,-6.594092491040669,-13.993441393290322,15.348360242386844,806.75,19.606322825704698,845.9626456514094,767.5373543485906,275817.0
SWBBL,2019-03-17,830.0,845.0,830.0,838.0,1.09 %,1086.0,225960.0,0.010856453558504287,0.01079794534678813,830.8,807.15,818.3820921775588,822.6382336455986,54.671250834533005,-4.2561414680398,-12.045981408240218,15.394905939359212,807.15,20.178871180375005,847.50774236075,766.79225763925,276903.0
SWBBL,2019-03-18,840.0,840.0,832.0,835.0,-0.60 %,2440.0,25050.0,-0.0035799522673031214,-0.0035863756312275773,832.0,808.2,820.9386933810113,823.5539200422209,53.624798656145366,-2.61522666120959,-10.159830458834092,14.866698372262126,808.2,21.08029761121325,850.3605952224266,766.0394047775735,274463.0
SWBBL,2019-03-19,835.0,835.0,835.0,835.0,0.00 %,72.0,60120.0,0.0,0.0,832.0,809.95,823.1019713223941,824.4017778168711,53.6247986557769,-1.299806494477025,-8.387825665962678,13.804791345671974,809.95,21.804091842164112,853.5581836843282,766.3418163156718,274463.0
SWBBL,2019-03-21,821.0,833.0,821.0,824.0,-1.32 %,260.0,9163.0,-0.013173652694610793,-0.013261194941383798,832.2,811.45,823.2401295804873,824.3720164971029,49.58850987146431,-1.1318869166155991,-6.936637916093263,13.818734820981119,811.45,21.680636522226255,854.8112730444526,768.0887269555475,274203.0
SWBBL,2019-03-24,820.0,820.0,820.0,820.0,-0.49 %,60.0,49200.0,-0.004854368932038833,-0.004866189651172899,830.4,813.85,822.7416481065662,824.0481634232434,48.16868958274393,-1.306515316677178,-5.810613396210046,13.117396619482468,813.85,19.644940422903016,853.139880845806,774.560119154194,274143.0
SWBBL,2019-03-25,810.0,820.0,810.0,820.0,0.00 %,142.0,82000.0,0.0,0.0,826.8,815.35,822.3198560901715,823.7482994659662,48.168689582372615,-1.4284433757947,-4.9341793921269765,12.894725432376577,815.35,18.85756863293143,853.0651372658629,777.6348627341372,274143.0
SWBBL,2019-03-26,810.0,824.0,810.0,817.0,-0.37 %,806.0,20425.0,-0.003658536585365857,-0.003665245398295917,823.2,815.5,821.5014166916836,823.2484254314501,46.99820888216208,-1.7470087397664429,-4.29674526165487,12.97367361577825,815.5,18.858196598727172,853.2163931974543,777.7836068025457,273337.0
SWBBL,2019-03-31,805.0,815.0,805.0,815.0,-0.73 %,60.0,40750.0,-0.002447980416156681,-0.002450981619140185,819.2,815.0,820.5011987391168,822.6374309550463,46.19234286906039,-2.1362322159294536,-3.864642652509787,12.904125500365518,815.0,18.725158983470525,852.450317966941,777.549682033059,273277.0
SWBBL,2019-04-01,825.0,831.0,825.0,830.0,1.84 %,619.0,59688.0,0.018404907975460016,0.018237587549780793,820.4,816.05,821.9625527792527,823.1828064398577,52.737818934167514,-1.2202536606049534,-3.3357648541288203,13.125259393196552,816.05,18.958333815541554,853.966667631083,778.1333323689169,273896.0
SWBBL,2019-04-02,821.0,830.0,820.0,830.0,0.00 %,247.0,16600.0,0.0,0.0,822.4,816.8,823.1990831209062,823.687783740609,52.737818933706926,-0.48870061970285406,-2.766352007243627,12.902026579396798,816.8,19.209646699631453,855.2192933992628,778.3807066007371,273896.0
SWBBL,2019-04-03,834.0,835.0,831.0,831.0,0.12 %,750.0,174510.0,0.00120481927710836,0.00120409406480451,824.6,818.1,824.3992241792282,824.2294293894528,53.17819470655222,0.1697947897754375,-2.1791226478398142,12.337596109439884,818.1,19.24878670157036,856.5975734031407,779.6024265968593,274646.0
SWBBL,2019-04-04,820.0,820.0,815.0,815.0,-1.93 %,161.0,16400.0,-0.019253910950661868,-0.019441681614585496,824.2,819.85,822.9531896901161,823.545767953197,45.82148695845594,-0.5925782630808953,-1.8618137708880305,12.599196387337035,819.85,17.07036521079483,853.9907304215897,785.7092695784104,274485.0
SWBBL,2019-04-07,815.0,817.0,805.0,806.0,-1.10 %,590.0,134602.0,-0.011042944785276121,-0.011104370734234465,822.4,821.4,820.3450066608675,822.2460814381453,42.278446248796,-1.9010747772778132,-1.8696659721659872,12.55639664538439,821.4,13.895853225007878,849.1917064500158,793.6082935499842,273895.0
SWBBL,2019-04-09,830.0,840.0,820.0,820.0,-1.20 %,13188.0,73800.0,0.017369727047146455,0.017220597751670556,820.4,823.35,820.2919287130418,822.0797050353198,48.897815917481466,-1.7877763222779777,-1.8532880421883853,14.088082599285507,823.35,10.163272370255928,843.6765447405119,803.0234552594882,287083.0
SWBBL,2019-04-10,821.0,821.0,809.0,809.0,-1.34 %,1402.0,148230.0,-0.013414634146341475,-0.01350542319980712,816.2,823.8,818.5547089110354,821.1108379956665,44.572707748646735,-2.556129084631152,-1.9938562506769388,13.938933842193686,823.8,9.231524935807032,842.263049871614,805.3369501283859,285681.0
SWBBL,2019-04-11,815.0,827.0,815.0,827.0,2.22 %,270.0,82700.0,0.02224969097651419,0.0220057779651996,815.4,824.4,819.8539844631838,821.5470722182098,52.04726388411105,-1.6930877550259993,-1.933702551546751,14.22900999632271,824.4,9.016943116530157,842.4338862330603,806.3661137669396,285951.0
SWBBL,2019-04-15,836.0,876.0,830.0,876.0,5.93 %,2715.0,111104.0,0.059250302297460644,0.05756139591270007,827.6,826.75,828.4918330073094,825.5806224242683,65.63363787860435,2.911210583041111,-0.9647199246291785,16.71265213944252,826.75,14.646267712409658,856.0425354248193,797.4574645751807,288666.0
SWBBL,2019-04-16,893.0,915.0,880.0,915.0,4.45 %,6131.0,91400.0,0.044520547945205546,0.04355797433912994,849.4,830.75,841.8007817754158,832.2042800224706,72.3488107558355,9.596501752945187,1.1475244108856946,18.30460555805377,830.75,24.57614376003861,879.9022875200773,781.5977124799227,294797.0
SWBBL,2019-04-18,900.0,918.0,897.0,913.0,3.28 %,3195.0,200860.0,-0.002185792349726823,-0.002188184680552894,868.0,835.25,852.7545076561211,838.1891481689543,71.5764083636974,14.565359487166802,3.8310914261419162,18.4971337324785,835.25,30.58701995099373,896.4240399019875,774.0759600980125,291602.0
SWBBL,2019-04-21,918.0,927.0,902.0,905.0,-0.88 %,2016.0,52490.0,-0.008762322015334112,-0.008800936895042395,887.2,839.05,860.7922757090255,843.1381001564391,68.42938806466111,17.654175552586366,6.595708251430807,18.961624180158605,839.05,34.269020842190315,907.5880416843806,770.5119583156193,289586.0
SWBBL,2019-04-22,907.0,907.0,891.0,891.0,-1.55 %,1970.0,17920.0,-0.015469613259668558,-0.015590516229116861,900.0,841.7,865.439617907637,846.6834260707769,63.19311665326792,18.756191836860012,9.027804968516648,18.75007959586156,841.7,36.17952314149016,914.0590462829804,769.3409537170197,287616.0
SWBBL,2019-04-23,880.0,893.0,878.0,893.0,0.22 %,2418.0,54168.0,0.002244668911335568,0.002242153405689727,903.4,844.6,869.6796766910774,850.1142833988675,63.621381412922446,19.56539329220982,11.135322633255283,18.482216767585737,844.6,37.89792384270828,920.3958476854166,768.8041523145835,290034.0
SWBBL,2019-04-25,892.0,918.0,890.0,918.0,2.80 %,3066.0,27300.0,0.027995520716685318,0.027610809743991407,904.0,848.75,877.1135725847578,855.1428549989514,68.54777753926808,21.97071758580637,13.302401623765501,19.1620584270439,848.75,41.19258364532596,931.1351672906519,766.3648327093481,293100.0
SWBBL,2019-04-28,918.0,972.0,918.0,964.0,5.01 %,4265.0,289200.0,0.050108932461873534,0.048893903990055054,914.2,855.75,890.4807152640258,863.2063472212512,75.20206007242875,27.27436804277454,16.09679490756731,21.650482825112192,855.75,48.084218879710285,951.9184377594206,759.5815622405794,297365.0
SWBBL,2019-04-29,972.0,980.0,930.0,947.0,-1.76 %,3714.0,94700.0,-0.01763485477178428,-0.01779220142446742,922.6,862.1,899.1759898387911,869.4132844641215,69.36162835082506,29.762705374669622,18.829977000987775,23.67544833760418,862.1,51.38697356957583,964.8739471391517,759.3260528608483,293651.0
SWBBL,2019-04-30,942.0,942.0,920.0,920.0,-2.85 %,2005.0,92000.0,-0.028511087645195388,-0.028925423142992287,928.4,867.1,902.3796837097464,873.1604485778903,61.2283225592715,29.219235131856067,20.907828627161436,23.912916313489596,867.1,51.93710771600037,970.9742154320007,763.2257845679993,291646.0
SWBBL,2019-05-02,902.0,921.0,902.0,921.0,0.11 %,1738.0,27600.0,0.0010869565217390686,0.0010863662122207896,934.0,872.3,905.2443477544008,876.7041190536021,61.408814104811015,28.540228700798707,22.43430864188889,23.561993719668912,872.3,51.86328180908599,976.026563618172,768.573436381828,293384.0
SWBBL,2019-05-05,921.0,938.0,910.0,910.0,-1.19 %,2372.0,68250.0,-0.011943539630836053,-0.012015436744411126,932.4,877.05,905.975986561416,879.1704806051871,58.19931320521568,26.8055059562289,23.30854810475689,23.87899416826399,877.05,50.67593117061247,978.4018623412248,775.6981376587751,291012.0
SWBBL,2019-05-06,905.0,914.0,896.0,914.0,0.44 %,1689.0,18220.0,0.00439560439560438,0.004385971943254268,922.4,881.25,907.2104501673521,881.7504450048028,59.03769751275578,25.460005162549237,23.738839516315362,23.45906601338799,881.25,50.048266177531644,981.3465323550633,781.1534676449367,292701.0
SWBBL,2019-05-07,930.0,930.0,913.0,913.0,-0.11 %,1267.0,31955.0,-0.001094091903719896,-0.0010946908591815245,915.6,885.4,908.1011501416056,884.065226856299,58.7206130245192,24.03592328530658,23.79825627011361,22.997704155288847,885.4,49.00526287535153,983.4105257507031,787.3894742492969,291434.0
SWBBL,2019-05-08,920.0,920.0,907.0,907.0,-0.66 %,709.0,181600.0,-0.006571741511500528,-0.006593430479831845,913.0,889.2,907.9317424275124,885.7640989410177,56.75111338792247,22.16764348649474,23.472133713389837,22.28358242991107,889.2,47.488059441108916,984.1761188822179,794.2238811177822,290725.0
SWBBL,2019-05-09,900.0,901.0,896.0,896.0,-1.21 %,1586.0,22425.0,-0.012127894156560126,-0.01220203714020617,908.0,893.25,906.0960897463567,886.5223138342756,53.22644013280904,19.573775912081146,22.6924621531281,21.477612256345996,893.25,44.164614318516726,981.5792286370335,804.9207713629665,289139.0
SWBBL,2019-05-12,890.0,910.0,878.0,910.0,1.56 %,3190.0,75032.0,0.015625,0.015504186535965254,908.0,898.45,906.6966913238402,888.2614016984032,56.89575167270442,18.435289625437008,21.841027647589883,22.22921138089271,898.45,39.1938166445483,976.8376332890966,820.0623667109035,292329.0
SWBBL,2019-05-13,910.0,928.0,890.0,895.0,-1.65 %,2984.0,155730.0,-0.016483516483516536,-0.016620881236040407,904.2,902.2,904.8972003509418,888.7605571281512,52.1731718308263,16.136643222790667,20.70015076263004,23.35569628225752,902.2,34.61304895416322,971.4260979083265,832.9739020916736,289345.0
SWBBL,2019-05-14,899.0,930.0,890.0,909.0,1.56 %,4979.0,181800.0,0.015642458100558754,0.015521375902623556,903.4,907.2,905.5284002969508,890.2597751186586,55.85608732187737,15.268625178292268,19.61384564576249,24.544575119239127,907.2,26.77705223366332,960.7541044673267,853.6458955326734,294324.0
SWBBL,2019-05-15,905.0,920.0,905.0,919.0,1.10 %,1273.0,18380.0,0.011001100110010986,0.010941028178208202,905.8,911.8,907.60095409742,892.3886806654245,58.324713958409355,15.212273431995413,18.733531203009072,23.862819753579192,911.8,19.066642130007857,949.9332842600156,873.6667157399843,295597.0
SWBBL,2019-05-16,925.0,935.0,915.0,932.0,1.41 %,6419.0,9320.0,0.014145810663764857,0.01404669232990403,913.0,914.6,911.3546534670476,895.3228524679857,61.35061816099194,16.03180099906183,18.193185162219624,23.586904056894962,914.6,17.587076595227863,949.7741531904558,879.4258468095443,302016.0
SWBBL,2019-05-19,932.0,932.0,915.0,932.0,0.00 %,3536.0,11184.0,0.0,0.0,917.4,915.45,914.5308606259633,898.0396782110979,61.35061816062293,16.49118241486542,17.852784612748785,23.116410909973894,915.45,18.013080043126795,951.4761600862537,879.4238399137464,302016.0
SWBBL,2019-05-20,915.0,915.0,906.0,906.0,-2.79 %,829.0,181200.0,-0.027896995708154515,-0.028293508642611865,919.6,915.1,913.2184205296612,898.6293316769425,52.50764184334983,14.58908885271876,17.200045460742782,23.322381559261473,915.1,18.130811228347973,951.361622456696,878.8383775433041,301187.0
SWBBL,2019-05-21,910.0,914.0,899.0,899.0,-0.77 %,587.0,44950.0,-0.007726269315673329,-0.007756271571359097,917.6,914.8,911.0309712174057,898.6567885897615,50.40129172507056,12.374182627644245,16.234872894123075,22.727925733599943,914.8,18.35497924723455,951.5099584944691,878.0900415055308,300600.0
SWBBL,2019-05-22,914.0,933.0,914.0,914.0,1.67 %,1637.0,127960.0,0.016685205784204626,0.01654753698252969,916.6,915.95,911.4877448762664,899.7933227682977,54.6037723046308,11.694422107968762,15.326782736892213,23.53307389548566,915.95,17.485256947921236,950.9205138958425,880.9794861041576,302237.0
SWBBL,2019-05-23,912.0,915.0,906.0,906.0,-0.88 %,1486.0,22650.0,-0.008752735229759279,-0.008791265411170658,911.4,916.6,910.6434764337639,900.2530766373127,52.069784386870914,10.39039979645122,14.339506148804015,22.494997188665256,916.6,16.816032450519675,950.2320649010394,882.9679350989607,300751.0
SWBBL,2019-05-26,908.0,910.0,901.0,901.0,-0.55 %,528.0,36040.0,-0.0055187637969095205,-0.005534048434641443,905.2,915.75,909.1598646747233,900.308404293808,50.49262867038193,8.851460380915228,13.241896995226258,21.531068818046307,915.75,17.16751828946278,950.0850365789256,881.4149634210744,300223.0
SWBBL,2019-05-27,913.0,915.0,905.0,905.0,0.44 %,1237.0,27150.0,0.004439511653718142,0.004429686091588258,905.0,912.8,908.5198854939965,900.6559299016742,51.75168628672914,7.863955592322327,12.166308714645472,20.993135331043,912.8,13.004452679071413,938.8089053581427,886.7910946418572,301460.0
SWBBL,2019-05-28,896.0,905.0,893.0,901.0,-0.44 %,1505.0,90100.0,-0.0044198895027623974,-0.004429686091588173,905.4,910.5,907.3629800333817,900.6814165756243,50.372095025700396,6.68156345775742,11.069359663267862,20.350768521682788,910.5,10.455419144262754,931.4108382885255,889.5891617114745,299955.0
SWBBL,2019-05-29,901.0,905.0,901.0,905.0,0.44 %,4030.0,271500.0,0.004439511653718142,0.004429686091588258,903.6,909.75,906.9994446436308,901.0013116440966,51.75707732480294,5.998132999534164,10.055114330521123,19.18285648441973,909.75,10.274521374848504,930.299042749697,889.200957250303,303985.0
SWBBL,2019-05-30,915.0,948.0,912.0,912.0,0.77 %,896.0,22800.0,0.007734806629834168,0.007705046374405182,904.8,909.3,907.7687608523029,901.8160293000894,54.16761261014471,5.952731552213436,9.234637774859587,20.884081021246892,909.3,9.947758277389852,929.1955165547797,889.4044834452202,304881.0
SWBBL,2019-06-02,900.0,900.0,890.0,890.0,-2.41 %,170.0,133500.0,-0.02412280701754388,-0.024418527348145886,902.6,908.3,905.0351053365639,900.9407678704531,46.33204169882311,4.094337466110801,8.20657771310983,20.96378951972926,908.3,10.839013356152648,929.9780267123052,886.6219732876947,304711.0
SWBBL,2019-06-03,886.0,894.0,882.0,890.0,0.00 %,2025.0,22250.0,0.0,0.0,899.6,907.1,902.7220122078618,900.1303406207899,46.33204169849503,2.5916715870719145,7.0835964879022475,20.3235188397486,907.1,11.48408509785867,930.0681701957174,884.1318298042827,304711.0
SWBBL,2019-06-04,885.0,890.0,885.0,890.0,0.00 %,1511.0,44450.0,0.0,0.0,897.4,905.95,900.7647795604984,899.3799450192498,46.33204169814172,1.3848345412485514,5.943844098571509,19.22898177976656,905.95,12.00208315287591,929.9541663057519,881.9458336942482,304711.0
SWBBL,2019-06-06,875.0,881.0,875.0,880.0,-1.12 %,975.0,42288.0,-0.011235955056179803,-0.011299555253933394,892.4,904.6,897.5701980896524,897.9443935363424,42.81589230393071,-0.3741954466900097,4.6802361895192055,18.926911652640378,904.6,13.323505150006014,931.2470103000121,877.9529896999879,303736.0
SWBBL,2019-06-10,874.0,879.0,869.0,869.0,-1.25 %,1752.0,1528888.0,-0.012499999999999956,-0.012578782206860073,883.8,903.25,893.1747829989367,895.8003643855022,39.284212657646464,-2.6255813865655,3.2190726743022644,18.360703677451777,903.25,15.440462905800448,934.130925811601,872.369074188399,301984.0
SWBBL,2019-06-11,874.0,880.0,873.0,880.0,1.27 %,931.0,22000.0,0.012658227848101333,0.012578782206860185,881.8,901.75,891.1478933067926,894.6299670236132,44.237601610747575,-3.482073716820537,1.8788433960777042,17.834939129062363,901.75,16.189258947577578,934.1285178951551,869.3714821048449,302915.0
SWBBL,2019-06-12,877.0,880.0,874.0,880.0,0.00 %,2301.0,172480.0,0.0,0.0,879.8,901.0,889.4328327980553,893.5462657626048,44.23760161039424,-4.1134329645494745,0.6803881239522684,16.989586334129335,901.0,16.85229954660685,934.7045990932137,867.2954009067863,302915.0
SWBBL,2019-06-13,897.0,897.0,875.0,880.0,0.00 %,3987.0,11440.0,0.0,0.0,877.8,899.55,887.9816277522006,892.5428386690785,44.237601610013726,-4.56121091687794,-0.3679316842137733,17.34747302454867,899.55,17.36746807617598,934.284936152352,864.8150638476479,302915.0
SWBBL,2019-06-16,875.0,880.0,870.0,875.0,-0.57 %,10164.0,8879520.0,-0.005681818181818232,-0.005698021114637779,876.8,897.35,885.9844542518621,891.2433691380356,42.27938456540127,-5.258914886173557,-1.34612832460573,16.822653522795196,897.35,17.55974763060917,932.4694952612184,862.2305047387816,292751.0
SWBBL,2019-06-17,875.0,877.0,865.0,874.0,-0.11 %,2298.0,2001427.0,-0.0011428571428571122,-0.0011435107020789379,877.8,894.45,884.1406920592678,889.9660825352182,41.88009169427204,-5.825390475950371,-2.2419807548746586,16.478178271166968,894.45,16.27873976785804,927.0074795357161,861.892520464284,290453.0
SWBBL,2019-06-18,880.0,891.0,874.0,880.0,0.69 %,7127.0,6236051.0,0.006864988558352492,0.006841531816716784,877.8,891.85,883.5036625116882,889.2278541992762,45.222801315671255,-5.724191687588018,-2.938422941417331,16.5154512517979,891.85,13.95207964155843,919.7541592831169,863.9458407168831,297580.0
SWBBL,2019-06-19,883.0,883.0,875.0,875.0,-0.57 %,4428.0,3888862.0,-0.005681818181818232,-0.005698021114637779,876.8,890.3,882.1954067406592,888.1739390734039,43.003185571604156,-5.978532332744635,-3.5464448196827916,15.907204733812335,890.3,14.01915982196752,918.3383196439349,862.261680356065,293152.0
SWBBL,2019-06-20,875.0,892.0,875.0,892.0,1.94 %,1299.0,1145766.0,0.01942857142857135,0.01924224622239487,879.2,889.95,883.7038057036348,888.4573509938925,51.685939186268804,-4.753545290257762,-3.787864913797786,15.985261538540026,889.95,13.877186883445798,917.7043737668916,862.1956262331084,294451.0
SWBBL,2019-06-23,884.0,884.0,876.0,876.0,-1.79 %,327.0,287202.0,-0.017937219730941756,-0.01810004164361799,879.4,888.05,882.5186048261526,887.5345842536042,44.77277803481879,-5.015979427451612,-4.0334878165285515,15.986314285787167,888.05,12.983694227687542,914.017388455375,862.0826115446249,294124.0
SWBBL,2019-06-24,874.0,897.0,874.0,897.0,2.40 %,1797.0,1593022.0,0.023972602739726012,0.023689771122404665,884.0,887.6,884.7465117759753,888.2357261607447,53.553687574018774,-3.4892143847694115,-3.9246331301767237,16.48729183680237,887.6,12.474816737739818,912.5496334754797,862.6503665245203,295921.0
SWBBL,2019-06-25,898.0,910.0,898.0,900.0,0.33 %,10108.0,9104157.0,0.0033444816053511683,0.0033389012655146303,888.0,887.55,887.0932022719791,889.1071538525413,54.66268052993357,-2.013951580562207,-3.5424968202538207,16.23819956274506,887.55,12.420166115008456,912.3903322300168,862.7096677699831,306029.0
SWBBL,2019-06-26,900.0,902.0,885.0,885.0,-1.67 %,1509.0,1356345.0,-0.01666666666666672,-0.01680711831638129,890.0,886.55,886.7711711532131,888.8029202338345,48.43544197173901,-2.0317490806213527,-3.240347272327327,16.292613879691842,886.55,11.72704925457145,910.0040985091429,863.095901490857,304520.0
SWBBL,2019-06-27,902.0,914.0,902.0,907.0,2.49 %,2645.0,2402691.0,0.024858757062146797,0.024554805107206992,893.0,886.85,889.8832986681034,890.1508520683653,56.298892012079214,-0.26755340026193153,-2.645788497914248,17.20028431685671,886.85,12.184005909741566,911.2180118194832,862.4819881805169,307165.0
SWBBL,2019-06-30,900.0,915.0,880.0,880.0,-2.98 %,2290.0,2031118.0,-0.029768467475192906,-0.03022054264288441,893.8,885.6,888.3627911807029,889.3989371003383,46.85513521122954,-1.0361459196354872,-2.323859982258496,18.471692579938374,885.6,11.486376370025718,908.5727527400514,862.6272472599486,304875.0
SWBBL,2019-07-01,875.0,885.0,875.0,876.0,-0.45 %,1623.0,1425596.0,-0.004545454545454519,-0.004555816535860691,889.6,883.8,886.4608233067486,888.4064232410541,45.63386131235962,-1.9455999343055055,-2.248207972667898,17.866571681371347,883.8,9.833348201438504,903.466696402877,864.1333035971229,303252.0
SWBBL,2019-07-02,875.0,895.0,875.0,888.0,1.37 %,452.0,402141.0,0.013698630136986356,0.013605652055778678,887.2,883.7,886.697619721095,888.3763178157908,49.85643309917843,-1.6786980946958465,-2.134305997073488,18.01895941841625,883.7,9.776986943472899,903.2539738869458,864.1460261130543,303704.0
SWBBL,2019-07-03,889.0,906.0,889.0,906.0,2.03 %,894.0,806530.0,0.020270270270270174,0.020067563050809173,891.4,884.5,889.6672166870803,889.6817757553619,55.44637781880385,-0.014559068281528198,-1.710356611315096,18.017605174243663,884.5,10.908712115031092,906.3174242300622,862.6825757699378,304598.0
SWBBL,2019-07-04,900.0,900.0,892.0,892.0,-1.55 %,1192.0,1066380.0,-0.015452538631346546,-0.01557317346296992,888.4,884.6,890.0261064275294,889.8534960697796,50.711199019633575,0.17261035774981792,-1.3337632175021132,17.7306333760834,884.6,10.970774573632797,906.5415491472656,862.6584508527344,303406.0
SWBBL,2019-07-07,883.0,885.0,883.0,885.0,-0.78 %,657.0,580780.0,-0.007847533632286963,-0.007878487572079828,889.4,884.85,889.2528592848325,889.4939778423885,48.48175671314923,-0.24111855755597844,-1.1152342855128863,17.107016706363158,884.85,10.91727264997481,906.6845452999496,863.0154547000504,302749.0
SWBBL,2019-07-08,880.0,884.0,876.0,884.0,-0.11 %,1902.0,1670222.0,-0.001129943502824804,-0.0011305823702860267,891.0,885.6,888.444727087166,889.0870165207301,48.15604765382422,-0.6422894335640876,-1.0206453151231265,16.527944084480076,885.6,10.266962857847084,906.1339257156942,865.0660742843058,300847.0
SWBBL,2019-07-09,884.0,884.0,876.0,876.0,-0.90 %,270.0,238240.0,-0.009049773755656076,-0.009090971701251963,888.6,885.4,886.5301536891404,888.117607889565,45.52128973425343,-1.5874542004245313,-1.1340070921834076,15.918805221302929,885.4,10.419617126423331,906.2392342528466,864.5607657471534,300577.0
SWBBL,2019-07-10,880.0,880.0,875.0,875.0,-0.11 %,5701.0,4994969.0,-0.0011415525114155667,-0.001142204578777052,882.4,885.15,884.7562838908111,887.1459332310786,45.18846760558032,-2.3896493402675105,-1.3851355418002282,15.138890562638435,885.15,10.614166303785392,906.3783326075708,863.9216673924292,294876.0
SWBBL,2019-07-11,880.0,880.0,875.0,875.0,0.00 %,3200.0,2801180.0,0.0,0.0,879.0,884.9,883.2553171383787,886.246234473221,45.18846760522452,-2.9909173348422655,-1.7062919004086359,14.414684093878549,884.9,10.79912277179048,906.4982455435809,863.3017544564191,294876.0
SWBBL,2019-07-14,885.0,885.0,877.0,877.0,0.23 %,3437.0,3019241.0,0.0022857142857142243,0.00228310601456855,877.4,885.0,882.2929606555512,885.5613282159453,46.10250834149925,-3.2683675603941538,-2.0187070324057395,14.099349515744366,885.0,10.711528467678528,906.4230569353571,863.5769430646429,298313.0
SWBBL,2019-07-15,875.0,880.0,875.0,875.0,-0.23 %,4690.0,4107820.0,-0.0022805017103763037,-0.0022831060145686323,875.6,885.05,881.1709667085433,884.7790076073568,45.28916741154233,-3.6080408988134423,-2.33657380568728,13.449395978905484,885.05,10.659687958708979,906.3693759174179,863.730624082582,293623.0
SWBBL,2019-07-16,877.0,880.0,875.0,875.0,0.00 %,6690.0,5858530.0,0.0,0.0,875.4,884.8,880.2215872149213,884.0546366734785,45.2891674111121,-3.833049458557184,-2.635868936261261,12.84586769469795,884.8,10.841440961140185,906.4828819222803,863.1171180777196,293623.0
SWBBL,2019-07-17,892.0,918.0,892.0,903.0,3.20 %,870.0,783900.0,0.03200000000000003,0.031498667059371016,881.0,886.2,883.7259584126257,885.4579969198876,57.47139290141813,-1.7320385072619047,-2.4551028504613894,14.999734287933812,886.2,11.307193798090099,908.8143875961803,863.5856124038198,294493.0
SWBBL,2019-07-18,903.0,909.0,902.0,903.0,0.00 %,2820.0,2546868.0,0.0,0.0,886.6,886.75,886.691195579914,886.7574045554516,57.47139290092594,-0.06620897553750638,-1.9773240754766128,14.42832469593854,886.75,11.858263829973142,910.4665276599463,863.0334723400537,294493.0
SWBBL,2019-07-21,908.0,908.0,900.0,900.0,-0.33 %,4439.0,4020820.0,-0.0033222591362126463,-0.003327790092674691,891.2,887.95,888.7387039522349,887.738337551344,55.92405711118678,1.0003664008909254,-1.3817859802031054,13.969158646228644,887.95,11.927301720188128,911.8046034403764,864.0953965596237,290054.0
SWBBL,2019-07-22,897.0,905.0,895.0,905.0,0.56 %,1069.0,959405.0,0.005555555555555536,0.005540180375615351,897.2,888.35,891.2404418057372,889.0169792142075,57.955816179256516,2.22346259152971,-0.6607362658565423,13.685647314355169,888.35,12.372614071245419,913.0952281424909,863.6047718575091,291123.0
SWBBL,2019-07-23,906.0,918.0,906.0,918.0,1.44 %,582.0,531034.0,0.01436464088397793,0.014262446920564371,905.8,889.25,895.3572969125469,891.1638696427847,62.76214307533201,4.193427269762196,0.3100964412672055,13.636672506186944,889.25,13.833121960226595,916.9162439204532,861.5837560795468,291705.0
SWBBL,2019-07-24,917.0,933.0,917.0,930.0,1.31 %,1780.0,1641179.0,0.013071895424836555,0.012987195526811112,911.2,891.5,900.6869435413859,894.0406200396154,66.5620236114721,6.646323501770439,1.5773418533678523,13.805481612887876,891.5,16.506776917954845,924.5135538359096,858.4864461640904,293485.0
SWBBL,2019-07-25,920.0,925.0,905.0,920.0,-1.08 %,5293.0,4851139.0,-0.010752688172043001,-0.010810916104215617,914.6,892.15,903.6581829965572,895.963537073718,60.97782765194588,7.694645922839186,2.8008026672621193,14.605090069110172,892.15,17.38200824228645,926.9140164845729,857.385983515427,288192.0
SWBBL,2019-07-28,902.0,903.0,880.0,880.0,-4.35 %,1155.0,1037320.0,-0.04347826086956519,-0.04445176257083381,910.6,892.15,900.0184625355483,894.7810528460352,44.79078580122284,5.237409689513129,3.2881240717123212,16.419012207030875,892.15,17.38200824228645,926.9140164845729,857.385983515427,287037.0
SWBBL,2019-07-29,897.0,897.0,885.0,890.0,1.14 %,1597.0,1417165.0,0.011363636363636465,0.011299555253933466,907.6,892.85,898.4771606070024,894.4269007833659,48.473364356796296,4.050259823636452,3.440551222097148,16.460511335100097,892.85,16.97451650371555,926.7990330074311,858.9009669925689,288634.0
SWBBL,2019-07-30,905.0,918.0,901.0,918.0,3.15 %,1902.0,1725632.0,0.03146067415730336,0.03097592789430493,907.6,894.35,901.4806743597712,896.1730562808943,57.101637475819246,5.307618078876885,3.8139645934530955,17.28476052545009,894.35,17.82746255251212,930.0049251050243,858.6950748949757,290536.0
SWBBL,2019-07-31,909.0,935.0,909.0,935.0,1.85 %,2445.0,2292015.0,0.0185185185185186,0.018349138668196617,908.6,895.8,906.6374936890372,899.0491261860133,61.33500196828452,7.58836750302396,4.568845175367269,17.907277630775084,895.8,19.885461497183154,935.5709229943662,856.0290770056337,292981.0
SWBBL,2019-08-01,937.0,949.0,918.0,936.0,0.11 %,4499.0,4209141.0,0.0010695187165774556,0.0010689471889049637,911.8,898.0,911.1548023522622,901.7862279500123,61.57521257639098,9.36857440224992,5.528791020743799,18.842472085719724,898.0,21.786040919725323,941.5720818394507,854.4279181605493,297480.0
SWBBL,2019-08-04,951.0,955.0,941.0,944.0,0.85 %,5446.0,5136541.0,0.008547008547008517,0.00851068966790861,924.6,900.95,916.2079096826833,904.9131740277892,63.527374716917514,11.294735654894112,6.681979947573861,18.853724079596887,900.95,23.83159115230608,948.6131823046122,853.2868176953879,302926.0
SWBBL,2019-08-05,954.0,988.0,935.0,935.0,-0.95 %,7699.0,7328750.0,-0.009533898305084776,-0.00957963685681372,933.6,903.5,919.099000500732,907.1418278035085,59.84386952936903,11.957172697223541,7.737018497503797,21.292743788197107,903.5,24.637369989683556,952.7747399793672,854.2252600206328,295227.0
SWBBL,2019-08-06,927.0,937.0,927.0,937.0,0.21 %,1507.0,1404999.0,0.002139037433155133,0.002136752949735242,937.4,906.55,921.8530004236964,909.3535442625079,60.39346032098962,12.499456161188505,8.68950603024074,20.486119231897316,906.55,24.828835104372672,956.2076702087453,856.8923297912546,296734.0
SWBBL,2019-08-07,930.0,950.0,930.0,950.0,1.39 %,2523.0,2378106.0,0.01387406616862319,0.013778702356164255,940.4,910.3,926.1833080508201,912.3643928356554,63.85619707584837,13.81891521516468,9.715387867225528,20.451396429618935,910.3,25.468453138573132,961.2369062771462,859.3630937228537,299257.0
SWBBL,2019-08-08,948.0,948.0,940.0,940.0,-1.05 %,583.0,551326.0,-0.010526315789473717,-0.010582109330536972,941.2,913.55,928.3089529660786,914.4114748478291,59.543691561953985,13.89747811824941,10.551805917430306,19.704868113217586,913.55,24.86696180642523,963.2839236128505,863.8160763871495,298674.0
SWBBL,2019-08-11,924.0,928.0,920.0,925.0,-1.60 %,942.0,869881.0,-0.015957446808510634,-0.01608613775162438,937.4,915.95,927.7998832789895,915.1958100442862,53.68676485527115,12.604073234703264,10.962259380884898,19.72594896227347,915.95,23.42844649718963,962.8068929943793,869.0931070056208,297732.0
SWBBL,2019-08-12,925.0,925.0,915.0,915.0,-1.08 %,449.0,413825.0,-0.010810810810810811,-0.010869672236903879,933.4,917.95,925.8306704668373,915.1813055965613,50.14549227734192,10.649364870276031,10.899680478763125,19.031238322111083,917.95,21.36518318760903,960.6803663752181,875.219633624782,297283.0
SWBBL,2019-08-13,925.0,925.0,910.0,910.0,-0.55 %,700.0,642527.0,-0.005464480874316946,-0.005479465764625596,928.0,919.7,923.3951827027084,914.7975051820011,48.42552131626978,8.597677520707293,10.439279887151958,18.74329272767458,919.7,18.960068843092916,957.6201376861859,881.7798623138142,296583.0
SWBBL,2019-08-14,910.0,925.0,906.0,925.0,1.65 %,825.0,757250.0,0.016483516483516425,0.01634913800152941,923.0,920.8,923.6420776715224,915.5532455388899,53.570559515475935,8.088832132632547,9.969190336248076,18.76162896141211,920.8,18.57445897797007,957.9489179559401,883.6510820440598,297408.0
SWBBL,2019-08-15,924.0,925.0,916.0,918.0,-0.76 %,1650.0,1524000.0,-0.007567567567567601,-0.007596346891934763,918.6,921.55,922.7740657220575,915.7344866100832,51.012998110591404,7.039579111974263,9.383268091393314,18.064369749882676,921.55,18.1150562562305,957.780112512461,885.319887487539,295758.0
SWBBL,2019-08-18,913.0,923.0,912.0,915.0,-0.33 %,2235.0,2047590.0,-0.0032679738562091387,-0.0032733253449691376,916.6,922.3,921.5780556109717,915.6800801945215,49.913174651898345,5.897975416450208,8.686209556404693,17.559771910605342,922.3,17.475095060597514,957.250190121195,887.3498098788049,293523.0
SWBBL,2019-08-19,912.0,933.0,912.0,919.0,0.44 %,1581.0,1457494.0,0.004371584699453646,0.004362057080165828,917.4,923.0,921.1814316708221,915.9260001801124,51.41717626930214,5.255431490709725,8.0000539432657,17.805502488419247,923.0,17.020111942487688,957.0402238849754,888.9597761150246,295104.0
SWBBL,2019-08-20,919.0,919.0,915.0,915.0,-0.44 %,161.0,147715.0,-0.0043525571273123065,-0.0043620570801657455,918.4,922.85,920.2304421830033,915.8574075741781,49.806545821602796,4.3730346088252645,7.274650076377613,16.819395167817873,922.85,17.079612346398076,957.0092246927961,888.6907753072039,294943.0
SWBBL,2019-08-21,916.0,923.0,914.0,923.0,0.87 %,3342.0,3066190.0,0.008743169398907069,0.008705169227330807,918.0,922.5,920.6565280010028,916.3864884946092,52.97899222866071,4.270039506393573,6.673727962380806,16.26086694154517,922.5,16.996903743052822,956.4938074861057,888.5061925138943,298285.0
SWBBL,2019-08-22,930.0,930.0,921.0,921.0,-0.22 %,2524.0,2328304.0,-0.0021668472372697867,-0.0021691982475453265,918.6,922.55,920.7093698470024,916.7282300876011,52.09255585407324,3.9811397594013442,6.135210321784914,15.742233588577658,922.55,16.990632094064836,956.5312641881296,888.5687358118703,295761.0
SWBBL,2019-08-25,917.0,922.0,917.0,921.0,0.00 %,590.0,542830.0,0.0,0.0,919.8,924.6,920.7540821782329,917.0446574885195,52.09255585360391,3.709424689713387,5.650053195370608,14.97493118939354,924.6,13.751172199147142,952.1023443982943,897.0976556017057,295761.0
SWBBL,2019-08-26,921.0,924.0,918.0,918.0,-0.33 %,2250.0,2072650.0,-0.0032573289902280145,-0.0032626456348163824,919.6,926.0,920.3303772277354,917.1154236004811,50.61916002513561,3.2149536272543173,5.163033281747351,14.333864675865431,926.0,11.23902973935795,948.4780594787159,903.5219405212841,293511.0
SWBBL,2019-08-27,925.0,939.0,922.0,934.0,1.74 %,1159.0,1082456.0,0.017429193899782147,0.01727904760835217,923.4,926.8,922.4333961157762,918.3661329634085,57.52013303687347,4.067263152367673,4.9438792558714155,14.810017199017901,926.8,11.209018925474421,949.2180378509488,904.3819621490511,294670.0
SWBBL,2019-08-28,930.0,930.0,920.0,920.0,-1.50 %,950.0,944710.0,-0.01498929336188437,-0.01510276818575663,922.8,926.05,922.0590274825798,918.4871601513042,50.82686910435533,3.571867331275598,4.669476870952252,14.75215882765948,926.05,11.133047060467916,948.3160941209358,903.7839058790642,293720.0
SWBBL,2019-08-29,910.0,935.0,910.0,935.0,1.63 %,2526.0,2326100.0,0.016304347826086918,0.016172859245600968,925.6,926.0,924.0499463314138,919.7103334734298,56.647618896855846,4.33961285798398,4.603504068358598,15.48414748282666,926.0,11.088163438078501,948.176326876157,903.823673123843,296246.0
SWBBL,2019-09-01,920.0,925.0,919.0,925.0,-1.07 %,1187.0,1093721.0,-0.010695187165775444,-0.01075279177626185,926.4,925.05,924.1961084342731,920.1021606235461,52.210487939671616,4.093947810727059,4.50159281683229,15.520994091196185,925.05,10.246822357665021,945.54364471533,904.55635528467,295059.0
SWBBL,2019-09-02,919.0,920.0,912.0,912.0,-1.41 %,4428.0,4071742.0,-0.014054054054054022,-0.01415374743809377,925.2,923.9,922.3197840597695,919.5020005773574,47.050883524288764,2.8177834824120964,4.164830949948252,15.340923084682172,923.9,10.36136548652429,944.6227309730485,903.1772690269514,290631.0
SWBBL,2019-09-03,905.0,928.0,905.0,928.0,1.75 %,4499.0,4111961.0,0.01754385964912286,0.01739174271186924,924.0,923.45,923.1936634351896,920.1314820160717,53.183164210051956,3.0621814191179055,3.944301043782183,15.888000007204875,923.45,9.949742128796537,943.3494842575931,903.550515742407,295130.0
SWBBL,2019-09-04,928.0,940.0,926.0,926.0,-0.22 %,1067.0,994258.0,-0.0021551724137931494,-0.0021574981400212367,925.2,922.25,923.6254075220835,920.5661870519183,52.366744317009484,3.059220470165201,3.767284929058787,15.753142863833098,922.25,7.792540293063995,937.835080586128,906.664919413872,294063.0
SWBBL,2019-09-05,928.0,930.0,925.0,925.0,-0.11 %,909.0,841916.0,-0.001079913606911398,-0.0010804971337541407,923.2,921.5,923.8368832879169,920.894617640665,51.93743080646449,2.9422656472518156,3.602281072697393,14.985061230702163,921.5,6.6292811397280875,934.7585622794562,908.2414377205438,293154.0
SWBBL,2019-09-08,916.0,920.0,916.0,919.0,-0.65 %,2030.0,1866540.0,-0.006486486486486531,-0.006507615156738189,922.0,921.2,923.0927473974681,920.7542755932084,49.32455886666312,2.3384718042597115,3.349519219009857,14.55755685708058,921.2,6.598245381445433,934.396490762891,908.0035092371091,291124.0
SWBBL,2019-09-09,912.0,913.0,908.0,908.0,-1.20 %,351.0,319372.0,-0.01196953210010876,-0.012041743754393701,921.2,920.85,920.7707862593961,919.8095144381559,44.86799211981294,0.9612718212401887,2.8718697394559234,14.303445653003397,920.85,7.110222441414795,935.0704448828296,906.6295551171704,290773.0
SWBBL,2019-09-10,913.0,913.0,913.0,913.0,0.55 %,10.0,9130.0,0.005506607929515406,0.0054915019936751614,918.2,921.0,919.5752806810275,919.3051059612555,47.20310351172527,0.2701747197719442,2.3515307355191277,13.638913820646012,921.0,6.897749442892546,934.795498885785,907.204501114215,290783.0
SWBBL,2019-09-11,914.0,925.0,910.0,910.0,-0.33 %,3797.0,3464946.0,-0.003285870755750264,-0.003291281084072733,915.0,920.25,918.102160576254,918.6158388530143,45.94567201373877,-0.5136782767602881,1.7784889330632447,13.73613426202844,920.25,7.246596297796808,934.7431925955937,905.7568074044063,286986.0
SWBBL,2019-09-12,910.0,911.0,908.0,909.0,-0.11 %,4403.0,4005834.0,-0.001098901098901095,-0.0010995053334168876,911.8,919.8,916.7018281799074,917.9035544935318,45.510472347752774,-1.2017263136244765,1.1824458837257006,12.969267529026409,919.8,7.661249039850628,935.1224980797012,904.4775019202987,282583.0
SWBBL,2019-09-15,906.0,909.0,897.0,902.0,-0.77 %,5528.0,4983796.0,-0.007700770077007646,-0.007730574114855121,908.4,919.15,914.4400084599215,916.7255134199369,42.47738810461906,-2.2855049600153734,0.48885571497748587,12.900034134095952,919.15,8.58563672089879,936.3212734417975,901.9787265582024,277055.0
SWBBL,2019-09-16,895.0,900.0,889.0,900.0,-0.22 %,2231.0,1994196.0,-0.0022172949002217113,-0.002219756738312888,906.8,918.2,912.2184686968567,915.4865864999415,41.62383246932268,-3.268117803084806,-0.26253898863497255,12.9071745530891,918.2,9.594954815070718,937.3899096301415,899.0100903698586,274824.0
SWBBL,2019-09-17,900.0,918.0,900.0,918.0,2.00 %,1028.0,940434.0,0.020000000000000018,0.01980262729617973,907.8,918.35,913.1079350511864,915.6727652777236,51.13986438716361,-2.5648302265371967,-0.7229972362154174,13.270947799297023,918.35,9.565700789145497,937.4814015782911,899.218598421709,275852.0
SWBBL,2019-09-18,917.0,944.0,917.0,944.0,2.83 %,1670.0,1555900.0,0.028322440087146017,0.02792877552501027,914.6,919.4,917.8605604279269,917.7710789608552,61.02335383975736,0.08948146707166416,-0.5605014955580011,14.251594385061521,919.4,11.127963827937105,941.6559276558742,897.1440723441258,277522.0
SWBBL,2019-09-19,933.0,944.0,926.0,926.0,-1.91 %,225.0,209350.0,-0.01906779661016944,-0.019251931499321254,918.0,919.65,919.1127819005535,918.3806286674586,53.026287514696,0.7321532330948912,-0.30197054982742266,14.519337643271413,919.65,11.221572270365403,942.0931445407308,897.2068554592691,277297.0
SWBBL,2019-09-22,908.0,908.0,900.0,900.0,-2.81 %,503.0,453580.0,-0.02807775377969768,-0.028479471321868687,917.6,918.6,916.1723539158529,917.0191006180172,44.04709260467146,-0.846746702164296,-0.4109257802947973,15.339384954466313,918.6,12.041157489739984,942.68231497948,894.51768502052,276794.0
SWBBL,2019-09-23,905.0,905.0,905.0,905.0,0.56 %,300.0,271500.0,0.005555555555555536,0.005540180375615351,918.6,917.95,914.4535302364909,916.1287968685344,45.94284115413154,-1.675266632043531,-0.663793950644544,14.60085745771872,917.95,12.420166115004353,942.7903322300087,893.1096677699913,277094.0
SWBBL,2019-09-24,923.0,923.0,900.0,900.0,-0.55 %,645.0,582365.0,-0.0055248618784530246,-0.005540180375615356,915.0,916.25,912.2299102001077,914.9340711745689,44.32551881436436,-2.7041609744611605,-1.0718673554078673,15.20079621073881,916.25,12.434565575891666,941.1191311517833,891.3808688482167,276449.0
SWBBL,2019-09-26,900.0,905.0,893.0,893.0,-0.78 %,353.0,318959.0,-0.007777777777777772,-0.007808182447811699,904.8,914.9,909.2714624770142,913.3093251616378,42.09150472831407,-4.037862684623633,-1.6650664212510204,14.972167909971754,914.9,13.431698564377939,941.7633971287559,888.0366028712441,276096.0
SWBBL,2019-09-29,896.0,896.0,891.0,891.0,-0.22 %,1129.0,1009476.0,-0.002239641657334812,-0.002242153405689723,897.8,912.7,906.4604682497812,911.6567825570721,41.44872831888361,-5.196314307290891,-2.3713159984589947,14.259870202116629,912.7,13.568927351939587,939.8378547038792,885.5621452961209,274967.0
SWBBL,2019-09-30,900.0,905.0,894.0,900.0,1.01 %,1200.0,1261050.0,0.010101010101010166,0.010050335853501506,897.8,911.45,905.4665500575072,910.7933171824742,45.483255004136794,-5.3267671249669775,-2.9624062237605915,14.241308044822585,911.45,13.527651992477729,938.5053039849555,884.3946960150446,276167.0
SWBBL,2019-10-01,918.0,918.0,916.0,917.0,1.21 %,530.0,485970.0,0.018888888888888955,0.018712708932154164,900.2,911.7,907.2409269717369,911.2530714652539,52.18531964804885,-4.012144493516985,-3.17235387771187,14.509786041620973,911.7,13.584433816460532,938.8688676329211,884.531132367079,276697.0
SWBBL,2019-10-02,918.0,927.0,905.0,905.0,-1.31 %,818.0,748270.0,-0.013086150490730697,-0.013172528556538781,901.2,910.55,906.8961689760852,910.7898809863462,47.72522864078123,-3.8937120102610834,-3.316625504221713,15.044801324362332,910.55,13.096705090176815,936.7434101803536,884.3565898196463,275879.0
SWBBL,2019-10-03,923.0,938.0,921.0,921.0,1.77 %,5096.0,4718607.0,0.017679558011049812,0.01752509255538081,906.8,910.3,909.0659891336105,911.5461860984688,53.43921367496734,-2.480196964858237,-3.1493397963490177,16.32731551547931,910.3,12.831293982747637,935.9625879654952,884.6374120345047,280975.0
SWBBL,2019-10-10,925.0,925.0,925.0,925.0,0.43 %,50.0,46250.0,0.004343105320304019,0.004333701257118351,913.6,910.3,911.5173754207474,912.5427649059895,54.770267648778294,-1.0253894852421581,-2.724549734127646,15.44679297865936,910.3,12.831293982747637,935.9625879654952,884.6374120345047,281025.0
SWBBL,2019-10-14,925.0,925.0,915.0,915.0,-1.08 %,480.0,440160.0,-0.010810810810810811,-0.010869672236903879,916.6,910.1,912.0531638175555,912.7247823203606,50.856069189171926,-0.6716185028051314,-2.313963487863143,15.05773633732655,910.1,12.719235329883615,935.5384706597672,884.6615293402328,280545.0
SWBBL,2019-10-15,915.0,915.0,915.0,915.0,0.00 %,99.0,90585.0,0.0,0.0,916.2,910.45,912.5065232302393,912.8933169632969,50.85606918878053,-0.38679373305762965,-1.9285295369020405,13.982183741803224,910.45,12.754668908125597,935.9593378162513,884.9406621837488,280545.0
SWBBL,2019-10-16,908.0,908.0,900.0,900.0,-1.64 %,750.0,677626.0,-0.016393442622950838,-0.016529301951210582,915.2,909.8,910.5824427332793,911.9382564474971,45.23253278483115,-1.3558137142177884,-1.8139863723651901,14.054884903102995,909.8,12.947667947228853,935.6953358944577,883.9046641055422,279795.0
SWBBL,2019-10-17,910.0,915.0,895.0,915.0,1.67 %,580.0,522428.0,0.016666666666666607,0.016529301951210506,914.0,910.05,911.2620669281594,912.165052266201,51.06042604832425,-0.9029853380416171,-1.6317861655004757,14.47953598145278,910.05,12.999898785359497,936.049797570719,884.050202429281,280375.0
SWBBL,2019-10-20,907.0,918.0,907.0,918.0,0.33 %,330.0,300770.0,0.003278688524590123,0.0032733253449691085,912.6,910.5,912.2986720161348,912.5972706168527,52.15696072907912,-0.29859860071792355,-1.3651486525439653,14.230997697063298,910.5,13.116883455588242,936.7337669111765,884.2662330888235,280705.0
SWBBL,2019-10-21,915.0,915.0,913.0,913.0,-0.54 %,170.0,155350.0,-0.005446623093681935,-0.005461510025522014,912.2,911.05,912.4065686290371,912.6271024230118,50.14052449205699,-0.22053379397470962,-1.1362256808301143,13.571640718701635,911.05,12.971527524710606,936.9930550494212,885.1069449505787,280535.0
SWBBL,2019-10-22,914.0,920.0,910.0,910.0,-0.33 %,1026.0,940155.0,-0.003285870755750264,-0.003291281084072733,911.2,911.55,912.036327301493,912.4325022435295,48.91849623258524,-0.3961749420365095,-0.9882155330713934,13.31652352450866,911.55,12.713337381543635,936.9766747630872,886.1233252369127,279509.0
SWBBL,2019-10-23,910.0,911.0,910.0,911.0,0.11 %,1241.0,1130051.0,0.001098901098901095,0.001098297749062592,913.4,911.2,911.8768923320325,912.3263909662311,49.36152954612318,-0.4494986341985623,-0.8804721532968273,12.436771844186614,911.2,12.62245284396058,936.4449056879212,885.9550943120789,280750.0
SWBBL,2019-10-24,911.0,912.0,906.0,906.0,-0.55 %,1891.0,1719309.0,-0.005488474204171201,-0.005503591216978952,911.6,909.3,910.9727550501814,911.8577694131769,47.1591441764455,-0.8850143629955483,-0.8813805952365715,11.977002426744713,909.3,10.016302501323265,929.3326050026465,889.2673949973534,278859.0
SWBBL,2019-10-31,903.0,906.0,901.0,906.0,0.00 %,72.0,64992.0,0.0,0.0,909.2,908.3,910.2077158116919,911.4238605677564,47.1591441759923,-1.2161447560645229,-0.9483334274021619,11.478645110548664,908.3,9.228673851706745,926.7573477034134,889.8426522965865,278859.0
SWBBL,2019-11-03,902.0,906.0,900.0,900.0,-0.66 %,1565.0,1411340.0,-0.0066225165562914245,-0.006644542718668613,906.6,908.3,908.6372979945085,910.5776486738484,44.40200972291021,-1.9403506793399856,-1.1467368777897267,11.087313316938046,908.3,9.228673851706745,926.7573477034134,889.8426522965865,277294.0
SWBBL,2019-11-04,903.0,915.0,902.0,910.0,1.11 %,2099.0,1902254.0,0.011111111111111072,0.011049836186584935,906.6,908.55,908.8469444568917,910.534859883193,49.68217287118042,-1.6879154263012879,-1.254972587492039,11.366790937156757,908.55,9.2022594484133,926.9545188968266,890.1454811031733,279393.0
SWBBL,2019-11-05,902.0,912.0,902.0,909.0,-0.11 %,342.0,310974.0,-0.001098901098901095,-0.0010995053334168876,906.2,909.0,908.8704914635239,910.4211665585121,49.17918872958543,-1.5506750949882644,-1.314113088991284,11.269163013074131,909.0,8.979508837119678,926.9590176742394,891.0409823257606,279051.0
SWBBL,2019-11-06,905.0,929.0,905.0,929.0,2.20 %,3234.0,2967377.0,0.022002200220021972,0.021763644636359655,910.8,910.8,911.967338930674,911.7973764430668,58.27712028558688,0.1699624876072221,-1.0172979736715828,12.178508512140263,910.8,9.208691547040575,929.2173830940811,892.3826169059188,282285.0
SWBBL,2019-11-07,922.0,932.0,922.0,930.0,0.11 %,1820.0,1687285.0,0.0010764262648008671,0.00107584733346311,915.6,912.75,914.7415944798012,913.1457189287656,58.67546924739081,1.5958755510355331,-0.49466326873015964,12.022900761273101,912.75,8.919965778085407,930.5899315561708,894.9100684438292,284105.0
SWBBL,2019-11-10,940.0,940.0,925.0,925.0,-0.54 %,4379.0,4081250.0,-0.005376344086021501,-0.005390848634876423,920.6,914.0,916.319810713678,914.0238138229311,55.80648118211863,2.295996890746892,0.06346876316525063,12.23555070689645,914.0,8.78994641071625,931.5798928214325,896.4201071785675,279726.0
SWBBL,2019-11-11,927.0,949.0,925.0,949.0,2.59 %,4342.0,4050223.0,0.025945945945945903,0.02561506109750263,928.4,915.6,921.3475321423429,916.6146424286399,64.7229083120358,4.732889713703003,0.997352953272801,13.075868513546704,915.6,11.771508869348633,939.1430177386973,892.0569822613028,284068.0
SWBBL,2019-11-12,944.0,944.0,934.0,935.0,-1.48 %,545.0,512460.0,-0.01475237091675452,-0.014862269321240908,933.6,917.1,923.4479118127517,917.9765207672591,57.44233105236547,5.471391045492624,1.8921605717167655,13.213306476864796,917.1,12.251315719163506,941.6026314383271,892.597368561673,283523.0
SWBBL,2019-11-13,935.0,935.0,934.0,934.0,-0.11 %,425.0,397250.0,-0.0010695187165775666,-0.0010700910598444044,934.6,917.75,925.0713099954054,919.1634451548696,56.949549173124446,5.907864840535808,2.695301425480574,12.340927442803025,917.75,12.801624074932215,943.3532481498644,892.1467518501356,283098.0
SWBBL,2019-11-17,932.0,935.0,930.0,934.0,0.97 %,2854.0,2663534.0,0.0,0.0,935.4,918.2,926.4449546114969,920.2624492174718,56.94954917259831,6.182505394025043,3.3927422191894676,11.81657548260281,918.2,13.221195105152724,944.6423902103055,891.7576097896946,283098.0
SWBBL,2019-11-18,934.0,934.0,929.0,929.0,-0.54 %,512.0,478148.0,-0.005353319057815886,-0.005367699415004144,936.2,918.9,926.8380385174204,920.9096752013628,54.25076644040568,5.928363316057585,3.899866438563091,11.329677233845468,918.9,13.412091952220882,945.7241839044417,892.0758160955583,282586.0
SWBBL,2019-11-19,935.0,935.0,928.0,935.0,0.65 %,937.0,875386.0,0.006458557588805203,0.006437790474848517,933.4,919.9,928.0937248993557,921.9534029642248,56.89082335610632,6.140321935130942,4.3479575378766615,11.020414574285077,919.9,13.844626546752203,947.5892530935043,892.2107469064956,283523.0
SWBBL,2019-11-20,935.0,935.0,921.0,921.0,-1.50 %,919.0,850544.0,-0.0149732620320856,-0.015086493033380192,930.6,920.95,927.0023826071472,921.8827805224303,49.68597633491122,5.119602084716917,4.502286447244712,11.233242104693286,920.95,13.028208262643881,947.0064165252878,894.8935834747123,282604.0
SWBBL,2019-11-21,903.0,926.0,921.0,925.0,0.43 %,268.0,247734.0,0.004343105320304019,0.004333701257118351,928.8,921.45,926.6943237445091,922.1136856689169,51.57303932367924,4.580638075592219,4.517956772914213,10.788010525786623,921.45,12.97963992721231,947.4092798544247,895.4907201455754,282872.0
SWBBL,2019-11-24,943.0,943.0,913.0,913.0,-1.30 %,2100.0,1942850.0,-0.012972972972972951,-0.013057856917456704,924.6,921.2,924.5875047068923,921.4385978415896,45.999210086868686,3.148906865302706,4.244146791391912,12.160295488230435,921.2,13.097207416612479,947.394414833225,895.0055851667751,280772.0
SWBBL,2019-11-25,895.0,930.0,901.0,920.0,0.77 %,3196.0,2896778.0,0.00766703176341732,0.00763778944811754,922.8,921.55,923.8817347519858,921.3320350385089,49.43245125931453,2.5496997134769117,3.9052573758089117,13.363131524785404,921.55,12.95934939920249,947.468698798405,895.631301201595,283968.0
SWBBL,2019-11-26,920.0,920.0,913.0,915.0,-0.54 %,282.0,258215.0,-0.005434782608695676,-0.005449604767564703,918.8,921.8,922.5153140209111,920.8629954060268,47.127634066954094,1.6523186148842797,3.4546696236239858,12.908622130157875,921.8,12.77167919586881,947.3433583917375,896.2566416082624,283686.0
SWBBL,2019-11-27,933.0,935.0,930.0,933.0,1.97 %,1622.0,1514313.0,0.01967213114754096,0.01948113557182249,921.2,922.9,924.1283426330787,921.7620327833581,55.22189550301351,2.366309849720551,3.236997668843299,13.415149120860885,922.9,12.739908287205033,948.37981657441,897.4201834255899,285308.0
SWBBL,2019-11-28,932.0,932.0,925.0,926.0,-0.75 %,5273.0,4883227.0,-0.007502679528403,-0.007530966201164441,921.4,923.9,924.4162899202973,922.0759562808871,51.89467561832951,2.3403336394102325,3.057664862956686,13.028352755085107,923.9,12.113063848505531,948.126127697011,899.6738723029889,280035.0
SWBBL,2019-12-01,926.0,937.0,920.0,927.0,0.11 %,567.0,524849.0,0.001079913606911509,0.0010793309196758319,924.2,924.95,924.8137837787132,922.4407002600806,52.3364930323909,2.3730835186325976,2.9207485940918683,13.312041844007599,924.95,11.366965063082455,947.6839301261649,902.2160698738352,280602.0
SWBBL,2019-12-02,925.0,925.0,915.0,920.0,-0.76 %,2140.0,1967913.0,-0.007551240560949246,-0.007579895522769107,924.2,925.95,924.0732016589111,922.2599076482228,48.947556597110676,1.8132940106883098,2.6992576774111567,13.218324569435628,925.95,9.832679134186199,945.6153582683725,906.2846417316276,278462.0
SWBBL,2019-12-03,938.0,938.0,930.0,930.0,1.09 %,2535.0,2366255.0,0.010869565217391353,0.010810916104215676,927.2,926.95,924.9850167883094,922.8332478224286,53.57263872804211,2.1517689658808195,2.5897599351050897,13.559872814475941,926.95,9.116064479117997,945.182128958236,908.717871041764,280997.0
SWBBL,2019-12-04,939.0,955.0,937.0,940.0,1.08 %,3514.0,3313261.0,0.010752688172043001,0.01069528911674795,928.6,928.5,927.2950142054926,924.1048590948412,57.6996145522988,3.1901551106514034,2.709838970214353,14.37702475629909,928.5,8.519327871194195,945.5386557423884,911.4613442576116,284511.0
SWBBL,2019-12-05,950.0,985.0,950.0,985.0,4.79 %,13104.0,12661217.0,0.0478723404255319,0.046761765908039286,940.4,931.3,936.1727043277245,928.6156102730012,70.43542857866876,7.557094054723393,3.679289987116161,16.564380130849155,931.3,15.242254288587073,961.784508577174,900.8154914228259,297615.0
SWBBL,2019-12-08,985.0,990.0,967.0,990.0,0.51 %,2576.0,2528364.0,0.0050761421319796,0.0050633019565466345,953.0,934.3,944.4538267388439,933.1626021046308,71.4635045169571,11.291224634213108,5.2016769165355505,17.024067264359932,934.3,20.10263140691172,974.5052628138234,894.0947371861765,300191.0
SWBBL,2019-12-09,995.0,1025.0,995.0,1020.0,3.03 %,16497.0,16709702.0,0.030303030303030276,0.02985296314968113,973.0,939.05,956.0763149328678,939.5950019487321,76.69906212858035,16.481312984135684,7.457604130055577,18.308062459762795,939.05,27.610972266150647,994.2719445323013,883.8280554676986,316688.0
SWBBL,2019-12-10,1020.0,1025.0,1003.0,1021.0,0.10 %,10441.0,10624363.0,0.0009803921568627416,0.000979911886348787,991.2,942.65,966.0645741739651,945.6250018043816,76.85151942813927,20.439572369583516,10.053997777961165,18.571772284065453,942.65,33.12063278075948,1008.8912655615189,876.408734438481,327129.0
SWBBL,2019-12-11,1001.0,1079.0,1021.0,1066.0,4.41 %,10166.0,10702245.0,0.044074436826640584,0.043130786561124325,1016.4,949.2,981.4392550702781,954.5416683373903,82.42442380606413,26.897586732887817,13.422715568946497,21.388074263775064,949.2,43.00624189712106,1035.2124837942422,863.1875162057579,337295.0
SWBBL,2019-12-12,1087.0,1087.0,1052.0,1060.0,-0.56 %,9272.0,9894557.0,-0.0056285178236398226,-0.00564441761967707,1031.4,955.5,993.5255235210046,962.3533966086947,79.67032749271948,31.172126912309977,16.972597837619194,22.360354673505416,955.5,49.4139336838677,1054.3278673677355,856.6721326322646,328023.0
SWBBL,2019-12-15,1070.0,1070.0,1051.0,1053.0,-0.66 %,12541.0,19316784.0,-0.006603773584905714,-0.00662567497213738,1044.0,961.45,1002.6754429793116,969.0679598228654,76.4604282298514,33.607483156446165,20.299574901384588,22.1203293396836,961.45,53.67002005440258,1068.7900401088052,854.1099598911949,315482.0
SWBBL,2019-12-16,1050.0,1057.0,1030.0,1031.0,-1.06 %,22561.0,23495432.0,-0.02089268755935425,-0.021114028117015602,1046.2,966.55,1007.0330671363406,973.6555183545049,67.2850736417891,33.377548781835685,22.915169677474807,22.468877243991912,966.55,55.2472671389651,1077.04453427793,856.0554657220698,292921.0
SWBBL,2019-12-17,814.0,843.0,814.0,820.0,0.21 %,4351.0,3582159.0,-0.20465567410281282,-0.22898014375866116,1006.0,960.8,978.2587491153652,962.2736281060231,30.04529613545934,15.985121009342038,21.529159943848256,36.36395744084963,960.8,63.99555905651396,1088.7911181130278,832.808881886972,288570.0
SWBBL,2019-12-18,815.0,822.0,809.0,809.0,-1.34 %,970.0,787850.0,-0.013414634146341475,-0.01350542319980712,954.6,955.2,952.2189415591552,950.9200260240955,29.139833922271123,1.2989155350596775,17.48311106209054,34.695103337931805,955.2,72.05451152833777,1099.3090230566756,811.0909769433244,287600.0
SWBBL,2019-12-19,808.0,820.0,808.0,809.0,0.00 %,1848.0,1498317.0,0.0,0.0,904.4,949.4,930.185258242362,940.4074315037922,29.139833922185147,-10.222173261430157,11.942054197386401,33.07402452807953,949.4,78.95195074426101,1107.3039014885221,791.496098511478,287600.0
SWBBL,2019-12-22,818.0,818.0,802.0,816.0,0.87 %,181.0,145676.0,0.008652657601977642,0.008615437905615213,857.0,944.55,912.6182954358447,931.192066207215,30.681595163913926,-18.573770771370278,5.838889203635066,31.854451347502426,944.55,84.11613212826043,1112.7822642565209,776.317735743479,287781.0
SWBBL,2019-12-23,828.0,828.0,820.0,825.0,1.10 %,1839.0,1518022.0,0.011029411764705843,0.010969031370573937,815.8,939.8,899.138557676484,923.3259872289028,32.70882152478137,-24.18742955241885,-0.16637454757571746,30.436276251252256,939.8,88.16049956879203,1116.120999137584,763.4790008624159,289620.0
SWBBL,2019-12-24,822.0,825.0,814.0,825.0,0.00 %,1021.0,835134.0,0.0,0.0,816.8,935.3,887.7326257262556,916.0425807675026,32.70882152466692,-28.309955041247008,-5.795090646309975,29.047970804734238,935.3,91.71816097502197,1118.736321950044,751.863678049956,289620.0
SWBBL,2019-12-25,820.0,822.0,815.0,822.0,-0.36 %,1921.0,1577513.0,-0.0036363636363636598,-0.003642991278501092,819.4,929.75,877.6199140760624,909.0764636736136,32.343155853534356,-31.456549597551202,-10.927382436558222,27.687401461538936,929.75,95.15852424691434,1120.0670484938287,739.4329515061713,287699.0
SWBBL,2019-12-26,822.0,822.0,820.0,822.0,0.00 %,534.0,438354.0,0.0,0.0,822.0,924.55,869.0630042182066,902.626355253346,32.343155853404554,-33.56335103513936,-15.45457615627445,25.852587071429014,924.55,98.16820956108728,1120.8864191221746,728.2135808778254,287699.0
SWBBL,2019-12-29,820.0,822.0,815.0,815.0,-0.85 %,1612.0,1319138.0,-0.008515815085158196,-0.008552281815317253,821.8,918.95,860.7456189538672,896.1355141234685,31.393417362961287,-35.389895169601346,-19.44163995893983,24.505973709184087,918.95,101.16972451234236,1121.2894490246847,716.6105509753154,286087.0
SWBBL,2019-12-30,815.0,825.0,813.0,820.0,0.61 %,1761.0,1447568.0,0.006134969325153339,0.006116227017436054,820.8,913.95,854.4770621917338,890.495846410619,32.90887352211564,-36.01878421888523,-22.757068810928914,23.612689872813796,913.95,103.55800561194829,1121.0660112238966,706.8339887761035,287848.0
SWBBL,2019-12-31,826.0,838.0,825.0,838.0,2.20 %,6509.0,5412147.0,0.02195121951219514,0.02171376022378426,823.4,909.35,851.9421295468517,886.6072651950176,38.201179668273355,-34.665135648165915,-25.138682178376314,23.211783453327097,909.35,104.84287742797294,1119.035754855946,699.6642451440541,294357.0
SWBBL,2020-01-01,845.0,860.0,842.0,854.0,1.91 %,3543.0,3009766.0,0.019093078758949833,0.018913093306486776,829.8,905.05,852.2587250011821,884.1919122176089,42.54005565278923,-31.933187216426745,-26.4975831859864,23.125227492375164,905.05,105.2823147042381,1115.614629408476,694.4853705915237,297900.0
SWBBL,2020-01-02,865.0,871.0,860.0,862.0,0.94 %,4195.0,3636213.0,0.00936768149882905,0.009324076875123244,837.8,898.9,853.7573826933079,882.5480668681564,44.633209215121944,-28.79068417484848,-26.95620338375882,22.687711242919796,898.9,103.95034239587233,1106.8006847917445,690.9993152082553,302095.0
SWBBL,2020-01-05,879.0,893.0,870.0,889.0,3.13 %,4052.0,3572783.0,0.03132250580046403,0.030841964850211474,852.6,893.85,859.1793238174143,883.0259878408856,51.10676801404491,-23.84666402347125,-26.334295511701306,23.28144615413981,893.85,101.72112289054738,1097.2922457810948,690.4077542189052,306147.0
SWBBL,2020-01-06,906.0,906.0,883.0,899.0,1.12 %,8077.0,7315677.0,0.011248593925759387,0.011185798957715801,868.4,887.8,865.3055816916583,884.20924800082,53.285320552736906,-18.903666309161736,-24.848169671193396,23.26134285741554,887.8,97.32668806927991,1082.4533761385599,693.1466238614402,314224.0
SWBBL,2020-01-07,890.0,915.0,890.0,914.0,1.67 %,6603.0,5971346.0,0.016685205784204626,0.01654753698252969,883.6,882.45,872.7970306621725,886.4159703711297,56.4219487302232,-13.618939708957214,-22.60232367874616,23.385532653314428,882.45,92.43744684356001,1067.32489368712,697.57510631288,320827.0
SWBBL,2020-01-08,910.0,924.0,890.0,909.0,-0.55 %,7284.0,6600002.0,-0.005470459518599591,-0.005485477276671203,894.6,874.6,878.3667182526074,888.0888614547497,55.09401166850362,-9.72214320214232,-20.02628758342539,24.143708892363396,874.6,82.12019432391834,1038.8403886478368,710.3596113521634,313543.0
SWBBL,2020-01-09,912.0,956.0,912.0,939.0,3.30 %,2730.0,2533656.0,0.03300330033003296,0.03247038503078403,910.0,868.55,887.6949154445139,891.860056902546,61.02173407770309,-4.165141458032167,-16.854058358346744,25.77630111433744,868.55,71.51479420009778,1011.5795884001955,725.5204115998044,316273.0
SWBBL,2020-01-12,957.0,1000.0,955.0,998.0,6.28 %,7122.0,7242117.0,0.06283280085197007,0.060937797103200964,931.8,865.8,904.6649284530502,899.7222749097648,69.53812625961686,4.94265354328536,-12.494715978020325,28.29227960617048,865.8,64.79002522325267,995.3800504465053,736.2199495534946,323395.0
SWBBL,2020-01-13,1014.0,1034.0,980.0,981.0,-1.41 %,13904.0,13870890.0,-0.017034068136272507,-0.017180816746100853,948.2,863.3,916.4087856141193,905.7428471386711,65.12294284892343,10.665938475448229,-7.8625850873266145,30.128545348586876,863.3,58.764561465386585,980.8291229307731,745.7708770692268,309491.0
SWBBL,2020-01-14,963.0,994.0,963.0,979.0,-0.20 %,13184.0,12933468.0,-0.0020387359836900876,-0.002040817034852676,961.2,871.25,926.0382032119471,911.1693029061769,64.60325101063432,14.86890030577024,-3.3162880087072435,30.1907921094021,871.25,63.187169750363715,997.6243395007274,744.8756604992726,296307.0
SWBBL,2020-01-15,998.0,1014.0,982.0,1000.0,2.15 %,6592.0,6546580.0,0.021450459652706755,0.021223636451626584,979.4,880.8,937.4169411793398,917.7493545427565,67.53298520344383,19.667586636583337,1.2804869203508726,30.53430695873052,880.8,67.56564059847508,1015.9312811969501,745.6687188030498,302899.0
SWBBL,2020-01-16,1014.0,1049.0,1011.0,1039.0,3.90 %,11148.0,11433784.0,0.038999999999999924,0.03825871211709027,999.4,892.3,953.045104074826,926.7308838358856,72.14415556475141,26.31422023894038,6.287233584068774,31.853285033106914,892.3,73.97161617815706,1040.2432323563141,744.3567676436858,314047.0
SWBBL,2020-01-19,1058.0,1098.0,1039.0,1061.0,2.12 %,9969.0,10922399.0,0.02117420596727615,0.020953147514755667,1012.0,904.55,969.6535496017759,936.6767442924867,74.35666941031589,32.97680530928926,11.625147929112872,33.79233610217071,904.55,80.6555215586837,1065.8610431173674,743.2389568826326,324016.0
SWBBL,2020-01-20,1060.0,1070.0,1032.0,1050.0,-2.78 %,5866.0,6171981.0,-0.010367577756833168,-0.010421695462414072,1025.8,915.8,982.0145419707335,945.0710595300802,71.30697469109782,36.94348244065327,16.688814831420952,34.09288352344423,915.8,84.57236079556274,1084.9447215911255,746.6552784088744,318150.0
SWBBL,2020-01-21,1065.0,1065.0,1024.0,1050.0,0.00 %,4273.0,4444231.0,0.0,0.0,1040.0,927.05,992.4738432060053,952.8435736389631,71.30697469081149,39.630269567042205,21.277105778545206,34.58624898605536,927.05,86.79405448960968,1100.6381089792194,753.4618910207806,318150.0
SWBBL,2020-01-22,1020.0,1035.0,1017.0,1035.0,-0.19 %,2695.0,2761130.0,-0.014285714285714235,-0.014388737452099556,1047.0,937.7,999.0163288666199,958.9292348508917,66.96345088406663,40.08709401572821,25.039103425981807,34.472945487051405,937.7,86.29209880283325,1110.2841976056666,765.1158023943335,315455.0
SWBBL,2020-01-23,1035.0,1040.0,1009.0,1019.0,-1.55 %,2885.0,2937761.0,-0.01545893719806768,-0.015579672476744681,1043.0,947.55,1002.0907398102167,963.3789211582331,62.58430855786391,38.71181865198366,27.77364647118218,34.22487795226202,947.55,83.59140915320761,1114.732818306415,780.3671816935847,312570.0
SWBBL,2020-01-26,1015.0,1039.0,999.0,1003.0,-1.57 %,4876.0,5703993.0,-0.015701668302257166,-0.015826245260789334,1031.4,956.95,1002.2306259932602,966.3138158872529,58.46670494778516,35.91681010600735,29.402279198147212,34.63738666995759,956.95,78.30471855116286,1113.5594371023258,800.3405628976743,307694.0
SWBBL,2020-01-27,1001.0,1050.0,1001.0,1043.0,3.37 %,7685.0,7892425.0,0.039880358923230386,0.039105667038836986,1030.0,968.1,1008.5028373789124,971.9942739696786,64.71661800830974,36.50856340923383,30.823536040364537,35.66328762210348,968.1,73.50753631257966,1115.1150726251594,821.0849273748407,315379.0
SWBBL,2020-01-28,1055.0,1115.0,1055.0,1078.0,3.36 %,14408.0,15606782.0,0.033557046979865834,0.03300629646817008,1035.6,980.1,1019.1947085513875,979.8465499719247,69.09840464459073,39.34815857946285,32.5284605481842,38.258767077667514,980.1,70.68678131475446,1121.473562629509,838.7264373704911,329787.0
SWBBL,2020-01-29,1068.0,1128.0,1068.0,1123.0,4.17 %,38940.0,43080749.0,0.04174397031539878,0.040896203269500615,1053.2,993.55,1035.1647533896355,990.4505092332636,73.63239735956773,44.71424415637193,34.96561726982175,39.81171228640555,993.55,71.02147562539307,1135.592951250786,851.5070487492138,368727.0
SWBBL,2020-01-30,1139.0,1150.0,1110.0,1118.0,-0.45 %,12555.0,14185046.0,-0.0044523597506678225,-0.00446230102339868,1073.0,1006.35,1047.9086374835379,999.8986196604292,72.36196242667711,48.01001782310868,37.57449738047914,39.82516140880515,1006.35,69.1080580266787,1144.5661160533575,868.1338839466426,356172.0
SWBBL,2020-02-02,1120.0,1135.0,1106.0,1124.0,0.54 %,10419.0,11628947.0,0.005366726296958779,0.005352376738591839,1097.2,1018.1,1059.615000947609,1009.0913145003974,72.96477106469416,50.5236864472115,40.16433519382561,39.0519355938905,1018.1,68.07573182247934,1154.2514636449587,881.9485363550414,366591.0
SWBBL,2020-02-03,1117.0,1140.0,1110.0,1128.0,0.36 %,11528.0,12946365.0,0.003558718861210064,0.0035524016043679218,1114.2,1029.55,1070.135770032592,1017.8993652781458,73.38159033876151,52.23640475444631,42.578749105949754,38.40536876575547,1029.55,66.22249180649148,1161.9949836129829,897.105016387017,378119.0
SWBBL,2020-02-04,1132.0,1132.0,1107.0,1125.0,-0.27 %,9262.0,10327264.0,-0.0026595744680850686,-0.002663117419483662,1123.6,1040.1,1078.5764207968086,1025.8327456279128,72.47903037846463,52.743675168895834,44.61173431853897,37.44784242534436,1040.1,63.60064547841731,1167.3012909568345,912.8987090431652,368857.0
SWBBL,2020-02-05,1125.0,1141.0,1116.0,1141.0,1.42 %,15272.0,17219077.0,0.014222222222222136,0.014122035223555048,1127.2,1051.7,1088.1800483665304,1034.3636533591784,74.29492729549042,53.81639500735196,46.45266645630157,36.55871082353405,1051.7,59.45285615738985,1170.6057123147798,932.7942876852203,384129.0
SWBBL,2020-02-06,1163.0,1163.0,1109.0,1130.0,-0.96 %,17451.0,19652963.0,-0.009640666082383897,-0.00968743815568941,1129.6,1061.25,1094.6138870793718,1041.4478271844246,70.83450037975643,53.16605989494724,47.79534514403071,37.80451719328162,1061.25,55.61320838952311,1172.4764167790463,950.0235832209538,366678.0
SWBBL,2020-02-09,1115.0,1140.0,1115.0,1128.0,-0.18 %,10959.0,12356476.0,-0.001769911504424737,-0.0017714796483820044,1130.4,1067.75,1099.750212144084,1047.8590992448376,70.19433150352509,51.89111289924631,48.614498695073834,36.889908822332934,1067.75,55.42835584416186,1178.6067116883237,956.8932883116763,355719.0
SWBBL,2020-02-10,1122.0,1150.0,1122.0,1135.0,0.62 %,7423.0,8456030.0,0.00620567375886516,0.006186497857498755,1131.8,1075.45,1105.1732564296094,1054.313980782257,71.17620078268587,50.85927564735243,49.06345408552956,36.25491533502344,1075.45,53.40261673075835,1182.2552334615168,968.6447665384833,363142.0
SWBBL,2020-02-11,1154.0,1175.0,1146.0,1175.0,3.52 %,17219.0,20049438.0,0.03524229074889873,0.03463549666275634,1141.8,1085.25,1115.9158323635156,1063.253685909497,76.0345341832719,52.66214645401851,49.78319255922735,36.52242138252176,1085.25,52.75152779037361,1190.7530555807473,979.7469444192528,380361.0
SWBBL,2020-02-12,1185.0,1239.0,1185.0,1239.0,5.45 %,27543.0,33472587.0,0.05446808510638301,0.05303645505088314,1161.4,1097.2,1134.851858153744,1076.2719313976825,81.4283031750509,58.57992675606147,51.54253939859418,38.485105569484496,1097.2,59.11060106193083,1215.4212021238618,978.9787978761384,407904.0
SWBBL,2020-02-13,1260.0,1265.0,1226.0,1226.0,-1.05 %,18973.0,23637246.0,-0.01049233252623083,-0.010547765132985736,1180.6,1106.55,1148.874649207014,1087.3628994422986,77.60747017678926,61.51174976471543,53.53638147181844,38.521883743092744,1106.55,64.00696919298036,1234.5639383859607,978.5360616140392,388931.0
SWBBL,2020-02-16,1240.0,1268.0,1240.0,1264.0,3.10 %,9106.0,11437826.0,0.030995106035889064,0.030524458210646015,1207.8,1116.7,1166.5862416367042,1100.4471291132395,80.48937006470169,66.13911252346475,56.0569276821477,38.77032061858612,1116.7,72.00007309943334,1260.7001461988666,972.6998538011334,398037.0
SWBBL,2020-02-17,1278.0,1305.0,1260.0,1299.0,2.77 %,37001.0,47369581.0,0.027689873417721556,0.027313441963796842,1240.6,1129.15,1186.9575890772112,1115.1547491789254,82.69808214126506,71.80283989828581,59.206110125375325,39.215297717258544,1129.15,80.84440871860313,1290.8388174372064,967.4611825627939,435038.0
SWBBL,2020-02-18,1309.0,1314.0,1274.0,1288.0,-0.85 %,16122.0,20913796.0,-0.008468052347959998,-0.008504110006300643,1263.2,1141.05,1202.502575373025,1127.9581010915977,79.64637297839565,74.54447428142726,62.27378295658571,39.2713478803115,1141.05,85.93661985199813,1312.9232397039962,969.1767602960037,418916.0
SWBBL,2020-02-19,1265.0,1379.0,1265.0,1343.0,4.27 %,28408.0,37940103.0,0.04270186335403725,0.041815289858938634,1284.0,1156.45,1224.1175637771748,1143.8871306403682,83.02027874036081,80.2304331368066,65.86511299262989,44.60910874600354,1156.45,93.22043767333344,1342.890875346667,970.0091246533332,447324.0
SWBBL,2020-02-23,1437.0,1465.0,1373.0,1395.0,-0.99 %,13172.0,18768074.0,0.0387192851824274,0.03798849773222843,1317.8,1175.25,1250.407169349917,1162.4880839262669,85.4722473718833,87.91908542365013,70.27590747883394,50.137029549860436,1175.25,101.58111873876128,1378.4122374775225,972.0877625224774,460496.0
SWBBL,2020-02-25,1343.0,1443.0,1343.0,1420.0,3.80 %,18229.0,25572773.0,0.017921146953405076,0.017762456339840468,1349.0,1196.1,1276.4983740653145,1181.5630406724695,86.48287254251612,94.935333392845,75.20779266163615,53.69867029629897,1196.1,107.01544404040764,1410.130888080815,982.0691119191846,478725.0
SWBBL,2020-02-26,1447.0,1476.0,1415.0,1415.0,-0.35 %,15313.0,21976024.0,-0.0035211267605633756,-0.0035273405179684107,1372.2,1214.7,1297.8063165168044,1198.8546672893235,85.20620569792393,98.95164922748086,79.95656397480509,54.220193846563326,1214.7,111.24941158925307,1437.1988231785062,992.2011768214938,463412.0
SWBBL,2020-02-27,1415.0,1415.0,1370.0,1375.0,-2.83 %,25167.0,35016506.0,-0.028268551236749095,-0.02867579997666631,1389.6,1229.55,1309.6822678219114,1211.9024697123364,75.59230303588565,97.77979810957504,83.52121080175908,53.561608571808804,1229.55,111.86245078105728,1453.2749015621146,1005.8250984378853,438245.0
SWBBL,2020-03-02,1331.0,1343.0,1274.0,1274.0,-4.78 %,10197.0,13405547.0,-0.07345454545454544,-0.076292173968563,1375.8,1237.1,1304.1926881570018,1216.5022867706818,57.84474918570499,87.69040138631999,84.35504891867127,56.95006510239389,1237.1,109.3602929962156,1455.820585992431,1018.3794140075687,428048.0
SWBBL,2020-06-29,1148.0,1148.0,1054.0,1054.0,-9.99 %,7712.0,8207714.0,-0.17268445839874413,-0.18956910703080104,1307.6,1233.9,1265.701505363617,1204.465080343224,37.301375597978534,61.23642502039297,79.73132413901561,68.59648902365147,1233.9,113.87199646513174,1461.6439929302635,1006.1560070697366,420336.0
SWBBL,2020-06-30,1069.0,1110.0,1060.0,1109.0,5.22 %,5613.0,6041110.0,0.052182163187855846,0.05086625824905945,1245.4,1233.15,1241.5935814615218,1197.3935929103925,42.77319797183687,44.19998855112931,72.62505702143835,67.69673980767637,1233.15,114.6804599517479,1462.510919903496,1003.7890800965042,425949.0
SWBBL,2020-07-01,1111.0,1195.0,1111.0,1195.0,7.75 %,2624.0,2996266.0,0.07754733994589724,0.07468747701524404,1201.4,1236.5,1234.4253381597491,1197.2162897318449,50.10559939624131,37.209048427904236,65.54185530273153,69.00411553569948,1236.5,112.40317470702563,1461.3063494140513,1011.6936505859487,428573.0
SWBBL,2020-07-02,1215.0,1218.0,1152.0,1152.0,-3.60 %,810.0,976220.0,-0.035983263598326376,-0.03664662310977451,1156.8,1237.85,1221.744516904403,1193.8669349368934,46.87180000043982,27.87758196750974,58.00900063568718,68.78953585457809,1237.85,111.14867946753131,1460.1473589350626,1015.5526410649372,427763.0
SWBBL,2020-07-05,1150.0,1150.0,1083.0,1087.0,-5.64 %,4741.0,5289256.0,-0.05642361111111116,-0.05807795413462716,1119.4,1235.15,1201.0145912268026,1185.9508656823086,42.415439003611134,15.063725544493991,49.41994561744855,68.80456900782251,1235.15,114.2381054501943,1463.6262109003887,1006.6737890996114,423022.0
SWBBL,2020-07-06,1108.0,1119.0,1098.0,1110.0,2.12 %,6156.0,6799366.0,0.021159153633854677,0.020938407185170406,1130.6,1234.15,1187.0123464226792,1180.324875631767,44.42878219115416,6.68747079091213,40.873450652141265,66.17567122154948,1234.15,115.2896923315452,1464.7293846630905,1003.5706153369097,429178.0
SWBBL,2020-07-07,1132.0,1180.0,1132.0,1150.0,3.60 %,7604.0,8849491.0,0.03603603603603611,0.035401927050916,1138.8,1235.25,1181.3181392807287,1178.0785885479324,47.84410671053368,3.2395507327962605,33.34667066827227,66.44883756286737,1235.25,114.32450352077093,1463.8990070415418,1006.6009929584582,436782.0
SWBBL,2020-07-08,1130.0,1165.0,1128.0,1150.0,0.00 %,5950.0,6799517.0,0.0,0.0,1129.8,1236.0,1176.4999640067704,1175.9986930999376,47.84410671045452,0.5012709068328149,26.777590715984378,64.3453491655197,1236.0,113.67960516990966,1463.3592103398194,1008.6407896601806,436782.0
SWBBL,2020-07-09,1130.0,1168.0,1127.0,1132.0,-1.57 %,6635.0,7572302.0,-0.01565217391304352,-0.01577596259416755,1125.8,1233.85,1169.6538156980364,1172.7395306480903,46.35720856723897,-3.085714950053898,20.804929582776722,62.67782422512545,1233.85,115.28923581473013,1464.42847162946,1003.2715283705396,430147.0
SWBBL,2020-07-12,1154.0,1176.0,1140.0,1170.0,3.36 %,6116.0,7140437.0,0.03356890459363959,0.03301776902867357,1142.4,1230.4,1169.7070748214155,1172.5366024519356,49.89726341699387,-2.829527630520033,16.07803814011737,61.343693923330775,1230.4,116.15615623627778,1462.7123124725556,998.0876875274446,436263.0
SWBBL,2020-07-13,1192.0,1210.0,1171.0,1210.0,3.42 %,13990.0,16601594.0,0.03418803418803429,0.033616610798985064,1162.4,1229.6,1175.9059863873515,1175.3116689369774,53.38456450795095,0.594317450374092,12.981294002168717,59.819144357378576,1229.6,116.24312090572226,1462.0862418114443,997.1137581885554,450253.0
SWBBL,2020-07-14,1220.0,1244.0,1205.0,1242.0,2.64 %,6043.0,7443249.0,0.026446280991735627,0.02610262390263739,1180.8,1228.5,1186.074296173913,1180.251545312016,56.02174962438761,5.822750861896793,11.549585374114333,58.332062617565825,1228.5,116.00431026478125,1460.5086205295624,996.4913794704376,456296.0
SWBBL,2020-07-15,1250.0,1250.0,1216.0,1233.0,-0.72 %,3641.0,4484656.0,-0.007246376811594235,-0.007272759329079809,1197.4,1225.2,1193.2936352240802,1184.1588382518667,55.077979800322815,9.134796972213508,11.066627693734167,56.59405814488255,1225.2,114.826001090012,1454.852002180024,995.547997819976,452655.0
SWBBL,2020-07-16,1230.0,1235.0,1201.0,1201.0,-2.60 %,9413.0,11470803.0,-0.025952960259529645,-0.0262956810843608,1211.2,1220.85,1194.4792298049908,1185.4063317146915,51.74040220386202,9.072898090299304,10.667881773047196,54.98019684881952,1220.85,113.96641933854801,1448.782838677096,992.9171613229039,443242.0
SWBBL,2020-07-19,1225.0,1225.0,1225.0,1225.0,2.00 %,350.0,428750.0,0.019983347210657865,0.019786300898843895,1222.2,1214.95,1199.1747329119153,1188.3391960321217,53.992206884519064,10.835536879793608,10.701412794396479,52.76732564533241,1214.95,110.30554454741804,1435.561089094836,994.338910905164,443592.0
SWBBL,2020-07-20,1230.0,1260.0,1192.0,1220.0,-0.41 %,13991.0,17120164.0,-0.004081632653061273,-0.004089985251525166,1224.2,1206.2,1202.378620156236,1190.6844407704832,53.432837486868856,11.694179385752705,10.899966112667723,53.85537381352295,1206.2,101.891376630148,1409.982753260296,1002.4172467397041,429601.0
SWBBL,2020-07-21,1196.0,1220.0,1185.0,1185.0,-2.87 %,4477.0,5390167.0,-0.02868852459016391,-0.029108084158070657,1212.8,1194.45,1199.7049862860458,1190.2633710837808,49.562047684016,9.441615202264984,10.608295930587175,52.50856139827131,1194.45,88.62485988412874,1371.6997197682576,1017.2002802317426,425124.0
SWBBL,2020-07-22,1200.0,1200.0,1176.0,1176.0,-0.76 %,4178.0,4932633.0,-0.0075949367088608,-0.007623925110659371,1201.4,1182.5,1196.0580653189618,1189.2068250775749,48.587341687583404,6.851240241386904,9.85688479274712,50.47223558410908,1182.5,71.84596095307636,1326.1919219061526,1038.8080780938474,420946.0
SWBBL,2020-07-23,1170.0,1213.0,1170.0,1210.0,2.89 %,6164.0,7393312.0,0.028911564625850428,0.02850151013221463,1203.2,1174.25,1198.2029783468138,1190.7470602570138,52.39613740826547,7.4559180897999795,9.376691452157692,49.93850447095843,1174.25,56.388572003903676,1287.0271440078072,1061.4728559921928,427110.0
SWBBL,2020-07-26,1220.0,1242.0,1211.0,1234.0,1.98 %,6755.0,123400.0,0.01983471074380172,0.019640565874546417,1205.0,1172.25,1203.710212447304,1193.950981719457,54.934085952834046,9.759230727846898,9.453199307295534,48.657182723032825,1172.25,53.288563994908294,1278.8271279898165,1065.6728720101835,433865.0
SWBBL,2020-07-27,1250.0,1285.0,1229.0,1229.0,-0.41 %,10604.0,13596483.0,-0.004051863857374438,-0.004060094899298349,1206.8,1181.0,1207.6009489938726,1196.5472052957934,54.28476114272654,11.053743698079188,9.773308185452265,49.181669671387624,1181.0,46.825544086056155,1274.6510881721124,1087.3489118278876,423261.0
SWBBL,2020-07-28,1274.0,1274.0,1240.0,1250.0,-0.16 %,7215.0,8986816.0,0.01708706265256299,0.01694272073031192,1219.8,1188.05,1214.1238799178923,1200.5066715701792,56.60480255415279,13.617208347713131,10.542088217904439,48.88297898057422,1188.05,46.022277214494615,1280.094554428989,1096.0054455710108,430476.0
SWBBL,2020-07-29,1238.0,1238.0,1212.0,1230.0,-1.60 %,10596.0,13023214.0,-0.016000000000000014,-0.016129381929883644,1230.6,1189.8,1216.5663599305242,1202.6913625649806,53.80423171553945,13.87499736554355,11.208670047432262,48.10562333910464,1189.8,46.95641876427202,1283.712837528544,1095.887162471456,419880.0
SWBBL,2020-07-30,1220.0,1225.0,1201.0,1219.0,-0.89 %,4478.0,5423023.0,-0.00894308943089428,-0.008983318885191625,1232.4,1193.15,1216.9407660950587,1203.8994097823895,52.27239301359104,13.041356312669222,11.575207300479654,46.74093595774002,1193.15,46.50554579274877,1286.1610915854976,1100.1389084145026,415402.0
SWBBL,2020-08-02,1212.0,1220.0,1170.0,1170.0,-4.02 %,12432.0,14849481.0,-0.040196882690730074,-0.041027101689469686,1219.6,1197.3,1209.719109772742,1201.3883423911016,45.99098005687295,8.330767381640499,10.926319316711824,46.97372624647288,1197.3,39.74669797615583,1276.7933959523116,1117.8066040476883,402970.0
SWBBL,2020-08-03,1168.0,1197.0,1155.0,1193.0,1.97 %,5420.0,6386779.0,0.01965811965811959,0.01946739430611424,1212.4,1201.45,1207.146939038474,1200.7669836954644,49.08381845964271,6.379955343009669,10.017046521971395,46.61846008601053,1201.45,34.08113384584287,1269.6122676916857,1133.2877323083144,408390.0
SWBBL,2020-08-05,1170.0,1193.0,1170.0,1175.0,-1.51 %,4506.0,6412312.0,-0.015088013411567514,-0.015202995519656815,1197.4,1202.7,1202.201256109478,1198.858318236541,46.823924328106585,3.342937872937,8.682224792164517,44.93142722272407,1202.7,32.51736378269532,1267.7347275653906,1137.6652724346095,403884.0
SWBBL,2020-08-06,1189.0,1189.0,1166.0,1177.0,0.09 %,5990.0,7038596.0,0.0017021276595745594,0.0017006806820174724,1186.8,1204.05,1198.3241397849429,1197.2391835523529,47.11527910543365,1.0849562325900024,7.162771080249614,43.36489670681521,1204.05,30.72539666151956,1265.500793323039,1142.5992066769609,409874.0
SWBBL,2020-08-09,1155.0,1189.0,1155.0,1189.0,1.02 %,1705.0,2006525.0,0.010195412064570863,0.010143789430505035,1180.8,1206.9,1196.8896567411055,1196.6288736595861,48.92354600371384,0.26078308151932106,5.782373480503556,42.69597551347127,1206.9,25.965361542017934,1258.830723084036,1154.9692769159642,411579.0
SWBBL,2020-08-10,1212.0,1228.0,1211.0,1228.0,3.28 %,4502.0,2470960.0,0.03280067283431465,0.032274212016306036,1192.4,1209.8,1201.67586339632,1198.9526607959133,54.38275154427242,2.723202600406694,5.170539304484184,42.43197726250904,1209.8,24.841815341906372,1259.4836306838126,1160.1163693161873,416081.0
SWBBL,2020-08-11,1228.0,1229.0,1204.0,1208.0,-1.63 %,4738.0,5724971.0,-0.016286644951140072,-0.01642073021232752,1195.4,1209.7,1202.6488074891938,1199.62283407029,51.35156632619612,3.0259734189037317,4.741626127368094,41.18683602947268,1209.7,24.844993141842835,1259.3899862836856,1160.0100137163145,411343.0
SWBBL,2020-08-12,1200.0,1220.0,1195.0,1215.0,0.58 %,1982.0,2384055.0,0.005794701986755024,0.0057779772798886315,1203.4,1208.35,1204.548990952395,1200.7618833984168,52.35258768514724,3.787107553978103,4.550722412690096,40.03063345593892,1208.35,23.704929534133274,1255.7598590682665,1160.9401409317334,413325.0
SWBBL,2020-08-13,1210.0,1210.0,1185.0,1202.0,-1.07 %,5319.0,6356921.0,-0.010699588477366295,-0.010757240679495983,1208.4,1206.8,1204.1568384981804,1200.8535957392746,50.28326624084835,3.3032427589057534,4.301226481933227,39.314159637657575,1206.8,23.011667521345966,1252.823335042692,1160.776664957308,408006.0
SWBBL,2020-08-16,1190.0,1206.0,1156.0,1173.0,-2.41 %,3736.0,4370651.0,-0.024126455906821942,-0.024422266441677404,1205.2,1205.4,1199.3634787292297,1198.7903664252542,45.92257473368443,0.5731123039754493,3.555603646341672,40.07743394925346,1205.4,24.20395791921398,1253.807915838428,1156.9920841615722,404270.0
SWBBL,2020-08-17,1166.0,1190.0,1166.0,1182.0,0.77 %,3507.0,4132640.0,0.007672634271099765,0.007643349312568066,1196.0,1203.25,1196.6921743093483,1197.5466355789392,47.4458149061602,-0.8544612695909564,2.6735906631551463,38.92904581002107,1203.25,24.280975875804664,1251.8119517516093,1154.6880482483907,407777.0
SWBBL,2020-08-18,1185.0,1197.0,1185.0,1197.0,1.27 %,1264.0,1505660.0,0.012690355329949332,0.012610507591929733,1193.8,1202.1,1196.73953210791,1197.5061440545735,49.97495729288741,-0.7666119466634882,1.9855501411914196,37.21982825216242,1202.1,23.98881318244958,1250.077626364899,1154.1223736351008,409041.0
SWBBL,2020-08-19,1174.0,1186.0,1152.0,1175.0,-1.84 %,1246.0,1464227.0,-0.018379281537176273,-0.01855027897971381,1185.8,1201.6,1193.394988706693,1195.8390222727533,46.444610235411645,-2.4440335660601704,1.0996333997411016,37.7755548055794,1201.6,24.463506655883766,1250.5270133117674,1152.6729866882324,407795.0
SWBBL,2020-08-20,1195.0,1195.0,1181.0,1181.0,0.51 %,928.0,1096560.0,0.005106382978723456,0.005093389619103021,1181.6,1201.85,1191.488067367202,1194.7398354377347,47.53319644728262,-3.251768070532762,0.22935310568632894,36.50587231946658,1201.85,24.212382652104722,1250.2747653042093,1153.4252346957906,408723.0
SWBBL,2020-08-23,1199.0,1217.0,1195.0,1217.0,3.05 %,7477.0,9012533.0,0.030482641828958545,0.0300272767901649,1190.4,1202.2,1195.41298007994,1196.388736516421,53.62417694518087,-0.9757564364808786,-0.011668802747112572,36.46973858236183,1202.2,24.386363748001354,1250.9727274960028,1153.4272725039973,416200.0
SWBBL,2020-08-24,1240.0,1240.0,1223.0,1235.0,1.48 %,5556.0,6848777.0,0.014790468364831444,0.01468215607455029,1201.0,1202.25,1201.5032908368723,1199.2488301077972,56.352623404912535,2.254460729075163,0.4415571036173425,35.50761439790742,1202.25,24.455921681075264,1251.1618433621504,1153.3381566378496,421756.0
SWBBL,2020-08-25,1230.0,1248.0,1225.0,1236.0,0.08 %,4416.0,5440798.0,0.0008097165991902688,0.0008093889555584958,1208.8,1202.6,1206.810476861969,1201.9711389887011,56.50572091243813,4.839337873267823,1.3211132575474387,34.61421336948546,1202.6,24.904871643649866,1252.4097432872995,1152.7902567127003,426172.0
SWBBL,2020-08-26,1259.0,1270.0,1240.0,1248.0,0.97 %,6841.0,62600.0,0.009708737864077666,0.00966191091173689,1223.4,1202.5,1213.1473265755121,1205.3806842487973,58.39177894932265,7.766642326714873,2.610219071380926,34.57034098595079,1202.5,24.707765666248626,1251.9155313324973,1153.0844686675027,433013.0
SWBBL,2020-08-27,1250.0,1250.0,1227.0,1227.0,-1.68 %,6343.0,7839973.0,-0.016826923076923128,-0.01697010421846159,1232.6,1202.35,1215.2785071023563,1206.9821150451826,53.980330702450466,8.296392057173762,3.7474536685394932,33.743888058382886,1202.35,24.540567917062134,1251.4311358341242,1153.2688641658756,426670.0
SWBBL,2020-08-30,1227.0,1240.0,1229.0,1240.0,1.06 %,2035.0,2515300.0,0.010594947025264867,0.010539213888171105,1237.2,1203.4,1219.0818137019937,1209.4278843010948,56.18701916601866,9.65392940089896,4.928748815011387,32.262181768498394,1203.4,25.71176261655022,1254.8235252331006,1151.9764747668996,428705.0
SWBBL,2020-08-31,1240.0,1260.0,1240.0,1255.0,1.21 %,14578.0,18296242.0,0.012096774193548487,0.012024192966801812,1241.2,1207.65,1224.6076885170717,1212.8035965750878,58.650774087801494,11.80409194198387,6.303817440405884,31.38631164217708,1207.65,26.898004230549382,1261.446008461099,1153.8539915389013,443283.0
SWBBL,2020-09-02,1270.0,1280.0,1259.0,1261.0,0.48 %,8637.0,10981136.0,0.004780876494023811,0.004769484399035205,1246.2,1211.05,1230.2065056682914,1216.3737005324888,59.628713539527396,13.832805135802573,7.8096149794852225,30.93014652487872,1211.05,29.152006340763236,1269.3540126815265,1152.7459873184735,451920.0
SWBBL,2020-09-03,1261.0,1280.0,1250.0,1254.0,-0.56 %,6142.0,7738089.0,-0.0055511498810467685,-0.005566614772053533,1247.4,1215.0,1233.8670432577849,1219.1608338263786,57.90797673668315,14.70620943140625,9.188933869869429,30.863707487387384,1215.0,29.3616290959062,1273.7232581918124,1156.2767418081876,445778.0
SWBBL,2020-09-06,1262.0,1270.0,1250.0,1254.0,0.00 %,8832.0,11143451.0,0.0,0.0,1252.8,1218.85,1236.9644212181256,1221.7415128022024,57.907976736426065,15.222908415923257,10.395728779080194,30.08772838114543,1218.85,29.164280604286237,1277.1785612085723,1160.5214387914275,445778.0
SWBBL,2020-09-07,1240.0,1257.0,1240.0,1256.0,0.16 %,5152.0,6432199.0,0.0015948963317384823,0.001593625835278026,1256.0,1222.2,1239.8929717999524,1224.2791785205577,58.306659101881415,15.613793279394713,11.4393416791431,29.152890639635043,1222.2,29.402112348162177,1281.0042246963244,1163.3957753036757,450930.0
SWBBL,2020-09-08,1254.0,1259.0,1254.0,1258.0,0.16 %,1062.0,1333877.0,0.0015923566878981443,0.0015910902322419035,1256.6,1223.7,1242.6786684461135,1226.7770171486645,58.72764846403306,15.901651297449007,12.331803602804282,27.4276841653754,1223.7,30.459809585872787,1284.6196191717456,1162.7803808282545,451992.0
SWBBL,2020-09-09,1260.0,1272.0,1259.0,1272.0,1.11 %,5490.0,6955292.0,0.0111287758346581,0.011067306639681532,1258.8,1226.9,1247.1896425313269,1230.1268677302448,61.64700059542725,17.062774801082014,13.277997842459829,26.468563867848587,1226.9,32.044212877756586,1290.9884257555132,1162.811574244487,457482.0
SWBBL,2020-09-10,1270.0,1296.0,1269.0,1290.0,1.42 %,4563.0,5836610.0,0.014150943396226356,0.014051753455650287,1266.0,1230.65,1253.7758513726612,1234.5619145650417,65.06819281533964,19.213936807619575,14.465185635491778,26.50652359157369,1230.65,34.84442868715042,1300.338857374301,1160.9611426256993,462045.0
SWBBL,2020-09-13,1295.0,1305.0,1280.0,1305.0,1.16 %,7959.0,10338391.0,0.011627906976744207,0.011560822401076006,1276.2,1235.8,1261.656489623021,1239.7795505231868,67.65734317527642,21.87693909983409,15.947536328360242,26.39891476360414,1235.8,37.86763650855984,1311.5352730171196,1160.0647269828803,470004.0
SWBBL,2020-09-14,1325.0,1325.0,1285.0,1285.0,-1.53 %,6360.0,8280610.0,-0.01532567049808431,-0.015444322427473631,1282.0,1241.4,1265.2477989117867,1243.1292134473952,61.14929048993235,22.118585464391572,17.181746155566508,27.37042085191813,1241.4,36.342522578598846,1314.0850451571978,1168.7149548428024,463644.0
SWBBL,2020-09-15,1296.0,1298.0,1280.0,1284.0,-0.08 %,2920.0,4330464.0,-0.0007782101167315147,-0.0007785130794136867,1287.2,1246.5,1268.132752925358,1246.1566791179584,60.83419760771616,21.976073807399644,18.140611685933138,26.701105076781122,1246.5,34.68732515376923,1315.8746503075386,1177.1253496924614,460724.0
SWBBL,2020-09-16,1280.0,1289.0,1270.0,1272.0,-0.93 %,5049.0,6460677.0,-0.009345794392523366,-0.009389740349839032,1287.2,1250.25,1268.7277140137644,1248.0709991832948,57.03612624009523,20.656714830469582,18.643832314840427,26.15102614272533,1250.25,33.07069779486189,1316.3913955897237,1184.1086044102763,455675.0
SWBBL,2020-09-17,1280.0,1290.0,1280.0,1280.0,0.63 %,4551.0,6039256.0,0.0062893081761006275,0.006269613013595395,1285.2,1255.5,1270.4619118578007,1250.4361103549027,58.87931210958116,20.025801502898048,18.920226152451953,25.568809989673518,1255.5,28.516846360060025,1312.5336927201201,1198.4663072798799,460226.0
SWBBL,2020-09-20,1301.0,1320.0,1270.0,1270.0,-0.78 %,2468.0,3182208.0,-0.0078125,-0.007843177461025893,1278.2,1259.95,1270.3908484950623,1251.8852873656506,55.66461817094764,18.505561129411717,18.837293147843905,27.31389499041112,1259.95,22.61223469500959,1305.174469390019,1214.725530609981,457758.0
SWBBL,2020-09-21,1270.0,1280.0,1252.0,1270.0,0.00 %,4997.0,6327158.0,0.0,0.0,1275.2,1262.6,1270.3307179573605,1253.227117931158,55.66461817062035,17.103600026202457,18.490554523515616,27.362902491096044,1262.6,20.30141296630606,1303.202825932612,1221.9971740673877,457758.0
SWBBL,2020-09-22,1290.0,1290.0,1252.0,1252.0,-1.42 %,3862.0,4881855.0,-0.014173228346456734,-0.014274627792593163,1268.8,1263.45,1267.5106075023818,1253.1362203066278,49.96925231943939,14.374387195754025,17.6673210579633,28.122695170303473,1263.45,19.4218406631371,1302.2936813262743,1224.6063186737258,453896.0
SWBBL,2020-09-23,1250.0,1264.0,1231.0,1264.0,0.96 %,3094.0,3860069.0,0.009584664536741228,0.00953902304675891,1267.2,1264.85,1266.970514040477,1253.940944728359,53.392891420129835,13.029569312117928,16.739770708794225,28.47107408671037,1264.85,18.316730919746174,1301.4834618394923,1228.2165381605075,456990.0
SWBBL,2020-09-24,1272.0,1272.0,1264.0,1264.0,0.00 %,6318.0,7996287.0,0.0,0.0,1264.0,1265.65,1266.5135118804037,1254.6860599336658,53.39289141980195,11.827451946737938,15.757306956382969,27.008854509088202,1265.65,17.886410601849697,1301.4228212036994,1229.8771787963008,456990.0
SWBBL,2020-09-27,1275.0,1275.0,1268.0,1271.0,0.55 %,1497.0,1903840.0,0.005537974683544222,0.005522696482651237,1264.2,1267.85,1267.2037408218803,1255.8944999385794,55.45511154550603,11.309240883300845,14.867693741766546,25.86536490129619,1267.85,15.41794921194653,1298.685898423893,1237.014101576107,458487.0
SWBBL,2020-09-28,1271.0,1271.0,1268.0,1268.0,-0.24 %,1684.0,2138985.0,-0.002360346184106965,-0.002363136192282779,1263.8,1269.25,1267.3262422338987,1256.7912036468329,54.34529120919367,10.535038587065856,14.00116271082641,24.232124551203608,1269.25,13.958114033630803,1297.1662280672615,1241.3337719327385,456803.0
SWBBL,2020-09-29,1263.0,1267.0,1255.0,1255.0,-1.03 %,1245.0,1567341.0,-0.010252365930599416,-0.01030528343128702,1264.4,1269.25,1265.4298972748375,1256.6585218952157,49.703311860121985,8.771375379621759,12.955205244585482,23.429829940403348,1269.25,13.958114033630803,1297.1662280672615,1241.3337719327385,455558.0
SWBBL,2020-09-30,1250.0,1250.0,1243.0,1243.0,-0.96 %,4670.0,5814510.0,-0.009561752988047845,-0.009607760055173184,1260.2,1268.35,1261.9791438479394,1255.6467795326073,45.81326275458789,6.332364315332143,11.630637058734816,22.613413516088823,1268.35,15.055249128566848,1298.4604982571336,1238.2395017428662,450888.0
SWBBL,2020-10-01,1249.0,1263.0,1244.0,1250.0,0.56 %,2428.0,3029015.0,0.005631536604987941,0.0056157387856357035,1257.4,1268.15,1260.136198640564,1255.228499567229,48.3525961755747,4.907699073335152,10.286049461654883,22.42674112208248,1268.15,15.280792897829988,1298.71158579566,1237.58841420434,453316.0
SWBBL,2020-10-04,1260.0,1272.0,1258.0,1272.0,1.76 %,2042.0,3348185.0,0.01760000000000006,0.017446913603720703,1257.6,1269.05,1261.961398849708,1256.4708329326193,55.42303751104913,5.490565917088816,9.32695275274167,22.396259613362304,1269.05,14.929571503247464,1298.9091430064948,1239.1908569935051,455358.0
SWBBL,2020-10-05,1290.0,1290.0,1251.0,1273.0,0.08 %,5115.0,6527718.0,0.0007861635220125507,0.000785854657339038,1258.6,1269.9,1263.6596451805221,1257.6952156783511,55.71977325661704,5.964429502171015,8.654448102627539,23.58224106955071,1269.9,14.628379052090095,1299.1567581041802,1240.64324189582,460473.0
SWBBL,2020-10-06,1336.0,1336.0,1266.0,1266.0,-0.55 %,625.0,904975.0,-0.0054988216810683,-0.005513995853284981,1260.8,1270.3,1264.0196997681342,1258.3103848873623,53.05728827077429,5.709314880771899,8.065421458256411,26.897795278868518,1270.3,14.393346416315003,1299.08669283263,1241.51330716737,459848.0
SWBBL,2020-10-07,1277.0,1277.0,1254.0,1260.0,-0.40 %,3658.0,4627198.0,-0.004739336492891044,-0.004750602758597865,1264.2,1269.7,1263.4012844191905,1258.4355415623725,50.81590866237656,4.965742856817997,7.445485737968729,26.61938133037791,1269.7,14.567808779600224,1298.8356175592005,1240.5643824407996,456190.0
SWBBL,2020-10-08,1254.0,1279.0,1254.0,1279.0,1.51 %,2010.0,2538510.0,0.015079365079365026,0.014966801633318956,1270.0,1269.15,1265.801086816238,1259.9588347799745,57.00934231824266,5.842252036263517,7.124838997627688,26.503711235350917,1269.15,13.955851442355799,1297.0617028847116,1241.2382971152886,458200.0
SWBBL,2020-10-11,1276.0,1280.0,1259.0,1259.0,-1.56 %,4363.0,5544483.0,-0.015637216575449586,-0.01576076753449554,1267.4,1266.85,1264.754765767586,1259.887809981458,49.88796919834392,4.866955786127846,6.67326235532772,26.11058900425442,1266.85,11.268376803998981,1289.386753607998,1244.313246392002,453837.0
SWBBL,2020-10-12,1250.0,1258.0,1245.0,1252.0,-0.56 %,1792.0,2242605.0,-0.005559968228752932,-0.005575482384303284,1263.2,1265.2,1262.792494111034,1259.3035277606093,47.64468203688306,3.488966350424789,6.036403154347134,25.245546932521965,1265.2,10.880208976662878,1286.9604179533258,1243.4395820466743,452045.0
SWBBL,2020-10-13,1246.0,1249.0,1237.0,1245.0,-0.56 %,2765.0,3434588.0,-0.005591054313099031,-0.005606742761235835,1259.0,1263.25,1260.0551873247214,1258.2440071857493,45.44403392164828,1.8111801389720767,5.191358551272122,24.51372215162754,1263.25,10.828203914197454,1284.906407828395,1241.593592171605,449280.0
SWBBL,2020-10-14,1230.0,1245.0,1230.0,1243.0,-0.16 %,1695.0,2097660.0,-0.0016064257028112205,-0.0016077173880968524,1255.6,1261.8,1257.4313123516874,1257.1148214682864,44.80723697190214,0.31649088340100207,4.216385017697899,23.834170569368432,1261.8,11.514750266143702,1284.8295005322873,1238.7704994677126,447585.0
SWBBL,2020-10-15,1264.0,1264.0,1240.0,1241.0,-0.16 %,1451.0,1802315.0,-0.0016090104585679832,-0.0016103063061039058,1248.0,1259.85,1254.9034181437355,1255.921130989154,44.141117534430414,-1.0177128454186004,3.169565445074599,23.846015528699258,1259.85,11.572540093599958,1282.9950801871998,1236.7049198128,446134.0
SWBBL,2020-10-18,1221.0,1243.0,1215.0,1239.0,-0.16 %,7044.0,8659769.0,-0.0016116035455278066,-0.0016129035754647687,1244.0,1258.3,1252.4567384293146,1254.6677138788464,43.44555847709845,-2.2109754495318157,2.093457266153316,24.14272870522074,1258.3,12.200517676984221,1282.7010353539683,1233.8989646460316,439090.0
SWBBL,2020-10-19,1239.0,1247.0,1236.0,1240.0,0.08 %,2811.0,3488476.0,0.0008071025020177647,0.00080677696994011,1241.6,1256.8,1250.540317132497,1253.5812165544876,43.92137848819606,-3.0408994219906162,1.0665859285245296,23.203962369133546,1256.8,12.526183104415995,1281.8523662088319,1231.747633791168,441901.0
SWBBL,2020-10-20,1230.0,1235.0,1226.0,1231.0,-0.73 %,1470.0,1809243.0,-0.007258064516128981,-0.007284532414628987,1238.8,1255.75,1247.5341144967283,1251.9085338467478,40.6098072211885,-4.37441935001948,-0.021615127184272276,22.546536485624006,1255.75,13.768289272133622,1283.2865785442673,1228.2134214557327,440431.0
SWBBL,2020-10-21,1230.0,1250.0,1230.0,1240.0,0.73 %,1285.0,1595159.0,0.007311129163281915,0.007284532414629069,1238.2,1254.55,1246.37501995877,1251.0264202284702,45.069988560675796,-4.6514002697001615,-0.9475721556874501,22.36464102236515,1254.55,14.054311943955,1282.65862388791,1226.44137611209,441716.0
SWBBL,2020-10-22,1240.0,1244.0,1238.0,1241.0,0.08 %,6314.0,7834180.0,0.0008064516129031585,0.0008061266055245932,1238.2,1253.4,1245.5480938112669,1250.2837224337686,45.55920876372275,-4.735628622501736,-1.7051834490503073,21.19573809219621,1253.4,14.180787596236662,1281.7615751924734,1225.0384248075268,448030.0
SWBBL,2020-10-28,1250.0,1260.0,1236.0,1260.0,1.53 %,5140.0,6425857.0,0.015310233682514163,0.015194214740916532,1242.4,1252.85,1247.771463994149,1251.003446697934,53.95097566197897,-3.231982703784979,-2.0105432999972415,21.396042514182195,1252.85,13.666228063410939,1280.1824561268218,1225.517543873178,453170.0
SWBBL,2020-10-29,1261.0,1280.0,1250.0,1275.0,1.19 %,4173.0,5308243.0,0.011904761904761862,0.011834457647002798,1249.4,1253.2,1251.9604695335106,1252.7809691647535,59.28663749483225,-0.8204996312429103,-1.7725345662463754,22.010610906026326,1253.2,14.15552709636403,1281.5110541927281,1224.888945807272,457343.0
SWBBL,2020-11-01,1284.0,1285.0,1266.0,1283.0,0.63 %,3984.0,5067282.0,0.006274509803921635,0.006254907023109973,1259.8,1254.6,1256.7357819129707,1255.0194158932902,61.82706511851379,1.7163660196804358,-1.0747544490610133,21.79556726988159,1254.6,15.648776646555662,1285.8975532931113,1223.3024467068885,461327.0
SWBBL,2020-11-02,1299.0,1330.0,1295.0,1320.0,2.88 %,18737.0,24646573.0,0.028838659392049992,0.028430650964780216,1275.8,1258.45,1266.4687385417444,1259.8327924937873,70.87790511505061,6.635946047957077,0.4673856503426048,23.59588389346148,1258.45,21.14977914547085,1300.7495582909416,1216.1504417090584,480064.0
SWBBL,2020-11-03,1317.0,1335.0,1315.0,1324.0,0.30 %,14811.0,19640182.0,0.003030303030302939,0.00302572091653689,1292.4,1262.15,1275.3197018430144,1264.585918975729,71.66020451673695,10.7337828672853,2.520665093731144,23.339035043928515,1262.15,25.59867389671976,1313.3473477934397,1210.9526522065605,494875.0
SWBBL,2020-11-04,1327.0,1335.0,1317.0,1329.0,0.38 %,8997.0,11959769.0,0.003776435045317328,0.003769322216291917,1306.2,1265.0,1283.5782092517816,1269.3573323849344,72.64924573139436,14.22087686684722,4.8607074483543595,22.95767539793362,1265.0,29.611519806835176,1324.2230396136704,1205.7769603863296,503872.0
SWBBL,2020-11-05,1329.0,1333.0,1295.0,1318.0,-0.83 %,3004.0,3957222.0,-0.008276899924755443,-0.008311343650792788,1314.8,1267.25,1288.873869366892,1272.9604929490133,67.10101950448359,15.91337641787868,7.071241242259225,24.032127155224078,1267.25,31.874548500530796,1330.9990970010615,1203.5009029989385,500868.0
SWBBL,2020-11-08,1320.0,1323.0,1307.0,1323.0,0.38 %,8492.0,11188820.0,0.003793626707132125,0.003786449052503262,1322.8,1270.1,1294.1240433104472,1276.6671231009382,68.28659161338257,17.456920209509008,9.148377035709181,23.458403786993788,1270.1,34.21895442751984,1338.5379088550396,1201.6620911449602,509360.0
SWBBL,2020-11-09,1348.0,1370.0,1345.0,1355.0,2.42 %,24059.0,32698404.0,0.024187452758881234,0.023899569198845495,1329.8,1274.85,1303.48957510884,1282.4695584267947,74.59627531281654,21.020016682045252,11.522704964976397,25.13994637363709,1274.85,39.00239533814126,1352.8547906762824,1196.8452093237174,533419.0
SWBBL,2020-11-10,1380.0,1395.0,1362.0,1367.0,0.89 %,7856.0,10760579.0,0.008856088560885711,0.008817103410148387,1338.4,1279.25,1313.26040970748,1288.7310726174026,76.48563190033119,24.529337090077433,14.124031389996606,26.20137877552016,1279.25,44.12288462210745,1367.495769244215,1191.004230755785,541275.0
SWBBL,2020-11-11,1353.0,1385.0,1352.0,1378.0,0.80 %,11063.0,15179827.0,0.008046817849304944,0.008014614849654217,1348.2,1285.2,1323.22034667556,1295.3435857568543,78.09396649923497,27.876760918705713,16.87457729573843,26.68699457726872,1285.2,49.00225558725786,1383.2045111745158,1187.1954888254843,552338.0
SWBBL,2020-11-12,1380.0,1400.0,1371.0,1395.0,- %,17222.0,24004730.0,0.012336719883889735,0.012261242681862163,1363.6,1292.35,1334.2633702639353,1302.7255423674576,80.33282198075202,31.537827896477665,19.807227415886278,26.852209250320954,1292.35,54.07331767348724,1400.4966353469745,1184.2033646530253,569560.0
SWBBL,2020-11-18,1395.0,1436.0,1395.0,1436.0,0.00 %,14878.0,20919010.0,0.029390681003584218,0.028967055352703476,1386.2,1301.9,1349.915159454099,1312.5977244143126,84.45834636127141,37.31743503978646,23.309268940666314,27.862765732440884,1301.9,61.61160177833004,1425.1232035566602,1178.67679644334,584438.0
SWBBL,2020-11-19,1435.0,1451.0,1430.0,1447.0,0.00 %,18662.0,26967788.0,0.0076601671309193264,0.007630977023314475,1404.6,1312.1,1364.851288768853,1322.553448531771,85.3464689374976,42.29784023708203,27.10698319994946,27.37256818012368,1312.1,67.91162988539953,1447.923259770799,1176.2767402292009,603100.0
SWBBL,2020-11-22,1468.0,1468.0,1393.0,1430.0,-0.01 %,10317.0,14827200.0,-0.011748445058742174,-0.011818003377530846,1417.2,1321.55,1374.8741674197986,1330.5124523442323,77.93430103445466,44.36171507556628,30.557929575072826,30.77452759582913,1321.55,70.59407683522588,1462.7381536704518,1180.3618463295481,592783.0
SWBBL,2020-11-23,1428.0,1429.0,1410.0,1420.0,-0.01 %,3440.0,4863394.0,-0.006993006993006978,-0.007017572658646535,1425.6,1330.6,1381.816603201368,1337.141159577993,73.87019794476186,44.67544362337503,33.381432384733266,30.004918481841337,1330.6,71.05476020208387,1472.7095204041677,1188.490479595832,589343.0
SWBBL,2020-11-24,1401.0,1440.0,1400.0,1430.0,0.01 %,24065.0,34289576.0,0.007042253521126751,0.00701757265864654,1432.6,1340.1,1389.2294334780806,1344.0195922018454,75.25959858898584,45.20984127623524,35.747114163033665,30.718852875995527,1340.1,71.00548533300515,1482.1109706660102,1198.0890293339896,613408.0
SWBBL,2020-11-25,1445.0,1470.0,1430.0,1458.0,0.02 %,17363.0,25188234.0,0.019580419580419672,0.019391189314650583,1437.0,1351.45,1399.8095206352991,1352.462585372079,78.678264371139,47.346935263220075,38.06707838307095,31.38179195628156,1351.45,70.79062902603627,1493.0312580520726,1209.8687419479274,630771.0
SWBBL,2020-11-26,1485.0,1490.0,1458.0,1460.0,0.00 %,15389.0,22713342.0,0.00137174211248281,0.0013708021337786216,1439.6,1362.45,1409.0695943837145,1360.428319788962,78.9025168227106,48.64127459475253,40.181917625407266,31.42594967369002,1362.45,69.64456755182559,1501.7391351036513,1223.1608648963488,646160.0
SWBBL,2020-11-29,1480.0,1490.0,1460.0,1474.0,0.01 %,10477.0,15448679.0,0.009589041095890316,0.009543358046899696,1448.4,1374.1,1419.0588875554506,1368.8410368416314,80.45237304697757,50.21785071381919,42.18910424308965,31.324096125569305,1374.1,67.72071128428276,1509.5414225685654,1238.6585774314344,656637.0
SWBBL,2020-11-30,1500.0,1581.0,1485.0,1523.0,0.03 %,18161.0,27513445.0,0.03324287652645852,0.0327022801458798,1469.0,1387.25,1435.0498279315352,1380.2602192978068,84.69126843086485,54.78960863372845,44.70920512121741,36.72951783088578,1387.25,69.89832841918687,1527.0466568383738,1247.4533431616262,674798.0
SWBBL,2020-12-01,1500.0,1530.0,1499.0,1505.0,-0.01 %,9195.0,13877535.0,-0.011818778726198298,-0.011889175712185713,1484.0,1398.75,1445.811392865145,1389.5002030535247,77.99991607331857,56.31118981162035,47.029602059298,36.32026655725109,1398.75,69.37683141257678,1537.5036628251535,1259.9963371748465,665603.0
SWBBL,2020-12-02,1535.0,1655.0,1535.0,1645.0,0.09 %,34250.0,55101814.0,0.09302325581395343,0.08894748601649612,1521.4,1416.85,1476.455793962815,1408.426113938449,86.7611556039577,68.02968002436614,51.22961765231163,44.44024751744744,1416.85,83.39460729761083,1583.6392145952216,1250.0607854047782,699853.0
SWBBL,2020-12-03,1677.0,1745.0,1635.0,1665.0,0.01 %,33717.0,57086009.0,0.012158054711246091,0.012084739215071827,1562.4,1434.1,1505.4625948916128,1427.4315869800453,87.52543685424537,78.03100791156749,56.58989570416281,49.1230869804869,1434.1,96.89544011869884,1627.8908802373976,1240.3091197626022,733570.0
SWBBL,2020-12-06,1632.0,1665.0,1499.0,1509.0,-0.09 %,20495.0,32356376.0,-0.09369369369369374,-0.09837794364669535,1569.4,1443.35,1506.006811062134,1433.4736916481902,58.94231756116414,72.53311941394372,59.778540446118996,57.471437910452124,1443.35,94.63574210739502,1632.62148421479,1254.07851578521,713075.0
SWBBL,2020-12-07,1509.0,1604.0,1502.0,1603.0,0.06 %,21645.0,34049244.0,0.062292909211398184,0.06042969384170397,1585.4,1457.05,1520.928840129498,1446.0311959705464,66.12166991541713,74.8976441589516,62.80236118868552,60.65204948827697,1457.05,97.0135503286795,1651.0771006573589,1263.022899342641,734720.0
SWBBL,2020-12-08,1635.0,1700.0,1620.0,1660.0,0.04 %,34946.0,58312477.0,0.03555832813474735,0.034940728741035966,1616.4,1474.15,1542.3244031864983,1461.8807370097652,69.59371879296535,80.44366617673313,66.33062218629505,63.24833166768576,1474.15,101.26217925452312,1676.6743585090462,1271.625641490954,769666.0
SWBBL,2020-12-09,1627.0,1670.0,1610.0,1625.0,-0.02 %,23611.0,38446987.0,-0.02108433734939763,-0.021309786586751096,1612.4,1489.25,1555.0437257731908,1473.9636453794124,65.17665401415377,81.08008039377842,69.28051382779172,63.016307977136776,1489.25,100.04623930966468,1689.3424786193293,1289.1575213806707,746055.0
SWBBL,2020-12-10,1605.0,1650.0,1600.0,1630.0,0.00 %,12878.0,20891570.0,0.003076923076922977,0.003072199036970059,1605.4,1503.0,1566.575460269623,1485.5218938698263,65.51339870999213,81.05356639979664,71.63512434219271,62.086571693055575,1503.0,99.52042900570879,1702.0408580114176,1303.9591419885824,758933.0
SWBBL,2020-12-13,1611.0,1651.0,1611.0,1651.0,0.01 %,18028.0,29521485.0,0.012883435582822012,0.012801150119319918,1633.8,1517.2,1579.5638509973733,1497.7795313609502,66.95858195422957,81.7843196364231,73.66496340103879,60.50895942926589,1517.2,99.35507827461036,1715.9101565492208,1318.4898434507793,776961.0
SWBBL,2020-12-14,1683.0,1740.0,1670.0,1730.0,0.05 %,38755.0,66090802.0,0.04784978800726836,0.046740243571696656,1659.2,1534.8,1602.7078739208544,1514.9810475564354,71.75395736321519,87.72682636441891,76.47733599371482,62.5440337557469,1534.8,104.44570485742538,1743.6914097148508,1325.908590285149,815716.0
SWBBL,2020-12-15,1780.0,1790.0,1721.0,1780.0,0.03 %,55444.0,98126826.0,0.028901734104046284,0.02849195579430624,1683.2,1554.05,1629.9835856253383,1534.6120810707735,74.29658284543561,95.37150455456481,80.25616970588482,63.00517420176499,1554.05,112.49256115759798,1779.0351223151958,1329.064877684804,871160.0
SWBBL,2020-12-16,1761.0,1810.0,1751.0,1785.0,0.00 %,36041.0,64013335.0,0.002808988764045006,0.0028050509276086816,1715.2,1571.5,1653.8322647599016,1553.1593343247903,74.54336314961208,100.67293043511131,84.33952185173013,62.71909033021035,1571.5,120.03267099114949,1811.565341982299,1331.434658017701,907201.0
SWBBL,2020-12-17,1767.0,1825.0,1732.0,1765.0,-0.01 %,21123.0,37456808.0,-0.011204481792717047,-0.011267724846342269,1742.2,1587.4,1670.9349932583782,1568.8512354859167,71.58280878237535,102.08375777246147,87.8883690358764,64.88201244948104,1587.4,123.67929665493313,1834.7585933098662,1340.041406690134,886078.0
SWBBL,2020-12-20,1765.0,1765.0,1589.0,1590.0,-0.10 %,57063.0,92840193.0,-0.09915014164305946,-0.1044166741531199,1730.0,1595.4,1658.4834558340121,1570.4178106351083,52.08880034384873,88.0656451989039,87.9238242684819,72.8190115602324,1595.4,118.00686866720032,1831.4137373344008,1359.3862626655994,829015.0
SWBBL,2020-12-21,1559.0,1620.0,1510.0,1595.0,0.00 %,34357.0,53038709.0,0.003144654088050425,0.0031397200046678463,1703.0,1604.15,1648.7167703210873,1572.238713551026,52.486927833822236,76.47805677006136,85.6346707687978,75.47479644878723,1604.15,110.5704229035002,1825.2908458070006,1383.0091541929996,863372.0
SWBBL,2020-12-22,1626.0,1650.0,1600.0,1645.0,0.03 %,23041.0,37354177.0,0.03134796238244508,0.030866647980527264,1676.0,1614.9,1648.1449595024585,1577.628438473172,56.38958187899812,70.51652102928642,82.61104082089552,74.01231098815957,1614.9,102.9358001250033,1820.7716002500067,1409.0283997499935,886413.0
SWBBL,2020-12-23,1670.0,1700.0,1613.0,1625.0,-0.01 %,5795.0,9564007.0,-0.012158054711246202,-0.012232568435634408,1644.0,1623.25,1644.5841965020802,1581.137443030715,54.46254704697392,63.44675347136513,78.77818335098945,74.94000306043388,1623.25,96.0837764935857,1815.4175529871713,1431.0824470128287,880618.0
SWBBL,2020-12-24,1602.0,1605.0,1572.0,1585.0,-0.02 %,8092.0,12831912.0,-0.024615384615384595,-0.02492340845245685,1608.0,1629.5,1635.4173970402217,1581.4235583617733,50.72867934804012,53.993838678448355,73.82131441648124,73.37285998468862,1629.5,88.68661561633657,1806.873231232673,1452.126768767327,872526.0
SWBBL,2020-12-27,1560.0,1585.0,1542.0,1550.0,-0.02 %,6348.0,10759061.0,-0.02208201892744477,-0.022329476398088657,1600.0,1633.3,1622.2762590340337,1579.0958873720124,47.650318533576076,43.180371662021344,67.69312586558927,71.20336998578229,1633.3,83.12710622582637,1799.5542124516528,1467.045787548347,866178.0
SWBBL,2020-12-28,1549.0,1575.0,1547.0,1570.0,0.01 %,10974.0,17146837.0,0.012903225806451646,0.012820688429061469,1595.0,1635.65,1614.2337576441823,1578.4221179370486,49.53485324469107,35.811639707133736,61.31682863389816,68.11741498679784,1635.65,80.4665834532429,1796.583166906486,1474.7168330935142,877152.0
SWBBL,2020-12-29,1547.0,1584.0,1547.0,1565.0,-0.00 %,4658.0,7287081.0,-0.0031847133757961776,-0.0031897953681001494,1579.0,1638.65,1606.659333391231,1577.4278869787486,49.059368331206905,29.231446412482455,54.89975218961502,65.89474248774086,1638.65,76.3525582930975,1791.355116586195,1485.9448834138052,872494.0
SWBBL,2020-12-30,1590.0,1609.0,1568.0,1609.0,0.03 %,8963.0,14168951.0,0.028115015974440993,0.027727044018129716,1575.8,1636.85,1607.0194359464263,1579.7665620173598,53.30698336627739,27.25287392906648,49.370376537505315,64.33083231004508,1636.85,76.61886190753634,1790.0877238150726,1483.6122761849272,881457.0
SWBBL,2020-12-31,1615.0,1640.0,1604.0,1604.0,-0.00 %,8934.0,14505079.0,-0.003107520198881275,-0.003112358565923387,1579.6,1633.8,1606.5549073392838,1581.5616314975553,52.768518052831,24.99327584172852,44.49495639834996,62.307201430756145,1633.8,76.65342372280045,1787.1068474456008,1480.493152554399,872523.0
SWBBL,2021-01-03,1636.0,1679.0,1630.0,1679.0,0.05 %,12012.0,19893592.0,0.04675810473815467,0.045697868651081074,1605.4,1642.3,1617.7003062101633,1588.7792884236624,59.39429253142149,28.921017786500897,41.38016867598015,63.21382989998785,1642.3,71.32660240423918,1784.9532048084784,1499.6467951915215,884535.0
SWBBL,2021-01-04,1700.0,1700.0,1648.0,1668.0,-0.01 %,17605.0,29421616.0,-0.00655151876116733,-0.0065730741588487206,1625.0,1645.55,1625.438720639369,1594.6474892811689,58.106790071639956,30.791231358200093,39.26238121242414,62.41284204998872,1645.55,70.92136119456747,1787.3927223891349,1503.707277610865,866930.0
SWBBL,2021-01-05,1668.0,1680.0,1652.0,1670.0,0.00 %,8239.0,13745849.0,0.0011990407673860837,0.0011983224921087163,1646.0,1646.05,1632.294302079466,1600.229156741823,58.283853768906496,32.06514533764289,37.82293403746789,59.954781903560956,1646.05,71.06370381570389,1788.1774076314077,1503.9225923685922,875169.0
SWBBL,2021-01-06,1665.0,1695.0,1665.0,1690.0,0.01 %,12518.0,21063178.0,0.011976047904191711,0.011904902506318458,1662.2,1649.3,1641.172101759548,1606.8788488350215,60.09997062592896,34.29325292452654,37.116997814879625,57.81515462473518,1649.3,71.53512203258342,1792.3702440651668,1506.229755934833,887687.0
SWBBL,2021-01-07,1700.0,1710.0,1670.0,1682.0,-0.00 %,8678.0,14567892.0,-0.004733727810650845,-0.004744967384225749,1677.8,1651.9,1647.4533168734636,1612.443378550946,58.99362864278903,35.009938322517655,36.69558591640723,56.54264358011124,1651.9,71.74142164017546,1795.382843280351,1508.4171567196493,879009.0
SWBBL,2021-01-10,1682.0,1690.0,1666.0,1672.0,-0.01 %,3617.0,6069712.0,-0.005945303210463715,-0.005963046888246413,1676.4,1652.95,1651.2297296621616,1616.8549801397648,57.56708818637048,34.37474952239677,36.231418637605145,54.21816903867472,1652.95,71.88109699544951,1796.712193990899,1509.187806009101,875392.0
SWBBL,2021-01-11,1666.0,1680.0,1659.0,1674.0,0.00 %,10132.0,16867476.0,0.0011961722488038617,0.0011954574047737313,1677.6,1650.15,1654.7328481756754,1621.0879445738562,57.78694525959657,33.644903601819124,35.71411563044794,51.84544267876939,1650.15,69.78182164134883,1789.7136432826978,1510.5863567173024,885524.0
SWBBL,2021-01-12,1674.0,1690.0,1674.0,1680.0,0.00 %,38723.0,65178109.0,0.0035842293906809264,0.0035778213478839024,1679.6,1645.15,1658.6201023024946,1625.4518005313482,58.48193855203941,33.16830177114639,35.20495285858763,49.28505391600015,1645.15,63.26658301443093,1771.683166028862,1518.6168339711382,924247.0
SWBBL,2021-01-13,1699.0,1735.0,1695.0,1725.0,0.03 %,19535.0,33496586.0,0.02678571428571419,0.02643325706815543,1686.6,1642.15,1668.832394255957,1632.8257412327298,63.35492688492868,36.00665302322727,35.36529289151556,49.693264350571575,1642.15,57.440380991312665,1757.0307619826253,1527.2692380173748,943782.0
SWBBL,2021-01-17,1735.0,1810.0,1735.0,1810.0,0.05 %,35367.0,62891424.0,0.049275362318840665,0.04809979479441138,1712.2,1644.4,1690.5504874473481,1645.9497604006758,70.41777983857716,44.60072704667232,37.21237972254691,52.21517403981646,1644.4,63.10759400467367,1770.6151880093475,1518.1848119906526,979149.0
SWBBL,2021-01-18,1846.0,1882.0,1780.0,1825.0,0.01 %,17843.0,32683815.0,0.008287292817679592,0.008253141756720482,1742.8,1656.15,1711.2350278400638,1659.212741111737,71.4630513694025,52.02228672832689,40.17436112370291,55.771233036972426,1656.15,73.47199609737281,1803.0939921947456,1509.2060078052546,996992.0
SWBBL,2021-01-19,1845.0,1871.0,1800.0,1859.0,0.02 %,24627.0,45398038.0,0.018630136986301338,0.018458721704852105,1779.8,1669.35,1733.968100480054,1674.0117973256824,73.72898675667582,59.95630315437165,44.130749529836656,56.85900210576011,1669.35,84.7561672962083,1838.8623345924166,1499.8376654075832,1021619.0
SWBBL,2021-01-20,1868.0,1920.0,1831.0,1918.0,0.03 %,21317.0,39928640.0,0.031737493275954876,0.031244267721939573,1827.4,1683.0,1762.2807004061997,1692.0849975237802,77.12356696799205,70.19570288241948,49.343740200353224,59.15478766963439,1683.0,101.04610724555228,1885.0922144911046,1480.9077855088954,1042936.0
SWBBL,2021-01-21,1900.0,2000.0,1900.0,1990.0,0.04 %,18957.0,37299225.0,0.037539103232533844,0.036851662275154504,1880.4,1701.25,1797.3144388052458,1714.1527754849817,80.4443903593489,83.1616633202641,56.10732482433541,62.07230283608908,1701.25,121.00886222441734,1943.2677244488348,1459.2322755511652,1061893.0
SWBBL,2021-01-24,2024.0,2065.0,2020.0,2065.0,0.04 %,23620.0,48392183.0,0.03768844221105527,0.03699558767659505,1931.4,1725.25,1838.496832835208,1740.1414587823906,83.18294204464459,98.3553740528173,64.55693467003178,62.99570977636843,1725.25,142.44107738402442,2010.1321547680488,1440.3678452319512,1085513.0
SWBBL,2021-01-25,2050.0,2059.0,1990.0,2000.0,-0.03 %,28045.0,56311038.0,-0.03147699757869249,-0.031983045853050764,1966.4,1747.75,1863.3434739374839,1759.3902396133249,73.56743925207476,103.95323432415898,72.43619460085722,63.8531590780564,1747.75,148.7048914355136,2045.1597828710271,1450.3402171289729,1057468.0
SWBBL,2021-01-26,1961.0,2010.0,1950.0,1962.0,-0.02 %,41387.0,81915424.0,-0.019000000000000017,-0.019182819416773987,1987.0,1767.35,1878.5214010240247,1774.3983700123379,68.57665343026854,104.12303101168686,78.77356188302315,63.5779334296238,1767.35,149.8726740305195,2067.0953480610387,1467.6046519389608,1016081.0
SWBBL,2021-01-27,1951.0,2010.0,1941.0,1999.0,0.02 %,47496.0,93390851.0,0.01885830784913356,0.018682694375091694,2003.2,1789.05,1897.0565700972516,1791.0355277892018,70.66351742052974,106.0210423080498,84.22305796802848,63.96522389893639,1789.05,150.45071758239737,2089.951435164795,1488.1485648352052,1063577.0
SWBBL,2021-01-28,2000.0,2074.0,1960.0,2000.0,0.00 %,53463.0,108789861.0,0.0005002501250626068,0.0005001250416823734,2005.2,1808.6,1912.8940208515205,1806.514377582594,70.72011450272933,106.37964326892643,88.65437502820808,67.5391364775838,1808.6,151.224963130066,2111.049926260132,1506.1500737398678,1117040.0
SWBBL,2021-01-31,1980.0,1999.0,1875.0,1929.0,-0.04 %,69366.0,145585990.0,-0.035499999999999976,-0.03614544663635326,1978.0,1824.85,1915.3718637974403,1815.5873866505501,61.62905422659261,99.78447714689014,90.88039545194451,71.6434838720421,1824.85,145.4330285371217,2115.7160570742435,1533.9839429257565,1047674.0
SWBBL,2021-02-01,1935.0,1998.0,1896.0,1900.0,-0.01 %,34193.0,65485601.0,-0.015033696215655756,-0.015147847751197227,1958.0,1835.9,1913.0069616747571,1821.8401728245833,58.33073013287531,91.16678885017382,90.93767413159037,73.81180645261053,1835.9,142.12629668900775,2120.152593378016,1551.6474066219846,1013481.0
SWBBL,2021-02-02,1920.0,1960.0,1901.0,1955.0,0.03 %,40383.0,78392287.0,0.02894736842105261,0.028536307264934297,1956.6,1850.25,1919.4674291094097,1831.703863726466,62.43674414890039,87.76356538294385,90.30285238186107,72.82524884885264,1850.25,138.7299060841272,2127.7098121682543,1572.7901878317457,1053864.0
SWBBL,2021-02-03,1999.0,2000.0,1930.0,1935.0,-0.01 %,31716.0,72032085.0,-0.010230179028132946,-0.01028286695558392,1943.8,1863.5,1921.85705540027,1839.3554293763573,60.116929343310844,82.50162602391265,88.7426071102714,72.62344535964888,1863.5,133.1510815814924,2129.802163162985,1597.197836837015,1022148.0
SWBBL,2021-02-04,1970.0,1980.0,1898.0,1978.0,0.02 %,41365.0,80957495.0,0.022222222222222143,0.021978906718775167,1939.4,1877.9,1930.4944314925363,1849.6253975707011,63.27617984358244,80.86903392183513,87.16789247258414,73.29319926253112,1877.9,128.90547332304004,2135.71094664608,1620.08905335392,1063513.0
SWBBL,2021-02-07,2000.0,2175.0,1985.0,2152.0,0.09 %,104436.0,222079293.0,0.08796764408493418,0.08431140909901752,1984.0,1901.4,1964.5722112629153,1872.0235162691677,72.69994529521708,92.54869499374763,88.24405297681685,82.12939931520746,1901.4,134.05120781177175,2169.5024156235436,1633.2975843764566,1167949.0
SWBBL,2021-02-08,2259.0,2275.0,2085.0,2115.0,-0.02 %,48601.0,108865948.0,-0.01719330855018586,-0.017342829801296675,2027.0,1923.55,1987.7149479916977,1890.0217743233034,68.66489865428548,97.69317366839437,90.13387711513235,89.83444222126407,1923.55,130.7091890620871,2184.9683781241743,1662.1316218758257,1119348.0
SWBBL,2021-02-09,2085.0,2086.0,1994.0,2044.0,-0.03 %,37242.0,105844060.0,-0.033569739952718725,-0.03414614015678334,2044.8,1942.05,1996.3741867622057,1901.4275688178734,61.5995540178353,94.94661794433227,91.09642528097234,92.06055349117378,1942.05,119.20812185331454,2180.466243706629,1703.6337562933709,1082106.0
SWBBL,2021-02-10,2035.0,2050.0,1991.0,2014.0,-0.01 %,30325.0,61362739.0,-0.014677103718199636,-0.014785878045087476,2060.6,1958.75,1999.0858503372508,1909.7662674239568,58.844367188571816,89.31958291329397,90.74105680743668,89.69908538466136,1958.75,102.83603454045259,2164.422069080905,1753.0779309190948,1051781.0
SWBBL,2021-02-11,2054.0,2059.0,1994.0,2000.0,-0.01 %,42932.0,86425876.0,-0.006951340615690138,-0.006975613736425211,2065.0,1972.5,1999.2264887469046,1916.450247614775,57.55072040060425,82.7762411321296,89.14809367237527,87.93486500004269,1972.5,87.12090811960155,2146.741816239203,1798.2581837607968,1008849.0
SWBBL,2021-02-14,2100.0,2100.0,1926.0,1926.0,-0.04 %,26559.0,51552253.0,-0.03700000000000003,-0.03770186718401153,2019.8,1978.3,1987.9608750935347,1917.1576366803472,51.14979084972054,70.8032384131875,85.47912262053772,94.0823746428968,1978.3,79.23788301859311,2136.7757660371863,1819.8242339628137,982290.0
SWBBL,2021-02-15,1964.0,2118.0,1964.0,2118.0,0.10 %,42819.0,89505508.0,0.09968847352024923,0.09502693380328091,2020.4,1992.95,2007.9668943099139,1932.0348487780993,62.73182012357448,75.93204553181454,83.5697072027931,101.07649073983274,1992.95,76.43950136170494,2145.8290027234098,1840.07099727659,1025109.0
SWBBL,2021-02-16,2223.0,2223.0,2057.0,2080.0,-0.02 %,30466.0,64197790.0,-0.017941454202077378,-0.018104353465988057,2027.6,2004.0,2019.048910569927,1942.995230350092,59.71421102406672,76.05368021983509,82.0665018062015,105.71388425841612,2004.0,71.89539184416516,2147.7907836883305,1860.2092163116697,994643.0
SWBBL,2021-02-17,2060.0,2080.0,2041.0,2060.0,-0.01 %,17462.0,26919532.0,-0.009615384615384581,-0.009661910911736859,2036.8,2011.1,2025.3490781745536,1951.6622503241592,58.129312854632836,73.68682785039437,80.39056701504008,100.9486068113864,2011.1,69.9405010291998,2150.9810020583996,1871.2189979416003,977181.0
SWBBL,2021-02-18,2060.0,2100.0,2027.0,2100.0,0.02 %,17201.0,35413200.0,0.01941747572815533,0.019231361927887592,2056.8,2016.6,2036.8338353784684,1962.650231781629,60.3934629623677,74.18360359683948,79.14917433139996,98.95227775343022,2016.6,72.4731529239745,2161.546305847949,1871.653694152051,994382.0
SWBBL,2021-02-21,2100.0,2100.0,2041.0,2060.0,-0.02 %,12724.0,26667673.0,-0.01904761904761909,-0.019231361927887644,2083.6,2016.35,2040.3978607048577,1969.8613257237305,57.070022846526875,70.53653498112726,77.42664646134543,96.09854362818521,2016.35,72.30583801140311,2160.961676022806,1871.7383239771937,981658.0
SWBBL,2021-02-22,2050.0,2062.0,2022.0,2029.0,-1.50 %,11147.0,22707244.0,-0.015048543689320404,-0.015162921957812037,2065.8,2017.8,2038.6443436733412,1974.2419682627135,54.56396973871493,64.40237541062766,74.82179225120187,92.09150479760056,2017.8,72.2514614676788,2162.3029229353574,1873.2970770646423,970511.0
SWBBL,2021-02-23,2021.0,2050.0,1980.0,2009.0,-0.99 %,16807.0,33526236.0,-0.009857072449482529,-0.009905975010880355,2051.6,2020.15,2034.083675415904,1976.8166372802903,52.948535939898605,57.2670381356138,71.31084142808426,90.51354016920052,2020.15,71.09613580442138,2162.342271608843,1877.9577283911574,953704.0
SWBBL,2021-02-24,2109.0,2109.0,2020.0,2024.0,0.75 %,22289.0,45520109.0,0.0074664011946241615,0.00743866559242172,2044.4,2021.4,2032.5323407365343,1980.3117011854538,54.047388316208355,52.22063955108047,67.4928010526835,91.19114444282906,2021.4,70.92427392355795,2163.248547847116,1879.5514521528842,975993.0
SWBBL,2021-02-25,2025.0,2039.0,1995.0,1996.0,0.00 %,9692.0,19461695.0,-0.013833992094861691,-0.01393057353594691,2023.6,2021.2,2026.9119806232213,1981.4737973939386,51.62375317164326,45.438183229282686,63.08187748800334,87.82034841119841,2021.2,70.99340221386542,2163.1868044277307,1879.2131955722691,966301.0
SWBBL,2021-02-28,2000.0,2000.0,1941.0,1941.0,-2.76 %,18121.0,35407910.0,-0.02755511022044088,-0.027941873702399027,1999.8,2021.8,2013.6947528350333,1978.475738327721,47.1510202639935,35.219014507312295,57.50930489186514,85.7617520961128,2021.8,70.21965536803022,2162.2393107360604,1881.3606892639395,948180.0
SWBBL,2021-03-01,1911.0,2025.0,1910.0,1965.0,0.00 %,12022.0,23664861.0,0.012364760432766575,0.012288941134351314,1987.0,2025.05,2006.2032523988744,1977.4775354886306,49.2185955510994,28.72571691024382,51.752587295540884,87.85019837496188,2025.05,65.64054828345276,2156.3310965669057,1893.7689034330945,960202.0
SWBBL,2021-03-02,1968.0,2000.0,1905.0,1929.0,-1.83 %,20809.0,40466481.0,-0.018320610687022953,-0.018490511397632584,1971.0,2023.75,1994.3258289528937,1973.8866069339172,46.292989187202316,20.43922201897658,45.489914240228025,88.36089849103604,2023.75,67.33644903338741,2158.422898066775,1889.077101933225,939393.0
SWBBL,2021-03-03,1951.0,1990.0,1935.0,1951.0,1.14 %,35659.0,69851996.0,0.011404872991187087,0.011340327717382076,1956.4,2024.55,1987.6603168062948,1972.19130271659,48.31487717060534,15.469014089704842,39.48573421012339,86.40654859881919,2024.55,66.3138272475315,2157.177654495063,1891.9223455049369,975052.0
SWBBL,2021-03-04,1990.0,2072.0,1975.0,2057.0,5.43 %,37877.0,76981410.0,0.05433111225012821,0.052906549029846026,1968.6,2028.5,1998.3279603745573,1978.473428441287,56.761198916696735,19.85453193327021,35.55949375475276,88.87750941318924,2028.5,65.745522160946,2159.991044321892,1897.0089556781081,1012929.0
SWBBL,2021-03-08,2098.0,2098.0,2035.0,2036.0,-1.02 %,28216.0,58323998.0,-0.010209042294603843,-0.010261511982543858,1987.6,2022.7,2004.1236587784715,1982.7346559641546,54.848847560705664,21.389002814316882,32.72539556666558,87.02911588367573,2022.7,59.05314288177606,2140.8062857635523,1904.593714236448,984713.0
SWBBL,2021-03-09,1994.0,2094.0,1994.0,2020.0,-0.79 %,24211.0,49206675.0,-0.007858546168958758,-0.007889587275162932,1998.6,2017.95,2006.5661728125528,1985.4950518186615,53.37339143832449,21.071120993891327,30.39454065211073,87.95560760627032,2017.95,54.913784100310096,2127.7775682006204,1908.12243179938,960502.0
SWBBL,2021-03-10,2025.0,2025.0,1978.0,1982.0,-1.88 %,48494.0,96614952.0,-0.01881188118811883,-0.018991075505317163,2009.2,2014.85,2002.7867616106216,1985.2361590913533,49.937541062457235,17.550602519268296,27.825753025542245,85.0302070629653,2014.85,55.11545298643284,2125.0809059728654,1904.6190940271342,912008.0
SWBBL,2021-03-14,1632.0,1632.0,1570.0,1577.0,-5.29 %,18877.0,29922379.0,-0.20433905146316855,-0.22858212792689497,1934.4,1993.0,1937.2811059782184,1954.9964436031048,28.718456374117153,-17.715337624886388,18.71753489545652,108.3851922727535,1993.0,112.36219630240298,2217.724392604806,1768.2756073951941,893131.0
SWBBL,2021-03-15,1560.0,1590.0,1532.0,1561.0,-1.01 %,12898.0,20118520.0,-0.010145846544071024,-0.010197666447606323,1835.2,1971.05,1879.3917050584926,1925.8115218547266,28.208504493939557,-46.419816796234045,5.690064557118406,104.78624996755683,1971.05,148.11427842611687,2267.2785568522336,1674.8214431477663,880233.0
SWBBL,2021-03-16,1565.0,1580.0,1550.0,1579.0,1.15 %,4948.0,7756502.0,0.01153106982703389,0.011465093740209965,1743.8,1953.7,1833.1775965879551,1900.1217794951174,29.720443674488223,-66.94418290716226,-8.836784935737727,99.44437496987419,1953.7,172.05754851213328,2297.815097024267,1609.5849029757335,885181.0
SWBBL,2021-03-17,1657.0,1657.0,1554.0,1614.0,2.22 %,15021.0,23958017.0,0.02216592780240667,0.0219238345742521,1662.6,1928.5,1799.4579663436543,1878.9275736065902,32.688884079847654,-79.46960726293582,-22.963349401177346,99.69834818631176,1928.5,183.27043578161786,2295.0408715632357,1561.9591284367643,900202.0
SWBBL,2021-03-18,1632.0,1700.0,1615.0,1700.0,5.33 %,17327.0,29062709.0,0.053283767038413865,0.05191268121441333,1606.2,1909.5,1784.156740752323,1865.6736792653612,39.455746438167836,-81.51693851303821,-34.67406722354952,98.71989474443235,1909.5,186.4082955009893,2282.316591001979,1536.6834089980214,917529.0
SWBBL,2021-03-21,1650.0,1780.0,1650.0,1760.0,3.53 %,15792.0,27747794.0,0.03529411764705892,0.03468555798789011,1642.8,1894.5,1780.4403190981193,1857.845999319779,43.7076864869601,-77.40568022165962,-43.220389823171544,100.95418797697289,1894.5,185.72942968909592,2265.958859378192,1523.0411406218082,933321.0
SWBBL,2021-03-22,1795.0,1795.0,1695.0,1712.0,-2.73 %,9360.0,16107881.0,-0.027272727272727226,-0.02765153133051001,1673.0,1875.1,1769.9110392368702,1847.0425919627583,41.214044459528765,-77.13155272588801,-50.00262240371484,100.8860316929034,1875.1,183.3836645425593,2241.8673290851184,1508.3326709148814,923961.0
SWBBL,2021-03-23,1684.0,1712.0,1684.0,1701.0,-0.64 %,8697.0,14757402.0,-0.006425233644859807,-0.006445964305825643,1697.4,1857.15,1759.3093408927364,1836.2246221877392,40.64179511624845,-76.91528129500284,-55.38515418197244,95.67988657198174,1857.15,181.89652205814005,2220.9430441162804,1493.35695588372,915264.0
SWBBL,2021-03-24,1725.0,1745.0,1694.0,1744.0,2.53 %,11192.0,19333270.0,0.025279247501469815,0.024965012073063265,1723.4,1842.9,1756.9540576784693,1829.393168692351,43.91980341550177,-72.43911101388176,-58.795945548354304,92.48846610255447,1842.9,178.86334095293944,2200.626681905879,1485.1733180941212,926456.0
SWBBL,2021-03-25,1744.0,1773.0,1703.0,1710.0,-1.95 %,5494.0,9594452.0,-0.019495412844036664,-0.01968795497221938,1725.4,1827.95,1749.7303564971664,1820.5492302706955,41.94725365661683,-70.81887377352905,-61.20053119338926,90.88214709522916,1827.95,176.7324695393551,2181.41493907871,1474.48506092129,920962.0
SWBBL,2021-03-29,1700.0,1725.0,1681.0,1704.0,-0.35 %,4709.0,8054727.0,-0.0035087719298245723,-0.003514942107444497,1714.2,1811.95,1742.694917036064,1811.9159539543477,41.5922466079545,-69.22103691828374,-62.804632338368165,87.5334223027128,1811.95,172.48355375453886,2156.9171075090776,1466.9828924909223,916253.0
SWBBL,2021-03-30,1730.0,1770.0,1711.0,1751.0,2.76 %,10889.0,19108865.0,0.02758215962441324,0.0272086248965909,1722.0,1799.7,1743.9726221074388,1807.4036610688404,45.484363054641804,-63.431038961401555,-62.92991366297485,85.99532070966188,1799.7,167.3477627105184,2134.395525421037,1465.0044745789633,927142.0
SWBBL,2021-03-31,1800.0,1800.0,1764.0,1767.0,0.91 %,19661.0,34950717.0,0.00913763563677894,0.009096140033844503,1735.2,1791.0,1747.5152956293712,1804.4107972859633,46.78441577966646,-56.89550165659216,-61.72303126169832,83.3527978018289,1791.0,164.10683298261657,2119.2136659652333,1462.786334034767,946803.0
SWBBL,2021-04-01,1767.0,1790.0,1746.0,1769.0,0.11 %,15862.0,28047532.0,0.0011318619128466434,0.0011312218400888893,1740.2,1781.2,1750.820634763314,1801.7877752647807,46.954702765691366,-50.9671405014667,-59.571853109652,80.54188367312683,1781.2,158.94010788577665,2099.0802157715534,1463.3197842284467,962665.0
SWBBL,2021-04-04,1810.0,1810.0,1745.0,1755.0,-0.79 %,6570.0,11780171.0,-0.007914075749010707,-0.007945558259819057,1749.2,1772.5,1751.4636140304965,1798.3220141340562,45.84870954578169,-46.85840010355969,-57.029162508433544,79.43174912504634,1772.5,155.14085280973484,2082.78170561947,1462.2182943805303,956095.0
SWBBL,2021-04-05,1750.0,1755.0,1731.0,1745.0,-0.57 %,6637.0,11581538.0,-0.005698005698005715,-0.005714301263438664,1757.4,1762.2,1750.4692118719586,1794.3722353093112,45.032768716044224,-43.90302343735266,-54.40393469421737,75.47233847325731,1762.2,149.39830197021806,2060.996603940436,1463.4033960595639,949458.0
SWBBL,2021-04-06,1745.0,1760.0,1735.0,1758.0,0.74 %,12474.0,21877606.0,0.007449856733524385,0.007422243608594798,1758.8,1747.25,1751.627794660888,1791.6779956567696,46.368981521179094,-40.050200995881596,-51.533187954550215,71.86717143945323,1747.25,132.33087518157404,2011.911750363148,1482.588249636852,961932.0
SWBBL,2021-04-07,1758.0,1836.0,1758.0,1829.0,4.04 %,41435.0,77617663.0,0.04038680318543797,0.03959257014574336,1771.2,1736.9,1763.5312108669052,1794.442588571083,53.07785098239635,-30.911377704177767,-47.40882590447573,72.30523062234943,1736.9,115.59498259010017,1968.0899651802004,1505.7100348197998,1003367.0
SWBBL,2021-04-08,1834.0,1845.0,1805.0,1843.0,0.77 %,43313.0,78828580.0,0.007654455986878084,0.007625309278957593,1786.0,1728.05,1775.757178425843,1798.0394338621138,54.29202149639155,-22.282255436270816,-42.38351181083475,69.99771414932448,1728.05,98.25502531680291,1924.560050633606,1531.539949366394,1046680.0
SWBBL,2021-04-12,1869.0,1923.0,1850.0,1914.0,3.80 %,60154.0,113788915.0,0.0385241454150842,0.03780061434307638,1817.8,1724.65,1797.025304821867,1806.6291054278831,59.95180399270466,-9.603800606016193,-35.82756956987104,70.71216313865844,1724.65,89.81927761669282,1904.2885552333858,1545.0114447666144,1106834.0
SWBBL,2021-04-13,1914.0,1940.0,1878.0,1906.0,-0.42 %,25804.0,49096520.0,-0.004179728317659337,-0.004188487798752135,1850.0,1741.1,1813.7906425415797,1813.989912433225,59.064342691633044,-0.1992698916453719,-28.701909634225906,70.08986577161141,1741.1,91.4669339160636,1924.033867832127,1558.1661321678728,1081030.0
SWBBL,2021-04-15,1929.0,1944.0,1886.0,1895.0,-0.58 %,21905.0,41748510.0,-0.005771248688352548,-0.005787966697620677,1877.4,1757.8,1826.284389842875,1819.9906596603937,57.79744030321186,6.29373018248134,-21.702781670884455,69.22630393078202,1757.8,87.24713839376186,1932.2942767875236,1583.3057232124763,1059125.0
SWBBL,2021-04-18,1861.0,1888.0,1845.0,1860.0,-1.85 %,15720.0,29424840.0,-0.01846965699208447,-0.01864235080927983,1883.6,1771.85,1831.471406790125,1822.9543145003645,53.84026736760155,8.517092289760512,-15.658806878755462,67.85299650715474,1771.85,79.19215471513898,1930.2343094302778,1613.465690569722,1043405.0
SWBBL,2021-04-19,1826.0,1865.0,1803.0,1820.0,-2.15 %,20757.0,37928771.0,-0.021505376344086002,-0.021739986636405875,1879.0,1782.15,1829.7065749762596,1822.7354763892263,49.65595236844252,6.971098587033339,-11.132825785597703,67.43492532807227,1782.15,70.500671889334,1923.151343778668,1641.1486562213322,1022648.0
SWBBL,2021-04-20,1810.0,1821.0,1790.0,1803.0,-0.93 %,21691.0,39110105.0,-0.009340659340659307,-0.00938455686752373,1856.8,1787.3,1825.5978711337582,1821.2735892492838,47.95033191840133,4.324281884474431,-8.041404251583277,64.83243066178139,1787.3,67.89783346675424,1923.0956669335085,1651.5043330664914,1000957.0
SWBBL,2021-04-21,1772.0,1805.0,1750.0,1760.0,-2.38 %,17250.0,30483099.0,-0.023849140321686058,-0.024138135171119783,1827.6,1787.3,1815.5058909593338,1816.734804860448,43.84770380579039,-1.2289139011143106,-6.678906181489484,64.13011418593986,1787.3,67.89783346675424,1923.0956669335085,1651.5043330664914,983707.0
SWBBL,2021-04-22,1751.0,1794.0,1740.0,1785.0,1.42 %,30014.0,52804904.0,0.014204545454545414,0.014104606181541945,1805.6,1790.95,1810.81267696559,1814.384078574489,46.70286501292059,-3.5714016088988956,-6.057405266971367,63.40653460122987,1790.95,65.55871213536383,1922.0674242707278,1659.8325757292723,1013721.0
SWBBL,2021-04-25,1770.0,1770.0,1695.0,1700.0,-4.76 %,22198.0,38162179.0,-0.04761904761904767,-0.048790164169432056,1773.6,1790.9,1793.7645728170378,1805.9111838652675,39.372583877038274,-12.146611048229715,-7.275246423223037,65.30606784399917,1790.9,65.63126661813051,1922.1625332362612,1659.637466763739,991523.0
SWBBL,2021-04-26,1784.0,1784.0,1622.0,1655.0,-2.65 %,22368.0,37318062.0,-0.026470588235294135,-0.02682724223314419,1740.6,1786.45,1772.416176999032,1794.7325776530256,36.13867618745626,-22.316400653993696,-10.283477269377169,72.21277728371352,1786.45,71.71396032341657,1929.8779206468332,1643.0220793531669,969155.0
SWBBL,2021-04-27,1735.0,1814.0,1635.0,1755.0,6.04 %,26208.0,29911187.0,0.06042296072507547,0.058667848088802856,1731.0,1788.7,1769.736765153027,1791.7894237528014,46.62945053729276,-22.05265859977453,-12.637313535456641,79.84043604916255,1788.7,69.87138560470366,1928.4427712094073,1648.9572287905928,995363.0
SWBBL,2021-04-28,1789.0,1789.0,1719.0,1749.0,-0.34 %,6211.0,10863039.0,-0.0034188034188034067,-0.003424660881364103,1728.8,1790.95,1766.5464935910227,1788.6198368081496,46.13969396562979,-22.073343217126876,-14.52451947179069,79.13754775993665,1790.95,67.6908413303114,1926.3316826606228,1655.5683173393772,989152.0
SWBBL,2021-04-29,1775.0,1775.0,1740.0,1765.0,0.91 %,5267.0,9296255.0,0.00914808461978267,0.00910649434879501,1724.8,1791.65,1766.3085715000961,1786.870219266805,47.71671066650764,-20.561647766708802,-15.731945130774314,75.98486577708404,1791.65,67.3273816199239,1926.304763239848,1656.9952367601522,994419.0
SWBBL,2021-05-02,1735.0,1799.0,1735.0,1798.0,1.87 %,16768.0,30148864.0,0.018696883852691304,0.018524245664168524,1744.4,1793.2,1771.1841758846967,1787.6946474692638,50.90931575823182,-16.510471584567085,-15.887650421532868,75.12880393586376,1793.2,67.08643285858624,1927.3728657171725,1659.0271342828275,1011187.0
SWBBL,2021-05-03,1798.0,1830.0,1771.0,1800.0,0.11 %,29460.0,53028000.0,0.0011123470522802492,0.0011117288526904154,1773.4,1794.75,1775.6173795947434,1788.6061550641332,51.104190109329274,-12.988775469389793,-15.307875431104254,73.97674651187349,1794.75,66.85559851378912,1928.4611970275782,1661.0388029724218,1040647.0
SWBBL,2021-05-04,1800.0,1806.0,1773.0,1802.0,0.11 %,36708.0,66147816.0,0.0011111111111110628,0.0011104942840271153,1782.8,1797.1,1779.6762442724753,1789.5982917260494,51.31233188467741,-9.922047453574123,-14.230709835598228,71.04983604673967,1797.1,66.20772732770786,1929.5154546554156,1664.6845453445842,1077355.0
SWBBL,2021-05-05,1892.0,1892.0,1783.0,1793.0,-0.50 %,23252.0,41690836.0,-0.004994450610432799,-0.005006964563150292,1791.6,1799.5,1781.7260528459406,1789.8502701167124,50.27518916920933,-8.124217270771851,-13.009411322632953,73.76056204340114,1799.5,65.08011257394189,1929.6602251478837,1669.3397748521163,1054103.0
SWBBL,2021-05-06,1800.0,1800.0,1750.0,1751.0,-2.34 %,15644.0,27392644.0,-0.02342442833240377,-0.023703141319281,1788.8,1799.15,1776.998967792719,1786.9724723302893,45.63916274455887,-9.973504537570307,-12.402229965620425,72.06337904030106,1799.15,65.3333758503674,1929.8167517007348,1668.4832482992654,1038459.0
SWBBL,2021-05-09,1664.0,1710.0,1660.0,1683.0,-3.88 %,47267.0,79550361.0,-0.03883495145631066,-0.03960913809504583,1765.8,1791.85,1762.5375881323007,1779.2708077132309,39.31761201096099,-16.733219580930154,-13.268427888682371,73.4159948231367,1791.85,69.82479954560802,1931.499599091216,1652.2004009087839,991192.0
SWBBL,2021-05-10,1683.0,1697.0,1640.0,1681.0,-0.12 %,23271.0,39118551.0,-0.0011883541295305555,-0.0011890607821903546,1742.0,1783.75,1749.9933438042544,1771.9914886233619,39.14586955457987,-21.998144819107438,-15.014371274767385,72.24342376434122,1783.75,72.9072048999357,1929.5644097998713,1637.9355902001287,967921.0
SWBBL,2021-05-11,1765.0,1765.0,1667.0,1707.0,1.55 %,17084.0,29162388.0,0.015466983938132062,0.015348589385825001,1723.0,1773.4,1743.3789832189846,1767.1773042808904,42.652827689195085,-23.79832106190588,-16.771161232195084,74.08317920974542,1773.4,67.96934293453796,1909.338685869076,1637.4613141309242,985005.0
SWBBL,2021-05-12,1760.0,1760.0,1700.0,1710.0,0.18 %,22510.0,38492100.0,0.0017574692442883233,0.0017559267022650125,1706.4,1763.6,1738.2437550314485,1762.941948408232,43.06057041548003,-24.698193376783593,-18.356567661112784,73.07723783762076,1763.6,61.683743486690304,1886.9674869733806,1640.2325130266192,1007515.0
SWBBL,2021-05-13,1711.0,1724.0,1710.0,1716.0,0.35 %,15130.0,25963080.0,0.0035087719298245723,0.0035026305512020745,1699.4,1754.65,1734.821638872764,1759.4647670446593,43.91938938141828,-24.64312817189534,-19.613879763269296,68.85743513493357,1754.65,54.139464154652416,1862.9289283093049,1646.3710716906953,1022645.0
SWBBL,2021-05-16,1749.0,1767.0,1719.0,1764.0,2.80 %,19985.0,35253540.0,0.027972027972027913,0.027587956518828963,1715.6,1749.85,1739.3106175077235,1759.8007102265365,50.36877282874803,-20.490092718813003,-19.789122354378037,67.58190405386688,1749.85,48.24201597434233,1846.3340319486845,1653.3659680513153,1042630.0
SWBBL,2021-05-17,1705.0,1800.0,1705.0,1775.0,0.62 %,23069.0,40947475.0,0.006235827664399007,0.006216465342779473,1734.4,1747.6,1744.8012917373044,1760.9265835430895,51.73852558124761,-16.125291805785082,-19.056356244659447,69.54033947859068,1747.6,45.78485155140834,1839.1697031028166,1656.0302968971832,1065699.0
SWBBL,2021-05-18,1801.0,1808.0,1760.0,1807.0,1.80 %,41133.0,74327331.0,0.01802816901408444,0.017867588682712255,1754.4,1747.8,1754.370323777719,1764.3394292065645,55.579265344102964,-9.969105428845523,-17.238906081496665,68.0017438015485,1747.8,46.04757265452731,1839.8951453090547,1655.7048546909452,1106832.0
SWBBL,2021-05-19,1821.0,1830.0,1791.0,1805.0,-0.11 %,30957.0,55877385.0,-0.0011068068622025473,-0.0011074198252472003,1773.4,1750.05,1762.1595047349929,1767.3513233394117,55.283142630935316,-5.191818604418813,-14.829488586081094,65.93019067286647,1750.05,47.743255241533056,1845.536510483066,1654.563489516934,1075875.0
SWBBL,2021-05-20,1895.0,1895.0,1801.0,1820.0,0.83 %,25138.0,45751160.0,0.008310249307479145,0.008275909303859661,1794.2,1751.8,1771.0580424680709,1771.25122531427,57.12806440328386,-0.193182846199079,-11.902227438104692,67.93517705337601,1751.8,49.69337560432883,1851.1867512086576,1652.4132487913423,1101013.0
SWBBL,2021-05-23,1800.0,1820.0,1762.0,1820.0,0.00 %,21230.0,38638600.0,0.0,0.0,1805.4,1757.8,1778.58757439606,1774.8622456613612,57.128064403114635,3.7253287346989055,-8.776716203543973,67.22552154956344,1757.8,50.34993336121903,1858.4998667224381,1657.1001332775618,1101013.0
SWBBL,2021-05-24,1805.0,1854.0,1805.0,1828.0,0.44 %,19546.0,35730088.0,0.00439560439560438,0.004385971943254268,1816.0,1766.45,1786.1894860274356,1778.7983756123715,58.19491567691765,7.391110415064077,-5.543150879822363,65.92369858173748,1766.45,46.47067553001576,1859.3913510600316,1673.5086489399685,1120559.0
SWBBL,2021-05-25,1820.0,1830.0,1810.0,1813.0,-0.82 %,9755.0,17685815.0,-0.00820568927789933,-0.00823954125924425,1817.2,1769.35,1790.3141804847533,1781.3318292707145,55.41065418100828,8.982351214038772,-2.6380504610501365,62.64343439732767,1769.35,47.5165068271869,1864.3830136543738,1674.316986345626,1110804.0
SWBBL,2021-05-27,1723.0,1785.0,1690.0,1758.0,-3.03 %,31998.0,56252484.0,-0.030336458907887498,-0.030806132509728766,1807.8,1769.8,1785.3427681024837,1779.6035456210318,46.60581890661688,5.739222481451861,-0.962595872549737,66.9546176546614,1769.8,47.35598667211651,1864.511973344233,1675.088026655767,1078806.0
SWBBL,2021-05-30,1758.0,1793.0,1726.0,1740.0,-1.02 %,17694.0,30787560.0,-0.010238907849829393,-0.010291686036547636,1791.8,1768.55,1778.3669576251784,1776.6699496491035,44.13411265457674,1.6970079760749286,-0.43067510282480387,66.95785925075702,1768.55,47.81705817631455,1864.184116352629,1672.915883647371,1061112.0
SWBBL,2021-05-31,1741.0,1760.0,1730.0,1730.0,-0.57 %,34635.0,59918550.0,-0.005747126436781658,-0.0057637047167501294,1773.8,1765.15,1770.925887221305,1773.2129163417626,42.77680822084236,-2.287029120457646,-0.8019459063513723,64.31801216141724,1765.15,48.029897487263746,1861.2097949745275,1669.0902050254726,1026477.0
SWBBL,2021-06-01,1710.0,1740.0,1710.0,1713.0,-0.98 %,9769.0,16734297.0,-0.009826589595375745,-0.009875189167704745,1750.8,1760.8,1762.014212264181,1768.7527003164469,40.496696781027225,-6.738488052265893,-1.9892543355342767,61.866725578458876,1760.8,48.643277244220855,1858.0865544884416,1663.5134455115583,1016708.0
SWBBL,2021-06-02,1713.0,1740.0,1710.0,1741.0,1.63 %,6417.0,11171997.0,0.016345592527729158,0.016213441444069162,1736.4,1757.75,1758.78125653123,1766.6969447374508,45.63652603208092,-7.915688206220921,-3.1745411096716056,59.59053089428325,1757.75,47.82960435375872,1853.4092087075173,1662.0907912924827,1023125.0
SWBBL,2021-06-03,1752.0,1775.0,1730.0,1735.0,-0.34 %,8843.0,15342605.0,-0.003446295232624963,-0.00345224738722951,1731.8,1754.85,1755.1226016802714,1764.3490229050471,44.744605418399495,-9.226421224775777,-4.38491713269244,58.54835011612016,1754.85,47.33561583333757,1849.521231666675,1660.1787683333248,1014282.0
SWBBL,2021-06-06,1735.0,1750.0,1722.0,1728.0,-0.40 %,9159.0,15851901.0,-0.004034582132564801,-0.004042743016958596,1729.4,1753.7,1750.9498937294604,1761.6565026898584,43.67222128740094,-10.706608960397944,-5.649255498233541,56.366325107825865,1753.7,47.71196473582808,1849.1239294716563,1658.2760705283438,1005123.0
SWBBL,2021-06-07,1730.0,1735.0,1723.0,1725.0,-0.17 %,15906.0,27460118.0,-0.0017361111111111605,-0.0017376198985408486,1728.4,1755.8,1746.9576023864665,1758.9412061943133,43.19442225732358,-11.983603807846748,-6.916125160156183,53.1973018858383,1755.8,45.299703728614624,1846.3994074572292,1665.2005925427707,989217.0
SWBBL,2021-06-08,1715.0,1725.0,1709.0,1714.0,-0.64 %,10034.0,17190724.0,-0.006376811594202891,-0.006397230307735025,1728.6,1757.45,1741.8872020193178,1755.6122279576975,41.40564742681491,-13.725025938379758,-8.277905315800899,50.54035175113557,1757.45,42.97303315979552,1843.396066319591,1671.503933680409,979183.0
SWBBL,2021-06-09,1740.0,1740.0,1715.0,1721.0,0.00 %,6300.0,10836103.0,0.0040840140023337135,0.004075697053814311,1724.6,1758.15,1738.673786324038,1753.0483592200903,43.02268468311667,-14.374572896052314,-9.497238831851183,48.78746948319731,1758.15,42.21533146301033,1842.5806629260208,1673.7193370739794,985483.0
SWBBL,2021-06-10,1721.0,1739.0,1692.0,1693.0,-1.63 %,10159.0,17263264.0,-0.01626961069145849,-0.01640341407840414,1716.2,1757.3,1731.6470499664938,1748.6003326111947,38.45156152799585,-16.95328264470095,-10.988447594421137,48.65979309154036,1757.3,43.39063687509749,1844.081273750195,1670.518726249805,975324.0
SWBBL,2021-06-13,1717.0,1717.0,1673.0,1680.0,-0.77 %,15968.0,26866556.0,-0.007678676904902537,-0.0077083097358307045,1706.6,1755.5,1723.7013499716486,1743.518826491847,36.51188345872351,-19.817476520198397,-12.754253379576589,48.32695072785891,1755.5,45.86995347266523,1847.2399069453304,1663.7600930546696,959356.0
SWBBL,2021-06-14,1680.0,1699.0,1647.0,1668.0,-0.71 %,13272.0,22195382.0,-0.0071428571428571175,-0.007168489478612516,1695.2,1750.7,1715.131911514472,1737.9248393443027,34.768380406411225,-22.79292782983066,-14.761988269627405,48.589311390154705,1750.7,49.78913430400642,1850.278268608013,1651.1217313919872,946084.0
SWBBL,2021-06-15,1660.0,1675.0,1655.0,1659.0,-0.54 %,10704.0,17818492.0,-0.0053956834532373765,-0.005410292728247543,1684.2,1744.9,1706.4962328199379,1732.0785549484285,33.477209669649795,-25.58232212849066,-16.92605504140006,46.547217719429376,1744.9,53.43259403462208,1851.7651880692442,1638.034811930756,935380.0
SWBBL,2021-06-16,1577.0,1770.0,1577.0,1716.0,3.44 %,25488.0,44122788.0,0.03435804701627476,0.033780989857463,1683.2,1740.35,1707.9583508476396,1730.8875508781746,46.92142595184532,-22.929200030534957,-18.126684039227037,57.00813073947013,1740.35,51.713049355939205,1843.7760987118784,1636.9239012881214,960868.0
SWBBL,2021-06-17,1745.0,1745.0,1666.0,1695.0,-1.22 %,8904.0,15138453.0,-0.012237762237762184,-0.012313260233356901,1683.6,1734.85,1705.9647584095412,1728.2292137760874,43.43831635948505,-22.264455366546144,-18.954238304690858,58.578978543793696,1734.85,50.30567091612444,1835.4613418322488,1634.238658167751,951964.0
SWBBL,2021-06-20,1720.0,1754.0,1670.0,1680.0,-0.88 %,12247.0,20737541.0,-0.008849557522123908,-0.00888894741724604,1683.6,1727.85,1701.9701801926885,1724.6566794223031,41.09188093765877,-22.686499229614583,-19.7006904896756,60.39476579066557,1727.85,47.495456846505675,1822.8409136930113,1632.8590863069885,939717.0
SWBBL,2021-06-21,1671.0,1690.0,1646.0,1646.0,-2.02 %,6201.0,10327178.0,-0.020238095238095277,-0.020445691160289527,1679.2,1719.15,1693.3593832399672,1718.8302587243547,36.30478790699855,-25.470875484387534,-20.85472748861799,59.223711091332326,1719.15,45.626948408350984,1810.403896816702,1627.8961031832982,933516.0
SWBBL,2021-06-22,1676.0,1680.0,1645.0,1661.0,0.91 %,8614.0,14280501.0,0.009113001215066863,0.009071728376279784,1679.6,1710.8,1688.3810165876644,1714.546535855884,39.64537958323862,-26.16551926821967,-21.916885844538328,57.493446013380016,1710.8,39.5322653032397,1789.8645306064793,1631.7354693935206,942130.0
SWBBL,2021-06-23,1656.0,1664.0,1618.0,1618.0,-2.59 %,6231.0,10189945.0,-0.02588801926550266,-0.026229011994857825,1660.0,1701.05,1677.5531678818697,1707.3949406073002,34.12081688719502,-29.841772725430474,-23.501863220716757,56.672485583852875,1701.05,36.96296154695351,1774.9759230939069,1627.124076906093,935899.0
SWBBL,2021-06-24,1630.0,1630.0,1590.0,1596.0,-1.36 %,6259.0,10002808.0,-0.013597033374536438,-0.013690319608682897,1640.2,1692.95,1665.0065266692745,1699.1434635252779,31.68784578457884,-34.13693685600333,-25.628877947774072,55.48159375643481,1692.95,41.31964614926597,1775.589292298532,1610.3107077014681,929640.0
SWBBL,2021-06-27,1583.0,1614.0,1581.0,1598.0,0.13 %,3830.0,6093788.0,0.0012531328320801727,0.0012523483164658734,1623.8,1685.85,1654.697830258617,1691.651355115998,32.16141808213462,-36.953524857381126,-27.893807329695484,53.87576563097518,1685.85,44.85799230560881,1775.5659846112176,1596.1340153887822,933470.0
SWBBL,2021-06-28,1625.0,1630.0,1590.0,1610.0,0.75 %,10417.0,16765056.0,0.007509386733416834,0.007481331652288766,1616.6,1679.85,1647.8212409880605,1685.6031065888872,35.06992529434575,-37.78186560082668,-29.871418983921725,52.88463951447695,1679.85,46.63212694231064,1773.1142538846211,1586.5857461153787,943887.0
SWBBL,2021-06-29,1630.0,1660.0,1616.0,1625.0,0.93 %,7466.0,12266436.0,0.009316770186335477,0.009273636785329253,1609.4,1675.45,1644.310280836051,1681.113987582303,38.61287798733704,-36.80370674625192,-31.257876536387762,52.67859383487146,1675.45,47.48348743461531,1770.4169748692307,1580.4830251307694,951353.0
SWBBL,2021-06-30,1614.0,1620.0,1601.0,1620.0,-0.31 %,2661.0,4283114.0,-0.003076923076923088,-0.003081666537408112,1609.8,1669.4,1640.5702376305048,1676.5870255391694,37.87107175869214,-36.01678790866458,-32.20965881084312,50.63012284666635,1669.4,46.3878386967242,1762.1756773934485,1576.6243226065517,948692.0
SWBBL,2021-07-01,1701.0,1701.0,1602.0,1618.0,-0.12 %,6173.0,10008405.0,-0.0012345679012345512,-0.0012353306079927434,1614.2,1663.55,1637.097893379658,1672.247245869601,37.56023577592749,-35.14935248994311,-32.79759754666313,54.08511407190447,1663.55,45.03738213395236,1753.6247642679048,1573.4752357320951,942519.0
SWBBL,2021-07-04,1590.0,1635.0,1590.0,1615.0,-0.19 %,3964.0,6412602.0,-0.001854140914709479,-0.001855861961680045,1617.6,1657.9,1633.6982174750954,1668.0067091385195,37.068753772932354,-34.30849166342409,-33.09977637001532,53.43617735248272,1657.9,43.59128353244488,1745.0825670648899,1570.7174329351103,938555.0
SWBBL,2021-07-05,1636.0,1636.0,1615.0,1625.0,0.62 %,5926.0,9625225.0,0.006191950464396356,0.006172859107081016,1620.6,1652.9,1632.3600301712345,1664.8210269801107,39.892163053212016,-32.46099680887619,-32.972020457787494,51.1193075415911,1652.9,41.15682459243359,1735.2136491848673,1570.5863508151328,944481.0
SWBBL,2021-07-06,1625.0,1645.0,1625.0,1636.0,0.68 %,2913.0,4762196.0,0.006769230769230861,0.006746422398854595,1622.8,1649.0,1632.9200255295061,1662.686136092695,42.92554201310142,-29.76611056318893,-32.33083847886778,48.896499860048884,1649.0,38.683601857087105,1726.3672037141741,1571.6327962858259,947394.0
SWBBL,2021-07-07,1640.0,1655.0,1635.0,1635.0,-0.06 %,5133.0,8436202.0,-0.0006112469437652424,-0.0006114338313385593,1625.8,1644.7,1633.2400216018896,1660.63531119694,42.71450291325868,-27.39528959505037,-31.3437287021043,46.83246415575968,1644.7,34.848695512937766,1714.3973910258755,1575.0026089741245,942261.0
SWBBL,2021-07-08,1650.0,1662.0,1640.0,1653.0,1.10 %,6143.0,10134450.0,0.011009174311926495,0.010949014489670303,1632.8,1642.7,1636.280018278522,1660.069732589759,47.69892636092501,-23.78971431123705,-29.832925823930854,45.415859573205424,1642.7,33.031245176360365,1708.7624903527208,1576.6375096472793,948404.0
SWBBL,2021-07-11,1686.0,1695.0,1662.0,1683.0,1.81 %,5189.0,8719910.0,0.01814882032667886,0.01798609636978192,1646.4,1642.85,1643.467707774134,1661.7682709164437,54.763594500189555,-18.300563142309784,-27.52645328760664,45.17186960369075,1642.85,33.215841179612625,1709.2816823592252,1576.4183176407746,953593.0
SWBBL,2021-07-12,1690.0,1690.0,1651.0,1655.0,-1.66 %,6350.0,10613975.0,-0.016636957813428443,-0.016776906379642773,1652.4,1642.2,1645.2419065781132,1661.2669175152257,48.21716767800762,-16.025010937112484,-25.22616481750781,44.7310217748557,1642.2,32.82264943290791,1707.845298865816,1576.5547011341841,947243.0
SWBBL,2021-07-13,1665.0,1685.0,1651.0,1665.0,0.60 %,2853.0,4756630.0,0.0060422960725075026,0.006024114603380876,1658.2,1642.5,1648.2816132584035,1661.5434421437274,50.49332753734858,-13.261828885323894,-22.83329763107103,43.96452021950886,1642.5,33.01116238655279,1708.5223247731055,1576.4776752268945,950096.0
SWBBL,2021-07-14,1665.0,1665.0,1638.0,1652.0,-0.78 %,4132.0,6797149.0,-0.007807807807807765,-0.007838448333620783,1661.6,1639.3,1648.8536727571106,1660.8365205034513,47.56618852606251,-11.982847746340667,-20.663207654124957,42.75276877525823,1639.3,28.273290352814183,1695.8465807056284,1582.7534192943715,945964.0
SWBBL,2021-07-15,1660.0,1670.0,1641.0,1659.0,0.42 %,6433.0,10671962.0,0.004237288135593209,0.004228336109521105,1662.8,1637.5,1650.4146461790936,1660.7004819476401,49.27148873059793,-10.285835768546576,-18.58773327700928,41.77042814845407,1637.5,25.55592422832757,1688.611848456655,1586.388151543345,952397.0
SWBBL,2021-07-18,1675.0,1751.0,1675.0,1751.0,5.55 %,11719.0,20121412.0,0.05545509342977706,0.05397204209540744,1676.4,1641.05,1665.8893159976947,1667.3893351367037,65.26216004745746,-1.500019139009055,-15.170190449409237,45.35825470927878,1641.05,34.96836916573841,1710.9867383314768,1571.1132616685231,964116.0
SWBBL,2021-07-19,1779.0,1780.0,1740.0,1740.0,-0.63 %,15610.0,27359776.0,-0.006282124500285535,-0.006301940077277123,1693.4,1645.75,1677.2909596903569,1672.7679029043554,62.716581520374966,4.523056786001462,-11.231541002327099,44.97552223004458,1645.75,41.39523872959008,1728.5404774591802,1562.9595225408198,948506.0
SWBBL,2021-07-20,1740.0,1750.0,1735.0,1740.0,0.00 %,1796.0,3125040.0,0.0,0.0,1708.4,1649.7,1686.938504353379,1677.7480582447736,62.71658152013546,9.190446108605329,-7.147143580140614,42.83441349932711,1649.7,46.39430545825009,1742.4886109165002,1556.9113890835,948506.0
SWBBL,2021-07-22,1750.0,1755.0,1735.0,1751.0,0.63 %,5540.0,9676846.0,0.006321839080459801,0.00630194007727717,1728.2,1656.35,1696.7941190682438,1683.17412800442,64.33017951388067,13.619991063823818,-2.993716651347727,41.20338396366089,1656.35,50.92230924607969,1758.1946184921594,1554.5053815078404,954046.0
SWBBL,2021-07-25,1750.0,1800.0,1750.0,1800.0,2.80 %,12468.0,22163410.0,0.027984009137635546,0.02759961159840412,1756.4,1666.55,1712.6719469038985,1691.8278963003888,70.46269396996321,20.844050603509686,1.7738367996237554,41.83171368054226,1666.55,58.12008892670458,1782.7901778534092,1550.3098221465907,966514.0
SWBBL,2021-07-26,1800.0,1845.0,1800.0,1843.0,2.39 %,24112.0,44220703.7,0.02388888888888885,0.02360801378556718,1774.8,1678.8,1732.7224166109909,1703.0258299077675,74.59108508576011,29.696586703223375,7.35838678034368,42.05801984621781,1678.8,67.9067472037598,1814.6134944075195,1542.9865055924804,990626.0
SWBBL,2021-07-27,1806.2,1810.0,1753.0,1791.0,-2.82 %,21989.0,39160608.0,-0.02821486706456866,-0.028620555609111527,1785.0,1687.85,1741.6881986708386,1709.5424350997848,63.10452417317863,32.14576357105375,12.315862138485695,45.4824470000594,1687.85,70.27485512730502,1828.39971025461,1547.3002897453898,968637.0
SWBBL,2021-07-28,1800.0,1800.0,1775.0,1782.0,-0.50 %,7115.0,12698964.0,-0.005025125628140725,-0.005037794029957181,1793.4,1695.7,1747.8900142599402,1714.9096621294304,61.34377519945744,32.9803521305098,16.448760136890517,44.01941507148373,1695.7,71.64025625160228,1838.9805125032046,1552.4194874967955,961522.0
SWBBL,2021-07-29,1798.0,1808.0,1787.0,1805.0,1.29 %,8921.0,16070369.9,0.01290684624017957,0.012824262736226673,1804.2,1704.95,1756.6761659122571,1721.5830204902134,64.10051145943399,35.09314542204379,20.17763719392117,42.73231399494917,1704.95,73.27631555324233,1851.5026311064846,1558.3973688935155,970443.0
SWBBL,2021-08-01,1805.0,1876.0,1805.0,1836.0,1.72 %,17026.0,31250287.8,0.01717451523545699,0.017028700413454403,1811.4,1715.85,1768.8798326949868,1730.058352305753,67.46799268368349,38.821480389233784,23.906405832983697,44.75143442388138,1715.85,75.83102753390429,1867.5120550678084,1564.1879449321914,987469.0
SWBBL,2021-08-02,1854.0,1854.0,1832.1,1840.0,0.22 %,12819.0,23574322.8,0.002178649237472685,0.0021762794225954484,1810.8,1727.1,1779.821396895758,1738.2021780608825,67.88658037783114,41.61921883487548,27.448968433362054,43.11918910788986,1727.1,76.76615208064513,1880.6323041612902,1573.5676958387096,1000288.0
SWBBL,2021-08-03,1876.8,2021.0,1876.8,2021.0,9.84 %,151829.0,300448234.3,0.09836956521739126,0.09382686680058967,1856.8,1746.9,1816.9257973733336,1759.1501648711876,80.26238659944579,57.77563250214598,33.51430124711884,52.9678184573263,1746.9,97.3544257367469,1941.6088514734938,1552.1911485265064,1152117.0
SWBBL,2021-08-04,2061.4,2090.0,1950.0,1965.0,-2.77 %,46750.0,93008131.1,-0.027709054923305332,-0.02810019310025944,1893.4,1763.35,1839.7064439312824,1774.3983008066552,71.12907559192317,65.30814312462712,39.8730696226205,59.18440285323157,1763.35,105.11561304234736,1973.5812260846947,1553.1187739153052,1105367.0
SWBBL,2021-08-05,1965.0,1998.0,1935.0,1955.0,-0.51 %,23975.0,47040570.0,-0.0050890585241730735,-0.00510205188389551,1923.4,1779.35,1857.4439140957004,1787.7762044506067,69.60586940199761,69.66770964509374,45.83199762711514,59.45694550657217,1779.35,108.83898053645932,1997.0279610729185,1561.6720389270813,1081392.0
SWBBL,2021-08-08,1955.0,1994.1,1924.0,1934.0,-1.07 %,15707.0,30386169.6,-0.010741687979539671,-0.01079979640622654,1943.0,1793.4,1869.2217734655928,1798.6075967135248,66.39056656093246,70.61417675206803,50.78843345210573,60.217163684674155,1793.4,109.80288559148016,2013.0057711829604,1573.7942288170398,1065685.0
SWBBL,2021-08-09,1968.0,1969.0,1905.0,1910.0,-1.24 %,11294.0,21629712.0,-0.012409513960703222,-0.012487154972564096,1957.0,1804.75,1875.4953467785786,1806.8588858458563,62.819117320488054,68.63646093272223,54.35803894822903,60.487366278626,1804.75,109.52234811602236,2023.7946962320448,1585.7053037679552,1054391.0
SWBBL,2021-08-10,1925.0,1948.0,1891.0,1920.0,0.52 %,13647.0,26326016.0,0.005235602094240788,0.005221943981151625,1936.8,1818.0,1882.3422165049512,1815.2397091165335,63.695457091849605,67.10250738841773,56.906932636266774,60.23826868729557,1818.0,106.4385169698537,2030.8770339397074,1605.1229660602926,1068038.0
SWBBL,2021-08-11,1930.0,1950.0,1911.0,1913.0,-0.36 %,16588.0,31782795.0,-0.003645833333333348,-0.0036524955815743715,1926.4,1830.4,1887.0587985811126,1822.4812121449384,62.583481463854284,64.57758643617422,58.44106339624826,58.72124949534589,1830.4,102.0306455511473,2034.4612911022946,1626.3387088977056,1051450.0
SWBBL,2021-08-12,1913.0,1939.0,1875.1,1918.0,0.26 %,23767.0,45376586.1,0.00261369576581294,0.0026102860031307347,1919.0,1843.7,1891.8189834147875,1829.55667791198,63.07928943904182,62.26230550280752,59.205311817560116,59.09116024567834,1843.7,94.61951506736737,2032.9390301347348,1654.4609698652653,1075217.0
SWBBL,2021-08-15,1879.7,1989.0,1879.7,1955.0,1.93 %,26991.0,52632339.1,0.01929092805005217,0.01910721697608265,1923.2,1858.5,1901.5391398125123,1838.8487758444257,66.6057441155065,62.69036396808656,59.9023222476654,62.67750594241559,1858.5,87.05624316319259,2032.6124863263851,1684.3875136736149,1102208.0
SWBBL,2021-08-16,1960.0,1989.0,1941.5,1942.0,-0.66 %,12874.0,25331805.1,-0.006649616368286426,-0.0066718235681959065,1929.6,1868.05,1907.7638875336643,1846.4896072633574,64.28253882380798,61.27428027030692,60.17671385219371,61.5933983751002,1868.05,85.0971426324948,2038.2442852649895,1697.8557147350105,1089334.0
SWBBL,2021-08-17,1950.0,1950.0,1910.0,1910.0,-1.65 %,15519.0,29903919.4,-0.016477857878475777,-0.01661512781059464,1927.6,1876.55,1908.1079048361773,1851.194080799405,58.84185408074365,56.91382403677244,59.52413588910946,60.05101277687876,1876.55,79.96938558963377,2036.4887711792676,1716.6112288207323,1073815.0
SWBBL,2021-08-18,1910.0,1929.0,1900.4,1914.0,0.21 %,16286.0,31148998.6,0.0020942408376962707,0.002092050972223951,1927.8,1885.25,1909.0143810152272,1855.84637111056,59.30550476294628,53.16800990466709,58.25291069222099,57.80451186424455,1885.25,73.53830008201089,2032.3266001640218,1738.1733998359782,1090101.0
SWBBL,2021-08-19,1930.0,1960.0,1911.0,1930.0,0.84 %,15425.0,29770250.0,0.008359456635318674,0.008324709886031633,1930.2,1894.2,1912.2429377821152,1861.339232509778,61.188876257439986,50.90370527233722,56.78306960824425,57.175618159655656,1894.2,66.93563286750094,2028.0712657350018,1760.3287342649983,1105526.0
SWBBL,2021-08-24,1965.0,1965.0,1894.0,1895.1,-1.81 %,13359.0,25472679.1,-0.018082901554404174,-0.01824839532616687,1918.22,1898.955,1909.6055627387127,1863.8400301016463,55.188991451046846,45.76553263706637,54.579562214008675,58.163074005394535,1898.955,63.16318443860687,2025.2813688772137,1772.6286311227861,1092167.0
SWBBL,2021-08-25,1900.0,1900.0,1859.0,1865.0,-1.59 %,6381.0,11991567.5,-0.015883066856630212,-0.016010554494848436,1902.8200000000002,1900.0549999999998,1902.7431684712185,1863.9259537978205,50.58224521595183,38.817214673397984,51.42709270588654,56.93714014786636,1900.0549999999998,62.32341348502552,2024.701826970051,1775.4081730299488,1085786.0
SWBBL,2021-08-26,1895.0,1895.0,1860.0,1863.3,-0.09 %,10725.0,20014778.2,-0.0009115281501340666,-0.0009119438445489486,1893.48,1903.67,1896.6749887064157,1863.8795868498337,50.32673533464149,32.795401856581975,47.70075453602563,55.37020156587591,1903.67,57.581302703716375,2018.8326054074328,1788.5073945925674,1075061.0
SWBBL,2021-08-29,1878.0,1878.0,1831.0,1838.0,-1.36 %,9370.0,17258049.0,-0.013578060430419092,-0.013671085317734569,1878.28,1906.47,1887.648067366967,1861.9625804165125,46.55748170441835,25.68548695045456,43.29770101891142,54.7723300254562,1906.47,52.48993988830667,2011.4498797766134,1801.4901202233866,1065691.0
SWBBL,2021-08-31,1806.0,1825.0,1764.0,1780.0,-3.16 %,25739.0,46063403.5,-0.031556039173014194,-0.03206465962950158,1848.28,1905.22,1871.0868262335875,1855.8912781634376,39.29216263853143,15.195548070149925,37.677270429159115,56.1457350236379,1905.22,55.258213011891094,2015.7364260237823,1794.7035739762177,1039952.0
SWBBL,2021-09-01,1800.0,1800.0,1765.0,1770.0,-0.56 %,14458.0,25788278.7,-0.005617977528089901,-0.00563381771825602,1823.2599999999998,1901.92,1855.5350068130356,1849.5289612624422,38.185734904293085,6.006045550593399,31.34302545344597,54.635325379092336,1901.92,61.25493406553317,2024.4298681310663,1779.4101318689338,1025494.0
SWBBL,2021-09-02,1771.0,1825.0,1750.0,1773.0,0.17 %,13374.0,23705464.5,0.0016949152542373724,0.0016934805063331477,1804.86,1898.5700000000002,1842.8373134571839,1843.860149317076,38.74302154151175,-1.0228358598922114,24.869853190778336,56.08994499487145,1898.5700000000002,66.43279231479933,2031.435584629599,1765.7044153704014,1038868.0
SWBBL,2021-09-05,1740.0,1740.0,1700.0,1725.0,-2.71 %,15262.0,26194433.7,-0.027072758037225086,-0.027445976608747803,1777.2,1883.77,1824.7084960022326,1835.0556938121076,33.53375299722585,-10.34719780987507,17.826442990647656,57.297806066666354,1883.77,70.56525237048182,2024.9005047409637,1742.6394952590363,1023606.0
SWBBL,2021-09-06,1725.0,1815.0,1715.0,1810.0,4.93 %,10186.0,17932040.0,0.049275362318840665,0.04809979479441138,1771.6,1876.02,1822.4456504634277,1833.1997164926922,47.098547691612744,-10.75406602926455,12.110341186665217,60.34796277619019,1876.02,69.6805084881165,2015.381016976233,1736.658983023767,1033792.0
SWBBL,2021-09-07,1815.0,1815.0,1729.0,1735.0,-4.14 %,16157.0,28235222.4,-0.04143646408839774,-0.04231943187891181,1762.6,1865.02,1808.9924734690542,1825.9256634191595,39.448419732779925,-16.933189950105316,6.3016349593111105,62.18025114931946,1865.02,73.79947653504573,2012.6189530700915,1717.4210469299085,1017635.0
SWBBL,2021-09-08,1749.0,1750.0,1710.0,1715.0,-1.15 %,17540.0,30100556.2,-0.011527377521613813,-0.011594332780919257,1751.6,1854.0700000000002,1794.5320929353534,1817.7089476103329,37.69031645629732,-23.176854674979495,0.4059370324529894,60.59594749579664,1854.0700000000002,79.08376704818161,2012.2375340963633,1695.902465903637,1000095.0
SWBBL,2021-09-09,1722.0,1730.0,1696.0,1700.0,-0.87 %,12192.0,20775329.8,-0.008746355685131157,-0.008784829555732803,1737.0,1843.5700000000002,1779.9886940222223,1808.9897663058637,36.38073595569892,-29.001072283641406,-5.4754648307658895,58.6962369603826,1843.5700000000002,84.98761581612983,2013.5452316322599,1673.5947683677405,987903.0
SWBBL,2021-09-12,1710.0,1740.0,1700.0,1730.3,1.78 %,11351.0,19492770.9,0.01782352941176457,0.017666552818295104,1738.06,1834.0849999999998,1772.344279557265,1803.1608947276516,40.85150435198655,-30.816615170386513,-10.543694898690013,57.360791463212415,1834.0849999999998,86.57951790728293,2007.2440358145657,1660.925964185434,999254.0
SWBBL,2021-09-13,1720.0,1750.0,1720.0,1726.0,-0.25 %,9803.0,17041884.3,-0.002485118187597446,-0.002488211219229349,1721.2599999999998,1824.735,1765.214390394609,1797.4452728959736,40.4174214845021,-32.230882501364704,-14.881132419224953,55.406449215840105,1824.735,87.69882238304793,2000.1326447660958,1649.337355233904,989451.0
SWBBL,2021-09-14,1726.0,1736.9,1700.0,1705.0,-1.22 %,10318.0,17663030.4,-0.012166859791425289,-0.012241481925756118,1715.2599999999998,1814.0849999999998,1755.9506380262076,1790.5974749036793,38.27821926937623,-34.64683687747174,-18.834273310874313,54.08455998613725,1814.0849999999998,88.70419366461351,1991.4933873292268,1636.6766126707728,979133.0
SWBBL,2021-09-15,1701.0,1710.0,1693.0,1695.0,-0.59 %,9197.0,15638105.7,-0.0058651026392961825,-0.0058823699030665245,1711.2599999999998,1801.0849999999998,1746.5736167914063,1783.5161804663699,37.26671042668243,-36.942563674963594,-22.45593138369217,51.435662844270304,1801.0849999999998,85.97565307142355,1973.036306142847,1629.1336938571526,969936.0
SWBBL,2021-09-16,1690.0,1690.0,1630.0,1640.0,-3.24 %,22770.0,37560747.4,-0.03244837758112096,-0.03298649899630654,1699.2599999999998,1785.985,1730.1776757465746,1772.885352283676,32.223189209844705,-42.707676537101406,-26.506280414374018,52.404544069679574,1785.985,86.44304041880628,1958.8710808376125,1613.0989191623873,947166.0
SWBBL,2021-09-20,1635.0,1641.0,1580.0,1592.0,-2.93 %,19933.0,32024185.5,-0.029268292682926855,-0.02970515441391581,1671.6,1770.0849999999998,1708.919571785563,1759.4864372997,28.587013871291987,-50.56686551413691,-31.3183974343266,53.018505207559606,1770.0849999999998,91.5279208191636,1953.140841638327,1587.0291583616727,927233.0
SWBBL,2021-09-21,1590.0,1634.0,1550.0,1605.0,0.82 %,14393.0,23008735.5,0.00816582914572872,0.008132669159787992,1647.4,1754.6349999999998,1692.931945357015,1748.042997499722,30.862513051309577,-55.111052142707194,-36.07692837600272,55.23146912130535,1754.6349999999998,92.03469754737668,1938.7043950947532,1570.5656049052463,941626.0
SWBBL,2021-09-22,1637.0,1668.0,1625.0,1656.0,3.18 %,11500.0,18892194.3,0.031775700934579376,0.0312812993810887,1637.6,1740.935,1687.2501076097817,1741.224997684928,39.06553709574198,-53.97489007514628,-39.656520715831434,55.78636418406926,1740.935,84.65394121459161,1910.2428824291833,1571.6271175708166,953126.0
SWBBL,2021-09-23,1660.0,1685.0,1637.0,1645.0,-0.66 %,11582.0,19232798.7,-0.0066425120772947155,-0.006664671745732765,1627.6,1728.4299999999998,1680.7500910544306,1734.0972200786368,38.0177947208278,-53.3471290242062,-42.394642377506386,55.2301953137786,1728.4299999999998,78.9632432811585,1886.3564865623168,1570.5035134376828,941544.0
SWBBL,2021-09-26,1650.0,1650.0,1614.0,1616.0,-1.76 %,12428.0,20163357.0,-0.017629179331307032,-0.01778642411843162,1622.8,1715.98,1670.7885385845184,1725.3492778505897,35.32770865173899,-54.56073926607132,-44.827861755219374,53.85660993422299,1715.98,75.86614666985632,1867.7122933397127,1564.2477066602873,929116.0
SWBBL,2021-09-27,1600.0,1623.0,1594.0,1597.0,-1.18 %,8253.0,13194698.3,-0.011757425742574212,-0.01182709086602821,1623.8,1702.6649999999997,1659.4364557253616,1715.8419239357313,33.64783482383342,-56.40546821036969,-47.14338304624944,52.081137796064205,1702.6649999999997,71.91553726425148,1846.4960745285027,1558.8339254714967,920863.0
SWBBL,2021-09-28,1599.0,1639.0,1571.0,1572.5,-1.53 %,8147.0,12873565.7,-0.015341264871634341,-0.015460159640416872,1617.3,1689.3899999999999,1646.0616163829982,1705.2240036441956,31.563607906537243,-59.16238726119741,-49.54718388923904,53.218199382059616,1689.3899999999999,70.10064118638924,1829.5912823727783,1549.1887176272214,912716.0
SWBBL,2021-09-29,1580.0,1602.0,1560.0,1587.0,0.92 %,4530.0,7169050.0,0.009220985691573924,0.009178731951813481,1603.5,1679.7399999999998,1636.975213862537,1696.466670040922,34.16284291360478,-59.49145617838508,-51.53603834706825,52.41689942619821,1679.7399999999998,70.2547949291181,1820.249589858236,1539.2304101417635,917246.0
SWBBL,2021-09-30,1600.0,1615.0,1578.0,1578.0,-0.57 %,8871.0,14179651.1,-0.005671077504725952,-0.005687219120589576,1590.1,1670.1399999999999,1627.9021040375312,1687.691361149002,33.31701176484681,-59.78925711147076,-53.186682099948754,51.31569232432692,1670.1399999999999,70.38987217824277,1810.9197443564854,1529.3602556435144,908375.0
SWBBL,2021-10-03,1598.0,1599.0,1564.2,1575.0,-0.19 %,6071.0,9560312.3,-0.0019011406844106071,-0.0019029501460860756,1581.9,1660.2399999999998,1619.763318800988,1679.3438529157427,33.02350623947345,-59.580534114754755,-54.465452502909955,50.13600001544642,1660.2399999999998,69.07325935484012,1798.38651870968,1522.0934812903195,902304.0
SWBBL,2021-10-04,1606.5,1630.0,1575.0,1608.9,2.15 %,13238.0,21231637.8,0.0215238095238095,0.02129544339725574,1584.28,1654.435,1618.0920389854514,1674.1257897367987,39.50847514698314,-56.03375075134727,-54.77911215259742,50.48342858577168,1654.435,68.21759516048627,1790.8701903209726,1517.9998096790273,915542.0
SWBBL,2021-10-05,1635.0,1684.0,1635.0,1671.0,3.86 %,10581.0,17554751.8,0.03859779973895194,0.03787153393840438,1603.98,1647.485,1626.231725295382,1673.894249756295,49.210005390910716,-47.66252446091312,-53.35579461426056,52.24175511535941,1647.485,57.82325406385118,1763.1315081277023,1531.8384918722975,926123.0
SWBBL,2021-10-06,1704.4,1780.0,1704.4,1772.0,6.04 %,33680.0,59109395.3,0.06044284859365656,0.05868660256963261,1640.98,1649.3349999999998,1648.657613711477,1681.16134236694,60.348365624242746,-32.503728655462965,-49.185381422501045,56.29591546426231,1649.3349999999998,61.260318357559235,1771.8556367151182,1526.8143632848814,959803.0
SWBBL,2021-10-10,1800.0,1800.0,1682.0,1682.0,-5.08 %,33013.0,57101540.5,-0.050790067720090315,-0.05212529063213291,1661.78,1647.685,1653.787211602019,1681.2234651545741,49.85614115703384,-27.436253552555172,-44.83555584851187,60.703350073957864,1647.685,59.82622444702082,1767.3374488940417,1528.0325511059582,926790.0
SWBBL,2021-10-11,1660.0,1660.0,1603.0,1625.0,-3.39 %,16996.0,27650444.0,-0.03388822829964333,-0.03447574576905556,1671.78,1643.935,1649.358409817093,1677.0587640320132,44.57083814544869,-27.700354214920253,-41.408515521793554,62.01025364010373,1643.935,58.714682777739704,1761.3643655554793,1526.5056344445206,909794.0
SWBBL,2021-10-17,1655.0,1655.0,1600.0,1646.9,1.35 %,3842.0,6214962.9,0.013476923076923164,0.013386917116324955,1679.3800000000003,1639.765,1648.9801929221555,1674.8247815111235,46.900000124837774,-25.84458858896801,-38.295730135228446,61.50952123723918,1639.765,55.10896645934264,1749.9829329186855,1529.5470670813147,913636.0
SWBBL,2021-10-18,1650.0,1650.0,1585.0,1585.0,-3.76 %,11670.0,18669222.2,-0.03758576719897999,-0.03831032556878183,1662.1800000000003,1632.715,1639.137086318747,1668.1710939917812,41.5814611707884,-29.03400767303424,-36.44338564278961,61.758841148864946,1632.715,52.45130348092969,1737.6176069618593,1527.8123930381405,901966.0
SWBBL,2021-10-19,1580.0,1580.0,1520.0,1540.0,-2.84 %,9993.0,15351553.9,-0.028391167192429068,-0.028801990903706193,1615.7800000000002,1624.465,1623.8852268850935,1658.6769388812788,38.19079704786074,-34.79171199618531,-36.11305091346875,61.990352495374594,1624.465,53.45009748409426,1731.3651949681885,1517.5648050318114,891973.0
SWBBL,2021-10-20,1570.0,1580.0,1541.0,1550.0,0.65 %,4155.0,6466326.7,0.006493506493506551,0.00647251450561752,1589.3799999999999,1617.215,1612.5182689027715,1650.6267952604433,39.37388473643219,-38.108526357671735,-36.51214600230934,60.41961303141927,1617.215,53.212555651405935,1723.6401113028119,1510.789888697188,896128.0
SWBBL,2021-10-21,1551.1,1555.0,1531.0,1540.0,-0.65 %,5556.0,8553898.2,-0.006451612903225823,-0.006472514505617479,1572.3799999999999,1612.215,1601.361612148499,1642.4322178337438,38.57864971435348,-41.0706056852448,-37.42383793889644,57.81821210060361,1612.215,55.60336297105469,1723.4217259421093,1501.0082740578905,890572.0
SWBBL,2021-10-24,1540.0,1555.0,1530.0,1543.0,0.19 %,7681.0,11850116.1,0.001948051948051921,0.0019461569554859697,1551.6,1609.7649999999999,1592.3829025871917,1635.0668683645777,38.97683745217844,-42.68396577738599,-38.47586350659435,55.474054093417635,1609.7649999999999,57.585161420249044,1724.935322840498,1494.5946771595018,898253.0
SWBBL,2021-10-25,1569.9,1590.0,1550.0,1581.0,2.46 %,6680.0,10498293.4,0.024627349319507497,0.02432898484631122,1550.8,1608.565,1590.631686804547,1631.0619151523867,43.93485958991489,-40.43022834783983,-38.86673647484345,54.86876451531637,1608.565,57.93866334782837,1724.442326695657,1492.6876733043432,904933.0
SWBBL,2021-10-26,1581.0,1611.9,1580.0,1593.0,0.76 %,12681.0,20224684.6,0.007590132827324458,0.007561472700576488,1561.4,1605.415,1590.9960426807704,1628.2425140299877,45.4423404757408,-37.246471349217245,-38.54268344971821,53.228138478508065,1605.415,56.92775916163039,1719.2705183232608,1491.559481676739,917614.0
SWBBL,2021-10-27,1612.0,1637.0,1585.0,1595.0,0.13 %,19823.0,31886291.4,0.0012554927809165228,0.001254705308896434,1570.4,1602.915,1591.612036114498,1625.7801055833218,45.70437419188494,-34.16806946882366,-37.667760653539304,53.14041430147178,1602.915,56.190992675885816,1715.2969853517716,1490.5330146482283,937437.0
SWBBL,2021-10-28,1600.0,1635.0,1599.0,1634.0,2.45 %,10309.0,16665896.0,0.024451410658307138,0.024157260201003176,1589.2,1603.815,1598.1332613276522,1626.3889866512238,50.6789187850289,-28.255725323571596,-35.785353587545764,52.20181327993808,1603.815,56.55457797102189,1716.9241559420439,1490.7058440579563,947746.0
SWBBL,2021-10-31,1650.0,1670.0,1626.0,1669.0,2.14 %,11319.0,18658068.6,0.02141982864137093,0.021193648241886943,1614.4,1607.415,1609.0358365080133,1629.5453580103924,54.69092673792034,-20.50952150237913,-32.73018717051244,51.61596947422822,1607.415,58.360686794832866,1724.1363735896657,1490.6936264103342,959065.0
SWBBL,2021-11-01,1680.0,1681.0,1625.1,1640.0,-1.74 %,12509.0,20661602.9,-0.017375674056321122,-0.017528402843590942,1626.2,1610.79,1613.799553968319,1630.3197759355485,50.989854146486074,-16.520221967229418,-29.488194129855835,51.9219716546405,1610.79,58.18678544142699,1727.163570882854,1494.416429117146,946556.0
SWBBL,2021-11-02,1640.0,1640.0,1613.0,1624.0,-0.98 %,7770.0,12594726.7,-0.009756097560975618,-0.009804000096620856,1632.4,1612.6399999999999,1615.3688533578083,1629.851644384767,49.01887369406726,-14.482791026958694,-26.48711350927641,50.141830822166185,1612.6399999999999,57.97841159028905,1728.596823180578,1496.6831768194218,938786.0
SWBBL,2021-11-03,1616.0,1630.0,1616.0,1627.0,0.18 %,3881.0,6291744.7,0.001847290640394128,0.0018455864974145774,1638.8,1615.09,1617.1582605335302,1629.640411467377,49.41371022738389,-12.482150933846697,-23.686120994190468,47.56027147772574,1615.09,57.47065979131209,1730.031319582624,1500.1486804173758,942667.0
SWBBL,2021-11-08,1612.0,1639.9,1605.3,1606.0,-1.29 %,2408.0,3898548.7,-0.01290719114935468,-0.012991212712330856,1633.2,1616.6399999999999,1615.4416050668333,1627.8892698772008,46.687903848416816,-12.447664810367542,-21.438429757425883,46.63453780074534,1616.6399999999999,56.745984323551255,1730.1319686471024,1503.1480313528973,940259.0
SWBBL,2021-11-09,1638.0,1638.0,1568.0,1568.0,-2.37 %,9475.0,14973744.9,-0.023661270236612686,-0.023945693596353807,1613.0,1614.595,1608.1428965950129,1623.4530276640749,42.156233349223925,-15.310131069061981,-20.2127700197531,48.30349938640639,1614.595,57.76737810988867,1730.1297562197774,1499.0602437802227,930784.0
SWBBL,2021-11-11,1540.0,1560.0,1509.3,1535.1,-2.10 %,6406.0,9856401.4,-0.02098214285714295,-0.021205396431197437,1592.02,1607.8,1596.9055278880878,1616.9083589482173,38.65769315418843,-20.002831060129438,-20.17078222782837,49.046106573091656,1607.8,58.76752594137206,1725.335051882744,1490.264948117256,924378.0
SWBBL,2021-11-14,1530.0,1536.0,1512.1,1526.2,-0.58 %,5319.0,8119729.5,-0.005797667904370973,-0.005814539623622929,1572.46,1595.51,1586.0277543668435,1610.1892212483492,37.74512619200827,-24.161466881505703,-20.968919158563835,47.24995610358511,1595.51,47.18098301118257,1689.871966022365,1501.148033977635,919059.0
SWBBL,2021-11-15,1530.0,1551.0,1525.0,1543.0,1.10 %,5367.0,8251361.2,0.011007731621019534,0.010947587507628039,1555.66,1588.56,1579.4080998488676,1605.2122418966196,40.59581498122346,-25.804142047752066,-21.935963736401483,45.732102096186175,1588.56,43.8931645560405,1676.3463291120809,1500.773670887919,924426.0
SWBBL,2021-11-16,1550.0,1560.1,1530.1,1558.0,0.97 %,3899.0,6053984.2,0.009721322099805585,0.009674374067532744,1546.06,1585.21,1576.1145460259647,1601.7150387931663,43.10104386543381,-25.60049276720156,-22.6688695425615,44.60838051788717,1585.21,43.5208226025983,1672.2516452051966,1498.1683547948035,928325.0
SWBBL,2021-11-17,1578.0,1578.0,1560.0,1560.0,0.13 %,4936.0,7732692.9,0.0012836970474967568,0.0012828738128891231,1544.46,1580.865,1573.6353850988933,1598.6250359195983,43.44352458286174,-24.989650820705037,-23.133025798190207,42.85063905232381,1580.865,41.31998719883785,1663.5049743976756,1498.2250256023244,933261.0
SWBBL,2021-11-18,1570.0,1570.0,1539.0,1546.0,-0.90 %,8215.0,12753258.7,-0.008974358974358942,-0.009014871096215427,1546.64,1578.915,1569.3837873913712,1594.7268851107392,41.55784637313395,-25.34309771936796,-23.57504018242576,42.00416483430068,1578.915,42.02875300260814,1662.9725060052162,1494.8574939947837,925046.0
SWBBL,2021-11-21,1521.0,1555.0,1521.0,1552.0,0.39 %,1750.0,2707981.0,0.0038809831824062613,0.00387347159579684,1551.8,1579.5149999999999,1566.7093585619295,1591.561930658092,42.70563609193868,-24.852572096162476,-23.8305465651731,41.43243877470778,1579.5149999999999,41.52662145516481,1662.5682429103294,1496.4617570896703,926796.0
SWBBL,2021-11-22,1556.0,1569.0,1541.0,1547.0,-0.32 %,2673.0,4151772.3,-0.003221649484536071,-0.003226850170097927,1552.6,1579.365,1563.677149552402,1588.2610469056408,41.96596813896891,-24.583897353238854,-23.981216722786254,40.47297886222865,1579.365,41.64409701021676,1662.6531940204336,1496.0768059795664,924123.0
SWBBL,2021-11-23,1530.0,1547.0,1486.7,1501.0,-2.97 %,9674.0,14619817.3,-0.029734970911441505,-0.030186018939604174,1541.2,1577.415,1554.0345111597246,1581.7972656533711,35.81928252256235,-27.762754493646526,-24.737524276958307,41.88919465778375,1577.415,44.405906138788396,1666.2268122775768,1488.6031877224232,914449.0
SWBBL,2021-11-24,1480.0,1520.0,1480.0,1520.0,1.27 %,4541.0,6807755.7,0.012658227848101333,0.012578782206860185,1533.2,1576.2649999999999,1548.798432519767,1577.219690419788,39.74498520195432,-28.421257900021146,-25.474271001570877,41.754252182227766,1576.2649999999999,45.62515782244136,1667.5153156448825,1485.0146843551172,918990.0
SWBBL,2021-11-25,1520.0,1520.0,1489.6,1490.0,-1.97 %,4704.0,7045095.3,-0.019736842105263164,-0.019934214900817253,1522.0,1571.715,1539.7525198244182,1570.758972610915,36.0006437914905,-31.006452786496766,-26.580707358556054,40.94323416921151,1571.715,49.50099706605151,1670.7169941321029,1472.713005867897,914286.0
SWBBL,2021-11-28,1470.0,1490.0,1440.6,1456.0,-2.28 %,6806.0,9983159.6,-0.02281879194630876,-0.02308317018287358,1502.8,1564.865,1526.8675167745077,1562.2583079730693,32.28805130267074,-35.3907911985616,-28.342724126557165,41.54728887141069,1564.865,55.51438196783,1675.89376393566,1453.83623606434,907480.0
SWBBL,2021-11-29,1456.0,1484.5,1455.0,1457.0,0.07 %,4472.0,6561176.0,0.0006868131868131844,0.0006865774385735515,1484.8,1557.965,1516.118668039968,1554.4613962713604,32.50850724742406,-38.34272823139236,-30.342724947524204,40.6867682377385,1557.965,59.96912604794559,1677.903252095891,1438.0267479041088,911952.0
SWBBL,2021-11-30,1457.0,1484.8,1455.0,1465.0,0.55 %,2655.0,3893818.0,0.005490734385724005,0.005475715255962763,1477.6,1549.5149999999999,1508.2542575722807,1547.8346261771856,34.34998304318712,-39.580368604904834,-32.19025367900033,39.90914193504289,1549.5149999999999,60.59474768802572,1670.7044953760512,1428.3255046239485,914607.0
SWBBL,2021-12-01,1470.0,1470.3,1455.1,1458.0,-0.48 %,5165.0,7559156.2,-0.004778156996587013,-0.004789608882564205,1465.2,1538.965,1500.5228333303914,1541.1802094233199,33.488966564355025,-40.657376092928416,-33.883678161785944,38.14420322539697,1538.965,56.95567320762232,1652.8763464152446,1425.0536535847552,909442.0
SWBBL,2021-12-02,1470.0,1470.0,1426.0,1426.0,-2.19 %,6495.0,9380710.0,-0.021947873799725626,-0.022192311594362184,1452.4,1528.2649999999999,1489.057782048793,1532.6483420586294,29.81031900327477,-43.59056000983651,-35.82505453139606,38.562474423582906,1528.2649999999999,57.07716176146172,1642.4193235229234,1414.1106764770764,902947.0
SWBBL,2021-12-05,1420.0,1425.0,1400.0,1400.0,-1.82 %,5343.0,7531815.1,-0.018232819074333828,-0.01840108537089129,1441.2,1517.065,1475.3565848105172,1522.8225389431755,27.196324318177716,-47.465954132658226,-38.1532344516485,37.66515482189841,1517.065,59.23910759311248,1635.543215186225,1398.586784813775,897604.0
SWBBL,2021-12-06,1408.0,1418.0,1350.0,1412.6,0.90 %,8732.0,12058507.9,0.008999999999999897,0.008959741371471801,1432.32,1506.345,1465.7017256088993,1514.6579064288662,30.382280160417494,-48.9561808199669,-40.31382372531218,39.8319294774771,1506.345,57.67651601828406,1621.698032036568,1390.991967963432,906336.0
SWBBL,2021-12-07,1435.0,1435.0,1390.0,1399.1,-0.96 %,4160.0,5874032.0,-0.009556845533059577,-0.009602805235581649,1419.1399999999999,1496.0,1455.4553062844534,1506.0980615082096,28.92191520982955,-50.64275522375624,-42.37961002500099,40.20107737194302,1496.0,57.41585146984627,1610.8317029396926,1381.1682970603074,902176.0
SWBBL,2021-12-08,1419.5,1419.5,1355.1,1355.1,-3.14 %,5602.0,7716373.6,-0.03144878850689725,-0.031953920410572,1398.56,1485.355,1440.0160283945374,1494.9130199150088,24.746839378996825,-54.896991520471374,-44.88308632409507,41.929571845375676,1485.355,62.84379528060569,1611.0425905612115,1359.6674094387886,896574.0
SWBBL,2021-12-09,1365.0,1373.0,1340.0,1345.0,-0.75 %,6054.0,8178824.8,-0.00745332447789826,-0.007481239292728637,1382.36,1475.85,1425.398177872301,1483.8083517731563,23.89416624207425,-58.4101739008554,-47.588503839447135,41.2917452849917,1475.85,68.99869182594547,1613.8473836518908,1337.852616348109,890520.0
SWBBL,2021-12-12,1357.0,1360.0,1305.0,1305.0,-2.97 %,7412.0,9794668.0,-0.029739776951672847,-0.030190972279145682,1363.36,1464.79,1406.8753812765622,1470.5632886788485,20.83268631118966,-63.68790740228633,-50.80838455201498,42.270906336063724,1464.79,77.68482138546672,1620.1596427709335,1309.4203572290664,883108.0
SWBBL,2021-12-13,1293.6,1310.0,1261.1,1266.1,-2.98 %,10062.0,12990634.9,-0.029808429118774016,-0.030261731230586352,1334.06,1450.9450000000002,1385.2176303109372,1455.4178598878227,18.367929712036556,-70.20022957688548,-54.686753556989075,42.744413026344894,1450.9450000000002,87.11484540238497,1625.17469080477,1276.7153091952302,873046.0
SWBBL,2021-12-14,1270.0,1323.0,1269.0,1323.0,4.49 %,3329.0,4315078.5,0.044941157886422944,0.043960575588748246,1318.84,1439.1950000000002,1375.6456871861778,1445.6091295257618,31.191730122164188,-69.96344233958393,-57.74209131350805,43.755526381605975,1439.1950000000002,87.76128792299349,1614.717575845987,1263.6724241540132,876375.0
SWBBL,2021-12-15,1349.0,1353.0,1292.0,1332.0,0.68 %,7531.0,10002191.2,0.006802721088435382,0.006779686985378769,1314.22,1427.795,1368.930966080612,1437.1936384497794,32.984988876149515,-68.26267236916738,-59.846207524639915,44.98727449720555,1427.795,86.03443297832932,1599.8638659566586,1255.7261340433415,883906.0
SWBBL,2021-12-16,1311.0,1323.4,1300.0,1300.0,-2.40 %,3439.0,4484966.5,-0.024024024024024038,-0.024317307650706357,1305.22,1415.4950000000001,1358.3262020682103,1427.0311467127588,29.992032593893896,-68.7049446445485,-61.61795494862164,44.059612033119436,1415.4950000000001,85.83027606551003,1587.1555521310202,1243.83444786898,880467.0
SWBBL,2021-12-20,1326.0,1352.0,1306.0,1310.0,0.77 %,26876.0,35487180.5,0.007692307692307665,0.007662872745569097,1306.22,1403.395,1350.8914017500242,1418.362172882184,32.06648197460758,-67.47077113215983,-62.78851818532928,44.62678260218234,1403.395,82.56967376902884,1568.5343475380578,1238.2556524619422,907343.0
SWBBL,2021-12-21,1102.0,1119.0,1097.0,1119.0,1.65 %,6339.0,7019429.5,-0.1458015267175573,-0.15759170788327206,1276.8,1381.9950000000001,1315.2158014807897,1396.1871971131334,19.923261865016187,-80.97139563234373,-66.42509367473217,56.653440987740744,1381.9950000000001,97.50470690397081,1577.0044138079418,1186.9855861920585,901004.0
SWBBL,2021-12-22,1141.0,1150.0,1119.0,1150.0,2.77 %,7060.0,8039634.2,0.027703306523681803,0.02732651304537046,1242.2,1364.4450000000002,1289.7979858683605,1377.9511084380865,24.894529367809056,-88.15312256972607,-70.77069945373094,54.82105234575926,1364.4450000000002,106.161651689685,1576.76830337937,1152.1216966206302,908064.0
SWBBL,2021-12-23,1170.0,1170.0,1128.0,1153.0,0.26 %,8550.0,9868841.8,0.002608695652173809,0.002605298911763173,1206.4,1346.095,1268.7521418886129,1361.2880633685986,25.37733878896836,-92.53592147998575,-75.1237438589819,53.90526289249075,1346.095,109.52356379484839,1565.1421275896969,1127.0478724103032,916614.0
SWBBL,2021-12-26,1153.0,1210.0,1153.0,1200.0,4.08 %,8022.0,9606011.2,0.040763226366001826,0.03995431550703274,1186.4,1331.595,1258.1748892903647,1349.340799415369,32.678914013630376,-91.1659101250043,-78.33217711218639,54.12631554302712,1331.595,108.66242014901063,1548.9198402980212,1114.2701597019789,924636.0
SWBBL,2021-12-27,1222.0,1238.0,1190.0,1196.0,-0.33 %,11837.0,14299628.5,-0.0033333333333332993,-0.0033389012655145986,1163.6,1318.595,1248.6095217072316,1337.9822216808973,32.38845631154727,-89.3726999736657,-80.54028168448225,53.68872157566804,1318.595,108.54839073697761,1535.6917814739552,1101.4982185260449,912799.0
SWBBL,2021-12-28,1175.0,1205.0,1151.2,1196.0,0.00 %,6460.0,7668683.9,0.0,0.0,1179.0,1305.545,1240.5157491368882,1327.465020074905,32.38845631146977,-86.94927093801675,-81.82207953518915,53.696670034548895,1305.545,106.70664397510477,1518.9582879502095,1092.1317120497906,912799.0
SWBBL,2021-12-29,1175.1,1209.0,1175.0,1190.0,-0.50 %,4718.0,5649144.0,-0.0050167224080267525,-0.005029348405001973,1187.0,1291.795,1232.7440954235208,1317.2824259952822,31.895279867777404,-84.53833057176143,-82.3653297425036,52.28976503208112,1291.795,102.72173692481505,1497.2384738496303,1086.3515261503699,908081.0
SWBBL,2022-01-02,1191.0,1225.0,1191.0,1224.0,2.86 %,6955.0,8469152.5,0.02857142857142847,0.028170876966696224,1201.2,1280.095,1231.3988499737484,1310.3726166622985,37.6857252562752,-78.97376668855009,-81.6870171317129,51.0547818155039,1280.095,95.89402305620315,1471.8830461124064,1088.3069538875936,915036.0
SWBBL,2022-01-03,1224.0,1270.0,1200.0,1236.0,0.98 %,13639.0,16817373.2,0.009803921568627416,0.009756174945364656,1208.4,1270.595,1232.1067192085563,1304.8635339465727,39.63645239250606,-72.75681473801637,-79.90097665297361,52.40801168582505,1270.595,89.90307924595068,1450.4011584919015,1090.7888415080986,928675.0
SWBBL,2022-01-04,1230.0,1285.0,1205.4,1263.0,2.18 %,9420.0,11706745.6,0.02184466019417486,0.021609484332855127,1221.8,1263.7450000000001,1236.8595316380092,1301.7625314320119,43.892414586167256,-64.90299979400265,-76.90138128117943,54.35029656540897,1263.7450000000001,84.58638981605883,1432.9177796321178,1094.5722203678824,938095.0
SWBBL,2022-01-05,1279.0,1279.0,1238.0,1240.0,-1.82 %,7134.0,8897871.9,-0.0182106096595408,-0.018378463751408586,1230.6,1255.115,1237.342680616777,1297.1875291037145,41.22591186343717,-59.84484848693751,-73.49007472233104,53.39670395359405,1255.115,77.07097395469223,1409.2569479093845,1100.9730520906155,930961.0
SWBBL,2022-01-06,1240.0,1259.0,1230.0,1245.0,0.40 %,2850.0,3542027.7,0.0040322580645162365,0.004024150299725548,1241.6,1247.41,1238.5207297526576,1293.321786207143,42.05011074479664,-54.80105645448543,-69.75227106876193,51.65408224262305,1247.41,69.22201429579329,1385.8540285915867,1108.9659714084135,933811.0
SWBBL,2022-01-09,1260.0,1280.0,1255.0,1270.1,2.02 %,6869.0,8726081.2,0.020160642570281162,0.01996010761146584,1250.82,1243.16,1243.3790790214796,1291.6016538955027,46.13378403351926,-48.22257487402317,-65.44633182981418,50.464504939578546,1243.16,64.72553713878229,1372.6110742775647,1113.7089257224354,940680.0
SWBBL,2022-01-10,1267.0,1290.0,1266.0,1276.0,0.46 %,10404.0,13303540.1,0.004645303519408062,0.004634547394461538,1258.82,1239.71,1248.3976822489444,1290.4459758291691,47.077842504382446,-42.04829358022471,-60.76672417989629,48.574183158180084,1239.71,60.72697224383832,1361.1639444876766,1118.2560555123234,951084.0
SWBBL,2022-01-11,1299.0,1359.5,1299.0,1335.0,4.62 %,14641.0,19491740.0,0.04623824451410652,0.045201106929614654,1273.2199999999998,1241.21,1261.721115749107,1293.7462739158973,55.48051180913453,-32.025158166790334,-55.01841097727511,51.06888436116722,1241.21,62.76100784143225,1366.7320156828646,1115.6879843171355,965725.0
SWBBL,2022-01-12,1340.0,1378.0,1309.0,1325.0,-0.75 %,9794.0,13205111.2,-0.0074906367041198685,-0.00751883241402734,1290.2199999999998,1244.155,1271.4563287107828,1296.0613647369419,53.91792003777059,-24.60503602615904,-48.9357359870519,52.34967833536957,1244.155,65.32015466356688,1374.7953093271337,1113.5146906728662,955931.0
SWBBL,2022-01-13,1348.0,1400.0,1317.0,1400.0,5.66 %,21922.0,29701558.2,0.05660377358490565,0.05505977718302739,1321.2199999999998,1248.0049999999999,1291.2322781398932,1303.7605229045757,62.458103957088994,-12.52824476468254,-41.65423774257803,54.538987025700315,1248.0049999999999,72.12650053174964,1392.2580010634993,1103.7519989365005,977853.0
SWBBL,2022-01-16,1400.0,1467.0,1402.0,1426.0,1.86 %,11186.0,16136425.6,0.01857142857142846,0.018401085370891156,1352.4,1252.705,1311.965773810679,1312.8152989857183,64.88747567617037,-0.8495251750393891,-33.493295229070306,55.429059381007434,1252.705,80.46825771699719,1413.6415154339943,1091.7684845660056,989039.0
SWBBL,2022-01-17,1448.0,1448.0,1372.0,1431.0,0.35 %,11945.0,17003153.8,0.003506311360448766,0.0035001785822096204,1383.4,1259.2549999999999,1330.2787316859592,1321.5697212830726,65.35181936078257,8.709010402886634,-25.05283410267892,56.89841228236405,1259.2549999999999,89.36086200291359,1437.976724005827,1080.5332759941728,1000984.0
SWBBL,2022-01-18,1448.0,1449.0,1410.0,1431.0,0.00 %,13100.0,18668155.4,0.0,0.0,1402.6,1265.3049999999998,1345.7743114265809,1329.675667854697,65.35181936059641,16.09864357188394,-16.822538567766347,55.619954262195186,1265.3049999999998,96.76644413501666,1458.837888270033,1071.7721117299666,1000984.0
SWBBL,2022-01-19,1459.0,1459.0,1391.0,1405.0,-1.82 %,15623.0,22356293.8,-0.018169112508735097,-0.018336197788604715,1418.6,1279.605,1354.8859558224915,1335.2552480136083,60.52475344138588,19.630707808883244,-9.531889292436428,56.50424324346696,1279.605,95.1262013549338,1469.8574027098675,1089.3525972901325,985361.0
SWBBL,2022-01-20,1400.0,1405.0,1386.0,1405.0,0.00 %,5279.0,7374706.6,0.0,0.0,1419.6,1292.355,1362.5958087728775,1340.4215259385262,60.52475344120071,22.17428283435129,-3.1906548670788846,53.82536872607646,1292.355,93.92216528374831,1480.1993305674966,1104.5106694325034,985361.0
SWBBL,2022-01-23,1408.0,1419.0,1380.1,1398.0,-0.50 %,4463.0,6231175.7,-0.004982206405693912,-0.004994658974090536,1414.0,1304.605,1368.0426074232041,1344.686598091228,59.16032686274204,23.35600933197611,2.1186779727321143,52.75927095992815,1304.605,90.71235321787485,1486.0297064357496,1123.1802935642504,980898.0
SWBBL,2022-01-24,1397.0,1397.0,1320.0,1370.0,-2.00 %,10075.0,13667370.9,-0.02002861230329045,-0.020231903971585002,1401.8,1313.105,1368.3437447427111,1346.5616648992852,53.923811320975354,21.78207984342589,6.05135834687087,54.562180177076144,1313.105,88.32809337326378,1489.7611867465275,1136.4488132534725,970823.0
SWBBL,2022-01-25,1343.0,1370.0,1342.0,1355.0,-1.09 %,2740.0,3711422.4,-0.010948905109489093,-0.011009285508369368,1386.6,1321.0549999999998,1366.2908609361402,1347.1867267585976,51.30393712273883,19.10413417754262,8.66191351300522,52.66488159299928,1321.0549999999998,84.29670328203296,1489.6484065640657,1152.461593435934,968083.0
SWBBL,2022-01-26,1330.0,1349.0,1323.0,1325.0,-2.21 %,6455.0,8562188.0,-0.022140221402214055,-0.022388994893478724,1370.6,1327.5049999999999,1359.9384207921187,1345.5432655172199,46.44386321513943,14.395155274898798,9.808561865383936,51.18881862207076,1327.5049999999999,78.99284094815913,1485.4906818963182,1169.5193181036816,961628.0
SWBBL,2022-01-27,1350.0,1351.5,1315.0,1320.0,-0.38 %,3691.0,4886500.6,-0.0037735849056603765,-0.0037807228399060443,1353.6,1334.0049999999999,1353.7940483625619,1343.6511717752037,45.66738063973724,10.14287658735816,9.875424809778782,50.139617291922846,1334.0049999999999,72.13335949919473,1478.2717189983894,1189.7382810016104,957937.0
SWBBL,2022-01-30,1346.4,1373.0,1346.4,1367.0,3.56 %,3867.0,5261666.0,0.03560606060606064,0.034986821143533055,1347.4,1341.155,1355.8257332298601,1345.3807146066702,53.53187898941858,10.44501862318998,9.989343572461022,50.34393034249979,1341.155,67.60034626980772,1476.3556925396153,1205.9543074603846,961804.0
SWBBL,2022-01-31,1390.0,1390.0,1363.0,1365.0,-0.15 %,8367.0,11485019.7,-0.001463057790782707,-0.0014641291048894242,1346.4,1347.605,1357.2371588868048,1346.833995006176,53.17912785847947,10.403163880628654,10.072107634094548,48.676506746606954,1347.605,63.039373452403105,1473.6837469048062,1221.5262530951939,953437.0
SWBBL,2022-02-01,1365.0,1379.0,1353.0,1360.0,-0.37 %,2393.0,3259650.7,-0.00366300366300365,-0.0036697288889624017,1347.4,1352.455,1357.662211365758,1347.8092546353482,52.252117653244724,9.852956730409687,10.028277453357576,47.05675626470646,1352.455,59.83770572410126,1472.1304114482025,1232.7795885517974,951044.0
SWBBL,2022-02-03,1375.0,1382.0,1352.2,1352.2,-0.57 %,5041.0,6904294.0,-0.005735294117647061,-0.005751804073520176,1352.8400000000001,1358.065,1356.8218711556412,1348.1344950327298,50.76542693761123,8.687376122911473,9.760097187268357,45.82413081722743,1358.065,53.682774606776746,1465.4305492135536,1250.6994507864465,946003.0
SWBBL,2022-02-06,1326.0,1352.0,1326.0,1329.1,-1.71 %,3118.0,4158260.2,-0.017083271705369163,-0.017230874229290583,1354.66,1362.27,1352.5569679009272,1346.7245324377127,46.542010253152796,5.832435463214551,8.974564842457596,44.42240718742547,1362.27,47.27111168576723,1456.8122233715344,1267.7277766284656,942885.0
SWBBL,2022-02-07,1320.0,1340.0,1320.0,1335.0,0.44 %,2830.0,3775178.0,0.004439094123843246,0.0044292704070628755,1348.26,1365.5149999999999,1349.8558959161692,1345.8560485534376,47.73794392817292,3.9998473627315434,7.979621346512386,42.6779495311808,1365.5149999999999,42.60858913915488,1450.7321782783097,1280.29782172169,945715.0
SWBBL,2022-02-08,1360.0,1361.0,1310.0,1329.0,0.00 %,5691.0,7562429.2,-0.004494382022471877,-0.004504512121104541,1341.06,1368.165,1346.647296544451,1344.607452364294,46.596302167436235,2.0398441801569334,6.791665913241296,43.272381707525035,1368.165,38.164674697225955,1444.4943493944518,1291.8356506055482,940024.0
SWBBL,2022-02-09,1329.0,1329.0,1311.0,1318.0,-0.83 %,531.0,701200.0,-0.008276899924755443,-0.008311343650792788,1332.66,1367.315,1342.2400201529967,1342.6365299669387,44.49539288166587,-0.39650981394197515,5.354030767804642,41.467211585558964,1367.315,39.11956402469137,1445.5541280493828,1289.0758719506173,939493.0
SWBBL,2022-02-10,1306.0,1308.8,1301.0,1305.0,-0.99 %,4607.0,6007558.0,-0.009863429438543236,-0.009912395305658734,1323.22,1366.315,1336.510786283305,1339.8486388582767,42.08063557488027,-3.3378525749717483,3.6156540992493635,39.7195536151619,1366.315,40.48980735948555,1447.2946147189712,1285.335385281029,934886.0
SWBBL,2022-02-13,1289.0,1289.0,1252.0,1252.0,-4.06 %,7022.0,8863563.2,-0.0406130268199234,-0.041460768096749985,1307.8,1358.915,1323.5091268551041,1333.3413322761821,33.98331422683522,-9.832205421078015,0.9260821951838878,40.668156928364624,1358.915,47.00901677234956,1452.9330335446991,1264.8969664553008,927864.0
SWBBL,2022-02-14,1255.0,1285.0,1253.0,1255.0,0.24 %,2297.0,2914744.0,0.0023961661341853624,0.002393299905840484,1291.8,1350.365,1312.969261185088,1327.5382706260946,34.7486964043039,-14.569009441006529,-2.1729361320541956,40.120431433481436,1350.365,49.64239778559359,1449.6497955711873,1251.0802044288127,930161.0
SWBBL,2022-02-15,1255.0,1280.0,1250.0,1280.0,1.99 %,3609.0,4576648.0,0.019920318725099584,0.019724505347778573,1282.0,1342.815,1307.8970671566128,1324.0169172463839,40.89805524151367,-16.119850089771035,-4.9623189235975635,39.39754347394705,1342.815,48.19487060507589,1439.204741210152,1246.4252587898482,933770.0
SWBBL,2022-02-16,1280.0,1294.0,1271.0,1271.0,-0.70 %,671.0,858684.0,-0.007031250000000044,-0.007056085724208845,1272.6,1334.815,1302.2205952863646,1320.089738191096,39.456451653920055,-17.86914290473146,-7.543683719824344,38.226290368665126,1334.815,46.01656766870483,1426.8481353374098,1242.7818646625904,933099.0
SWBBL,2022-02-17,1265.0,1270.0,1260.0,1263.0,-0.63 %,1936.0,2445924.0,-0.006294256490952055,-0.00631414883896299,1264.2,1327.715,1296.186657550001,1315.8608686954594,38.1685548225275,-19.674211145458457,-9.969789204951168,36.281555342331906,1327.715,45.57020350379147,1418.855407007583,1236.574592992417,931163.0
SWBBL,2022-02-20,1240.0,1260.0,1240.0,1260.0,-0.24 %,2686.0,3357018.9,-0.002375296912114022,-0.0023781224049674358,1265.8,1320.465,1290.6194794653854,1311.7230265698697,37.671965610542,-21.103547104484278,-12.19654078485779,35.33287281787963,1320.465,44.139328149421225,1408.7436562988423,1232.1863437011575,928477.0
SWBBL,2022-02-21,1246.0,1264.0,1241.0,1262.0,0.16 %,3469.0,4352524.0,0.0015873015873015817,0.0015860431556347797,1267.2,1313.665,1286.2164826245569,1308.039839416546,38.24877268957531,-21.823356791989227,-14.121903986284078,34.45195333088824,1313.665,41.98935046699625,1397.6437009339925,1229.6862990660075,931946.0
SWBBL,2022-02-22,1265.0,1280.0,1265.0,1275.0,1.03 %,6476.0,8250788.5,0.010301109350237647,0.010248414491367984,1266.2,1308.915,1284.4908699130865,1305.5924439042092,42.00568139008015,-21.101573991122677,-15.517837987251799,33.27681380725336,1308.915,40.6325676353375,1390.180135270675,1227.649864729325,938422.0
SWBBL,2022-02-23,1266.0,1285.0,1266.0,1283.0,0.63 %,4011.0,5133408.0,0.006274509803921635,0.006254907023109973,1268.6,1305.315,1284.2615053110733,1303.9189295409344,44.2533642248529,-19.657424229861135,-16.345755235773666,32.25704139244955,1305.315,39.508603660046276,1384.3322073200925,1226.2977926799076,942433.0
SWBBL,2022-02-24,1260.0,1265.0,1240.0,1250.0,-2.57 %,3714.0,4632507.5,-0.025720966484801266,-0.02605753431928964,1266.0,1301.565,1278.990504493985,1299.9249347601244,37.7533576314187,-20.934430266139316,-17.263490241846796,33.02439557870316,1301.565,41.07032832142702,1383.7056566428541,1219.424343357146,938719.0
SWBBL,2022-02-27,1230.0,1250.0,1221.0,1243.0,-0.56 %,10133.0,12404728.1,-0.005600000000000049,-0.005615738785635745,1262.6,1297.715,1273.4535038026029,1295.7082729260412,36.52772882828538,-22.254769123438336,-18.261746018165105,32.73693875165293,1297.715,42.82290674526955,1383.360813490539,1212.069186509461,928586.0
SWBBL,2022-02-28,1267.0,1267.8,1216.0,1217.0,-2.09 %,3505.0,4312094.6,-0.02091713596138378,-0.021138998523183974,1253.6,1290.215,1264.7683493714333,1289.8780304870752,32.329532089971465,-25.109681115641934,-19.63133303766047,34.098585983677715,1290.215,43.18365035408176,1376.5823007081635,1203.8476992918363,925081.0
SWBBL,2022-03-02,1217.0,1220.0,1190.0,1192.0,-2.05 %,2763.0,3314889.0,-0.020542317173377178,-0.020756245362232126,1237.0,1281.565,1253.573218698905,1282.627806006551,28.891134760128466,-29.05458730764599,-21.515983891657577,33.80582984198645,1281.565,44.71468939148899,1370.994378782978,1192.1356212170222,922318.0
SWBBL,2022-03-06,1200.0,1200.0,1184.0,1190.0,-0.17 %,2280.0,2715110.0,-0.001677852348993314,-0.0016792615197200253,1218.4,1273.065,1243.7927235144582,1275.7664870431026,28.628812798597195,-31.97376352864444,-23.60753981905495,32.53398485327313,1273.065,45.17554386132919,1363.4160877226584,1182.7139122773417,920038.0
SWBBL,2022-03-07,1192.0,1192.0,1170.0,1173.0,-1.43 %,3202.0,3765081.0,-0.014285714285714235,-0.014388737452099556,1203.0,1264.105,1232.9015352814647,1268.1541546695396,26.431950329234056,-35.25261938807489,-25.93655573285894,31.781557363753624,1264.105,46.40825102465021,1356.9215020493004,1171.2884979506996,916836.0
SWBBL,2022-03-09,1180.0,1180.0,1157.0,1157.0,-1.36 %,1849.0,2161388.2,-0.013640238704177299,-0.013734121459798864,1185.8,1255.5,1221.2243760073932,1259.920513582907,24.52449103584931,-38.69613757551383,-28.488472101389917,31.15430326634265,1255.5,49.57025848555673,1354.6405169711134,1156.3594830288866,914987.0
SWBBL,2022-03-10,1180.0,1180.0,1141.0,1177.0,1.73 %,2399.0,2788421.7,0.01728608470181503,0.017138380066600133,1177.8,1247.6,1214.4206258524096,1253.7782533175066,31.20735713938238,-39.35762746509704,-30.662303174131342,31.714710175889604,1247.6,48.8180294564332,1345.2360589128664,1149.9639410871334,917386.0
SWBBL,2022-03-13,1190.0,1219.0,1180.0,1215.5,3.27 %,3178.0,3850817.0,0.032710280373831724,0.032186686495901284,1182.5,1241.925,1214.5866834135772,1250.9428271458394,41.87638281748371,-36.356143732262126,-31.8010712857575,32.44937373475463,1241.925,45.32986554729165,1332.5847310945833,1151.2652689054166,920564.0
SWBBL,2022-03-14,1215.5,1264.5,1215.5,1255.0,3.25 %,1085.0,1342484.5,0.03249691484985595,0.031980057809706135,1195.5,1238.775,1220.8041167345655,1251.24335846837,50.37927915586411,-30.439241733804465,-31.528705375366897,33.6315613251293,1238.775,41.8180504341667,1322.4111008683335,1155.1388991316667,921649.0
SWBBL,2022-03-15,1250.0,1253.0,1231.0,1248.0,-0.56 %,4740.0,5871134.0,-0.005577689243027928,-0.005593302636511326,1210.5,1235.925,1224.9880987754016,1251.0031096929351,49.01094258718131,-26.015010917533573,-30.425966483800234,32.94359265904863,1235.925,38.9082168971354,1313.7414337942707,1158.1085662057292,916909.0
SWBBL,2022-03-16,1271.0,1271.0,1240.0,1255.0,0.56 %,2030.0,2541678.3,0.00560897435897445,0.005593302636511377,1230.1,1236.075,1229.6053143484166,1251.2991756416068,50.459987282700666,-21.69386129319014,-28.679545445678215,32.80476461197373,1236.075,38.97916953840865,1314.0333390768174,1158.1166609231827,918939.0
SWBBL,2022-03-20,1253.0,1275.0,1243.0,1275.0,1.59 %,3333.0,4173026.5,0.015936254980079667,0.015810606026642245,1249.7,1237.075,1236.589112140968,1253.054792260747,54.443547063999226,-16.46568011977911,-26.236772380498394,32.74728142540418,1237.075,39.73937295890757,1316.5537459178151,1157.596254082185,922272.0
SWBBL,2022-03-21,1300.5,1326.5,1258.5,1272.0,-0.24 %,4875.0,6328911.6,-0.0023529411764705577,-0.0023557136924590365,1261.0,1236.675,1242.0369410423573,1254.458140982173,53.7454229285833,-12.421199939815779,-23.473657892361874,35.26533275216103,1236.675,39.32264480863546,1315.3202896172709,1158.029710382729,917397.0
SWBBL,2022-03-22,1252.0,1287.0,1252.0,1269.0,-0.24 %,2492.0,3195419.0,-0.002358490566037763,-0.00236127618567982,1263.8,1236.575,1246.1851039589178,1255.5353157242344,53.013346965132094,-9.350211765316544,-20.648968666952808,35.24638041272096,1236.575,39.23320123258657,1315.0414024651732,1158.108597534827,914905.0
SWBBL,2022-03-23,1269.0,1284.0,1269.0,1278.9,0.78 %,3190.0,4070633.3,0.007801418439716379,0.007771144724886742,1269.98,1237.3700000000001,1251.218164888315,1257.2660330779947,55.182836942429304,-6.047868189679775,-17.7287485714982,33.80021038324089,1237.3700000000001,39.9513664875156,1317.2727329750314,1157.4672670249688,918095.0
SWBBL,2022-03-24,1279.0,1285.0,1275.0,1278.0,-0.07 %,5076.0,6498316.4,-0.0007037297677692234,-0.0007039775017942694,1274.58,1238.27,1255.3384472131895,1258.8018824796247,54.934511963608564,-3.4634352664352264,-14.875685910485608,32.10019535586654,1238.27,40.684021174861996,1319.638042349724,1156.901957650276,913019.0
SWBBL,2022-03-27,1270.0,1270.0,1250.0,1250.0,-2.19 %,3470.0,4359671.5,-0.021909233176838794,-0.022152804641133287,1269.58,1237.67,1254.5171476419296,1258.1498911848378,47.73715387406131,-3.6327435429082016,-12.627097436970127,31.80732425901893,1237.67,40.40315386346119,1318.4763077269224,1156.8636922730777,909549.0
SWBBL,2022-03-28,1242.0,1250.0,1210.2,1248.0,-0.16 %,6668.0,8175018.4,-0.0016000000000000458,-0.0016012813669738792,1264.78,1236.3200000000002,1253.5145095431712,1257.3980473933682,47.26084793449864,-3.8835378501969444,-10.87838551961549,32.378229669089,1236.3200000000002,39.53187388223388,1315.383747764468,1157.2562522355324,902881.0
SWBBL,2022-03-29,1248.0,1248.0,1215.0,1215.0,-2.64 %,2264.0,2761800.2,-0.02644230769230771,-0.026798193154724162,1253.98,1232.92,1247.5892003826834,1254.2574512901558,40.14356765431258,-6.668250907472384,-10.036358597186869,32.422641835582645,1232.92,38.2078333110513,1309.3356666221027,1156.5043333778974,900617.0
SWBBL,2022-03-30,1196.0,1250.0,1196.0,1225.0,0.82 %,3485.0,4280984.5,0.008230452674897082,0.00819676720417849,1243.2,1231.67,1244.1139387853475,1252.0902326760702,42.94744124345927,-7.976293890722673,-9.62434565589403,33.9638817044696,1231.67,38.02816269429854,1307.7263253885972,1155.613674611403,904102.0
SWBBL,2022-03-31,1240.0,1245.0,1222.0,1222.0,-0.24 %,1144.0,1411875.0,-0.002448979591836764,-0.0024519832472867566,1232.0,1230.6200000000001,1240.7117943568326,1249.8613265519168,42.30716488913167,-9.149532195084248,-9.529382963732075,33.180747297007485,1230.6200000000001,37.988760110671585,1306.5975202213433,1154.642479778657,902958.0
SWBBL,2022-04-03,1210.0,1219.0,1180.0,1183.1,-3.18 %,2930.0,3508730.2,-0.03183306055646484,-0.03235074847192356,1218.6200000000001,1228.925,1231.8484413788583,1244.9160431036266,35.017211404890034,-13.067601724768338,-10.23702671593933,33.810693918649804,1228.925,39.35998335216884,1307.6449667043375,1150.2050332956624,900028.0
SWBBL,2022-04-04,1206.0,1208.0,1184.1,1184.1,0.08 %,1437.0,1718762.0,0.0008452370890035255,0.0008448800772940737,1205.8400000000001,1228.5300000000002,1224.5025273205724,1240.4111510218763,35.32572724700981,-15.908623701303895,-11.371346113012244,33.174215781603394,1228.5300000000002,39.78737038451512,1308.1047407690305,1148.95525923097,901465.0
SWBBL,2022-04-05,1163.0,1165.1,1146.0,1157.0,-2.29 %,2202.0,2544178.7,-0.022886580525293354,-0.023152544143234425,1194.2400000000002,1226.88,1214.1175231174075,1234.2325472424782,31.02671313846521,-20.115024125070704,-13.120081715423936,33.52605751148886,1226.88,42.08712267126588,1311.0542453425319,1142.7057546574683,899263.0
SWBBL,2022-04-06,1156.0,1160.0,1135.0,1137.0,-1.73 %,5533.0,6300183.1,-0.01728608470181503,-0.017437233443140528,1176.64,1225.0800000000002,1202.2532887916525,1227.030136335628,28.29042045495123,-24.776847543975464,-15.451434881134244,32.91705340352537,1225.0800000000002,45.16971039149421,1315.4194207829885,1134.7405792170118,893730.0
SWBBL,2022-04-07,1155.0,1160.0,1146.0,1160.0,2.02 %,1895.0,2187908.9,0.020228671943711474,0.020026790349874243,1164.2400000000002,1225.23,1195.752782823706,1222.0649410515073,35.35145091423246,-26.31215822780132,-17.62357955046766,32.208692446130705,1225.23,44.93610785863678,1315.1022157172736,1135.3577842827265,895625.0
SWBBL,2022-04-11,1183.0,1185.0,1142.0,1142.0,-1.55 %,1246.0,1446479.0,-0.01551724137931032,-0.015638893884454778,1156.02,1223.48,1187.4831239277512,1216.1342046773216,32.6424853801762,-28.651080749570383,-19.829079790288205,32.979500128549944,1223.48,47.52045099919889,1318.520901998398,1128.4390980016021,894379.0
SWBBL,2022-04-12,1142.0,1150.0,1120.1,1143.0,0.09 %,2892.0,3265375.0,0.0008756567425569628,0.0008752735788551747,1147.8,1219.855,1180.6395664004049,1210.7168561827052,32.949888252064014,-30.07728978230034,-21.878721788690633,32.75953583365352,1219.855,50.812456771615494,1321.479913543231,1118.230086456769,897271.0
SWBBL,2022-04-13,1130.0,1220.0,1130.0,1215.0,6.30 %,3328.0,3898071.3,0.06299212598425208,0.06108769197983828,1159.4,1217.855,1185.9257869541889,1211.0341260950975,50.47508151364341,-25.108339140908583,-22.524645259134225,36.848140416963986,1217.855,50.139074740155394,1318.1331494803107,1117.5768505196893,900599.0
SWBBL,2022-04-17,1220.0,1220.0,1178.0,1180.0,-2.88 %,2509.0,2977355.5,-0.028806584362139898,-0.029229638314938366,1168.0,1214.4550000000002,1185.0141274227753,1208.735301939905,44.39982278697956,-23.72117451712961,-22.763951110733302,37.21613038718085,1214.4550000000002,50.292664265843094,1315.0403285316863,1113.869671468314,898090.0
SWBBL,2022-04-18,1160.0,1178.0,1135.0,1178.0,-0.17 %,3123.0,3589342.4,-0.0016949152542372614,-0.001696353248178402,1171.6,1210.605,1183.9350308961946,1206.4586129073195,44.07337726550935,-22.523582011124972,-22.71587729081164,37.77212107381079,1210.605,49.97173385244901,1310.548467704898,1110.661532295102,894967.0
SWBBL,2022-04-19,1155.0,1165.0,1132.0,1150.0,-2.38 %,1422.0,1640577.0,-0.02376910016977929,-0.024056142854236268,1173.2,1204.355,1178.7142569121647,1202.2764934327033,39.675303997420066,-23.56223652053859,-22.885149136757033,38.35982671139573,1204.355,49.306404783162805,1302.9678095663257,1105.7421904336743,893545.0
SWBBL,2022-04-20,1170.0,1170.0,1130.0,1139.0,-0.96 %,1852.0,2102490.0,-0.009565217391304337,-0.009611257910113599,1172.4,1197.7050000000002,1172.60437123337,1197.5893457710217,38.06811539688701,-24.984974537651624,-23.30511421693595,38.476981946296036,1197.7050000000002,48.66766434339285,1295.0403286867859,1100.3696713132144,891693.0
SWBBL,2022-04-21,1135.0,1160.0,1117.0,1130.0,-0.79 %,1779.0,2002676.6,-0.007901668129938533,-0.007933051740795878,1155.4,1190.755,1166.0498525820824,1192.582727565761,36.75618289377842,-26.53287498367854,-23.95066637028447,38.80005466441774,1190.755,47.86891613133284,1286.4928322626658,1095.0171677373344,889914.0
SWBBL,2022-04-24,1130.0,1190.0,1130.0,1180.0,4.42 %,1200.0,1393538.0,0.04424778761061954,0.04329680575332426,1155.4,1185.81,1168.1960291079158,1191.650673672001,47.56717500288808,-23.45464456408513,-23.851462009044603,40.31433647410219,1185.81,43.160836292678056,1272.131672585356,1099.488327414644,891114.0
SWBBL,2022-04-25,1185.0,1185.0,1134.9,1171.0,-0.76 %,6942.0,7957862.0,-0.007627118644067843,-0.007656353861993149,1154.0,1180.46,1168.6274092451595,1190.1209941407415,46.04152686796066,-21.49358489558199,-23.379886586352082,41.01331244023774,1180.46,37.37589146987147,1255.211782939743,1105.708217060257,884172.0
SWBBL,2022-04-26,1160.5,1165.0,1143.0,1160.0,-0.94 %,2638.0,3048316.5,-0.009393680614859123,-0.009438079497307041,1156.0,1175.96,1167.300115515135,1187.8898093895755,44.176549057272034,-20.5896938744404,-22.821848043969748,40.083790123077904,1175.96,33.810608737016985,1243.581217474034,1108.338782525966,881534.0
SWBBL,2022-04-27,1137.2,1172.9,1137.1,1164.0,0.34 %,442.0,513106.0,0.0034482758620688614,0.0034423441909726986,1161.0,1171.76,1166.7924054358837,1186.1201938792365,45.04823014847146,-19.3277884433528,-22.123036123846358,39.77780511428664,1171.76,29.308224101944347,1230.3764482038887,1113.1435517961113,881976.0
SWBBL,2022-04-28,1141.1,1163.0,1141.1,1158.0,-0.52 %,1703.0,1957144.6,-0.005154639175257714,-0.005167970158442561,1166.6,1168.91,1165.439727676517,1184.0372165548486,43.939883061889766,-18.59748887833166,-21.41792667474342,38.57224760612332,1168.91,27.604021446336695,1224.1180428926734,1113.7019571073267,880273.0
SWBBL,2022-05-02,1180.0,1180.0,1115.0,1120.0,-3.28 %,3131.0,3518116.5,-0.032815198618307395,-0.033365693843800295,1154.6,1163.66,1158.4490003416681,1179.2937190322673,37.62591786657729,-20.844718690599166,-21.30328507791457,40.45994420568594,1163.66,26.330398681879178,1216.3207973637584,1110.9992026362418,877142.0
SWBBL,2022-05-04,1120.0,1140.0,1101.1,1120.0,0.00 %,2474.0,2766300.5,0.0,0.0,1144.4,1158.56,1152.533769519873,1174.9015916965438,37.625917866424075,-22.36782217667087,-21.51619249766583,40.34851961956552,1158.56,24.23019864395868,1207.0203972879174,1110.0996027120825,877142.0
SWBBL,2022-05-05,1115.0,1115.0,1086.0,1086.0,-3.04 %,3039.0,3346820.4,-0.03035714285714286,-0.030827463795259483,1129.6,1153.7050000000002,1142.2978049783542,1168.3162886079108,32.74351831734043,-26.018483629556613,-22.41665072404399,39.8950539324537,1153.7050000000002,28.420035094045776,1210.5450701880918,1096.8649298119085,874103.0
SWBBL,2022-05-08,1086.0,1086.0,1036.0,1069.0,-1.57 %,3296.0,3492013.0,-0.015653775322283625,-0.015777589468835538,1110.6,1147.95,1131.021219597069,1160.9595264888064,30.605090618498807,-29.93830689173751,-23.920981957582697,40.61683579442129,1147.95,33.19396742925155,1214.337934858503,1081.562065141497,870807.0
SWBBL,2022-05-09,1070.0,1096.0,1067.0,1093.1,2.25 %,1927.0,2093070.0,0.022544434050514317,0.02229406427474438,1097.62,1144.7549999999999,1125.1871858129045,1155.932894897043,36.89686273215711,-30.745709084138525,-25.285927382893863,39.78706180910548,1144.7549999999999,35.28635452692023,1215.3277090538404,1074.1822909461594,872734.0
SWBBL,2022-05-10,1085.0,1124.0,1080.0,1119.0,2.37 %,1391.0,1535960.1,0.023694081053883487,0.023417733012135483,1097.42,1143.855,1124.2353110724578,1153.1971249046696,42.88963422042672,-28.961813832211874,-26.021104672757467,40.08798596559795,1143.855,35.72142914288337,1215.2978582857668,1072.4121417142333,874125.0
SWBBL,2022-05-11,1123.0,1150.0,1120.0,1150.0,2.77 %,3085.0,3511634.0,0.027703306523681803,0.02732651304537046,1103.42,1143.355,1128.1991093690028,1152.960300837657,49.11817177105339,-24.76119146865426,-25.769122031936824,39.438844110912385,1143.355,35.553139990272825,1214.4612799805457,1072.2487200194544,877210.0
SWBBL,2022-05-12,1154.0,1166.6,1135.0,1136.0,-1.22 %,1412.0,1624256.0,-0.012173913043478257,-0.012248622076199086,1113.42,1143.0549999999998,1129.3992463891561,1151.7039822570898,46.64406432579534,-22.304735867933687,-25.076244799136198,38.878926674418636,1143.0549999999998,35.59046996938399,1214.2359399387678,1071.8740600612318,875798.0
SWBBL,2022-05-17,1115.7,1136.3,1102.0,1102.0,-2.99 %,1393.0,1552883.9,-0.029929577464788748,-0.03038660956823688,1120.02,1141.0049999999999,1125.1839777139012,1148.0222057936016,41.214533359461036,-22.838228079700457,-24.62864145524905,38.55186048338873,1141.0049999999999,36.75552912233333,1214.5160582446665,1067.4939417553333,874405.0
SWBBL,2022-05-18,1100.0,1122.0,1082.0,1122.0,0.02 %,645.0,708702.0,0.01814882032667886,0.01798609636978192,1125.8,1136.355,1124.6941349886856,1146.0946349940755,45.25166236703928,-21.40050000538986,-23.983013165277214,38.65529902028953,1136.355,32.54299948989911,1201.4409989797982,1071.2690010202018,875050.0
SWBBL,2022-05-19,1129.8,1129.9,1103.0,1103.0,-1.69 %,1050.0,1170172.0,-0.016934046345811082,-0.017079066829139185,1122.6,1132.5049999999999,1121.356575759657,1142.902439809329,42.28098145155992,-21.54586404967199,-23.49558334215617,37.81563480455458,1132.5049999999999,31.65031761725764,1195.8056352345152,1069.2043647654846,874000.0
SWBBL,2022-05-20,1100.0,1118.0,1100.0,1118.0,1.36 %,398.0,438758.0,0.013599274705349051,0.013507634461542002,1116.2,1129.5049999999999,1120.8401794889405,1141.0578146382677,45.33221391171954,-20.21763514932718,-22.839993703590373,36.400232318514966,1129.5049999999999,29.906617380908383,1189.3182347618167,1069.691765238183,874398.0
SWBBL,2022-05-23,1100.1,1120.0,1084.9,1085.0,-2.95 %,2395.0,2619152.0,-0.02951699463327373,-0.029961387740484572,1106.0,1126.2549999999999,1115.3263057214112,1136.905383924322,40.286493410711174,-21.57907820291075,-22.58781060345445,36.30735858147818,1126.2549999999999,31.071318217926603,1188.3976364358532,1064.1123635641466,872003.0
SWBBL,2022-05-24,1075.0,1105.0,1075.0,1080.0,-0.46 %,633.0,688986.0,-0.004608294930875556,-0.0046189458562945285,1101.6,1123.3049999999998,1109.8914894565787,1132.6901703002982,39.567872731438875,-22.798680843719467,-22.629984651507453,35.856832968515455,1123.3049999999998,32.562611349597645,1188.4302226991952,1058.1797773008045,871370.0
SWBBL,2022-05-25,1101.0,1108.0,1085.0,1104.0,2.22 %,1813.0,1983825.0,0.022222222222222143,0.021978906718775167,1098.0,1122.0049999999999,1108.985106463259,1130.564972500276,44.66973697670277,-21.579866037017155,-22.419960928609395,35.2956306136215,1122.0049999999999,32.79939786048243,1187.6037957209646,1056.4062042790351,873183.0
SWBBL,2022-05-26,1090.0,1100.0,1083.0,1100.0,-0.36 %,1182.0,1293168.0,-0.0036231884057971175,-0.0036297680505787237,1097.4,1118.0049999999999,1107.6027823919883,1128.3009004632186,44.00296643447821,-20.698118071230283,-22.075592357133573,34.27451414121996,1118.0049999999999,30.123438592594827,1178.2518771851896,1057.7581228148101,872001.0
SWBBL,2022-05-27,1089.0,1096.0,1078.0,1083.9,-1.46 %,1568.0,1697421.5,-0.014636363636363559,-0.014744531964757602,1090.58,1113.65,1103.9562004855286,1125.0119448733503,41.328927579680766,-21.055744387821733,-21.87162276327121,33.39776313113282,1113.65,28.299497856987795,1170.2489957139758,1057.0510042860244,870433.0
SWBBL,2022-05-30,1087.0,1090.0,1064.0,1064.1,-1.83 %,2440.0,2614454.5,-0.018267367838361692,-0.018436276374018616,1086.4,1108.855,1097.8244773339088,1120.499948956806,38.25038236331027,-22.67547162289725,-22.03239253519642,32.869351478909046,1108.855,28.15690015477767,1165.1688003095553,1052.5411996904447,867993.0
SWBBL,2022-05-31,1064.0,1064.0,1030.0,1030.0,-3.20 %,2811.0,2918661.8,-0.03204586035147061,-0.03257056922400427,1076.4,1102.155,1087.3899423594614,1113.7962490340797,33.60737037665456,-26.406306674618236,-22.907175363080786,32.95725494470125,1102.155,30.212187763948364,1162.5793755278967,1041.7306244721033,865182.0
SWBBL,2022-06-01,1043.0,1071.5,1005.0,1010.0,-1.94 %,5629.0,5761557.0,-0.01941747572815533,-0.019608471388376313,1057.6,1094.7549999999999,1075.4837973810827,1106.1076379945182,31.214185083854005,-30.623840613435505,-24.45050841315173,35.35316530579402,1094.7549999999999,33.7338105421647,1162.2226210843294,1027.2873789156704,859553.0
SWBBL,2022-06-02,1025.0,1025.0,1000.0,1000.0,-0.99 %,1030.0,1044311.0,-0.00990099009900991,-0.009950330853168092,1037.6,1088.7549999999999,1063.8709054763008,1098.2478129578874,30.061509062635764,-34.37690748158661,-26.43578822683871,34.613653498237305,1088.7549999999999,39.231183555539076,1167.2173671110781,1010.2926328889217,858523.0
SWBBL,2022-06-03,1003.0,1003.0,990.0,994.0,-0.60 %,2285.0,2265728.7,-0.006000000000000005,-0.006018072325563021,1019.6200000000001,1082.455,1053.1215354030237,1090.5257527387846,29.36092394192356,-37.404217335760904,-28.62947404862315,33.06982110550607,1082.455,43.8004382940103,1170.0558765880205,994.8541234119793,856238.0
SWBBL,2022-06-06,994.0,1000.0,990.0,994.0,0.00 %,1885.0,1871518.0,0.0,0.0,1005.6,1077.855,1044.0259145717894,1083.375696980356,29.360923941800735,-39.349782408566625,-30.773535720611847,31.42197674082707,1077.855,48.03486097025426,1173.9247219405086,981.7852780594915,856238.0
SWBBL,2022-06-07,994.0,994.0,981.0,981.0,-1.31 %,3220.0,3179219.5,-0.013078470824949728,-0.013164747091210982,995.8,1073.455,1034.3296200222833,1075.7923120188482,27.7366276375635,-41.4626919965649,-32.91136697580246,30.10612125933942,1073.455,52.69319815298358,1178.841396305967,968.0686036940327,853018.0
SWBBL,2022-06-08,995.0,1035.0,980.0,1017.0,3.67 %,2986.0,2991719.0,0.03669724770642202,0.03603993648319687,997.2,1069.65,1031.6635246342398,1071.437325943378,37.970452552798584,-39.77380130913821,-34.28385384246961,31.88425545510089,1069.65,53.932984732127935,1177.515969464256,961.7840305357443,856004.0
SWBBL,2022-06-09,1010.0,1035.0,998.0,999.0,-1.77 %,1670.0,1694350.6,-0.017699115044247815,-0.01785761740000646,997.0,1063.65,1026.6383669982029,1066.0715980957204,35.2801284484499,-39.43323109751759,-35.31372929347921,32.249665779736546,1063.65,54.82151421717,1173.2930284343402,954.0069715656601,854334.0
SWBBL,2022-06-10,999.0,1014.9,990.0,1009.0,1.00 %,968.0,968091.0,0.010010010010010006,0.009960241705055434,1000.0,1056.6,1023.9247720754024,1061.8440723108522,37.91208132493112,-37.91930023544978,-35.83484348187333,31.724689652612508,1056.6,52.13283640460929,1160.8656728092185,952.3343271907813,855302.0
SWBBL,2022-06-13,1000.0,1014.0,995.0,998.0,-1.09 %,912.0,913263.0,-0.010901883052527261,-0.010961744042144988,1000.8,1049.7,1019.9363456022636,1057.1148817693077,36.169625244816494,-37.17853616704406,-36.103582018907474,30.815783248854473,1049.7,50.166155502545884,1150.0323110050917,949.3676889949082,854390.0
SWBBL,2022-06-14,996.0,1001.0,985.0,996.0,-0.20 %,1676.0,1663353.0,-0.002004008016032066,-0.002006018726865743,1003.8,1044.4,1016.253830894223,1052.5878534900996,35.847028951064416,-36.334022595876604,-36.1496701343013,29.75751301679344,1044.4,49.94882644436029,1144.2976528887207,944.5023471112795,852714.0
SWBBL,2022-06-15,985.0,990.0,970.0,985.0,-1.10 %,4018.0,3923630.0,-0.011044176706827336,-0.01110561641250938,997.4,1037.55,1011.4455492181887,1047.5813458241664,34.04832971937233,-36.1357966059777,-36.14689542863658,29.489119229879623,1037.55,48.10677269323282,1133.7635453864657,941.3364546135343,848696.0
SWBBL,2022-06-16,1000.0,1000.0,979.9,985.0,0.00 %,772.0,761798.7,0.0,0.0,994.6,1031.65,1007.3770031846212,1042.9456905779318,34.048329719205086,-35.5686873933106,-36.03125382157138,28.818467856316794,1031.65,46.87753922958831,1125.4050784591768,937.8949215408235,848696.0
SWBBL,2022-06-17,980.0,980.0,977.0,980.0,-0.51 %,492.0,481828.0,-0.005076142131979711,-0.005089069507471293,988.8,1024.75,1003.1651565408333,1038.2830468314182,33.17090593758665,-35.11789029058491,-35.84858111537409,27.331434438008454,1024.75,43.53569013809947,1111.8213802761989,937.678619723801,848204.0
SWBBL,2022-06-19,978.0,980.0,962.0,979.0,-0.10 %,1740.0,1696300.5,-0.0010204081632653184,-0.0010209291341072334,985.0,1019.45,999.4474401499359,1033.891710029091,32.98780872346586,-34.44426987915506,-35.567718868130285,26.664903406722136,1019.45,42.2479959040181,1103.9459918080363,934.9540081919638,846464.0
SWBBL,2022-06-20,960.0,964.9,930.0,946.1,-3.36 %,4588.0,4369280.6,-0.03360572012257401,-0.03418337082011178,975.0200000000001,1012.7549999999999,991.2401416653304,1027.3886203973066,27.591671395049943,-36.148478731976184,-35.683870840899466,28.26026744909913,1012.7549999999999,42.754149998760646,1098.2632999975212,927.2467000024786,841876.0
SWBBL,2022-06-21,948.0,1000.0,937.2,1000.0,5.70 %,7659.0,7287729.5,0.05697072191100294,0.05540700727173838,978.0200000000001,1007.555,992.5878121783564,1025.3598337012097,43.80884122571728,-32.772021522853265,-35.10150097729023,30.7273912027349,1007.555,37.011143059052245,1081.5772861181044,933.5327138818955,849535.0
SWBBL,2022-06-22,980.1,985.0,968.0,969.0,-3.10 %,1656.0,1618126.1,-0.031000000000000028,-0.03149066709137085,974.82,1001.0049999999999,988.9589179970709,1021.1850312048239,38.47194997457448,-32.226113207752974,-34.52642342338278,30.81829183111098,1001.0049999999999,30.872428083985486,1062.7498561679708,939.2601438320289,847879.0
SWBBL,2022-06-23,969.0,969.0,936.0,940.1,-2.98 %,2199.0,2081357.5,-0.029824561403508754,-0.030278359306261018,966.8399999999999,993.8149999999999,981.442161382137,1015.1787325970593,34.279379498389744,-33.736571214922265,-34.36845298169068,30.97412812888877,993.8149999999999,27.060308377495236,1047.9356167549904,939.6943832450095,845680.0
SWBBL,2022-06-24,930.0,963.9,925.0,950.0,1.05 %,2158.0,2037561.5,0.01053079459631956,0.010475732010081342,961.04,988.11,976.6049057848852,1010.3506783306103,36.819426603030905,-33.74577254572512,-34.243916894497566,31.540261833968138,988.11,23.217255379995603,1034.5445107599912,941.6754892400088,847838.0
SWBBL,2022-06-26,969.0,987.0,960.0,980.0,3.16 %,4493.0,4362229.1,0.03157894736842115,0.03109058707003118,967.82,985.61,977.127227971826,1008.1024799357504,43.895734771928616,-30.975251963924393,-33.59018390838293,31.930243131541843,985.61,21.06103661193898,1027.732073223878,943.4879267761221,852331.0
SWBBL,2022-06-27,999.6,1001.0,935.6,960.0,-2.04 %,5598.0,5396233.0,-0.020408163265306145,-0.020619287202735703,959.82,983.11,974.4922698223143,1004.5393332738429,40.62872946065126,-30.04706345152863,-32.881559817012075,34.320940050717425,983.11,20.980916141027503,1025.071832282055,941.1481677179451,846733.0
SWBBL,2022-06-28,953.6,959.8,941.0,957.8,-0.23 %,1349.0,1282205.1,-0.002291666666666692,-0.0022942965533729585,957.5799999999999,981.0,971.9242283111889,1001.0771604387434,40.27364973571624,-29.152932127554436,-32.135834279120544,33.22658718995189,981.0,21.31228951150283,1023.6245790230057,938.3754209769943,845384.0
SWBBL,2022-06-29,975.0,994.9,956.5,988.0,3.15 %,7462.0,7334061.2,0.031530590937565384,0.031043709839358953,967.1599999999999,980.7,974.3974239556214,1000.1084818877254,47.10736364241403,-25.711057932103927,-30.85087900971722,33.5961166763839,980.7,21.161360020242725,1023.0227200404855,938.3772799595146,852846.0
SWBBL,2022-06-30,1000.0,1038.9,998.0,1038.9,5.15 %,7139.0,7285888.7,0.05151821862348194,0.0502350423286183,984.9399999999999,982.945,984.3208971932181,1002.9819276738198,56.2029586102557,-18.661030480601653,-28.41290930389411,34.832108342356484,982.945,24.727791205570796,1032.4005824111416,933.4894175888585,859985.0
SWBBL,2022-07-01,1050.0,1065.0,1030.0,1058.0,1.84 %,3177.0,3314180.5,0.01838483010876879,0.018217872341758624,1000.54,986.7950000000001,995.6561437788769,1007.057340438722,59.048751644162984,-11.40119665984514,-25.010566775084317,34.84410060361674,986.7950000000001,29.868862065103166,1046.5327241302064,927.0572758697938,863162.0
SWBBL,2022-07-03,1058.0,1100.0,1057.0,1090.0,3.02 %,6867.0,7364244.7,0.030245746691871522,0.029797362804944758,1026.54,990.445,1010.1705831975112,1013.2012411469649,63.34591811477469,-3.030657949453712,-20.614585009958198,35.426664846215544,990.445,37.29209701815506,1065.0291940363102,915.8608059636899,870029.0
SWBBL,2022-07-04,1111.8,1131.9,1048.0,1075.0,-1.38 %,8491.0,9369569.9,-0.013761467889908285,-0.013857034661426241,1049.98,994.2450000000001,1020.1443396286633,1017.7789269879304,60.15920417754859,2.3654126407328704,-16.018585479819986,38.889045928628725,994.2450000000001,41.808378347066395,1077.861756694133,910.6282433058673,861538.0
SWBBL,2022-07-05,1090.0,1096.5,1029.0,1030.0,-4.19 %,3990.0,4205818.1,-0.041860465116279055,-0.0427618593380817,1058.3799999999999,995.2950000000001,1021.6605950704073,1018.6841916554911,51.74857012800284,2.9764034149162626,-12.219587700872736,40.93268550515524,995.2950000000001,42.45711737507521,1080.2092347501505,910.3807652498497,857548.0
SWBBL,2022-07-06,1026.5,1045.0,1000.0,1034.2,0.41 %,3300.0,3344038.1,0.004077669902912584,0.004069378738439611,1057.44,997.1049999999999,1023.5897342903447,1019.8335107921214,52.41721872536039,3.756223498223335,-9.024425461053523,41.223207969072725,997.1049999999999,43.34093087930975,1083.7868617586194,910.4231382413805,860848.0
SWBBL,2022-07-07,1054.8,1075.8,1020.0,1035.0,0.08 %,7013.0,7233203.4,0.0007735447689034558,0.0007732457373483005,1052.84,999.055,1025.3451597841379,1020.9569544371494,52.552093330577065,4.388205346988457,-6.341899299445127,42.26440739985324,999.055,44.158237891650664,1087.3714757833013,910.7385242166986,867861.0
SWBBL,2022-07-08,1025.0,1055.7,1000.0,1019.0,-1.55 %,1735.0,1755897.5,-0.01545893719806768,-0.015579672476744681,1038.6399999999999,1000.7549999999999,1024.368981355809,1020.8119948492125,49.52832388898879,3.556986506596445,-4.3621221382368125,43.22409258557801,1000.7549999999999,44.24305446544619,1089.2411089308923,912.2688910691074,866126.0
SWBBL,2022-07-11,1000.0,1000.0,975.0,977.0,-4.12 %,2242.0,2212532.0,-0.04121687929342488,-0.04209038117994202,1019.04,1000.3549999999999,1017.0814457626075,1017.566661897419,42.5992581628549,-0.4852161348114805,-3.5867409375517463,43.27951454375102,1000.3549999999999,44.42876587137544,1089.2125317427508,911.497468257249,863884.0
SWBBL,2022-07-12,958.2,1029.9,958.0,975.0,-0.20 %,2616.0,2589536.1,-0.0020470829068577334,-0.0020491810449355693,1008.04,1000.1049999999999,1010.6073771837448,1014.4135758309434,42.29581050461166,-3.8061986471985847,-3.6306324794811142,45.3238349334831,1000.1049999999999,44.56319551769413,1089.2313910353882,910.9786089646117,861268.0
SWBBL,2022-07-13,994.5,1030.0,990.0,1030.0,5.64 %,2880.0,2896360.0,0.05641025641025643,0.0548766102258343,1007.2,1002.655,1013.5908576170148,1015.568125769392,52.34837458566848,-1.9772681523772917,-3.29995961406035,46.01498958109145,1002.655,44.75073036758641,1092.1564607351727,913.1535392648271,864148.0
SWBBL,2022-07-14,1050.5,1090.0,1020.0,1087.0,5.53 %,6414.0,6699803.0,0.05533980582524278,0.05386280589752805,1017.6,1009.7,1024.8845718297816,1020.8593757124,60.105179512396084,4.025196117381597,-1.8349284677719608,47.72820461101349,1009.7,46.43779087191734,1102.5755817438348,916.8244182561654,870562.0
SWBBL,2022-07-15,1065.3,1169.0,1059.0,1169.0,7.54 %,12441.0,13820692.0,0.07543698252069908,0.07272707435085889,1047.6,1018.15,1047.0561761636613,1031.8327552892592,68.1399767112075,15.223420874402109,1.576741400662853,52.176189995941094,1018.15,58.4119895768583,1134.9739791537165,901.3260208462834,883003.0
SWBBL,2022-07-17,1170.0,1170.0,1096.0,1135.0,-2.91 %,9986.0,11285156.4,-0.029084687767322537,-0.029516031556565403,1079.2,1026.45,1060.5859952154058,1039.4747734159807,62.5177127329667,21.11122179942504,5.4836374804152905,53.735033567659585,1026.45,62.69712072639023,1151.8442414527806,901.0557585472196,873017.0
SWBBL,2022-07-18,1113.0,1113.0,1087.0,1102.0,-2.91 %,4909.0,5409971.9,-0.029074889867841458,-0.029505940202643303,1104.6,1034.5449999999998,1066.957380566882,1044.1062716814636,57.554022818869484,22.851108885418398,8.957131761415912,53.32538831282676,1034.5449999999998,61.39970405389415,1157.3444081077882,911.7455918922116,868108.0
SWBBL,2022-07-19,1100.0,1135.0,1100.0,1112.0,0.91 %,16425.0,18299773.7,0.00907441016333932,0.009033485097667826,1121.0,1042.645,1073.8870143258232,1049.1354367420959,58.6260343462236,24.75157758372734,12.1160209258782,52.01643200476771,1042.645,60.33580132113601,1163.316602642272,921.973397357728,884533.0
SWBBL,2022-07-20,1112.0,1148.0,1100.0,1130.0,1.62 %,15892.0,17850914.6,0.01618705035971213,0.01605743689585847,1129.6,1050.145,1082.5197813526197,1055.1254043908295,60.557065693156844,27.394376961790158,15.171692133060592,51.72954400442716,1050.145,61.45142262076733,1173.0478452415346,927.2421547584653,900425.0
SWBBL,2022-07-21,1121.0,1150.0,1120.0,1134.5,0.40 %,7754.0,8789840.5,0.0039823008849557695,0.0039743925135101825,1122.7,1058.87,1090.5167380676012,1061.0050040655829,61.04654334547432,29.51173400201833,18.039700506852142,50.17743371839666,1058.87,60.35700892461947,1179.5840178492388,938.1559821507609,908179.0
SWBBL,2022-07-22,1135.0,1160.7,1112.0,1149.0,1.28 %,13414.0,15076121.6,0.012780960775672146,0.012699973628859306,1125.5,1068.4299999999998,1099.514162980278,1067.5231519125769,62.654740557626866,31.991011067701038,20.829962619021924,50.07190273851119,1068.4299999999998,58.62315062741334,1185.6763012548265,951.1836987451732,921593.0
SWBBL,2022-07-24,1171.0,1250.0,1136.1,1248.0,8.62 %,42152.0,50522841.2,0.08616187989556146,0.08265027108061739,1154.7,1081.4299999999998,1122.358137906389,1080.89180732646,71.35134037600801,41.466330579929036,24.957236211203345,54.631052542903255,1081.4299999999998,67.93696846504929,1217.3039369300984,945.5560630699013,963745.0
SWBBL,2022-07-25,1269.0,1299.9,1249.0,1289.0,3.29 %,29951.0,38033536.2,0.0328525641025641,0.03232445400981441,1190.1,1093.935,1147.9953474592521,1096.3072290059813,74.04683054973808,51.68811845327082,30.30341265961684,54.43597736126731,1093.935,81.38349939450049,1256.701998789001,931.1680012109989,993696.0
SWBBL,2022-07-26,1264.0,1289.9,1238.2,1250.0,-3.03 %,27002.0,33907318.2,-0.03025601241272302,-0.03072317264284056,1214.1,1103.5349999999999,1163.6883709270594,1107.691878709242,67.53739700858102,55.99649221781738,35.44202857125695,54.240550406891074,1103.5349999999999,87.97845594539989,1279.4919118907997,927.5780881092,966694.0
SWBBL,2022-07-27,1225.0,1270.0,1205.0,1270.0,1.60 %,26689.0,33239975.9,0.016000000000000014,0.015873349156290163,1241.2,1112.5349999999999,1180.0440061690504,1119.7147025085576,69.04047357543882,60.32930366049277,40.41948358910412,55.00908252068457,1112.5349999999999,95.41360531369534,1303.3622106273906,921.7077893726091,993383.0
SWBBL,2022-07-28,1275.0,1315.0,1271.0,1315.0,3.54 %,51195.0,66726195.2,0.03543307086614167,0.03481976515922791,1274.4,1124.5349999999999,1200.8064667584272,1134.1802801005163,72.16352544218313,66.62618665791092,45.660824202865484,54.29414805492139,1124.5349999999999,105.05000450917915,1334.6350090183582,914.4349909816416,1044578.0
SWBBL,2022-07-29,1309.0,1315.0,1292.0,1314.0,-0.08 %,6926.0,9034128.5,-0.0007604562737643095,-0.0007607455673091553,1287.6,1138.735,1218.2208564879,1147.5002593523297,71.98973430345856,70.72059713557019,50.67277878940642,52.05885176528415,1138.735,110.6444960222152,1360.0239920444303,917.4460079555695,1037652.0
SWBBL,2022-07-31,1318.0,1355.0,1301.0,1355.0,3.12 %,19328.0,25684983.6,0.03120243531202438,0.03072553426924548,1300.8,1154.775,1239.2638016436076,1162.8706105114165,74.68194343187139,76.39319113219108,55.81686125796336,52.197505210620996,1154.775,117.71938924949019,1390.2137784989804,919.3362215010197,1056980.0
SWBBL,2022-08-01,1370.0,1381.0,1331.0,1342.0,-0.96 %,40627.0,54794661.1,-0.00959409594095939,-0.009640415782174153,1319.2,1170.125,1255.0693706215143,1176.1394541772374,72.30878460536962,78.92991644427684,60.43947229522606,52.0405405527195,1170.125,121.24224066331955,1412.609481326639,927.6405186733609,1016353.0
SWBBL,2022-08-02,1335.0,1368.8,1311.0,1368.0,1.94 %,23157.0,31000102.2,0.019374068554396384,0.01918878065086863,1338.8,1187.575,1272.44331360282,1190.351346460405,74.08263396383596,82.09196714241489,64.76997126466384,52.45193051323953,1187.575,123.44179056504413,1434.4585811300883,940.6914188699118,1039510.0
SWBBL,2022-08-03,1395.0,1395.0,1342.0,1373.0,0.37 %,11092.0,15170321.7,0.003654970760234022,0.0036483075854753817,1350.4,1207.375,1287.91357304854,1203.8808763522268,74.42196473092389,84.03269669631322,68.62251635099372,52.49107833372242,1207.375,119.58688484246534,1446.5487696849307,968.2012303150693,1050602.0
SWBBL,2022-08-04,1375.0,1395.0,1332.8,1345.0,-2.04 %,18511.0,25007767.9,-0.02039329934450107,-0.020604113732031547,1356.6,1225.875,1296.6961002718415,1214.3341447705802,68.97567145312082,82.36195550126126,71.37040418104723,53.18457273845654,1225.875,109.98012679335648,1445.835253586713,1005.914746413287,1032091.0
SWBBL,2022-08-05,1345.0,1368.0,1301.0,1312.9,-2.39 %,10484.0,13781186.6,-0.02386617100371735,-0.024155582095874685,1348.18,1240.02,1299.1890079223274,1221.6353192320187,63.260078359380344,77.55368869030872,72.60706108289953,54.17138897142393,1240.02,101.31286924025568,1442.6457384805112,1037.3942615194887,1021607.0
SWBBL,2022-08-07,1313.0,1350.0,1305.2,1350.0,2.83 %,13969.0,18501794.5,0.028258054688095058,0.02786616149241046,1349.7800000000002,1253.17,1307.0060836265845,1231.143814103721,66.69508267037463,75.86226952286347,73.25810277089232,53.502004044893646,1253.17,97.39871446254392,1447.967428925088,1058.3725710749122,1035576.0
SWBBL,2022-08-08,1350.0,1407.0,1332.0,1348.0,-0.15 %,10423.0,14171928.0,-0.001481481481481528,-0.001482579960222836,1345.7800000000002,1262.1200000000001,1313.3128399917255,1239.799827873816,66.33502445549294,73.51301211790951,73.30908464029577,55.037575184544096,1262.1200000000001,97.48138067834323,1457.0827613566867,1067.1572386433136,1025153.0
SWBBL,2022-08-09,1324.0,1340.0,1289.0,1296.0,-3.86 %,12137.0,15890688.6,-0.03857566765578635,-0.03933941456003234,1330.38,1270.17,1310.6493261468447,1243.9628035868666,57.624503387018116,66.68652255997813,71.98457222423224,55.32060552850523,1270.17,92.97483587117414,1456.1196717423484,1084.2203282576518,1013016.0
SWBBL,2022-08-10,1272.0,1300.0,1272.0,1293.0,-0.23 %,6724.0,8671431.1,-0.0023148148148147696,-0.002317498140362479,1319.98,1279.72,1307.9340452011763,1247.595188506358,57.15818529161013,60.33885669481833,69.65542911834946,53.369133705040575,1279.72,84.18591331100771,1448.0918266220156,1111.3481733779845,1006292.0
SWBBL,2022-08-11,1312.0,1315.0,1290.0,1290.0,-0.23 %,19903.0,25872160.8,-0.002320185614849146,-0.0023228814161396385,1315.4,1288.6200000000001,1305.1749613240725,1250.7362856540353,56.66436404077408,54.43867567003713,66.612078428687,51.34276701182339,1288.6200000000001,74.35674039462509,1437.3334807892502,1139.90651921075,986389.0
SWBBL,2022-08-14,1315.8,1344.0,1302.1,1313.0,1.78 %,50022.0,66101060.5,0.01782945736434116,0.017672376947078464,1308.0,1297.77,1306.3788134280612,1255.3484126426254,59.54974940270609,51.03040078543586,63.495742900036774,51.53256936812172,1297.77,64.4038254830442,1426.5776509660884,1168.9623490339116,1036411.0
SWBBL,2022-08-15,1334.9,1348.0,1315.0,1346.0,2.51 %,40975.0,54932427.3,0.02513328255902514,0.024822635901876933,1307.6,1308.345,1312.474380592975,1262.063345039468,63.323059816027964,50.41103555350696,60.87880143073082,50.351671556113025,1308.345,52.43624173581297,1413.2174834716259,1203.4725165283742,1077386.0
SWBBL,2022-08-16,1350.0,1358.9,1321.0,1326.0,-1.49 %,29037.0,39052156.4,-0.014858841010401136,-0.014970339458865244,1313.6,1317.1950000000002,1314.5552451171327,1266.799393555063,59.68896617517497,47.755851562069665,58.25421145699859,49.462266444962104,1317.1950000000002,36.70368510120067,1390.6023702024015,1243.7876297975988,1048349.0
SWBBL,2022-08-17,1338.9,1339.0,1320.0,1325.9,-0.01 %,12348.0,16369378.7,-7.541478129702295e-05,-7.541762513462115e-05,1320.1799999999998,1321.0900000000001,1316.3005920221892,1271.1772162546881,59.67052669028282,45.1233757675011,55.6280443190991,47.28639027032195,1321.0900000000001,32.91173043168742,1386.913460863375,1255.2665391366254,1036001.0
SWBBL,2022-08-18,1352.4,1352.4,1325.0,1336.0,0.76 %,25268.0,33629107.9,0.007617467380647058,0.007588600975917902,1329.3799999999999,1323.44,1319.3312701726218,1275.9789039395262,60.981609524575134,43.35236623309561,53.17290870189841,45.86593382244182,1323.44,32.169410118565374,1387.7788202371307,1259.1011797628694,1061269.0
SWBBL,2022-08-21,1346.0,1357.8,1336.0,1337.2,0.09 %,15303.0,20646655.3,0.0008982035928144505,0.0008978004493525883,1334.22,1327.8,1322.0803055306799,1280.5137999440055,61.14323832132547,41.56650558667434,50.851628078853594,44.14693854941026,1327.8,27.220599784713922,1382.2411995694279,1273.358800430572,1076572.0
SWBBL,2022-08-22,1354.0,1354.0,1316.0,1329.0,-0.61 %,10480.0,13887359.4,-0.006132216571941407,-0.006151095832698252,1330.8200000000002,1330.75,1323.1448739105754,1284.1053703185235,59.334507167416476,39.039503592051915,48.48920318149327,43.70787151016667,1330.75,23.580556218777023,1377.911112437554,1283.588887562446,1066092.0
SWBBL,2022-08-23,1345.0,1345.0,1315.0,1329.0,0.00 %,3141.0,4171555.0,0.0,0.0,1331.42,1331.45,1324.0456625397178,1287.4308984430772,59.334507167185954,36.614764096640556,46.114315364522724,42.72873783086905,1331.45,23.294465120948935,1378.038930241898,1284.861069758102,1066092.0
SWBBL,2022-08-24,1330.0,1350.0,1325.0,1330.0,0.08 %,6098.0,8100825.6,0.0007524454477050302,0.0007521625025541085,1332.2400000000002,1332.25,1324.9617144566841,1290.5841652250715,59.50393856075315,34.37754923161265,43.76696213794071,41.4623994143784,1332.25,22.935619276289163,1378.1212385525782,1286.3787614474218,1072190.0
SWBBL,2022-08-25,1330.0,1345.9,1310.1,1323.0,-0.53 %,10864.0,14394535.1,-0.0052631578947368585,-0.005277057100843781,1329.64,1330.65,1324.6599122325788,1292.9853381713624,57.69190819690088,31.67457406121639,41.34848452259585,41.05794231335139,1330.65,22.374339155370297,1375.3986783107407,1285.9013216892595,1061326.0
SWBBL,2022-08-26,1314.0,1314.0,1295.1,1297.5,-1.93 %,4973.0,6483555.8,-0.019274376417233507,-0.019462549074911926,1321.7,1328.425,1320.4814641967973,1293.3197575660763,51.53517495813749,27.161706630721028,38.511128944220886,40.11808929096915,1328.425,23.376436066386965,1375.177872132774,1281.672127867226,1056353.0
SWBBL,2022-08-28,1276.0,1315.0,1267.6,1275.0,-1.73 %,5427.0,6956738.2,-0.017341040462427793,-0.01749315744751723,1310.9,1323.775,1313.4843158588285,1291.9627384871076,46.79036435977888,21.521577371720923,35.1132186297209,40.63822577018565,1323.775,24.320553902271605,1372.4161078045433,1275.1338921954568,1050926.0
SWBBL,2022-08-29,1254.0,1280.0,1253.0,1275.0,0.00 %,4490.0,5695453.9,0.0,0.0,1300.1,1318.875,1307.5636518805472,1290.7062393399144,46.79036435957269,16.857412540632822,31.462057411903285,39.66406678660096,1318.875,23.74646511106964,1366.3679302221392,1271.3820697778608,1050926.0
SWBBL,2022-08-30,1290.0,1290.0,1259.0,1260.0,-1.18 %,5930.0,7513182.1,-0.0117647058823529,-0.011834457647002796,1286.1,1314.625,1300.2461669758477,1288.4317030925133,43.680905155627805,11.814463883334383,27.532538706189506,39.045204873272326,1314.625,26.29438353092337,1367.2137670618467,1262.0362329381533,1044996.0
SWBBL,2022-08-31,1280.0,1280.0,1235.0,1245.0,-1.19 %,5129.0,6396420.1,-0.011904761904761862,-0.01197619104671565,1270.5,1311.23,1291.746756671871,1285.2145399004753,40.763576232933126,6.532216771395724,23.33247431923075,39.470547382324305,1311.23,30.565410447066586,1372.3608208941332,1250.0991791058668,1039867.0
SWBBL,2022-09-01,1247.9,1258.9,1212.0,1240.0,-0.40 %,9126.0,11229209.8,-0.004016064257028162,-0.004024150299725491,1259.0,1305.73,1283.7857171838907,1281.8653147226623,39.80915486289035,1.9204024612283774,19.050059947630277,40.00122256930115,1305.73,33.02012305131559,1371.7702461026313,1239.6897538973687,1030741.0
SWBBL,2022-09-02,1238.0,1239.0,1216.0,1216.0,-1.94 %,3019.0,3706244.2,-0.01935483870967747,-0.019544596072970283,1247.2,1299.1299999999999,1273.357145309446,1276.9864025209838,35.51122387517975,-3.6292572115378334,14.514196515796655,38.858278100065355,1299.1299999999999,37.070176692434416,1373.2703533848687,1224.989646615131,1027722.0
SWBBL,2022-09-04,1237.0,1250.0,1220.0,1230.0,1.15 %,3784.0,4651463.5,0.011513157894736947,0.011447385840350967,1238.2,1295.83,1266.686815261839,1273.50592826017,39.607250398326705,-6.819112998331093,10.247534612971105,38.511258235774974,1295.83,40.171423464525624,1376.1728469290513,1215.4871530709486,1031506.0
SWBBL,2022-09-05,1221.0,1240.0,1221.0,1239.6,0.78 %,3942.0,4858723.1,0.007804878048780495,0.0077745775471300006,1234.12,1293.16,1262.5196129138637,1270.9943780186761,42.312981295430895,-8.474765104812377,6.503074669414409,37.117596933219616,1293.16,42.097848426180164,1377.3556968523603,1208.9643031476398,1035448.0
SWBBL,2022-09-06,1240.0,1240.0,1216.0,1225.0,-1.18 %,2274.0,2781237.2,-0.01177799290093573,-0.011847902934765757,1230.1200000000001,1289.91,1256.7473647732695,1267.5873870543296,39.4203903360688,-10.8400222810601,3.034455279319507,36.18062572370393,1289.91,44.77834180432832,1379.4666836086567,1200.3533163913435,1033174.0
SWBBL,2022-09-07,1209.1,1218.0,1207.0,1210.1,-1.22 %,1930.0,2338754.9,-0.01216326530612255,-0.012237843174820648,1224.14,1284.7649999999999,1249.5708471158434,1263.3290620873422,36.66558973457012,-13.758214971498774,-0.32407877084414904,34.88200960058222,1284.7649999999999,47.79559850917844,1380.3561970183569,1189.173802981643,1031244.0
SWBBL,2022-09-08,1205.0,1227.0,1202.1,1217.0,0.57 %,3945.0,4782069.0,0.0057020080985044075,0.005685813183520508,1224.3400000000001,1278.315,1244.5599475595598,1259.8972797105018,38.7985295975083,-15.337332150942075,-3.3267294468637343,34.16900891482636,1278.315,47.801280262618405,1373.917560525237,1182.7124394747632,1035189.0
SWBBL,2022-09-11,1217.0,1227.0,1205.1,1208.0,-0.74 %,3517.0,4273687.6,-0.007395234182415722,-0.007422714492766861,1219.94,1272.415,1238.9353402427043,1256.0530367689832,37.046027190080046,-17.117696526278905,-6.084922862746769,33.29265113519591,1272.415,48.87601149857277,1370.1670229971455,1174.6629770028544,1031672.0
SWBBL,2022-09-12,1220.0,1220.0,1191.1,1192.0,-1.32 %,5144.0,6182350.4,-0.013245033112582738,-0.013333530869465144,1210.42,1265.7199999999998,1231.7145186669038,1251.3083673786882,34.09735681011715,-19.593848711784403,-8.786708032554296,32.97889033982478,1265.7199999999998,50.31369594860521,1366.3473918972102,1165.0926081027894,1026528.0
SWBBL,2022-09-13,1214.0,1224.0,1210.0,1223.0,2.60 %,4060.0,4942612.1,0.026006711409396033,0.025674288061877343,1210.02,1260.07,1230.3738234873802,1249.2114512765631,43.483482651467476,-18.83762778918299,-10.796891983880036,32.908969601265866,1260.07,48.31103284701743,1356.6920656940347,1163.4479343059652,1030588.0
SWBBL,2022-09-14,1225.0,1272.0,1225.0,1264.9,3.43 %,7329.0,9177184.0,0.03426001635322984,0.033686210966323835,1220.98,1256.455,1235.68554295086,1250.373565996818,53.188070467260864,-14.688023045957834,-11.575118196295596,34.05832891546116,1256.455,44.81428901599127,1346.0835780319824,1166.8264219680175,1037917.0
SWBBL,2022-09-15,1270.0,1270.0,1202.4,1204.6,-4.77 %,8959.0,11020804.2,-0.04767175270772406,-0.048845506043875546,1218.5,1250.235,1230.9031517276508,1246.9829314785352,42.00846479557895,-16.079779750884427,-12.476050507213364,36.454162564356785,1250.235,42.8033972459937,1335.8417944919872,1164.6282055080126,1028958.0
SWBBL,2022-09-16,1190.0,1228.0,1134.0,1198.0,-0.55 %,4190.0,4978385.5,-0.005478997177486233,-0.0054940619342259715,1216.5,1243.685,1225.8411283849352,1243.3545661838289,40.992843950392675,-17.51343779889362,-13.483527965549417,40.56457952404559,1243.685,40.050629471477386,1323.7862589429546,1163.5837410570452,1024768.0
SWBBL,2022-09-18,1218.0,1218.0,1160.1,1164.0,-2.84 %,4207.0,4926505.7,-0.028380634390651083,-0.028791150384011522,1210.9,1235.3849999999998,1216.3271086334069,1237.4764501702118,36.14486163514024,-21.149341536804968,-15.01669067980053,41.80282384375663,1235.3849999999998,38.38765255170064,1312.160305103401,1158.6096948965985,1020561.0
SWBBL,2022-09-20,1150.0,1180.0,1120.0,1135.0,-2.49 %,6263.0,7102429.4,-0.02491408934707906,-0.025229698375880107,1193.3,1225.985,1203.8152457667288,1229.8856020094554,32.603127154203364,-26.070356242726575,-17.22742379238574,43.102622140631155,1225.985,38.81954574165046,1303.6240914833008,1148.345908516699,1014298.0
SWBBL,2022-09-21,1140.0,1170.0,1125.1,1131.1,-0.34 %,3837.0,4388257.1,-0.0034361233480176834,-0.0034420403781677323,1166.54,1217.665,1192.62828487954,1222.5681500087549,32.14692206787967,-29.939865129214922,-19.769912059751576,43.23100627344322,1217.665,40.48164333840297,1298.6282866768058,1136.701713323194,1010461.0
SWBBL,2022-09-22,1150.0,1155.0,1130.0,1140.0,0.79 %,2090.0,2378960.0,0.007868446644859084,0.007837651851205862,1153.6200000000001,1210.9150000000002,1184.531625667303,1216.451990748847,34.40270285453336,-31.920365081544105,-22.200002664110084,41.92879153962585,1210.9150000000002,41.656367113107166,1294.2277342262146,1127.6022657737858,1012551.0
SWBBL,2022-09-25,1121.0,1144.8,1118.0,1124.0,-1.40 %,5175.0,5842378.1,-0.01403508771929829,-0.014134510934904806,1138.8200000000002,1203.3650000000002,1175.2190678723332,1209.6036951378214,32.32231433088795,-34.384627265488234,-24.636927584385717,40.84816357250971,1203.3650000000002,43.08931086169435,1289.543621723389,1117.1863782766115,1007376.0
SWBBL,2022-09-27,1146.4,1149.9,1137.0,1148.0,2.14 %,2251.0,2576629.7,0.021352313167259718,0.021127546425875277,1135.6200000000001,1197.765,1171.0315189688972,1205.0404584609457,38.34507494389717,-34.00893949204851,-26.51132996591828,39.780437603044746,1197.765,42.61680265377185,1282.9986053075438,1112.5313946924564,1009627.0
SWBBL,2022-09-28,1169.0,1169.0,1142.1,1146.0,-0.17 %,1382.0,1584780.1,-0.0017421602787456303,-0.0017436796048268398,1137.8200000000002,1192.815,1167.1805160506053,1200.6670911675424,38.04126048483353,-33.48657511693705,-27.906378996122037,38.86040634568442,1192.815,42.59111934873237,1277.9972386974648,1107.6327613025353,1008245.0
SWBBL,2022-09-29,1164.0,1174.0,1147.0,1170.0,2.09 %,3419.0,3974512.3,0.020942408376963373,0.020726130517116952,1145.6,1189.315,1167.6142828120505,1198.3954547847616,43.79607611019589,-30.781171972711036,-28.481337591439836,38.08466303527839,1189.315,41.36815804467958,1272.0513160893593,1106.5786839106408,1011664.0
SWBBL,2022-10-09,1170.0,1222.0,1170.0,1222.0,4.44 %,3788.0,4561636.0,0.04444444444444451,0.04348511193973889,1162.0,1189.6150000000002,1175.9813162255812,1200.14393961552,53.8071446343708,-24.162623389938744,-27.61759475113962,39.07861567561565,1189.6150000000002,41.593006434016175,1272.8010128680326,1106.428987131968,1015452.0
SWBBL,2022-10-10,1222.0,1222.0,1192.0,1199.0,-1.88 %,6684.0,8062761.8,-0.01882160392798693,-0.019000984704026412,1177.0,1188.065,1179.5226521908764,1200.0592033477035,49.59895324031787,-20.536551156827045,-26.201386032277107,38.4301431273574,1188.065,40.57395165178249,1269.212903303565,1106.917096696435,1008768.0
SWBBL,2022-10-11,1185.0,1192.0,1179.0,1185.0,-1.17 %,2063.0,2437407.0,-0.011676396997497895,-0.011745101458282664,1184.4,1185.335,1180.3653210845878,1198.9437068034292,47.18015425740262,-18.578385718841446,-24.676785969589975,37.113704332546156,1185.335,38.718379628572656,1262.7717592571453,1107.8982407428548,1006705.0
SWBBL,2022-10-12,1190.0,1208.0,1172.0,1199.9,1.26 %,3716.0,4430480.5,0.012573839662447295,0.012495445401111686,1195.1799999999998,1184.08,1183.3706563023434,1199.0145433365085,49.97621578953547,-15.643887034165118,-22.870206182505004,37.03415402307857,1184.08,37.759956512145614,1259.5999130242913,1108.5600869757086,1010421.0
SWBBL,2022-10-13,1218.0,1218.0,1194.1,1202.0,-0.20 %,2462.0,2965233.5,0.001750145845486939,0.0017486161248094947,1201.58,1183.675,1186.236709178906,1199.2356882745448,50.37493612343324,-12.998979095638788,-20.89596076513176,36.096000164287254,1183.675,37.508790197964565,1258.692580395929,1108.6574196040708,1012883.0
SWBBL,2022-10-16,1202.0,1217.0,1179.0,1217.0,1.25 %,3749.0,4474070.0,0.012479201331114798,0.012401977892374273,1200.58,1183.675,1190.969523151382,1200.551563217171,53.24179503522194,-9.582040065788988,-18.633176625263207,36.23200015255245,1183.675,37.508790197964565,1258.692580395929,1108.6574196040708,1016632.0
SWBBL,2022-10-17,1192.8,1212.0,1190.0,1210.0,-0.58 %,2099.0,2517615.7,-0.005751848808545623,-0.00576845439674042,1202.78,1183.775,1193.8972888204,1201.2514474233064,51.73962201492638,-7.354158602906409,-16.377373020791847,35.57257157022728,1183.775,37.57965399982417,1258.9343079996484,1108.6156920003518,1014533.0
SWBBL,2022-10-19,1215.0,1215.0,1178.0,1200.0,-0.83 %,3045.0,3615138.4,-0.008264462809917328,-0.008298802814695066,1205.78,1184.175,1194.8361674634154,1201.1587476141726,49.587218655766165,-6.322580150757176,-14.366414446784914,35.67453074378248,1184.175,37.7141447011061,1259.603289402212,1108.7467105977878,1011488.0
SWBBL,2022-10-20,1190.0,1198.9,1183.0,1198.9,-0.09 %,2197.0,2612608.7,-0.0009166666666665657,-0.0009170870624836439,1205.5800000000002,1182.97,1195.461372469044,1200.991432976086,49.34404722723374,-5.530060507041981,-12.599143658836327,34.34063569065516,1182.97,36.78184763982286,1256.5336952796458,1109.4063047203542,1009291.0
SWBBL,2022-10-23,1200.0,1201.0,1185.0,1201.0,0.18 %,4352.0,5218853.8,0.001751605638501852,0.0017500733663754996,1205.3799999999999,1179.775,1196.313469012268,1200.99206757045,49.84967145024377,-4.678598558182102,-11.015034638705483,33.030590284179794,1179.775,31.717152507241295,1243.2093050144827,1116.3406949855175,1013643.0
SWBBL,2022-10-31,1200.0,1200.0,1185.0,1190.0,-0.92 %,2923.0,3474538.0,-0.00915903413821817,-0.00920123597440849,1199.98,1179.045,1195.3421660873037,1200.1778403430092,47.19244865561375,-4.835674255705499,-9.779162562105487,31.814119549595524,1179.045,31.28072342361114,1241.6064468472223,1116.4835531527779,1010720.0
SWBBL,2022-11-01,1190.0,1225.0,1190.0,1210.0,1.68 %,6282.0,7593474.5,0.01680672268907557,0.016667052485211643,1199.98,1179.645,1197.5972174584876,1200.9054077250084,52.18322330087162,-3.3081902665207963,-8.48496810298855,32.04168243891013,1179.645,31.774625344749282,1243.1942506894986,1116.0957493105013,1017002.0
SWBBL,2022-11-02,1194.0,1231.0,1190.0,1224.0,1.16 %,8300.0,10058820.7,0.011570247933884392,0.011503824481484713,1204.78,1182.645,1201.6591840033357,1202.6161182638969,55.36336246531096,-0.9569342605611837,-6.979361334503077,32.681562264702265,1182.645,33.02750807256514,1248.7000161451303,1116.5899838548696,1025302.0
SWBBL,2022-11-03,1201.0,1215.0,1195.1,1206.0,-1.47 %,4195.0,5063028.3,-0.014705882352941124,-0.014815085785140587,1206.2,1186.1950000000002,1202.3270018489764,1202.8667761702748,50.695043901320396,-0.5397743212984096,-5.6914439318621435,32.4114506743664,1186.1950000000002,31.413096079068417,1249.021192158137,1123.3688078418634,1021107.0
SWBBL,2022-11-06,1211.0,1279.0,1211.0,1274.9,5.71 %,14003.0,17603715.5,0.05713101160862366,0.05555864585694592,1220.98,1193.3849999999998,1213.4920784875953,1208.2025705280323,63.41254159175651,5.289507959563025,-3.4952535535771094,35.310632769054514,1193.3849999999998,34.449097077909286,1262.2831941558184,1124.4868058441812,1035110.0
SWBBL,2022-11-07,1290.0,1298.0,1255.0,1274.0,-0.07 %,16517.0,21146274.7,-0.000705937720605565,-0.0007061870119679405,1237.78,1200.0849999999998,1222.8009894895038,1213.0764541926226,63.18328529847682,9.724535296881186,-0.8512957834854504,35.85987328555062,1200.0849999999998,36.49014683169856,1273.065293663397,1127.1047063366027,1018593.0
SWBBL,2022-11-08,1266.1,1270.0,1244.0,1250.0,-1.88 %,5951.0,7463065.9,-0.01883830455259028,-0.01901800583576186,1245.78,1206.3849999999998,1226.9854526449649,1215.8115316598357,57.240340084650725,11.173920985129143,1.5537475702374683,35.441310908011296,1206.3849999999998,33.40963105719347,1273.2042621143867,1139.5657378856129,1012642.0
SWBBL,2022-11-09,1240.0,1243.0,1211.0,1212.0,-3.04 %,5817.0,7112904.2,-0.030399999999999983,-0.03087166366708703,1243.3799999999999,1209.5849999999998,1224.6799983918934,1215.5291959813294,49.32886155718835,9.150802410563983,3.0731585383027715,35.69550298601049,1209.5849999999998,30.457723504260056,1270.5004470085198,1148.6695529914798,1006825.0
SWBBL,2022-11-10,1201.0,1220.0,1185.0,1190.0,-1.82 %,5433.0,6508560.4,-0.018151815181518205,-0.018318580523684746,1240.1799999999998,1211.7849999999999,1219.3446140239098,1213.6381444271567,45.41522339099863,5.706469596753095,3.599820749992836,35.645824201295454,1211.7849999999999,27.018030529509474,1265.8210610590188,1157.748938940981,1001392.0
SWBBL,2022-11-13,1190.0,1210.0,1166.2,1167.0,-1.93 %,6977.0,8250785.6,-0.019327731092437017,-0.019516953819019127,1218.6,1211.6349999999998,1211.2915964817698,1210.183467062182,41.69118888484353,1.10812941958784,3.101482483911837,36.22826532977435,1211.6349999999998,27.26938277356866,1266.173765547137,1157.0962344528625,994415.0
SWBBL,2022-11-14,1151.1,1173.0,1144.0,1160.0,-0.60 %,5485.0,6323934.9,-0.005998286203941716,-0.006016348186145639,1195.8,1208.5349999999999,1203.4005816384208,1206.466173205724,40.60001656675116,-3.0655915673032723,1.8680676736688153,35.7119606633619,1208.5349999999999,29.464792103348522,1267.4645842066968,1149.6054157933029,988930.0
SWBBL,2022-11-15,1160.0,1171.0,1150.0,1155.0,-0.43 %,4351.0,5029862.8,-0.004310344827586188,-0.004319661144516396,1176.8,1206.3349999999998,1195.954338309433,1202.6538640793742,39.79875340422848,-6.699525769941147,0.1545489849468229,34.66110633026462,1206.3349999999998,31.76690225622788,1269.8688045124557,1142.801195487544,984579.0
SWBBL,2022-11-16,1178.0,1178.0,1157.0,1157.0,0.17 %,2101.0,2444042.1,0.0017316017316018062,0.0017301042377827337,1165.8,1204.935,1189.961363184905,1199.272096369791,40.30623768257883,-9.310733184885976,-1.738507449019737,33.828170163817155,1204.935,33.33493939127402,1271.604878782548,1138.265121217452,986680.0
SWBBL,2022-11-17,1179.5,1194.7,1170.0,1190.0,2.85 %,2681.0,3169691.8,0.028522039757994833,0.028122858911898512,1165.8,1204.44,1189.967307310304,1198.5852744164729,48.08294547892089,-8.617967106168862,-3.114399380449562,34.104729437830215,1204.44,33.48679865588706,1271.413597311774,1137.466402688226,989361.0
SWBBL,2022-11-22,1186.0,1207.0,1180.0,1195.0,0.42 %,2487.0,2946476.6,0.004201680672268893,0.004192878260035958,1171.4,1204.0900000000001,1190.7415677241033,1198.319698533771,49.16358901193957,-7.578130809667755,-4.0071456662932015,33.59724876369949,1204.0900000000001,33.550165110722865,1271.190330221446,1136.9896697785543,991848.0
SWBBL,2022-11-23,1215.0,1215.0,1175.1,1180.0,-1.26 %,622.0,735723.9,-0.012552301255230103,-0.012631746905900574,1175.4,1202.2400000000002,1189.089018843472,1196.9626838275658,46.06576568217813,-7.873664984093693,-4.7804495298533,34.0474452805781,1202.2400000000002,33.819854025782135,1269.8797080515644,1134.600291948436,991226.0
SWBBL,2022-11-24,1178.0,1185.0,1160.0,1175.3,-0.40 %,1598.0,1881269.0,-0.003983050847457648,-0.003991004320902024,1179.46,1200.505,1186.9676313290918,1195.3580405810794,45.106706372040655,-8.390409251987649,-5.50244147428017,33.40119918910824,1200.505,34.28764508204965,1269.0802901640993,1131.929709835901,989628.0
SWBBL,2022-11-27,1175.0,1213.0,1175.0,1212.9,3.20 %,3324.0,3998271.6,0.03199183187271348,0.031490752176026565,1190.6399999999999,1201.15,1190.9572265092315,1196.657444982481,53.455279708276805,-5.700218473249379,-5.5419968740740115,33.729684961314796,1201.15,34.39879893877823,1269.9475978775565,1132.3524021224437,992952.0
SWBBL,2022-11-28,1235.0,1235.0,1198.0,1198.0,-1.23 %,2609.0,3146522.0,-0.01228460713991264,-0.012360686639440253,1192.2400000000002,1201.105,1192.040730123196,1196.756893502297,50.197243171797545,-4.71616337910109,-5.376830175079428,33.963278892649456,1201.105,34.40248575793946,1269.9099715158789,1132.3000284841212,990343.0
SWBBL,2022-11-29,1177.2,1205.0,1177.2,1204.0,0.50 %,840.0,1004760.0,0.005008347245408995,0.00499584719337167,1194.0400000000002,1201.2549999999999,1193.8806177965505,1197.2934199095344,51.47968772243914,-3.4128021129838544,-4.984024562660315,33.52304468603163,1201.2549999999999,34.408543538349434,1270.0720870766988,1132.437912923301,991183.0
SWBBL,2022-11-30,1195.0,1223.0,1192.1,1192.3,-0.97 %,1860.0,2237082.0,-0.009717607973421916,-0.009765132056680054,1196.5,1201.3700000000001,1193.6374458278503,1196.9235369532726,48.83868718900073,-3.2860911254222174,-4.644437875212695,33.335684351315095,1201.3700000000001,34.37277227244908,1270.1155445448983,1132.624455455102,989323.0
SWBBL,2022-12-01,1200.0,1215.0,1186.1,1194.1,0.15 %,6086.0,7312324.1,0.0015096871592719108,0.0015085487272525778,1200.26,1200.575,1193.708608008181,1196.714386067845,49.269878316217195,-3.005778059663953,-4.316705912102947,33.0188497547926,1200.575,34.346529358245405,1269.268058716491,1131.8819412835091,995409.0
SWBBL,2022-12-04,1195.1,1224.0,1195.1,1220.0,2.17 %,5375.0,6509178.7,0.021689975713926835,0.021458095187963325,1201.6799999999998,1200.375,1197.753437545384,1198.4392463591157,55.12987484836488,-0.6858088137316827,-3.5905264924286944,32.79607477230742,1200.375,34.214337945692876,1268.8036758913859,1131.9463241086141,1000784.0
SWBBL,2022-12-05,1220.0,1220.0,1191.4,1191.4,-2.34 %,2458.0,2950868.3,-0.02344262295081956,-0.02372177253271506,1200.36,1199.645,1196.775985615325,1197.917820702885,48.47149156254983,-1.1418350875599117,-3.100788211454938,32.49635514571403,1199.645,34.243746644022245,1268.1324932880445,1131.1575067119554,998326.0
SWBBL,2022-12-06,1190.0,1199.0,1178.0,1199.0,0.64 %,1869.0,2222037.6,0.006379049857310637,0.006358789832927089,1199.36,1195.85,1197.1181416745058,1197.9979821323009,50.19298182190707,-0.879840457795126,-2.656598660722976,31.67518692102017,1195.85,29.315982707642174,1254.4819654152843,1137.2180345847155,1000195.0
SWBBL,2022-12-07,1190.0,1213.0,1190.0,1204.0,0.42 %,1734.0,2079317.0,0.00417014178482078,0.0041614708412521986,1201.7,1192.35,1198.1768891091972,1198.4425760484269,51.34465343944689,-0.26568693922968123,-2.1784163164243173,31.055530712375873,1192.35,22.99097076792684,1238.3319415358535,1146.3680584641463,1001929.0
SWBBL,2022-12-11,1182.2,1200.0,1182.2,1188.2,-1.31 %,1375.0,1636110.7,-0.013122923588039792,-0.013209789947125211,1200.52,1189.2599999999998,1196.6419830923976,1197.6838667115064,47.59915891573048,-1.0418836191088303,-1.95110977696122,30.394421375777593,1189.2599999999998,18.561204589117548,1226.3824091782349,1152.1375908217647,1000554.0
SWBBL,2022-12-12,1192.0,1192.1,1166.4,1180.0,-0.69 %,6678.0,7843055.6,-0.006901195085002532,-0.006925118461930623,1192.52,1187.6599999999999,1194.0816780012597,1196.3739506588022,45.73450032264075,-2.292272657542526,-2.0193423530774814,30.059105563222037,1187.6599999999999,17.863941923950005,1223.3878838479,1151.9321161520998,993876.0
SWBBL,2022-12-13,1181.0,1181.0,1167.3,1177.9,-0.18 %,2899.0,3406859.9,-0.0017796610169490412,-0.0017812464949715234,1189.8200000000002,1187.0549999999998,1191.592189077989,1195.0055098692612,45.245659911305125,-3.4133207912723265,-2.2981380407164504,28.890598022991895,1187.0549999999998,17.985007645526185,1223.0250152910521,1151.0849847089476,990977.0
SWBBL,2022-12-14,1178.0,1190.0,1166.0,1190.0,1.03 %,454.0,532774.9,0.010272518889549165,0.010220115140836228,1188.02,1188.205,1191.3472369121446,1194.634731360427,48.65133401008613,-3.2874944482823594,-2.4960093222296322,28.54126959277819,1188.205,17.35961662835051,1222.924233256701,1153.4857667432989,991431.0
SWBBL,2022-12-15,1167.1,1179.0,1165.0,1168.0,-1.85 %,2162.0,2529247.4,-0.01848739495798324,-0.018660422717402748,1180.8200000000002,1188.605,1187.755354310276,1192.6617882966916,43.369432806200784,-4.90643398641555,-2.978094255066816,28.288321764722603,1188.605,16.757228605468423,1222.1194572109368,1155.0905427890632,989269.0
SWBBL,2022-12-18,1170.0,1170.0,1146.1,1147.0,-1.80 %,2547.0,2930795.4,-0.017979452054794565,-0.018143046258801723,1172.58,1188.205,1181.4852998010028,1189.2794336080478,39.01520893086319,-7.794133807045,-3.941302165462453,27.974870210099567,1188.205,17.6721152640072,1223.5492305280143,1152.8607694719856,986722.0
SWBBL,2022-12-19,1140.2,1144.0,1131.1,1144.0,-0.26 %,3569.0,4051327.9,-0.0026155187445510153,-0.002618945189627495,1165.3799999999999,1187.5549999999998,1175.7183306008485,1185.9254014889332,38.421749827896676,-10.207070888084672,-5.194455909986897,27.112379480806748,1187.5549999999998,19.064502009014912,1225.6840040180296,1149.4259959819701,983153.0
SWBBL,2022-12-20,1144.5,1160.0,1138.0,1140.1,-0.34 %,3957.0,4522161.8,-0.003409090909091028,-0.0034149151000692356,1157.8200000000002,1185.06,1170.2385874314873,1182.5309273045677,37.62060565632028,-12.292339873080437,-6.614032702605606,26.74720951789198,1185.06,21.79708816886426,1228.6541763377284,1141.4658236622715,979196.0
SWBBL,2022-12-21,1159.0,1162.0,1138.8,1138.8,-0.11 %,2073.0,2373435.5,-0.0011402508551880963,-0.0011409014357915558,1147.58,1182.25,1165.401881672797,1179.2915993560814,37.34110416962504,-13.889717683284516,-8.069169698741387,26.49383740947113,1182.25,23.963140555295766,1230.1762811105916,1134.3237188894084,977123.0
SWBBL,2022-12-22,1121.1,1148.0,1121.1,1130.0,-0.77 %,2977.0,3368040.5,-0.007727432384966537,-0.0077574436974961435,1139.98,1179.75,1159.9554383385205,1175.6403697741493,35.42259987512723,-15.684931435628869,-9.592322046118884,26.522849023080344,1179.75,26.66597477190836,1233.0819495438168,1126.4180504561832,974146.0
SWBBL,2022-12-26,1152.5,1189.0,1150.0,1171.0,3.63 %,5547.0,6466468.7,0.036283185840708,0.035640451891331124,1144.78,1179.5349999999999,1161.6546016710558,1175.2966386797677,48.657932035267784,-13.642037008711895,-10.402265038637486,28.84264552143175,1179.5349999999999,26.721020209983973,1232.9770404199678,1126.092959580032,979693.0
SWBBL,2022-12-27,1194.4,1242.0,1190.0,1210.0,3.33 %,7426.0,8929434.8,0.03330486763450047,0.03276227499306947,1157.98,1179.39,1169.0923552601241,1177.867258036822,57.56685059297349,-8.7749027766979,-10.076792586249569,31.853885127043768,1179.39,26.53767728719331,1232.4653545743868,1126.3146454256134,987119.0
SWBBL,2022-12-28,1229.0,1230.0,1181.0,1185.0,-2.07 %,4880.0,5821806.7,-0.02066115702479343,-0.020877585021555255,1166.9599999999998,1178.7400000000002,1171.539685220105,1178.3956092933538,51.40872490430162,-6.855924073248843,-9.432618883649425,33.07860761796921,1178.7400000000002,26.215110146817068,1231.1702202936344,1126.309779706366,982239.0
SWBBL,2022-12-29,1194.0,1230.0,1173.0,1230.0,3.80 %,4580.0,5546361.5,0.03797468354430378,0.0372713947972316,1185.2,1180.0400000000002,1180.5335798016272,1182.2181567531054,59.754244021773964,-1.6845769514782205,-7.883010497215185,34.787278502399985,1180.0400000000002,28.109867157079922,1236.2597343141601,1123.8202656858402,986819.0
SWBBL,2023-01-01,1235.0,1240.0,1205.0,1215.0,-1.22 %,11107.0,13538454.7,-0.012195121951219523,-0.01227009259181436,1202.2,1181.175,1185.8361059859922,1184.6464414380605,56.28412471902671,1.1896645479316703,-6.068475488185815,34.8024728950857,1181.175,29.072737727243467,1239.320475454487,1123.029524545513,975712.0
SWBBL,2023-01-02,1194.0,1228.0,1193.0,1210.0,-0.41 %,5992.0,7280867.1,-0.004115226337448541,-0.004123717183862041,1210.0,1181.97,1189.5536281419934,1186.524482813019,55.134742617207266,3.029145328974437,-4.248951324753764,34.81658197400815,1181.97,29.65631378607475,1241.2826275721495,1122.6573724278505,969720.0
SWBBL,2023-01-03,1215.0,1325.0,1211.0,1302.0,7.60 %,26582.0,34110137.4,0.0760330578512396,0.0732811841777277,1228.4,1186.0700000000002,1206.8530699663022,1195.0782248268692,68.05950700134655,11.774845139432955,-1.0441920319164208,40.543968975864715,1186.0700000000002,39.29320418019495,1264.65640836039,1107.4835916396103,996302.0
SWBBL,2023-01-04,1277.0,1380.0,1277.0,1380.0,5.99 %,23554.0,31750489.6,0.05990783410138256,0.05818195538273589,1267.4,1195.5,1233.4910592022557,1208.776134098953,74.71119945445203,24.714925103302676,4.107631395127399,45.00511404901723,1195.5,58.551416900551125,1312.6028338011022,1078.3971661988978,1019856.0
SWBBL,2023-01-05,1380.0,1406.0,1339.0,1370.0,-0.72 %,14859.0,20324178.3,-0.007246376811594235,-0.007272759329079809,1295.4,1204.05,1254.492434709601,1220.7186426842159,72.62308023026158,33.77379202538509,10.040863521178938,46.576177331230284,1204.05,70.37981543782294,1344.8096308756458,1063.2903691243541,1004997.0
SWBBL,2023-01-08,1397.4,1397.4,1342.0,1350.0,-1.46 %,11684.0,15854094.8,-0.014598540145985384,-0.014706147389695449,1322.4,1211.35,1269.1859062927392,1230.295039522422,68.49952494628837,38.89086677031719,15.810864171006589,47.206450378999556,1211.35,77.57802523916993,1366.5060504783398,1056.19394952166,993313.0
SWBBL,2023-01-09,1336.1,1361.0,1331.1,1350.0,0.00 %,11438.0,15392019.5,0.0,0.0,1350.4,1219.44,1281.6188437861638,1239.1620736318723,68.49952494607894,42.45677015429146,21.140045367663564,45.970275351928166,1219.44,83.26482418991583,1385.9696483798316,1052.9103516201685,993313.0
SWBBL,2023-01-10,1360.0,1380.0,1311.0,1325.0,-1.85 %,22224.0,29964382.2,-0.01851851851851849,-0.01869213301215252,1355.0,1226.69,1288.2928678190617,1245.52043854803,63.289850267842944,42.7724292710318,25.466522148337212,47.6152556839333,1226.69,85.92032355624056,1398.5306471124811,1054.849352887519,971089.0
SWBBL,2023-01-12,1311.0,1311.0,1215.2,1228.1,-7.31 %,45007.0,56732881.4,-0.0731320754716982,-0.07594419980398426,1324.6200000000001,1229.2,1279.0324266161292,1244.2300356926203,48.039229290791575,34.80239092350894,27.33369590337156,52.05702313508092,1229.2,85.14979370750162,1399.4995874150034,1058.9004125849967,926082.0
SWBBL,2023-01-17,1240.0,1240.0,1210.0,1239.0,0.89 %,13136.0,16092111.6,0.008875498737887844,0.008836343012804077,1298.42,1231.65,1272.8735917521092,1243.8426256413152,49.51296870322711,29.030966110793997,27.67314994485605,50.48152148257514,1231.65,84.6660964893613,1400.9821929787227,1062.3178070212775,939218.0
SWBBL,2023-01-18,1240.0,1261.9,1232.4,1232.4,-0.53 %,5410.0,6741326.6,-0.0053268765133170914,-0.00534111490662949,1274.9,1234.8700000000001,1266.6468853287079,1242.9950237419584,48.61386988000476,23.65186158674942,26.868892273234728,48.982841376676916,1234.8700000000001,83.33208202574679,1401.5341640514937,1068.2058359485065,933808.0
SWBBL,2023-01-19,1216.0,1238.9,1211.0,1212.0,-1.66 %,4998.0,6098159.0,-0.0165530671859786,-0.016691600093253114,1247.3,1238.1200000000001,1258.2396722012145,1240.699096057369,45.84290207055625,17.540576143845556,25.003229047356893,47.47692413548572,1238.1200000000001,80.95844678149439,1400.036893562989,1076.2031064370112,928810.0
SWBBL,2023-01-23,1200.1,1229.9,1191.0,1191.0,-1.73 %,6362.0,7667886.6,-0.017326732673267342,-0.017478597273959673,1220.5,1240.47,1247.8951072471816,1237.0176815346008,43.11827849427651,10.877425712580816,22.17806838040168,46.86428669723674,1240.47,78.73419707777906,1397.9383941555582,1083.0016058444419,922448.0
SWBBL,2023-01-24,1190.0,1200.0,1180.0,1184.0,-0.59 %,6060.0,7224635.4,-0.005877413937867337,-0.005894753911349112,1211.6799999999998,1242.6650000000002,1238.0650907476152,1233.090445865371,42.21755617136537,4.9746448822440925,18.73738368077016,44.945409076005554,1242.6650000000002,76.36503936259668,1395.3950787251936,1089.9349212748068,916388.0
SWBBL,2023-01-25,1186.3,1215.0,1186.3,1190.0,0.51 %,4397.0,5280159.6,0.0050675675675675436,0.005054770661624054,1201.8799999999999,1245.225,1230.670461401828,1229.8985609864546,43.31067825331308,0.7719004153734659,15.144287027690824,43.949308427719444,1245.225,73.50451382493713,1392.2340276498742,1098.2159723501256,920785.0
SWBBL,2023-01-26,1212.0,1212.0,1185.5,1188.0,-0.17 %,2562.0,3053600.8,-0.001680672268907557,-0.0016820861829848262,1193.0,1248.125,1224.105775032316,1226.7949638763469,43.018537708838245,-2.689188844030923,11.577591853346476,42.70292925431092,1248.125,69.7684355942708,1387.6618711885417,1108.5881288114583,918223.0
SWBBL,2023-01-29,1181.0,1191.9,1180.0,1180.2,-0.66 %,1817.0,2151741.7,-0.006565656565656552,-0.006587305299521837,1186.64,1248.5849999999998,1217.3510404119597,1223.3434850706915,41.83339871005518,-5.992444658731756,8.06358455093083,40.50272002186015,1248.5849999999998,69.26165700867756,1387.108314017355,1110.0616859826446,916406.0
SWBBL,2023-01-30,1180.0,1180.0,1130.0,1167.0,-1.12 %,15336.0,17623289.0,-0.011184544992374201,-0.01124756233651243,1181.8400000000001,1246.435,1209.6047265024276,1219.1698935839736,39.833420523967725,-9.565167081545951,4.537834224435475,41.195382877441574,1246.435,71.16371987413648,1388.762439748273,1104.107560251727,901070.0
SWBBL,2023-01-31,1151.0,1166.5,1125.0,1144.0,-1.97 %,3307.0,3775997.1,-0.019708654670094305,-0.019905460346812825,1173.8400000000001,1244.3849999999998,1199.5116916559004,1213.601753318494,36.554149019809294,-14.090061662593598,0.8122550470296606,41.252855529052894,1244.3849999999998,73.57625671804992,1391.5375134360995,1097.2324865639,897763.0
SWBBL,2023-02-01,1131.0,1160.0,1131.0,1140.1,-0.34 %,2333.0,2670176.5,-0.003409090909091028,-0.0034149151000692356,1163.8600000000001,1239.8899999999999,1190.3714314011465,1208.1571789986056,36.012762220665216,-17.78574759745902,-2.907345481868076,40.37765156269197,1239.8899999999999,77.16018130458379,1394.2103626091675,1085.5696373908322,895430.0
SWBBL,2023-02-02,1135.0,1145.0,1130.0,1136.0,-0.36 %,2271.0,2581988.0,-0.0035961757740547995,-0.003602657558577325,1153.4599999999998,1235.94,1182.0065958009702,1202.8122027764866,35.41886733445284,-20.80560697551641,-6.4869977805977435,38.56496216535683,1235.94,80.45323846158276,1396.8464769231655,1075.0335230768346,893159.0
SWBBL,2023-02-05,1138.0,1155.9,1130.0,1150.0,1.23 %,2150.0,2448920.4,0.012323943661971759,0.01224862207619902,1147.4199999999998,1232.94,1177.0825041392825,1198.9001877560063,39.11134915342287,-21.817683616723798,-9.553134947822954,37.660322010688496,1232.94,82.56243187978241,1398.0648637595648,1067.8151362404353,895309.0
SWBBL,2023-02-06,1151.0,1157.0,1131.1,1139.0,-0.96 %,3424.0,3913587.0,-0.009565217391304337,-0.009611257910113599,1141.82,1224.7900000000002,1171.2236573486236,1194.463136811117,37.30647765331153,-23.239479462493364,-12.290403850757038,36.820299009925044,1224.7900000000002,83.4270995982571,1391.6441991965144,1057.935800803486,891885.0
SWBBL,2023-02-07,1126.1,1193.0,1126.1,1173.1,2.99 %,2286.0,2679536.3,0.029938542581211536,0.02949913306449246,1147.6399999999999,1214.4450000000002,1171.5123254488353,1192.8806822325157,45.67568163228378,-21.368356783680383,-14.105994437341707,38.96884908064469,1214.4450000000002,75.63168004431097,1365.7083600886222,1063.1816399113782,894171.0
SWBBL,2023-02-08,1195.0,1218.0,1170.0,1170.0,-0.26 %,3473.0,4110712.0,-0.0026425709658169927,-0.0026460687198727765,1153.6200000000001,1204.4450000000002,1171.2796599951685,1191.185816881959,45.08643196216766,-19.90615688679054,-15.266026927231474,39.61393128917007,1204.4450000000002,66.67314992605353,1337.7912998521072,1071.0987001478932,890698.0
SWBBL,2023-02-09,1188.0,1188.0,1160.1,1188.0,1.54 %,1510.0,1765453.2,0.01538461538461533,0.01526747213078838,1164.02,1196.345,1173.8520199959119,1190.9498304462584,49.18560773414134,-17.097810450346515,-15.632383631854484,38.77722191137221,1196.345,57.231225144919286,1310.8074502898387,1081.8825497101614,892208.0
SWBBL,2023-02-12,1164.5,1170.0,1150.1,1155.0,-2.78 %,4434.0,5138373.2,-0.02777777777777779,-0.028170876966696335,1165.02,1186.595,1170.95170922731,1188.2868800428319,42.86770127128287,-17.335170815521906,-15.97294106858797,38.71456320341706,1186.595,44.97434912210513,1276.5436982442102,1096.6463017557899,887774.0
SWBBL,2023-02-14,1160.0,1160.0,1144.1,1146.0,-0.78 %,3240.0,3732064.0,-0.007792207792207795,-0.007822725681209045,1166.42,1177.645,1167.1129847308007,1185.1545185581776,41.309241405133186,-18.041533827376952,-16.386659620345768,37.08495154603013,1177.645,31.888877371424602,1241.4227547428493,1113.8672452571507,884534.0
SWBBL,2023-02-15,1135.0,1150.0,1130.0,1139.9,-0.53 %,1388.0,1577047.7,-0.00532286212914479,-0.005337079031951928,1159.78,1173.2350000000001,1162.9263716952928,1181.8023319983126,40.24139099140644,-18.875960303019838,-16.884519756880582,35.86459786417084,1173.2350000000001,30.61744042052759,1234.4698808410553,1112.000119158945,883146.0
SWBBL,2023-02-16,1140.0,1149.9,1132.0,1133.0,-0.61 %,2513.0,2858903.5,-0.006053162558119163,-0.0060715572147265985,1152.3799999999999,1167.935,1158.3223145114016,1178.187344442882,39.01289068146455,-19.86502993148042,-17.48062179180055,34.581412302444356,1167.935,27.66638231746633,1223.2677646349325,1112.6022353650674,880633.0
SWBBL,2023-02-20,1145.0,1150.0,1123.0,1130.0,-0.26 %,15377.0,17417579.8,-0.0026478375992938785,-0.002651349321620031,1140.78,1162.815,1153.9650353558013,1174.6179115211871,38.46309245764647,-20.652876165385806,-18.115072666517605,34.03988285226976,1162.815,24.389585245162017,1211.5941704903241,1114.035829509676,865256.0
SWBBL,2023-02-22,965.0,970.0,948.3,958.0,-2.50 %,5418.0,5187418.7,-0.15221238938053094,-0.16512513373552568,1101.3799999999999,1150.1150000000002,1123.8165683779857,1158.5721402973957,20.56700417881497,-34.75557191940993,-21.443172517096073,44.587034077107646,1150.1150000000002,50.05597156667563,1250.2269431333516,1050.0030568666489,859838.0
SWBBL,2023-02-23,941.0,941.0,862.2,863.0,-9.92 %,14663.0,12820317.6,-0.09916492693110646,-0.10443308688743258,1044.78,1133.7150000000001,1083.6909424736803,1136.6779076827738,16.10882419122342,-52.98696520909357,-27.751931055495575,48.24510307159996,1133.7150000000001,80.4561487297984,1294.627297459597,972.8027025404033,845175.0
SWBBL,2023-02-26,845.8,897.7,825.0,887.4,2.83 %,11122.0,9577571.3,0.028273464658169045,0.02788114786138104,994.2800000000001,1118.885,1053.4923359392678,1118.2128774840498,20.854145647809446,-64.72054154478201,-35.14565315335287,49.991881423628534,1118.885,96.44593945238289,1311.7768789047657,925.9931210952342,856297.0
SWBBL,2023-02-27,882.0,915.0,846.0,860.0,-3.09 %,7933.0,6927324.2,-0.030876718503493272,-0.031363449697255616,939.6800000000001,1102.3849999999998,1023.7242842563035,1099.0859976704164,19.51893181489298,-75.36171341411296,-43.18886520550489,51.34960417908364,1102.3849999999998,110.79940753694108,1323.983815073882,880.7861849261176,848364.0
SWBBL,2023-02-28,850.0,871.0,845.2,860.0,0.00 %,3989.0,3413645.5,0.0,0.0,885.6800000000001,1085.985,998.5359328322568,1081.3759237689042,19.518931814843867,-82.83999093664738,-51.11909035173339,49.52463245200624,1085.985,121.2424768149414,1328.4699536298826,843.5000463701172,848364.0
SWBBL,2023-03-01,855.0,855.0,837.1,844.0,-1.86 %,4165.0,3511815.5,-0.018604651162790753,-0.01877989465159636,862.8800000000001,1069.175,974.7611739349865,1063.7925220082445,18.707748999656104,-89.03134807325807,-58.701541896038336,47.622872991148654,1069.175,130.44938068486164,1330.0737613697233,808.2762386302767,844199.0
SWBBL,2023-03-02,857.0,857.0,818.1,818.1,-3.07 %,3484.0,2869061.1,-0.030687203791469164,-0.03116791607630455,853.9,1051.73,950.6594548680654,1045.5930759335597,17.443966320184956,-94.93362106549432,-65.94795772992954,46.99981063463803,1051.73,139.68124275993162,1331.0924855198632,772.3675144801368,840715.0
SWBBL,2023-03-05,818.0,818.0,799.1,807.0,-1.36 %,8732.0,7032887.8,-0.013568023469013646,-0.013660910249703813,837.82,1034.88,928.5580002729785,1027.919514753296,16.916529984512778,-99.36151448031751,-72.63066908000714,44.999824160735315,1034.88,148.0410170758562,1330.9620341517125,738.7979658482877,831983.0
SWBBL,2023-03-07,822.5,838.0,807.0,817.0,1.24 %,1340.0,1096218.5,0.012391573729863659,0.012315426590054052,829.22,1018.725,911.3952310002126,1012.2958469937926,19.28432654432828,-100.90061599358,-78.28465846272172,43.999836720682794,1018.725,153.48366576905445,1325.6923315381089,711.7576684618912,833323.0
SWBBL,2023-03-09,830.0,839.0,818.0,839.0,2.69 %,1974.0,1643723.0,0.02692778457772338,0.026571611607203297,825.0200000000001,1003.875,900.257503154026,999.459117586845,24.38959613469096,-99.20161443281893,-82.46804965674117,42.42841981206259,1003.875,155.88873857916028,1315.6524771583206,692.0975228416794,835297.0
SWBBL,2023-03-12,837.5,837.5,820.0,830.0,-1.07 %,3183.0,2631310.4,-0.010727056019070313,-0.010785005676562561,822.22,987.875,889.4486565149451,986.9065903581899,23.728394865206127,-97.45793384324475,-85.4660264940419,40.754961254058124,987.875,156.52218230220316,1300.9193646044064,674.8306353955936,832114.0
SWBBL,2023-03-13,820.0,830.0,815.0,825.0,-0.60 %,1771.0,1451472.7,-0.0060240963855421326,-0.006042314455962586,823.6,972.175,879.533478589569,974.9135095909165,23.34967156565115,-95.38003100134756,-87.44882739550305,38.91532116448254,972.175,156.31351382806267,1284.8020276561253,659.5479723438746,830343.0
SWBBL,2023-03-14,820.0,834.9,810.0,820.0,-0.61 %,2589.0,2106731.9,-0.0060606060606061,-0.006079046076382226,826.2,954.5200000000001,870.3744818834815,963.4384348064042,22.955107368010644,-93.06395292292268,-88.57185250098698,37.91422679559093,954.5200000000001,152.31490440950355,1259.1498088190071,649.890191180993,827754.0
SWBBL,2023-03-15,820.0,825.0,795.0,808.0,-1.46 %,1958.0,1579196.2,-0.014634146341463428,-0.014742281737203431,824.4,936.4200000000001,860.7784077475612,951.9244766725965,21.994497871572506,-91.14606892503525,-89.08669578579664,37.34892488162015,936.4200000000001,146.76889316205023,1229.9577863241007,642.8822136758996,825796.0
SWBBL,2023-03-16,800.0,803.9,790.0,803.9,-0.51 %,3386.0,2698549.0,-0.005074257425742634,-0.005087175187180294,817.3799999999999,917.2149999999999,852.0278834787057,940.9597006227746,21.66096953845556,-88.93181714406887,-89.05572005745108,35.96685881864728,917.2149999999999,136.91592992940835,1191.0468598588166,643.3831401411833,822410.0
SWBBL,2023-03-19,800.0,800.0,790.0,795.0,-1.11 %,3648.0,2892557.0,-0.011071028734917276,-0.011132768679583243,810.3799999999999,899.2149999999999,843.2543629435202,930.1478709470135,20.91938869250812,-86.89350800349337,-88.62327764665955,34.390654617315334,899.2149999999999,127.33880739364153,1153.892614787283,644.5373852127168,818762.0
SWBBL,2023-03-20,780.1,810.0,779.1,795.2,0.03 %,990.0,793440.5,0.0002515723270439807,0.0002515406880323355,804.42,881.675,835.8613840291325,920.151732358346,20.984854665566374,-84.29034832921343,-87.75669178317033,34.14132214464995,881.675,115.13185061628228,1111.9387012325644,651.4112987674354,819752.0
SWBBL,2023-03-22,780.0,805.0,780.0,790.1,-0.64 %,1020.0,810679.8,-0.006413480885311906,-0.006434135613676722,798.44,864.1849999999998,828.8211711015737,910.5182707021721,20.518395248198303,-81.69709960059845,-86.54477334665596,33.48837056288924,864.1849999999998,99.32385771072693,1062.8327154214537,665.537284578546,818732.0
SWBBL,2023-03-23,799.0,799.0,772.0,772.0,-2.29 %,2565.0,1992010.5,-0.02290849259587402,-0.023174969703911502,791.24,846.135,820.0794524705623,900.2576580575668,18.911706674801934,-80.17820558700453,-85.27145979472567,33.02491552268287,846.135,78.52584740415733,1003.1866948083147,689.0833051916853,816167.0
SWBBL,2023-03-26,760.1,760.1,742.0,742.0,-3.89 %,3656.0,2741521.0,-0.03886010362694303,-0.03963530685739575,778.86,826.735,808.0672290135527,888.5348685718211,16.59255598453784,-80.46763955826839,-84.31069574743422,32.80885012820552,826.735,45.824278499666356,918.3835569993328,735.0864430006673,812511.0
SWBBL,2023-03-27,727.3,732.9,691.0,710.1,-4.30 %,20136.0,14215872.6,-0.042991913746630694,-0.04394343797933247,761.88,814.34,792.9953476268523,875.3174708998343,14.549416844161357,-82.32212327298203,-83.9129812525438,34.10821797619084,814.34,41.80023167921712,897.9404633584343,730.7395366415658,792375.0
SWBBL,2023-03-28,724.0,762.0,721.1,760.0,7.03 %,6738.0,5015399.6,0.07027179270525274,0.06791262809232879,754.8399999999999,809.19,787.9191402996443,866.7754360183651,29.229582478983545,-78.85629571872084,-82.90164414577922,35.37905954932007,809.19,41.834585289339756,892.8591705786796,725.5208294213205,799113.0
SWBBL,2023-03-29,767.0,790.0,750.0,790.0,3.95 %,3477.0,2677086.8,0.03947368421052633,0.03871451218069043,754.8199999999999,804.3199999999999,788.2392725612375,861.0883666836713,36.31342959316751,-72.84909412243383,-80.89113414111014,35.70912672436863,804.3199999999999,37.71753187234874,879.7550637446974,728.8849362553025,802590.0
SWBBL,2023-03-30,786.0,798.0,764.1,764.1,-3.28 %,1410.0,1096962.5,-0.0327848101265823,-0.03333427480754619,753.24,799.525,784.5255383210471,853.9040432256216,33.221693723574646,-69.37850490457458,-78.58860829380303,35.57990338691373,799.525,36.33700267183982,872.1990053436796,726.8509946563204,801180.0
SWBBL,2023-04-02,764.1,775.0,757.0,762.0,-0.27 %,1400.0,1067952.6,-0.002748331370239554,-0.0027521149668747976,757.24,794.625,781.0600708870398,847.0963363200201,32.97653668090622,-66.03626543298026,-76.07813972163848,34.32419600213417,794.625,34.30350411768915,863.2320082353783,726.0179917646217,799780.0
SWBBL,2023-04-03,755.0,760.0,746.8,754.0,-1.05 %,1519.0,1143408.2,-0.01049868766404205,-0.010554187678690256,766.0200000000001,790.125,776.8969830582645,840.200311407426,32.00752270369371,-63.303328349161575,-73.5231774471431,32.95818200198174,790.125,33.37614772345138,856.8772954469027,723.3727045530973,798261.0
SWBBL,2023-04-04,754.0,764.9,741.0,761.0,0.93 %,1981.0,1495564.8,0.009283819628647105,0.009240989853729654,766.22,787.2700000000001,774.451293356993,834.3336216735426,33.83948533337768,-59.88232831654955,-70.79500762102438,32.311169001840184,787.2700000000001,33.299298238453645,853.8685964769074,720.6714035230927,800242.0
SWBBL,2023-04-05,755.0,783.2,754.0,779.0,2.37 %,2816.0,2146209.9,0.02365308804205002,0.023377688009062512,764.0200000000001,785.8700000000001,775.151094378994,830.2348348829098,38.433174989490524,-55.083740503915806,-67.65275419760266,32.08894264456589,785.8700000000001,33.013507602587985,851.8970152051761,719.8429847948241,803058.0
SWBBL,2023-04-06,764.0,777.0,755.0,769.0,-1.28 %,3026.0,2311122.6,-0.012836970474967901,-0.012920076365104283,765.0,783.47,774.2047721668412,825.6989211878795,36.90030639287169,-51.49414902103831,-64.4210331622898,31.5111610270969,783.47,32.36978935942494,848.2095787188499,718.7304212811501,800032.0
SWBBL,2023-04-09,755.0,760.0,741.0,755.8,-1.72 %,1312.0,980130.2,-0.01716514954486348,-0.017314178590255403,763.76,779.3100000000001,771.373268756558,820.5212233221106,34.92043524684904,-49.147954565552595,-61.366417442942364,31.260363810875695,779.3100000000001,30.126223932593383,839.5624478651869,719.0575521348132,798720.0
SWBBL,2023-04-10,755.0,760.0,749.0,758.0,0.29 %,2513.0,1892105.0,0.0029108229690395504,0.002906594726983186,764.5600000000001,775.71,769.3158427940107,815.8900215945469,35.54119370484476,-46.574178800536174,-58.40796971446113,29.813194967241717,775.71,27.975212712892006,831.6604254257841,719.759574574216,801233.0
SWBBL,2023-04-11,755.0,764.9,753.0,762.8,0.63 %,1412.0,1066278.0,0.006332453825857565,0.0063124880838923885,764.9200000000001,772.6,768.3134054410859,811.9574274023581,36.954178708108664,-43.64402196127219,-55.45518016382335,28.533681041010166,772.6,25.560413471967127,823.7208269439343,721.4791730560657,802645.0
SWBBL,2023-04-12,762.8,800.0,762.8,800.0,4.88 %,2870.0,2255589.5,0.04876769795490299,0.047615853941663296,769.1200000000001,771.6,773.1882661424573,811.0716920392205,46.704752306629935,-37.88342589676313,-51.9408293104113,29.152703823795157,771.6,23.9488050468854,819.4976100937708,723.7023899062292,805515.0
SWBBL,2023-04-13,816.0,816.0,780.9,810.0,1.25 %,5957.0,4724273.5,0.012499999999999956,0.01242251999855711,777.32,771.7,778.8516098128486,810.9923074437227,48.98867905792363,-32.140697630874115,-47.98080297450387,29.57751069352408,771.7,24.112412178553576,819.9248243571072,723.4751756428929,811472.0
SWBBL,2023-04-16,825.0,826.0,792.0,792.0,-2.22 %,815.0,650480.0,-0.022222222222222254,-0.02247285585205863,784.5600000000001,771.1049999999999,780.8744390724103,809.5854698552987,45.23126058223512,-28.71103078288843,-44.12684853618078,29.893402786843787,771.1049999999999,23.4126928016912,817.9303856033823,724.2796143966175,810657.0
SWBBL,2023-04-17,791.0,791.0,765.0,780.0,-1.52 %,1097.0,851456.7,-0.015151515151515138,-0.01526747213078842,788.96,770.3549999999999,780.7399099843472,807.3939535697209,42.87053160677632,-26.654043585373756,-40.63228754601938,29.686731159212087,770.3549999999999,22.840210963516814,816.0354219270336,724.6745780729663,809560.0
SWBBL,2023-04-18,767.0,789.0,765.0,774.0,-0.77 %,830.0,647030.0,-0.007692307692307665,-0.007722046093910278,791.2,769.295,779.7030007559861,804.9203273793712,41.69864899286327,-25.217326623385134,-37.54929536149253,29.280536076411227,769.295,22.1066428457738,813.5082856915476,725.0817143084523,808730.0
SWBBL,2023-04-19,789.4,797.0,779.9,788.0,1.81 %,1296.0,1017414.5,0.01808785529715773,0.017926216268152113,788.8,769.1899999999999,780.9794621781421,803.6669697957141,45.44591066707337,-22.68750761757201,-34.57693781270843,28.83192635666757,769.1899999999999,22.00738871176232,813.2047774235245,725.1752225764753,810026.0
SWBBL,2023-04-20,790.0,799.0,776.0,784.0,-0.51 %,1439.0,1122076.0,-0.005076142131979711,-0.005089069507471293,783.6,769.79,781.4441603045817,802.2101572182537,44.564574075119864,-20.765996913671984,-31.81474963290114,28.415360188334173,769.79,22.25027261843784,814.2905452368757,725.2894547631242,808587.0
SWBBL,2023-04-23,798.6,799.5,755.1,769.0,-1.91 %,2616.0,2004207.7,-0.01913265306122447,-0.019318050844763852,779.0,771.14,779.5296741038769,799.7501455724571,41.327849469156476,-20.220471468580172,-29.495894000036948,29.55712017488173,771.14,21.27304694517515,813.6860938903503,728.5939061096497,805971.0
SWBBL,2023-04-24,784.0,784.0,754.2,754.2,-1.92 %,1820.0,1389646.8,-0.019245773732119553,-0.01943338468138715,773.8399999999999,773.345,775.6328011648189,796.376060715238,38.3669199803245,-20.74325955041911,-27.745367110113385,29.57446873381875,773.345,16.3226505527881,805.9903011055762,740.6996988944238,804151.0
SWBBL,2023-04-25,769.0,783.7,753.0,764.0,1.30 %,1596.0,1210247.4,0.012993900822062976,0.012910204342263617,771.8399999999999,773.545,773.8431394471545,793.9778339955908,41.36268914954482,-20.1346945484363,-26.22323259777797,29.654863824260275,773.545,16.174361616459848,805.8937232329197,741.1962767670802,805747.0
SWBBL,2023-04-26,764.0,765.0,733.9,758.0,-0.79 %,4553.0,3427272.7,-0.007853403141361293,-0.00788440352414887,765.8399999999999,771.9449999999999,771.4057333783616,791.3128092551767,40.07825129163344,-19.907075876815156,-24.96000125358541,29.758087836813115,771.9449999999999,16.043148234650882,804.0312964693017,739.8587035306982,801194.0
SWBBL,2023-04-27,743.0,755.0,742.9,755.0,-0.40 %,1388.0,1040049.5,-0.00395778364116095,-0.003965636393346954,760.04,771.49,768.8817743970752,788.622971532571,39.4191289353058,-19.74119713549578,-23.916240429967488,28.711081562755037,771.49,16.402371459319998,804.29474291864,738.68525708136,799806.0
SWBBL,2023-04-30,741.0,750.0,740.0,748.0,-0.93 %,1712.0,1272452.0,-0.009271523178807972,-0.009314771274547485,755.8399999999999,770.79,765.6691937206022,785.6138625301584,37.854759789586446,-19.94466880955622,-23.121926105885237,27.731718593986823,770.79,17.1120733006676,805.0141466013351,736.5658533986648,798094.0
SWBBL,2023-05-02,742.0,745.0,734.0,745.0,-0.40 %,1365.0,1008986.0,-0.004010695187165791,-0.004018759594917744,754.0,770.3399999999999,762.4893177635864,782.6054282686652,37.17386835137007,-20.116110505078723,-22.520762985723934,26.750881551559193,770.3399999999999,17.68556949710417,805.7111389942082,734.9688610057916,796729.0
SWBBL,2023-05-03,736.2,736.2,729.0,729.0,-2.15 %,1591.0,1163358.8,-0.02147651006711404,-0.021710486370901314,747.0,768.74,757.337115030727,778.6346558043196,33.693051770755616,-21.297540773592573,-22.276118543297663,25.982961440733536,768.74,19.885683821998803,808.5113676439976,728.9686323560024,795138.0
SWBBL,2023-05-04,729.0,738.0,722.0,738.0,1.23 %,1396.0,1026925.0,0.012345679012345734,0.012270092591814401,743.0,766.6899999999999,754.362174256769,775.6246813002958,37.25222342547146,-21.262507043526853,-22.073396243343502,25.269892766395426,766.6899999999999,20.861697463738093,808.4133949274761,724.9666050725237,796534.0
SWBBL,2023-05-07,738.0,740.0,720.3,720.3,-2.40 %,638.0,465357.0,-0.023983739837398432,-0.02427603270515533,736.0600000000001,764.2549999999999,749.1218397557276,771.5265567595332,33.449498233537156,-22.40471700380556,-22.139660395435914,24.87204328308147,764.2549999999999,23.2798868466943,810.8147736933885,717.6952263066113,795896.0
SWBBL,2023-05-08,715.3,721.0,711.0,721.0,0.10 %,1871.0,1335544.6,0.0009718172983479434,0.0009713453896318809,730.6600000000001,762.515,744.795402870231,767.7838488514195,33.737582457555845,-22.988445981188534,-22.30941751258644,23.80975447714708,762.515,25.16897160384026,812.8529432076805,712.1770567923195,797767.0
SWBBL,2023-05-09,710.0,728.0,710.0,716.6,-0.61 %,650.0,467412.6,-0.006102635228848796,-0.006121332414095614,724.98,760.4449999999999,740.4576485825032,763.9924526402032,32.777124599087074,-23.534804057699944,-22.55449482160914,23.394772014493718,760.4449999999999,27.181814257547114,814.8086285150941,706.0813714849057,797117.0
SWBBL,2023-05-10,711.1,719.0,690.9,707.0,-1.34 %,4691.0,3296884.4,-0.013396595032096004,-0.013487138974280676,720.58,757.655,735.310318031349,759.7707894816696,30.72209348580685,-24.460471450320597,-22.93569014735143,23.73085972774417,757.655,29.676598525033928,817.0081970500678,698.3018029499322,792426.0
SWBBL,2023-05-11,707.0,707.0,695.0,699.0,-1.13 %,3284.0,2287902.0,-0.011315417256011262,-0.011379923662762446,712.78,752.605,729.7241152572952,755.2692495200645,29.085547439824808,-25.54513426276924,-23.457578970434994,22.892941175762445,752.605,30.668490172974117,813.9419803459482,691.2680196540518,789142.0
SWBBL,2023-05-14,687.0,708.9,686.1,702.0,0.43 %,2088.0,1458283.6,0.0042918454935623185,0.004282661792000949,709.1200000000001,747.205,725.4588667561729,751.3233791852449,30.578975787187133,-25.864512429071965,-23.93896566216239,22.88630252035084,747.205,29.517211304154486,806.239422608309,688.170577391691,791230.0
SWBBL,2023-05-15,702.0,716.0,695.0,698.1,-0.01 %,3540.0,2494460.8,-0.005555555555555536,-0.00557104504945536,704.5400000000001,742.51,721.2498103321464,747.3809066530046,29.703223549635737,-26.131096320858205,-24.377391793901552,22.751566626040066,742.51,29.48496316171792,801.4799263234358,683.5400736765641,787690.0
SWBBL,2023-05-16,697.0,723.1,697.0,716.9,2.69 %,2420.0,1732360.3,0.026930239220742003,0.026574001882470798,704.6,739.355,720.5806087425854,745.1230617157449,38.80182637427832,-24.542452973159584,-24.41040402975316,22.990740438465778,739.355,28.62570569142571,796.6064113828514,682.1035886171486,790110.0
SWBBL,2023-05-17,715.0,731.0,715.0,723.0,0.85 %,4312.0,3121137.0,0.008508857581252638,0.008472861299938161,707.8,736.8050000000001,720.9528227821877,743.4843164034676,41.44986238256431,-22.53149362127988,-24.034621948058508,22.49140183571822,736.8050000000001,27.631360425497352,792.0677208509948,681.5422791490054,794422.0
SWBBL,2023-05-18,717.0,753.7,717.0,749.0,3.60 %,4539.0,3347545.1,0.03596127247579539,0.035329761358454885,717.8,734.855,725.2677731233896,743.8928855587664,51.15186912033467,-18.625112435376764,-22.95272004552216,23.506301704595494,734.855,25.08731017058925,785.0296203411785,684.6803796588215,798961.0
SWBBL,2023-05-21,749.0,755.9,738.0,740.1,-1.19 %,4333.0,3236673.8,-0.011882510013351055,-0.011953671313798693,725.42,732.6600000000001,727.5496541813296,743.6119310729318,48.20713354946049,-16.06227689160221,-21.57463141473817,23.105851582838675,732.6600000000001,22.33006941360545,777.3201388272109,687.9998611727892,794628.0
SWBBL,2023-05-22,730.0,755.0,730.0,735.2,-0.66 %,1520.0,1131921.0,-0.006620726928793341,-0.0066427411619433465,732.8399999999999,730.97,728.7266304611251,742.9888250675295,46.61598609965594,-14.262194606404478,-20.112144053071432,23.241147898350196,730.97,20.650910519384414,772.2718210387688,689.6681789612312,793108.0
SWBBL,2023-05-23,745.0,777.0,745.0,773.0,5.14 %,3091.0,2358928.8,0.05141458106637642,0.050136477545944594,744.0600000000001,731.9100000000001,735.5379180824904,745.2118750625274,58.10414801871259,-9.673956980037019,-18.02450663846455,24.56678019132518,731.9100000000001,22.138271220852552,776.1865424417052,687.6334575582949,796199.0
SWBBL,2023-05-24,760.1,795.0,760.1,789.9,2.19 %,3937.0,3091142.1,0.021862871927554872,0.021627306582951342,757.4399999999999,733.205,743.9013153005687,748.5221065393772,62.03758949052463,-4.620791238808465,-15.343763558533334,25.304867320516237,733.205,24.721064425550505,782.647128851101,683.7628711488991,800136.0
SWBBL,2023-05-28,779.0,798.0,775.0,789.0,-0.11 %,3710.0,2914906.1,-0.0011393847322445083,-0.0011400343244990874,765.4399999999999,734.755,750.8395744850966,751.5204690179419,61.70533955821751,-0.6808945328452864,-12.411189753395725,25.140233940479362,734.755,27.204614063283366,789.1642281265667,680.3457718734333,796426.0
SWBBL,2023-05-30,787.0,787.0,747.0,756.9,-4.07 %,4399.0,3332870.9,-0.040684410646387836,-0.04153517653075249,768.8,734.85,751.7719476412356,751.9189527943906,51.17756028569781,-0.147005153155078,-9.958352833347597,26.344502944730838,734.85,27.282238294029202,789.4144765880584,680.2855234119417,792027.0
SWBBL,2023-05-31,742.0,770.0,730.0,739.0,-2.36 %,3348.0,2471852.3,-0.023649094992733488,-0.02393322336691995,769.5600000000001,734.4,749.807032619507,750.9619933281396,46.42131597940321,-1.1549607086325295,-8.197674408404584,27.31989559153578,734.4,27.127709663651263,788.6554193273025,680.1445806726974,788679.0
SWBBL,2023-06-01,740.0,750.0,735.0,741.0,0.27 %,2285.0,1705206.9,0.0027063599458727605,0.002702704347885073,763.1600000000001,734.2,748.4521045241983,750.2240678964256,47.01384365510632,-1.771963372227333,-6.912532201169134,26.439903049283227,734.2,27.060108530836025,788.3202170616721,680.079782938328,790964.0
SWBBL,2023-06-04,750.0,772.0,750.0,759.0,2.43 %,2890.0,2208265.5,0.02429149797570851,0.024001152099543045,756.98,735.7,750.0748576743215,750.8741369411348,52.14346215857092,-0.7992792668133006,-5.689881614297968,26.765624260048714,735.7,27.58311840726176,790.8662368145235,680.5337631854766,793854.0
SWBBL,2023-06-05,762.0,804.0,762.0,774.0,1.98 %,1090.0,844021.8,0.01976284584980248,0.019570096194097296,753.98,737.5,753.7556488013489,752.5871638343841,55.96893625570908,1.1684849669647974,-4.318208298045415,28.068079670045236,737.5,28.885017059760912,795.2700341195218,679.7299658804782,794944.0
SWBBL,2023-06-06,786.9,789.4,765.0,788.0,1.81 %,4383.0,3415966.2,0.01808785529715773,0.017926216268152113,760.2,740.885,759.0240105242184,755.2103368836889,59.24356198654344,3.813673640529487,-2.691831910330435,27.806073979327717,740.885,30.674681399546433,802.2343627990929,679.5356372009071,799327.0
SWBBL,2023-06-07,799.9,841.0,794.9,835.0,5.96 %,15532.0,12697565.6,0.05964467005076135,0.05793363499297629,779.4,746.585,770.7126242897233,761.1206822997119,67.87996668576915,9.591941990011378,-0.23507713026207222,29.605640123661452,746.585,36.77113105363489,820.1272621072699,673.0427378927302,814859.0
SWBBL,2023-06-08,821.1,830.0,809.1,818.0,-2.04 %,8388.0,6881287.9,-0.02035928143712573,-0.02056938824810841,794.8,751.655,777.9876051682273,765.3339650923259,62.70426108430299,12.653640075901421,2.3426663109706265,29.340951543399918,751.655,39.32128759223027,830.2975751844605,673.0124248155395,806471.0
SWBBL,2023-06-11,825.0,834.0,814.0,818.0,0.00 %,32900.0,26979417.4,0.0,0.0,806.6,757.205,784.1433582192692,769.2351528632647,62.704261084000116,14.908205356004487,4.855774119977399,28.67374071887135,757.205,40.50253370911707,838.2100674182342,676.1999325817659,806471.0
SWBBL,2023-06-12,828.0,845.0,820.0,826.0,0.98 %,19555.0,16304681.8,0.009779951100244544,0.009732436918231054,817.0,763.5550000000001,790.5828415701509,773.4399563548748,64.19427672707874,17.142885215276124,7.313196339037145,28.55418781038054,763.5550000000001,40.85090316614363,845.2568063322873,681.8531936677128,826026.0
SWBBL,2023-06-13,826.0,870.0,825.0,858.0,3.87 %,58739.0,49052832.9,0.03874092009685226,0.03800932596698418,831.0,771.355,800.95471209782,779.7036632915507,69.45160075092795,21.251048806269296,10.100766832483576,29.728888681067648,771.355,43.29894218976578,857.9528843795316,684.7571156204684,884765.0
SWBBL,2023-06-14,872.0,876.9,850.5,860.0,0.23 %,38945.0,33741757.7,0.002331002331002363,0.002328289759591168,836.0,779.45,810.0386025443092,785.6515400847692,69.75054796183919,24.38706245954006,12.958025957894874,29.491110918134243,779.45,44.010901759676756,867.4718035193536,691.4281964806465,923710.0
SWBBL,2023-06-15,877.1,877.1,837.1,847.0,-1.51 %,23899.0,20325531.4,-0.015116279069767424,-0.015231694595499006,841.8,785.955,815.7249713836463,790.1958704488604,65.27881028068856,25.5291009347859,15.47224095327308,30.241745852553226,785.955,43.89366906771557,873.7423381354312,698.1676618645689,899811.0
SWBBL,2023-06-18,850.0,865.0,848.2,865.0,2.13 %,5907.0,5066370.9,0.02125147579693043,0.021028812279825015,851.2,793.0550000000001,823.3057450169315,795.7369170822783,68.3084183310292,27.5688279346532,17.891558349549104,29.36733543451371,793.0550000000001,44.65246471672812,882.3599294334563,703.7500705665439,905718.0
SWBBL,2023-06-19,880.0,880.0,848.0,859.8,-0.60 %,11094.0,9481766.3,-0.0060115606936417265,-0.0060297028696982636,857.96,798.595,828.9202457835574,800.4823306317392,66.50311833901554,28.437915151818288,20.000829710002943,29.555382903477014,798.595,45.75865146861224,890.1123029372245,707.0776970627755,894624.0
SWBBL,2023-06-20,845.0,893.0,842.8,848.0,-1.37 %,51234.0,43310549.9,-0.013724121888811336,-0.01381916827027808,855.96,803.99,831.855592586087,804.002157992351,62.46852515570617,27.853434593735983,21.57135068674955,31.029998410371515,803.99,44.8508041354251,893.6916082708502,714.2883917291498,843390.0
SWBBL,2023-06-21,840.2,852.0,835.3,845.8,-0.26 %,6846.0,5774238.8,-0.0025943396226415505,-0.002597710753514907,853.1200000000001,809.52,834.0008860343813,807.098294437362,61.716753118741345,26.902591597019295,22.6375988688035,30.006427095344982,809.52,42.68901744642931,894.8980348928586,724.1419651071413,836544.0
SWBBL,2023-06-22,850.0,862.0,829.0,830.0,-1.87 %,4856.0,4104496.3,-0.018680539134547147,-0.01885722424774457,849.72,812.37,833.385365106015,808.7947170716316,56.46146925289966,24.590648034383435,23.02820870191949,30.22025373139177,812.37,42.020021543801015,896.410043087602,728.329956912398,831688.0
SWBBL,2023-06-25,845.0,861.9,830.0,857.0,3.25 %,16990.0,14447990.2,0.032530120481927716,0.03201221780713619,848.1200000000001,815.725,837.0183858589357,812.3654787700293,62.35988536810713,24.65290708890643,23.353148379316877,30.340235607720928,815.725,42.802961961139,901.330923922278,730.1190760777221,848678.0
SWBBL,2023-06-26,847.0,892.0,845.1,860.0,0.35 %,50928.0,44558105.1,0.003500583430571691,0.003494470649773557,848.1599999999999,819.275,840.5540188037148,815.8939618241012,62.96032721660647,24.660056979613614,23.614530099376225,31.523075921455145,819.275,43.40978394464017,906.0945678892804,732.4554321107196,899606.0
SWBBL,2023-06-27,860.0,942.0,810.0,934.0,8.60 %,297746.0,251233694.8,0.086046511627907,0.08254404898128923,865.3599999999999,828.1299999999999,854.9303236031434,824.6425572445382,73.98452371766005,30.287766358605154,24.949177351222012,38.69999906992263,828.1299999999999,47.852152786794484,923.8343055735888,732.4256944264109,1197352.0
SWBBL,2023-06-28,935.0,935.0,890.0,895.0,-4.18 %,35069.0,31696600.9,-0.04175588865096358,-0.04265271995398723,875.2,835.93,861.0948892026598,829.8542196708687,63.292716680821115,31.240669531791127,26.207475787335838,39.14999913635673,835.93,45.19977992510545,926.3295598502109,745.530440149789,1162283.0
SWBBL,2023-07-02,908.0,908.0,870.0,870.0,-2.79 %,101952.0,91330663.5,-0.027932960893854775,-0.028330506626225996,883.2,842.3799999999999,862.4649062484044,832.8279811767303,57.55122323171939,29.636925071674113,26.893365644203495,39.067856340902686,842.3799999999999,39.82487453330709,922.029749066614,762.7302509333857,1060331.0
SWBBL,2023-07-03,870.0,913.0,865.0,880.0,1.15 %,46499.0,40715349.8,0.011494252873563315,0.01142869582362285,887.8,848.43,865.1626129794191,836.3222047932688,59.14759288176178,28.840408186150285,27.282774152592854,39.70586660226678,848.43,35.44111647305585,919.3122329461116,777.5477670538883,1106830.0
SWBBL,2023-07-04,896.0,897.0,860.0,860.0,-2.27 %,17181.0,14835640.6,-0.022727272727272707,-0.02298951822469872,887.8,852.7299999999999,864.3683648287392,838.076115549323,54.71564650790218,26.292249279416183,27.084669177957522,39.51259041639059,852.7299999999999,30.855880613516565,914.441761227033,791.0182387729668,1089649.0
SWBBL,2023-07-05,860.0,877.3,845.0,846.0,-1.63 %,95100.0,81477243.2,-0.016279069767441867,-0.016413029641330144,870.2,855.6299999999999,861.5424625473947,838.6630699530768,51.79022823218213,22.879392594317892,26.243613861229598,38.9974053866484,855.6299999999999,26.927526515166836,909.4850530303336,801.7749469696662,994549.0
SWBBL,2023-07-06,833.0,880.0,832.4,840.1,-0.70 %,20588.0,17394857.7,-0.006973995271867595,-0.006998427235421799,859.22,855.885,858.2436221554879,838.7695092158118,50.56329629058288,19.474112939676047,24.889713676918888,39.61187643045923,855.885,26.745413281410137,909.3758265628203,802.3941734371797,973961.0
SWBBL,2023-07-09,850.0,859.0,842.0,859.0,2.25 %,18437.0,15680428.7,0.022497321747410925,0.022247989613453815,857.0200000000001,857.9350000000001,858.3599879777205,840.2680640887147,54.298367113840634,18.091923889005784,23.530155719336268,38.13245668542643,857.9350000000001,25.216332948762986,908.3676658975261,807.502334102474,992398.0
SWBBL,2023-07-10,870.0,876.0,856.6,862.0,0.35 %,56998.0,49170822.5,0.0034924330616996624,0.0034863486794377376,853.4200000000001,860.135,858.919989827302,841.8778371191803,54.88107674489584,17.042152708121648,22.232555117093344,36.79442406503883,860.135,23.403019935890235,906.9410398717805,813.3289601282195,1049396.0
SWBBL,2023-07-11,862.0,870.0,856.0,860.0,-0.23 %,17020.0,14684548.3,-0.002320185614849146,-0.0023228814161396385,853.4200000000001,861.835,859.0861452384863,843.2202195547966,54.383249049473896,15.865925683689738,20.959229230412625,35.16625091753606,861.835,21.984857827572938,905.8047156551459,817.8652843448542,1032376.0
SWBBL,2023-07-12,876.0,878.0,861.0,875.0,1.74 %,12062.0,10520986.5,0.01744186046511631,0.017291497110061043,859.22,862.6850000000001,861.5344305864115,845.5742773655523,57.49725445369911,15.960153220859183,19.959414028501936,33.940090137712055,862.6850000000001,22.156744844846536,906.9984896896931,818.371510310307,1044438.0
SWBBL,2023-07-13,892.5,892.5,858.1,869.9,-0.58 %,9755.0,8475729.5,-0.005828571428571405,-0.005845623844119334,865.18,863.18,862.821441265425,847.3761827458818,56.09513879360515,15.445258519543245,19.0565829267102,33.972940842161194,863.18,22.204139017040188,907.5882780340803,818.7717219659196,1034683.0
SWBBL,2023-07-16,883.0,900.6,847.0,900.6,3.53 %,22109.0,19030660.7,0.03529141280606973,0.034682945353976265,873.5,865.86,868.6335272245905,851.3186877276684,62.08838239692038,17.314839496922104,18.70823424075258,35.37487363914968,865.86,23.353426436608984,912.566852873218,819.1531471267821,1056792.0
SWBBL,2023-07-17,898.0,898.0,862.4,885.0,-1.73 %,35663.0,31195608.4,-0.017321785476349105,-0.01747356285954176,878.1,866.86,871.1514461131151,853.8135997478411,57.772760872040266,17.337846365274004,18.434156665656865,35.576668379210425,866.86,23.739671438634133,914.3393428772683,819.3806571227317,1021129.0
SWBBL,2023-07-18,880.0,902.7,820.0,875.0,-1.13 %,260593.0,217739863.7,-0.011299435028248594,-0.011363758650315095,881.1,867.6200000000001,871.743531326482,855.3829627294824,55.12754137992679,16.360568596999542,18.0194390519254,38.94262063783825,867.6200000000001,23.74506264498556,915.1101252899713,820.129874710029,760536.0
SWBBL,2023-07-19,875.0,891.9,871.0,880.0,0.57 %,17719.0,15678379.7,0.005714285714285783,0.005698021114637796,882.1,869.22,873.013757276254,857.206446971743,56.20722313818562,15.807310304510906,17.577013302442502,37.65386202084981,869.22,23.429459638703378,916.0789192774068,822.3610807225932,778255.0
SWBBL,2023-07-20,890.0,890.0,877.0,877.7,-0.26 %,22598.0,19987341.5,-0.002613636363636318,-0.002617057874180191,883.6600000000001,870.8150000000002,873.7347176952918,858.7244879367992,55.54515212505783,15.010229758492642,17.06365659365253,35.8928718765034,870.8150000000002,22.82932728366655,916.4736545673333,825.1563454326671,755657.0
SWBBL,2023-07-23,882.0,889.0,878.0,888.9,1.28 %,73218.0,64727190.5,0.012760624359120287,0.012679893649557189,881.32,873.76,876.0678380498623,860.9597110525918,58.13143144317723,15.10812699727046,16.67255067437612,34.13623817103887,873.76,21.013940235584407,915.7878804711688,831.7321195288312,828875.0
SWBBL,2023-07-24,875.0,904.0,868.0,870.1,-2.11 %,28276.0,24916528.1,-0.021149735628304578,-0.021376595675650444,878.3399999999999,874.4150000000002,875.1497091191142,861.6367694931406,52.59966556220469,13.512939625973559,16.040628464695608,34.26936401596466,874.4150000000002,20.665309732253363,915.745619464507,833.0843805354934,800599.0
SWBBL,2023-07-25,865.0,866.4,856.6,858.5,-1.33 %,17065.0,14730927.4,-0.01333180094242048,-0.013421467234448582,875.04,874.3400000000001,872.5882154084812,861.4044161973525,49.47148004628554,11.183799211128758,15.06926261398224,32.78583801482433,874.3400000000001,20.723020507675656,915.7860410153514,832.8939589846489,783534.0
SWBBL,2023-07-26,860.0,865.0,845.0,847.0,-1.34 %,18205.0,15495314.9,-0.013395457192778126,-0.013485985685475854,868.4399999999999,869.9900000000001,868.6515668840996,860.337422404956,46.51786541734283,8.314144479143579,13.718238987014507,31.872563870908305,869.9900000000001,16.171999844225184,902.3339996884505,837.6460003115498,765329.0
SWBBL,2023-07-27,835.1,853.9,834.0,834.1,-1.52 %,5485.0,4608509.6,-0.015230224321133412,-0.015347395404488267,859.72,866.945,863.3359412096227,858.3939096342185,43.38854141633272,4.942031575404144,11.962997504692435,31.017380737272,866.945,16.930647235229266,900.8062944704586,833.0837055295415,759844.0
SWBBL,2023-07-30,834.1,846.9,821.2,830.0,-0.49 %,10788.0,8941749.9,-0.004915477760460418,-0.004927598456922561,847.9400000000002,864.945,858.2073348696807,856.2906570687209,42.41198314416446,1.9166778009598602,9.95373356394592,30.637567827466853,864.945,18.80913761736762,902.5632752347353,827.3267247652648,749056.0
SWBBL,2023-07-31,825.0,841.0,825.0,832.3,0.28 %,3677.0,3052942.8,0.0027710843373494054,0.0027672519614058526,840.3799999999999,862.5600000000001,854.221591043576,854.5135713599267,43.18451867887491,-0.2919803163506458,7.904590787886608,29.592027268362077,862.5600000000001,19.797883991494995,902.15576798299,822.9642320170101,752733.0
SWBBL,2023-08-01,848.2,848.2,816.0,818.0,-1.72 %,13961.0,11712576.3,-0.017181304817974197,-0.017330616149302303,832.28,860.46,848.6490385753335,851.8088623703026,39.62532167074099,-3.159823794969043,5.691707871315478,29.77831103490765,860.46,22.169215260752278,904.7984305215045,816.1215694784955,738772.0
SWBBL,2023-08-02,807.1,820.0,805.0,815.0,-0.37 %,3380.0,2738862.8,-0.003667481662591676,-0.0036742233618843358,825.8799999999999,858.9100000000001,843.4722634098976,849.0822799725023,38.900962125030915,-5.610016562604756,3.431362984531431,28.722717389557104,858.9100000000001,24.22208431236859,907.3541686247372,810.465831375263,735392.0
SWBBL,2023-08-03,831.3,831.3,811.0,815.0,0.00 %,3735.0,3047746.5,0.0,0.0,822.0600000000001,857.655,839.0919151929902,846.5576666412057,38.900962124775646,-7.465751448215542,1.2519400979820365,28.12109471887445,857.655,25.843913566554,909.342827133108,805.9671728668919,735392.0
SWBBL,2023-08-06,805.0,819.0,804.5,818.9,0.48 %,7041.0,5728174.8,0.00478527607361956,0.004773863035279783,819.8399999999999,855.65,835.985466701761,844.508950593709,40.5397430025703,-8.52348389194799,-0.7031447000039688,27.14815938181199,855.65,27.251257817687502,910.152515635375,801.1474843646249,742433.0
SWBBL,2023-08-07,807.0,810.0,788.9,797.0,-2.67 %,5360.0,4282855.4,-0.026743192086945866,-0.027107297485927488,812.78,852.4,829.9877025937977,840.9897690682491,34.88190058258539,-11.00206647445134,-2.762929054893443,27.351862283111135,852.4,30.173393647799656,912.7467872955992,792.0532127044007,737073.0
SWBBL,2023-08-08,781.1,810.0,768.0,777.0,-2.51 %,10324.0,8052168.0,-0.025094102885821812,-0.025414328422567578,804.5799999999999,848.25,821.835748348598,836.2497861743047,30.67190899994209,-14.414037825706714,-5.093150809056098,28.398157834317484,848.25,34.47439171653573,917.1987834330714,779.3012165669286,726749.0
SWBBL,2023-08-09,762.1,800.0,762.0,800.0,2.96 %,6555.0,5096809.9,0.029601029601029616,0.02917137730027987,801.5799999999999,844.5,818.4764024488137,833.5646168280599,39.68707995272472,-15.08821437924621,-7.092163523094121,29.084003703294808,844.5,35.476040840247315,915.4520816804946,773.5479183195054,733304.0
SWBBL,2023-08-10,800.0,814.0,784.0,812.9,1.61 %,5251.0,4165134.1,0.016124999999999945,0.015996373084599284,801.16,841.65,817.6184943797655,832.0339044704258,44.0792980473632,-14.415410090660316,-8.55681283660736,29.14943201020232,841.65,35.61740408422467,912.8848081684494,770.4151918315506,738555.0
SWBBL,2023-08-13,814.9,814.9,796.7,806.0,-0.85 %,3927.0,3143478.1,-0.008488128921146476,-0.008524358245898306,798.58,836.9199999999998,815.8310337059554,830.105467102246,42.30467558492566,-14.274433396290647,-9.700336948544017,28.367329723759294,836.9199999999998,33.601184189879135,904.1223683797581,769.7176316202416,734628.0
SWBBL,2023-08-14,822.0,822.0,790.0,790.1,-1.97 %,5071.0,4042894.4,-0.019727047146401944,-0.019924222777940655,797.2,832.175,811.8724131358084,827.1420991687463,38.46198259263102,-15.269686032937898,-10.814206765422794,28.626806172062203,832.175,33.15186547127361,898.4787309425471,765.8712690574528,729557.0
SWBBL,2023-08-15,791.0,791.0,776.2,789.0,-0.14 %,2481.0,1937750.5,-0.0013922288317934628,-0.0013931988828133695,799.6,827.875,808.353580345684,824.3167584895799,38.20344122117673,-15.963178143895902,-11.844001041117416,27.639177159772043,827.875,32.88110759778443,893.6372151955688,762.1127848044312,727076.0
SWBBL,2023-08-16,792.0,792.0,765.4,775.9,-1.66 %,1633.0,1261688.9,-0.016603295310519628,-0.016742674945970645,794.78,822.6699999999998,803.3607218309634,820.7303319347963,35.17129568599199,-17.369610103832883,-12.949122853660509,27.56495021978833,822.6699999999998,32.43188976453997,887.5337795290798,757.8062204709199,725443.0
SWBBL,2023-08-17,762.0,781.0,762.0,772.0,-0.50 %,5384.0,4137363.2,-0.005026420930532294,-0.00503909587512742,786.6,817.385,798.5359953954305,817.120677717404,34.29852334265152,-18.584682321973446,-14.076234747323095,26.95316806123202,817.385,31.59384142209723,880.5726828441944,754.1973171558055,720059.0
SWBBL,2023-08-20,775.0,775.0,754.0,759.0,-1.68 %,16646.0,12645715.2,-0.016839378238341918,-0.016982772629146194,777.2,810.8900000000001,792.4535345653642,812.8154423309295,31.493141266737126,-20.36190776556532,-15.333369350971541,26.527941771144018,810.8900000000001,29.393839311817523,869.6776786236352,752.102321376365,703413.0
SWBBL,2023-08-21,756.0,769.0,750.0,765.0,0.79 %,3214.0,2443823.6,0.007905138339920903,0.007874056430905866,772.1800000000001,805.635,788.2299138630005,809.2735577138236,34.169452657665175,-21.04364385082306,-16.475424250941845,25.99023164463373,805.635,27.590735955056928,860.8164719101138,750.4535280898862,706627.0
SWBBL,2023-08-22,775.0,775.0,758.0,763.3,-0.22 %,4093.0,3128655.8,-0.0022222222222222365,-0.0022246950221111624,767.04,800.875,784.394542499462,805.8681089942811,33.76694264952576,-21.473566494819124,-17.475052699717303,25.34807224144561,800.875,26.16558356263686,853.2061671252737,748.5438328747263,702534.0
SWBBL,2023-08-23,760.0,789.6,760.0,788.9,3.35 %,8586.0,6667072.2,0.03353858247085029,0.03298843129661926,769.64,797.97,785.087689807237,804.6112120317417,44.390364689312634,-19.523522224504745,-17.884746604674792,25.651781367056643,797.97,23.902457482436784,845.7749149648736,750.1650850351265,711120.0
SWBBL,2023-08-24,780.0,792.0,767.0,767.0,-2.78 %,5735.0,4463606.3,-0.027760172391938065,-0.028152768733787657,768.64,794.615,782.3049682984313,801.8251963256868,38.67540311819494,-19.520228027255484,-18.211842889190933,25.605225555124026,794.615,23.264910895228336,841.1448217904567,748.0851782095433,705385.0
SWBBL,2023-08-27,780.0,784.9,761.1,775.0,1.04 %,11972.0,9285984.7,0.010430247718383301,0.010376227986090798,771.8399999999999,791.865,781.1811270217496,799.8381447460063,41.63159734951077,-18.65701772425666,-18.30087785620408,25.476280872615163,791.865,22.08269803821924,836.0303960764385,747.6996039235615,717357.0
SWBBL,2023-08-28,760.1,788.0,760.1,780.0,0.65 %,715.0,552899.0,0.006451612903225712,0.006430890330290331,774.8399999999999,789.25,780.9994151722497,798.3686525425983,43.46591003496611,-17.36923737034863,-18.114549759032993,25.649403667428363,789.25,20.045067644129904,829.3401352882598,749.1598647117402,718072.0
SWBBL,2023-08-29,772.0,783.9,772.0,780.0,0.00 %,887.0,692024.0,0.0,0.0,778.18,787.35,780.8456589919035,797.0080116135168,43.4659100346719,-16.16235262161331,-17.724110331549056,24.66730340546919,787.35,18.947420321979884,825.2448406439598,749.4551593560402,718072.0
SWBBL,2023-08-30,780.0,784.0,765.0,775.0,-0.64 %,3267.0,2515376.5,-0.0064102564102563875,-0.0064308903302904025,775.4,785.35,779.946326839303,795.3777885310341,41.937406330245494,-15.431461691731101,-17.265580603585466,24.26249601936425,785.35,17.960614806465617,821.2712296129313,749.4287703870688,714805.0
SWBBL,2023-09-03,765.0,775.0,761.0,762.0,-1.68 %,2093.0,1605423.2,-0.01677419354838705,-0.016916473666700675,774.4,782.7,777.1853534794102,792.9053597509575,38.17823912000873,-15.720006271547277,-16.95646573717783,23.529460589409663,782.7,17.25160557028225,817.2032111405646,748.1967888594355,712712.0
SWBBL,2023-09-04,765.5,765.5,755.2,764.0,0.26 %,3790.0,2884374.0,0.002624671916010568,0.002621233479874287,772.2,779.9549999999999,775.1568375595009,790.7642219916273,39.08293040437989,-15.607384432126423,-16.68664947616755,22.584499118737543,779.9549999999999,15.463521591662072,810.8820431833241,749.0279568166758,716502.0
SWBBL,2023-09-05,752.5,769.8,752.3,768.7,0.62 %,1025.0,777532.9,0.006151832460733031,0.006132987188565856,769.94,778.54,774.1634779349623,789.1298351774327,41.25842093861003,-14.966357242470394,-16.34259102942812,22.221320610256292,778.54,15.112539234724482,808.7650784694489,748.314921530551,717527.0
SWBBL,2023-09-07,754.0,768.0,750.0,759.9,-1.14 %,4847.0,3666824.1,-0.011447899050344823,-0.011513930679347159,765.9200000000001,777.685,771.9690967141988,786.9646622013266,38.487004415800214,-14.995565487127806,-16.073185920968058,21.969797709523704,777.685,15.677415033132908,809.0398300662657,746.3301699337342,712680.0
SWBBL,2023-09-10,762.0,770.0,760.0,766.0,0.80 %,1957.0,1501069.0,0.008027372022634482,0.007995324064851997,764.1200000000001,775.9849999999999,771.0507741427836,785.4117242604876,41.4242412666714,-14.360950117704078,-15.730738760315262,21.1219550159863,775.9849999999999,14.957176591683858,805.8993531833676,746.0706468166322,714637.0
SWBBL,2023-09-11,774.9,785.0,770.0,785.0,2.48 %,1891.0,1466658.0,0.024804177545691974,0.0245015480418172,768.72,774.5899999999999,773.1968088900476,785.3812261671181,49.511045315334215,-12.184417277070565,-15.021474463666324,20.970386800558707,774.5899999999999,12.418699822406952,799.4273996448138,749.752600355186,716528.0
SWBBL,2023-09-12,800.0,800.0,767.4,779.0,-0.76 %,2874.0,2240517.0,-0.007643312101910826,-0.0076726719116601665,771.72,773.24,774.0896075223479,784.9085427473316,47.290716847532316,-10.818935224983647,-14.180966615929789,21.80107345766166,773.24,10.069934407099415,793.3798688141989,753.1001311858012,713654.0
SWBBL,2023-09-13,785.0,799.0,775.0,798.9,2.55 %,1456.0,1144936.0,0.025545571245186194,0.025224735617248032,777.76,773.68,777.9065909804482,785.94494698827,54.56791656819469,-8.03835600782179,-12.952444494308189,21.958139639257254,773.68,10.995147255667078,795.6702945113341,751.6897054886658,715110.0
SWBBL,2023-09-17,791.0,791.0,770.0,778.0,-2.62 %,2126.0,1648329.0,-0.02616097133558637,-0.026509257309604572,781.3799999999999,773.1299999999999,777.9209615988408,785.3564323965463,47.19776365346847,-7.435470797705534,-11.849049754987659,22.453986807881737,773.1299999999999,10.450086880279597,794.030173760559,752.2298262394407,712984.0
SWBBL,2023-09-18,765.0,777.0,765.0,767.0,-1.41 %,1693.0,1298703.5,-0.014138817480719768,-0.014239722811135388,781.5799999999999,772.685,776.2408136605576,783.9966966634688,43.841503276840946,-7.755883002911219,-11.030416404572371,21.778702035890184,772.685,10.51521579302206,793.715431586044,751.6545684139559,711291.0
SWBBL,2023-09-19,781.9,781.9,761.0,774.9,1.03 %,2424.0,1857312.7,0.010299869621903435,0.010247187402648229,779.56,772.8299999999999,776.0345346358565,783.3228672809896,46.76913751163955,-7.288332645133096,-10.281999652684517,21.71593760475517,772.8299999999999,10.525262842830106,793.8805256856601,751.7794743143397,713715.0
SWBBL,2023-09-21,790.3,806.0,775.0,794.0,2.46 %,2822.0,2245650.0,0.024648341721512423,0.024349472477231196,782.5600000000001,774.5799999999999,778.7984523841864,784.1137660009163,53.13091890256819,-5.315313616729895,-9.288662445493593,22.386227775844088,774.5799999999999,11.003568799788637,796.5871375995772,752.5728624004227,716537.0
SWBBL,2023-09-24,800.0,810.0,784.0,794.0,0.00 %,24341.0,19452473.2,0.0,0.0,781.58,776.03,781.1371520173885,784.846079630478,53.13091890221017,-3.708927613089486,-8.172715479012771,22.644354363283796,776.03,11.570839027717074,799.1716780554341,752.8883219445659,716537.0
SWBBL,2023-09-25,804.0,804.0,791.0,795.0,0.13 %,3690.0,2944924.9,0.0012594458438286438,0.0012586534071961062,784.98,777.615,783.2698978608673,785.5982218800723,53.46859274837203,-2.328324019204956,-7.003837187051208,21.955471908763524,777.615,11.901714826247211,801.4184296524944,753.8115703475056,720227.0
SWBBL,2023-09-26,800.0,813.0,794.0,813.0,2.26 %,13071.0,10447726.6,0.02264150943396226,0.022388994893478686,794.1800000000001,778.82,787.8437597284262,787.6279832222891,59.170754458161255,0.21577650613710375,-5.559914448413546,21.744366772423273,778.82,14.118058611692554,807.0561172233852,750.5838827766149,733298.0
SWBBL,2023-09-27,810.1,810.1,797.0,810.0,-0.37 %,7581.0,6083022.3,-0.0036900369003689537,-0.0036968618813260916,801.2,780.97,791.2524120778992,789.2851696502677,57.89729521271835,1.9672424276315041,-4.054483073204536,21.334054860107326,780.97,15.43594915551258,811.8418983110251,750.0981016889749,725717.0
SWBBL,2023-10-01,805.0,806.0,788.0,799.0,-1.36 %,10260.0,8137106.1,-0.013580246913580285,-0.01367330190020982,802.2,782.1700000000001,792.4443486812993,790.0047867132108,53.3623792569033,2.4395619680884693,-2.755674064945935,21.381622370099663,782.1700000000001,15.874080164481681,813.9181603289634,750.4218396710368,715457.0
SWBBL,2023-10-02,799.8,799.8,783.0,790.0,-1.13 %,2555.0,2018440.5,-0.01126408010012514,-0.011328000305207472,801.4,782.6700000000001,792.0682950380225,790.0044321418618,49.917319707890584,2.0638628961606855,-1.7917666727246109,21.054363629378255,782.6700000000001,15.959392549281638,814.5887850985633,750.7512149014368,712902.0
SWBBL,2023-10-03,790.0,797.0,774.2,789.5,-0.06 %,736.0,575359.5,-0.0006329113924050667,-0.0006331117653704004,800.3,783.1450000000001,791.6731727244805,789.9670667980203,49.72525360080834,1.7061059264602818,-1.0921921528876324,21.179051941565522,783.1450000000001,16.01701315920225,815.1790263184046,751.1109736815956,712166.0
SWBBL,2023-10-04,790.0,790.0,779.0,780.0,-1.20 %,3219.0,2515574.1,-0.012032932235592098,-0.01210591401205931,793.7,783.3950000000001,789.8772999976374,789.2287655537225,46.09612639433351,0.6485344439148548,-0.744046833527135,20.45197680288227,783.3950000000001,15.921930424316972,815.2388608486341,751.5511391513661,708947.0
SWBBL,2023-10-05,785.0,785.0,769.0,785.0,0.64 %,2254.0,1743399.2,0.0064102564102563875,0.006389798098770988,788.7,784.5450000000001,789.126946151847,788.9155236608542,48.23740087842327,0.21142249099284527,-0.5529529686231389,20.13397845981925,784.5450000000001,15.104947778265865,814.7548955565318,754.3351044434684,711201.0
SWBBL,2023-10-08,770.1,775.0,766.0,766.0,-2.42 %,1814.0,1396241.9,-0.02420382165605095,-0.024501548041817128,782.1,784.6450000000001,785.5689544361783,787.218077463754,41.49230391860279,-1.6491230275756834,-0.7721869804136479,20.05297999840359,784.6450000000001,14.967771518373816,814.5805430367477,754.7094569632525,709387.0
SWBBL,2023-10-09,753.0,768.0,751.1,758.0,-1.04 %,2335.0,1774439.7,-0.010443864229765065,-0.010498784098219695,775.7,784.11,781.3275768306124,785.0537754294019,39.01833574318741,-3.7261985987894377,-1.362989304088806,19.82776714137476,784.11,15.73905300484784,815.5881060096957,752.6318939903043,707052.0
SWBBL,2023-10-10,750.0,763.0,750.0,763.0,0.66 %,2913.0,2190003.3,0.006596306068601621,0.006574645642085385,770.4,784.265,778.5079496259028,783.4201624346313,41.37122808478493,-4.912212808728441,-2.072834005016733,19.34006948841942,784.265,15.501554251953223,815.2681085039064,753.2618914960935,709965.0
SWBBL,2023-10-11,751.5,780.0,751.5,780.0,2.23 %,2636.0,2004388.2,0.022280471821756187,0.022035888399180376,770.4,784.9649999999999,778.7374958373024,783.166817069103,48.62872308000206,-4.4293212318006,-2.5441314503735066,19.994350239246604,784.9649999999999,14.939255072491857,814.8435101449836,755.0864898550162,712601.0
SWBBL,2023-10-12,765.0,795.5,752.0,795.5,1.99 %,4164.0,3210283.1,0.0198717948717948,0.019676928094204068,772.5,785.49,781.3163426315635,784.0803861750953,54.1960456055941,-2.764043543531784,-2.5881138690051624,21.673325222157562,785.49,15.123905789560142,815.7378115791203,755.2421884208798,716765.0
SWBBL,2023-10-16,780.0,780.0,750.0,760.0,-4.46 %,3300.0,2506034.0,-0.044626021370207436,-0.045652414497464815,771.3,784.54,778.0369053036306,782.2966538658291,42.764794843502344,-4.259748562198411,-2.922440807643812,23.375230563432023,784.54,16.117150068529714,816.7743001370594,752.3056998629405,713465.0
SWBBL,2023-10-17,775.0,778.9,761.0,778.0,2.37 %,1181.0,907903.2,0.023684210526315752,0.023408090898014804,775.3,783.4950000000001,778.0312275646106,781.978383209101,48.675993305476375,-3.947155644490408,-3.1273837750131315,23.05557123747259,783.4950000000001,15.811736980215855,815.1184739604319,751.8715260395684,714646.0
SWBBL,2023-10-18,788.0,790.0,771.0,790.0,1.54 %,3961.0,3084985.4,0.015424164524421524,0.015306421282675507,780.7,784.095,779.8725771700551,782.5725770454638,52.21891632654766,-2.6999998754087073,-3.041906995092247,22.76588757765312,784.095,15.81992331523564,815.7348466304713,752.4551533695287,718607.0
SWBBL,2023-10-19,792.0,792.0,775.0,782.9,-0.90 %,2577.0,2021930.6,-0.00898734177215188,-0.009027971547198654,781.28,784.8900000000001,780.3383345285082,782.5968305976517,50.0188457392978,-2.2584960691434617,-2.88522480990249,22.354038464963615,784.8900000000001,15.306823384392167,815.5036467687844,754.2763532312158,716030.0
SWBBL,2023-10-29,770.0,770.0,755.0,769.0,-1.78 %,1896.0,1435964.3,-0.01775450249073951,-0.017914004408224483,775.98,784.595,778.5939753702762,781.5896579607886,45.93824335443767,-2.995682590512388,-2.9073163660244696,22.75017857460907,784.595,15.564178677670524,815.723357355341,753.466642644659,714134.0
SWBBL,2023-10-30,760.0,795.0,754.0,795.0,3.38 %,2430.0,1870017.5,0.033810143042912966,0.033251145148688016,782.98,784.6450000000001,781.1179791594645,782.5830166303598,53.568611857347626,-1.465037470895254,-2.618860586998627,24.053737247851277,784.6450000000001,15.597552946230152,815.8401058924604,753.4498941075398,716564.0
SWBBL,2023-10-31,780.0,780.0,779.0,779.1,-2.00 %,86.0,67024.9,-0.020000000000000018,-0.020202707317519466,783.2,783.9,780.8075208272392,782.3250153984812,49.01272751671584,-1.5174945712420822,-2.398587383847318,23.478470301576188,783.9,15.482621837502123,814.8652436750042,752.9347563249958,716478.0
SWBBL,2023-11-01,775.0,775.0,770.0,771.1,-1.03 %,247.0,190962.4,-0.010268258246694861,-0.010321340497897458,779.42,782.705,779.314056084587,781.4935327763715,46.853578532178936,-2.17947669178443,-2.3547652454347405,22.45143670860646,782.705,15.503122775919174,813.7112455518384,751.6987544481617,716231.0
SWBBL,2023-11-02,760.0,787.0,756.5,770.0,-0.14 %,2638.0,2025387.2,-0.0014265335235378318,-0.001427551991185446,776.8399999999999,780.555,777.8811243792659,780.6421599781218,46.54992377101573,-2.7610355988558695,-2.4360193161189665,23.026334086563143,780.555,13.988283631781142,808.5315672635622,752.5784327364377,713593.0
SWBBL,2023-11-05,755.0,759.0,750.0,755.0,-1.95 %,1603.0,1205537.2,-0.01948051948051943,-0.01967276559870478,774.04,777.805,774.3609513978404,778.7427407204832,42.50457250760966,-4.381789322642817,-2.8251733174237366,22.810167366094348,777.805,13.28348697939005,804.37197395878,751.2380260412199,711990.0
SWBBL,2023-11-06,755.0,768.0,750.0,760.0,0.66 %,656.0,494112.4,0.0066225165562914245,0.006600684031352093,767.04,775.8549999999999,772.1515742597111,777.354389556003,44.24394551521605,-5.202815296291874,-3.300701713197364,22.466583982801893,775.8549999999999,12.864290641153909,801.5835812823077,750.1264187176921,712646.0
SWBBL,2023-11-07,760.0,772.0,746.1,772.0,1.58 %,943.0,714841.3,0.015789473684210575,0.015666116744399456,765.62,774.9549999999999,772.1282551428324,776.9577681074102,48.2873927361815,-4.829512964577816,-3.6064639634734545,22.71182798403033,774.9549999999999,12.445437761224667,799.8458755224492,750.0641244775506,713589.0
SWBBL,2023-11-08,772.0,772.0,760.1,770.0,-0.26 %,562.0,427945.4,-0.002590673575129543,-0.0025940351770466466,765.4,773.9799999999999,771.8008312747043,776.4423778772317,47.66693753616973,-4.641546602527455,-3.813480491284255,21.93955455659959,773.9799999999999,12.001912129021127,797.9838242580422,749.9761757419576,713027.0
SWBBL,2023-11-09,756.7,769.6,754.6,769.5,-0.06 %,424.0,321347.4,-0.0006493506493506773,-0.000649561568795645,765.3,773.4549999999999,771.446857232442,775.9281276641034,47.50260679727398,-4.4812704316614145,-3.947038479359687,21.472443516842475,773.4549999999999,11.9542758267587,797.3635516535173,749.5464483464825,712603.0
SWBBL,2023-11-20,755.0,755.0,738.0,749.9,-2.55 %,2140.0,1584249.0,-0.025471085120207904,-0.025801088971590194,764.28,771.7,768.1319561197586,774.0001182075031,41.46755822223113,-5.868162087744508,-4.331263201036652,22.188697551353727,771.7,12.722007455592575,797.1440149111852,746.2559850888149,710463.0
SWBBL,2023-11-21,735.1,735.1,707.0,713.0,-4.92 %,7175.0,5128232.2,-0.049206560874783256,-0.05045844389304771,754.88,769.05,759.6501167167188,769.4815909328732,32.97399579208569,-9.831474216154447,-5.431305404060211,23.6680762976856,769.05,18.278388159249698,805.6067763184993,732.4932236815006,703288.0
SWBBL,2023-11-22,720.0,730.0,705.6,730.0,2.38 %,6994.0,4961736.7,0.02384291725105192,0.023563113728140902,746.48,767.65,755.0885602987621,766.5570286415492,39.156996594548865,-11.468468342787105,-6.63873799180559,23.72035656213663,767.65,20.146163276238372,807.9423265524767,727.3576734475232,710282.0
SWBBL,2023-11-23,716.0,728.0,706.0,725.0,-0.68 %,1909.0,1375742.5,-0.006849315068493178,-0.006872879287762064,737.48,765.75,750.4595510220295,763.4787302236567,38.04535850124551,-13.019179201627253,-7.914826233769924,23.740331093412586,765.75,22.286047086751136,810.3220941735023,721.1779058264977,708373.0
SWBBL,2023-11-26,725.0,737.9,716.1,737.9,1.78 %,10902.0,7849472.4,0.017793103448275893,0.017636659209646216,731.1600000000001,763.645,748.5273124032557,761.5840094663488,42.57495755621561,-13.056697063093111,-8.943200399634563,23.601736015311683,763.645,22.850347803762762,809.3456956075255,717.9443043924745,719275.0
SWBBL,2023-11-27,748.0,753.0,730.0,740.0,0.28 %,3235.0,2391436.6,0.0028459140804988348,0.0028418721338945995,729.1800000000001,760.8700000000001,747.2154181873701,759.9851939503229,43.30168297152615,-12.769775762952804,-9.708515472298211,23.55875487136085,760.8700000000001,22.13708724279415,805.1441744855885,716.5958255144118,722510.0
SWBBL,2023-11-28,730.0,730.0,726.0,730.0,-1.35 %,2547.0,1851592.8,-0.013513513513513487,-0.013605652055778598,732.58,759.3700000000001,744.5668923123901,757.7640684725212,40.66273402420962,-13.197176160131107,-10.40624760986479,22.875986666263646,759.3700000000001,23.19047218182843,805.750944363657,712.9890556363432,719963.0
SWBBL,2023-11-29,730.0,734.0,718.1,722.3,-1.05 %,3019.0,2187657.8,-0.010547945205479525,-0.01060396908563576,731.04,756.585,741.1412165720225,755.1371004375196,38.70665128475395,-13.995883865497149,-11.124174860991264,22.37770190438767,756.585,24.159715818636194,804.9044316372724,708.2655683627277,716944.0
SWBBL,2023-11-30,720.0,730.0,716.3,720.0,-0.32 %,3974.0,2862122.2,-0.0031842724629654873,-0.0031893530467000924,730.04,753.085,737.8887217147883,752.5343522569626,38.116818265558564,-14.645630542174331,-11.828465997227879,21.75786605407427,753.085,24.134541200603692,801.3540824012074,704.8159175987927,712970.0
SWBBL,2023-12-03,720.0,720.0,705.6,718.0,-0.28 %,5481.0,3901986.5,-0.002777777777777768,-0.0027816429618768026,726.06,749.8399999999999,734.8289183740516,749.9762520897802,37.580536171963416,-15.147333715728678,-12.49223954092804,21.232304193068966,749.8399999999999,24.277418574632364,798.3948371492646,701.2851628507352,707489.0
SWBBL,2023-12-04,725.0,725.0,715.0,716.0,-0.28 %,913.0,654553.9,-0.0027855153203342198,-0.0027894020875785254,721.26,747.1899999999999,731.9321617011205,747.4594926757225,37.01962593767524,-15.52733097460191,-13.099257827662814,20.4299967507069,747.1899999999999,24.958974759973692,797.1079495199473,697.2720504800526,706576.0
SWBBL,2023-12-05,716.0,725.0,712.5,725.0,1.26 %,3635.0,2602507.6,0.012569832402234526,0.012491487894029053,720.26,743.6899999999999,730.8656752855635,745.7958265515948,41.26781418546149,-14.930151266031316,-13.465436515336517,19.863568411370693,743.6899999999999,22.70828506388692,789.1065701277738,698.2734298722261,710211.0
SWBBL,2023-12-06,712.1,725.5,711.4,714.0,-1.52 %,1512.0,1081350.3,-0.015172413793103412,-0.015288692515090354,718.6,740.4350000000001,728.2709560108614,743.4405801403656,37.90267353103321,-15.1696241295042,-13.806274038170054,19.451884953415647,740.4350000000001,22.020786233290593,784.4765724665813,696.3934275334188,708699.0
SWBBL,2023-12-07,714.0,742.0,714.0,720.1,0.85 %,8114.0,5907952.2,0.008543417366946748,0.008507128915236707,718.6200000000001,737.885,727.0138858553441,741.7116482781163,40.78627963724971,-14.697762422772144,-13.984571715090473,20.062464599600244,737.885,21.22127222278103,780.327544445562,695.442455554438,716813.0
SWBBL,2023-12-10,653.7,693.0,653.7,689.0,7.51 %,270.0,184154.0,-0.043188446049159834,-0.04414882024116255,712.82,733.835,721.1655957237527,737.8070817389965,32.49996887752657,-16.6414860152438,-14.515954575121139,23.372288556771654,733.835,22.462630370784748,778.7602607415695,688.9097392584306,716543.0
SWBBL,2023-12-11,702.7,703.0,667.0,679.9,-1.32 %,12058.0,8225388.7,-0.013207547169811318,-0.013295542481244614,705.6,730.08,714.8170425354831,733.5176682768486,30.54452148537483,-18.700625741365457,-15.352888808370004,24.274267945573676,730.08,24.88484214210982,779.8496842842197,680.3103157157803,704485.0
SWBBL,2023-12-12,667.5,714.0,667.5,698.1,2.68 %,5500.0,3795287.0,0.026768642447418722,0.026416630443941772,700.22,726.985,712.2451898377165,730.8941372933783,38.512768838122824,-18.64894745566187,-16.012100537828378,25.861820235175557,726.985,24.8169991615656,776.6189983231312,677.3510016768688,709985.0
SWBBL,2023-12-13,685.0,729.3,685.0,709.0,1.56 %,7037.0,4976335.7,0.015613808909898275,0.01549316755577174,699.22,723.835,711.7459298626832,729.2723493457206,42.74899563132565,-17.526419483037444,-16.31496432687019,27.178833075520156,723.835,22.711515164546235,769.2580303290925,678.4119696709075,717022.0
SWBBL,2023-12-14,695.0,710.0,690.0,709.0,0.00 %,6947.0,4869406.9,0.0,0.0,697.0,720.7850000000001,711.323479114578,727.7706938386301,42.74899563103465,-16.44721472405206,-16.341414406306562,26.666059284411574,720.7850000000001,20.13541721277771,761.0558344255555,680.5141655744446,717022.0
SWBBL,2023-12-17,700.0,722.9,699.0,722.9,1.96 %,7062.0,5015645.1,0.019605077574047947,0.019415373474123948,703.78,718.455,713.1044823277199,727.4099017024353,48.04312950796744,-14.30541937471537,-15.934215399988325,26.46848362123932,718.455,16.58472585229626,751.6244517045925,685.2855482954076,724084.0
SWBBL,2023-12-18,724.0,765.0,723.0,765.0,5.82 %,23173.0,17253319.5,0.0582376538940379,0.05660493382028438,720.8,719.21,721.0884081234553,730.1943534281808,60.08299716735015,-9.105945304725424,-14.568561380935744,27.585020505436514,719.21,18.342154497108858,755.8943089942178,682.5256910057823,747257.0
SWBBL,2023-12-19,765.0,775.0,749.7,770.0,0.65 %,6176.0,4681037.5,0.006535947712418277,0.006514681021193672,735.18,722.0600000000001,728.6132684121545,733.1429198409081,61.23200929657374,-4.529651428753596,-12.560779390499315,27.42180475504819,722.0600000000001,21.485451626525347,765.0309032530507,679.0890967469494,753433.0
SWBBL,2023-12-20,776.0,780.0,750.0,760.0,-1.30 %,11710.0,8933732.0,-0.012987012987012991,-0.013072081567352775,745.3799999999999,723.5600000000001,733.4419963487461,735.132333186026,57.65733922512792,-1.690336837279915,-10.386690879855434,27.605961558259033,723.5600000000001,23.058584427632596,769.6771688552652,677.4428311447349,741723.0
SWBBL,2023-12-21,770.0,770.0,750.2,755.0,-0.66 %,11814.0,8893844.5,-0.006578947368421018,-0.006600684031352024,754.5799999999999,725.0600000000001,736.7586122950929,736.6040122092834,55.90012417673249,0.154600085809534,-8.278432686722441,27.048392875526243,725.0600000000001,24.109037397359664,773.2780747947194,676.8419252052807,729909.0
SWBBL,2023-12-24,742.0,753.2,740.2,740.2,-1.96 %,18011.0,13410022.9,-0.019602649006622452,-0.01979732929696904,758.0400000000001,725.175,737.2880565573863,736.8703816752624,50.95026172512723,0.4176748821239471,-6.539211172953164,26.17350767013151,725.175,24.178891947445237,773.5327838948904,676.8172161051095,711898.0
SWBBL,2023-12-27,755.0,755.0,730.0,731.0,-1.24 %,4752.0,3492415.9,-0.012429073223453213,-0.01250696020227719,751.24,724.725,736.3206632408653,736.4355385882059,48.09906125563487,-0.11487534734055771,-5.254344007830643,26.089685693693546,724.725,23.971317839537623,772.6676356790753,676.7823643209248,707146.0
SWBBL,2023-12-28,720.1,734.8,717.0,734.8,0.52 %,6934.0,5062924.0,0.005198358413132542,0.005184893591191931,744.2,724.9649999999999,736.086715049963,736.3143875816721,49.35960769085123,-0.22767253170911772,-4.249009712606338,25.497565287001148,724.9649999999999,24.05080751496767,773.0666150299353,676.8633849700645,714080.0
SWBBL,2024-01-01,730.0,740.0,730.0,730.6,-0.57 %,4293.0,3154072.4,-0.005715841045182302,-0.005732238979788399,738.32,725.38,735.2426050422764,735.8910996126593,47.972760153972956,-0.6484945703829226,-3.5289066841616554,24.39059633792964,725.38,24.07399995225067,773.5279999045014,677.2320000954986,709787.0
SWBBL,2024-01-02,717.0,723.0,716.7,718.0,-1.72 %,23600.0,16989286.6,-0.017246099096632883,-0.017396545312957923,730.9200000000001,725.28,732.5898965742339,734.5658329746846,43.98046387512489,-1.9759364004506779,-3.21831262741946,23.641268028077523,725.28,24.101661877968382,773.4833237559367,677.0766762440633,686187.0
SWBBL,2024-01-03,717.0,725.0,712.0,725.0,0.97 %,2120.0,1515910.0,0.009749303621169991,0.009702085806450668,727.8799999999999,725.63,731.4222201781979,733.8572527543375,46.637377292034486,-2.4350325761396334,-3.0616566171634947,22.881177454643414,725.63,24.041129232080433,773.7122584641609,677.5477415358391,688307.0
SWBBL,2024-01-04,735.0,739.5,712.6,712.6,-1.71 %,5388.0,3953092.1,-0.017103448275862076,-0.01725140168293911,724.2,725.46,728.5264939969367,732.2826414392014,42.76780321185376,-3.756147442264705,-3.2005547821837372,23.16823620788317,725.46,24.12468489057183,773.7093697811437,677.2106302188564,682919.0
SWBBL,2024-01-07,719.9,719.9,705.7,710.5,-0.29 %,3993.0,2828023.8,-0.0029469548133596035,-0.0029513056345804208,719.34,724.735,725.7531872281772,730.669112443705,42.13026599793485,-4.91592521552775,-3.54362886885254,22.52764790732008,724.735,24.356005960184756,773.4470119203695,676.0229880796305,678926.0
SWBBL,2024-01-08,715.0,780.0,713.0,780.0,9.78 %,7904.0,5703613.8,0.09781843771991561,0.09332497214648214,729.22,728.0350000000001,734.0988507315345,734.3232522626897,62.208723681555846,-0.2244015311551948,-2.879783401313071,25.882815913940075,728.0350000000001,27.137336389787738,782.3096727795755,673.7603272204246,686830.0
SWBBL,2024-01-09,765.0,795.6,748.0,749.0,-3.97 %,7825.0,5967331.9,-0.03974358974358971,-0.040554936166417914,735.4200000000001,729.48,736.3913352343754,735.4104187617498,53.321908970399726,0.9809164726256085,-2.1076434265253354,27.434043348658644,729.48,27.46008778335049,784.400175566701,674.559824433299,679005.0
SWBBL,2024-01-10,763.9,770.0,746.0,756.0,0.93 %,3703.0,2806935.0,0.009345794392523255,0.00930239266231341,741.6200000000001,732.83,739.4080528906254,736.9355729275461,54.88901427477593,2.4724799630793086,-1.1916187486044065,27.188754538040172,732.83,26.325195056323277,785.4803901126465,680.1796098873535,682708.0
SWBBL,2024-01-11,752.0,752.9,735.0,737.7,-2.42 %,7019.0,5202758.0,-0.02420634920634912,-0.024504138289276337,746.64,735.72,739.1452755228369,736.9921971551353,50.14894560392691,2.153078367701596,-0.522679325343206,26.746700642465875,735.72,23.19527175084445,782.1105435016889,689.3294564983112,675689.0
SWBBL,2024-01-14,750.0,780.0,750.0,755.3,2.39 %,2682.0,2045303.0,0.02385793683068993,0.023577783429145655,755.6,738.58,741.6306177500928,738.3483306991993,54.24169706715784,3.282287050893501,0.23831394990413546,27.857650596575454,738.58,21.796803242573738,782.1736064851475,694.9863935148526,678371.0
SWBBL,2024-01-16,755.0,785.8,755.0,785.8,4.04 %,13184.0,10243248.8,0.0403813054415465,0.0395872858049572,756.76,742.42,748.4259073270016,741.8632691659252,60.321240494158175,6.562638161076393,1.5031787921385869,28.067818411105776,742.42,23.040869866977353,788.5017397339547,696.3382602660453,691555.0
SWBBL,2024-01-17,799.9,831.3,784.0,796.0,1.30 %,25997.0,20857720.5,0.01298040213794871,0.012896878720023746,766.16,746.77,755.7449985074629,745.8733973758566,62.13318482902637,9.871601131606326,3.176863260032135,29.44154566745536,746.77,24.561653896300356,795.8933077926007,697.6466922073993,717552.0
SWBBL,2024-01-18,780.8,821.9,780.8,801.7,0.72 %,25482.0,20324465.0,0.007160804020100553,0.007135287204522974,775.3,750.71,762.8149987370841,750.0087012739413,63.146001284729785,12.806297463142869,5.102750100654282,30.274292405494265,750.71,26.753531985525317,804.2170639710507,697.2029360289494,743034.0
SWBBL,2024-01-21,797.0,826.2,796.0,801.0,-0.09 %,25741.0,20898441.3,-0.0008731445677935268,-0.000873525980546805,787.96,752.51,768.6896143159943,753.7858345129087,62.923418206404655,14.903779803085627,7.062956041140551,30.26898580510182,752.51,28.891227953270924,810.2924559065418,694.7275440934582,717293.0
SWBBL,2024-01-22,815.0,815.0,787.2,788.0,-1.62 %,27766.0,22294941.3,-0.01622971285892638,-0.016362857210480135,794.5,753.4100000000001,771.6604428827644,756.320217141582,58.77958023488802,15.340225741182394,8.71840998114892,30.092629676165977,753.4100000000001,29.7328437929551,812.8756875859103,693.9443124140898,689527.0
SWBBL,2024-01-23,803.0,803.0,780.1,787.0,-0.13 %,8531.0,6707287.5,-0.0012690355329949554,-0.00126984144047593,794.74,754.76,774.0203747469545,758.592793649613,58.46065019184651,15.427581097341545,10.060244204387445,29.578870413582692,754.76,30.646720439558546,816.053440879117,693.466559120883,680996.0
SWBBL,2024-01-24,802.0,806.0,775.0,775.0,-1.52 %,18754.0,14787378.2,-0.015247776365946653,-0.015365219064056253,790.5400000000001,755.76,774.1710863243462,759.8081422681602,54.630052867332495,14.362944056186052,10.920784174747167,29.680379669755357,755.76,30.979456690819045,817.7189133816381,693.8010866183619,662242.0
SWBBL,2024-01-25,778.0,778.0,759.5,764.7,-1.33 %,4445.0,3393993.0,-0.013290322580645109,-0.013379429303167493,783.14,756.9849999999999,772.7139961206007,760.1705021001483,51.51018208527935,12.543494020452385,11.24532614388821,28.88178112191569,756.9849999999999,30.815755966805032,818.61651193361,695.3534880663898,657797.0
SWBBL,2024-01-28,774.0,775.0,761.0,774.0,1.22 %,9735.0,7456253.8,0.012161632012553936,0.012088273539547658,777.74,759.135,772.9118428712775,761.1949093519892,54.0612085211989,11.716933519288318,11.339647618968232,27.81879675606457,759.135,30.404678916511664,819.9443578330233,698.3256421669766,667532.0
SWBBL,2024-01-29,788.0,800.0,762.2,762.2,-1.52 %,1625.0,1258977.9,-0.015245478036175597,-0.01536288514996716,772.58,760.505,771.2638670449271,761.2693605111011,50.43556549020538,9.994506533825984,11.070619401939783,28.531739844917098,760.505,29.862940860843732,820.2308817216874,700.7791182783126,665907.0
SWBBL,2024-01-30,770.0,770.0,760.0,764.0,0.24 %,9187.0,7002638.1,0.0023615848858566935,0.0023588007267606142,767.98,762.175,770.1463490380153,761.4716301028715,50.975680255263576,8.674718935143801,10.591439308580586,27.208044141708736,762.175,29.024705901140408,820.2244118022808,704.1255881977191,675094.0
SWBBL,2024-01-31,762.0,765.0,745.0,754.0,-1.31 %,9008.0,6763298.2,-0.01308900523560208,-0.013175421158564404,763.78,763.975,767.662295339859,760.9181760211773,47.85563322896941,6.744119318681783,9.821975310600825,26.693183845872397,763.975,27.19988148223561,818.3747629644713,709.5752370355287,666086.0
SWBBL,2024-02-01,756.0,756.0,733.4,735.1,-2.51 %,2256.0,1668173.3,-0.025066312997347406,-0.02538582362791405,757.86,764.48,762.6527114414192,759.0057185381271,42.5542680381009,3.64699290329213,8.586978829139086,26.40081357116723,764.48,26.52352679604065,817.5270535920813,711.4329464079187,663830.0
SWBBL,2024-02-04,722.0,745.0,722.0,740.0,0.67 %,2709.0,1994984.7,0.006665759760576817,0.006643641818173514,751.0600000000001,765.85,759.16767891197,757.5978875353028,44.27773273964992,1.56979137666724,7.1835413386447176,26.157898316083855,765.85,24.318771177734284,814.4875423554686,717.2124576445315,666539.0
SWBBL,2024-02-05,754.8,754.8,740.0,750.0,1.35 %,1290.0,959245.0,0.013513513513513598,0.01342302033214077,748.62,767.825,757.7572667716669,757.0350810512062,47.724644932088665,0.7221857204606295,5.8912702150079,25.346619864935004,767.825,20.958904024560898,809.7428080491219,725.9071919508782,667829.0
SWBBL,2024-02-06,735.0,754.0,721.0,752.0,0.27 %,9721.0,7227333.8,0.002666666666666595,0.0026631174194836284,746.22,766.425,756.8715334221797,756.6621120844502,48.41197449836671,0.2094213377295091,4.754900439552221,25.893289874582504,766.425,21.037857480847794,808.5007149616955,724.3492850383044,677550.0
SWBBL,2024-02-07,751.9,751.9,735.2,735.2,-2.23 %,9365.0,6933582.5,-0.022340425531914843,-0.022593752908362477,742.46,765.7349999999999,753.537451357229,755.0723260041206,43.26588223691537,-1.5348746468915806,3.496945422263461,25.243769169255177,765.7349999999999,21.850069854525252,809.4351397090504,722.0348602909494,668185.0
SWBBL,2024-02-08,735.0,749.0,735.0,749.0,1.88 %,8174.0,6057229.2,0.018770402611534287,0.018596412475742195,745.24,765.385,752.8393819176554,754.6225240778895,48.1422138580791,-1.7831421602340924,2.4409279057639504,24.440642800022665,765.385,22.069180105803117,809.5233602116062,721.2466397883937,676359.0
SWBBL,2024-02-11,750.0,759.0,741.1,755.1,0.81 %,18368.0,13872810.2,0.008144192256341887,0.008111207292160494,748.26,766.255,753.1871693149392,754.6578926647124,50.18058373830232,-1.470723349773266,1.658597654656507,23.973454028592474,766.255,21.248045730948206,808.7510914618964,723.7589085381036,694727.0
SWBBL,2024-02-12,743.0,760.0,743.0,760.0,0.65 %,16246.0,12275163.1,0.0064892067275856835,0.0064682424709968205,750.26,766.49,754.2352971126409,755.0536043191782,51.81889605359929,-0.8183072065373835,1.1632166824177292,23.4753501694073,766.49,21.146255112411726,808.7825102248235,724.1974897751766,710973.0
SWBBL,2024-02-13,750.1,750.2,740.1,742.0,-2.37 %,11676.0,8698181.6,-0.023684210526315752,-0.023969190112996277,748.26,764.3,752.3529437106962,754.0866706659058,45.85359263779365,-1.7337269552095904,0.5838279548922654,23.219968014449634,764.3,21.308609577383102,806.9172191547661,721.6827808452338,699297.0
SWBBL,2024-02-14,744.0,752.0,737.0,750.0,1.08 %,3341.0,2489512.0,0.010781671159029615,0.010723963362975642,751.22,762.0,751.9909523705891,753.7839543202831,48.68122428679499,-1.7930019496940304,0.10846197397500618,22.632827441988947,762.0,20.15842516863056,802.3168503372611,721.6831496627389,702638.0
SWBBL,2024-02-15,750.0,765.0,738.5,738.5,-1.53 %,4268.0,3217079.4,-0.01533333333333331,-0.01545210455892161,749.1200000000001,758.8399999999999,749.9154212366523,752.6518095558176,45.04002578805082,-2.7363883191653713,-0.46050808465306936,22.90905405327545,758.8399999999999,18.492285732032215,795.8245714640643,721.8554285359355,698370.0
SWBBL,2024-02-18,739.0,739.0,728.0,730.0,-1.15 %,8453.0,6187037.4,-0.011509817197021044,-0.011576567828997734,744.1,755.29,746.8515102771673,750.9738977368681,42.50914877957547,-4.1223874597008034,-1.1928839596626162,22.05840733518435,755.29,16.701021084933533,788.692042169867,721.8879578301329,689917.0
SWBBL,2024-02-20,720.2,733.0,720.2,724.0,-0.82 %,1868.0,1360659.6,-0.008219178082191747,-0.008253141756720414,736.9,752.0899999999999,743.3358933114492,748.9758312378409,40.76771952283401,-5.639937926391667,-2.0822947530084264,21.397092525528322,752.0899999999999,16.228431840947913,784.5468636818957,719.6331363181041,688049.0
SWBBL,2024-02-21,717.0,729.0,717.0,728.0,0.55 %,3849.0,2786851.1,0.005524861878453136,0.0055096558109697,734.1,749.14,740.9765251096878,747.4220659609639,42.460054378048284,-6.445540851276064,-2.954943972661954,20.725871630847728,749.14,14.85269424488811,778.8453884897762,719.4346115102238,691898.0
SWBBL,2024-02-22,728.0,730.0,721.2,722.0,-0.82 %,9145.0,6658682.0,-0.008241758241758212,-0.00827590930385971,728.5,746.49,738.0570597081974,745.5389499638555,40.58683362959343,-7.481890255658186,-3.860333229261201,19.874023657215744,746.49,14.723482855113097,775.9369657102262,717.0430342897738,682753.0
SWBBL,2024-02-25,720.0,720.0,701.1,708.5,-1.87 %,5068.0,3605122.0,-0.018698060941828243,-0.01887507976209109,722.5,743.6800000000001,733.50981975309,742.795324040607,36.667135689869106,-9.285504287517028,-4.945367440912367,19.94730768170033,743.6800000000001,16.33941311886898,776.3588262377381,711.001173762262,677685.0
SWBBL,2024-02-26,700.0,708.5,700.0,707.0,-0.21 %,3923.0,2760622.9,-0.0021171489061396764,-0.0021193932341623156,717.9,740.33,729.4313859449223,740.1438185561176,36.248248928318745,-10.712432611195254,-6.098780474968945,19.129642847293166,740.33,16.661051335238145,773.6521026704763,707.0078973295238,673762.0
SWBBL,2024-02-27,693.1,715.0,693.1,705.1,-0.27 %,3392.0,2385487.1,-0.002687411598302658,-0.0026910291715778268,714.12,737.475,725.6880957995496,737.5479801445533,35.69203988675645,-11.859884345003707,-7.251001248975898,19.327525501057938,737.475,17.58297247535733,772.6409449507147,702.3090550492853,670370.0
SWBBL,2024-02-28,700.0,711.0,698.0,710.0,0.69 %,2938.0,2062410.4,0.00694936888384623,0.0069253333103661725,710.52,734.775,723.2745425996189,735.5073890227346,38.320602332420705,-12.232846423115689,-8.247370283803857,18.875559393839513,734.775,17.44096433281982,769.6569286656396,699.8930713343603,673308.0
SWBBL,2024-02-29,700.0,700.1,697.2,699.0,-1.55 %,2894.0,2021067.3,-0.015492957746478853,-0.015614227801550827,705.92,732.025,719.5399975842929,732.8031379840136,34.87439403389311,-13.263140399720669,-9.25052430698722,18.44159086570812,732.025,18.5508653512388,769.1267307024776,694.9232692975223,670414.0
SWBBL,2024-03-03,688.0,697.8,674.8,680.0,-2.72 %,3214.0,2184150.0,-0.027181688125894166,-0.027557944063657906,700.22,729.27,713.4569210328632,728.8917944296421,29.876524929903823,-15.434873396778926,-10.487394124945562,18.852905803871828,729.27,21.865500343688435,773.0010006873769,685.5389993126231,667200.0
SWBBL,2024-03-04,693.6,707.4,693.6,707.4,4.03 %,65.0,45222.0,0.040294117647058814,0.039503478601227854,700.3,727.64,712.5250870278072,727.299809657076,42.64240561609631,-14.774722629268808,-11.344859825810211,19.463412532166696,727.64,22.235495568450986,772.1109911369019,683.169008863098,667265.0
SWBBL,2024-03-05,721.5,721.5,685.1,685.1,-3.15 %,7308.0,5038032.3,-0.03152389030251623,-0.03203146376252684,696.3,724.395,708.305842869683,724.173897830626,36.77461661839134,-15.868054960942914,-12.249498852836751,20.673168779869073,724.395,23.500290592065042,771.39558118413,677.3944188158699,659957.0
SWBBL,2024-03-06,681.0,706.0,670.0,699.0,2.03 %,30254.0,20644045.3,0.02028900890380969,0.020085929224956906,694.1,721.745,706.8741747358856,722.3091646579869,42.12086851976616,-15.434989922101295,-12.886597066689662,21.76794243844985,721.745,23.210058505016363,768.1651170100328,675.3248829899673,690211.0
SWBBL,2024-03-07,712.0,712.9,673.0,701.0,0.29 %,19709.0,13568613.7,0.0028612303290413976,0.002857144800779744,694.5,720.0350000000001,705.9704555457494,720.7307080166545,42.8694281399833,-14.76025247090513,-13.261328147532756,23.063089407132,720.0350000000001,23.425430963086065,766.8858619261722,673.184138073828,709920.0
SWBBL,2024-03-10,715.0,741.0,714.0,734.0,4.71 %,11090.0,8122104.9,0.04707560627674745,0.046001141579925436,705.3,719.2850000000001,710.2826931540956,721.7136185339393,53.54528652081934,-11.430925379843757,-12.895247593994958,24.272868735194002,719.2850000000001,22.677447062665767,764.6398941253316,673.9301058746686,721010.0
SWBBL,2024-03-12,748.5,778.0,748.5,770.0,4.90 %,23963.0,18458379.5,0.04904632152588562,0.047881486233214005,717.8199999999999,720.03,719.4699711303886,725.2903875314254,61.90790582231375,-5.820416401036823,-11.480281355403331,25.681949539823,720.03,24.1151426551865,768.260285310373,671.799714689627,744973.0
SWBBL,2024-03-13,770.0,785.3,759.1,768.9,-0.14 %,10200.0,7863504.7,-0.0014285714285714457,-0.0014295928095944335,734.58,720.475,727.0745909564826,728.5207291957643,61.54334624257817,-1.4461382392817086,-9.473452732179007,25.718953144121354,720.475,24.958889883713898,770.3927797674278,670.5572202325723,734773.0
SWBBL,2024-03-14,770.0,770.0,746.7,747.0,-2.85 %,6193.0,4704073.1,-0.028482247366367508,-0.02889573690531778,744.1800000000001,720.725,730.1400385016391,729.8895640701521,54.644097939853076,0.250474431486964,-7.5286672994458135,25.54617077668411,720.725,25.209623789255023,771.1442475785101,670.30575242149,728580.0
SWBBL,2024-03-17,747.0,774.0,735.1,761.0,1.87 %,15143.0,11497475.4,0.018741633199464536,0.01856817272886854,756.1800000000001,721.275,734.8877248860023,732.1940408056963,57.89374287690477,2.6936840803059567,-5.48419702349546,26.500015721206672,721.275,25.989853789831447,773.2547075796629,669.2952924203371,743723.0
SWBBL,2024-03-18,770.0,770.0,756.0,760.0,-0.13 %,1956.0,1491552.3,-0.0013140604467805073,-0.0013149245813090288,761.38,722.35,738.7511518266173,734.2537414867559,57.57641852801119,4.497410339861403,-3.487875550824087,25.607157455406195,722.35,27.158201242969675,776.6664024859393,668.0335975140607,741767.0
SWBBL,2024-03-19,762.0,790.0,761.0,778.0,2.37 %,7834.0,6053917.7,0.023684210526315752,0.023408090898014804,762.98,724.75,744.7894361609839,737.4942050803296,61.650999959868095,7.2952310806542755,-1.3312542245284145,25.92093192287718,724.75,29.856666363352513,784.4633327267051,665.0366672732949,749601.0
SWBBL,2024-03-20,793.0,813.7,774.1,789.0,1.41 %,39966.0,31631703.2,0.014138817480719768,0.014039796667482615,767.0,728.0,751.5910613669863,741.3094491484534,63.93090017372515,10.281612218532928,0.9913190640838538,26.89800821410024,728.0,33.12912536402253,794.258250728045,661.741749271955,789567.0
SWBBL,2024-03-21,780.0,780.0,760.0,765.0,-3.04 %,4328.0,3326654.7,-0.03041825095057038,-0.030890487019338445,770.6,729.85,753.6539750028346,743.0643047670865,56.09499536190635,10.589670235748144,2.910989298416712,27.04815048452165,729.85,34.146580317582156,798.1431606351643,661.5568393648357,785239.0
SWBBL,2024-03-25,753.0,765.0,750.0,754.0,-1.44 %,5264.0,3964209.7,-0.01437908496732021,-0.014483465818579714,769.2,731.45,753.7072096177832,743.8743562658208,52.89493238477251,9.832853351962399,4.29536210912585,26.18756830705582,731.45,34.50719985918741,800.4643997183748,662.4356002816253,779975.0
SWBBL,2024-03-26,745.0,781.9,740.0,743.0,-1.46 %,1829.0,1362925.0,-0.01458885941644561,-0.014696323290196893,765.8,733.175,752.0599465996627,743.8095891350192,49.83339499623676,8.250357464643457,5.086361180229371,27.309884856551832,733.175,34.16013181004676,801.4952636200935,664.8547363799064,778146.0
SWBBL,2024-03-27,740.0,757.8,740.0,748.6,0.75 %,3481.0,2597464.0,0.00753701211305513,0.007508750752569376,759.92,735.255,751.5276471227916,744.1644343842771,51.376349386321486,7.363212738514449,5.541731491886387,26.630607366798127,735.255,33.74646141318096,802.7479228263619,667.7620771736381,781627.0
SWBBL,2024-03-28,735.2,750.0,735.2,749.0,0.05 %,2074.0,1537898.6,0.0005343307507346129,0.0005341880468907944,751.92,737.45,751.1387783346698,744.5226244298863,51.49111619496782,6.616153904783573,5.7566159744658245,25.7855639834554,737.45,33.10341849123759,803.6568369824752,671.2431630175249,783701.0
SWBBL,2024-03-31,740.1,747.0,730.3,739.0,-1.34 %,5206.0,3837819.0,-0.013351134846461998,-0.013441062569017753,746.72,738.9,749.2712739754899,744.1135411387836,48.41452953671542,5.157732836706259,5.636839346913912,25.27945227035145,738.9,32.46677654101005,803.8335530820201,673.9664469179799,778495.0
SWBBL,2024-04-01,732.0,740.0,731.1,738.0,-0.14 %,2277.0,1673907.1,-0.0013531799729363803,-0.0013540963477292579,743.52,740.85,747.5372318254146,743.6606862396144,48.104993165376186,3.8765455858001587,5.284780594691162,24.109491393897773,740.85,31.086035111667847,803.0220702233357,678.6779297766643,776218.0
SWBBL,2024-04-02,736.0,764.8,736.0,755.0,2.30 %,6152.0,4614701.7,0.023035230352303593,0.022773924648552275,745.92,744.6,748.6853500061201,744.5006354070504,53.542786888340466,4.184714599069707,5.0647673955668715,24.44452772290507,744.6,27.698318398806727,799.9966367976135,689.2033632023865,782370.0
SWBBL,2024-04-03,750.1,769.9,750.1,764.8,1.30 %,4981.0,3802561.3,0.012980132450331139,0.01289661248816684,749.1600000000001,747.47,751.1645269282554,746.0042920435651,56.38032325345837,5.16023488469034,5.083860893391565,24.112775742697565,747.47,26.592640454308995,800.655280908618,694.284719091382,787351.0
SWBBL,2024-04-04,774.0,795.0,760.0,772.0,0.94 %,27828.0,21658542.2,0.009414225941422716,0.009370188287584761,753.76,751.8149999999999,754.3699843239085,747.9299000403381,58.39110780353295,6.4400842835704,5.355105571427332,24.890434618219167,751.8149999999999,22.676588321681553,797.168176643363,706.4618233566368,815179.0
SWBBL,2024-04-07,786.8,786.8,761.0,772.0,0.00 %,10596.0,8240485.5,0.0,0.0,760.36,755.4649999999999,757.0822944279225,749.7128704077205,58.391107803130325,7.369424020202018,5.75796926118227,24.95540357406065,755.4649999999999,19.360683845453224,794.1863676909063,716.7436323090935,815179.0
SWBBL,2024-04-09,787.0,787.0,755.2,765.0,-0.91 %,3743.0,2851151.3,-0.0090673575129534,-0.009108716198240366,765.76,758.665,758.3004029774729,750.8452503775189,55.50602593375489,7.455152599953976,6.097405928936611,25.4443033187706,758.665,14.584717127883597,787.8344342557672,729.4955657442327,811436.0
SWBBL,2024-04-10,754.0,780.0,750.0,775.0,1.31 %,3177.0,2414869.5,0.013071895424836555,0.012987195526811112,769.76,760.7149999999999,760.8695717501695,752.6344910902953,58.649291164516775,8.235080659874143,6.524940875124118,25.7697102245727,760.7149999999999,13.795471225439357,788.3059424508787,733.1240575491212,814613.0
SWBBL,2024-04-14,760.0,775.0,755.1,764.9,-1.30 %,3116.0,2374998.6,-0.013032258064516133,-0.013117923025526652,769.78,760.46,761.4896376347589,753.543047305829,54.464270743561784,7.946590328929915,6.8092707658852785,25.350445208531795,760.46,13.661293766864148,787.7825875337284,733.1374124662717,811497.0
SWBBL,2024-04-15,764.9,772.0,750.0,754.9,-1.31 %,599.0,455120.9,-0.013073604392731086,-0.013159816182241197,766.3599999999999,759.76,760.4758472294113,753.6435623202119,50.613361318402674,6.832284909199416,6.813873594548107,25.111127693636668,759.76,13.564403881031081,786.8888077620621,732.6311922379379,810898.0
SWBBL,2024-04-16,745.0,758.1,741.0,744.8,-1.34 %,2755.0,2053178.5,-0.013379255530533873,-0.013469564182721876,760.9200000000001,759.65,758.0641784248866,752.9884836298259,46.99888624129943,5.075694795060713,6.466237834650629,24.538904286948334,759.65,13.681739656058143,787.0134793121163,732.2865206878837,808143.0
SWBBL,2024-04-18,733.0,738.0,724.0,733.9,-1.46 %,4081.0,2966919.9,-0.014634801288936572,-0.014742946411840142,754.7,758.295,754.3466125133655,751.5745218794683,43.39700323693225,2.7720906338971645,5.727408394499937,24.271839695023452,758.295,14.834400809759662,787.9638016195192,728.6261983804807,804062.0
SWBBL,2024-04-21,726.0,737.0,721.3,731.0,-0.40 %,1238.0,901740.1,-0.003951492028886783,-0.003959319801238626,745.9,756.845,750.7548259728477,750.0504832217299,42.464554864808896,0.7043427511177924,4.722795265823509,23.65956543109321,756.845,16.02824726982079,788.9014945396416,724.7885054603585,802824.0
SWBBL,2024-04-22,718.0,739.0,718.0,733.0,0.27 %,1836.0,1340890.8,0.002735978112175186,0.0027322421368730716,739.52,754.595,748.0233142847173,748.7874844645647,43.36829049933812,-0.7641701798473832,3.6254021766893305,23.46959647172941,754.595,16.060722767226693,786.7164455344534,722.4735544655466,804660.0
SWBBL,2024-04-24,744.0,744.0,715.5,724.9,-1.11 %,3527.0,2542351.3,-0.011050477489768062,-0.0111119875798194,733.52,751.39,744.4658813178378,747.0180411708933,40.58768176354895,-2.552159853055514,2.389889770740362,23.828911009463024,751.39,15.206712507292714,781.8034250145854,720.9765749854146,801133.0
SWBBL,2024-04-25,711.5,732.0,711.5,725.0,0.01 %,7482.0,5367409.5,0.0001379500620775076,0.0001379405478426768,729.5600000000001,749.39,741.4711303458628,745.3870751582346,40.63828446288974,-3.9159448123717766,1.1287228541179344,23.59113165164424,749.39,15.935458641708179,781.2609172834163,717.5190827165836,808615.0
SWBBL,2024-04-28,714.0,739.9,714.0,737.0,1.66 %,3335.0,2441337.0,0.016551724137930934,0.01641623733466173,730.1800000000001,748.54,740.7832641388069,744.7658103316987,46.52427792770442,-3.9825461928918457,0.1064690447159784,23.756050819383937,748.54,16.128836549404166,780.7976730988083,716.2823269011916,811950.0
SWBBL,2024-04-29,749.1,749.1,731.1,737.9,0.12 %,999.0,735472.1,0.0012211668928086006,0.0012204218749842734,731.5600000000001,748.2850000000001,740.3396850405289,744.2572317886099,46.949143633590374,-3.9175467480810084,-0.698334113843419,23.344904332285083,748.2850000000001,16.260810979178064,780.8066219583562,715.7633780416439,812949.0
SWBBL,2024-04-30,730.0,752.6,727.0,748.0,1.37 %,2700.0,2001680.4,0.013687491530017581,0.013594663910156247,734.5600000000001,748.255,741.5181950342937,744.5344738783425,51.59678664430889,-3.0162788440487702,-1.1619230598844892,23.505982594264722,748.255,16.260752718238976,780.7765054364779,715.7334945635221,815649.0
SWBBL,2024-05-02,762.5,775.0,737.0,756.0,1.07 %,16335.0,12465554.9,0.010695187165775444,0.010638398205055797,740.78,748.605,743.7461650290177,745.3837721095764,54.962433723977256,-1.6376070805587233,-1.257059864019336,24.541269551817244,748.605,16.352707003188538,781.3104140063771,715.899585993623,831984.0
SWBBL,2024-05-05,770.8,794.0,755.0,764.0,1.06 %,27996.0,21547922.6,0.010582010582010692,0.010526412986987603,748.58,749.855,746.862139639938,746.7627519533115,58.10000119531903,0.0993876866265282,-0.9857703538901633,25.574036012401727,749.855,16.534349413951453,782.923698827903,716.7863011720971,859980.0
SWBBL,2024-05-06,748.9,764.0,747.0,755.0,-1.18 %,3578.0,2689994.8,-0.011780104712041939,-0.011850039917495843,752.1800000000001,750.705,748.1141181568706,747.3729184752885,53.57789254782521,0.7411996815820885,-0.640376346795713,24.96160486865875,750.705,16.328517998162194,783.3620359963244,718.0479640036757,856402.0
SWBBL,2024-05-07,768.0,770.0,753.0,760.0,0.66 %,11928.0,9102341.3,0.0066225165562914245,0.006600684031352093,756.6,750.955,749.9427153635058,748.3082578474894,55.643438684166206,1.6344575160164823,-0.18540957423327392,24.392918806611696,750.955,16.435663245883692,783.8263264917674,718.0836735082327,868330.0
SWBBL,2024-05-08,775.0,780.0,762.5,780.0,2.63 %,11564.0,8947778.0,0.026315789473684292,0.025975486403260736,763.0,751.715,754.5669129998895,750.6557943032308,62.777822887782506,3.9111186966587184,0.6338960799451245,24.079138891853717,751.715,17.430864187758427,786.5767283755168,716.8532716244832,879894.0
SWBBL,2024-05-09,792.0,792.0,770.0,772.4,-0.97 %,14695.0,11382962.4,-0.009743589743589798,-0.0097913691292781,766.28,751.735,757.3104648460603,752.2664762066951,58.90088600685868,5.043988639365239,1.5159145918291475,23.930628971007025,751.735,17.45557594567526,786.6461518913505,716.8238481086495,865199.0
SWBBL,2024-05-12,760.7,772.4,758.1,763.0,-1.22 %,7677.0,5837403.8,-0.012169860176074576,-0.012244519269902375,766.0799999999999,751.2850000000001,758.1857779466663,753.0615520432361,54.42403956256319,5.124225903430215,2.237576854149361,23.242726901649377,751.2850000000001,17.016130892262577,785.3172617845253,717.2527382154749,857522.0
SWBBL,2024-05-13,774.9,774.9,755.1,770.0,0.92 %,4847.0,3701748.5,0.00917431192660545,0.009132483563272472,769.0799999999999,751.5350000000001,760.0033505702561,754.3162518918854,57.04248989960412,5.687098678370717,2.9274812189936323,22.996817837245846,751.5350000000001,17.26317269783397,786.061345395668,717.0086546043322,862369.0
SWBBL,2024-05-14,770.0,815.0,768.4,806.0,4.68 %,91252.0,72959882.6,0.04675324675324677,0.04569322765889877,778.28,753.085,767.079758174832,758.1446776776717,67.41194791850032,8.935080497160357,4.129001074626977,24.682759420299714,753.085,20.558140275696488,794.201280551393,711.9687194486071,953621.0
SWBBL,2024-05-15,807.0,830.0,805.0,810.0,0.50 %,55024.0,44820860.5,0.00496277915632759,0.004950505159856205,784.28,755.3399999999999,773.682872301781,761.9858126645108,68.32680039539258,11.697059637270172,5.642612787155617,24.705419461706878,755.3399999999999,24.092069016377838,803.5241380327556,707.1558619672443,1008645.0
SWBBL,2024-05-16,800.0,845.0,800.0,834.0,2.96 %,64670.0,53548400.7,0.029629629629629672,0.02919915469226235,796.6,759.295,782.9624304091992,767.3201969115842,73.19003146286619,15.642233497615052,7.6425369292475045,26.155032357299245,759.295,29.826241978205676,818.9474839564114,699.6425160435886,1073315.0
SWBBL,2024-05-19,834.0,867.0,824.9,867.0,3.96 %,51221.0,42928729.6,0.03956834532374098,0.038805574421795073,817.4,765.405,795.8912872693223,774.7038860292446,78.15645236064401,21.187401240077747,10.351509791413555,27.29395861749216,765.405,38.07617676261846,841.5573535252369,689.2526464747631,1124536.0
SWBBL,2024-05-20,883.0,883.0,840.0,848.0,-2.19 %,37037.0,31612761.1,-0.021914648212226107,-0.022158340988638822,833.0,771.11,803.9080123048112,780.1332278048561,70.10422955007263,23.774784499955103,13.036164733121865,28.41581871624272,771.11,41.501133783056126,854.1122675661122,688.1077324338878,1087499.0
SWBBL,2024-05-21,840.0,870.0,830.2,870.0,2.59 %,29415.0,25151856.0,0.02594339622641506,0.0256125758567263,845.8,778.0600000000001,814.0760104117633,786.7900257452371,73.50771659073297,27.285984666526133,15.88612871980272,29.22897452222538,778.0600000000001,45.84235458285338,869.7447091657068,686.3752908342933,1116914.0
SWBBL,2024-05-22,856.0,870.0,843.0,843.0,-3.10 %,12127.0,10300909.2,-0.03103448275862064,-0.031526253646773895,852.4,783.5600000000001,818.5258549637997,790.9537275418862,63.89382913271221,27.57212742191348,18.223328460224874,29.069762056352136,783.5600000000001,46.74156721034196,877.0431344206839,690.0768655793162,1104787.0
SWBBL,2024-05-26,859.8,859.8,823.0,830.0,-1.54 %,31761.0,26716257.9,-0.01542111506524313,-0.015541257211211799,851.6,788.8149999999999,820.291108046292,793.846044020265,59.83600725464664,26.445064026027012,19.867675573385302,29.62192190946984,788.8149999999999,45.69583967029782,880.2066793405955,697.4233206594043,1073026.0
SWBBL,2024-05-27,835.0,837.0,823.1,825.0,-0.60 %,7996.0,6623032.0,-0.0060240963855421326,-0.006042314455962586,843.2,793.8149999999999,821.015552962247,796.1537444632083,58.302339175820684,24.861808499038716,20.866502158515985,28.49892748736485,793.8149999999999,43.77639684885244,881.3677936977049,706.262206302295,1065030.0
SWBBL,2024-05-29,825.0,835.0,809.2,809.2,-1.92 %,18569.0,15200619.6,-0.01915151515151514,-0.019337281041090573,835.4400000000002,797.425,819.1977755834398,797.1201337622299,53.62491104769424,22.07764182120991,21.10873009105477,28.30614695255307,797.425,41.77584135679565,880.9766827135912,713.8733172864087,1046461.0
SWBBL,2024-05-30,800.0,815.0,795.2,805.0,-0.52 %,17051.0,13706224.7,-0.005190311418685201,-0.00520382787502711,822.4400000000002,800.78,817.0135024167568,797.7038275576203,52.42097579546892,19.309674859136408,20.748919044671098,27.698565027370705,800.78,39.3688575829156,879.5177151658312,722.0422848341688,1029410.0
SWBBL,2024-06-02,792.2,821.0,781.0,810.0,0.62 %,10052.0,8042764.6,0.006211180124223503,0.00619197024792098,815.84,803.8799999999999,815.9345020449481,798.6146551459448,53.75214582279111,17.319846899003323,20.063104615537544,28.577238953987084,803.8799999999999,37.38513073422933,878.6502614684586,729.1097385315412,1039462.0
SWBBL,2024-06-03,810.0,843.0,801.4,820.0,1.23 %,8174.0,6646911.7,0.012345679012345734,0.012270092591814401,813.8399999999999,807.0799999999999,816.5599632688022,800.1987547647637,56.380668248130114,16.361208504038473,19.32272539323773,29.507436171559437,807.0799999999999,35.775522358385835,878.6310447167716,735.5289552832282,1047636.0
SWBBL,2024-06-04,828.8,836.4,826.0,833.0,1.59 %,29230.0,24284017.4,0.01585365853658538,0.015729301908543908,815.4399999999999,810.53,819.0891996889865,802.6284766340405,59.59563455441792,16.460723054946016,18.75032492557939,28.571190730733765,810.53,34.713702739840976,879.9574054796819,741.102594520318,1076866.0
SWBBL,2024-06-05,849.6,851.0,828.1,851.0,2.16 %,29367.0,24719563.5,0.021608643457383003,0.021378486406531495,823.8,815.3299999999999,823.9985535829885,806.2115524389263,63.59650372699971,17.787001144062174,18.557660169275948,28.166105678538493,815.3299999999999,33.236965787389,881.803931574778,748.8560684252219,1106233.0
SWBBL,2024-06-06,860.0,896.0,851.5,880.0,3.41 %,90061.0,78703750.5,0.034077555816686145,0.03350977889887792,838.8,821.3299999999999,832.6141607240671,811.6773633693763,68.93383207847401,20.93679735469084,19.03348760635893,29.36852670150003,821.3299999999999,33.55280363239518,888.4356072647903,754.2243927352096,1196294.0
SWBBL,2024-06-09,880.0,890.0,870.0,876.0,-0.45 %,43133.0,37844018.3,-0.004545454545454519,-0.004555816535860691,852.0,826.1299999999999,839.2889052280568,816.4420031197928,67.46455679234725,22.846902108263976,19.79617050673994,28.699346222821458,826.1299999999999,34.18976608984333,894.5095321796865,757.7504678203132,1153161.0
SWBBL,2024-06-10,893.0,909.9,876.0,905.0,3.31 %,82699.0,74077572.8,0.033105022831050324,0.03256885276353477,869.0,832.76,849.3983044237405,823.001854740549,72.10646912429536,26.396449683191463,21.116226342030245,29.070821492619924,832.76,36.029438256342026,904.818876512684,760.701123487316,1235860.0
SWBBL,2024-06-11,923.0,923.0,896.0,900.0,-0.55 %,47400.0,42917034.7,-0.0055248618784530246,-0.005540180375615356,882.4,839.61,857.1831806662419,828.7054210560639,70.2455991942735,28.477759610178055,22.588532995659808,28.9229056717185,839.61,35.079307140941346,909.7686142818827,769.4513857181173,1188460.0
SWBBL,2024-06-12,905.0,910.0,894.0,903.0,0.33 %,44747.0,40408904.6,0.0033333333333334103,0.0033277900926747457,892.8,846.26,864.2319221022046,834.2087232000591,70.73362927485533,30.02319890214551,24.075466176956947,27.999840980881466,846.26,33.77081268622929,913.8016253724586,778.7183746275414,1233207.0
SWBBL,2024-06-13,919.0,919.0,902.0,903.3,0.03 %,53353.0,48420154.3,0.0003322259136211425,0.0003321707388122977,897.46,851.125,870.2423956249423,839.3265955556103,70.78523317035688,30.915800069332022,25.443532955431966,27.214138053675647,851.125,34.66244555125281,920.4498911025056,781.8001088974944,1286560.0
SWBBL,2024-06-16,900.0,900.0,883.0,883.0,-2.25 %,21061.0,18733292.3,-0.02247315399092209,-0.022729523551837737,898.86,854.775,872.2051039903358,842.561662551491,62.725556647266465,29.643441438844775,26.28351465211453,26.72027104984167,854.775,33.939976041517276,922.6549520830346,786.8950479169654,1265499.0
SWBBL,2024-06-18,875.0,890.0,875.0,877.2,-0.66 %,16215.0,14242609.3,-0.006568516421290971,-0.006590184060226801,893.3,856.9350000000001,872.9735495302841,845.1274653254546,60.60240297760379,27.84608420482948,26.596028562657523,25.88310883199584,856.9350000000001,33.92288895055022,924.7807779011005,789.0892220988997,1249284.0
SWBBL,2024-06-19,880.0,886.0,868.0,880.0,0.32 %,11477.0,10096597.2,0.0031919744642041614,0.003186890928518902,889.3,857.585,874.0545419102403,847.7106160420876,61.28371384535797,26.343925868152724,26.545608023756564,25.320029629710422,857.585,34.248876662543076,926.0827533250862,789.0872466749139,1260761.0
SWBBL,2024-06-20,880.0,890.0,871.0,874.0,-0.68 %,3862.0,3378828.1,-0.006818181818181834,-0.006841531816716712,883.5,858.885,874.0461508471265,849.6579778167478,58.931894865417405,24.388173030378653,26.114121025080983,24.868598941873966,858.885,34.359175209354454,927.6033504187089,790.166649581291,1256899.0
SWBBL,2024-06-23,871.0,875.0,855.0,860.3,-1.57 %,8073.0,6954854.5,-0.01567505720823803,-0.015799210028233063,874.9,858.4,871.9313584091069,850.4462757562479,53.85029032904655,21.485082652858978,25.188313350636584,24.520841874597252,858.4,34.262346987139196,926.9246939742784,789.8753060257216,1248826.0
SWBBL,2024-06-24,876.0,876.0,853.1,865.0,0.55 %,21232.0,18247164.8,0.0054632105079623905,0.005448341304576931,871.3,859.5,870.8649955769366,851.5243294039333,55.27511575958223,19.340666173003342,24.01878391510994,24.40506745498316,859.5,34.094651533229815,927.6893030664596,791.3106969335404,1270058.0
SWBBL,2024-06-25,877.0,882.0,860.1,862.0,-0.35 %,8695.0,7564881.6,-0.003468208092485603,-0.003474236268186278,868.26,861.1,869.5011501035618,852.3003050036419,54.12640691940357,17.20084509991989,22.65519615207193,24.22613406534151,861.1,33.38078552280805,927.8615710456161,794.338428954384,1261363.0
SWBBL,2024-06-26,879.0,879.0,861.5,866.0,0.46 %,12920.0,11201362.0,0.004640371229698292,0.004629637898741976,865.46,863.15,868.9625116260909,853.3150972255944,55.455626045753625,15.647414400496473,21.25363980175684,23.745695917817116,863.15,32.28818424934539,927.7263684986908,798.5736315013091,1274283.0
SWBBL,2024-06-27,860.0,860.0,848.7,857.0,-1.04 %,4486.0,3825149.1,-0.010392609699769073,-0.010446989964655387,862.0600000000001,865.54,867.1221252220769,853.5880529866615,51.817502033750706,13.534072235415351,19.709726288488547,23.285289066544465,865.54,29.75424604840641,925.0484920968128,806.0315079031872,1269797.0
SWBBL,2024-06-30,847.5,862.0,840.3,845.0,-1.40 %,8493.0,7175516.2,-0.014002333722287097,-0.014101291240605992,859.0,867.54,863.7187213417574,852.9519009135755,47.356476697802776,10.766820428181859,17.92114511642721,23.172054133219866,867.54,26.65351561710349,920.847031234207,814.232968765793,1261304.0
SWBBL,2024-07-01,836.6,849.0,836.6,843.2,-0.21 %,5597.0,4723291.9,-0.0021301775147928304,-0.0021324495700758977,854.64,869.2,860.561994981487,852.2295378829403,46.706922473074805,8.332457098546683,16.003407512851105,22.40262169513273,869.2,23.75783527294552,916.715670545891,821.684329454109,1255707.0
SWBBL,2024-07-02,860.0,892.0,855.0,857.1,1.65 %,9785.0,8454275.2,0.016484819734345235,0.016350420117739087,853.6600000000001,871.055,860.0293803689506,852.5903128545744,52.16352337914176,7.43906751437612,14.290539513156109,24.288148716908964,871.055,21.002768614826987,913.060537229654,829.0494627703459,1265492.0
SWBBL,2024-07-03,843.3,869.0,843.3,866.0,1.04 %,4203.0,3593624.3,0.010383852525959636,0.01033031065759808,853.6600000000001,872.7049999999999,860.947937235266,853.5836230134948,55.318112430638436,7.36431422177111,12.905294454879108,24.388995237129755,872.7049999999999,19.062403753366322,910.8298075067325,834.5801924932673,1269695.0
SWBBL,2024-07-04,880.0,880.0,862.5,869.0,0.35 %,21525.0,18783055.1,0.0034642032332563577,0.003458216702956889,856.0600000000001,873.6049999999999,862.1867161221481,854.7255768643471,56.362729496137476,7.461139257801051,11.816463415463497,23.896924148763347,873.6049999999999,18.39700991189721,910.3990198237943,836.8109801762055,1291220.0
SWBBL,2024-07-07,870.0,892.0,864.0,892.0,2.65 %,31640.0,27799558.2,0.026467203682393636,0.02612300731461742,865.46,874.2049999999999,866.7733751802791,857.4866452447659,63.42304921153604,9.286729935513222,11.310516719473444,24.19000099528025,874.2049999999999,18.807654517118184,911.8203090342363,836.5896909657636,1322860.0
SWBBL,2024-07-08,880.5,905.0,880.5,898.1,0.68 %,77777.0,69561687.6,0.006838565022421639,0.006815288096894785,876.4399999999999,875.3100000000001,871.5928559217747,860.4950418933017,65.03867705946448,11.097814028472953,11.267976181273347,24.212143781331662,875.3100000000001,19.55310986204912,914.4162197240983,836.2037802759019,1400637.0
SWBBL,2024-07-09,910.0,915.0,892.5,912.2,1.57 %,31405.0,28463269.9,0.01569981071150206,0.01557784360069601,887.46,875.6699999999998,877.8401088568862,864.3250387900943,68.50198406782465,13.515070066791964,11.71739495837707,24.08984779695083,875.6699999999998,20.184598088993464,916.0391961779868,835.3008038220129,1432042.0
SWBBL,2024-07-10,930.4,938.0,921.0,932.2,2.19 %,52369.0,48714762.6,0.021925016443762324,0.021688119661040502,900.7,877.28,886.2031690327499,869.3528136945317,72.64184295878395,16.85035533821815,12.743987034345288,24.212001525740053,877.28,23.275005794865304,923.8300115897306,830.7299884102694,1484411.0
SWBBL,2024-07-11,950.8,950.8,926.1,936.0,0.41 %,26763.0,25074089.5,0.004076378459557883,0.004068092538951326,914.1,878.93,893.8642199507883,874.2896423097517,73.35831992467065,19.574577641036626,14.110105155683557,24.24685855961576,878.93,26.182418769963217,931.2948375399263,826.5651624600736,1511174.0
SWBBL,2024-07-14,954.0,965.0,917.3,964.8,3.08 %,40704.0,38562070.8,0.03076923076923066,0.030305349495328843,928.6600000000001,882.0049999999999,904.7774168814362,880.9941132497701,78.05013443498706,23.783303631666172,16.044744850880083,25.922082948214637,882.0049999999999,32.130907812512795,946.2668156250255,817.7431843749742,1551878.0
SWBBL,2024-07-15,980.0,980.0,922.0,940.0,-2.57 %,26583.0,25045832.6,-0.025704809286898778,-0.026040950708871354,937.04,884.8549999999999,910.1962758227537,885.364919675713,67.09292793075332,24.83135614704065,17.802067110112198,28.21336273762788,884.8549999999999,34.652781084007486,954.1605621680148,815.549437831985,1525295.0
SWBBL,2024-07-16,958.8,968.9,935.1,966.0,2.77 %,31761.0,30333441.5,0.027659574468085202,0.02728395894846851,947.8,889.2949999999998,918.7814641577147,891.3378885886232,71.59513326074713,27.443575569091536,19.730368801908067,28.61240825636874,889.2949999999998,39.03246253559867,967.3599250711972,811.2300749288025,1557056.0
SWBBL,2024-07-17,974.0,989.0,957.0,982.0,1.66 %,44093.0,43055188.5,0.016563146997929712,0.016427474141947996,957.76,894.3949999999999,928.5073927488355,898.0536005450215,73.95651635459596,30.453792203814032,21.87505348228926,28.854379095199544,894.3949999999999,44.090068997727876,982.5751379954556,806.2148620045441,1601149.0
SWBBL,2024-07-18,1001.0,1010.0,981.0,993.0,1.12 %,63732.0,63459612.5,0.011201629327902252,0.011139355690706716,969.1600000000001,900.3449999999999,938.4293323259378,905.0866671713162,75.46656008871793,33.34266515462161,24.16857581675573,28.864780588399576,900.3449999999999,48.954161965025875,998.2533239300517,802.4366760699481,1664881.0
SWBBL,2024-07-21,1005.0,1015.9,982.3,1011.9,1.90 %,66773.0,66926756.0,0.019033232628398844,0.01885436669054171,978.5799999999999,907.925,949.7325119681012,912.9987658993668,77.84363447866072,36.733746068734376,26.68160986715146,29.203010546371036,907.925,53.91293053582797,1015.7508610716559,800.099138928344,1731654.0
SWBBL,2024-07-22,1032.0,1032.0,983.0,1000.0,-1.18 %,35848.0,35828445.3,-0.01176005534143687,-0.011829751753577169,990.5799999999999,914.675,957.4659716653164,919.443301758673,73.04472014830799,38.02266990664339,28.94982187504985,30.617081221630247,914.675,56.638037014497876,1027.9510740289957,801.3989259710042,1695806.0
SWBBL,2024-07-23,1020.0,1020.0,999.9,1017.0,1.70 %,33186.0,33483941.6,0.016999999999999904,0.016857117066422806,1000.78,922.425,966.6250529475753,926.6697238506232,75.37978220075148,39.95532909695214,31.15092331943031,29.865861134370945,922.425,59.57921639572965,1041.5834327914592,803.2665672085407,1728992.0
SWBBL,2024-07-24,1034.0,1034.0,992.0,1010.0,-0.69 %,28826.0,28890511.7,-0.006882989183874089,-0.006906786213254765,1006.3799999999999,929.625,973.2981217248714,932.8423368987252,72.5912685859945,40.455784826146214,33.011895620773494,30.732585339058737,929.625,61.08353964696823,1051.7920792939365,807.4579207060635,1700166.0
SWBBL,2024-07-25,1010.0,1061.0,1010.0,1055.9,4.54 %,62212.0,65019037.8,0.045445544554455486,0.04444315297716359,1018.96,939.57,986.0061029979681,941.9577193506714,78.26819245457185,44.04838364729676,35.21919322607815,32.18025781484026,939.57,64.72033032910007,1069.0106606582,810.1293393417999,1762378.0
SWBBL,2024-07-28,1055.0,1081.0,1014.3,1050.0,-0.56 %,57561.0,60077215.4,-0.0055876503456767646,-0.005603319660899728,1026.58,949.82,995.8513179213577,949.9608512506215,76.08668448232723,45.890466670736146,37.353447915009745,34.645953685208816,949.82,65.1862723683144,1080.1925447366289,819.4474552633712,1704817.0
SWBBL,2024-07-29,1071.0,1071.0,1018.0,1022.0,-2.67 %,53458.0,55094877.1,-0.026666666666666616,-0.02702867238791926,1030.98,958.76,999.8741920873026,955.2970844913162,66.59957980762715,44.57710759598638,38.79817985120507,35.956956993408184,958.76,61.97597497173374,1082.7119499434675,834.8080500565325,1651359.0
SWBBL,2024-07-30,1016.5,1054.0,1003.0,1046.0,2.35 %,46549.0,47665315.0,0.023483365949119372,0.023211873861218466,1036.78,968.2050000000002,1006.9704702277176,962.015818973441,70.04706429308769,44.95465125427654,40.02947413181936,37.031460065307606,968.2050000000002,60.03126794922407,1088.2675358984484,848.142464101552,1697908.0
SWBBL,2024-07-31,1065.0,1065.0,1035.1,1050.0,0.38 %,63417.0,66467814.4,0.003824091778202643,0.003816798526700811,1044.78,977.4050000000001,1013.5903978849918,968.5331657161491,70.59188180423476,45.05723216884269,41.03502573922403,36.52207006064278,977.4050000000001,57.59343415622273,1092.5918683124455,862.2181316875547,1761325.0
SWBBL,2024-08-01,1071.0,1092.0,1054.9,1054.9,0.47 %,61015.0,65436334.1,0.004666666666666819,0.004655811536194177,1044.5800000000002,986.7,1019.9457212873008,974.9307089964344,71.281012446267,45.015012290866366,41.8310230495525,36.91335077059687,986.7,54.070597127241626,1094.8411942544833,878.5588057455168,1822340.0
SWBBL,2024-08-05,1050.0,1081.0,1038.3,1074.0,1.81 %,55948.0,59615873.0,0.018105981609631172,0.017944020381046845,1049.3799999999999,995.8,1028.2617641661775,982.2691749966986,73.85305014960265,45.99258916947895,42.663336273537794,37.32668285841139,995.8,52.58875204943885,1100.9775040988777,890.6224959011222,1878288.0
SWBBL,2024-08-06,1070.0,1095.0,1016.1,1016.2,-5.38 %,53703.0,56521619.0,-0.0538175046554934,-0.05531981590917839,1048.2199999999998,1001.7049999999999,1026.4061081406117,984.7825694413875,57.16761807827767,41.62353869922413,42.455376758675065,40.296205511382006,1001.7049999999999,47.417212897421095,1096.5394257948421,906.8705742051577,1824585.0
SWBBL,2024-08-07,1030.0,1056.0,1022.1,1041.0,2.44 %,28496.0,29750197.0,0.024404644754969507,0.024111609455337378,1047.22,1008.1450000000001,1028.6513222728252,988.9468235568403,61.21641080828964,39.70449871598487,41.905201150137025,40.260762260569,1008.1450000000001,43.17828980562094,1094.501579611242,921.7884203887583,1853081.0
SWBBL,2024-08-08,1050.0,1061.8,1031.9,1048.0,0.67 %,24329.0,25443239.7,0.00672430355427478,0.006701796266018632,1046.8200000000002,1013.9350000000001,1031.6280419231598,993.3211329230003,62.29966304022682,38.30690900015952,41.18554272014153,39.5207078133855,1013.9350000000001,40.113802257959996,1094.16260451592,933.70739548408,1877410.0
SWBBL,2024-08-11,1068.0,1120.0,1060.0,1120.0,6.87 %,87860.0,95875917.4,0.06870229007633588,0.06644509940815276,1059.84,1023.135,1045.2237277811353,1002.7047527064817,71.20762297450021,42.518975074653554,41.452229191043934,41.84065725528653,1023.135,42.337208656850635,1107.8094173137013,938.4605826862987,1965270.0
SWBBL,2024-08-12,1142.4,1232.0,1131.0,1150.0,2.68 %,73837.0,86410766.0,0.02678571428571419,0.02643325706815543,1075.04,1032.395,1061.3431542763453,1013.6155117652609,73.96768737684927,47.72764251108447,42.70731185505205,46.852038879908925,1032.395,48.684348236053545,1129.763696472107,935.0263035278929,2039107.0
SWBBL,2024-08-13,1169.0,1192.0,1115.0,1126.0,-2.09 %,40151.0,45614204.3,-0.02086956521739125,-0.021090412657660002,1097.0,1041.6950000000002,1071.2903613107537,1021.9402886715378,68.32487978580568,49.35007263921591,44.03586401188482,49.00546467420114,1041.6950000000002,47.86406711786932,1137.4231342357389,945.9668657642616,1998956.0
SWBBL,2024-08-14,1130.0,1190.0,1106.0,1144.0,1.60 %,80552.0,91360782.8,0.015985790408525657,0.01585936324010742,1117.6,1050.595,1082.4764595706379,1030.9817487699424,70.16332053145936,51.49471080069543,45.52763336964694,51.505074340329635,1050.595,49.566961354372374,1149.7289227087447,951.4610772912553,2079508.0
SWBBL,2024-08-15,1155.0,1193.4,1136.1,1165.0,1.84 %,65036.0,75466197.5,0.018356643356643332,0.01819019406005771,1141.0,1059.7450000000001,1095.1723888674628,1040.9090266388355,72.19121283183047,54.26336222862733,47.27477914144302,51.918997601734674,1059.7450000000001,53.009219406780645,1165.7634388135614,953.7265611864389,2144544.0
SWBBL,2024-08-18,1170.0,1207.0,1153.0,1153.0,-1.03 %,78787.0,92912098.8,-0.01030042918454932,-0.010353845730741877,1147.6,1067.7450000000001,1104.0689444263146,1049.2120617026255,69.29299922112764,54.85688272368907,48.79119985789223,52.0676406301822,1067.7450000000001,54.459627489789135,1176.6642549795783,958.8257450204219,2065757.0
SWBBL,2024-08-21,1170.0,1176.0,1131.1,1148.0,-0.43 %,37950.0,43563772.2,-0.004336513443191636,-0.0043459433895472604,1147.2,1074.55,1110.8275683607278,1056.5296867616903,68.06681721459836,54.29788159903751,49.89253620612129,51.555666299454906,1074.55,55.60538122397256,1185.7607624479451,963.3392375520548,2027807.0
SWBBL,2024-08-22,1169.0,1181.0,1137.1,1181.0,2.87 %,38911.0,45227286.8,0.028745644599303066,0.02834023931785051,1158.2,1083.6,1121.623327074462,1065.749709964528,71.63448838807733,55.873617109934,51.08875238688384,51.008832992350996,1083.6,57.52942496542647,1198.6588499308527,968.541150069147,2066718.0
SWBBL,2024-08-25,1160.1,1199.0,1126.0,1141.0,-3.39 %,67859.0,78661288.2,-0.03386960203217615,-0.03445646633528669,1157.6,1089.8,1124.604353678391,1071.3238055227112,62.51706856352711,53.28054815567975,51.52711154064302,52.5796306357545,1089.8,56.649178932219584,1203.098357864439,976.5016421355608,1998859.0
SWBBL,2024-08-27,1160.0,1163.8,1080.2,1090.0,-4.47 %,35990.0,40303002.3,-0.04469763365468882,-0.0457273746388862,1142.6,1093.8,1119.2806069586384,1072.7072273358435,53.21683784284835,46.573379622794846,50.53636515707339,54.79537130462917,1093.8,53.452123191642826,1200.7042463832856,986.8957536167143,1962869.0
SWBBL,2024-08-28,1111.0,1140.0,1060.4,1070.0,-1.83 %,38496.0,41856928.4,-0.01834862385321101,-0.018519047767237527,1126.0,1094.5049999999999,1111.6989751188478,1072.506691977633,50.07107120245904,39.19228314121483,48.26754875390168,56.56713049715565,1094.5049999999999,53.017151892073386,1200.5393037841466,988.4706962158531,1924373.0
SWBBL,2024-08-29,1070.0,1070.0,1033.1,1035.0,-3.27 %,19557.0,20464443.9,-0.032710280373831724,-0.03325722175648235,1103.4,1093.7549999999999,1099.8991327928711,1069.7284184978082,45.052094747320716,30.170714295062908,44.64818186213393,55.162335461644545,1093.7549999999999,53.78047459235343,1201.3159491847068,986.194050815293,1904816.0
SWBBL,2024-09-01,1049.9,1049.9,1007.0,1010.0,-2.42 %,24584.0,25161117.8,-0.024154589371980673,-0.02445109586416431,1069.2,1093.155,1086.0684969785832,1065.3040912016743,41.827005778729465,20.764405776908916,39.87142664508893,54.286454357241375,1093.155,54.68251404348217,1202.5200280869644,983.7899719130356,1880232.0
SWBBL,2024-09-02,1000.0,1071.0,1000.0,1065.0,5.45 %,29313.0,30577690.4,0.054455445544554504,0.0530244683082204,1054.0,1094.105,1082.8271897511088,1065.281565927476,50.262624470258125,17.545623823632695,35.406266080797685,55.48027904600985,1094.105,53.980712686251266,1202.0664253725026,986.1435746274975,1909545.0
SWBBL,2024-09-03,1086.3,1093.8,1038.0,1093.0,2.63 %,16580.0,17739712.7,0.026291079812206464,0.02595141003301297,1054.6,1096.2549999999999,1084.3922374817073,1067.3347832661816,53.925609521761025,17.057454215525695,31.73650370774329,55.50311625700914,1096.2549999999999,52.978620067163256,1202.2122401343263,990.2977598656734,1926125.0
SWBBL,2024-09-04,1114.7,1114.7,1025.1,1025.1,-6.21 %,26455.0,28450388.6,-0.06212259835315659,-0.06413604038718287,1045.6200000000001,1094.7649999999999,1075.2703547922138,1064.20628080202,45.22705623279544,11.06407399019372,27.602017764233373,57.938607952937076,1094.7649999999999,54.597255329219784,1203.9595106584395,985.5704893415603,1899670.0
SWBBL,2024-09-05,1040.0,1080.0,1019.0,1035.1,0.98 %,28415.0,29673315.5,0.009755145839430268,0.009707871600348625,1045.6399999999999,1092.8200000000002,1069.0903002087962,1062.0502600018704,46.59340559942656,7.040040206925823,23.489622252771866,58.15727881344157,1092.8200000000002,56.04951382492419,1204.9190276498484,980.7209723501518,1928085.0
SWBBL,2024-09-08,1055.0,1076.0,1042.0,1042.2,0.69 %,31654.0,33639787.8,0.006859240653077192,0.00683582308540995,1052.08,1094.1200000000001,1064.9533309459046,1060.5798703721023,47.59300947267986,4.3734605738022765,19.666389916977952,56.92461604105289,1094.1200000000001,54.45779244428737,1203.035584888575,985.2044151114254,1959739.0
SWBBL,2024-09-09,1059.0,1059.0,1015.0,1043.0,0.08 %,33517.0,34548052.9,0.0007676069852236012,0.0007673125256582303,1047.6799999999998,1094.22,1061.5758954157654,1059.2776577519467,47.71176486805631,2.2982376638187816,16.192759466346118,56.00142918097769,1094.22,54.35685789309702,1202.9337157861942,985.506284213806,1993256.0
SWBBL,2024-09-10,1060.0,1069.0,1040.0,1060.0,1.63 %,31012.0,32614803.1,0.016299137104506256,0.016167732105340404,1041.08,1094.8200000000002,1061.3334499671862,1059.3311645851359,50.28959924763504,2.0022853820503315,13.354664649486962,54.07275566805071,1094.8200000000002,53.88399430364825,1202.5879886072967,987.0520113927037,2024268.0
SWBBL,2024-09-11,1047.1,1105.0,1040.0,1074.0,1.32 %,45614.0,48478715.6,0.013207547169811429,0.013121087962697276,1050.86,1092.52,1063.2821499722345,1060.417744986237,52.37205907348922,2.864404985997453,11.25661271678906,54.8532731203328,1092.52,53.73416633380777,1199.9883326676156,985.0516673323845,2069882.0
SWBBL,2024-09-12,1085.0,1106.0,1065.0,1099.5,2.37 %,47622.0,51501252.9,0.023743016759776525,0.023465534926005865,1063.7400000000002,1089.9950000000001,1068.854126899583,1063.3127268391083,55.98858457313447,5.541400060474643,10.113570185526177,53.86375361173761,1089.9950000000001,52.05114362472736,1194.097287249455,985.8927127505453,2117504.0
SWBBL,2024-09-15,1118.0,1118.0,1052.0,1056.0,-3.96 %,24445.0,26231309.7,-0.0395634379263301,-0.04036734572860904,1066.5,1086.4950000000001,1066.8765689150318,1062.7710433695447,49.13449214333402,4.105525545487126,8.911961257518367,54.73062835375635,1086.4950000000001,51.85577646359233,1190.2065529271847,982.7834470728154,2093059.0
SWBBL,2024-09-16,1060.0,1063.0,1010.3,1024.0,-3.03 %,13794.0,14194234.8,-0.030303030303030276,-0.03077165866675366,1062.7,1080.4950000000001,1060.2801736973347,1059.89911423106,44.790566082743496,0.3810594662747917,7.205780899269653,54.58558347134519,1080.4950000000001,51.79423332064812,1184.0834666412964,976.9065333587039,2079265.0
SWBBL,2024-09-18,1039.0,1039.0,1002.0,1015.0,-0.88 %,6427.0,6474967.2,-0.0087890625,-0.008827914123565388,1053.7,1072.9950000000001,1053.3139931285139,1056.5732539176481,43.62245728878762,-3.2592607891342595,5.112772561588871,53.32947036624911,1072.9950000000001,49.73281745075028,1172.4606349015007,973.5293650984995,2072838.0
SWBBL,2024-09-22,1035.0,1047.2,1008.0,1011.0,-0.39 %,6470.0,6641969.2,-0.003940886699507429,-0.003948672455416331,1041.1,1065.895,1046.8041480318193,1053.1974573311556,43.084656368576915,-6.393309299336352,2.8115561894038263,52.32022248294561,1065.895,47.80887910277188,1161.5127582055438,970.2772417944562,2066368.0
SWBBL,2024-09-23,1000.0,1013.0,975.0,975.0,-3.56 %,11400.0,11295486.5,-0.035608308605341255,-0.03625774802262425,1016.2,1057.2450000000001,1035.7573560269238,1047.4050530844033,38.48590139600335,-11.64769705747949,-0.08029445997283702,51.297349448449495,1057.2450000000001,47.82220883549518,1152.8894176709905,961.6005823290097,2054968.0
SWBBL,2024-09-24,993.0,1010.0,953.0,964.0,-1.13 %,38866.0,37629498.5,-0.011282051282051286,-0.011346176387301567,997.8,1046.395,1024.7177627920125,1041.2269010040773,37.180024679825564,-16.509138212064727,-3.366063210391215,51.7046816307031,1046.395,42.597991983939764,1131.5909839678795,961.1990160321204,2016102.0
SWBBL,2024-09-25,960.0,999.0,947.0,966.3,0.24 %,5231.0,5081272.2,0.002385892116182564,0.0023830503947172106,986.26,1037.66,1015.7304146701645,1035.6767601889603,37.65635969476929,-19.94634551879585,-6.682119672072142,51.725775799938596,1037.66,40.01071435464767,1117.6814287092955,957.6385712907047,2021333.0
SWBBL,2024-09-26,980.0,985.6,948.0,959.0,-0.76 %,8102.0,7797251.2,-0.007554589671944445,-0.007583270121824527,975.0600000000001,1031.1100000000001,1007.0026585670622,1029.9970001749632,36.70505352119779,-22.994341607900992,-9.944564059237912,50.7167918142287,1031.1100000000001,41.679325936700806,1114.4686518734018,947.7513481265985,2013231.0
SWBBL,2024-09-29,978.0,997.0,964.0,970.0,1.15 %,15589.0,15225137.1,0.011470281543274341,0.011404996613990382,966.86,1026.1100000000001,1001.3099418644372,1025.5527779397808,39.19767689215649,-24.242836075343575,-12.804218462459046,49.808449541783794,1026.1100000000001,42.752751835235046,1111.6155036704702,940.6044963295301,2028820.0
SWBBL,2024-09-30,989.0,994.9,970.0,973.0,0.31 %,11392.0,11151079.9,0.003092783505154628,0.003088010688576545,966.46,1023.01,996.9545661929853,1021.6599795738712,39.89290388469447,-24.70541338088583,-15.184457446144403,48.02927457451352,1023.01,44.29423034794516,1111.5984606958903,934.4215393041097,2040212.0
SWBBL,2024-10-01,992.0,1018.0,982.0,1015.0,4.32 %,13474.0,13553679.1,0.043165467625899234,0.0422598092898826,976.6600000000001,1023.26,999.7307867786799,1021.1666477535845,48.7312655492872,-21.435860974904585,-16.43473815189644,47.81289781919113,1023.26,44.23100127394551,1111.722002547891,934.797997452109,2053686.0
SWBBL,2024-10-02,1025.0,1025.0,995.3,996.1,-1.86 %,9421.0,9468677.4,-0.018620689655172384,-0.018796237324767685,982.6199999999999,1019.8149999999999,999.1722041973444,1019.3098590310967,45.489689662101576,-20.137654833752322,-17.175321488267617,46.519119403534624,1019.8149999999999,43.4858267897779,1106.7866535795558,932.8433464204442,2044265.0
SWBBL,2024-10-06,1012.0,1029.0,1000.0,1025.0,2.90 %,7703.0,7787118.8,0.029013151290031125,0.028600237421388567,995.82,1016.415,1003.1457112439068,1019.7313509547191,50.87121342839471,-16.585639710812302,-17.057385132776556,45.54632516042501,1016.415,39.97957735237874,1096.3741547047575,936.4558452952425,2051968.0
SWBBL,2024-10-07,1040.0,1040.0,1016.0,1038.0,1.27 %,23716.0,24521856.2,0.012682926829268304,0.012603172153325405,1009.4200000000001,1017.0600000000001,1008.507909514075,1021.0845842173326,53.11356651814021,-12.576674703257595,-16.161243046872766,44.00730193468037,1017.0600000000001,40.23034204508206,1097.5206840901642,936.5993159098359,2075684.0
SWBBL,2024-10-08,1057.0,1057.0,1028.0,1036.0,-0.19 %,4169.0,4307380.7,-0.0019267822736031004,-0.001928640906405597,1022.0200000000001,1017.1049999999999,1012.7374618965249,1022.1894298308636,52.71493378796802,-9.451967934338654,-14.819388024365944,42.935351796488916,1017.1049999999999,40.252080364819356,1097.6091607296387,936.6008392703612,2071515.0
SWBBL,2024-10-09,1046.0,1046.0,1025.0,1034.0,-0.19 %,9119.0,9391874.6,-0.0019305019305019266,-0.001932367751053924,1025.8200000000002,1016.6949999999999,1016.0086216047519,1023.0642868804292,52.29227518753845,-7.05566527567737,-13.26664347462823,41.368540953882565,1016.6949999999999,40.0241305505499,1096.7432611010997,936.6467388989001,2062396.0
SWBBL,2024-10-15,1050.9,1050.9,1028.1,1045.0,1.06 %,4538.0,4703209.3,0.010638297872340496,0.010582109330537008,1035.6,1016.7949999999998,1020.4688336655593,1024.689154518916,54.45520377690113,-4.220320853356725,-11.45737895037393,40.042216600033825,1016.7949999999998,40.09574691989541,1096.9864938397907,936.603506160209,2066934.0
SWBBL,2024-10-16,1045.0,1059.0,1036.0,1055.0,0.96 %,6339.0,6646315.8,0.009569377990430672,0.009523881511255541,1041.6,1016.5449999999998,1025.7813207939348,1026.9344023323295,56.39083767162394,-1.1530815383946447,-9.396519467978072,38.824915414317125,1016.5449999999998,39.82686841040978,1096.1987368208195,936.8912631791803,2073273.0
SWBBL,2024-10-17,1076.0,1092.0,1069.0,1080.0,2.37 %,22597.0,24462466.2,0.023696682464454888,0.023420274208098422,1050.0,1016.8449999999999,1034.1226560564064,1030.8651873447495,60.868354786019694,3.257468711656884,-6.865721832051081,38.69456431329448,1016.8449999999999,40.302193684725694,1097.4493873694514,936.2406126305485,2095870.0
SWBBL,2024-10-20,1080.0,1087.0,1070.0,1073.0,-0.65 %,22272.0,24012894.1,-0.0064814814814815325,-0.006502577487566957,1057.4,1015.5199999999999,1040.1037858938823,1033.9862845784717,59.040456884009416,6.117501315410664,-4.269077202558733,37.14495257663059,1015.5199999999999,37.79967418421415,1091.119348368428,939.9206516315716,2073598.0
SWBBL,2024-10-21,1055.5,1080.0,1049.0,1050.0,-2.14 %,18138.0,19198669.1,-0.02143522833178002,-0.02166829947912938,1060.6,1015.2199999999999,1041.6262803717466,1035.1724857208071,53.36936261542547,6.4537946509394715,-2.1245028318590924,36.70602739258555,1015.2199999999999,37.483983948391575,1090.187967896783,940.2520321032167,2055460.0
SWBBL,2024-10-22,1071.0,1080.0,1050.0,1062.9,1.23 %,5669.0,6025748.7,0.012285714285714455,0.012210857387967115,1064.18,1017.165,1044.8991603145548,1037.226375667414,55.92642873011609,7.672784647140816,-0.16504533605911087,36.2270254359723,1017.165,38.944336457525225,1095.0536729150504,939.2763270849496,2061129.0
SWBBL,2024-10-23,1050.0,1075.0,1050.0,1065.0,0.20 %,13114.0,13979120.9,0.0019757267852102967,0.0019737776039895063,1066.1799999999998,1019.665,1047.9915971892387,1039.2836811735315,56.34609873963379,8.70791601570727,1.6095469342941653,35.425095047688565,1019.665,40.37656009710065,1100.4181201942013,938.9118798057987,2074243.0
SWBBL,2024-10-24,1086.0,1086.0,1052.0,1075.0,0.94 %,41478.0,44218275.1,0.009389671361502261,0.009345862418237599,1065.1799999999998,1022.865,1052.146736083202,1041.9293344199366,58.37851496099839,10.217401663265491,3.3311178800884305,35.32330254428224,1022.865,42.150822867799626,1107.1666457355993,938.5633542644008,2115721.0
SWBBL,2024-10-27,959.1,996.0,910.1,926.0,-1.59 %,16571.0,15355373.9,-0.13860465116279075,-0.14920170591558385,1035.78,1020.415,1032.7395459165557,1033.341976314756,33.4151226444754,-0.6024303982003403,2.5444082244306765,44.57878093397637,1020.415,46.29929265130959,1113.013585302619,927.8164146973808,2099150.0
SWBBL,2024-10-28,926.0,938.0,911.1,930.0,0.43 %,5396.0,4955893.3,0.004319654427645814,0.004310351501122263,1011.78,1018.7149999999999,1016.9334619293933,1025.6870151062556,34.228231118335486,-8.753553176862283,0.28481594417208456,43.31601086726377,1018.7149999999999,49.02377806535431,1116.7625561307086,920.6674438692913,2104546.0
SWBBL,2024-10-29,920.0,935.0,915.0,929.0,-0.11 %,5266.0,4894282.1,-0.0010752688172043223,-0.0010758473334631254,985.0,1016.85,1003.4052370171789,1018.5250139872736,34.116066333993146,-15.119776970094676,-2.796102638681268,41.65058151960208,1016.85,51.75609295441851,1120.362185908837,913.337814091163,2099280.0
SWBBL,2024-10-30,920.0,938.1,919.0,934.0,0.54 %,17708.0,16484855.1,0.005382131324004336,0.005367699415004134,958.8,1015.6,992.7275082453053,1012.2639018400682,35.258444481457005,-19.5363935947629,-6.1441608298975945,40.039825696773356,1015.6,53.49934579050191,1122.5986915810038,908.6013084189962,2116988.0
SWBBL,2024-11-05,952.6,952.6,910.2,913.0,-2.25 %,11192.0,10365858.4,-0.0224839400428265,-0.0227405576338741,926.4,1012.75,980.4617377460276,1004.9110202222853,32.69433344981233,-24.449282476257736,-9.805185159169623,40.20840957557526,1012.75,57.43021852658881,1127.6104370531775,897.8895629468224,2105796.0
SWBBL,2024-11-06,913.0,913.0,900.0,903.9,-1.00 %,10946.0,9902880.7,-0.009967141292442472,-0.010017145790603199,921.9799999999999,1009.2949999999998,968.6830088620234,997.4287224280419,31.621187872014232,-28.74571356601848,-13.593290840539396,38.26495174874846,1009.2949999999998,61.8554722508868,1133.0059445017735,885.5840554982262,2094850.0
SWBBL,2024-11-10,903.0,906.0,895.0,903.9,0.00 %,17908.0,16128131.8,0.0,0.0,916.76,1003.74,958.7163921140198,990.5006689148536,31.621187871891394,-31.784276800833823,-17.231488032598282,36.317455195266426,1003.74,66.15543419626323,1136.0508683925264,871.4291316074736,2094850.0
SWBBL,2024-11-11,921.9,930.0,907.0,925.0,2.33 %,15362.0,14123138.9,0.02334329018696768,0.023075002708060045,915.96,1000.1850000000001,953.5292548657089,985.6487675137532,37.167225590127174,-32.11951264804429,-20.209092955687485,35.58763696703311,1000.1850000000001,68.45788005859684,1137.1007601171937,863.2692398828063,2110212.0
SWBBL,2024-11-12,925.0,937.0,915.0,923.0,-0.22 %,27215.0,25119809.7,-0.00216216216216214,-0.002164503009573014,913.76,995.085,948.8324464248307,981.00811806829,36.862033843755036,-32.17567164345928,-22.602408693241845,34.61709146938789,995.085,70.28688786164325,1135.6587757232865,854.5112242767135,2082997.0
SWBBL,2024-11-13,915.5,927.0,915.0,918.8,-0.46 %,7734.0,7088293.5,-0.004550379198266619,-0.004560763687909069,914.9200000000001,989.125,944.2120700517797,976.4001093224906,36.18997864417731,-32.188039270710874,-24.519534808735653,33.00158493586018,989.125,71.49970831748789,1132.1244166349757,846.1255833650242,2075263.0
SWBBL,2024-11-14,937.1,937.1,910.0,931.8,1.41 %,26096.0,23912181.0,0.014148889856334446,0.014049728567753295,920.5,983.915,942.3025208130443,973.0963975208247,39.845684039930944,-30.793876707780328,-25.77440318854459,32.58004315472731,983.915,71.70038739535396,1127.3157747907078,840.514225209292,2101359.0
SWBBL,2024-11-17,934.0,950.4,933.0,939.0,0.77 %,20593.0,19425987.7,0.007726980038635034,0.0076972798255666545,927.5200000000001,979.165,941.7944406879606,970.570738445208,41.833291491432284,-28.77629775724745,-26.374782102285163,31.581468643675365,979.165,71.35366530630304,1121.872330612606,836.4576693873939,2121952.0
SWBBL,2024-11-19,939.0,939.0,913.0,913.0,-2.77 %,19807.0,18212498.2,-0.027689030883919052,-0.02807959861329443,925.1200000000001,972.5649999999999,937.3645267359666,966.3062393011185,37.06995348951683,-28.941712565151875,-26.88816819485851,31.18279231198427,972.5649999999999,71.04776951209679,1114.6605390241934,830.4694609758063,2102145.0
SWBBL,2024-11-20,901.5,944.9,900.2,918.1,0.56 %,9009.0,8248506.1,0.005585980284775527,0.00557043655468591,924.14,965.72,934.4007533919716,962.7354067602948,38.54806246736555,-28.33465336832319,-27.177465229551444,32.148307146842534,965.72,69.25990409899542,1104.239808197991,827.2001918020092,2111154.0
SWBBL,2024-11-21,936.0,936.0,900.0,900.1,-1.96 %,13253.0,12028834.9,-0.01960570743927681,-0.019800448886614794,920.4,956.725,929.1237144085914,958.0957470002729,35.3886961983258,-28.972032591681568,-27.53637870197747,32.42342806492521,956.725,65.19994248473479,1087.1248849694696,826.3251150305305,2097901.0
SWBBL,2024-11-24,902.1,908.0,887.0,888.0,-1.34 %,5741.0,5136444.3,-0.01344295078324631,-0.013534125270869505,911.64,947.475,922.7969891149619,952.9034694446971,33.4065891427657,-30.106480329735177,-28.05039902752901,31.607468917430555,947.475,60.81101765662154,1069.0970353132432,825.852964686757,2092160.0
SWBBL,2024-11-25,882.0,901.0,880.1,900.0,1.35 %,16657.0,14922812.6,0.013513513513513598,0.01342302033214077,903.8399999999999,939.975,919.2897600203523,948.9846939302751,37.165330472144,-29.694933909922725,-28.379306004007756,30.842649709042657,939.975,56.60533613503573,1053.1856722700716,826.7643277299286,2108817.0
SWBBL,2024-11-26,900.0,907.9,887.0,907.9,0.88 %,13694.0,12277766.9,0.008777777777777773,0.008739477053400748,902.8199999999999,932.225,917.5374892479905,945.9413832687732,39.583021026246165,-28.403894020782673,-28.384223607362742,30.132460444111036,932.225,48.987709253524834,1030.2004185070498,834.2495814929504,2122511.0
SWBBL,2024-11-27,907.9,917.0,905.0,908.0,0.01 %,6965.0,6328325.1,0.00011014428901856554,0.0001101382235817419,900.8,924.375,916.0701832098381,943.1309104340492,39.61469410191628,-27.060727224211064,-28.119524330732407,28.837284698103105,924.375,37.920496818483926,1000.2159936369678,848.5340063630322,2129476.0
SWBBL,2024-11-28,897.1,918.0,896.0,903.0,-0.55 %,9799.0,8875579.9,-0.005506607929515406,-0.005521825184307861,901.3799999999999,915.775,914.0593857929399,940.1582504018974,38.527135558201756,-26.098864608957456,-27.71539238637742,28.348907219667172,915.775,13.786182060414804,943.3473641208296,888.2026358791703,2119677.0
SWBBL,2024-12-01,899.9,905.0,890.0,904.0,0.11 %,23224.0,20766896.9,0.001107419712070845,0.0011068069751910472,904.5799999999999,914.675,912.5117879786415,937.4798614832383,38.88849052423964,-24.968073504596873,-27.16592861002131,27.395413846833804,914.675,13.805066766752736,942.2851335335055,887.0648664664944,2142901.0
SWBBL,2024-12-02,902.0,909.0,895.4,905.0,0.11 %,14013.0,12611997.7,0.0011061946902655162,0.0011055833077496541,905.5799999999999,913.425,911.3561282896196,935.0739458178133,39.27292086217509,-23.717817528193677,-26.476306393655786,26.410027143488534,913.425,13.472227769233315,940.3694555384666,886.4805444615333,2156914.0
SWBBL,2024-12-03,905.0,905.0,895.0,899.9,-0.56 %,8265.0,7413306.9,-0.005635359116022087,-0.005651297660023261,903.9799999999999,911.9699999999999,909.5936470142935,932.468468349827,37.9613517779413,-22.87482133553351,-25.75600938203133,25.23788234752507,911.9699999999999,13.27150092700897,938.5130018540178,885.426998145982,2148649.0
SWBBL,2024-12-04,899.0,910.0,888.0,910.0,1.12 %,20628.0,18423360.6,0.011223469274363795,0.011160953470992855,904.3799999999999,910.7699999999999,909.6561628582484,930.8041373609509,42.086270387787,-21.147974502702482,-24.834402406165562,25.006605036987565,910.7699999999999,12.217937633394415,935.2058752667887,886.3341247332111,2169277.0
SWBBL,2024-12-05,895.0,900.0,885.0,899.9,-1.11 %,6478.0,5800622.5,-0.011098901098901104,-0.011160953470992881,903.76,910.115,908.1552147262101,928.5149420008804,39.274085789501264,-20.359727274670263,-23.939467379866503,25.00613324863131,910.115,12.441199595776446,934.9973991915529,885.2326008084472,2162799.0
SWBBL,2024-12-08,915.0,917.8,878.0,894.4,-0.61 %,12531.0,11217354.8,-0.006111790198910949,-0.006130543639068094,901.8399999999999,909.6400000000001,906.0390278452547,925.9879092600744,37.79312950460629,-19.948881414819652,-23.141350186857135,26.062838016586213,909.6400000000001,12.86510580531526,935.3702116106306,883.9097883893696,2150268.0
SWBBL,2024-12-09,885.0,893.9,880.0,892.9,-0.17 %,5803.0,5152546.3,-0.001677101967799688,-0.0016785098776640188,899.4199999999998,909.0899999999999,904.0176389459847,923.5369530185874,37.37915001070299,-19.519314072602697,-22.41694296400625,25.229778158258625,909.0899999999999,13.349429320066074,935.788858640132,882.3911413598678,2144465.0
SWBBL,2024-12-10,900.0,900.0,882.0,892.7,-0.02 %,3656.0,3241404.3,-0.00022398924851596558,-0.00022401433785425559,897.9800000000001,907.475,902.2764637235255,921.2527342764698,37.32045025819288,-18.976270552944356,-21.728808481793873,24.713365432668724,907.475,13.2769636277075,934.028927255415,880.921072744585,2140809.0
SWBBL,2024-12-11,903.0,903.0,885.0,900.0,0.82 %,4920.0,4391891.2,0.008177439229304362,0.008144185138994377,895.9800000000001,906.325,901.9262385352907,919.6784576633979,40.96460545529899,-17.752219128107185,-20.933490611056534,24.233839330335243,906.325,12.850716753015174,932.0264335060303,880.6235664939697,2145729.0
SWBBL,2024-12-12,910.0,910.0,880.2,894.0,-0.67 %,13307.0,11871595.8,-0.00666666666666671,-0.006688988150796652,894.8,905.085,900.7068172221691,917.7763496883314,38.959674637625845,-17.069532466162286,-20.160698982077683,24.631422235311295,905.085,12.779929783718416,930.6448595674369,879.5251404325631,2132422.0
SWBBL,2024-12-16,881.1,891.0,865.0,891.0,-0.34 %,11891.0,10424519.6,-0.003355704697986628,-0.003361347702704883,894.1200000000001,903.0450000000001,899.2134607264508,915.7929163780847,37.9592981477213,-16.579455651633907,-19.44445031598893,24.943463504217632,903.0450000000001,11.481494264248312,926.0079885284968,880.0820114715034,2120531.0
SWBBL,2024-12-17,892.0,892.9,875.0,890.0,-0.11 %,8070.0,7102342.9,-0.001122334455667784,-0.0011229647446237823,893.54,900.595,897.7960052300737,913.882329979708,37.61260520611419,-16.086324749634286,-18.772825202718003,24.440358968202087,900.595,8.150006458700027,916.8950129174001,884.2949870826,2112461.0
SWBBL,2024-12-18,889.0,889.0,873.6,889.0,-0.11 %,9005.0,7907981.8,-0.0011235955056180247,-0.0011242272122809914,892.8,899.3950000000001,896.4427736562161,912.0391944256555,37.24625693682521,-15.596420769439419,-18.13754431606229,23.866047613330508,899.3950000000001,7.992725311710155,915.3804506234204,883.4095493765798,2103456.0
SWBBL,2024-12-19,889.0,904.0,868.0,886.4,-0.29 %,6894.0,6089375.5,-0.0029246344206974584,-0.002928919520885261,890.0799999999999,897.8100000000001,894.8977315552597,910.1399948385699,36.25743999971105,-15.242263283310194,-17.55848810951187,24.732758498092615,897.8100000000001,7.191142213135041,912.1922844262701,883.42771557373,2096562.0
SWBBL,2024-12-22,898.0,898.0,863.1,880.0,-0.72 %,7988.0,7036733.8,-0.0072202166064981865,-0.007246408520767198,887.28,896.8050000000001,892.6057728544505,907.9074026283055,33.87355475337115,-15.301629773854984,-17.107116442380494,25.45899003394314,896.8050000000001,8.189497447024062,913.1839948940482,880.426005105952,2088574.0
SWBBL,2024-12-23,865.1,878.9,862.0,872.0,-0.91 %,13031.0,11273611.4,-0.009090909090909038,-0.009132483563272474,883.4799999999999,896.0050000000001,889.4356539537658,905.2475950262088,31.11924979485876,-15.811941072443005,-16.848081368392997,24.92620503151863,896.0050000000001,9.731255937392579,915.4675118747853,876.542488125215,2075543.0
SWBBL,2024-12-24,872.0,889.0,870.0,889.0,1.95 %,10123.0,8899842.0,0.019495412844036775,0.019307811604925024,883.28,895.4550000000002,889.368630268571,904.0440694687119,41.925611763537816,-14.675439200140886,-16.413552934742576,24.502904672124444,895.4550000000002,9.804159966328777,915.0633199326577,875.8466800673426,2085666.0
SWBBL,2024-12-26,906.0,924.0,872.0,896.0,0.79 %,8601.0,7656805.5,0.007874015748031482,0.007843177461025879,884.68,894.86,890.3888409964832,903.4482124710295,45.702997196183695,-13.05937147454631,-15.742716642703323,26.46698290982984,894.86,9.36018443436744,913.5803688687349,876.1396311312651,2094267.0
SWBBL,2024-12-29,890.0,892.0,873.0,889.8,-0.69 %,11015.0,9721693.6,-0.00691964285714286,-0.006943694602989063,885.36,893.95,890.2982500739473,902.4372337694717,43.03314003321519,-12.138983695524416,-15.021970053267543,26.219341273413423,893.95,8.888283240377774,911.7265664807555,876.1734335192446,2083252.0
SWBBL,2024-12-31,883.0,883.0,860.0,874.9,-1.67 %,11499.0,9972471.2,-0.016745336030568603,-0.01688712425972249,884.3399999999999,892.5449999999998,887.9292885241093,900.3974386754368,37.38144529807139,-12.46815015132745,-14.511206072879524,26.47510261102675,892.5449999999998,9.57669732176938,911.6983946435386,873.3916053564611,2071753.0
SWBBL,2025-01-01,892.3,892.3,864.1,881.8,0.79 %,1778.0,1554989.3,0.00788661561321291,0.00785567881161837,886.3,891.4350000000001,886.9863210588618,899.0198506254045,41.23067532832333,-12.033529566542711,-14.015670771612163,26.59830956738198,891.4350000000001,9.465020088569037,910.3650401771381,872.504959822862,2073531.0
SWBBL,2025-01-02,880.0,880.0,866.0,866.4,-1.75 %,6159.0,5358696.1,-0.017464277613971402,-0.017618577237056378,881.78,889.5049999999999,883.8191947421137,896.6035653938931,35.923049102463054,-12.78437065177934,-13.7694107476456,25.827001741140407,889.5049999999999,10.438767572608619,910.3825351452172,868.6274648547826,2067372.0
SWBBL,2025-01-05,855.0,875.0,855.0,875.0,0.99 %,8693.0,7502504.4,0.009926131117266923,0.009877190670833645,877.5799999999999,888.26,882.4623955510193,895.0033012906417,40.527309552733975,-12.540905739622417,-13.523709746040964,25.41078733105895,888.26,10.617086527372036,909.494173054744,867.025826945256,2076065.0
SWBBL,2025-01-06,885.0,885.0,868.0,879.0,0.46 %,7810.0,6814654.0,0.004571428571428671,0.004561011327562667,875.4199999999998,886.71,881.929719312401,893.817871565409,42.593476984564646,-11.888152253008002,-13.196598247434373,24.810016807411884,886.71,9.477946702643674,905.6658934052874,867.7541065947127,2083875.0
SWBBL,2025-01-07,879.0,895.0,876.1,895.0,1.82 %,8563.0,7602237.3,0.018202502844141044,0.01803882058967835,879.4399999999999,886.4649999999999,883.9405317258778,893.9054366346379,50.06632472156606,-9.964904908760104,-12.55025957969952,24.387872749739607,886.4649999999999,9.177620091301657,904.8202401826032,868.1097598173966,2092438.0
SWBBL,2025-01-08,910.0,910.0,892.4,900.0,0.56 %,15674.0,14125603.7,0.005586592178770999,0.0055710450494554295,883.0799999999999,886.7449999999999,886.4112191526658,894.3568857728128,52.16203984617288,-7.945666620146994,-11.629340987789016,23.903024696186783,886.7449999999999,9.511791851405775,905.7685837028114,867.7214162971884,2108112.0
SWBBL,2025-01-09,885.1,903.0,885.1,897.0,-0.33 %,12400.0,11014165.4,-0.0033333333333332993,-0.0033389012655145986,889.2,886.95,888.040262359948,894.5526720118637,50.78480365483127,-6.512409651915732,-10.60595472061436,23.474237217887726,886.95,9.693866754062498,906.337733508125,867.5622664918751,2095712.0
SWBBL,2025-01-12,890.0,890.0,865.0,882.3,-1.64 %,8399.0,7347598.8,-0.01638795986622077,-0.016523727830737116,890.6600000000001,886.43,887.1571450738022,893.6450666776516,44.57439622617483,-6.487921603849372,-9.782348097261364,24.08322027375289,886.43,9.648021341364375,905.7260426827287,867.1339573172712,2087313.0
SWBBL,2025-01-13,882.3,882.3,860.3,870.0,-1.39 %,7067.0,6122062.3,-0.013940836450186955,-0.014038922579429576,888.86,884.93,884.5175842932172,891.8935802570849,40.15008890521594,-7.375995963867695,-9.30107767058263,23.934418825627684,884.93,9.758672257254187,904.4473445145084,865.4126554854915,2080246.0
SWBBL,2025-01-15,863.0,870.0,856.4,864.9,-0.59 %,5827.0,5010552.6,-0.00586206896551722,-0.00587931833616319,882.8399999999999,883.475,881.499494401953,889.8940557935971,38.44611843342644,-8.39456139164406,-9.119774414794918,23.196246052368565,883.475,10.478040948539293,904.4310818970786,862.5189181029215,2074419.0
SWBBL,2025-01-16,860.0,860.0,840.0,860.0,-0.57 %,11793.0,10012898.4,-0.005665394843334504,-0.005681504064912788,874.8399999999999,881.925,878.1918798785757,887.6796812903676,36.82887786454813,-9.487801411791907,-9.193379814194316,23.317942762913667,881.925,11.544872409922942,905.0147448198459,858.835255180154,2062626.0
SWBBL,2025-01-19,866.0,866.0,844.0,849.0,-1.28 %,3806.0,3231632.9,-0.01279069767441865,-0.012873202936206146,865.24,879.875,873.7008214357179,884.8145197133034,33.42925945664028,-11.113698277585513,-9.577443506872555,23.223803994134123,879.875,13.508666809179864,906.8923336183598,852.8576663816402,2058820.0
SWBBL,2025-01-20,840.5,855.0,840.5,853.0,0.47 %,5629.0,4778124.9,0.004711425206124886,0.0047003611803318355,859.3799999999999,878.075,870.5160796763766,882.4578886234291,35.751755282429215,-11.941808947052436,-10.050316594908532,22.600675137410256,878.075,14.584413995531325,907.2438279910627,848.9061720089373,2064449.0
SWBBL,2025-01-21,841.0,869.9,840.3,865.0,1.41 %,7231.0,6224336.1,0.014067995310668158,0.013969959440200132,858.3799999999999,877.0049999999999,869.6674520338572,881.1647116883603,42.25987067149656,-11.497259654503068,-10.339705206827439,23.100626913309526,877.0049999999999,14.725826757718325,906.4566535154365,847.5533464845632,2071680.0
SWBBL,2025-01-22,874.0,877.7,862.0,876.0,1.27 %,5627.0,4902761.0,0.012716763005780285,0.012636584004512057,860.6,876.805,870.6416901824946,880.7821404521854,47.50886455744597,-10.14045026969086,-10.299854219400123,22.57201070521599,876.805,14.7101638694733,906.2253277389466,847.3846722610533,2077307.0
SWBBL,2025-01-23,886.9,887.4,865.1,880.0,0.46 %,41333.0,35946083.5,0.004566210045662045,0.004555816535860661,864.6,877.2049999999999,872.0814301544185,880.724204122394,49.31331192472598,-8.642773967975472,-9.968438169115194,22.55258136912913,877.2049999999999,14.681369325688824,906.5677386513776,847.8422613486223,2118640.0
SWBBL,2025-01-26,890.0,896.0,880.0,886.9,0.78 %,21627.0,19231850.6,0.007840909090909065,0.007810328910154491,872.18,877.1,874.3612101306618,881.1816704836981,52.355886851131054,-6.82046035303631,-9.338842605899417,22.084539842762762,877.1,14.599855803664806,906.2997116073296,847.9002883926704,2140267.0
SWBBL,2025-01-27,898.0,898.0,869.3,872.0,-1.68 %,5097.0,4449762.4,-0.0168000902018266,-0.01694281247342706,875.9799999999999,875.9,873.9979470336369,880.5015467441649,45.9425464534252,-6.503599710527965,-8.771794026825127,22.557072711136854,875.9,13.93586814901656,903.7717362980331,848.0282637019668,2135170.0
SWBBL,2025-01-28,857.0,875.0,856.0,865.0,-0.80 %,13164.0,11368445.0,-0.008027522935779796,-0.008059916977100286,875.9799999999999,874.6600000000001,872.6136474900005,879.353284022375,43.26142756452113,-6.739636532374448,-8.365362527934991,22.302996088912796,874.6600000000001,13.735869294563173,902.1317385891264,847.1882614108738,2122006.0
SWBBL,2025-02-02,882.3,899.9,866.0,899.0,3.93 %,38980.0,34762055.9,0.03930635838150298,0.03855352753974104,880.5799999999999,875.8650000000001,876.6730863376927,880.8085963170139,56.53074928316717,-4.1355099793212275,-7.519392018212239,23.20278208256188,875.8650000000001,14.775772310866335,905.4165446217328,846.3134553782675,2160986.0
SWBBL,2025-02-03,909.0,909.0,895.0,895.0,-0.44 %,20534.0,18547363.1,-0.004449388209121219,-0.004459316196764876,883.5799999999999,876.525,879.4926115165092,881.8598114046425,54.90392928109196,-2.367199888133314,-6.488953592196454,22.54544050523603,876.525,15.33890392754129,907.2028078550826,845.8471921449174,2140452.0
SWBBL,2025-02-04,908.4,908.4,880.0,890.0,-0.56 %,10139.0,9030905.3,-0.005586592178770999,-0.005602255548669898,884.2,877.7050000000002,881.1091328216617,882.462788337632,52.85632321476801,-1.3536555159703312,-5.46189397695123,22.963623326290595,877.7050000000002,15.426514256933503,908.5580285138672,846.8519714861332,2130313.0
SWBBL,2025-02-05,894.8,894.8,875.0,875.6,-1.62 %,8190.0,7212479.6,-0.016179775280898867,-0.01631209707747764,884.9200000000001,877.735,880.2615739260215,881.9544336459555,47.3763125090549,-1.692859719934063,-4.708087125547796,22.73765023155555,877.735,15.421559584364642,908.5781191687292,846.8918808312708,2122123.0
SWBBL,2025-02-06,871.5,897.0,871.5,885.0,1.07 %,65561.0,57902215.5,0.010735495660118666,0.010678279359221533,888.9200000000001,878.0350000000001,880.9905625527874,882.1800311536625,50.95120391781426,-1.1894686008751023,-4.004363420613258,22.93496092930158,878.0350000000001,15.505594067384987,909.0461881347701,847.0238118652301,2187684.0
SWBBL,2025-02-09,897.0,921.0,897.0,915.0,3.39 %,52243.0,47704919.7,0.03389830508474567,0.03333642026759171,892.1200000000001,879.0350000000001,886.2227836985123,884.611139957095,60.23560755302471,1.6116437414173106,-2.881161988207144,23.868178005780038,879.0350000000001,17.20869654727488,913.4523930945498,844.6176069054503,2239927.0
SWBBL,2025-02-10,915.0,925.0,899.0,910.0,-0.55 %,19251.0,17507159.4,-0.005464480874316946,-0.005479465764625596,895.1200000000001,879.5350000000001,889.8808169756643,886.4917962565695,58.25634976211968,3.3890207190947876,-1.6271254467467577,24.02045100536718,879.5350000000001,17.97797702492727,915.4909540498546,843.5790459501455,2220676.0
SWBBL,2025-02-11,927.0,927.0,886.0,896.0,-1.54 %,24696.0,22104313.7,-0.01538461538461533,-0.015504186535965199,896.32,879.485,890.8222297486391,887.1961076449717,53.004585480354706,3.6261221036673987,-0.5764759366639264,25.233275933555237,879.485,17.928168809339734,915.3413376186795,843.6286623813205,2195980.0
SWBBL,2025-02-12,898.0,906.0,885.3,895.5,-0.06 %,13342.0,11971865.8,-0.0005580357142856984,-0.0005581914741639864,900.3,880.1450000000001,891.541886710387,887.8112107823812,52.821438890560955,3.7306759280057804,0.284954436270015,24.909470509729868,880.1450000000001,18.276832473851222,916.6986649477026,843.5913350522976,2182638.0
SWBBL,2025-02-13,909.0,911.0,896.3,910.0,1.62 %,17127.0,15474229.9,0.016192071468453362,0.01606237801012924,905.3,882.1450000000001,894.3815964472504,889.4548247985011,57.41667320948758,4.926771648749309,1.2133178787658738,24.237365473320594,882.1450000000001,19.269842132293185,920.6846842645865,843.6053157354137,2199765.0
SWBBL,2025-02-16,909.0,918.7,903.0,907.0,-0.33 %,16970.0,15441207.2,-0.003296703296703285,-0.0033021493957591107,903.7,884.25,896.3228893015196,890.7544674060196,56.19708093707527,5.568421895500023,2.084338682112704,23.627553653797698,884.25,19.583787602404552,923.417575204809,845.082424795191,2182795.0
SWBBL,2025-02-17,921.7,921.7,903.3,916.0,0.99 %,24640.0,22473585.3,0.009922822491730932,0.009873914558993615,904.9,887.05,899.3501371012858,892.6245068574256,59.010019750140756,6.725630243860223,3.012596994462208,23.254156964240725,887.05,19.934326385283004,926.9186527705659,847.181347229434,2207435.0
SWBBL,2025-02-18,915.0,917.0,905.0,909.0,-0.76 %,19983.0,18254157.0,-0.007641921397379958,-0.0076712704966514795,907.5,890.05,900.8347313933957,893.8375063494682,55.9979200522216,6.9972250439275285,3.8095226043552723,22.4502886096521,890.05,18.35923688395711,926.7684737679142,853.3315262320857,2187452.0
SWBBL,2025-02-20,898.0,907.0,895.0,900.0,-0.99 %,19937.0,17921888.5,-0.00990099009900991,-0.009950330853168092,908.4,892.4,900.7063111790271,894.2939873606186,52.30145578184,6.412323818408481,4.330082847165914,21.846696566105525,892.4,16.25458639772812,924.9091727954562,859.8908272045437,2167515.0
SWBBL,2025-02-23,883.0,915.0,882.0,898.0,-0.22 %,62993.0,56453906.3,-0.0022222222222222365,-0.0022246950221111624,906.0,894.05,900.2899556130229,894.5685068153877,51.48807585837331,5.721448797635276,4.608356037259787,22.643361097097987,894.05,14.949335490006119,923.9486709800121,864.1513290199878,2104522.0
SWBBL,2025-02-24,910.0,910.0,878.2,889.0,-1.00 %,11306.0,10062458.6,-0.010022271714922093,-0.010072832788295068,902.4,894.7,898.5530393648655,894.1560248290626,47.879572357545385,4.397014535802896,4.5660877369684085,23.297406733019557,894.7,14.395576806531388,923.4911536130628,865.9088463869373,2093216.0
SWBBL,2025-02-25,903.5,903.5,880.0,884.0,-0.56 %,5253.0,4664758.5,-0.0056242969628796935,-0.005640172876261197,896.0,894.9,896.3141102318093,893.4037266935766,45.95273945461925,2.910383538232736,4.234946897221274,23.311877680661016,894.9,14.207151646566249,923.3143032931325,866.4856967068674,2087963.0
SWBBL,2025-02-27,899.0,910.0,891.1,899.0,1.70 %,15968.0,14338667.1,0.016968325791855143,0.01682597183397678,894.0,895.5049999999999,896.7273240423001,893.8182654570154,52.171280215775546,2.909058585284697,3.969769234833959,23.50388641775666,895.5049999999999,14.105820934079246,923.7166418681584,867.2933581318414,2103931.0
SWBBL,2025-03-02,909.0,916.9,900.0,915.0,1.78 %,14346.0,13049102.8,0.017797552836484876,0.017641030803900937,897.0,897.655,899.5385049588692,895.3872828305698,57.754771809140514,4.151222128299423,4.006059813527052,23.10360881648833,897.655,13.602688395780051,924.86037679156,870.4496232084399,2118277.0
SWBBL,2025-03-03,920.0,920.0,891.0,904.6,-1.14 %,20644.0,18767072.8,-0.01136612021857919,-0.011431208231778489,898.32,899.6349999999999,900.3171965036586,896.0697063246017,53.39173214806512,4.247490179056854,4.054345886633013,23.524779615310592,899.6349999999999,11.283675913414392,922.2023518268287,877.067648173171,2097633.0
SWBBL,2025-03-04,920.0,920.0,880.0,884.3,-2.24 %,16665.0,14833986.5,-0.02244085783771843,-0.022696485462053457,897.3799999999999,898.9,897.8530124261727,895.197876226483,46.07504568313801,2.6551361996896503,3.77450394924434,24.701581071359836,898.9,11.79442330367833,922.4888466073567,875.3111533926433,2080968.0
SWBBL,2025-03-05,899.9,899.9,865.0,878.0,-0.71 %,26268.0,23059064.2,-0.0071242790908062625,-0.0071497779465727425,896.18,898.05,894.7987028221461,893.9239594689658,44.057206344246644,0.8747433531802926,3.1945518300315308,25.430039566262703,898.05,12.670334187967871,923.3906683759357,872.7093316240642,2054700.0
SWBBL,2025-03-06,889.8,889.8,874.0,880.0,0.23 %,7029.0,6171082.5,0.002277904328018332,0.0022753138371356054,892.3799999999999,897.55,892.5219793110466,892.8925550638572,44.88245496105898,-0.37057575281062327,2.4815263134631005,24.742179597243936,897.55,13.191324901059906,923.9326498021197,871.1673501978802,2061729.0
SWBBL,2025-03-09,880.0,880.0,862.4,871.0,-1.02 %,9325.0,8100897.5,-0.010227272727272751,-0.010279930619749385,883.5799999999999,897.32,889.2109055708855,891.2708843183863,41.88793763341745,-2.059978747500736,1.5732253012703332,24.232023911726515,897.32,13.62708603106178,924.5741720621236,870.0658279378765,2052404.0
SWBBL,2025-03-10,883.0,883.0,865.0,870.0,-0.11 %,7563.0,6575123.2,-0.0011481056257175437,-0.0011487652038733708,876.6600000000001,896.57,886.255381636903,889.6952632577651,41.55617462269069,-3.4398816208620246,0.5706039168438618,23.786879346603193,896.57,14.710544017028077,925.9910880340562,867.1489119659439,2044841.0
SWBBL,2025-03-11,873.0,873.9,855.0,862.8,-0.83 %,8234.0,7101727.9,-0.008275862068965578,-0.00831029713362815,872.3599999999999,893.96,882.6468613850718,887.7030215349677,39.1517699416194,-5.056160149895845,-0.5547488965040797,23.437816536131535,893.96,15.85478177954429,925.6695635590886,862.2504364409115,2036607.0
SWBBL,2025-03-12,862.8,868.9,854.2,863.5,0.08 %,6201.0,5329034.3,0.0008113120074177971,0.0008109830717320646,869.4599999999998,891.635,879.701190402753,885.91020512497,39.518162970788815,-6.209014722217034,-1.6856020616466707,22.813686783550704,891.635,16.762309695553434,925.1596193911068,858.1103806088931,2042808.0
SWBBL,2025-03-16,856.1,865.0,851.0,852.0,-1.33 %,5207.0,4459795.0,-0.013317892298783995,-0.013407370757417537,863.8599999999999,889.4350000000001,875.4394688023294,883.3983380786759,35.713500325308345,-7.9588692763464906,-2.9402555045866348,22.184137727582797,889.4350000000001,18.909208979341848,927.2534179586837,851.6165820413164,2037601.0
SWBBL,2025-03-17,860.0,877.0,856.1,865.5,1.58 %,6164.0,5295234.9,0.015845070422535246,0.015720847786948246,862.7599999999999,887.9350000000001,873.9103197558172,882.0725352580332,42.68903839778997,-8.162215502215986,-3.984647504112505,22.38527074704117,887.9350000000001,19.580744435426933,927.0964888708539,848.7735111291462,2043765.0
SWBBL,2025-03-18,881.8,881.8,859.1,869.0,0.40 %,3165.0,2735124.7,0.004043905257076874,0.004035750649128134,862.5599999999998,885.885,873.15488594723,881.1041993129937,44.37424371848906,-7.9493133657637145,-4.7775806764427475,22.407751407966796,885.885,19.293202375673637,924.4714047513472,847.2985952486528,2046930.0
SWBBL,2025-03-19,853.0,864.0,853.0,864.0,-0.58 %,4604.0,3951374.6,-0.005753739930955071,-0.005770356461336367,862.8,883.735,871.7464419553485,879.8372215861053,42.45372911334167,-8.090779630756856,-5.440220467305569,21.95005487882631,883.735,19.212092546466724,922.1591850929335,845.3108149070665,2042326.0
SWBBL,2025-03-20,881.2,881.2,846.4,850.01,-1.62 %,11853.0,10069617.2,-0.01619212962962968,-0.01632465468301479,860.1020000000001,880.4354999999999,868.4023739622179,877.6277977649123,37.555963959716394,-9.225423802694422,-6.19726113438334,22.867908101767295,880.4354999999999,19.045094540765493,918.5256890815309,842.345310918469,2030473.0
SWBBL,2025-03-23,853.0,854.0,832.0,834.96,-1.77 %,5482.0,4614366.9,-0.017705674050893516,-0.017864294609244595,856.6940000000001,876.7334999999999,863.257393352646,874.4672201526965,33.1282093548712,-11.209826800050564,-7.199774267516785,22.805914665926775,876.7334999999999,20.35163417112213,917.4367683422442,836.0302316577556,2024991.0
SWBBL,2025-03-24,839.0,840.0,830.2,831.45,-0.42 %,10069.0,8401885.8,-0.004203794193733845,-0.0042126549778729126,849.884,873.3059999999999,858.3639482214696,871.2807594006449,32.1754471497853,-12.916811179175284,-8.343181649848486,21.876920761217715,873.3059999999999,21.937592681189436,917.1811853623788,829.4308146376211,2014922.0
SWBBL,2025-03-25,830.0,832.0,803.6,817.4,-1.69 %,8870.0,7252450.6,-0.016898189909194894,-0.017042593403746566,839.564,869.2760000000001,852.0618023412435,867.2895920376342,28.626433326389176,-15.227789696390687,-9.720103259156925,22.342854992559303,869.2760000000001,24.42471858402897,918.125437168058,820.4265628319421,2006052.0
SWBBL,2025-03-26,832.0,832.0,801.0,828.53,1.36 %,7393.0,5971227.4,0.013616344506973244,0.013524475098978712,832.47,866.2524999999999,848.4415250579752,864.4185111459576,34.76500403956375,-15.976986087982368,-10.971479824922014,22.961222493090784,866.2524999999999,25.570480487913233,917.3934609758264,815.1115390241735,2013445.0
SWBBL,2025-03-27,825.0,844.9,825.0,830.58,0.25 %,4638.0,3867164.2,0.002474261644116682,0.0024712056985428683,828.5840000000001,863.5815,845.6935981259791,861.9119547647756,35.85923098673376,-16.218356638796536,-12.020855187696919,22.7425637435843,863.5815,26.395781815395413,916.3730636307909,810.7899363692092,2018083.0
SWBBL,2025-03-30,839.0,847.0,823.0,833.51,0.35 %,19527.0,16255840.4,0.003527655373353422,0.00352144779165922,828.2939999999999,860.307,843.81919841429,859.8081062636811,37.473548618299944,-15.988907849391126,-12.814465720035761,22.832380619042564,860.307,25.826737084569825,911.9604741691396,808.6535258308604,2037610.0
SWBBL,2025-04-01,840.0,840.0,813.5,823.21,-1.24 %,7907.0,6522392.2,-0.012357380235390014,-0.012434367557071587,826.646,855.7175,840.6485525043992,857.0971354293343,34.213619641124254,-16.44858292493518,-13.541289161015646,23.094353431968095,855.7175,23.66096004556208,903.0394200911242,808.3955799088758,2029703.0
SWBBL,2025-04-02,827.0,827.0,807.1,821.28,-0.23 %,4835.0,3960081.7,-0.0023444807521775246,-0.0023472333502933267,827.4219999999999,851.5514999999999,837.6687751960301,854.4440142864206,33.62337855750013,-16.775239090390528,-14.188079146890622,22.866185329684658,851.5514999999999,21.86839952182563,895.2882990436511,807.8147009563487,2024868.0
SWBBL,2025-04-03,831.9,831.9,818.2,827.27,0.73 %,9734.0,8047342.8,0.00729349308396654,0.0072670241858470335,827.1700000000001,848.7,836.0689636274101,852.4311243392783,37.242083123230685,-16.362160711868228,-14.622895459886145,22.21145780613575,848.7,21.07732256076295,890.8546451215259,806.5453548784742,2034602.0
SWBBL,2025-04-07,827.27,833.0,815.0,828.38,0.13 %,5048.0,4166732.0,0.0013417626651517356,0.0013408633060213858,826.7300000000001,846.219,834.88604614627,850.6495595734059,37.91752479096928,-15.763513427135877,-14.851019053336092,21.91063939141177,846.219,20.354906534167714,886.9288130683354,805.5091869316647,2039650.0
SWBBL,2025-04-08,838.0,838.0,815.1,828.19,-0.02 %,3261.0,2685784.9,-0.00022936333566714318,-0.00022938964345978964,825.6659999999999,843.6285,833.8558852006901,848.9858884938944,37.842446592381194,-15.130003293204368,-14.906815901309747,21.981308006310925,843.6285,19.086778635981563,881.8020572719631,805.4549427280369,2036389.0
SWBBL,2025-04-09,828.19,834.1,818.4,827.62,-0.07 %,3555.0,2941679.5,-0.0006882478658279956,-0.0006884848171174547,826.548,841.4594999999999,832.8965182467377,847.4032300869393,37.60190529329855,-14.506711840201547,-14.826795089088106,21.53264314871729,841.4594999999999,18.25950234993889,877.9785046998777,804.9404953001222,2032834.0
SWBBL,2025-04-10,830.0,833.0,822.3,829.51,0.23 %,4649.0,3848811.6,0.002283656750682761,0.0022810531696421605,828.1940000000001,839.4350000000001,832.3755154395473,846.0778056360549,38.98676608962163,-13.702290196507647,-14.601894110572015,20.758882923808915,839.4350000000001,17.13881022137488,873.7126204427498,805.1573795572504,2037483.0
SWBBL,2025-04-13,830.0,835.0,820.0,832.0,0.30 %,2990.0,2472400.0,0.0030017721305348743,0.0029972758082823766,829.14,837.8950000000001,832.317743833463,845.0350052185694,40.84935288071252,-12.717261385106326,-14.224967565478877,20.34753414353685,837.8950000000001,16.291685803827942,870.478371607656,805.3116283923442,2040473.0
SWBBL,2025-04-15,832.0,835.0,827.0,831.66,-0.04 %,1493.0,1243139.0,-0.00040865384615385025,-0.00040873736789193317,829.796,836.3030000000001,832.2165524744687,844.0442640912679,40.66679663632699,-11.827711616799206,-13.745516375742945,19.465567418998507,836.3030000000001,15.175346038338322,866.6536920766767,805.9523079233235,2038980.0
SWBBL,2025-04-16,830.0,836.0,819.3,833.85,0.26 %,7290.0,6050544.3,0.0026332876415844364,0.0026298266142716414,830.9280000000001,835.3955,832.4678520937812,843.2891334178406,42.45081997492389,-10.821281324059441,-13.160669365406244,19.268026889070047,835.3955,14.723203483086836,864.8419069661736,805.9490930338263,2046270.0
SWBBL,2025-04-17,822.0,852.0,822.0,839.96,0.73 %,5818.0,4911642.1,0.0073274569766745845,0.007300741588329361,833.3960000000001,834.1185000000002,833.6204902331995,843.0425309424451,47.219095502219666,-9.422040709245607,-12.412943634174118,20.034596396993614,834.1185000000002,12.978972579732845,860.0764451594658,808.1605548405345,2052088.0
SWBBL,2025-04-20,856.0,856.0,816.0,824.5,-1.84 %,6208.0,5108544.1,-0.018405638363731658,-0.018577129656263867,832.394,831.8935000000001,832.2173378896302,841.6690101318935,38.521840660177695,-9.451672242263271,-11.820689355791949,21.460696654351214,831.8935000000001,10.201663577662936,852.296827155326,811.4901728446742,2045880.0
SWBBL,2025-04-21,824.0,834.9,824.0,827.4,0.35 %,2447.0,2022577.1,0.0035172832019405575,0.0035111120276575232,831.4739999999999,830.0635,831.4762089835333,840.6120464184199,40.72726758219779,-9.13583743488664,-11.283718971610888,20.706361179040414,830.0635,6.881673049656978,843.8268460993139,816.300153900686,2048327.0
SWBBL,2025-04-22,830.0,830.1,824.2,826.47,-0.11 %,4199.0,3475590.0,-0.0011240029006526209,-0.001124635065660891,830.436,828.8865,830.7060229860667,839.564487424463,40.228866194579155,-8.858464438396254,-10.798668064967961,19.6487639519661,828.8865,5.063464880294553,839.013429760589,818.7595702394109,2044128.0
SWBBL,2025-04-23,820.0,823.0,816.0,819.38,-0.86 %,2158.0,1766767.0,-0.008578653792636226,-0.00861566225025255,827.542,828.1075000000001,828.9635579112872,838.069340207836,36.55603458124938,-9.105782296548796,-10.46009091128413,18.993137955397096,828.1075000000001,5.273988679736713,838.6554773594735,817.5595226405267,2041970.0
SWBBL,2025-04-24,816.0,825.0,813.1,824.43,0.62 %,3041.0,2485990.8,0.006163196563255147,0.006144281744694821,824.4359999999999,827.7564999999998,828.2660874633968,837.0590187109593,40.708316507984335,-8.792931247562478,-10.1266589785398,18.486485244297302,827.7564999999998,5.273428203270642,838.3033564065412,817.2096435934585,2045011.0
SWBBL,2025-04-27,828.9,828.9,808.0,809.7,-1.79 %,5973.0,4854225.5,-0.017866889851169798,-0.01802842976402379,821.476,827.3715,825.409766315182,835.0324247323697,33.76642730800877,-9.622658417187722,-10.025858866269385,18.658879155418923,827.3715,6.258415199116391,839.8883303982327,814.8546696017672,2039038.0
SWBBL,2025-04-28,805.0,815.0,800.0,803.01,-0.83 %,2677.0,2150324.1,-0.00826231937754729,-0.008296641522724203,816.5980000000001,826.0955,821.9636484205386,832.6603932707126,31.166889984032537,-10.696744850174014,-10.160036063050311,18.397530644317573,826.0955,8.283669715919991,842.66283943184,809.52816056816,2036361.0
SWBBL,2025-04-29,809.0,817.0,795.1,802.16,-0.11 %,5324.0,4258985.2,-0.0010585173285513338,-0.0010590779536746116,811.736,824.6745000000001,818.9169332789173,830.4011048802894,30.842003962655212,-11.484171601372054,-10.424863170714662,18.647707026866318,824.6745000000001,9.77692529239143,844.2283505847829,805.1206494152173,2031037.0
SWBBL,2025-04-30,813.0,813.0,787.0,799.62,-0.32 %,4332.0,3454533.0,-0.0031664505834246848,-0.0031714743959792295,807.784,822.9800000000001,815.9481743129301,828.121023037305,29.840967423241665,-12.172848724374944,-10.774460281446718,19.172870810661582,822.9800000000001,11.022494703506302,845.0249894070128,800.9350105929875,2026705.0
SWBBL,2025-05-04,800.0,815.0,789.0,793.63,-0.75 %,2261.0,1812435.0,-0.0074910582526700464,-0.007519257144166207,801.624,821.501,812.5146090340178,825.5661324419491,27.568497093328418,-13.051523407931313,-11.229872906743637,19.660522895614328,821.501,12.826849267081574,847.1546985341631,795.8473014658368,2024444.0
SWBBL,2025-05-05,804.0,804.0,791.0,798.39,0.60 %,1524.0,1215353.7,0.00599775714123707,0.005979842193190465,799.362,820.3565000000001,810.3415922595535,823.5530855943973,32.000076741866536,-13.211493334843794,-11.626196992363669,19.184771260213303,820.3565000000001,13.829611737307124,848.0157234746143,792.6972765253859,2025968.0
SWBBL,2025-05-06,800.0,809.9,789.0,790.82,-0.95 %,1764.0,1408659.8,-0.009481581683137286,-0.009526818047346857,796.924,818.534,807.3382703734684,821.1284125874049,28.9649460475258,-13.79014221393652,-12.058986036678238,19.307287598769495,818.534,15.204021767610039,848.94204353522,788.12595646478,2024204.0
SWBBL,2025-05-07,791.0,840.0,785.1,810.36,2.47 %,3125.0,2519831.6,0.02470853038618137,0.02440821155338278,798.5640000000001,817.633,807.8031518544732,820.3307523957453,43.786138846243006,-12.527600541272136,-12.15270893759702,21.849624198857388,817.633,15.123557469773958,847.880114939548,787.3858850604521,2027329.0
SWBBL,2025-05-08,805.0,820.0,805.0,815.65,0.65 %,1845.0,1509519.7,0.006527962880694904,0.006506748007560675,801.7700000000001,817.0060000000001,809.0103592614773,819.9840299960604,47.00960696184054,-10.973670734583038,-11.916901296994224,21.360365327510433,817.0060000000001,14.921438621713639,846.8488772434274,787.1631227565728,2029174.0
SWBBL,2025-05-11,822.0,822.0,798.7,800.71,-1.83 %,3827.0,3091279.4,-0.018316679948507275,-0.018486507309649316,803.186,815.6605,807.7333809135578,818.5563240704263,40.028437107368,-10.822943156868519,-11.698109668969083,21.498910661259686,815.6605,15.12584490078638,845.9121898015727,785.4088101984272,2025347.0
SWBBL,2025-05-13,811.0,811.0,790.0,793.81,-0.86 %,3943.0,3136041.8,-0.008617352100011355,-0.00865469617140164,802.2700000000001,813.8755,805.5913223114719,816.7232630281725,37.27519333310263,-11.13194071670057,-11.58487587851538,21.463274185455422,813.8755,15.507118391396395,844.8897367827927,782.8612632172072,2021404.0
SWBBL,2025-05-14,798.9,801.0,786.0,790.06,-0.47 %,3435.0,2724158.4,-0.004724052355097541,-0.0047352459571121,802.118,811.7785,803.2018881097069,814.7482065075671,35.83267250348139,-11.546318397860205,-11.577164382384344,21.00161174363718,811.7785,15.760837633517044,843.3001752670341,780.2568247329659,2017969.0
SWBBL,2025-05-15,790.0,794.0,784.0,785.12,-0.63 %,6499.0,5111610.8,-0.006252689669138944,-0.006272319602555256,797.0699999999999,809.4514999999999,800.420059169752,812.5535245440437,33.96779663358487,-12.133465374291745,-11.688424580765824,20.215782333377383,809.4514999999999,16.102923983080466,841.6573479661608,777.245652033839,2011470.0
SWBBL,2025-05-18,787.1,798.9,783.3,788.0,0.37 %,2058.0,1623899.6,0.003668229060525663,0.003661517516285744,791.54,807.1589999999999,798.5092808359441,810.7347449481886,36.05715486095372,-12.225464112244481,-11.795832487061556,19.886083595279004,807.1589999999999,15.705426451244092,838.569852902488,775.7481470975117,2013528.0
SWBBL,2025-05-19,797.9,797.9,791.0,793.1,0.65 %,6215.0,4924374.5,0.006472081218274139,0.006451227231394838,790.0179999999999,804.816,797.6770837842604,809.428467544619,39.696016095878946,-11.751383760358635,-11.786942741720972,19.17279190990193,804.816,13.951994538216718,832.7199890764334,776.9120109235666,2019743.0
SWBBL,2025-05-20,802.0,813.6,785.0,812.81,2.49 %,7875.0,6297667.5,0.02485184718194411,0.02454806280886653,793.818,804.2315000000001,800.005224740528,809.6789514302028,51.243926222095155,-9.673726689674822,-11.364299531311744,19.84616391633751,804.2315000000001,13.31425088371254,830.8600017674252,777.602998232575,2027618.0
SWBBL,2025-05-21,829.0,843.9,802.6,808.0,-0.59 %,5066.0,4144720.8,-0.005917742153762839,-0.005935321377045209,797.406,803.2615,801.2351901650622,809.5545846575952,48.788547890750635,-8.319394492532979,-10.75531852355599,21.378580779456254,803.2615,12.197325969448592,827.6561519388971,778.8668480611028,2022552.0
SWBBL,2025-05-22,818.9,840.4,810.0,834.65,3.30 %,36900.0,30470526.2,0.03298267326732662,0.03245041678030157,807.312,803.6705,806.3759301396681,811.4135043125882,60.174596356507685,-5.037574172920131,-9.611769653428818,22.16582500949509,803.6705,13.118846016512927,829.9081920330258,777.4328079669741,2059452.0
SWBBL,2025-05-25,835.0,866.0,835.0,863.12,3.41 %,20808.0,17818968.8,0.03411010603246867,0.03354125594168757,822.336,805.8575,815.1057870412576,815.2436151042483,68.28653370700025,-0.1378280629907067,-7.716981335341195,22.82183750881687,805.8575,18.441619941536956,842.7407398830738,768.9742601169261,2080260.0
SWBBL,2025-05-26,878.0,878.0,842.9,845.7,-2.02 %,27537.0,23765587.0,-0.02018259338214845,-0.020389044454908065,832.856,806.921,819.8125890349103,817.4996436150448,60.20584421141597,2.312945419865514,-5.710995984299854,23.698849115329953,806.921,20.107134083903492,847.135268167807,766.7067318321931,2052723.0
SWBBL,2025-05-27,830.1,849.0,830.0,832.82,-1.52 %,11130.0,9271225.4,-0.01522998699302347,-0.015347154405945048,836.858,808.077,821.8137291833857,818.6344848287451,55.02145260660141,3.1792443546405593,-3.932947916511771,23.363217035663528,808.077,20.92335464233937,849.9237092846787,766.2302907153213,2041593.0
SWBBL,2025-05-28,832.82,842.0,825.0,838.61,0.70 %,2182.0,1815426.0,0.006952282606085269,0.006928226919631437,842.9799999999999,809.8570000000001,824.3977708474802,820.1141526192084,56.82146078226643,4.2836182282717346,-2.2896346875550697,22.908701533116133,809.8570000000001,21.958298060177547,853.7735961203551,765.940403879645,2043775.0
SWBBL,2025-06-02,840.0,841.0,833.0,836.17,-0.29 %,2930.0,2449952.0,-0.0029095765612144886,-0.0029138176075276254,843.284,811.5575,826.2088830247908,821.3034746474152,55.80787505832141,4.905408377375579,-0.85062607456894,21.843794280750696,811.5575,22.63726128973124,856.8320225794624,766.2829774205376,2040845.0
SWBBL,2025-06-03,821.0,830.0,821.0,824.15,-1.44 %,2471.0,2030895.5,-0.014375067271009456,-0.014479389516970432,835.49,812.784,825.8921317902075,821.5143283772363,50.983134672281714,4.377803412971161,0.1950598229390803,21.3670946892685,812.784,22.62095847042281,858.0259169408456,767.5420830591544,2038374.0
SWBBL,2025-06-04,810.1,840.0,810.1,815.0,-1.11 %,15506.0,12912655.1,-0.011102347873566676,-0.011164438936502237,829.35,813.8525,824.2164192070986,821.031785534478,47.60895342685318,3.1846336726206346,0.7929745928753912,21.97658792574932,813.8525,22.168788604098435,858.1900772081968,769.5149227918031,2022868.0
SWBBL,2025-06-05,812.0,820.0,803.0,804.11,-1.34 %,4626.0,3727392.2,-0.013361963190184012,-0.013452037499942749,823.608,814.1385,821.123123944468,819.7783199393315,43.88622332740296,1.3448040051365524,0.9033404753276235,21.62111735962437,814.1385,21.99502342671224,858.1285468534245,770.1484531465755,2018242.0
SWBBL,2025-06-08,796.0,806.0,788.0,795.53,-1.07 %,10222.0,8090955.4,-0.010670181940281798,-0.010727516543427497,814.992,814.374,817.1857202607036,817.9821480919736,41.15569345987337,-0.7964278312699662,0.5633868140081056,21.362466119651202,814.374,21.75613002579987,857.8862600515997,770.8617399484003,2008020.0
SWBBL,2025-06-09,800.0,807.0,795.1,795.99,0.06 %,5543.0,4426064.2,0.000578230864958007,0.000578063753907487,806.9559999999999,813.6555,813.9248402205955,816.3531000851607,41.3663238697439,-2.4282598645652342,-0.03494252170656231,20.686575682533256,813.6555,22.1297478941225,857.9149957882449,769.396004211755,2013563.0
SWBBL,2025-06-10,793.0,806.9,793.0,798.77,0.35 %,2803.0,2242827.0,0.003492506187263711,0.003486421550501808,801.88,812.8115,811.5933263405038,815.0506482270006,42.70117846751038,-3.457321886496743,-0.7194183946645984,20.20182027663802,812.8115,22.370260398093006,857.5520207961861,768.070979203814,2016366.0
SWBBL,2025-06-11,798.77,809.0,795.1,795.9,-0.36 %,4217.0,3370237.2,-0.003593024274822554,-0.0035994946900979635,798.06,812.571,809.1789684419648,813.6320816916672,41.64705159859783,-4.453113249702369,-1.4661573656721527,19.75169025687816,812.571,22.532477356136603,857.6359547122732,767.5060452877268,2012149.0
SWBBL,2025-06-12,798.1,806.0,795.0,802.88,0.88 %,5552.0,4431619.0,0.008769945973112314,0.00873171336625392,797.8140000000001,813.0245,808.2098963739702,812.8356311959882,45.19081390536827,-4.625734822017989,-2.09807285694132,19.126569524244005,813.0245,22.224175190770588,857.4728503815412,768.5761496184588,2017701.0
SWBBL,2025-06-15,813.0,818.9,804.0,804.02,0.14 %,3047.0,2462888.6,0.0014198884017537772,0.0014188813134063893,799.512,813.7225,807.565296931821,812.1826214777668,45.77007570591667,-4.6173245459458485,-2.6019231947422257,18.904671701083718,813.7225,21.67746097883691,857.0774219576738,770.3675780423262,2020748.0
SWBBL,2025-06-16,791.0,835.0,788.0,810.99,0.87 %,13976.0,11379235.6,0.008668938583617392,0.008631579091701643,802.512,815.0160000000001,808.0921743269254,812.0942791460805,49.29830366494913,-4.002104819155079,-2.8819595196247962,20.911480865292024,815.0160000000001,20.62731285952586,856.2706257190518,773.7613742809483,2034724.0
SWBBL,2025-06-17,822.0,827.0,815.0,816.51,0.68 %,14949.0,12213672.5,0.006806495764436038,0.006783436149783727,806.0600000000001,816.4415,809.3872244304753,812.4213695797041,51.963795212077,-3.0341451492288343,-2.9123966455456043,20.561375089199736,816.4415,19.62270630952816,855.6869126190563,777.1960873809437,2049673.0
SWBBL,2025-06-18,824.5,832.8,812.1,816.5,-0.00 %,1862.0,1531971.3,-1.2247247431096397e-05,-1.2247322429243564e-05,810.1800000000001,817.6115,810.4814975950176,812.7234903515779,51.95846607624129,-2.2419927565603075,-2.778315867748545,20.571276868542608,817.6115,18.839713450845625,855.2909269016913,779.9320730983087,2047811.0
SWBBL,2025-06-19,809.1,825.0,805.1,807.37,-1.12 %,6550.0,5331536.0,-0.011181873851806468,-0.011244860986178185,811.078,817.3394999999999,810.0028056573226,812.3269355107203,47.199140297906254,-2.3241298533977215,-2.6874786648783804,20.523328520789565,817.3394999999999,18.951621920993848,855.2427438419876,779.4362561580123,2041261.0
SWBBL,2025-06-22,807.0,819.0,792.2,793.08,-1.77 %,4857.0,3871680.2,-0.01769944387331701,-0.01785795215397978,808.89,816.5935000000001,807.3992970946575,810.9012365840003,40.88644788759443,-3.501939489342817,-2.850370829771268,20.97166219787602,816.5935000000001,19.6204542241668,855.8344084483336,777.3525915516665,2036404.0
SWBBL,2025-06-23,788.0,799.7,784.1,790.23,-0.36 %,2466.0,1948211.1,-0.003593584505976688,-0.0036000569415928626,804.738,814.3725,804.7578667724025,809.3700338740744,39.74473357592926,-4.612167101671844,-3.2027300841513835,20.587972040884882,814.3725,19.979756037827123,854.3320120756542,774.4129879243457,2033938.0
SWBBL,2025-06-24,783.0,810.0,782.4,796.66,0.81 %,4040.0,3222412.0,0.008136871543727775,0.008103945692827368,800.768,811.0495,803.5120411151098,808.4285498834022,43.57311281362884,-4.916508768292374,-3.545485820979582,21.08883118082168,811.0495,16.703591947923453,844.4566838958468,777.6423161041531,2037978.0
SWBBL,2025-06-25,790.0,799.0,785.1,791.77,-0.61 %,980.0,777961.1,-0.006138126678884359,-0.006157042422993268,795.8219999999999,808.353,801.7055732512467,807.1945832253724,41.41789799206133,-5.489009974125679,-3.9341906516088017,20.575343239334412,808.353,15.090619987076902,838.5342399741537,778.1717600258462,2036998.0
SWBBL,2025-06-26,790.5,800.0,787.0,795.4,0.46 %,2303.0,1824182.2,0.004584664738497279,0.0045741871749872395,793.428,806.482,800.7354850587471,806.3209103938634,43.64621768133307,-5.58542533511627,-4.264437588310296,20.03424729366767,806.482,14.190327914859594,834.8626558297192,778.1013441702808,2039301.0
SWBBL,2025-06-29,787.1,820.0,787.1,815.13,2.48 %,6466.0,5162115.6,0.024805129494593903,0.024502476949486245,797.838,805.308,802.9500258189398,806.9734355498736,53.90839514482158,-4.023409730933736,-4.216232016834984,20.95322962983426,805.308,12.228002204375565,829.7640044087511,780.8519955912489,2045767.0
SWBBL,2025-06-30,807.0,825.0,807.0,821.73,0.81 %,3282.0,2677584.0,0.008096867984247913,0.008064264222667587,804.138,804.586,805.839252616026,808.0665143980311,56.74595304171707,-2.2272617820051437,-3.818437969869016,20.74228465627467,804.586,10.632002535281304,825.8500050705626,783.3219949294374,2049049.0
SWBBL,2025-07-01,834.0,834.0,821.0,830.89,1.11 %,6834.0,5642467.8,0.011147213805021039,0.01108554151015214,810.9839999999999,804.923,809.693213752022,809.75714296114,60.39061475848313,-0.06392920911798683,-3.0675362177188106,20.18926432368362,804.923,11.366221934667482,827.6554438693349,782.1905561306651,2055883.0
SWBBL,2025-07-02,840.0,847.5,820.0,835.86,0.60 %,14102.0,11770418.9,0.005981537869031994,0.005963719490292229,819.802,805.966,813.7188731747877,811.6906879269815,62.24928056174366,2.0281852478062774,-2.048391924613793,20.71145972913479,805.966,13.155795361528376,832.2775907230567,779.6544092769433,2069985.0
SWBBL,2025-07-03,826.1,845.0,826.1,835.76,-0.01 %,14016.0,11750291.8,-0.00011963725982822027,-0.00011964441693603341,827.874,807.5485,817.1098157632819,813.4735999323902,62.18605037272619,3.636215830891615,-0.9114703735127115,20.582069748482304,807.5485,14.73016178010495,837.0088235602099,778.0881764397901,2055969.0
SWBBL,2025-07-06,836.0,842.0,833.0,835.95,0.02 %,6304.0,5275830.6,0.0002273379917681062,0.00022731215440265797,832.0380000000001,809.5695,820.0083056458539,815.1385184559169,62.26447974908557,4.869787189936915,0.24478113917721367,19.75477905216214,809.5695,15.73311575407691,841.0357315081537,778.1032684918462,2062273.0
SWBBL,2025-07-07,831.0,840.0,820.0,831.93,-0.48 %,10529.0,8671812.0,-0.0048089000538310556,-0.004820500017346447,834.0780000000001,811.3665,821.8424124695686,816.3823319036268,59.45471375365321,5.46008056594178,1.287841024530127,19.772294834150557,811.3665,16.14749883726793,843.6614976745358,779.0715023254642,2051744.0
SWBBL,2025-07-08,817.5,827.6,817.5,824.28,-0.92 %,1443.0,1183683.9,-0.009195485197071807,-0.009238024652518079,832.756,812.642,822.2174259357888,816.96734435521,54.42176533699118,5.250081580578808,2.0802891357398634,19.390702345996942,812.642,16.10760088688328,844.8572017737666,780.4267982262335,2050301.0
SWBBL,2025-07-09,827.4,832.0,821.1,824.82,0.07 %,2651.0,2191301.2,0.0006551171931867827,0.0006549026975931,830.548,814.088,822.6178219456674,817.5490225511204,54.71318908050346,5.068799394547,2.6779911875012905,18.784223606997163,814.088,15.821092051420338,845.7301841028407,782.4458158971593,2052952.0
SWBBL,2025-07-10,833.0,843.7,825.1,840.78,1.93 %,9289.0,7763801.2,0.01934967629300921,0.019164851698797527,831.552,815.983,825.4120031847956,819.2698356954818,62.371135995287375,6.142167489313806,3.370826447863794,18.79106477792594,815.983,16.65573272620713,849.2944654524142,782.6715345475857,2062241.0
SWBBL,2025-07-13,857.5,884.0,857.5,870.14,3.49 %,31759.0,27677726.8,0.03491995527962133,0.034324085832517594,838.39,819.2890000000001,832.2932334640578,823.0379960143349,71.81364451084119,9.255237449722927,4.547708648235621,20.535988722359804,819.2890000000001,20.316093931826128,859.9211878636523,778.6568121363479,2094000.0
SWBBL,2025-07-14,883.0,883.0,856.0,861.15,-1.03 %,7869.0,6808358.5,-0.010331670765623913,-0.010385412960943398,844.234,821.7969999999999,836.732736008049,825.8611074206805,66.32538800383955,10.871628587368491,5.812492636062196,20.997703813619818,821.7969999999999,22.242442146642375,866.2818842932846,777.3121157067152,2086131.0
SWBBL,2025-07-15,872.0,882.0,856.1,877.6,1.91 %,17271.0,15079238.9,0.019102363119084975,0.018922203679265014,854.8979999999999,824.8515000000001,843.020007391426,829.6936179821115,70.73293983028842,13.326389409314515,7.3152719907126595,21.34786782693269,824.8515000000001,25.44263046571824,875.7367609314366,773.9662390685636,2103402.0
SWBBL,2025-07-16,877.0,895.0,877.0,881.44,0.44 %,21611.0,19119196.5,0.0043755697356426815,0.004366024763385931,866.2220000000001,828.0985000000001,848.9307754850529,833.52668331677,71.66525788959245,15.404092168282887,8.933036026226706,21.108734410723212,828.0985000000001,28.3036840221473,884.7058680442947,771.4911319557054,2125013.0
SWBBL,2025-07-17,890.0,907.8,890.0,895.93,1.64 %,18567.0,16702775.2,0.01643900889453609,0.01630535119860718,877.2520000000001,832.5264999999999,856.1614254104293,838.1491512192315,74.9128280841145,18.012274191197776,10.74888365922092,21.483824809957262,832.5264999999999,31.622918117689586,895.7723362353792,769.2806637646207,2143580.0
SWBBL,2025-07-20,900.0,924.0,888.0,889.86,-0.68,41301.0,37256577.1,-0.006775082874778127,-0.006798137941087501,881.1960000000001,837.3655000000001,861.3458215011325,841.9795844622514,71.22979220890399,19.36623703888108,12.472354335152954,22.52069446638889,837.3655000000001,32.65687281196643,902.679245623933,772.0517543760673,2102279.0
SWBBL,2025-07-21,904.9,905.0,878.0,900.3,1.17,14467.0,12966102.3,0.01173218259051989,0.01166389413250499,889.0260000000001,842.869,867.3387720394198,846.2996152428253,73.6310515050249,21.03915679659451,14.185714827441267,22.840644861646826,842.869,33.55763398933403,909.9842679786681,775.753732021332,2116746.0
SWBBL,2025-07-22,885.0,967.0,885.0,964.94,7.18,118429.0,111965518.5,0.07179828945906941,0.06933788212573397,906.494,851.283,882.3543455718168,855.0877918915049,83.05904789818145,27.26655368031186,16.801882598015386,27.06631308581491,851.283,41.51495014181914,934.3129002836383,768.2530997163617,2235175.0
SWBBL,2025-07-23,969.8,1015.0,953.0,997.91,3.42,164873.0,161326281.0,0.034167927539536125,0.033597168644084414,929.7880000000001,861.5899999999999,900.132138560768,865.6672147143564,85.83999263012096,34.46492384641158,20.334490847694624,29.561576436828133,861.5899999999999,50.56487526475946,962.7197505295188,760.460249470481,2400048.0
SWBBL,2025-07-24,980.0,1039.0,980.0,1007.03,0.91 %,170658.0,172015058.4,0.009139100720505944,0.009097591850337863,952.008,872.1715,916.5779633975728,876.1385321429227,86.5001450503535,40.43943125465012,24.355478929085727,31.664320977054697,872.1715,57.63389000052925,987.4392800010585,756.9037199989416,2570706.0
SWBBL,2025-07-27,1020.0,1046.5,1010.0,1019.08,1.20 %,149276.0,153712582.1,0.011965879864552331,0.011894854748030577,977.8520000000001,882.369,932.347507490254,886.7267890212248,87.33997651882109,45.62071846902916,28.608526837074415,32.22186947869365,882.369,64.62858858213771,1011.6261771642754,753.1118228357246,2719982.0
SWBBL,2025-07-28,1039.0,1039.0,988.0,1007.34,-1.15,64705.0,65133899.4,-0.011520194685402552,-0.011587066206255837,999.26,891.6495000000001,943.8848140302149,895.6611009455785,81.98840639917094,48.223713084636415,32.53156408658682,33.56316451592982,891.6495000000001,68.66330656305207,1028.9761131261043,754.322886873896,2655277.0
SWBBL,2025-07-29,1020.0,1028.0,1010.5,1013.96,0.66,56705.0,57755810.3,0.00657176325768849,0.0065502633649290026,1009.064,900.8029999999999,954.6656118717203,904.4239823570172,82.6345495972551,50.24162951470316,36.07357717221009,32.641509907649116,900.8029999999999,72.24619968889216,1045.2953993777842,756.3106006222156,2711982.0
SWBBL,2025-07-30,1034.0,1034.0,970.0,976.66,-3.68,48226.0,47717611.8,-0.03678646100437899,-0.03748014826015102,1004.814,907.8429999999998,958.0493638914556,909.7747984787196,67.86246477176014,48.274565412736024,38.513774820315284,34.881402057102754,907.8429999999998,72.44461159005898,1052.732223180118,762.9537768198819,2663756.0
SWBBL,2025-07-31,995.0,1016.0,957.2,962.09,-1.49,32060.0,31213511.1,-0.014918190567853595,-0.015030585997883062,995.826,914.1595,958.6710002158471,913.649998591407,63.11615513691545,45.021001624440146,39.81522018114026,36.58987333873827,914.1595,71.32764574215663,1056.8147914843132,771.5042085156867,2631696.0
SWBBL,2025-08-03,952.0,969.0,925.0,931.77,-3.15,31978.0,30088793.1,-0.03151472315479842,-0.03202199826901564,978.3639999999999,918.9504999999999,954.5323847980245,914.9922209179695,54.563805994274716,39.54016388005505,39.76020892092322,37.11916810025697,918.9504999999999,68.97724952751928,1056.9049990550384,780.9960009449613,2599718.0
SWBBL,2025-08-04,940.0,960.0,920.0,942.53,1.15 %,19216.0,17936473.2,0.01154791418483092,0.011481745940080102,965.402,924.4805,952.6858640598668,917.0320564055273,56.80091523008729,35.653807654339516,38.938928667606476,37.32494180738147,924.4805,66.00285699368564,1056.4862139873712,792.4747860126288,2618934.0
SWBBL,2025-08-05,960.0,960.0,935.0,945.3,0.29 %,16305.0,15490219.7,0.0029388984965994513,0.0029345883770171676,951.6699999999998,930.5315,951.5495772814257,919.125978153266,57.38264847457231,32.42359912815971,37.63586275971713,36.44458882113994,930.5315,61.74317983015876,1054.0178596603175,807.0451403396826,2635239.0
SWBBL,2025-08-06,964.2,964.2,927.0,940.69,-0.49,21001.0,19877303.0,-0.004876758700941397,-0.004888688891566365,944.476,936.325,949.8788730842833,920.723313104876,56.03033189531235,29.15555997940737,35.93980220365518,36.49854676248709,936.325,56.51695874981848,1049.358917499637,823.2910825003631,2614238.0
SWBBL,2025-08-07,959.5,959.5,940.0,941.87,0.13 %,14379.0,13559240.3,0.0012543983671560177,0.0012536122668442146,940.432,941.3795,948.6467387636244,922.2897343563667,56.31412678391259,26.357004407257705,34.023242644375685,35.28436485088087,941.3795,51.850040092987136,1045.0795801859742,837.6794198140258,2628617.0
SWBBL,2025-08-11,940.0,940.0,911.0,916.95,-2.65,16882.0,15600233.3,-0.026458003758480397,-0.026814315663772192,937.4680000000001,943.7199999999999,943.7703174153745,921.8941984781173,49.10579391975135,21.87611893725716,31.593817902951983,34.96905307581795,943.7199999999999,49.46677875112496,1042.65355750225,844.7864424977499,2611735.0
SWBBL,2025-08-12,933.9,952.5,905.0,925.05,0.88,49346.0,45305645.1,0.008833633240634686,0.008794844962767386,933.972,946.915,940.89026858224,922.1279615538124,51.28838161185576,18.762307028427585,29.027515728047106,35.86412071325953,946.915,45.77915251810417,1038.4733050362083,855.3566949637916,2661081.0
SWBBL,2025-08-13,942.0,942.0,915.0,916.46,-0.93,15952.0,14774546.7,-0.00928598454137608,-0.009329368077255321,928.204,948.858,937.1317657234338,921.7081125498263,48.89369311220114,15.423653173607477,26.30674321715918,35.230969233741,948.858,43.44768064807208,1035.753361296144,861.9626387038558,2645129.0
SWBBL,2025-08-14,933.9,933.9,908.0,909.18,-0.79 %,9025.0,8257459.0,-0.007943609104598237,-0.00797532765223034,921.902,950.2450000000001,932.8314940736748,920.7801042128021,46.895294145818,12.051389860872632,23.455672545901873,34.56447143133093,950.2450000000001,41.58504266796934,1033.4150853359388,867.0749146640615,2636104.0
SWBBL,2025-08-17,909.0,922.0,890.0,896.49,-1.4,16697.0,15046268.6,-0.013957632152049038,-0.014055955882832148,912.826,950.2729999999999,927.2404949854172,918.980837234076,43.55358827582329,8.259657751341138,20.416469586989727,34.381294900521574,950.2729999999999,41.54671740800999,1033.3664348160198,867.1795651839799,2619407.0
SWBBL,2025-08-18,900.0,911.0,881.1,901.99,0.61 %,7243.0,6509214.0,0.0061350377583686555,0.006116295033373354,909.8340000000001,950.8795,923.3558034491991,917.7222566982185,45.370573312281216,5.633546750980599,17.4598850197879,34.06120240762718,950.8795,40.698264216987994,1032.276028433976,869.482971566024,2626650.0
SWBBL,2025-08-19,904.0,904.0,892.1,894.39,-0.84,7765.0,6959608.0,-0.008425814033415024,-0.00846151186812204,903.702,950.5840000000001,918.8995259954761,915.9939413872394,43.296594405763265,2.9055846082367225,14.549024937477666,32.47825937851095,950.5840000000001,41.10426849408302,1032.7925369881661,868.375463011834,2618885.0
SWBBL,2025-08-20,890.0,892.0,880.0,880.13,-1.59,6699.0,5932702.6,-0.015943827636713315,-0.01607229782416475,896.436,946.3435000000002,912.9349835346336,913.3373531363327,39.63554554762407,-0.4023696016990925,11.558746029642316,31.18624085147445,946.3435000000002,43.82962916088976,1034.0027583217798,858.6842416782207,2612186.0
SWBBL,2025-08-21,880.0,885.0,871.0,877.37,-0.31 %,8220.0,7218391.0,-0.003135900378353207,-0.0031408276175285384,890.074,940.3165000000001,907.4634476062284,910.6731047558636,38.94907303252166,-3.209657149635177,8.605065393786818,29.958652219226277,940.3165000000001,44.645643775968914,1029.607787551938,851.0252124480623,2603966.0
SWBBL,2025-08-24,891.0,894.0,865.0,876.61,-0.09 %,14322.0,12601384.3,-0.0008662251957555211,-0.000866600585597484,886.098,933.7955,902.7167633591164,908.1499118109848,38.750051625205245,-5.433148451868419,5.797422624655771,29.890177060710116,933.7955,43.90707585658723,1021.6096517131743,845.9813482868256,2589644.0
SWBBL,2025-08-25,894.0,928.0,874.0,886.89,1.17 %,17766.0,15794617.3,0.011726993760052817,0.01165876545926292,883.0780000000001,927.186,900.2818766884831,906.5751035286896,42.99324834566179,-6.293226840206557,3.3792927316833055,31.612307270659393,927.186,40.184944208816695,1007.5558884176335,846.8161115823666,2607410.0
SWBBL,2025-08-26,890.0,890.0,865.0,871.63,-1.72,8565.0,7504035.7,-0.01720619242521615,-0.01735593915392135,878.5260000000001,920.4005000000001,895.8738956594857,903.9865773413793,38.70659370104403,-8.112681681893605,1.0808978489679233,31.139999608469438,920.4005000000001,37.29167417679113,994.9838483535823,845.8171516464179,2598845.0
SWBBL,2025-08-27,887.0,887.0,872.0,882.53,1.25,6354.0,5603564.6,0.01250530615054557,0.012427760627339177,879.006,913.8290000000001,893.8209886349495,902.3972012420179,43.07271088072064,-8.576212607068442,-0.8505242422393497,30.013571065007337,913.8290000000001,30.98370775632146,975.796415512643,851.8615844873572,2605199.0
SWBBL,2025-08-28,890.0,890.0,865.0,869.06,-1.53 %,13476.0,11783880.5,-0.015262937237261132,-0.015380614802859701,877.344,908.449,890.0116057680342,899.9277789277944,39.34300222389074,-9.916173159760206,-2.6636540257435213,29.65545884607824,908.449,28.76168282560709,965.9723656512141,850.9256343487858,2591723.0
SWBBL,2025-08-31,880.0,880.0,845.0,848.13,-2.41 %,11975.0,10255911.8,-0.024083492509147764,-0.024378241831913408,871.6479999999999,902.751,883.5682818037212,896.0909064146244,34.36379562992687,-12.522624610903222,-4.635448142775462,30.037211785644082,902.751,28.86368541615989,960.4783708323198,845.0236291676802,2579748.0
SWBBL,2025-09-01,848.0,848.6,832.0,840.68,-0.88 %,9073.0,7618389.5,-0.008784030750003002,-0.008822837769950659,862.406,898.1965,876.9700846031487,891.986394828356,32.77381660305488,-15.016310225207235,-6.711620559261817,29.077410943812364,898.1965,31.14057401970646,960.4776480394129,835.9153519605871,2570675.0
SWBBL,2025-09-02,850.0,856.9,830.0,833.19,-0.89 %,6942.0,5808034.6,-0.008909454251320281,-0.00894938076472534,854.7180000000001,892.7295,870.234686971895,887.6311063225518,31.210313911332932,-17.396419350656743,-8.848580317540803,28.921881590682908,892.7295,32.51525609153309,957.7600121830662,827.6989878169338,2563733.0
SWBBL,2025-09-03,840.0,843.0,831.0,831.42,-0.21 %,5331.0,4455619.6,-0.0021243653908473714,-0.002126625055807493,844.4960000000001,887.0355,864.2631966685266,883.4673206690295,30.835940543821593,-19.20412400050293,-10.91968905413323,27.713175762776988,887.0355,32.79470455910752,952.624909118215,821.4460908817849,2558402.0
SWBBL,2025-09-04,825.1,841.6,815.1,827.71,-0.45,15851.0,13046529.2,-0.004462245315243751,-0.004472230848207965,836.226,881.3865,858.6396279502917,879.33714876762,30.023022893710575,-20.697520817328268,-12.875255406772238,27.62652035115006,881.3865,32.796699011739435,946.9798980234789,815.793101976521,2542551.0
SWBBL,2025-09-07,835.0,838.9,831.2,833.3,0.68,2086.0,1739684.6,0.006753573111355271,0.006730869897690239,833.26,875.958,854.7412236502469,875.9269895996481,32.89364221073586,-21.18576594940123,-14.537357515298037,26.452483183210767,875.958,31.20520479551285,938.3684095910256,813.5475904089743,2544637.0
SWBBL,2025-09-08,840.9,841.0,820.0,823.11,-1.22,8090.0,6682924.4,-0.012228489139565535,-0.01230387229128486,829.7459999999999,871.266,849.8748815502089,872.0146199996742,30.44208580202934,-22.139738449465312,-16.057833702131493,26.063020098695713,871.266,31.767080842868793,934.8001616857375,807.7318383142624,2536547.0
SWBBL,2025-09-18,807.0,807.0,756.9,760.0,-7.67,976.0,757924.0,-0.07667261969846073,-0.07977141581649944,815.108,863.0135,836.0479766963306,863.7172407404391,20.33411651646098,-27.66926404410856,-18.380119770526907,28.93066152021745,863.0135,37.905096210121684,938.8236924202433,787.2033075797567,2535571.0
SWBBL,2025-09-21,758.0,820.0,758.0,817.02,7.5,9601.0,7737459.9,0.07502631578947372,0.0723451410841622,812.2280000000001,858.0415,833.1205956661258,860.258185870777,39.787321762209764,-27.137590204651133,-20.131613857351752,31.2927571259162,858.0415,37.03738371406505,932.1162674281302,783.9667325718699,2545172.0
SWBBL,2025-09-23,822.0,854.0,818.0,854.0,4.53,6916.0,5813025.2,0.04526204988861959,0.04426761942403091,817.4860000000001,855.2825,836.332811717491,859.7946165470157,48.56020585186381,-23.46180482952468,-20.797652051786336,31.698988759779333,855.2825,35.02820966568155,925.3389193313632,785.2260806686369,2552088.0
SWBBL,2025-09-24,850.0,850.0,835.6,840.0,-1.64,2056.0,1730756.5,-0.016393442622950838,-0.016529301951210582,818.826,852.458,836.8969945301847,858.3283486546442,45.837378938504344,-21.431354124459517,-20.924392466320974,30.749060991223665,852.458,33.7860721228181,920.0301442456362,784.8858557543638,2550032.0
SWBBL,2025-09-25,855.0,855.0,834.2,835.0,-0.6,4970.0,4156120.3,-0.005952380952380931,-0.005970166986503796,821.2040000000001,849.1085,836.6051492178485,856.6003228283743,44.86972607553495,-19.99517361052574,-20.738548695161928,30.03841377756483,849.1085,31.88421029392575,912.8769205878516,785.3400794121485,2545062.0
SWBBL,2025-09-28,845.0,845.0,833.0,844.7,1.16,2655.0,2220729.5,0.011616766467065887,0.01154980988259551,838.144,846.624,837.850510876641,855.7188174336799,47.19852646830543,-17.868306557038864,-20.164500267537314,28.749955650595915,846.624,30.053478895111446,906.7309577902229,786.5170422097772,2547717.0
SWBBL,2025-10-07,844.7,844.9,815.0,824.0,-2.45,6763.0,5561029.0,-0.024505741683437998,-0.02481100482397937,839.54,843.8174999999999,835.7196630494655,853.3692754015555,43.02199326931126,-17.649612352090003,-19.661522684447853,28.832101675553346,843.8174999999999,29.372995810939873,902.5634916218796,785.0715083781201,2540954.0
SWBBL,2025-10-08,815.0,815.0,794.0,800.0,-2.91,11350.0,9104407.3,-0.029126213592232997,-0.02955880224154439,828.74,839.949,830.2243302726246,849.4159957421809,38.741538247925575,-19.19166546955637,-19.56755124146956,28.915522984442394,839.949,29.81308612380406,899.5751722476081,780.3228277523918,2529604.0
SWBBL,2025-10-09,816.0,848.0,793.8,813.0,1.63,15363.0,12499962.0,0.016250000000000098,0.01611938187988339,823.3399999999999,836.7684999999999,827.5744333076054,846.7185145760934,42.101859653749,-19.14408126848798,-19.482857246873245,30.721557056982224,836.7684999999999,29.080188639874482,894.9288772797489,778.6081227202509,2544967.0
SWBBL,2025-10-12,798.0,800.0,776.1,776.1,-4.54,12923.0,10156123.8,-0.045387453874538686,-0.04644973168771739,811.56,831.2289999999999,819.6552897218199,841.4875134963828,36.05597720191847,-21.832223774562863,-19.952730552411168,31.16287441005492,831.2289999999999,29.577970981516433,890.3849419630328,772.073058036967,2532044.0
SWBBL,2025-10-13,775.0,805.0,775.0,798.0,2.82,8923.0,7066011.9,0.028218013142636167,0.027827219589715537,802.22,827.5475,816.3237066876939,838.2662162003544,41.43154812897999,-21.942509512660536,-20.350686344461042,31.079811952193854,827.5475,28.858208515070576,885.2639170301412,769.8310829698588,2540967.0
SWBBL,2025-10-14,790.0,800.0,785.0,789.0,-1.13,2833.0,2226139.5,-0.011278195488721776,-0.011342276603934495,795.22,822.8709999999999,812.1200595049717,834.61686685218,39.94535910533385,-22.496807347208346,-20.779910545010505,29.931253955608582,822.8709999999999,26.997630676050804,876.8662613521014,768.8757386478983,2538134.0
SWBBL,2025-10-15,775.0,800.0,762.0,789.9,0.11,6431.0,5030622.3,0.0011406844106462977,0.001140034324499077,793.2,818.913,808.7015888118991,831.3045063446111,40.176458967761704,-22.602917532712013,-21.144511942550807,30.5075929587794,818.913,25.63808538328321,870.1891707665665,767.6368292334336,2544565.0
SWBBL,2025-10-16,779.0,790.0,777.0,781.0,-1.13,4690.0,3663497.1,-0.011267249018863112,-0.011331205330687408,786.8,815.5565,804.4398059177609,827.5782466153806,38.59479566121163,-23.138440697619785,-21.543297693564604,29.257050604580872,815.5565,26.003398214455277,867.5632964289106,763.5497035710895,2539875.0
SWBBL,2025-10-19,796.0,796.0,780.5,786.0,0.64,3590.0,2832028.9,0.006402048655569814,0.006381642589520611,788.78,812.8225,801.6029126996438,824.4983764957227,40.02332591571111,-22.895463796078957,-21.813730914067477,28.274404132825097,812.8225,26.097246250466483,865.0169925009329,760.628007499067,2543465.0
SWBBL,2025-10-26,781.0,795.0,781.0,785.1,-0.11,2247.0,1764503.9,-0.0011450381679388721,-0.001145694224996621,786.2,810.418,799.0640030535446,821.5799782367803,39.84364559290484,-22.515975183235696,-21.95417976790112,27.254803837623307,810.418,26.336215330038744,863.0904306600775,757.7455693399226,2541218.0
SWBBL,2025-10-28,795.0,808.0,790.0,800.1,1.91,5613.0,4487902.0,0.01910584638899504,0.01892562165186842,788.4200000000001,808.852,799.2233871991532,819.9888687377595,44.32950692157365,-20.76548153860631,-21.71644012204216,26.94374642065021,808.852,25.950011175632724,860.7520223512654,756.9519776487346,2546831.0
SWBBL,2025-10-29,814.0,814.0,796.0,810.0,1.24,7693.0,6191792.5,0.012373453318335281,0.012297527810406245,792.4399999999999,807.9665,800.8813276300527,819.2489525349625,47.131640217244964,-18.367624904909803,-21.046677078615694,26.304907390603766,807.9665,25.572055117065158,859.1106102341303,756.8223897658697,2554524.0
SWBBL,2025-10-30,823.0,823.0,783.2,820.0,1.23,9408.0,7537882.1,0.012345679012345734,0.012270092591814401,800.24,807.3014999999999,803.8226618408139,819.3045856805209,49.87610716114534,-15.481923839706951,-19.933726430833946,27.268842576989208,807.3014999999999,25.046109536417667,857.3937190728352,757.2092809271646,2563932.0
SWBBL,2025-11-02,815.0,829.0,815.0,822.0,0.24,6212.0,5116318.7,0.0024390243902439046,0.002436054797881121,807.4399999999999,807.246,806.6191754037656,819.5042460004823,50.430340671089844,-12.885070596716787,-18.523995264010516,26.321068107204265,807.246,25.010440009907477,857.266880019815,757.225119980185,2570144.0
SWBBL,2025-11-03,822.0,822.0,813.3,813.3,-1.06,4784.0,3902777.2,-0.01058394160583942,-0.010640349883450386,813.08,809.9110000000001,807.646994572417,819.0446722226689,47.946744112520705,-11.397677650251808,-17.098731741258774,25.062420385261106,809.9110000000001,22.416326263983052,854.7436525279661,765.078347472034,2565360.0
SWBBL,2025-11-04,806.0,806.1,798.1,798.1,-1.87,5564.0,4458180.8,-0.01868929054469437,-0.018866142290766247,812.6800000000001,808.965,806.1782261766605,817.4932150209896,43.88070319519365,-11.31498884432915,-15.94198316187285,24.357961786313883,808.965,22.499597072759187,853.9641941455184,763.9658058544817,2559796.0
SWBBL,2025-11-05,810.0,810.0,790.0,798.0,-0.01,5523.0,4389302.8,-0.00012529758175672256,-0.0001253054321544837,810.28,806.1650000000001,804.9200375340972,816.049273167583,43.85435405538663,-11.129235633485791,-14.97943365619544,24.046678801577176,806.1650000000001,19.93896674234553,846.0429334846912,766.287066515309,2554273.0
SWBBL,2025-11-06,809.0,812.0,790.0,792.1,-0.74,5711.0,4545986.0,-0.007393483709273174,-0.007420950979574764,804.7,803.77,802.947724067313,814.2752529329472,42.24266640717924,-11.327528865634235,-14.249052698083199,23.90048745860738,803.77,18.484676442217303,840.7393528844345,766.8006471155654,2548562.0
SWBBL,2025-11-09,800.0,800.0,783.5,783.5,-1.09,7056.0,5575681.4,-0.010857214998106324,-0.010916584674158498,797.0,801.1949999999999,799.9557665184956,811.9956045675438,39.93861441056746,-12.039838049048171,-13.807209768276195,23.371881211563995,801.1949999999999,17.46414296463774,836.1232859292754,766.2667140707244,2541506.0
SWBBL,2025-11-10,792.0,795.9,775.0,795.0,1.47,7955.0,6230198.3,0.01467772814294821,0.014571052858256285,793.3399999999999,798.7099999999999,799.1933409002654,810.7366708958739,44.31264312542416,-11.543329995608474,-13.354433813742652,23.19531826788085,798.7099999999999,14.173953131857534,827.057906263715,770.3620937362848,2549461.0
SWBBL,2025-11-11,797.0,797.0,780.0,783.0,-1.51,8510.0,6666027.3,-0.015094339622641506,-0.015209418663528795,790.32,796.66,796.7020576848399,808.6821026813648,40.96052091854378,-11.980044996524839,-13.07955605029909,22.75279553446079,796.66,13.259133893081497,823.1782677861629,770.141732213837,2540951.0
SWBBL,2025-11-12,785.0,795.0,780.0,781.1,-0.24,5343.0,4185191.2,-0.002426564495530026,-0.002429513374551496,786.94,795.7149999999999,794.3017411179416,806.6389839642267,40.438907635921886,-12.337242846285108,-12.931093409496293,22.19902442485645,795.7149999999999,13.675536168261141,823.0660723365222,768.3639276634776,2535608.0
SWBBL,2025-11-13,796.0,796.0,778.0,790.0,1.14,6053.0,4748804.1,0.011394187684035328,0.011329762844815553,786.5200000000001,794.5649999999999,793.6399347921044,805.4064666335431,44.03414370830152,-11.766531841438677,-12.698181095884772,21.899094108795275,794.5649999999999,13.100473073618373,820.7659461472367,768.3640538527632,2541661.0
SWBBL,2025-11-16,775.2,785.0,770.0,782.0,-1.01,3053.0,2385100.9,-0.010126582278481067,-0.010178204915756153,786.22,794.8599999999999,791.8491755933192,803.6726542903177,41.60319335537086,-11.823478696998563,-12.52324061610753,21.76344452959561,794.8599999999999,12.723802808535222,820.3076056170703,769.4123943829295,2538608.0
SWBBL,2025-11-17,786.0,790.0,780.0,784.1,0.27,2126.0,1667503.3,0.0026854219948848623,0.0026818226915651332,784.0400000000001,794.165,790.6569947328086,802.2228280465904,42.500548234945214,-11.565833313781809,-12.331759155642388,20.923198491767355,794.165,12.921352178507847,820.0077043570157,768.3222956429843,2540734.0
SWBBL,2025-11-18,787.0,794.0,780.0,780.0,-0.52,7404.0,5808952.1,-0.005228924882030417,-0.005242643553238905,783.4399999999999,793.7149999999999,789.0174570816073,800.5766926357319,41.17037205299297,-11.559235554124598,-12.17725443533883,20.42868431378397,793.7149999999999,13.262899381951732,820.2407987639034,767.1892012360964,2533330.0
SWBBL,2025-11-19,795.6,795.6,777.0,780.0,0.0,5665.0,4416886.2,0.0,0.0,783.22,793.22,787.6301559921293,799.0524931812333,41.170372052654514,-11.422337189104041,-12.026270986091873,20.298064005656546,793.22,13.593403973793068,820.4068079475861,766.0331920524139,2533330.0
SWBBL,2025-11-20,765.0,777.0,765.0,774.5,-0.71,11343.0,8721620.1,-0.007051282051282026,-0.007076259826714074,780.12,792.895,785.6101319933402,797.2337899826234,39.25876145883681,-11.623657989283174,-11.945748386730134,19.919630862395366,792.895,13.973338335069354,820.8416766701387,764.9483233298613,2521987.0
SWBBL,2025-11-23,780.0,789.0,779.9,787.0,1.61,5781.0,4523353.4,0.0161394448030987,0.016010588560479835,781.12,792.9449999999999,785.8239578405187,796.4757314653921,45.45722272703078,-10.651773624873385,-11.686953434358784,19.532514372224266,792.9449999999999,13.949135985882192,820.8432719717644,765.0467280282355,2527768.0
SWBBL,2025-11-24,802.0,804.0,781.0,799.9,1.64,17967.0,14336695.3,0.016391359593392663,0.016258471437373,784.28,793.685,787.9895027881312,796.7293809864741,51.0130074247501,-8.739878198342922,-11.097538387155613,19.78019191706539,793.685,13.903550285523911,821.4921005710478,765.8778994289521,2545735.0
SWBBL,2025-11-25,815.0,815.0,792.1,800.0,0.01,9511.0,7580455.7,0.0001250156269534397,0.00012500781315117324,788.28,793.6800000000001,789.8372715899571,796.9716490615501,51.05462863992066,-7.134377471592984,-10.304906204043087,20.00303535156072,793.6800000000001,13.901139673649162,821.4822793472983,765.8777206527018,2555246.0
SWBBL,2025-11-26,816.0,819.9,799.7,815.1,1.89,18341.0,14911632.3,0.018874999999999975,0.018699077432484428,795.3,793.9350000000001,793.7238451915022,798.3144898718057,56.996213568546096,-4.590644680303512,-9.162053899295172,20.017104255020666,793.9350000000001,14.258451787771081,822.4519035755422,765.4180964244579,2573587.0
SWBBL,2025-11-27,831.0,831.0,812.0,815.0,-0.01,12032.0,9820634.2,-0.0001226843332107208,-0.00012269185954911065,803.4,793.6850000000001,796.9970997774249,799.5504535850052,56.94691110802497,-2.553353807580379,-7.840313880952214,19.94445395109062,793.6850000000001,13.814305133866338,821.3136102677328,766.0563897322673,2561555.0
SWBBL,2025-11-30,831.0,831.0,806.0,806.0,-1.1,7795.0,6343367.1,-0.011042944785276121,-0.011104370734234465,807.2,792.885,798.3821613501287,800.0281977638938,52.54182005100046,-1.6460364137650458,-6.60145838751478,20.305564383155573,792.885,12.487858314336787,817.8607166286736,767.9092833713264,2553760.0
SWBBL,2025-12-01,822.0,822.0,801.0,807.0,0.12,5995.0,4829158.0,0.001240694789081953,0.0012399257633205734,808.62,792.5699999999999,799.7079826808782,800.544627559161,52.97706786392901,-0.8366448782827547,-5.448495685668375,20.35516692721589,792.5699999999999,12.016352893365955,816.6027057867318,768.5372942132681,2559755.0
SWBBL,2025-12-02,792.0,819.0,792.0,807.0,0.0,4189.0,3369717.0,0.0,0.0,810.02,793.015,800.8298314992047,801.0228032955195,52.97706786340577,-0.19297179631473682,-4.397390907797647,20.829797860986183,793.015,12.390882684457978,817.7967653689159,768.2332346310841,2559755.0
SWBBL,2025-12-03,823.0,823.0,790.0,799.8,-0.89,4412.0,3515020.8,-0.008921933085501932,-0.008961971857230884,806.96,793.1049999999999,800.6713958839424,800.9322252736291,49.20857117886334,-0.2608293896867053,-3.570078604175459,21.699098013772886,793.1049999999999,12.435453349829595,817.975906699659,768.2340933003408,2555343.0
SWBBL,2025-12-07,815.0,815.0,780.0,795.0,-0.6,5489.0,4310972.3,-0.006001500375093727,-0.006019581758386039,802.96,793.25,799.7988734402591,800.4928011792863,46.817555739450405,-0.6939277390272309,-2.994848431145814,22.649162441360538,793.25,12.440024539449308,818.1300490788987,768.3699509211013,2549854.0
SWBBL,2025-12-08,780.0,788.0,779.9,788.0,-0.88,4465.0,3495390.7,-0.008805031446540879,-0.008844024796452772,799.36,793.475,797.9836621417577,799.5674084993391,43.49819575046046,-1.58374635758139,-2.7126280164329293,22.10993655269193,793.475,12.294238060549537,818.0634761210991,768.8865238789009,2545389.0
SWBBL,2025-12-09,803.0,803.0,782.3,787.0,-0.13,5925.0,4669776.4,-0.0012690355329949554,-0.00126984144047593,795.36,793.075,796.2938679661027,798.6364893512399,43.028850949934,-2.3426213851372495,-2.638626690173793,22.009226798928225,793.075,12.371906844264437,817.818813688529,768.3311863114711,2539464.0
SWBBL,2025-12-10,802.0,802.0,787.0,789.0,0.25,1594.0,1258111.7,0.0025412960609911828,0.0025380724284710925,791.76,793.375,795.171734432856,797.9226753252221,44.32278735303497,-2.7509408923660885,-2.6610895306122524,21.508567741861924,793.375,12.18609539879014,817.7471907975803,769.0028092024197,2541058.0
SWBBL,2025-12-11,804.0,804.0,777.8,792.8,0.48,3726.0,2920576.6,0.004816223067173553,0.004804662169903907,790.3599999999999,793.96,794.8068522124166,797.5432178937242,46.79534196660894,-2.736365681307575,-2.676144760751317,21.843670046014648,793.96,11.841781516708329,817.6435630334167,770.2764369665833,2544784.0
SWBBL,2025-12-14,785.0,786.0,777.8,786.0,-0.86,4449.0,3469258.0,-0.008577194752774964,-0.008614190586571677,788.5600000000001,793.76,793.4519518720448,796.6881647164113,43.1062565042149,-3.2362128443664915,-2.7881583774743524,21.35483647129932,793.76,11.945507854859569,817.6510157097191,769.8689842902809,2540335.0
SWBBL,2025-12-15,777.0,780.2,771.0,780.0,-0.76,7539.0,5844463.0,-0.007633587786259555,-0.007662872745569137,786.96,793.6600000000001,791.3824208148071,795.4520043670475,40.10217932104798,-4.069583552240374,-3.044443412427557,20.900919580492225,793.6600000000001,12.056987492081008,817.7739749841621,769.546025015838,2532796.0
SWBBL,2025-12-16,785.0,785.0,772.0,780.0,0.0,12149.0,9422676.7,0.0,0.0,785.5600000000001,793.455,789.6312791509906,794.30741145097,40.10217932054636,-4.676132299979372,-3.37078118993792,20.336568181885635,793.455,12.26121291394306,817.9774258278861,768.932574172114,2532796.0
SWBBL,2025-12-17,795.0,795.0,775.2,780.0,0.0,4472.0,3494290.7,0.0,0.0,783.76,793.455,788.1495438969921,793.2476031953427,40.102179320006165,-5.098059298350563,-3.716236811620449,20.298241883179514,793.455,12.26121291394306,817.9774258278861,768.932574172114,2532796.0
SWBBL,2025-12-18,791.7,791.7,778.2,780.2,0.03,3435.0,2679655.3,0.0002564102564102111,0.00025637738891866953,781.24,793.4649999999999,786.9265371436087,792.2811140697617,40.27546248318391,-5.3545769261529585,-4.043904834526951,19.812653177238122,793.4649999999999,12.249737914059594,817.9644758281191,768.9655241718807,2536231.0
SWBBL,2025-12-21,775.0,785.0,770.7,785.0,0.62,2439.0,1894023.8,0.006152268649064263,0.0061334207098522175,781.04,793.99,786.6301468138226,791.7417722868164,44.430525031036446,-5.111625472993751,-4.2574489622203116,19.418892236006826,793.99,11.602037026904581,817.1940740538091,770.7859259461909,2538670.0
SWBBL,2025-12-22,790.0,790.0,772.0,774.3,-1.36,1900.0,1471635.1,-0.013630573248407662,-0.013724322389730578,779.9,793.355,784.7332011501577,790.4497891544596,38.0719836823775,-5.7165880043019115,-4.549276770636632,19.317542790577768,793.355,12.32948861427217,818.0139772285444,768.6960227714557,2536770.0
SWBBL,2025-12-23,784.0,784.0,768.4,773.0,-0.17,3193.0,2458679.9,-0.0016789358129922771,-0.001680346805255808,778.5,792.01,782.9280932809027,789.1572121800551,37.37219182926274,-6.229118899152468,-4.885245196339799,19.052004019822217,792.01,13.025517466840522,818.0610349336811,765.9589650663189,2533577.0
SWBBL,2025-12-24,782.0,782.0,766.1,768.0,-0.65,9489.0,7307698.5,-0.0064683053040103244,-0.00648931543974977,776.1,790.4100000000001,780.6314635453792,787.5900112778288,34.728217668230045,-6.958547732449574,-5.2999057035617545,18.826860875549198,790.4100000000001,13.926608383539511,818.2632167670791,762.556783232921,2524088.0
SWBBL,2025-12-28,738.0,738.0,727.4,736.0,1.24,6105.0,4469019.3,-0.04166666666666663,-0.04255961441879589,767.26,786.455,773.7650845383979,783.7685289609526,23.34496243028663,-10.003444422554708,-6.240613447360346,20.382085098724257,786.455,17.355523161992146,821.1660463239843,751.7439536760157,2517983.0
SWBBL,2025-12-29,738.9,746.0,735.0,739.0,0.41,5168.0,3808070.4,0.0040760869565217295,0.004067802219325527,758.0600000000001,782.655,768.416609994029,780.4523416305117,25.800468991237167,-12.035731636482637,-7.399637085184804,19.711936163101097,782.655,19.017207582253526,820.6894151645071,744.6205848354929,2523151.0
SWBBL,2025-12-31,739.0,748.0,738.0,739.0,0.0,5158.0,3835829.4,0.0,0.0,751.0,779.3050000000001,763.8909776872554,777.3817978060293,25.800468990940487,-13.490820118773968,-8.617873691902638,19.018226437165307,779.3050000000001,20.52950316047763,820.3640063209554,738.2459936790448,2523151.0
SWBBL,2026-01-01,739.0,745.6,730.4,737.0,-0.27,3682.0,2698663.5,-0.0027063599458727605,-0.0027100287588651298,743.8,775.8050000000001,759.7539041969084,774.3905535241013,25.17690525331335,-14.636649327192913,-9.821628818960694,18.74549597736779,775.8050000000001,21.50330390808581,818.8116078161717,732.7983921838285,2519469.0
SWBBL,2026-01-04,751.0,751.0,730.0,739.0,0.27,4777.0,3494146.3,0.0027137042062415073,0.002710028758865158,738.0,772.405,756.5609958589225,771.7690310408345,27.07498502625397,-15.20803518191201,-10.898910091550956,18.906531978984376,772.405,21.686437066696236,815.7778741333924,729.0321258666075,2524246.0
SWBBL,2026-01-05,728.0,742.0,728.0,739.0,0.0,1874.0,1380872.9,0.0,0.0,738.6,769.365,753.8593041883191,769.3416954081802,27.074985025884132,-15.482391219861029,-11.815606317212971,18.55606540905692,769.365,21.90446421731964,813.1739284346393,725.5560715653608,2524246.0
SWBBL,2026-01-06,743.9,745.0,736.0,739.4,0.05,5773.0,4267792.9,0.0005412719891744189,0.0005411255543296235,738.6800000000001,766.585,751.6347958516546,767.1237920446113,27.50157117566232,-15.48899619295662,-12.550284292361702,17.873489308409997,766.585,22.007756408175165,810.6005128163504,722.5694871836497,2530019.0
SWBBL,2026-01-07,740.0,745.0,735.0,736.0,-0.46,3229.0,2383281.7,-0.00459832296456586,-0.004608927773655297,738.08,763.985,749.2294426437078,764.8183259672326,26.10379545893005,-15.588883323524783,-13.15800409859432,17.31109721495214,763.985,22.41254993866616,808.8100998773323,719.1599001226678,2526790.0
SWBBL,2026-01-08,740.0,743.0,734.6,740.0,0.54,9578.0,7078290.4,0.005434782608695565,0.005420067469339113,738.6800000000001,761.635,747.8095283908297,762.9799314511413,30.574391582812837,-15.170403060311628,-13.560483890937782,16.674590271026986,761.635,22.336264471543213,806.3075289430864,716.9624710569136,2536368.0
SWBBL,2026-01-12,740.0,742.5,730.1,730.1,-1.34,7149.0,5267053.3,-0.013378378378378297,-0.01346867513617529,736.9,758.69,745.0849855614713,760.544380973279,26.328833310045383,-15.45939541180769,-13.940266195111764,16.369262394525055,758.69,22.421110823123385,803.5322216462469,713.8477783537533,2529219.0
SWBBL,2026-01-13,728.5,735.0,726.1,735.0,0.67,4812.0,3501904.5,0.006711409395973034,0.006688988150796489,736.1,755.8,743.5334493212449,758.652204604888,31.40586131048927,-15.118755283643054,-14.175964012818024,15.835743652058978,755.8,21.4992043920282,798.7984087840564,712.8015912159435,2534031.0
SWBBL,2026-01-14,730.0,736.0,724.8,734.0,-0.14,6329.0,4611136.0,-0.0013605442176870541,-0.0013614705983210744,735.02,753.2,742.0667648102841,756.8261153748962,30.937282359384653,-14.759350564612078,-14.292641323176836,15.50461910548334,753.2,20.787268371105426,794.7745367422109,711.6254632577892,2527702.0
SWBBL,2026-01-18,745.0,748.0,736.0,747.0,1.77,10907.0,8089929.3,0.017711171662125436,0.017556156518301818,737.22,751.55,742.8257240702403,756.0982549767558,42.87056737651152,-13.272530906515499,-14.08861923984457,15.39714631223453,751.55,19.835972108527645,791.2219442170552,711.8780557829447,2538609.0
SWBBL,2026-01-20,761.9,761.9,744.0,753.0,0.8,6455.0,4857125.8,0.008032128514056325,0.00800004266707637,739.8199999999999,750.2,744.3909972902032,755.8687546081073,47.38897774247081,-11.477757317904093,-13.566446855456476,15.575921575646348,750.2,18.6830911455645,787.566182291129,712.833817708871,2545064.0
SWBBL,2026-01-21,750.0,757.0,747.0,754.0,0.13,3290.0,2471133.9,0.0013280212483399723,0.0013271402080624938,744.6,748.9,745.8693053994027,755.7303283408402,48.1253783452473,-9.861022941437454,-12.825362072652673,15.17764146310018,748.9,17.357995276432526,783.615990552865,714.1840094471349,2548354.0
SWBBL,2026-01-22,757.0,757.0,735.0,747.0,-0.93,9050.0,6729457.9,-0.009283819628647216,-0.009327182875138769,747.0,747.24,746.0432584148792,755.0836373526298,43.53203328807246,-9.040378937750575,-12.068365445672255,15.664952787164452,747.24,15.717084235276957,778.6741684705539,715.8058315294461,2539304.0
SWBBL,2026-01-25,756.0,761.0,747.0,761.0,1.87,15511.0,11727510.6,0.018741633199464536,0.01856817272886854,752.4,746.0400000000001,748.3442955818209,755.5218864376202,53.16095443814905,-7.177590855799281,-11.09021052769766,15.546027588081278,746.0400000000001,13.432537089034534,772.9050741780692,719.174925821931,2554815.0
SWBBL,2026-01-26,765.0,775.0,761.0,770.0,1.18,10800.0,8292762.0,0.01182654402102501,0.01175715698604374,757.0,745.825,751.6759424153869,756.5943392940928,58.106572063141854,-4.918396878705948,-9.855847797899319,15.435597046075474,745.825,12.983304056642899,771.7916081132859,719.8583918867142,2565615.0
SWBBL,2026-01-27,778.0,778.0,748.0,762.0,-1.04,10981.0,8371602.6,-0.010389610389610393,-0.010443959161083262,758.8,745.275,753.2642589668659,756.9947586056416,52.772573068680934,-3.7304996387756546,-8.630778166074586,16.47591154278437,745.275,11.964547411146258,769.2040948222925,721.3459051777074,2554634.0
SWBBL,2026-01-28,760.0,760.0,745.0,752.0,-1.31,9602.0,7215789.5,-0.013123359580052507,-0.013210231736806462,758.4,744.475,753.0697575873481,756.6247764867052,46.96854531996964,-3.5550188993570373,-7.615626312731076,16.513346432585486,744.475,10.847889681548942,766.170779363098,722.7792206369021,2545032.0
SWBBL,2026-01-29,743.1,753.0,743.1,752.0,0.0,8498.0,6358940.6,0.0,0.0,759.4,745.275,752.9051794969869,756.2822004506529,46.968545319413344,-3.377020953666033,-6.7679052409180676,16.040964544543662,745.275,10.779750754656352,766.8345015093126,723.7154984906873,2545032.0
SWBBL,2026-02-01,740.0,756.9,740.0,745.0,-0.93,2916.0,2172285.3,-0.009308510638297851,-0.009352105570280288,756.2,745.575,751.6889980359119,755.4464818987527,43.1186105212045,-3.757483862840786,-6.165820965302612,16.1023242199334,745.575,10.678945099482979,766.932890198966,724.2171098010341,2542116.0
SWBBL,2026-02-02,745.0,750.8,741.0,745.0,0.0,5963.0,4458208.1,0.0,0.0,751.2,745.875,750.6599214150024,754.6726684247711,43.11861052066076,-4.012747009768759,-5.735206174195842,15.65215820422387,745.875,10.568218244284052,767.011436488568,724.738563511432,2542116.0
SWBBL,2026-02-03,755.0,755.0,728.0,746.9,0.26,10877.0,8008053.6,0.002550335570469686,0.0025470889834613595,748.1800000000001,746.37,750.0814719665404,754.0969152081215,44.54940547215074,-4.015443241581011,-5.391253587672876,16.462718332493594,746.37,10.360456198849656,767.0909123976993,725.6490876023007,2552993.0
SWBBL,2026-02-04,755.0,755.0,735.0,740.0,-0.92,3085.0,2292512.0,-0.009238184495916402,-0.009281121164805495,745.78,746.42,748.5304762793803,753.0526992667791,40.55935477868497,-4.522222987398777,-5.217447467618056,16.715381308744053,746.42,10.32536988076442,767.0707397615288,725.7692602384711,2549908.0
SWBBL,2026-02-05,735.0,746.0,735.0,740.0,0.0,6614.0,4893881.9,0.0,0.0,743.38,746.47,747.2180953133218,752.0858326544251,40.55935477811799,-4.867737341103293,-5.147505442315103,16.307139786690907,746.47,10.289908189241396,767.0498163784828,725.8901836215173,2549908.0
SWBBL,2026-02-08,732.0,785.0,732.0,736.0,-0.54,12341.0,9131978.1,-0.00540540540540535,-0.005420067469339145,741.58,746.3,745.4922344958877,750.894289494838,38.255722392315384,-5.402054998950234,-5.19841535364213,18.928058373355842,746.3,10.439852792663991,767.179705585328,725.420294414672,2537567.0
SWBBL,2026-02-09,747.0,747.0,730.0,736.0,0.0,12456.0,9138669.3,0.0,0.0,739.78,746.3,744.0318907272897,749.7910087915166,38.2557223917304,-5.759118064226868,-5.3105558957590775,18.790339918116143,746.3,10.439852792663991,767.179705585328,725.420294414672,2537567.0
SWBBL,2026-02-10,735.0,740.0,730.0,732.0,-0.54,6223.0,4571551.6,-0.005434782608695676,-0.005449604767564703,736.8,745.9,742.180830615399,748.4731562884413,35.891526622739406,-6.292325673042228,-5.506909851215708,18.16245849539356,745.9,10.839547476273939,767.5790949525478,724.2209050474521,2531344.0
SWBBL,2026-02-11,743.0,743.0,730.0,734.0,0.27,10134.0,7428785.2,0.002732240437158362,0.002728514653203914,735.6,746.095,740.922241289953,747.4010706374455,37.95614822744629,-6.4788293474924785,-5.701293750471062,17.793711460008307,746.095,10.572131937358675,767.2392638747174,724.9507361252827,2541478.0
SWBBL,2026-02-12,735.0,736.5,726.0,732.9,-0.15,10683.0,7820968.1,-0.0014986376021798309,-0.0014997616827110997,734.18,745.99,739.688050322268,746.326917256894,37.245674136258714,-6.63886693462598,-5.8888083873020465,17.272732070007713,745.99,10.697805973576536,767.385611947153,724.594388052847,2530795.0
SWBBL,2026-02-16,732.0,735.0,730.0,735.0,0.29,4310.0,3154716.0,0.002865329512893977,0.002861232281032195,733.9799999999999,746.04,738.9668118111499,745.487886348976,39.57120102980081,-6.521074537826053,-6.015261617406848,16.39610835072145,746.04,10.64100311930839,767.3220062386167,724.7579937613832,2535105.0
SWBBL,2026-02-17,731.0,736.0,728.0,730.0,-0.68,6987.0,5109373.5,-0.006802721088435382,-0.006825965070399871,732.78,745.1899999999999,737.5873023017423,744.340635508311,36.1374370608115,-6.753333206568755,-6.16287593523923,15.796386325669916,745.1899999999999,11.223326273806064,767.636652547612,722.7433474523879,2528118.0
SWBBL,2026-02-22,740.9,740.9,725.0,725.2,-0.66,6218.0,4530502.6,-0.006575342465753309,-0.006597055261740707,731.42,743.8,735.6815634860897,742.9228106558436,33.16239561841256,-7.241247169753933,-6.378550182142171,15.803787302407779,743.8,11.905903003659297,767.6118060073186,719.9881939926813,2521900.0
SWBBL,2026-02-23,722.0,730.0,722.0,725.4,0.03,5593.0,4053196.9,0.00027578599007171967,0.0002757479681060161,729.7,742.37,734.0997844882297,741.6248246813367,33.40839194075612,-7.525040193106975,-6.607848184335133,15.246373923664367,742.37,12.326441413137827,767.0228828262757,717.7171171737243,2527493.0
SWBBL,2026-02-24,728.0,734.5,725.4,734.0,1.19,4345.0,3165223.4,0.011855527984560243,0.011785801765713592,729.9200000000001,741.72,734.0844330285021,741.0600228530894,43.10528880108273,-6.9755898245873595,-6.681396512385579,14.8073472148312,741.72,12.411904303443853,766.5438086068878,716.8961913931123,2531838.0
SWBBL,2026-02-25,730.1,735.0,726.1,733.8,-0.03,6329.0,4632365.5,-0.0002724795640327571,-0.0002725166933339685,729.6800000000001,740.3599999999999,734.0406741010402,740.5222433824902,42.948657305403984,-6.481569281449993,-6.641431066198462,14.385393842343257,740.3599999999999,11.655285677637801,763.6705713552755,717.0494286447243,2525509.0
SWBBL,2026-02-26,740.0,740.0,729.0,729.0,-0.65,4687.0,3426421.5,-0.006541291905151181,-0.0065627799125234365,729.4799999999999,738.31,733.2651857778033,739.668743872676,39.26134725429169,-6.403558094872778,-6.593856471933325,14.143579996461597,738.31,9.590395415591043,757.490790831182,719.1292091688179,2520822.0
SWBBL,2026-03-01,725.0,738.5,718.0,735.0,0.82,4455.0,3242374.0,0.008230452674897082,0.00819676720417849,731.4399999999999,736.9599999999999,733.5320802735258,739.3229109932186,45.55383082872961,-5.790830719692735,-6.433251321485208,14.59760999671434,736.9599999999999,7.816406498078651,752.5928129961572,721.3271870038426,2525277.0
SWBBL,2026-03-03,749.7,749.7,733.1,746.9,1.62,7517.0,5568564.6,0.01619047619047609,0.01606080815018421,735.74,736.7049999999999,735.588683308368,739.8841768455728,55.41867635839632,-4.295493537204834,-6.005699764629133,14.740637854091888,736.7049999999999,7.37038705089857,751.445774101797,721.9642258982028,2532794.0
SWBBL,2026-03-09,761.0,792.0,761.0,792.0,6.04,303.0,232720.0,0.06038291605301915,0.05863008445140488,747.3399999999999,738.7049999999999,744.2673474147729,743.7446081903452,74.37116110725736,0.5227392244277098,-4.7000119668177645,16.909163721656753,738.7049999999999,14.09690055579642,766.8988011115928,710.5111988884071,2533097.0
SWBBL,2026-03-10,792.0,792.0,763.0,777.0,-1.89,28888.0,22430526.0,-0.018939393939393923,-0.019121041446778397,755.98,740.305,749.3031401201924,746.2079705466159,64.54320663632205,3.095169573576527,-3.140975658738906,17.77279488439556,740.305,16.465928938456436,773.2368578769128,707.3731421230871,2504209.0
SWBBL,2026-03-11,780.0,780.0,765.0,765.0,-1.54,8366.0,6468805.8,-0.015444015444015413,-0.015564516541111573,763.1800000000001,741.305,751.7180416401628,747.599972728348,57.9460461058807,4.118068911814817,-1.689166744628162,17.574738106938735,741.305,17.34966934360978,776.0043386872195,706.6056613127804,2495843.0
SWBBL,2026-03-12,755.0,775.0,755.0,773.5,1.11,7298.0,5597559.6,0.011111111111111072,0.011049836186584935,770.88,742.635,755.0691121570609,749.5184932669889,60.98783408499096,5.5506188900719735,-0.2412096176881351,17.747971099300255,742.635,18.76312943867751,780.1612588773551,705.1087411226449,2503141.0
SWBBL,2026-03-15,788.0,788.0,761.0,770.0,-0.45,6471.0,4967938.7,-0.004524886877828038,-0.004535155165391262,775.5,744.135,757.3661718252054,751.0356419138786,59.09248943605154,6.330529911326721,1.0731382881148361,18.408830306493094,744.135,19.716337735516653,783.5676754710333,704.7023245289666,2496670.0
SWBBL,2026-03-16,785.3,785.3,760.0,763.0,-0.91,7494.0,5742337.3,-0.009090909090909038,-0.009132483563272474,769.7,745.2850000000001,758.2329146213276,751.9218906609987,55.38522482672256,6.311023960328953,2.1207154225576597,18.901056713172157,745.2850000000001,20.12890759751647,785.542815195033,705.0271848049672,2489176.0
SWBBL,2026-03-17,778.0,778.0,756.0,757.0,-0.79,4913.0,3740942.8,-0.007863695937090465,-0.00789477784700826,765.7,746.335,758.0432354488156,752.298046908332,52.35340013664977,5.745188540483582,2.845610046142844,19.122409805088434,746.335,20.16675938834076,786.6685187766816,706.0014812233185,2484263.0
SWBBL,2026-03-19,767.0,775.0,759.0,768.0,1.45,15488.0,11864393.7,0.014531043593130732,0.014426479710223344,766.3,747.9350000000001,759.5750453797671,753.4611545447519,57.00067074027972,6.113890835015127,3.499266203917301,19.042237676153547,747.9350000000001,20.569043552101576,789.0730871042032,706.7969128957969,2499751.0
SWBBL,2026-03-22,783.0,816.0,775.0,804.9,4.8,53245.0,42508223.3,0.048046875000000044,0.04692831295201602,772.58,751.58,766.5481153213414,757.2714393932889,68.20418694485984,9.276675928052441,4.654748148744329,21.110649270714006,751.58,23.801804443223258,799.1836088864466,703.9763911135535,2552996.0
SWBBL,2026-03-23,804.9,820.0,794.0,803.0,-0.24,26350.0,21248924.0,-0.002360541682196571,-0.0023633321529264975,779.1800000000001,755.03,772.1560975795966,760.6587401789712,67.23281428742916,11.497357400625333,6.023269999120531,21.45988860852015,755.03,26.017101663404034,807.0642033268081,702.9957966731919,2526646.0
SWBBL,2026-03-24,819.0,819.0,795.1,805.0,0.25,13673.0,10982639.3,0.00249066002490661,0.0024875634718017074,787.58,758.635,777.2090056442739,763.9432779434919,67.75343256121647,13.265727700782008,7.471761539452827,21.634182279340138,758.635,27.72823518243185,814.0914703648637,703.1785296351363,2540319.0
SWBBL,2026-03-25,805.0,805.0,790.0,790.0,-1.86,10844.0,8593715.7,-0.018633540372670843,-0.018809331957496227,794.1800000000001,761.385,779.1768509297702,765.8734055032332,60.04756385486955,13.303445426536996,8.638098316869662,21.16031211653013,761.385,27.98697582458458,817.3589516491692,705.4110483508308,2529475.0
SWBBL,2026-03-26,803.0,803.0,774.3,788.0,-0.25,10926.0,8547783.7,-0.0025316455696202667,-0.0025348556031880663,798.1800000000001,764.2850000000001,780.5342584790365,767.5124125029937,59.082682470225855,13.021845976042755,9.514847848704282,21.698861251063697,764.2850000000001,27.565506191530357,819.4160123830608,709.1539876169394,2518549.0
SWBBL,2026-03-29,772.3,793.0,765.0,772.0,-2.03,15886.0,12349138.6,-0.02030456852791873,-0.020513539833102903,791.6,766.625,779.2212956361077,767.8448263916608,51.89805452497404,11.376469244446866,9.8871721278528,22.148942590273432,766.625,26.015842845536906,818.6566856910738,714.5933143089262,2502663.0
SWBBL,2026-03-30,765.2,774.0,749.9,760.0,-1.55,19071.0,14482964.3,-0.015544041450777257,-0.015666116744399463,783.0,768.355,776.2641732305526,767.2637281404267,47.256615597330764,9.000445090125936,9.709826720307428,22.28830383382533,768.355,24.21851129797114,816.7920225959423,719.9179774040578,2483592.0
SWBBL,2026-03-31,768.5,770.0,751.2,763.9,0.51,8531.0,6487348.1,0.005131578947368487,0.0051184572669373185,774.78,769.85,774.3619927335445,767.0145630929877,48.85746993005772,7.347429640556811,9.237347304357305,22.039139274266375,769.85,22.871575096277546,815.5931501925551,724.106849807445,2492123.0
SWBBL,2026-04-01,752.2,763.0,748.0,763.0,-0.12,11529.0,8686899.5,-0.0011781646812409896,-0.001178859262857,769.3799999999999,771.3100000000001,772.6139938514607,766.7171880490627,48.491695136075315,5.896805802398035,8.569239003965452,21.60062932610449,771.3100000000001,21.32919669362071,813.9683933872415,728.6516066127587,2480594.0
SWBBL,2026-04-02,755.0,755.0,735.0,740.0,-0.92,3085.0,2292512.0,-0.03014416775884665,-0.03060784508624156,759.78,771.86,767.5964563358513,764.7381370824654,40.207348781750696,2.8583192533858437,7.42705505384953,22.05772723138274,771.86,20.29763792364423,812.4552758472885,731.2647241527116,2477509.0
SWBBL,2026-04-05,756.0,756.0,717.0,725.0,0.69,4755.0,3436624.3,-0.020270270270270285,-0.020478531343540676,750.3799999999999,771.36,761.0431553611049,761.7945713726532,35.899792802766115,-0.7514160115482582,5.791360840769973,23.267889571998257,771.36,21.34933500789592,814.0586700157919,728.6613299842081,2472754.0
SWBBL,2026-04-06,741.0,746.0,736.0,744.9,0.8,4413.0,3266998.1,0.027448275862068883,0.02707832632755576,747.3599999999999,771.26,758.5595929978581,760.5431216413456,44.40878557993769,-1.9835286434874888,4.236382943918481,23.10589745971267,771.26,21.474253862790732,814.2085077255815,728.3114922744185,2477167.0
SWBBL,2026-04-07,740.0,740.0,726.3,727.2,-0.38,7623.0,5573797.1,-0.023761578735400635,-0.024048438318961446,740.02,768.0200000000001,753.7350402289568,758.0732607790237,39.39910586434639,-4.3382205500669215,2.5214622451214006,22.784047641161767,768.0200000000001,23.013625255154796,814.0472505103097,721.9927494896905,2469544.0
SWBBL,2026-04-08,727.0,741.6,727.0,740.0,1.76,3559.0,2622425.2,0.017601760176017445,0.017448643334946206,735.4200000000001,766.1700000000001,751.6219571168095,756.7345007213182,44.29318284341752,-5.112543604508687,0.9946610751953833,22.199472809650214,766.1700000000001,23.729774768055204,813.6295495361105,718.7104504638896,2473103.0
SWBBL,2026-04-09,735.0,757.8,735.0,757.0,2.3,8723.0,6555666.9,0.02297297297297307,0.022713067239233435,738.82,765.7700000000001,752.449348329608,756.7541673345538,50.06152097429395,-4.304819004945784,-0.06523494083285031,22.24236760896091,765.7700000000001,23.81779741496959,813.4055948299392,718.134405170061,2481826.0
SWBBL,2026-04-10,765.0,765.0,743.0,750.0,-0.92,4729.0,3552999.7,-0.009247027741083214,-0.009290046907092642,743.82,764.595,752.0725255096683,756.2538586431053,47.86374779968877,-4.181333133437079,-0.8884545793536961,22.22505563689228,764.595,23.99538277988469,812.5857655597694,716.6042344402307,2477097.0
SWBBL,2026-04-13,747.0,747.0,738.1,738.1,-1.59,4597.0,3405857.7,-0.015866666666666585,-0.01599388975434939,742.46,763.0,749.9229062004886,754.9091283732456,44.302966959180814,-4.986222172757039,-1.7080080980343646,21.487551662828544,763.0,24.667984792045466,812.3359695840909,713.6640304159091,2472500.0
SWBBL,2026-04-15,738.1,752.7,738.1,750.0,1.61,7616.0,5694527.9,0.01612247662918298,0.015993889754349417,747.02,762.35,749.9347667850287,754.5454892344867,48.43424660774925,-4.610722449457967,-2.288550968319085,20.995583686912223,762.35,24.838668919662325,812.0273378393247,712.6726621606754,2480116.0
SWBBL,2026-04-16,760.0,760.0,736.0,741.2,-1.17,5019.0,3739142.7,-0.011733333333333262,-0.011802712119151338,747.26,761.5600000000001,748.5909565104089,753.5569344763766,45.732774566708386,-4.9659779659676815,-2.8240363678488043,21.21018485213278,761.5600000000001,25.26537885006786,812.0907577001358,711.0292422998643,2475097.0
SWBBL,2026-04-17,737.0,753.9,730.0,751.0,1.32,3980.0,2958335.5,0.013221802482460854,0.013135157352930008,746.0600000000001,760.71,748.9615785857306,753.367531922571,49.13523480965664,-4.405953336840298,-3.1404197616471032,21.402314505551868,760.71,25.32321381482131,811.3564276296427,710.0635723703574,2479077.0
SWBBL,2026-04-20,750.0,750.0,741.5,744.9,-0.81,4091.0,3053044.7,-0.008122503328894859,-0.00815567058190418,745.04,757.7099999999999,748.3367203417721,752.7403073357139,47.153446221705735,-4.403586993941758,-3.3930532081060347,20.552149183726733,757.7099999999999,23.284553271839027,804.2791065436779,711.1408934563219,2474986.0
SWBBL,2026-04-21,760.0,760.0,739.0,739.0,-0.79,6011.0,4452775.9,-0.007920526245133508,-0.007952060234028774,745.22,754.51,746.9003018276534,751.7225067923276,45.252315610051674,-4.822204964674256,-3.6788835594196794,20.58413852774625,754.51,21.02043867576989,796.5508773515397,712.4691226484603,2468975.0
SWBBL,2026-04-22,731.0,745.0,728.1,744.8,0.78,10975.0,8037455.5,0.007848443843031072,0.00781780501465549,744.1800000000001,751.5,746.5771784695529,751.2097285114145,47.49347358191799,-4.6325500418615775,-3.8696168559080593,20.320985775764374,751.5,17.41016037338896,786.320320746778,716.679679253222,2479950.0
SWBBL,2026-04-23,760.0,760.0,731.0,735.0,-1.32,1630.0,1201670.2,-0.013157894736842035,-0.013245226750020567,742.9399999999999,748.75,744.7960740896217,750.0090078809394,44.20100510694988,-5.21293379131771,-4.13828024298999,20.940915363209776,748.75,15.214103568237947,779.1782071364759,718.3217928635241,2478320.0
SWBBL,2026-04-24,755.0,755.0,727.4,730.0,-0.68,2018.0,1475110.0,-0.006802721088435382,-0.006825965070399871,738.74,745.85,742.5197549989107,748.5268591490179,42.57914554655737,-6.007104150107239,-4.51204502441344,21.41656426583765,745.85,12.650587671636359,771.1511753432727,720.5488246567273,2476302.0
SWBBL,2026-04-27,752.0,752.0,725.0,730.0,0.0,3597.0,2624116.7,0.0,0.0,735.76,743.75,740.5936388452321,747.1544992120536,42.57914554622086,-6.56086036682143,-4.921808092895038,21.815381103992102,743.75,11.516372784953107,766.7827455699062,720.7172544300938,2476302.0
SWBBL,2026-04-28,730.0,739.9,717.0,729.0,-0.14,5179.0,3745904.0,-0.00136986301369868,-0.0013708021337787146,733.76,742.2,738.8100020998119,745.8097214926422,42.21981282488537,-6.999719392830343,-5.3373903528821,21.892853882278377,742.2,11.298253242539959,764.7965064850799,719.6034935149202,2471123.0
SWBBL,2026-04-29,729.0,727.0,720.0,725.0,-0.55,2689.0,1944493.2,-0.005486968449931462,-0.005502077153983422,729.8,740.255,736.6853863921485,744.2682606413354,40.738820033340026,-7.58287424918683,-5.786487132143046,20.97193574782992,740.255,10.69837543082677,761.6517508616536,718.8582491383464,2468434.0
SWBBL,2026-04-30,718.0,729.0,718.0,720.0,-0.69,3126.0,2262193.9,-0.006896551724137945,-0.006920442844573795,726.8,738.105,734.1184038702795,742.4706117049402,38.90185193590086,-8.352207834660703,-6.299631272646578,20.259654622984925,738.105,10.195792476672926,758.4965849533459,717.7134150466542,2465308.0
SWBBL,2026-05-01,728.0,742.0,728.0,739.0,0.0,1874.0,1380872.9,0.026388888888888795,0.02604670893810069,728.6,738.0550000000001,734.8694186594673,742.2135293564262,48.41982107524111,-7.3441106969588645,-6.508527157509036,20.383965007057434,738.0550000000001,10.188459674708962,758.431919349418,717.6780806505822,2467182.0
SWBBL,2026-05-02,735.0,746.0,735.0,740.0,0.0,6614.0,4893881.9,0.0013531799729364913,0.0013522652500137541,730.6,738.8050000000001,735.6587388657031,742.0495642189131,48.87127382286712,-6.390825353210062,-6.484986796649242,19.713681792267618,738.8050000000001,9.718104375258548,758.2412087505172,719.3687912494829,2473796.0
SWBBL,2026-05-04,739.0,739.0,713.1,713.1,-4.92,15051.0,10895944.2,-0.03635135135135137,-0.03702852316395752,727.42,737.2149999999999,732.188163655595,739.9051520545491,38.98624703793276,-7.716988398954186,-6.7313871171102315,20.226990235677075,737.2149999999999,11.162497127530841,759.5399942550616,714.8900057449382,2458745.0
SWBBL,2026-05-05,722.0,733.0,720.0,724.9,-0.01,1167.0,844577.9,0.01654746879820501,0.01641205127257414,727.4,737.1,731.0669077085804,738.7936593097677,44.30773946240828,-7.7267516011872885,-6.930460013925644,20.20363379027157,737.1,11.2823103277947,759.6646206555894,714.5353793444107,2459912.0
SWBBL,2026-05-06,744.0,744.0,736.0,743.9,-0.13,2142.0,1589794.7,0.026210511794730218,0.02587290289046352,732.18,737.295,733.041229599568,739.1719067683034,51.62404066444884,-6.13067716873536,-6.770503444887588,20.124802805252177,737.295,11.3684454807352,760.0318909614704,714.5581090385296,2462054.0
SWBBL,2026-05-07,722.0,810.0,720.0,810.0,12.19,3932.0,2906753.2,0.08885602903616086,0.08512763046918884,746.3799999999999,739.9449999999999,744.8810404304038,744.4184321928735,67.58047673102581,0.4626082375302758,-5.323881108404015,25.115888319162735,739.9449999999999,19.483960340319257,778.9129206806384,700.9770793193615,2465986.0
SWBBL,2026-05-08,770.0,770.0,730.1,757.0,-6.54,36770.0,27585277.3,-0.0654320987654321,-0.06767099422903568,749.78,740.295,746.7454957488033,745.3504001785866,52.59931512691315,1.3950955702166539,-3.9800857726798813,29.029039153508254,740.295,19.735340329255738,779.7656806585114,700.8243193414885,2429216.0
SWBBL,2026-05-11,794.8,794.8,741.5,760.0,0.4,5667.0,4245329.5,0.003963011889035695,0.003955179842928014,759.1600000000001,741.39,748.7846502489873,746.4355557209135,53.23130419401011,2.349094528073806,-2.714249712529144,30.762679213971946,741.39,20.20901049729916,781.8080209945983,700.9719790054016,2434883.0
SWBBL,2026-05-12,761.0,761.0,742.2,746.0,-1.84,2106.0,1581557.4,-0.018421052631578894,-0.01859283307661586,763.3799999999999,741.1899999999999,748.3562425183738,746.4032923341791,49.88845728677502,1.9529501841947194,-1.780809733184371,29.90820212725966,741.1899999999999,20.13898811067867,781.4679762213573,700.9120237786426,2432777.0
SWBBL,2026-05-13,783.3,783.3,738.0,746.0,0.0,4753.0,3526557.5,0.0,0.0,763.8,741.4300000000001,747.9937436693933,746.3734188279436,49.888457286534035,1.6203248414497011,-1.1005828182575565,31.007616261026826,741.4300000000001,20.16769433409856,781.7653886681971,701.094611331803,2432777.0
SWBBL,2026-05-14,780.0,780.0,730.3,740.0,-0.8,4416.0,3246853.9,-0.008042895442359255,-0.008075414005545418,749.8,740.88,746.7639369510251,745.9013137295774,48.37839986485278,0.8626232214477341,-0.7079416103164985,32.34278652809634,740.88,20.04257573571977,780.9651514714395,700.7948485285605,2428361.0
SWBBL,2026-05-15,727.0,744.0,727.0,740.0,0.0,1455.0,1076641.4,0.0,0.0,746.4,740.635,745.723331266252,745.4641793792383,48.37839986458995,0.2591518870136724,-0.5145229108504644,31.24687320466089,740.635,20.02078590959548,780.6765718191909,700.593428180809,2428361.0
SWBBL,2026-05-18,777.0,777.0,735.1,736.5,-0.47,1255.0,931341.7,-0.004729729729729737,-0.0047409502955304845,741.7,740.51,744.3043572252902,744.8001660918874,47.407604794338546,-0.4958088665971445,-0.5107801019998005,32.007810832899395,740.51,20.03932712432616,780.5886542486523,700.4313457513476,2427106.0
SWBBL,2026-05-19,733.1,743.7,733.1,742.9,0.87,6095.0,4487589.6,0.008689748811948395,0.008652210255075576,741.08,740.415,744.0883022675532,744.6594130480439,49.40684261392934,-0.5711107804906987,-0.5228462376979802,30.4786814876923,740.415,20.022415728272048,780.4598314565441,700.3701685434559,2433201.0
SWBBL,2026-05-20,744.6,745.0,735.0,745.0,0.28,5331.0,3958495.7,0.0028267599946156796,0.0028227722217989528,740.8799999999999,740.915,744.2285634571605,744.6846417111518,50.07744076765025,-0.45607825399133617,-0.5094926409566515,29.01591852428571,740.915,20.0049276828422,780.9248553656844,700.9051446343155,2438532.0
SWBBL,2026-05-21,745.0,749.0,730.1,745.9,0.12,3461.0,2547963.2,0.0012080536912750794,0.0012073245815579583,742.06,741.7099999999999,744.4857075406742,744.7746682510665,50.380988210329974,-0.28896071039230264,-0.4653862548437817,28.293352915408157,741.7099999999999,19.86377024730794,781.4375404946159,701.982459505384,2441993.0
SWBBL,2026-05-22,749.9,751.9,729.4,741.1,-0.64,4164.0,3087531.3,-0.006435178978415279,-0.006455974003804318,742.28,742.265,743.9648294574936,744.5024706028394,48.6808988938478,-0.5376411453457877,-0.47983723294418296,27.879541992879005,742.265,19.67352682951152,781.612053659023,702.917946340977,2437829.0
SWBBL,2026-05-25,778.1,778.1,746.0,753.9,1.73,5582.0,4199392.1,0.017271623262717473,0.017124164260342894,745.76,743.51,745.4933172332638,745.198583891518,53.21475164487312,0.29473334174588217,-0.32492311800616996,28.531003279101935,743.51,19.577535461686455,782.6650709233729,704.3549290766271,2443411.0
SWBBL,2026-05-26,780.0,780.0,740.0,743.0,-1.45,4238.0,3161214.0,-0.014458150948401638,-0.014563688499897014,745.78,744.41,745.1097299666078,745.0357258254796,49.22644913394326,0.07400414112817089,-0.24513766617930183,29.350217330594656,744.41,19.08948181083512,782.5889636216702,706.2310363783297,2439173.0
SWBBL,2026-05-27,780.0,780.0,741.5,748.0,0.67,3812.0,2839803.5,0.006729475100942128,0.00670693325671808,746.38,745.81,745.554386894822,745.2553016902589,51.03917837002027,0.2990852045630845,-0.13629309203082457,30.00377323555218,745.81,18.211618616923733,782.2332372338474,709.3867627661525,2442985.0
SWBBL,2026-06-01,743.9,745.0,736.0,739.4,0.05,5773.0,4267792.9,-0.011497326203208535,-0.011563931471945683,745.08,745.8299999999999,744.6075581417724,744.8215756391286,47.87324754055321,-0.21401749735616704,-0.1518379730958931,28.71778943301274,745.8299999999999,18.2039642882032,782.2379285764064,709.4220714235935,2437212.0
SWBBL,2026-06-02,745.0,745.0,730.0,737.0,0.55,2309.0,1703189.7,-0.0032458750338111297,-0.0032511543131948663,744.26,745.68,743.4371645814997,744.2421996658599,46.99712171472937,-0.8050350843601564,-0.2824773953487458,27.73794733065469,745.68,18.266783198958684,782.2135663979174,709.1464336020825,2434903.0
SWBBL,2026-06-03,773.8,773.8,739.0,739.0,0.27,6976.0,5195859.2,0.0027137042062415073,0.002710028758865158,741.28,746.975,742.7545238766536,743.8538885794999,47.853570906546196,-1.0993647028462874,-0.4458548568482541,28.3852368070365,746.975,16.68509814225502,780.34519628451,713.60480371549,2441879.0
SWBBL,2026-06-04,715.0,740.5,711.0,730.0,2.37,14977.0,10909559.5,-0.012178619756427644,-0.012253386805765001,738.6800000000001,747.2299999999999,740.7922894340916,742.8276746106479,44.378438443023505,-2.0353851765563604,-0.7637609207898755,28.464862749391035,747.2299999999999,16.36588557160879,779.9617711432174,714.4982288567824,2426902.0
SWBBL,2026-06-05,724.0,724.0,718.1,722.0,-0.4,3990.0,2874273.8,-0.010958904109588996,-0.011019395249610538,733.48,746.135,737.9011679826929,741.2848838987481,41.49391802162501,-3.38371591605528,-1.2877519198429566,27.281658267291675,746.135,17.30604625149266,780.7470925029853,711.5229074970147,2422912.0
SWBBL,2026-06-07,718.4,718.4,676.0,692.0,1.14,7833.0,5371229.3,-0.04155124653739617,-0.042439183275156715,724.0,740.2349999999999,730.8394498315093,737.6341517581001,32.866654687354355,-6.794701926590733,-2.389141921192512,28.61868267677084,740.2349999999999,14.227744394074783,768.6904887881494,711.7795112118504,2415079.0
SWBBL,2026-06-08,736.5,741.9,736.5,741.9,-0.27,2659.0,1963706.9,0.07210982658959542,0.06962850757781068,724.9799999999999,739.48,732.5410729343541,737.9501405167593,51.0845633008938,-5.409067582405214,-2.9931270534350527,30.13877677128721,739.48,13.681435751680134,766.8428715033602,712.1171284966398,2417738.0
SWBBL,2026-06-09,738.0,740.0,735.0,740.0,-0.26,6079.0,4477456.9,-0.0025609920474457537,-0.002564276997264781,725.18,738.48,733.6886001752226,738.1019819599624,50.52237509797712,-4.413381784739727,-3.2771779996959878,28.478864144766693,738.48,12.805533344120056,764.0910666882402,712.8689333117599,2411659.0
SWBBL,2026-06-10,740.0,742.0,736.0,737.5,-0.34,1557.0,1148786.8,-0.0033783783783783994,-0.0033840979842405684,726.68,738.0550000000001,734.2749693790345,738.057390703669,49.74661635241927,-3.78242132463447,-3.3782266646836847,26.87323099156907,738.0550000000001,12.683286765454259,763.4215735309086,712.6884264690915,2410102.0
SWBBL,2026-06-11,734.0,740.0,732.0,739.9,0.33,4480.0,3294032.7,0.003254237288135453,0.003248953717530225,730.26,737.75,735.1403587053368,738.1938802811749,50.531895574303,-3.05352157583809,-3.313285646914566,25.525143063599852,737.75,12.554869049853266,762.8597380997065,712.6402619002935,2414582.0
SWBBL,2026-06-12,745.0,745.0,733.2,737.9,-0.27,2867.0,2110199.8,-0.0027030679821598014,-0.002706727867184345,739.4399999999999,737.645,735.5649189045157,738.1721113714582,49.83305240456153,-2.607192466942479,-3.1720670109201485,24.544775701914144,737.645,12.543837867172584,762.7326757343451,712.5573242656549,2411715.0
SWBBL,2026-06-15,744.9,744.9,733.1,734.0,-0.53,1741.0,1281514.9,-0.005285269006640392,-0.005299285449805304,737.86,737.345,735.3241621499748,737.8630660846835,48.4266240176092,-2.538903934708742,-3.0454343956778676,23.634434580348845,737.345,12.556293243504067,762.4575864870081,712.2324135129919,2409974.0
SWBBL,2026-06-16,732.0,739.0,730.0,735.0,0.14,3756.0,2760375.0,0.0013623978201635634,0.0013614705983211706,736.86,737.27,735.2742910499786,737.6509871154477,48.82544161536162,-2.3766960654691047,-2.9116867296361155,22.58911782460964,737.27,12.566082168659365,762.4021643373187,712.1378356626813,2413730.0
SWBBL,2026-06-17,727.0,739.0,726.0,735.0,0.0,2590.0,1895434.5,0.0,0.0,736.36,736.875,735.232092426905,737.4546176994886,48.82544161495501,-2.2225252725836526,-2.773854438225623,21.904180837137524,736.875,12.503804684807825,761.8826093696157,711.8673906303843,2413730.0
SWBBL,2026-06-18,733.0,735.0,725.0,734.0,-0.14,7749.0,5646025.7,-0.0013605442176870541,-0.0013614705983210744,735.1800000000001,736.325,735.0425397458426,737.1987200921191,48.39144463541779,-2.1561803462764146,-2.6503196198357815,21.053882205913418,736.325,12.368800946696101,761.0626018933923,711.5873981066078,2405981.0
SWBBL,2026-06-19,770.7,770.7,728.2,740.0,0.82,2331.0,1707644.4,0.008174386920980936,0.008141157583699866,735.6,736.03,735.8052259387899,737.4062223075176,51.194582710877874,-1.6009963687276922,-2.4404549696141635,22.585747762633886,736.03,12.197588200608656,760.4251764012173,711.6348235987826,2408312.0
SWBBL,2026-06-22,763.0,763.0,700.0,740.5,0.07,290832.0,204314615.2,0.0006756756756756133,0.0006754475096379729,736.9,736.0,736.5274988712838,737.6353910254793,51.43132860079751,-1.107892154195497,-2.1739424065304305,25.472480065302896,736.0,12.185193777093259,760.3703875541866,711.6296124458134,2699144.0
SWBBL,2026-06-23,743.3,745.0,725.0,731.0,-1.28,8829.0,6456500.1,-0.01282916948008106,-0.012912173958075004,736.1,734.855,735.6771144295478,737.1438805791475,46.78743812272604,-1.4667661495997208,-2.0325071551442884,25.081588632066975,734.855,11.469569579225823,757.7941391584517,711.9158608415484,2690315.0
SWBBL,2026-06-24,731.0,731.0,708.5,710.0,-2.87,23699.0,16878654.4,-0.028727770177838563,-0.029148489714417383,731.1,733.205,731.7267891326943,735.13322275847,38.50980901974806,-3.406433625775662,-2.3072924492705633,24.897189444062192,733.205,12.55817934407679,758.3213586881536,708.0886413118465,2666616.0
SWBBL,2026-06-25,713.0,713.0,700.0,706.0,-0.56,12910.0,9086003.2,-0.005633802816901401,-0.005649732542119021,725.5,731.105,727.7688215738183,732.9752062578426,37.16118277885159,-5.206384684024329,-2.8871108962213166,24.047390198057748,731.105,13.434969101335001,757.97493820267,704.23506179733,2653706.0
SWBBL,2026-06-26,693.0,705.0,693.0,701.0,-0.71,13604.0,9506191.5,-0.007082152974504208,-0.007107350458651945,717.7,729.1850000000001,723.6505413316924,730.6066724609655,35.488172634438584,-6.956131129273103,-3.700914942831674,23.25829089819648,729.1850000000001,14.855878688114277,758.8967573762286,699.4732426237715,2640102.0
SWBBL,2026-06-29,667.0,705.9,667.0,698.0,-0.43,2857.0,1994423.8,-0.004279600570613384,-0.0042887842722175926,709.2,727.235,719.7043042037396,728.1913633897829,34.48500104700105,-8.487059186043211,-4.658143791473982,24.375555834039588,727.235,16.26851253240621,759.7720250648124,694.6979749351876,2637245.0
SWBBL,2026-06-30,690.2,699.0,690.0,697.7,-0.04,5825.0,4040590.7,-0.00042979942693399664,-0.0004298918171814917,702.54,725.1700000000001,716.3190266339335,725.9327438794286,34.380339672505954,-9.613717245495081,-5.649258482278203,23.277301845893902,725.1700000000001,17.28589628984893,759.741792579698,690.5982074203022,2631420.0
SWBBL,2026-07-01,697.5,704.9,690.0,702.0,0.62,19669.0,13658996.6,0.0061631073527304014,0.0061441930806202414,700.9399999999999,723.7700000000001,714.1160994594821,724.1599480365079,37.31689749595681,-10.043848577025756,-6.528176501227714,22.678923142615766,723.7700000000001,17.993510526569167,759.7570210531385,687.7829789468617,2651089.0
SWBBL,2026-07-02,693.1,697.9,685.0,697.8,-0.6,13743.0,9448678.5,-0.005982905982906073,-0.0060008752731374685,699.3,722.5600000000001,711.6059303118694,722.2073592930628,35.63925759843357,-10.601428981193408,-7.342826997220852,22.27328577528607,722.5600000000001,18.909184624807125,760.3783692496143,684.7416307503859,2637346.0
SWBBL,2026-07-03,697.8,705.9,684.2,684.2,-1.95,16081.0,11073789.9,-0.019489825164803576,-0.019682256209169344,695.9399999999999,722.1700000000001,707.3896333408127,719.3919993454285,30.809242020983888,-12.002366004615851,-8.274734798699853,22.232336791337058,722.1700000000001,19.63900790763378,761.4480158152676,682.8919841847326,2621265.0
SWBBL,2026-07-04,740.0,740.0,726.3,727.2,-0.38,7623.0,5573797.1,0.06284712072493415,0.060951270319764696,701.78,721.435,710.4373820576106,719.9703697642857,52.65641523806809,-9.532987706675044,-8.526385380294892,24.630027020527265,721.435,19.130226152577183,759.6954523051543,683.1745476948456,2628888.0
SWBBL,2026-07-05,722.0,810.0,720.0,810.0,12.19,3932.0,2906753.2,0.11386138613861374,0.10783270480321526,724.24,724.935,725.7547078949013,726.6392312632275,71.38975748343401,-0.8845233683261995,-6.998012977901153,29.299310804775317,724.935,27.345205969068616,779.6254119381372,670.2445880618627,2632820.0
SWBBL,2026-07-06,718.4,718.4,676.0,692.0,1.14,7833.0,5371229.3,-0.14567901234567904,-0.15744829204881491,722.24,722.66,720.5616759110703,724.0733622807662,44.41644521230508,-3.5116863696958944,-6.300747656260102,36.77793146157708,722.66,28.126376457850462,778.9127529157009,666.407247084299,2624987.0
SWBBL,2026-07-07,680.0,694.9,680.0,688.0,-0.58,14440.0,9858862.7,-0.005780346820809301,-0.005797117684325958,720.28,720.0649999999999,715.5521873093671,721.4012613710798,43.812141142330006,-5.849074061712713,-6.210412937350624,35.21522207146443,720.0649999999999,28.8372798742099,777.7395597484198,662.3904402515801,2610547.0
SWBBL,2026-07-08,665.0,675.0,662.3,665.0,-1.19,4356.0,2903287.6,-0.03343023255813948,-0.03400179727748947,716.4399999999999,716.42,707.7749277233106,717.2233901584073,40.40782615615183,-9.448462435096644,-6.858022836899829,34.53556335207412,716.42,30.99111247840008,778.4022249568001,654.4377750431998,2606191.0
SWBBL,2026-07-09,670.0,690.0,655.0,669.9,-2.05,43664.0,28825153.0,0.007368421052631469,0.007341406858367635,704.98,713.2149999999999,701.9480157658783,713.7179538503772,41.45159246161965,-11.769938084498904,-7.840405886419644,34.56873739835454,713.2149999999999,32.36156386528317,777.9381277305663,648.4918722694335,2649855.0
SWBBL,2026-07-10,680.0,681.9,652.0,671.3,0.21,19495.0,12870059.5,0.002089864158829613,0.002087683430483895,677.24,710.03,697.2329364172815,710.5758831947937,41.7654347927308,-13.342946777512225,-8.94091406463816,34.235256155614934,710.03,33.227716712288945,776.4854334245779,643.5745665754221,2669350.0
SWBBL,2026-07-13,662.1,666.0,655.0,660.0,-1.68,9075.0,6000240.9,-0.016833010576493335,-0.016976295924234577,670.8399999999999,706.28,691.5047923530843,706.829521476661,39.90604593841718,-15.324729123576617,-10.217677076425852,32.95416643021386,706.28,34.47027094417491,775.2205418883498,637.3394581116502,2660275.0
SWBBL,2026-07-14,655.4,664.7,630.5,630.5,-4.47,140967.0,91154436.7,-0.04469696969696968,-0.045726679615496965,659.3399999999999,701.105,682.119439683379,701.1754828487601,35.46685203500316,-19.056043165381084,-11.9853502942169,33.04315454234145,701.105,37.706895572319,776.518791144638,625.691208855362,2519308.0
SWBBL,2026-07-15,643.0,659.5,642.0,650.0,3.09,12841.0,8387915.8,0.030927835051546282,0.03045920748470844,656.3399999999999,696.605,677.1779874243977,697.3847063414446,40.202159633808165,-20.206718917046942,-13.62962401878291,32.75435778931706,696.605,38.188100585567696,772.9812011711354,620.2287988288647,2532149.0
SWBBL,2026-07-16,651.0,668.0,642.1,643.0,-1.08,53284.0,34381157.9,-0.010769230769230753,-0.010827638652063392,650.9599999999999,691.73,671.9198355129519,693.3562095754118,39.09320263202946,-21.43637406245989,-15.190974027518308,32.26476080436584,691.73,38.511585406784484,768.753170813569,614.706829186431,2478865.0
SWBBL,2026-07-17,655.0,680.0,655.0,677.0,5.29,9522.0,6389334.9,0.05287713841368591,0.05152654867465566,652.1,689.03,672.7013992801901,692.1446384957517,46.77320262513892,-19.44323921556156,-16.04142706512696,32.60299217548257,689.03,37.492976184556035,764.015952369112,614.0440476308879,2488387.0
SWBBL,2026-07-20,688.0,688.0,677.8,682.9,0.87,18663.0,12691508.6,0.008714918759231916,0.008677163054768589,656.6800000000001,687.675,674.2704147755455,691.4598504590293,47.998576084172676,-17.189435683483794,-16.271028788798326,31.059921305805243,687.675,37.183653383781234,762.0423067675624,613.3076932324375,2507050.0
SWBBL,2026-07-21,690.0,702.8,681.0,688.0,0.75,23136.0,16037707.6,0.007468150534485352,0.0074404019663001555,668.1800000000001,686.775,676.3826586562308,691.203565239842,49.08963251516637,-14.82090658361119,-15.9810043477609,30.39849835539058,686.775,36.93376539609283,760.6425307921857,612.9074692078143,2530186.0
SWBBL,2026-07-22,694.0,696.0,681.2,690.0,0.29,17605.0,12105923.3,0.0029069767441860517,0.00290275965796141,676.1800000000001,686.225,678.4776342475799,691.1144122591129,49.5367806605186,-12.63677801153301,-15.312159080515324,29.284319901434106,686.225,36.79241733974619,759.8098346794924,612.6401653205077,2547791.0
SWBBL,2026-07-23,676.0,694.0,676.0,693.0,0.43,65300.0,44765353.8,0.004347826086956497,0.004338401598598141,686.1800000000001,685.975,680.7118443633368,691.2540854251046,50.24273665522006,-10.542241061767754,-14.35817547676581,28.47829705133167,685.975,36.72512226366317,759.4252445273264,612.5247554726736,2613091.0
SWBBL,2026-07-24,658.4,703.0,658.4,693.0,0.0,13156.0,9136402.4,0.0,0.0,689.38,685.74,682.6023298459004,691.3834124306525,50.24273665496773,-8.781082584752085,-13.242756898363066,29.629847261950836,685.74,36.661128130587144,759.0622562611743,612.4177437388257,2613091.0
SWBBL,2026-07-27,675.0,694.0,675.0,689.0,-0.58,8391.0,5772629.0,-0.005772005772005762,-0.005788728176244652,690.6,685.0899999999999,683.5865867926849,691.2068633617152,49.178864893927674,-7.620276569030352,-12.118260832496524,28.87057245752578,685.0899999999999,36.472425056356634,758.0348501127132,612.1451498872866,2604700.0
SWBBL,2026-07-28,668.5,695.0,668.5,688.0,-0.15,17148.0,11786307.4,-0.0014513788098693414,-0.0014524330803148745,690.6,684.6,684.2655734399641,690.9693179275141,48.90009211515771,-6.703744487550011,-11.035357563507223,28.701245853416793,684.6,36.35833358489506,757.3166671697901,611.88333283021,2587552.0
SWBBL,2026-07-29,669.2,691.0,669.2,680.0,-1.16,3942.0,2690179.3,-0.011627906976744207,-0.011696039763191298,688.6,684.39,683.6093313722773,690.1567758588093,46.62316921524621,-6.547444486531958,-10.13777494811217,28.208299721029878,684.39,36.37289187259895,757.1357837451978,611.6442162548021,2583610.0
SWBBL,2026-07-30,685.0,685.0,671.1,673.0,-1.03,4763.0,3237387.0,-0.010294117647058787,-0.010347468525424541,684.6,681.6800000000001,681.9771265457731,688.8859035729715,44.66349409132318,-6.9087770271984255,-9.491975363929422,27.186278312384886,681.6800000000001,35.00895524557041,751.6979104911409,611.6620895088593,2578847.0
SWBBL,2026-07-31,683.0,684.0,673.0,681.9,1.32,3994.0,2710374.3,0.013224368499257011,0.013137689881879362,682.38,675.275,681.9652609233465,688.3684292342328,47.67489807910904,-6.403168310886372,-8.874213953320812,26.030115575785967,675.275,17.771143819395302,710.8172876387906,639.7327123612093,2582841.0
SWBBL,2026-08-01,740.0,743.0,734.6,740.0,0.54,9578.0,7078290.4,0.08520310896025807,0.08176716667160819,692.58,677.675,690.8936823197547,692.192990031697,62.15415570306278,-1.2993077119423333,-7.359232705045116,28.53510732037269,677.675,22.70503943637803,723.085078872756,632.264921127244,2592419.0
SWBBL,2026-08-02,732.0,785.0,732.0,736.0,-0.54,12341.0,9131978.1,-0.00540540540540535,-0.005420067469339145,702.1800000000001,680.075,697.8331158090233,695.4379537330527,60.904602173331384,2.3951620759705747,-5.408353748841979,30.28259965463178,680.075,26.13211122087283,732.3392224417457,627.8107775582544,2580078.0
SWBBL,2026-08-03,682.0,689.9,676.0,685.0,0.45,7632.0,5188606.4,-0.06929347826086951,-0.07181128046665089,703.1800000000001,681.075,695.8587902999427,694.6647719750489,47.729203883457096,1.1940183248938183,-4.087879334094819,32.40527110787237,681.075,25.90657049388794,732.888140987776,629.2618590122241,2572446.0
SWBBL,2026-08-04,727.0,741.6,727.0,740.0,1.76,3559.0,2622425.2,0.08029197080291972,0.07723134793599017,716.58,684.58,702.649745638413,698.0229370139341,58.22484377299067,4.62680862447894,-2.3449417423800676,34.13346602873864,684.58,28.8858297078795,742.3516594157591,626.808340584241,2576005.0
SWBBL,2026-08-05,770.0,770.0,730.1,757.0,-6.54,36770.0,27585277.3,0.02297297297297307,0.022713067239233435,731.6,688.865,711.0113232325033,702.3916083462352,60.842065390271266,8.61971488626807,-0.15201041665044013,34.54536131240017,688.865,32.89097260594712,754.6469452118943,623.0830547881058,2612775.0
SWBBL,2026-08-06,736.5,741.9,736.5,741.9,-0.27,2659.0,1963706.9,-0.019947159841479545,-0.020148790241968584,731.9799999999999,692.9599999999999,715.7634273505797,705.3181558761437,57.40203398909702,10.445271474436026,1.9674459615668531,33.5421212186573,692.9599999999999,34.181133608389295,761.3222672167785,624.5977327832213,2610116.0
SWBBL,2026-08-07,680.0,685.0,670.0,683.9,-0.6,11096.0,7512119.6,-0.07817765197465965,-0.08140275509142984,721.56,695.63,710.8613616043367,703.7316258112442,46.52154695709877,7.12973579309255,2.999903927871993,36.28196970303892,695.63,30.981235407680074,757.5924708153601,633.6675291846399,2599020.0
SWBBL,2026-08-10,672.5,672.5,656.0,670.0,0.75,8339.0,5512997.9,-0.02032460886094456,-0.020533995719038595,718.56,696.63,704.5749982805926,701.2329868622631,44.35182521300458,3.3420114183294345,3.068325425963481,35.68325758139328,696.63,29.72833310986901,756.086666219738,637.1733337802619,2590681.0
SWBBL,2026-08-11,672.0,679.9,661.0,670.0,0.0,7694.0,5115709.0,0.0,0.0,704.56,697.98,699.255767775886,698.9194322798734,44.35182521284432,0.33633549601267987,2.521927439973321,34.48445346843662,697.98,27.70923463807961,753.3984692761593,642.5615307238407,2590681.0
SWBBL,2026-08-12,701.0,701.0,662.0,676.0,0.9,1383.0,925694.2,0.008955223880596996,0.008915363657952329,688.3599999999999,697.9300000000001,695.6779573488267,697.2216965554383,45.62147268475693,-1.5437392066115763,1.7087941106563416,34.806992506405436,697.9300000000001,27.749956851872465,753.429913703745,642.4300862962551,2592064.0
SWBBL,2026-08-13,663.0,678.7,663.0,672.0,-0.59,3419.0,2285369.4,-0.00591715976331364,-0.005934735519814578,674.3799999999999,697.385,692.0351946797764,695.3534227365169,44.886216556909005,-3.3182280567405087,0.7033896771769717,33.44220732737648,697.385,28.16461525832041,753.7142305166408,641.0557694833592,2588645.0
SWBBL,2026-08-14,690.0,690.0,669.0,674.2,0.33,3891.0,2611592.9,0.003273809523809623,0.003268462276810907,672.44,696.6949999999999,689.2913185751954,693.7865025338119,45.40735232562642,-4.495183958616508,-0.3363250499817243,32.553478232563876,696.6949999999999,28.572723006700798,753.8404460134016,639.5495539865983,2592536.0
SWBBL,2026-08-17,674.2,684.0,665.1,675.0,0.12,6584.0,4437514.5,0.0011865915158706386,0.001185888072569449,673.44,695.9449999999999,687.0926541790114,692.3949097535295,45.608757963030584,-5.302255574518085,-1.3295111548889966,31.578229787380742,695.9449999999999,28.952056104001358,753.8491122080027,638.0408877919972,2599120.0
SWBBL,2026-08-18,672.0,675.0,665.0,674.8,-0.03,17952.0,12021789.0,-0.00029629629629635,-0.00029634020071664174,674.4,695.0350000000001,685.2014766130096,691.09158310512,45.563501641362045,-5.8901064921103625,-2.24163022233327,30.036927659710692,695.0350000000001,29.333011312329653,753.7010226246593,636.3689773753408,2581168.0
SWBBL,2026-08-19,675.0,675.0,667.0,667.0,-1.16,15528.0,10383246.9,-0.011558980438648447,-0.011626304756189476,672.6,693.735,682.4012494417774,689.3070213936296,43.74059276537086,-6.905771951852216,-3.174458568237059,28.46286139830279,693.735,29.99658357769255,753.7281671553851,633.7418328446149,2565640.0
SWBBL,2026-08-20,670.0,674.0,665.6,672.4,0.81,4896.0,3283795.1,0.008095952023988051,0.00806335561883687,672.6800000000001,692.905,680.8625956815039,688.0546494385459,45.3701212028731,-7.192053757042004,-3.9779776059980483,27.02979986985259,692.905,30.361930370238227,753.6288607404764,632.1811392595235,2570536.0
SWBBL,2026-08-21,673.0,677.0,667.0,672.9,0.07,8320.0,5569887.1,0.0007436049970255265,0.000743328659811729,672.42,692.15,679.6375809612725,686.9320828134684,45.52744898969949,-7.294501852195822,-4.6412824552376035,25.81338559343455,692.15,30.676435324663476,753.502870649327,630.797129350673,2578856.0
SWBBL,2026-08-24,672.9,674.0,664.1,667.5,-0.8,11196.0,7453992.5,-0.00802496656263929,-0.008057339919867698,670.92,691.525,677.7702608133845,685.4926692717299,44.0519175955748,-7.722408458345399,-5.257507655859163,24.676715193903508,691.525,31.06192245070379,753.6488449014075,629.4011550985924,2567660.0
SWBBL,2026-08-25,666.0,670.5,665.0,670.5,0.45,3659.0,2439337.0,0.004494382022471877,0.004484312447328586,670.0600000000001,691.4,676.6517591497869,684.3821011775277,45.11613895683271,-7.7303420277407895,-5.752074530235488,23.3069498229104,691.4,31.14531307168927,753.6906261433785,629.1093738566215,2571319.0
SWBBL,2026-08-26,664.0,668.0,660.5,667.0,-0.52,5761.0,3817145.0,-0.00521998508575694,-0.005233656806109538,670.0600000000001,690.655,675.1668731267428,683.0945381273405,44.06307904357447,-7.927665000597699,-6.18719262430793,22.35645340698823,690.655,31.5599592257904,753.7749184515808,627.5350815484192,2565558.0
SWBBL,2026-08-27,690.0,690.0,655.0,668.0,0.15,4617.0,3044947.7,0.0014992503748125774,0.0014981276210219918,669.1800000000001,687.0550000000001,674.06427726109,681.976424191982,44.46194635828861,-7.91214693089205,-6.5321834856247545,23.259563877917643,687.0550000000001,29.6858193156073,746.4266386312147,627.6833613687854,2570175.0
SWBBL,2026-08-31,658.1,668.0,650.3,663.9,-0.61,4323.0,2868848.5,-0.006137724550898227,-0.006156637811532084,667.3799999999999,683.45,672.5005422978454,680.6374298073907,43.10480793241259,-8.136887509545318,-6.853124290408868,22.8624521723521,683.45,27.743496156131204,738.9369923122624,627.9630076877377,2565852.0
SWBBL,2026-09-02,747.0,747.0,730.0,736.0,0.0,12456.0,9138669.3,0.10860069287543306,0.10309858300376258,681.0799999999999,686.0,682.2696896366384,684.7383609327692,63.94608108957377,-2.468671296130765,-5.976233691553248,27.165134160041237,686.0,30.134243504637674,746.2684870092753,625.7315129907247,2578308.0
SWBBL,2026-09-03,761.0,792.0,761.0,792.0,6.04,303.0,232720.0,0.07608695652173902,0.07333127308554951,705.3799999999999,688.6,699.1512758463863,692.6836675303418,72.40204358303916,6.467608316044448,-3.4874652900337093,29.224767434324008,688.6,36.59032083714449,761.780641674289,615.4193583257111,2578611.0
SWBBL,2026-09-04,735.0,757.8,735.0,757.0,2.3,8723.0,6555666.9,-0.04419191919191923,-0.045198138376977115,723.3799999999999,688.6,708.0510795623269,697.447840305872,62.5308512873412,10.603239256454913,-0.669324380735985,31.208712617586578,688.6,36.59032083714449,761.780641674289,615.4193583257111,2569888.0
SWBBL,2026-09-06,738.0,740.0,735.0,740.0,-0.26,6079.0,4477456.9,-0.022457067371202122,-0.02271306723923335,737.78,688.505,712.9662980911996,700.5998521350666,58.36828394013116,12.36644595613302,1.9378296866378162,30.55094743061611,688.505,36.44683908057285,761.3986781611457,615.6113218388543,2563809.0
